"ARTH","extinct_level_A_run1","animal_abundance_run1","sum_extract_run1","extinct_level_A_run2","animal_abundance_run2","sum_extract_run2","source_dataframe","version"
"Anthophora",1,2.18035278011723e-05,1.30079090600704e-06,1,2.18115099663847e-05,1.23987053274524e-06,"A_Aikawa_2022_summer_version1","1"
"apine_bee",1,0,1.30079090600704e-06,0,0.517758376695103,1.23987053274524e-06,"A_Aikawa_2022_summer_version1","1"
"APME",1,0,1.30079090600704e-06,0,0.465037114599271,1.23987053274524e-06,"A_Aikawa_2022_summer_version1","1"
"black_oviwasp",1,0,0.000200009633152583,0,0.478785069952153,0.000206532511366127,"A_Aikawa_2022_summer_version1","1"
"BOCA",1,0,1.30079090600704e-06,0,0.540670685838289,1.23987053274524e-06,"A_Aikawa_2022_summer_version1","1"
"BOVO",0,0.00292683585943704,0.00125002632178369,1,0,0.00135510448174584,"A_Aikawa_2022_summer_version1","1"
"CEPU",1,0,3.47243364510341e-05,0,0.509171444018917,3.68893136381034e-05,"A_Aikawa_2022_summer_version1","1"
"clepatha",1,0,1.30079090600704e-06,0,0.544459625936327,1.23987053274524e-06,"A_Aikawa_2022_summer_version1","1"
"COEU",0,0.00344924703153256,0.00125002632178369,0,0.0010833906884096,0.00135510448174584,"A_Aikawa_2022_summer_version1","1"
"DAPL",1,0,1.30079090600704e-06,0,0.506810920106625,1.23987053274524e-06,"A_Aikawa_2022_summer_version1","1"
"delta_moth",1,0,3.47243364510341e-05,0,0.471134232041023,3.68893136381034e-05,"A_Aikawa_2022_summer_version1","1"
"DIDU",0,0.00101479280007555,0.00125008492657203,0,0.341149673171392,0.00369458111690308,"A_Aikawa_2022_summer_version1","1"
"duskywing",1,0,4.32546730436437e-06,0,0.50821170730433,4.47253391635589e-06,"A_Aikawa_2022_summer_version1","1"
"ERST",1,0,3.22648560764774e-06,0,0.51416466388114,3.35523586299984e-06,"A_Aikawa_2022_summer_version1","1"
"Geron",1,0,3.22648560764774e-06,0,0.465505850322314,3.35523586299984e-06,"A_Aikawa_2022_summer_version1","1"
"goldbomb",1,0,2.60158181201408e-06,0,0.45682636713927,2.47974106549048e-06,"A_Aikawa_2022_summer_version1","1"
"HALI",1,0,5.66920662963938e-06,0,0.480752509707004,5.2297126815958e-06,"A_Aikawa_2022_summer_version1","1"
"HALI_LATI",1,0,2.60158181201408e-06,0,0.507430645617391,2.47974106549048e-06,"A_Aikawa_2022_summer_version1","1"
"HATR",1,0,2.60158181201408e-06,0,0.486860891495301,2.47974106549048e-06,"A_Aikawa_2022_summer_version1","1"
"HEER",1,0,2.60158181201408e-06,0,0.471003361521756,2.47974106549048e-06,"A_Aikawa_2022_summer_version1","1"
"HETH",0,0.0020754422822518,0.00124996412960231,1,0,0.000678172176139293,"A_Aikawa_2022_summer_version1","1"
"ICAC",1,0,0.000165930548269966,0,0.525695039134331,0.000103886190949436,"A_Aikawa_2022_summer_version1","1"
"JUCO",0,0.00208930096478266,0.00124994742445006,1,0,0.000695996897691973,"A_Aikawa_2022_summer_version1","1"
"kleptobee",1,0,8.50380994445907e-06,0,0.477534780710719,7.8445690223937e-06,"A_Aikawa_2022_summer_version1","1"
"LAIN",1,0,3.90237271802111e-06,0,0.527059405053528,3.71961159823573e-06,"A_Aikawa_2022_summer_version1","1"
"large_black_beetle",1,0,3.90237271802111e-06,0,0.487420734640872,3.71961159823573e-06,"A_Aikawa_2022_summer_version1","1"
"LATI",1,0,0.000129593252503294,0,0.480287109143234,0.000234153843979227,"A_Aikawa_2022_summer_version1","1"
"MEGA",0,0.00159650448238722,0.00124811906816142,1,0,0.000428264998892115,"A_Aikawa_2022_summer_version1","1"
"MELU",1,0,0.000115677300584659,0,0.546725306611846,0.000134634083527264,"A_Aikawa_2022_summer_version1","1"
"pink_brown_moth",1,0,9.46851543326301e-05,0,0.512228225293676,0.000151339746138347,"A_Aikawa_2022_summer_version1","1"
"small_black_oviwasp",1,0,1.04063272480563e-05,0,0.519782510804843,9.91896426196194e-06,"A_Aikawa_2022_summer_version1","1"
"small_halictid",0,65.647646078893,0.00250016985278829,0,0.625628153791629,0.00202355370136225,"A_Aikawa_2022_summer_version1","1"
"small_sab_syr",0,0.0168308399352926,0.000243070313759148,0,0.00383121372070126,0.000251763609954149,"A_Aikawa_2022_summer_version1","1"
"STME",1,0,1.00247212016038e-05,0,0.501600913075544,9.31380533467238e-06,"A_Aikawa_2022_summer_version1","1"
"unkfly2",1,0,2.21700006289045e-05,0,0.506546060674147,1.92968475068843e-05,"A_Aikawa_2022_summer_version1","1"
"Villa",0,0.572951864167022,0.000801323981918074,0,140.331267385089,0.00165696520390127,"A_Aikawa_2022_summer_version1","1"
"XECA",0,159.941741143909,0.00100165274948879,0,5.2610586451615,0.000769034123137117,"A_Aikawa_2022_summer_version1","1"
"XylocopaSp_",0,9587.07872288387,0.00019481732744178,0,9616.52313955029,0.000215969682861124,"A_Aikawa_2022_summer_version1","1"
"Anthophora",1,2.17568357759033e-05,0,1,2.18813485698139e-05,0,"A_Aikawa_2022_summer_version2","2"
"apine_bee",1,0,1.30079142628202e-06,0,0.517758376695103,1.24514947561897e-06,"A_Aikawa_2022_summer_version2","2"
"APME",1,0,1.30079142628202e-06,0,0.465037114599271,1.24514947561897e-06,"A_Aikawa_2022_summer_version2","2"
"black_oviwasp",1,0,1.30079142628202e-06,0,0.478785069952153,1.24514947561897e-06,"A_Aikawa_2022_summer_version2","2"
"BOCA",1,0,1.30079142628202e-06,0,0.540670685838289,1.24514947561897e-06,"A_Aikawa_2022_summer_version2","2"
"BOVO",0,0.00293305454348204,0.001250166013141,1,0,0.00129121858461111,"A_Aikawa_2022_summer_version2","2"
"CEPU",1,0,3.47244161877295e-05,0,0.509171444018917,3.70465247061511e-05,"A_Aikawa_2022_summer_version2","2"
"clepatha",1,0,1.30079142628202e-06,0,0.544459625936327,1.24514947561897e-06,"A_Aikawa_2022_summer_version2","2"
"COEU",1,0,1.30079142628202e-06,0,0.532933111853401,1.24514947561897e-06,"A_Aikawa_2022_summer_version2","2"
"DAPL",0,0.00328714854434881,0.001250166013141,1,0,0.00129121858461111,"A_Aikawa_2022_summer_version2","2"
"delta_moth",1,0,1.30079142628202e-06,0,0.471134232041023,1.24514947561897e-06,"A_Aikawa_2022_summer_version2","2"
"DIDU",1,0,3.47244161877295e-05,0,0.453037913471012,3.70465247061511e-05,"A_Aikawa_2022_summer_version2","2"
"duskywing",0,0.00116097444243788,0.00125008782839214,0,0.344230348689424,0.00365289882144418,"A_Aikawa_2022_summer_version2","2"
"ERST",1,0,4.32546903518865e-06,0,0.51416466388114,4.49161859385748e-06,"A_Aikawa_2022_summer_version2","2"
"Geron",1,0,3.22660174588595e-06,0,0.465505850322314,3.36954584522063e-06,"A_Aikawa_2022_summer_version2","2"
"goldbomb",1,0,3.22660174588595e-06,0,0.45682636713927,3.36954584522063e-06,"A_Aikawa_2022_summer_version2","2"
"HALI",1,0,2.60158285256403e-06,0,0.480752509707004,2.49029895123795e-06,"A_Aikawa_2022_summer_version2","2"
"HALI_LATI",1,0,5.66920889852697e-06,0,0.507430645617391,5.25200007719498e-06,"A_Aikawa_2022_summer_version2","2"
"HATR",1,0,2.60158285256403e-06,0,0.486860891495301,2.49029895123795e-06,"A_Aikawa_2022_summer_version2","2"
"HEER",1,0,2.60158285256403e-06,0,0.471003361521756,2.49029895123795e-06,"A_Aikawa_2022_summer_version2","2"
"HETH",1,0,2.60158285256403e-06,0,0.453497096152742,2.49029895123795e-06,"A_Aikawa_2022_summer_version2","2"
"ICAC",0,0.00241098092920284,0.00125010409656529,1,0,0.000646231867043364,"A_Aikawa_2022_summer_version2","2"
"JUCO",0,0.0020937524198883,0.00125008743183369,1,0,0.00066413255465863,"A_Aikawa_2022_summer_version2","2"
"kleptobee",1,0,8.50381334779046e-06,0,0.477534780710719,7.87800011579248e-06,"A_Aikawa_2022_summer_version2","2"
"LAIN",1,0,3.90237427884605e-06,0,0.527059405053528,3.73544842685692e-06,"A_Aikawa_2022_summer_version2","2"
"large_black_beetle",1,0,3.90237427884605e-06,0,0.487420734640872,3.73544842685692e-06,"A_Aikawa_2022_summer_version2","2"
"LATI",1,0,0.000129778712791218,0,0.480287109143234,0.000235097734832687,"A_Aikawa_2022_summer_version2","2"
"MEGA",1,0,0.000104173248563188,0,0.485443370340133,0.000111139574118453,"A_Aikawa_2022_summer_version2","2"
"MELU",0,0.00178908828458788,0.00124808569667578,1,0,0.000394039945158672,"A_Aikawa_2022_summer_version2","2"
"pink_brown_moth",1,0,9.48571212214814e-05,0,0.512228225293676,0.000151952357721991,"A_Aikawa_2022_summer_version2","2"
"small_black_oviwasp",0,0.0203528534033945,0.000243070913314106,0,0.00806605590313838,0.000259325672943058,"A_Aikawa_2022_summer_version2","2"
"small_halictid",1,0,1.04063314102561e-05,0,0.484659096987294,9.96119580495179e-06,"A_Aikawa_2022_summer_version2","2"
"small_sab_syr",0,67.9862253033375,0.0025001756564903,0,0.517821594348591,0.00198543864546401,"A_Aikawa_2022_summer_version2","2"
"STME",1,0,1.00251436255367e-05,0,0.501600913075544,9.35346500371909e-06,"A_Aikawa_2022_summer_version2","2"
"unkfly2",1,0,2.21712867215299e-05,0,0.506546060674147,1.93790869298942e-05,"A_Aikawa_2022_summer_version2","2"
"Villa",0,0.592610685545382,0.000801299515655124,0,147.235342612602,0.00164360551481485,"A_Aikawa_2022_summer_version2","2"
"XECA",0,168.619926693249,0.00100162232235617,0,5.6913661659959,0.000772135411749674,"A_Aikawa_2022_summer_version2","2"
"XylocopaSp_",0,9933.84809970825,0.000179152149893088,0,9939.54588649044,0.000187992092768718,"A_Aikawa_2022_summer_version2","2"
"Anthophora",1,2.17042174522205e-05,0,1,2.16689991433641e-05,0,"A_Aikawa_2022_summer_version3","3"
"apine_bee",1,0,0,0,0.517758376695103,0,"A_Aikawa_2022_summer_version3","3"
"APME",1,0,0,0,0.465037114599271,0,"A_Aikawa_2022_summer_version3","3"
"black_oviwasp",1,0,0,0,0.478785069952153,0,"A_Aikawa_2022_summer_version3","3"
"BOCA",1,0,0,0,0.540670685838289,0,"A_Aikawa_2022_summer_version3","3"
"BOVO",1,0,0,0,0.452216884122331,0,"A_Aikawa_2022_summer_version3","3"
"CEPU",1,0,0,0,0.509171444018917,0,"A_Aikawa_2022_summer_version3","3"
"clepatha",1,0,0,0,0.544459625936327,0,"A_Aikawa_2022_summer_version3","3"
"COEU",1,0,0,0,0.532933111853401,0,"A_Aikawa_2022_summer_version3","3"
"DAPL",1,0,0,0,0.506810920106625,0,"A_Aikawa_2022_summer_version3","3"
"delta_moth",1,0,0,0,0.471134232041023,0,"A_Aikawa_2022_summer_version3","3"
"DIDU",1,0,0,0,0.453037913471012,0,"A_Aikawa_2022_summer_version3","3"
"duskywing",1,0,0,0,0.50821170730433,0,"A_Aikawa_2022_summer_version3","3"
"ERST",1,0,0,0,0.51416466388114,0,"A_Aikawa_2022_summer_version3","3"
"Geron",1,0,0,0,0.465505850322314,0,"A_Aikawa_2022_summer_version3","3"
"goldbomb",1,0,0,0,0.45682636713927,0,"A_Aikawa_2022_summer_version3","3"
"HALI",1,0,0,0,0.480752509707004,0,"A_Aikawa_2022_summer_version3","3"
"HALI_LATI",1,0,0,0,0.507430645617391,0,"A_Aikawa_2022_summer_version3","3"
"HATR",1,0,0,0,0.486860891495301,0,"A_Aikawa_2022_summer_version3","3"
"HEER",1,0,0,0,0.471003361521756,0,"A_Aikawa_2022_summer_version3","3"
"HETH",1,0,0,0,0.453497096152742,0,"A_Aikawa_2022_summer_version3","3"
"ICAC",1,0,0,0,0.525695039134331,0,"A_Aikawa_2022_summer_version3","3"
"JUCO",1,0,0,0,0.456522730694396,0,"A_Aikawa_2022_summer_version3","3"
"kleptobee",1,0,0,0,0.477534780710719,0,"A_Aikawa_2022_summer_version3","3"
"LAIN",1,0,0,0,0.527059405053528,0,"A_Aikawa_2022_summer_version3","3"
"large_black_beetle",1,0,0,0,0.487420734640872,0,"A_Aikawa_2022_summer_version3","3"
"LATI",1,0,0,0,0.480287109143234,0,"A_Aikawa_2022_summer_version3","3"
"MEGA",1,0,0,0,0.485443370340133,0,"A_Aikawa_2022_summer_version3","3"
"MELU",1,0,0,0,0.546725306611846,0,"A_Aikawa_2022_summer_version3","3"
"pink_brown_moth",1,0,0,0,0.512228225293676,0,"A_Aikawa_2022_summer_version3","3"
"small_black_oviwasp",1,0,0,0,0.519782510804843,0,"A_Aikawa_2022_summer_version3","3"
"small_halictid",1,0,0,0,0.484659096987294,0,"A_Aikawa_2022_summer_version3","3"
"small_sab_syr",1,0,0,0,0.465443065443748,0,"A_Aikawa_2022_summer_version3","3"
"STME",1,0,0,0,0.501600913075544,0,"A_Aikawa_2022_summer_version3","3"
"unkfly2",1,0,0,0,0.506546060674147,0,"A_Aikawa_2022_summer_version3","3"
"Villa",1,0,0,0,0.519641750384887,0,"A_Aikawa_2022_summer_version3","3"
"XECA",1,0,0,0,0.518898718789638,0,"A_Aikawa_2022_summer_version3","3"
"XylocopaSp_",0,36.55613792377,0.00500019492102282,1,0,0,"A_Aikawa_2022_summer_version3","3"
"ADEL",0,28.3524647819204,0.00500023044432789,0,12.2900569074469,0.00497404124276779,"A_aikawa_2022_version1","1"
"ADFL",1,2.44922009375113e-05,9.45236751803017e-06,1,2.48699065475474e-05,1.32771388428066e-05,"A_aikawa_2022_version1","1"
"ADTR",1,0,9.45236751803017e-06,0,0.517868960261284,1.32771388428066e-05,"A_aikawa_2022_version1","1"
"ANBA",1,0,9.45236751803017e-06,0,0.523615111398331,1.32771388428066e-05,"A_aikawa_2022_version1","1"
"ANCA",1,0,9.45236751803017e-06,0,0.49917727175596,1.32771388428066e-05,"A_aikawa_2022_version1","1"
"ANDI",1,0,0.000312516605176063,0,0.472406402426961,0.000889825521646296,"A_aikawa_2022_version1","1"
"andrena",1,0,9.45236751803017e-06,0,0.534405589934627,1.32771388428066e-05,"A_aikawa_2022_version1","1"
"Andrena",1,0,6.11304511152557e-08,0,0.454750031281612,6.10376036985789e-08,"A_aikawa_2022_version1","1"
"ANLE",1,0,6.11304511152557e-08,0,0.483775750051148,6.10376036985789e-08,"A_aikawa_2022_version1","1"
"ANPL",0,31.0767990986535,0.00500023269922785,0,34.3598328714763,0.005000398275341,"A_aikawa_2022_version1","1"
"ANTH_FLY",1,0,6.11304511152557e-08,0,0.455859827765198,6.10376036985789e-08,"A_aikawa_2022_version1","1"
"Anth_Syr",1,0,6.11304511152557e-08,0,0.536125249688572,6.10376036985789e-08,"A_aikawa_2022_version1","1"
"Anthphora",1,0,6.11304511152557e-08,0,0.457071515827939,6.10376036985789e-08,"A_aikawa_2022_version1","1"
"APME",1,0,5.2031492667182e-06,0,0.500966520165543,5.48997123952765e-06,"A_aikawa_2022_version1","1"
"APME_SYR",1,0,5.2031492667182e-06,0,0.544304422286481,5.48997123952765e-06,"A_aikawa_2022_version1","1"
"beetle_1",1,0,9.45236751803017e-06,0,0.524425368883845,1.32771388428066e-05,"A_aikawa_2022_version1","1"
"Beetle_1",1,0,3.47241340395589e-05,0,0.517174830784637,4.8121987022971e-05,"A_aikawa_2022_version1","1"
"big_yellow_wasp",1,0,6.11304511152557e-08,0,0.457380997392992,6.10376036985789e-08,"A_aikawa_2022_version1","1"
"black_white_moth",1,0,9.45236751803017e-06,0,0.502423184016917,1.32771388428066e-05,"A_aikawa_2022_version1","1"
"blk_moth",1,0,0.000555581259544334,0,0.526453772315967,0.000536447834735487,"A_aikawa_2022_version1","1"
"BOCA",0,17.1437682812205,0.00500022621586172,0,27.2441001573337,0.00499917637394383,"A_aikawa_2022_version1","1"
"BOCR",1,0,5.2031492667182e-06,0,0.521942025875646,5.48997123952765e-06,"A_aikawa_2022_version1","1"
"BOED",1,0,0.000312516605176063,0,0.479628891977309,0.000889825521646296,"A_aikawa_2022_version1","1"
"BOMA",1,0,9.45236751803017e-06,0,0.522787462627882,1.32771388428066e-05,"A_aikawa_2022_version1","1"
"Bombus",1,0,3.47241340395589e-05,0,0.488884386810886,4.8121987022971e-05,"A_aikawa_2022_version1","1"
"BOVO",1,0,5.2031492667182e-06,0,0.479889130559698,5.48997123952765e-06,"A_aikawa_2022_version1","1"
"brown_moth",1,0,9.45236751803017e-06,0,0.496617316848886,1.32771388428066e-05,"A_aikawa_2022_version1","1"
"buckeye",1,0,6.11304511152557e-08,0,0.547244279225005,6.10376036985789e-08,"A_aikawa_2022_version1","1"
"Buckeye",0,18.4869145778126,0.00500023074374389,0,2.10656148115494,0.00457802546035036,"A_aikawa_2022_version1","1"
"by_SYR",1,0,6.11304511152557e-08,0,0.537908805062952,6.10376036985789e-08,"A_aikawa_2022_version1","1"
"clark_sphinx",1,0,3.47241340395589e-05,0,0.533286693032499,4.8121987022971e-05,"A_aikawa_2022_version1","1"
"click_beetle",1,0,1.22260902230511e-07,0,0.549449797207233,1.22075207397158e-07,"A_aikawa_2022_version1","1"
"Colias",0,23.1280217029198,0.00500023391325012,0,1.52981416182746,0.00422500516424359,"A_aikawa_2022_version1","1"
"Cone_Bomb",1,0,1.04062985334364e-05,0,0.479112759711739,1.09799424790553e-05,"A_aikawa_2022_version1","1"
"dark_Andrena",0,25.9039617030261,0.00500023066355506,0,14.9320765297674,0.00502584067968373,"A_aikawa_2022_version1","1"
"dark_green_andrena",1,0,1.89047350360603e-05,0,0.498650650609588,2.65542776856133e-05,"A_aikawa_2022_version1","1"
"dark_green_Andrena",1,0,1.22260902230511e-07,0,0.521484795339166,1.22075207397158e-07,"A_aikawa_2022_version1","1"
"DINI",1,0,1.04062985334364e-05,0,0.494955265356673,1.09799424790553e-05,"A_aikawa_2022_version1","1"
"eristalis",0,55.303374766226,0.00250011385424318,0,45.6410683702108,0.00249916660278986,"A_aikawa_2022_version1","1"
"eristolis",1,0,1.83391353345767e-07,0,0.525487162440776,1.83112811095737e-07,"A_aikawa_2022_version1","1"
"EUAC",1,0,0.000542030082250405,0,0.462739142129542,0.000178897328383427,"A_aikawa_2022_version1","1"
"EUAL",1,0,1.49956793763171e-05,0,0.456761771210824,1.95328422035847e-05,"A_aikawa_2022_version1","1"
"Gold_Bomb",0,48.5062546473842,0.00500023633789953,0,29.0146106477376,0.00499288861418048,"A_aikawa_2022_version1","1"
"GOLD_BOMB",1,0,2.44521804461023e-07,0,0.456458550182385,2.44150414794316e-07,"A_aikawa_2022_version1","1"
"gray_lep",1,0,0.000500446556963096,0,0.498852915339569,0.000194690507476317,"A_aikawa_2022_version1","1"
"Gray_Lep",1,0,2.08125970668728e-05,0,0.520948112137126,2.19598849581106e-05,"A_aikawa_2022_version1","1"
"green_cuckoo_bee",1,0,0.000138896536158236,0,0.474920688674283,0.000192487948091884,"A_aikawa_2022_version1","1"
"greenish_andrena",1,0,0.000138896536158236,0,0.492014548667713,0.000192487948091884,"A_aikawa_2022_version1","1"
"greenish_Andrena",1,0,0.000173620670197794,0,0.488519458257835,0.000240609935114855,"A_aikawa_2022_version1","1"
"HETH",1,0,4.4331916470574e-05,0,0.546534939434628,5.29120281527786e-05,"A_aikawa_2022_version1","1"
"lh_andrena",0,59.241727755739,0.00261339095235753,0,68.9335052128684,0.00315572583623956,"A_aikawa_2022_version1","1"
"muscid",1,0,0.000371685797190078,0,0.503996587756088,0.000138037643186118,"A_aikawa_2022_version1","1"
"Muscid",0,5.99657051543991,0.00500022621589819,1,0,0.000726751437741581,"A_aikawa_2022_version1","1"
"OSCA",1,0,3.16322385084914e-06,0,0.521551387371286,3.01965483640743e-06,"A_aikawa_2022_version1","1"
"Osmia",0,63.3149831164601,0.00500023796926179,0,87.1954462549103,0.00498233669277406,"A_aikawa_2022_version1","1"
"pink_brown_moth",0,9.29516013961743,0.00500023063419437,1,0,0.000553786871910812,"A_aikawa_2022_version1","1"
"RAB_FLY",0,0.0233708698721307,0.00106358521018471,0,0.0143030707719545,0.000432358008757777,"A_aikawa_2022_version1","1"
"silvery_blue",0,82.4213018281167,0.00344843087027832,0,241.29868888953,0.00308195818628205,"A_aikawa_2022_version1","1"
"skinny_black_bee",0,34.7447774279964,0.00500023595090415,0,39.5821664028495,0.00496229612038769,"A_aikawa_2022_version1","1"
"small_dark_Andrena",0,385.14158475979,0.000418652296289584,0,402.459996712028,0.000990399640774379,"A_aikawa_2022_version1","1"
"UNIN",0,3.34357905026134,0.00500022620654425,1,0,0.00026159591148037,"A_aikawa_2022_version1","1"
"UNK_FLY",0,118.326158684575,0.00125006642070018,0,0.0831180917303055,0.000591743640813641,"A_aikawa_2022_version1","1"
"UNKBEE",0,849.439879118727,0.000520706721444978,0,950.859769648421,0.000529573314174101,"A_aikawa_2022_version1","1"
"UNKSYR",0,62.9678199256545,0.00500023860577723,0,0.00456194741531232,2.83933291201801e-05,"A_aikawa_2022_version1","1"
"wasp_fly",0,8543.39370241492,4.80992967262703e-05,0,9455.47692392452,5.99313053936277e-05,"A_aikawa_2022_version1","1"
"ADEL",1,2.11420644645272e-05,0,1,2.11579008028543e-05,0,"A_aikawa_2022_version2","2"
"ADFL",1,0,0,0,0.523723321768326,0,"A_aikawa_2022_version2","2"
"ADTR",1,0,0,0,0.517868960261284,0,"A_aikawa_2022_version2","2"
"ANBA",1,0,0,0,0.523615111398331,0,"A_aikawa_2022_version2","2"
"ANCA",1,0,0,0,0.49917727175596,0,"A_aikawa_2022_version2","2"
"ANDI",1,0,0,0,0.472406402426961,0,"A_aikawa_2022_version2","2"
"andrena",1,0,0,0,0.534405589934627,0,"A_aikawa_2022_version2","2"
"Andrena",1,0,0,0,0.454750031281612,0,"A_aikawa_2022_version2","2"
"ANLE",0,32.5722560626965,0.00500023178113233,0,9.60610149047237,0.0048972299143461,"A_aikawa_2022_version2","2"
"ANPL",1,0,0,0,0.519031109646443,0,"A_aikawa_2022_version2","2"
"ANTH_FLY",1,0,0,0,0.455859827765198,0,"A_aikawa_2022_version2","2"
"Anth_Syr",1,0,0,0,0.536125249688572,0,"A_aikawa_2022_version2","2"
"Anthphora",1,0,0,0,0.457071515827939,0,"A_aikawa_2022_version2","2"
"APME",1,0,0.000312515527054759,0,0.500966520165543,0.00084556388256107,"A_aikawa_2022_version2","2"
"APME_SYR",1,0,0,0,0.544304422286481,0,"A_aikawa_2022_version2","2"
"beetle_1",1,0,6.11304471321683e-08,0,0.524425368883845,6.14427989838902e-08,"A_aikawa_2022_version2","2"
"Beetle_1",1,0,6.11304471321683e-08,0,0.517174830784637,6.14427989838902e-08,"A_aikawa_2022_version2","2"
"big_yellow_wasp",1,0,0,0,0.457380997392992,0,"A_aikawa_2022_version2","2"
"black_white_moth",1,0,6.11304471321683e-08,0,0.502423184016917,6.14427989838902e-08,"A_aikawa_2022_version2","2"
"blk_moth",1,0,6.11304471321683e-08,0,0.526453772315967,6.14427989838902e-08,"A_aikawa_2022_version2","2"
"BOCA",1,0,6.11304471321683e-08,0,0.508551314453851,6.14427989838902e-08,"A_aikawa_2022_version2","2"
"BOCR",1,0,0,0,0.521942025875646,0,"A_aikawa_2022_version2","2"
"BOED",1,0,3.47241780514808e-05,0,0.479628891977309,4.67879492250651e-05,"A_aikawa_2022_version2","2"
"BOMA",1,0,6.11304471321683e-08,0,0.522787462627882,6.14427989838902e-08,"A_aikawa_2022_version2","2"
"Bombus",1,0,0,0,0.488884386810886,0,"A_aikawa_2022_version2","2"
"BOVO",1,0,0.000555581135048694,0,0.479889130559698,0.000506996286866234,"A_aikawa_2022_version2","2"
"brown_moth",1,0,0.000312515527054759,0,0.496617316848886,0.00084556388256107,"A_aikawa_2022_version2","2"
"buckeye",1,0,0,0,0.547244279225005,0,"A_aikawa_2022_version2","2"
"Buckeye",1,0,3.47241780514808e-05,0,0.534600934658479,4.67879492250651e-05,"A_aikawa_2022_version2","2"
"by_SYR",1,0,0,0,0.537908805062952,0,"A_aikawa_2022_version2","2"
"clark_sphinx",1,0,6.11304471321683e-08,0,0.533286693032499,6.14427989838902e-08,"A_aikawa_2022_version2","2"
"click_beetle",0,23.1707137104058,0.00500023069056165,0,3.16696648594975,0.00477172922839972,"A_aikawa_2022_version2","2"
"Colias",1,0,6.11304471321683e-08,0,0.50274166197178,6.14427989838902e-08,"A_aikawa_2022_version2","2"
"Cone_Bomb",1,0,3.47241780514808e-05,0,0.479112759711739,4.67879492250651e-05,"A_aikawa_2022_version2","2"
"dark_Andrena",1,0,1.22260894264337e-07,0,0.54815247519787,1.2288559796778e-07,"A_aikawa_2022_version2","2"
"dark_green_andrena",0,26.7689558413722,0.00500023360529841,0,12.5495195297461,0.00490908260596959,"A_aikawa_2022_version2","2"
"dark_green_Andrena",0,26.9766795111825,0.0050002307973329,0,6.24138234137881,0.0048165280182469,"A_aikawa_2022_version2","2"
"DINI",1,0,0,0,0.494955265356673,0,"A_aikawa_2022_version2","2"
"eristalis",1,0,1.22260894264337e-07,0,0.513144849596147,1.2288559796778e-07,"A_aikawa_2022_version2","2"
"eristolis",1,0,1.22260894264337e-07,0,0.525487162440776,1.2288559796778e-07,"A_aikawa_2022_version2","2"
"EUAC",0,64.4265013712704,0.00250012239764575,0,45.9964585206343,0.00249799128631578,"A_aikawa_2022_version2","2"
"EUAL",1,0,0,0,0.456761771210824,0,"A_aikawa_2022_version2","2"
"Gold_Bomb",1,0,1.83391341396505e-07,0,0.495088740319521,1.84328396951671e-07,"A_aikawa_2022_version2","2"
"GOLD_BOMB",1,0,0.000542046682466379,0,0.456458550182385,0.000169080686020723,"A_aikawa_2022_version2","2"
"gray_lep",0,49.9657734608124,0.00500023423133032,0,41.1200080886073,0.00500042588798493,"A_aikawa_2022_version2","2"
"Gray_Lep",1,0,2.44521788528673e-07,0,0.520948112137126,2.45771195935561e-07,"A_aikawa_2022_version2","2"
"green_cuckoo_bee",1,0,0.00049087475570236,0,0.474920688674283,0.000905624376944369,"A_aikawa_2022_version2","2"
"greenish_andrena",1,0,0.000138896712205923,0,0.492014548667713,0.00018715179690026,"A_aikawa_2022_version2","2"
"greenish_Andrena",1,0,0.000138896712205923,0,0.488519458257835,0.00018715179690026,"A_aikawa_2022_version2","2"
"HETH",1,0,0.000173620890257404,0,0.546534939434628,0.000233939746125326,"A_aikawa_2022_version2","2"
"lh_andrena",1,0,4.39182298687054e-05,0,0.512727077800188,3.74303593800521e-05,"A_aikawa_2022_version2","2"
"muscid",1,0,3.6678268279301e-07,0,0.503996587756088,3.68656793903341e-07,"A_aikawa_2022_version2","2"
"Muscid",0,67.2604755926542,0.0026009291145857,0,66.7939459023508,0.00304828439041117,"A_aikawa_2022_version2","2"
"OSCA",1,0,0.000483147923481995,0,0.521551387371286,0.000497438888186185,"A_aikawa_2022_version2","2"
"Osmia",0,11.6171980703828,0.00500023085107195,1,0,0.000694694696866954,"A_aikawa_2022_version2","2"
"pink_brown_moth",0,74.0238693786408,0.00500023630001545,0,88.5636921691126,0.00500416861899692,"A_aikawa_2022_version2","2"
"RAB_FLY",0,0.0171751692696959,0.00100826863473297,0,3.35382620310284,0.00145761332584919,"A_aikawa_2022_version2","2"
"silvery_blue",0,131.731406248734,0.00376704332690216,0,267.644778104026,0.00302186769925363,"A_aikawa_2022_version2","2"
"skinny_black_bee",0,16.0776453232475,0.00500023420064909,1,0,0.00129575890706894,"A_aikawa_2022_version2","2"
"small_dark_Andrena",0,149.68951757722,0.00125006210821994,0,2.10681171193108,0.000902430446643612,"A_aikawa_2022_version2","2"
"UNIN",0,451.037567216423,0.000418184987769931,0,521.120214510877,0.0011081765063858,"A_aikawa_2022_version2","2"
"UNK_FLY",1,0,0.00123055431562145,0,0.451348084351676,5.55971286028736e-05,"A_aikawa_2022_version2","2"
"UNKBEE",0,137.519986781644,0.00249153063499088,0,64.2113058812722,0.00329663203957266,"A_aikawa_2022_version2","2"
"UNKSYR",0,66.0351350076821,0.00500023871777624,0,0.0047151184077154,1.55211113665808e-05,"A_aikawa_2022_version2","2"
"wasp_fly",0,8947.63618457156,3.43834620734086e-05,0,8963.15081124171,4.67144616358807e-05,"A_aikawa_2022_version2","2"
"ADEL",1,2.11119692286618e-05,0,1,2.15805726497006e-05,0,"A_aikawa_2022_version3","3"
"ADFL",1,0,0,0,0.523723321768326,0,"A_aikawa_2022_version3","3"
"ADTR",1,0,0,0,0.517868960261284,0,"A_aikawa_2022_version3","3"
"ANBA",1,0,0,0,0.523615111398331,0,"A_aikawa_2022_version3","3"
"ANCA",1,0,0,0,0.49917727175596,0,"A_aikawa_2022_version3","3"
"ANDI",1,0,0,0,0.472406402426961,0,"A_aikawa_2022_version3","3"
"andrena",1,0,0,0,0.534405589934627,0,"A_aikawa_2022_version3","3"
"Andrena",1,0,0,0,0.454750031281612,0,"A_aikawa_2022_version3","3"
"ANLE",1,0,0,0,0.483775750051148,0,"A_aikawa_2022_version3","3"
"ANPL",1,0,9.45238744906286e-06,0,0.519031109646443,1.56167548398141e-05,"A_aikawa_2022_version3","3"
"ANTH_FLY",1,0,9.45238744906286e-06,0,0.455859827765198,1.56167548398141e-05,"A_aikawa_2022_version3","3"
"Anth_Syr",1,0,9.45238744906286e-06,0,0.536125249688572,1.56167548398141e-05,"A_aikawa_2022_version3","3"
"Anthphora",1,0,9.45238744906286e-06,0,0.457071515827939,1.56167548398141e-05,"A_aikawa_2022_version3","3"
"APME",1,0,0,0,0.500966520165543,0,"A_aikawa_2022_version3","3"
"APME_SYR",1,0,9.45238744906286e-06,0,0.544304422286481,1.56167548398141e-05,"A_aikawa_2022_version3","3"
"beetle_1",1,0,0,0,0.524425368883845,0,"A_aikawa_2022_version3","3"
"Beetle_1",1,0,0,0,0.517174830784637,0,"A_aikawa_2022_version3","3"
"big_yellow_wasp",0,34.0933402995785,0.00500031898903866,0,34.0939940089962,0.00500024769866584,"A_aikawa_2022_version3","3"
"black_white_moth",1,0,0,0,0.502423184016917,0,"A_aikawa_2022_version3","3"
"blk_moth",1,0,0,0,0.526453772315967,0,"A_aikawa_2022_version3","3"
"BOCA",1,0,0,0,0.508551314453851,0,"A_aikawa_2022_version3","3"
"BOCR",1,0,9.45238744906286e-06,0,0.521942025875646,1.56167548398141e-05,"A_aikawa_2022_version3","3"
"BOED",1,0,0,0,0.479628891977309,0,"A_aikawa_2022_version3","3"
"BOMA",1,0,0,0,0.522787462627882,0,"A_aikawa_2022_version3","3"
"Bombus",1,0,9.45238744906286e-06,0,0.488884386810886,1.56167548398141e-05,"A_aikawa_2022_version3","3"
"BOVO",1,0,0,0,0.479889130559698,0,"A_aikawa_2022_version3","3"
"brown_moth",1,0,0,0,0.496617316848886,0,"A_aikawa_2022_version3","3"
"buckeye",1,0,9.45238744906286e-06,0,0.547244279225005,1.56167548398141e-05,"A_aikawa_2022_version3","3"
"Buckeye",1,0,0,0,0.534600934658479,0,"A_aikawa_2022_version3","3"
"by_SYR",1,0,9.45238744906286e-06,0,0.537908805062952,1.56167548398141e-05,"A_aikawa_2022_version3","3"
"clark_sphinx",1,0,0,0,0.533286693032499,0,"A_aikawa_2022_version3","3"
"click_beetle",1,0,0,0,0.549449797207233,0,"A_aikawa_2022_version3","3"
"Colias",1,0,0,0,0.50274166197178,0,"A_aikawa_2022_version3","3"
"Cone_Bomb",1,0,0,0,0.479112759711739,0,"A_aikawa_2022_version3","3"
"dark_Andrena",1,0,0,0,0.54815247519787,0,"A_aikawa_2022_version3","3"
"dark_green_andrena",1,0,0,0,0.498650650609588,0,"A_aikawa_2022_version3","3"
"dark_green_Andrena",1,0,0,0,0.521484795339166,0,"A_aikawa_2022_version3","3"
"DINI",1,0,1.89047748981257e-05,0,0.494955265356673,3.12335096796282e-05,"A_aikawa_2022_version3","3"
"eristalis",1,0,0,0,0.513144849596147,0,"A_aikawa_2022_version3","3"
"eristolis",1,0,0,0,0.525487162440776,0,"A_aikawa_2022_version3","3"
"EUAC",1,0,0,0,0.462739142129542,0,"A_aikawa_2022_version3","3"
"EUAL",1,0,1.89047748981257e-05,0,0.456761771210824,3.12335096796282e-05,"A_aikawa_2022_version3","3"
"Gold_Bomb",1,0,0,0,0.495088740319521,0,"A_aikawa_2022_version3","3"
"GOLD_BOMB",1,0,0,0,0.456458550182385,0,"A_aikawa_2022_version3","3"
"gray_lep",1,0,0,0,0.498852915339569,0,"A_aikawa_2022_version3","3"
"Gray_Lep",1,0,0,0,0.520948112137126,0,"A_aikawa_2022_version3","3"
"green_cuckoo_bee",1,0,0,0,0.474920688674283,0,"A_aikawa_2022_version3","3"
"greenish_andrena",1,0,0,0,0.492014548667713,0,"A_aikawa_2022_version3","3"
"greenish_Andrena",1,0,0,0,0.488519458257835,0,"A_aikawa_2022_version3","3"
"HETH",1,0,0,0,0.546534939434628,0,"A_aikawa_2022_version3","3"
"lh_andrena",1,0,2.07244471275269e-05,0,0.512727077800188,2.81101587116654e-05,"A_aikawa_2022_version3","3"
"muscid",1,0,0,0,0.503996587756088,0,"A_aikawa_2022_version3","3"
"Muscid",1,0,0,0,0.470650416575675,0,"A_aikawa_2022_version3","3"
"OSCA",1,0,4.38849615310554e-05,0,0.521551387371286,5.57741244279075e-05,"A_aikawa_2022_version3","3"
"Osmia",1,0,1.42846726103243e-06,0,0.51416754921161,2.2309649771163e-06,"A_aikawa_2022_version3","3"
"pink_brown_moth",1,0,1.23883164339173e-05,0,0.513999599527567,1.40550793558327e-05,"A_aikawa_2022_version3","3"
"RAB_FLY",1,0,4.24179666069649e-06,0,0.49126925982594,5.67881994175058e-06,"A_aikawa_2022_version3","3"
"silvery_blue",1,0,9.12223309785055e-07,0,0.462449894571886,1.41970498543765e-06,"A_aikawa_2022_version3","3"
"skinny_black_bee",1,0,2.12000213955915e-05,0,0.495378069693864,1.92206213413097e-05,"A_aikawa_2022_version3","3"
"small_dark_Andrena",1,0,0,0,0.519217344778225,0,"A_aikawa_2022_version3","3"
"UNIN",1,0,0,0,0.485913687635173,0,"A_aikawa_2022_version3","3"
"UNK_FLY",1,0,0,0,0.451348084351676,0,"A_aikawa_2022_version3","3"
"UNKBEE",0,674.6805707325,0.000217404911328447,0,674.690798575157,0.000217401666059517,"A_aikawa_2022_version3","3"
"UNKSYR",1,0,0,0,0.512912575510755,0,"A_aikawa_2022_version3","3"
"wasp_fly",1,0,3.46882010420519e-08,0,0.521656609266836,5.3665824191801e-08,"A_aikawa_2022_version3","3"
"ADEL",1,2.81949550690887e-05,6.18357459116794e-05,1,2.80603934469215e-05,6.18366415579503e-05,"A_Aikawa_2024_version1","1"
"Adela",0,15.9364178757762,0.00500022655358194,0,15.9364209763374,0.00500022558516028,"A_Aikawa_2024_version1","1"
"ANBA",1,0,2.95887136671968e-05,0,0.481460751142102,4.17381923489153e-05,"A_Aikawa_2024_version1","1"
"ANDI",0,15.2037982465871,0.00500022655358194,0,15.203801205051,0.00500022558516028,"A_Aikawa_2024_version1","1"
"ANLE",1,0,6.18357459116794e-05,0,0.462592215515949,6.18366415579503e-05,"A_Aikawa_2024_version1","1"
"ANPL",1,0,2.95887136671968e-05,0,0.487366176553707,4.17381923489153e-05,"A_Aikawa_2024_version1","1"
"APME",1,0,0.000102045484484083,0,0.463329338148855,0.000102042480557554,"A_Aikawa_2024_version1","1"
"beetle1",1,0,0.000102045484484083,0,0.47618626781096,0.000102042480557554,"A_Aikawa_2024_version1","1"
"BF1",1,0,0.000555678208395758,0,0.462603098811863,0.00079852200128144,"A_Aikawa_2024_version1","1"
"big_andrena",1,0,6.18357459116794e-05,0,0.470281730974224,6.18366415579503e-05,"A_Aikawa_2024_version1","1"
"black_red_beetle",1,0,0.000200323785489982,0,0.525052483787319,0.000200073741960876,"A_Aikawa_2024_version1","1"
"black_red_brachy_wasp",1,0,0.000555678208395758,0,0.457095013469036,0.00079852200128144,"A_Aikawa_2024_version1","1"
"black_round_beetle",1,0,3.47237880688565e-05,0,0.495891374091567,4.06853569190135e-05,"A_Aikawa_2024_version1","1"
"blue_black_Osmia",1,0,6.18357459116794e-05,0,0.546324356969597,6.18366415579503e-05,"A_Aikawa_2024_version1","1"
"BOCA",1,0,0.000102045484484083,0,0.473467588016515,0.000102042480557554,"A_Aikawa_2024_version1","1"
"BOED",1,0,1.73018182256486e-05,0,0.469751793574426,1.70742058525755e-05,"A_Aikawa_2024_version1","1"
"BOVO",1,0,0.000200323785489982,0,0.518394605381598,0.000200073741960876,"A_Aikawa_2024_version1","1"
"calligrapher",1,0,0.000123671491823359,0,0.458132648518371,0.000123673283115901,"A_Aikawa_2024_version1","1"
"DINI",1,0,5.91774273343936e-05,0,0.535423648257471,8.34763846978305e-05,"A_Aikawa_2024_version1","1"
"gray_moth",1,0,5.91774273343936e-05,0,0.465256263322782,8.34763846978305e-05,"A_Aikawa_2024_version1","1"
"green_andrena",1,0,0.04296740841933,0,0.462017665995293,0.000115248105002649,"A_Aikawa_2024_version1","1"
"Habropoda",0,0.0480449057752647,0.00111135641679152,0,0.221419362673696,0.00159704400256288,"A_Aikawa_2024_version1","1"
"HALI",1,0,0.000400647570979964,0,0.544419262928152,0.000400147483921752,"A_Aikawa_2024_version1","1"
"HETH",1,0,0.000123671491823359,0,0.454552033452574,0.000123673283115901,"A_Aikawa_2024_version1","1"
"ladybug",1,0,0.000400647570979964,0,0.456026237414231,0.000400147483921752,"A_Aikawa_2024_version1","1"
"lh_oak_beetle",1,0,0.00102029036587949,0,0.532972220975427,0.000276905811962642,"A_Aikawa_2024_version1","1"
"listrus",0,150.480981879818,0.00100161892744991,0,151.036759590211,0.00100036870980438,"A_Aikawa_2024_version1","1"
"muscid",0,0.523292577234197,0.000801295141472426,0,0.0810575072523433,0.000652603302586393,"A_Aikawa_2024_version1","1"
"OSCA",1,0,0.000345304152223582,0,0.472748849970637,0.000271364948373011,"A_Aikawa_2024_version1","1"
"red_black_tachnid",0,212.769401895936,0.000714318391388583,0,182.909220748285,0.000714297363902879,"A_Aikawa_2024_version1","1"
"silver_moth",0,0.399065756998177,0.000432850221381756,0,0.389645825779301,0.000432856490905652,"A_Aikawa_2024_version1","1"
"tiny_black_beetle",0,0.403449309686818,0.000432850221381756,0,0.393925904884072,0.000432856490905652,"A_Aikawa_2024_version1","1"
"UNIN",0,0.0231729809323957,0.0003710152580172,0,0.00595970679681417,0.000383297411214571,"A_Aikawa_2024_version1","1"
"UNK_graybee",0,251.636936864585,0.000556521713205114,0,241.226829330579,0.000556529774021553,"A_Aikawa_2024_version1","1"
"UNKBEE",0,531.815404014892,0.000629132190874761,0,539.850223099781,0.000654332037375428,"A_Aikawa_2024_version1","1"
"XYSO",0,900.186607352687,0.000349249694828911,0,892.6277585505,0.000361332477740726,"A_Aikawa_2024_version1","1"
"ADEL",1,2.31230605642109e-05,0,1,2.30316640145066e-05,0,"A_Aikawa_2024_version2","2"
"Adela",1,0,0,0,0.535460311819548,0,"A_Aikawa_2024_version2","2"
"ANBA",1,0,0,0,0.481460751142102,0,"A_Aikawa_2024_version2","2"
"ANDI",1,0,0,0,0.510844445303476,0,"A_Aikawa_2024_version2","2"
"ANLE",1,0,0,0,0.462592215515949,0,"A_Aikawa_2024_version2","2"
"ANPL",1,0,6.18357164631209e-05,0,0.487366176553707,6.1833431587024e-05,"A_Aikawa_2024_version2","2"
"APME",0,16.8771069990738,0.00500022320260336,0,17.7816858552116,0.00500022663610107,"A_Aikawa_2024_version2","2"
"beetle1",1,0,2.9588581461702e-05,0,0.47618626781096,4.12028861209833e-05,"A_Aikawa_2024_version2","2"
"BF1",0,16.8506532046777,0.00500022320260336,0,17.7538141906947,0.00500022663610107,"A_Aikawa_2024_version2","2"
"big_andrena",1,0,6.18357164631209e-05,0,0.470281730974224,6.1833431587024e-05,"A_Aikawa_2024_version2","2"
"black_red_beetle",1,0,2.9588581461702e-05,0,0.525052483787319,4.12028861209833e-05,"A_Aikawa_2024_version2","2"
"black_red_brachy_wasp",0,14.1855655579577,0.00500022277306053,0,14.9461264655054,0.00500022624938202,"A_Aikawa_2024_version2","2"
"black_round_beetle",1,0,6.18357164631209e-05,0,0.495891374091567,6.1833431587024e-05,"A_Aikawa_2024_version2","2"
"blue_black_Osmia",0,16.9547244079671,0.00500022277306053,0,17.8637541211052,0.00500022624938202,"A_Aikawa_2024_version2","2"
"BOCA",1,0,0.000102045402165472,0,0.473467588016515,0.000102042172557338,"A_Aikawa_2024_version2","2"
"BOED",1,0,0.000102045402165472,0,0.469751793574426,0.000102042172557338,"A_Aikawa_2024_version2","2"
"BOVO",1,0,0.000555666425908851,0,0.518394605381598,0.00085969968684445,"A_Aikawa_2024_version2","2"
"calligrapher",1,0,6.18357164631209e-05,0,0.458132648518371,6.1833431587024e-05,"A_Aikawa_2024_version2","2"
"DINI",1,0,0.000555666425908851,0,0.535423648257471,0.00085969968684445,"A_Aikawa_2024_version2","2"
"gray_moth",1,0,3.47240964752666e-05,0,0.465256263322782,8.92306921779334e-05,"A_Aikawa_2024_version2","2"
"green_andrena",1,0,6.18357164631209e-05,0,0.462017665995293,6.1833431587024e-05,"A_Aikawa_2024_version2","2"
"Habropoda",1,0,0.000102045402165472,0,0.530912382891827,0.000102042172557338,"A_Aikawa_2024_version2","2"
"HALI",1,0,1.73019714318056e-05,0,0.544419262928152,0,"A_Aikawa_2024_version2","2"
"HETH",1,0,0.000123671432926242,0,0.454552033452574,0.000123666863174048,"A_Aikawa_2024_version2","2"
"ladybug",1,0,5.9177162923404e-05,0,0.456026237414231,8.24057722419665e-05,"A_Aikawa_2024_version2","2"
"lh_oak_beetle",1,0,5.9177162923404e-05,0,0.532972220975427,8.24057722419665e-05,"A_Aikawa_2024_version2","2"
"listrus",0,0.0412746074472972,0.0011113328518177,0,0.392217346773462,0.0017193993736889,"A_Aikawa_2024_version2","2"
"muscid",1,0,0.000123671432926242,0,0.530116781629676,0.000123666863174048,"A_Aikawa_2024_version2","2"
"OSCA",1,0,0.000185507149389363,0,0.472748849970637,0.000185500294761072,"A_Aikawa_2024_version2","2"
"red_black_tachnid",0,231.769754158403,0.000714317815158303,0,223.976186878463,0.000714295207901367,"A_Aikawa_2024_version2","2"
"silver_moth",0,0.398974852568409,0.000432850015241846,0,0.403339761585499,0.000432834021109168,"A_Aikawa_2024_version2","2"
"tiny_black_beetle",0,0.403357406755557,0.000432850015241846,0,0.407770262233925,0.000432834021109168,"A_Aikawa_2024_version2","2"
"UNIN",0,0.0231573123355807,0.000371015075943309,0,0.00622214604891777,0.000390863263762287,"A_Aikawa_2024_version2","2"
"UNK_graybee",0,251.637179291146,0.000556521448168088,0,254.97116769902,0.000556500884283216,"A_Aikawa_2024_version2","2"
"UNKBEE",0,494.120958796193,0.000647118148995933,0,525.974749369026,0.000667655971853203,"A_Aikawa_2024_version2","2"
"XYSO",0,860.083613050073,0.000346109069256284,0,386.278433860946,0.000427657689156508,"A_Aikawa_2024_version2","2"
"ADEL",1,2.31290515235449e-05,0,1,2.29402059402595e-05,0,"A_Aikawa_2024_version3","3"
"Adela",1,0,0,0,0.535460311819548,0,"A_Aikawa_2024_version3","3"
"ANBA",1,0,0,0,0.481460751142102,0,"A_Aikawa_2024_version3","3"
"ANDI",1,0,0,0,0.510844445303476,0,"A_Aikawa_2024_version3","3"
"ANLE",1,0,0,0,0.462592215515949,0,"A_Aikawa_2024_version3","3"
"ANPL",1,0,0,0,0.487366176553707,0,"A_Aikawa_2024_version3","3"
"APME",1,0,0,0,0.463329338148855,0,"A_Aikawa_2024_version3","3"
"beetle1",1,0,0,0,0.47618626781096,0,"A_Aikawa_2024_version3","3"
"BF1",1,0,0,0,0.462603098811863,0,"A_Aikawa_2024_version3","3"
"big_andrena",1,0,0,0,0.470281730974224,0,"A_Aikawa_2024_version3","3"
"black_red_beetle",1,0,0,0,0.525052483787319,0,"A_Aikawa_2024_version3","3"
"black_red_brachy_wasp",1,0,0,0,0.457095013469036,0,"A_Aikawa_2024_version3","3"
"black_round_beetle",1,0,0,0,0.495891374091567,0,"A_Aikawa_2024_version3","3"
"blue_black_Osmia",1,0,0,0,0.546324356969597,0,"A_Aikawa_2024_version3","3"
"BOCA",1,0,0,0,0.473467588016515,0,"A_Aikawa_2024_version3","3"
"BOED",1,0,0,0,0.469751793574426,0,"A_Aikawa_2024_version3","3"
"BOVO",1,0,0,0,0.518394605381598,0,"A_Aikawa_2024_version3","3"
"calligrapher",1,0,0,0,0.458132648518371,0,"A_Aikawa_2024_version3","3"
"DINI",1,0,0,0,0.535423648257471,0,"A_Aikawa_2024_version3","3"
"gray_moth",1,0,0,0,0.465256263322782,0,"A_Aikawa_2024_version3","3"
"green_andrena",1,0,0,0,0.462017665995293,0,"A_Aikawa_2024_version3","3"
"Habropoda",1,0,0,0,0.530912382891827,0,"A_Aikawa_2024_version3","3"
"HALI",1,0,1.7301818813247e-05,0,0.544419262928152,3.15503164655934e-05,"A_Aikawa_2024_version3","3"
"HETH",1,0,0,0,0.454552033452574,0,"A_Aikawa_2024_version3","3"
"ladybug",1,0,0,0,0.456026237414231,0,"A_Aikawa_2024_version3","3"
"lh_oak_beetle",1,0,0,0,0.532972220975427,0,"A_Aikawa_2024_version3","3"
"listrus",1,0,0,0,0.464117934002596,0,"A_Aikawa_2024_version3","3"
"muscid",1,0,0,0,0.530116781629676,0,"A_Aikawa_2024_version3","3"
"OSCA",1,0,0,0,0.472748849970637,0,"A_Aikawa_2024_version3","3"
"red_black_tachnid",1,0,0,0,0.489921456500851,0,"A_Aikawa_2024_version3","3"
"silver_moth",1,0,0,0,0.509919409807734,0,"A_Aikawa_2024_version3","3"
"tiny_black_beetle",1,0,0,0,0.515520638583936,0,"A_Aikawa_2024_version3","3"
"UNIN",1,0,0,0,0.455372680213942,0,"A_Aikawa_2024_version3","3"
"UNK_graybee",1,0,0,0,0.5486363557161,0,"A_Aikawa_2024_version3","3"
"UNKBEE",1,0,1.58200423630204e-05,0,0.531230520494855,1.23457760082757e-05,"A_Aikawa_2024_version3","3"
"XYSO",0,495.32872543513,0.000294130919824237,0,495.32430530854,0.000294130369630855,"A_Aikawa_2024_version3","3"
"ADFL",1,2.20917124549091e-05,1.44275799187027e-06,1,2.21554031175519e-05,1.49490473972769e-06,"A_Anu_2024_version1","1"
"ADTR",1,0,1.44275799187027e-06,0,0.518772169281157,1.49490473972769e-06,"A_Anu_2024_version1","1"
"ANCA",1,0,0.000312514374307224,0,0.503849108402547,0.000471349536715526,"A_Anu_2024_version1","1"
"ANDI",1,0,0.000312514374307224,0,0.49196492160762,0.000471349536715526,"A_Anu_2024_version1","1"
"Andrena",1,0,2.82674496907509e-07,0,0.454437459262292,3.727261138618e-07,"A_Anu_2024_version1","1"
"ANLE",1,0,2.82674496907509e-07,0,0.530377821335745,3.727261138618e-07,"A_Anu_2024_version1","1"
"ANPL",1,0,0.000312514354851301,0,0.460043189865557,0.000606715981712954,"A_Anu_2024_version1","1"
"Anth_Syr",1,0,1.44275799187027e-06,0,0.545892070418173,1.49490473972769e-06,"A_Anu_2024_version1","1"
"APME",1,0,9.3705615506364e-08,0,0.508027518241679,1.14332139913467e-07,"A_Anu_2024_version1","1"
"beetle1",1,0,9.3705615506364e-08,0,0.518499087900156,1.14332139913467e-07,"A_Anu_2024_version1","1"
"BF1",1,0,2.82674496907509e-07,0,0.514170337917363,3.727261138618e-07,"A_Anu_2024_version1","1"
"BF2",1,0,1.44275799187027e-06,0,0.46086937711149,1.49490473972769e-06,"A_Anu_2024_version1","1"
"black_red_beetle",1,0,9.3705615506364e-08,0,0.531621112805615,1.14332139913467e-07,"A_Anu_2024_version1","1"
"black_round_beetle",1,0,2.82674496907509e-07,0,0.456042923967374,3.727261138618e-07,"A_Anu_2024_version1","1"
"black_skinny_wasp",1,0,1.44275799187027e-06,0,0.51342311965461,1.49490473972769e-06,"A_Anu_2024_version1","1"
"black_yellow_buprestid",1,0,2.82674496907509e-07,0,0.502372035036037,3.727261138618e-07,"A_Anu_2024_version1","1"
"BOCA",1,0,2.88551598374054e-06,0,0.466792850669843,2.98980947945539e-06,"A_Anu_2024_version1","1"
"BOED",1,0,4.32827397561081e-06,0,0.487441208044738,4.48471421918308e-06,"A_Anu_2024_version1","1"
"BOMA",1,0,4.32827397561081e-06,0,0.524383607913919,4.48471421918308e-06,"A_Anu_2024_version1","1"
"BombusSp_",0,29.119412167127,0.00497013215380729,0,28.8532999790511,0.00504229094989658,"A_Anu_2024_version1","1"
"BOVO",1,0,0.000256857371082669,0,0.517002530101222,0.000159109718558145,"A_Anu_2024_version1","1"
"buprestid",1,0,4.84370803740838e-06,0,0.461523411242069,7.50878130245436e-06,"A_Anu_2024_version1","1"
"calligrapher",1,0,0.000257458385332912,0,0.523972745460445,0.000202775072864198,"A_Anu_2024_version1","1"
"carpet_beetle",0,36.4974908099784,0.00500023370098195,0,0.546537785987762,0.00382564628905461,"A_Anu_2024_version1","1"
"clickbeetle",1,0,5.77103196748108e-06,0,0.543152936405108,5.97961895891077e-06,"A_Anu_2024_version1","1"
"COTU",0,37.9482000172396,0.00500023263435049,0,37.6622935380462,0.00499353280055363,"A_Anu_2024_version1","1"
"cranefly",1,0,9.28868504688465e-07,0,0.456113994916023,1.21558999234045e-06,"A_Anu_2024_version1","1"
"dark_andrena",1,0,9.07549987805673e-05,0,0.507912553594407,7.0826365391185e-05,"A_Anu_2024_version1","1"
"duskywing",1,0,0.00124858620782032,0,0.486288261197642,0.000413065775848922,"A_Anu_2024_version1","1"
"EUAC",1,0,1.89230022741633e-05,0,0.546805948762598,2.98815165579692e-05,"A_Anu_2024_version1","1"
"EUAL",1,0,7.13439471312577e-06,0,0.467580852991706,1.16092944930798e-05,"A_Anu_2024_version1","1"
"GLLY",1,0,1.41680540951804e-06,0,0.53139623160539,1.57474768726341e-06,"A_Anu_2024_version1","1"
"goldwasp",1,0,6.58593921857141e-06,0,0.476464591793001,7.75600993650092e-06,"A_Anu_2024_version1","1"
"Great_Valley_Xylcopa",1,0,6.63481357064142e-06,0,0.540394264967364,1.07864360914792e-05,"A_Anu_2024_version1","1"
"green_andrena",1,0,1.29848219268324e-05,0,0.506411306493176,1.34541426575492e-05,"A_Anu_2024_version1","1"
"Habropoda",0,28.4440825935997,0.0050002359560937,0,27.4959138631795,0.00496695236143434,"A_Anu_2024_version1","1"
"HETH",1,0,1.5870337910573e-05,0,0.498075157798862,1.64439521370046e-05,"A_Anu_2024_version1","1"
"Ichemon_wasp",1,0,0.000203955213128721,0,0.549177125468467,0.000105683272527411,"A_Anu_2024_version1","1"
"listrus",0,29.6368575518924,0.00500023667045422,1,0,0.000848117142128929,"A_Anu_2024_version1","1"
"malachite",1,0,2.88730786797099e-06,0,0.461809444758952,4.17512806879124e-06,"A_Anu_2024_version1","1"
"muscid",0,193.578538392253,0.00151758111153555,0,259.850709187434,0.00241527022038913,"A_Anu_2024_version1","1"
"NOHE",1,0,3.06121927657359e-05,0,0.498836806299555,5.03801270275645e-05,"A_Anu_2024_version1","1"
"OSCA",1,0,3.899739351435e-05,0,0.450203476613482,5.26018181013109e-05,"A_Anu_2024_version1","1"
"OSGA",0,2.39843999494623,6.78096256176851e-05,0,2.34854709856609,6.74231729492637e-05,"A_Anu_2024_version1","1"
"Osmia",1,0,9.55404207197131e-06,0,0.457059065907755,9.55053212951224e-06,"A_Anu_2024_version1","1"
"PANUR",0,1081.0809652952,0.000445522690430863,0,850.587036086414,0.000443568177395547,"A_Anu_2024_version1","1"
"pink_brown_moth",0,29.7828457715816,0.000247596862697052,0,14.4825071581592,0.000334911745567114,"A_Anu_2024_version1","1"
"red_orange_wasp",0,1922.661021193,8.51227215203636e-05,0,1950.71548928511,0.000114347326967227,"A_Anu_2024_version1","1"
"reddish_habropoda",1,0,1.61112344299003e-05,0,0.547247725444496,1.95856671437957e-05,"A_Anu_2024_version1","1"
"small_goldwasp",1,0,1.2332777082605e-05,0,0.492521545636711,1.72229534667617e-05,"A_Anu_2024_version1","1"
"small_gray_conebomb",1,0,1.64023699076682e-05,0,0.509617516193361,2.56611707584932e-05,"A_Anu_2024_version1","1"
"small_SAB_Andrena",1,0,8.05455984599371e-06,0,0.541594661814903,9.2594212877759e-06,"A_Anu_2024_version1","1"
"UNKBEE",0,3934.87148716435,3.75957080886987e-05,0,3128.69120373414,9.38969964626365e-05,"A_Anu_2024_version1","1"
"XYTA",0,7639.54353781734,2.16459971819701e-05,0,7868.01050833837,2.88311182625914e-05,"A_Anu_2024_version1","1"
"ADFL",1,2.20262878748037e-05,0,1,2.21473151040603e-05,0,"A_Anu_2024_version2","2"
"ADTR",1,0,0,0,0.518772169281157,0,"A_Anu_2024_version2","2"
"ANCA",1,0,0,0,0.503849108402547,0,"A_Anu_2024_version2","2"
"ANDI",1,0,1.4427720899703e-06,0,0.49196492160762,1.4968144891243e-06,"A_Anu_2024_version2","2"
"Andrena",1,0,1.4427720899703e-06,0,0.454437459262292,1.4968144891243e-06,"A_Anu_2024_version2","2"
"ANLE",1,0,0.000312514443440552,0,0.530377821335745,0.000425165585217522,"A_Anu_2024_version2","2"
"ANPL",1,0,0.000312514443440552,0,0.460043189865557,0.000425165585217522,"A_Anu_2024_version2","2"
"Anth_Syr",1,0,0,0,0.545892070418173,0,"A_Anu_2024_version2","2"
"APME",1,0,0,0,0.508027518241679,0,"A_Anu_2024_version2","2"
"beetle1",1,0,0.000312514419563483,0,0.518499087900156,0.000643105461406666,"A_Anu_2024_version2","2"
"BF1",1,0,1.4427720899703e-06,0,0.514170337917363,1.4968144891243e-06,"A_Anu_2024_version2","2"
"BF2",1,0,0,0,0.46086937711149,0,"A_Anu_2024_version2","2"
"black_red_beetle",1,0,1.4427720899703e-06,0,0.531621112805615,1.4968144891243e-06,"A_Anu_2024_version2","2"
"black_round_beetle",1,0,0,0,0.456042923967374,0,"A_Anu_2024_version2","2"
"black_skinny_wasp",1,0,1.4427720899703e-06,0,0.51342311965461,1.4968144891243e-06,"A_Anu_2024_version2","2"
"black_yellow_buprestid",1,0,0,0,0.502372035036037,0,"A_Anu_2024_version2","2"
"BOCA",1,0,2.8855441799406e-06,0,0.466792850669843,2.9936289782486e-06,"A_Anu_2024_version2","2"
"BOED",1,0,0.000282455652357798,0,0.487441208044738,0.000322301137947895,"A_Anu_2024_version2","2"
"BOMA",1,0,4.32831626991091e-06,0,0.524383607913919,4.4904434673729e-06,"A_Anu_2024_version2","2"
"BombusSp_",1,0,4.32831626991091e-06,0,0.515298209230089,4.4904434673729e-06,"A_Anu_2024_version2","2"
"BOVO",0,38.198905599305,0.00495790987932683,0,38.6563893824848,0.00503434527104639,"A_Anu_2024_version2","2"
"buprestid",1,0,0.000256548514695291,0,0.461523411242069,0.00014371761439134,"A_Anu_2024_version2","2"
"calligrapher",1,0,4.84351613989506e-06,0,0.523972745460445,7.70334656112881e-06,"A_Anu_2024_version2","2"
"carpet_beetle",0,33.9063172871588,0.00500023459968002,0,0.246158111598371,0.00351189638498661,"A_Anu_2024_version2","2"
"clickbeetle",1,0,0,0,0.543152936405108,0,"A_Anu_2024_version2","2"
"COTU",1,0,0.00124900980833243,0,0.471402160647047,0.000541983433418679,"A_Anu_2024_version2","2"
"cranefly",1,0,5.77108835988121e-06,0,0.456113994916023,5.9872579564972e-06,"A_Anu_2024_version2","2"
"dark_andrena",0,29.9282016537096,0.00500023484386071,0,29.6075653197246,0.00499353785105552,"A_Anu_2024_version2","2"
"duskywing",1,0,2.18804402019733e-05,0,0.486288261197642,3.85262588855008e-05,"A_Anu_2024_version2","2"
"EUAC",1,0,9.12061802037085e-05,0,0.546805948762598,7.37007815458707e-05,"A_Anu_2024_version2","2"
"EUAL",1,0,8.00442597254592e-06,0,0.467580852991706,1.36982253815114e-05,"A_Anu_2024_version2","2"
"GLLY",1,0,1.1834708382242e-06,0,0.53139623160539,1.19745159129944e-06,"A_Anu_2024_version2","2"
"goldwasp",1,0,6.55414698338416e-06,0,0.476464591793001,7.79187770785668e-06,"A_Anu_2024_version2","2"
"Great_Valley_Xylcopa",1,0,5.88859243342042e-06,0,0.540394264967364,9.78444670107956e-06,"A_Anu_2024_version2","2"
"green_andrena",0,26.4110441216465,0.00500023700039984,1,0,0.0010638180969727,"A_Anu_2024_version2","2"
"Habropoda",1,0,1.29849488097327e-05,0,0.454828230806081,1.34713304021187e-05,"A_Anu_2024_version2","2"
"HETH",0,31.5508133073124,0.00500023333230156,0,30.907101747034,0.00496659192353518,"A_Anu_2024_version2","2"
"Ichemon_wasp",1,0,1.58704929896733e-05,0,0.549177125468467,1.64649593803673e-05,"A_Anu_2024_version2","2"
"listrus",1,0,8.35043314020444e-07,0,0.519947748524113,1.55661652062629e-06,"A_Anu_2024_version2","2"
"malachite",1,0,0.000209069568483223,0,0.461809444758952,0.000103342015775613,"A_Anu_2024_version2","2"
"muscid",1,0,6.13315627779861e-07,0,0.531338063711924,1.14151878179262e-06,"A_Anu_2024_version2","2"
"NOHE",0,201.950599215805,0.00147527599051732,0,262.462563203019,0.0022988508251509,"A_Anu_2024_version2","2"
"OSCA",1,0,3.06934094402012e-05,0,0.450203476613482,5.20245427300216e-05,"A_Anu_2024_version2","2"
"OSGA",1,0,3.89984752564561e-05,0,0.469831442795615,5.11155376505342e-05,"A_Anu_2024_version2","2"
"Osmia",1,0,2.56186090404422e-07,0,0.457059065907755,4.75632825746923e-07,"A_Anu_2024_version2","2"
"PANUR",0,2.42238278682457,6.78102882283382e-05,0,2.40425123035493,6.74788409484812e-05,"A_Anu_2024_version2","2"
"pink_brown_moth",1,0,2.51338035315567e-08,0,0.450000626593829,2.58071463642121e-08,"A_Anu_2024_version2","2"
"red_orange_wasp",1,0,1.49994219658904e-05,0,0.460531162475483,7.58441822729434e-06,"A_Anu_2024_version2","2"
"reddish_habropoda",0,1129.39256604595,0.000477061647292969,0,1074.15235578324,0.00044198436522347,"A_Anu_2024_version2","2"
"small_goldwasp",0,31.7026938755756,0.000385833029121221,0,15.951750323572,0.000334548970576498,"A_Anu_2024_version2","2"
"small_gray_conebomb",0,2015.48863118334,8.51235533082735e-05,0,2043.90289364007,0.000111468928669545,"A_Anu_2024_version2","2"
"small_SAB_Andrena",1,0,1.26091060146101e-05,0,0.541594661814903,6.79475465352747e-06,"A_Anu_2024_version2","2"
"UNKBEE",1,0,7.51254841154018e-05,0,0.481481123078373,2.1429731966685e-05,"A_Anu_2024_version2","2"
"XYTA",0,39.9253446366112,0.00500023526750372,1,0,1.98173613035505e-06,"A_Anu_2024_version2","2"
"ADFL",1,2.20887283739649e-05,0,1,2.19291106074666e-05,0,"A_Anu_2024_version3","3"
"ADTR",1,0,0,0,0.518772169281157,0,"A_Anu_2024_version3","3"
"ANCA",1,0,0,0,0.503849108402547,0,"A_Anu_2024_version3","3"
"ANDI",1,0,0,0,0.49196492160762,0,"A_Anu_2024_version3","3"
"Andrena",1,0,0,0,0.454437459262292,0,"A_Anu_2024_version3","3"
"ANLE",1,0,0,0,0.530377821335745,0,"A_Anu_2024_version3","3"
"ANPL",1,0,0,0,0.460043189865557,0,"A_Anu_2024_version3","3"
"Anth_Syr",1,0,2.82674629055755e-07,0,0.545892070418173,2.95795702931536e-07,"A_Anu_2024_version3","3"
"APME",1,0,2.82674629055755e-07,0,0.508027518241679,2.95795702931536e-07,"A_Anu_2024_version3","3"
"beetle1",1,0,0,0,0.518499087900156,0,"A_Anu_2024_version3","3"
"BF1",1,0,0,0,0.514170337917363,0,"A_Anu_2024_version3","3"
"BF2",1,0,2.82674629055755e-07,0,0.46086937711149,2.95795702931536e-07,"A_Anu_2024_version3","3"
"black_red_beetle",1,0,0,0,0.531621112805615,0,"A_Anu_2024_version3","3"
"black_round_beetle",1,0,2.82674629055755e-07,0,0.456042923967374,2.95795702931536e-07,"A_Anu_2024_version3","3"
"black_skinny_wasp",1,0,0,0,0.51342311965461,0,"A_Anu_2024_version3","3"
"black_yellow_buprestid",1,0,2.82674629055755e-07,0,0.502372035036037,2.95795702931536e-07,"A_Anu_2024_version3","3"
"BOCA",1,0,0,0,0.466792850669843,0,"A_Anu_2024_version3","3"
"BOED",1,0,0,0,0.487441208044738,0,"A_Anu_2024_version3","3"
"BOMA",1,0,0,0,0.524383607913919,0,"A_Anu_2024_version3","3"
"BombusSp_",1,0,0,0,0.515298209230089,0,"A_Anu_2024_version3","3"
"BOVO",1,0,9.43604341409235e-08,0,0.517002530101222,9.85985676438453e-08,"A_Anu_2024_version3","3"
"buprestid",1,0,0,0,0.461523411242069,0,"A_Anu_2024_version3","3"
"calligrapher",1,0,0,0,0.523972745460445,0,"A_Anu_2024_version3","3"
"carpet_beetle",1,0,0,0,0.50993295370598,0,"A_Anu_2024_version3","3"
"clickbeetle",1,0,1.13069851622302e-06,0,0.543152936405108,1.18318281172614e-06,"A_Anu_2024_version3","3"
"COTU",1,0,7.07830547236451e-08,0,0.471402160647047,7.39489257328839e-08,"A_Anu_2024_version3","3"
"cranefly",1,0,0,0,0.456113994916023,0,"A_Anu_2024_version3","3"
"dark_andrena",1,0,0,0,0.507912553594407,0,"A_Anu_2024_version3","3"
"duskywing",1,0,7.07830547236451e-08,0,0.486288261197642,7.39489257328839e-08,"A_Anu_2024_version3","3"
"EUAC",1,0,0,0,0.546805948762598,0,"A_Anu_2024_version3","3"
"EUAL",1,0,5.12757996013222e-07,0,0.467580852991706,5.32432265276765e-07,"A_Anu_2024_version3","3"
"GLLY",1,0,5.12757996013222e-07,0,0.53139623160539,5.32432265276765e-07,"A_Anu_2024_version3","3"
"goldwasp",1,0,4.04568156933255e-08,0,0.476464591793001,4.22565289902194e-08,"A_Anu_2024_version3","3"
"Great_Valley_Xylcopa",1,0,1.02492671140038e-06,0,0.540394264967364,1.05641322475548e-06,"A_Anu_2024_version3","3"
"green_andrena",1,0,1.75336675654231e-06,0,0.506411306493176,1.81174868045566e-06,"A_Anu_2024_version3","3"
"Habropoda",1,0,0,0,0.454828230806081,0,"A_Anu_2024_version3","3"
"HETH",1,0,0,0,0.498075157798862,0,"A_Anu_2024_version3","3"
"Ichemon_wasp",1,0,0,0,0.549177125468467,0,"A_Anu_2024_version3","3"
"listrus",1,0,2.6159136920178e-06,0,0.519947748524113,2.68905184483214e-06,"A_Anu_2024_version3","3"
"malachite",1,0,1.30685566948947e-06,0,0.461809444758952,1.31763540396775e-06,"A_Anu_2024_version3","3"
"muscid",1,0,3.78051478107449e-06,0,0.531338063711924,3.86506385163873e-06,"A_Anu_2024_version3","3"
"NOHE",1,0,0,0,0.498836806299555,0,"A_Anu_2024_version3","3"
"OSCA",1,0,4.95495034168447e-08,0,0.450203476613482,5.14427309446149e-08,"A_Anu_2024_version3","3"
"OSGA",1,0,9.44215624976531e-09,0,0.469831442795615,9.85985676438453e-09,"A_Anu_2024_version3","3"
"Osmia",1,0,9.87352255527971e-06,0,0.457059065907755,1.00652704469759e-05,"A_Anu_2024_version3","3"
"PANUR",1,0,2.3267226832297e-08,0,0.49172071164554,2.41465879944111e-08,"A_Anu_2024_version3","3"
"pink_brown_moth",1,0,1.61121971399129e-05,0,0.450000626593829,1.65696592900786e-05,"A_Anu_2024_version3","3"
"red_orange_wasp",1,0,1.17662598946794e-05,0,0.460531162475483,8.84379016900388e-06,"A_Anu_2024_version3","3"
"reddish_habropoda",1,0,6.0510327878247e-06,0,0.547247725444496,3.53500110552606e-06,"A_Anu_2024_version3","3"
"small_goldwasp",1,0,0,0,0.492521545636711,0,"A_Anu_2024_version3","3"
"small_gray_conebomb",1,0,4.56895502265102e-09,0,0.509617516193361,4.77089843437961e-09,"A_Anu_2024_version3","3"
"small_SAB_Andrena",1,0,1.63941266073403e-05,0,0.541594661814903,1.57945515025664e-05,"A_Anu_2024_version3","3"
"UNKBEE",1,0,1.52586474225809e-05,0,0.481481123078373,1.32698503038209e-05,"A_Anu_2024_version3","3"
"XYTA",0,3934.86948044354,3.75957256644154e-05,0,3934.87606613231,3.76426632313377e-05,"A_Anu_2024_version3","3"
"APME",1,2.17721563600827e-05,6.45690512562914e-07,1,2.17962507495164e-05,6.14321872214913e-07,"A_Banana_2022_version1","1"
"big_yellow_wasp",1,0,0.000312514659508028,0,0.468496796730206,0.000651735783486189,"A_Banana_2022_version1","1"
"black_fly",1,0,0.000312514659508028,0,0.525662644568674,0.000651735783486189,"A_Banana_2022_version1","1"
"black_oviwasp",1,0,4.88303508250986e-06,0,0.512067265697786,4.79582699998281e-06,"A_Banana_2022_version1","1"
"black_red_fly",1,0,4.88303508250986e-06,0,0.514534582693379,4.79582699998281e-06,"A_Banana_2022_version1","1"
"BOVO",1,0,4.88303508250986e-06,0,0.482731327616019,4.79582699998281e-06,"A_Banana_2022_version1","1"
"brown_bomb",1,0,6.45690512562914e-07,0,0.465423242429003,6.14321872214913e-07,"A_Banana_2022_version1","1"
"dark_APME",1,0,2.0000909571271e-06,0,0.4684355042495,2.24408904719953e-06,"A_Banana_2022_version1","1"
"dark_LH",1,0,4.88303508250986e-06,0,0.495519921344481,4.79582699998281e-06,"A_Banana_2022_version1","1"
"DIDU",1,0,2.0000909571271e-06,0,0.503318036698419,2.24408904719953e-06,"A_Banana_2022_version1","1"
"Eristolis",1,0,4.88303508250986e-06,0,0.466242790322864,4.79582699998281e-06,"A_Banana_2022_version1","1"
"ERST",1,0,4.88303508250986e-06,0,0.542576956372977,4.79582699998281e-06,"A_Banana_2022_version1","1"
"fuzzy_halictid",1,0,2.0000909571271e-06,0,0.490905760620211,2.24408904719953e-06,"A_Banana_2022_version1","1"
"Geron",1,0,2.0000909571271e-06,0,0.453118743888623,2.24408904719953e-06,"A_Banana_2022_version1","1"
"gray_bomb",1,0,0.209356433762869,0,0.466728536093947,8.67935353918188e-05,"A_Banana_2022_version1","1"
"HALI",1,0,4.88303508250986e-06,0,0.5065061309638,4.79582699998281e-06,"A_Banana_2022_version1","1"
"halictid",1,0,2.0000909571271e-06,0,0.548543108579956,2.24408904719953e-06,"A_Banana_2022_version1","1"
"HATR",1,0,4.88303508250986e-06,0,0.464025903313433,4.79582699998281e-06,"A_Banana_2022_version1","1"
"HETH",1,0,2.0000909571271e-06,0,0.483356988864651,2.24408904719953e-06,"A_Banana_2022_version1","1"
"ICAC",1,0,6.45690512562914e-07,0,0.480911848196253,6.14321872214913e-07,"A_Banana_2022_version1","1"
"LAIN",1,0,2.0000909571271e-06,0,0.485432634426017,2.24408904719953e-06,"A_Banana_2022_version1","1"
"MEGA",1,0,2.0000909571271e-06,0,0.466286798061937,2.24408904719953e-06,"A_Banana_2022_version1","1"
"mega_ash",0,31.4498283128474,0.00500023158924812,0,1.94108343862856,0.00448884824292652,"A_Banana_2022_version1","1"
"MelissodesSp_",1,0,2.0000909571271e-06,0,0.487958239874783,2.24408904719953e-06,"A_Banana_2022_version1","1"
"MELU",0,58.4965962466057,0.00250014775601066,0,25.5430624108545,0.00248851751864138,"A_Banana_2022_version1","1"
"pale_brown_bomb",1,0,1.29138102512583e-06,0,0.510231080399934,1.22864374442983e-06,"A_Banana_2022_version1","1"
"pomonabee",1,0,0.00124927225804618,0,0.453768281686943,0.000623251424183945,"A_Banana_2022_version1","1"
"red_ab_black_wasp",1,0,9.76607016501972e-06,0,0.483510312453616,9.59165399996562e-06,"A_Banana_2022_version1","1"
"skinny_Villa",1,0,2.66962889819669e-06,0,0.457821407917804,2.58118096247926e-06,"A_Banana_2022_version1","1"
"small_black_oviwasp",1,0,5.84201891696224e-06,0,0.504402874528618,5.51042972983642e-06,"A_Banana_2022_version1","1"
"small_halictid",1,0,1.20005457427626e-05,0,0.499112202482816,1.34645342831972e-05,"A_Banana_2022_version1","1"
"sml_stripe_SYR",1,0,0.00124687523646101,0,0.478787128687271,0.000452107197719656,"A_Banana_2022_version1","1"
"spotted_beetle",0,79.1230789793023,0.00250013966092666,0,95.5966871233632,0.00250303185780602,"A_Banana_2022_version1","1"
"STME",1,0,5.33582903450927e-05,0,0.493932043874605,3.74712714735367e-05,"A_Banana_2022_version1","1"
"UNKBOMB",1,0,0.000496184947120655,0,0.515861400480318,0.000108162838128936,"A_Banana_2022_version1","1"
"Villa",0,195.519729313598,0.00173574401143899,0,127.367314469738,0.00198674953085685,"A_Banana_2022_version1","1"
"weevil",1,0,0.000809457796989185,0,0.450166434794742,5.64917002403292e-05,"A_Banana_2022_version1","1"
"weird_honeybeeormega",0,5953.04565395027,0.000139410234602132,0,6014.76069808167,0.000183827116081625,"A_Banana_2022_version1","1"
"APME",1,2.17721563600827e-05,6.45690512562914e-07,1,2.17962507495164e-05,6.14321872214913e-07,"A_Banana_2022_version2","2"
"big_yellow_wasp",1,0,0.000312514659508028,0,0.468496796730206,0.000651735783486189,"A_Banana_2022_version2","2"
"black_fly",1,0,0.000312514659508028,0,0.525662644568674,0.000651735783486189,"A_Banana_2022_version2","2"
"black_oviwasp",1,0,4.88303508250986e-06,0,0.512067265697786,4.79582699998281e-06,"A_Banana_2022_version2","2"
"black_red_fly",1,0,4.88303508250986e-06,0,0.514534582693379,4.79582699998281e-06,"A_Banana_2022_version2","2"
"BOVO",1,0,4.88303508250986e-06,0,0.482731327616019,4.79582699998281e-06,"A_Banana_2022_version2","2"
"brown_bomb",1,0,6.45690512562914e-07,0,0.465423242429003,6.14321872214913e-07,"A_Banana_2022_version2","2"
"dark_APME",1,0,2.0000909571271e-06,0,0.4684355042495,2.24408904719953e-06,"A_Banana_2022_version2","2"
"dark_LH",1,0,4.88303508250986e-06,0,0.495519921344481,4.79582699998281e-06,"A_Banana_2022_version2","2"
"DIDU",1,0,2.0000909571271e-06,0,0.503318036698419,2.24408904719953e-06,"A_Banana_2022_version2","2"
"Eristolis",1,0,4.88303508250986e-06,0,0.466242790322864,4.79582699998281e-06,"A_Banana_2022_version2","2"
"ERST",1,0,4.88303508250986e-06,0,0.542576956372977,4.79582699998281e-06,"A_Banana_2022_version2","2"
"fuzzy_halictid",1,0,2.0000909571271e-06,0,0.490905760620211,2.24408904719953e-06,"A_Banana_2022_version2","2"
"Geron",1,0,2.0000909571271e-06,0,0.453118743888623,2.24408904719953e-06,"A_Banana_2022_version2","2"
"gray_bomb",1,0,0.209356433762869,0,0.466728536093947,8.67935353918188e-05,"A_Banana_2022_version2","2"
"HALI",1,0,4.88303508250986e-06,0,0.5065061309638,4.79582699998281e-06,"A_Banana_2022_version2","2"
"halictid",1,0,2.0000909571271e-06,0,0.548543108579956,2.24408904719953e-06,"A_Banana_2022_version2","2"
"HATR",1,0,4.88303508250986e-06,0,0.464025903313433,4.79582699998281e-06,"A_Banana_2022_version2","2"
"HETH",1,0,2.0000909571271e-06,0,0.483356988864651,2.24408904719953e-06,"A_Banana_2022_version2","2"
"ICAC",1,0,6.45690512562914e-07,0,0.480911848196253,6.14321872214913e-07,"A_Banana_2022_version2","2"
"LAIN",1,0,2.0000909571271e-06,0,0.485432634426017,2.24408904719953e-06,"A_Banana_2022_version2","2"
"MEGA",1,0,2.0000909571271e-06,0,0.466286798061937,2.24408904719953e-06,"A_Banana_2022_version2","2"
"mega_ash",0,31.4498283128474,0.00500023158924812,0,1.94108343862856,0.00448884824292652,"A_Banana_2022_version2","2"
"MelissodesSp_",1,0,2.0000909571271e-06,0,0.487958239874783,2.24408904719953e-06,"A_Banana_2022_version2","2"
"MELU",0,58.4965962466057,0.00250014775601066,0,25.5430624108545,0.00248851751864138,"A_Banana_2022_version2","2"
"pale_brown_bomb",1,0,1.29138102512583e-06,0,0.510231080399934,1.22864374442983e-06,"A_Banana_2022_version2","2"
"pomonabee",1,0,0.00124927225804618,0,0.453768281686943,0.000623251424183945,"A_Banana_2022_version2","2"
"red_ab_black_wasp",1,0,9.76607016501972e-06,0,0.483510312453616,9.59165399996562e-06,"A_Banana_2022_version2","2"
"skinny_Villa",1,0,2.66962889819669e-06,0,0.457821407917804,2.58118096247926e-06,"A_Banana_2022_version2","2"
"small_black_oviwasp",1,0,5.84201891696224e-06,0,0.504402874528618,5.51042972983642e-06,"A_Banana_2022_version2","2"
"small_halictid",1,0,1.20005457427626e-05,0,0.499112202482816,1.34645342831972e-05,"A_Banana_2022_version2","2"
"sml_stripe_SYR",1,0,0.00124687523646101,0,0.478787128687271,0.000452107197719656,"A_Banana_2022_version2","2"
"spotted_beetle",0,79.1230789793023,0.00250013966092666,0,95.5966871233632,0.00250303185780602,"A_Banana_2022_version2","2"
"STME",1,0,5.33582903450927e-05,0,0.493932043874605,3.74712714735367e-05,"A_Banana_2022_version2","2"
"UNKBOMB",1,0,0.000496184947120655,0,0.515861400480318,0.000108162838128936,"A_Banana_2022_version2","2"
"Villa",0,195.519729313598,0.00173574401143899,0,127.367314469738,0.00198674953085685,"A_Banana_2022_version2","2"
"weevil",1,0,0.000809457796989185,0,0.450166434794742,5.64917002403292e-05,"A_Banana_2022_version2","2"
"weird_honeybeeormega",0,5953.04565395027,0.000139410234602132,0,6014.76069808167,0.000183827116081625,"A_Banana_2022_version2","2"
"APME",1,2.14969504175498e-05,0,1,2.1442280720639e-05,0,"A_Banana_2022_version3","3"
"big_yellow_wasp",1,0,0,0,0.468496796730206,0,"A_Banana_2022_version3","3"
"black_fly",1,0,0,0,0.525662644568674,0,"A_Banana_2022_version3","3"
"black_oviwasp",1,0,0,0,0.512067265697786,0,"A_Banana_2022_version3","3"
"black_red_fly",1,0,0,0,0.514534582693379,0,"A_Banana_2022_version3","3"
"BOVO",1,0,0,0,0.482731327616019,0,"A_Banana_2022_version3","3"
"brown_bomb",1,0,0,0,0.465423242429003,0,"A_Banana_2022_version3","3"
"dark_APME",1,0,0,0,0.4684355042495,0,"A_Banana_2022_version3","3"
"dark_LH",1,0,0,0,0.495519921344481,0,"A_Banana_2022_version3","3"
"DIDU",1,0,0,0,0.503318036698419,0,"A_Banana_2022_version3","3"
"Eristolis",1,0,0,0,0.466242790322864,0,"A_Banana_2022_version3","3"
"ERST",1,0,0,0,0.542576956372977,0,"A_Banana_2022_version3","3"
"fuzzy_halictid",1,0,0,0,0.490905760620211,0,"A_Banana_2022_version3","3"
"Geron",1,0,0,0,0.453118743888623,0,"A_Banana_2022_version3","3"
"gray_bomb",1,0,0,0,0.466728536093947,0,"A_Banana_2022_version3","3"
"HALI",1,0,0,0,0.5065061309638,0,"A_Banana_2022_version3","3"
"halictid",1,0,0,0,0.548543108579956,0,"A_Banana_2022_version3","3"
"HATR",1,0,0,0,0.464025903313433,0,"A_Banana_2022_version3","3"
"HETH",1,0,0,0,0.483356988864651,0,"A_Banana_2022_version3","3"
"ICAC",1,0,0,0,0.480911848196253,0,"A_Banana_2022_version3","3"
"LAIN",1,0,0,0,0.485432634426017,0,"A_Banana_2022_version3","3"
"MEGA",1,0,0,0,0.466286798061937,0,"A_Banana_2022_version3","3"
"mega_ash",1,0,0,0,0.482215026967328,0,"A_Banana_2022_version3","3"
"MelissodesSp_",1,0,0,0,0.487958239874783,0,"A_Banana_2022_version3","3"
"MELU",1,0,0,0,0.514137575479288,0,"A_Banana_2022_version3","3"
"pale_brown_bomb",1,0,0,0,0.510231080399934,0,"A_Banana_2022_version3","3"
"pomonabee",1,0,0,0,0.453768281686943,0,"A_Banana_2022_version3","3"
"red_ab_black_wasp",1,0,0,0,0.483510312453616,0,"A_Banana_2022_version3","3"
"skinny_Villa",1,0,0,0,0.457821407917804,0,"A_Banana_2022_version3","3"
"small_black_oviwasp",1,0,0,0,0.504402874528618,0,"A_Banana_2022_version3","3"
"small_halictid",1,0,0,0,0.499112202482816,0,"A_Banana_2022_version3","3"
"sml_stripe_SYR",1,0,0,0,0.478787128687271,0,"A_Banana_2022_version3","3"
"spotted_beetle",1,0,0,0,0.475271846971136,0,"A_Banana_2022_version3","3"
"STME",1,0,0,0,0.493932043874605,0,"A_Banana_2022_version3","3"
"UNKBOMB",1,0,0,0,0.515861400480318,0,"A_Banana_2022_version3","3"
"Villa",1,0,0,0,0.482557872697971,0,"A_Banana_2022_version3","3"
"weevil",1,0,0,0,0.450166434794742,0,"A_Banana_2022_version3","3"
"weird_honeybeeormega",1,0,0,0,0.547269595226864,0,"A_Banana_2022_version3","3"
"APME",1,2.33463802274192e-05,2.58283459852478e-06,1,2.30546917190862e-05,3.12079883202591e-06,"A_Bertha_2022_summer_version1","1"
"black_oviwasp",1,0,6.17388556293208e-05,0,0.487277700676246,0.000102411767763632,"A_Bertha_2022_summer_version1","1"
"blue_eyed_sab",1,0,0.00125012513455178,0,0.47631526567336,0.00180548565966204,"A_Bertha_2022_summer_version1","1"
"BOCA",1,0,4.12895305335276e-08,0,0.530670172153353,4.0361177346997e-08,"A_Bertha_2022_summer_version1","1"
"BOCR",1,0,2.58283459852478e-06,0,0.473583381401181,3.12079883202591e-06,"A_Bertha_2022_summer_version1","1"
"BOVO",1,0,2.58283459852478e-06,0,0.51589120964794,3.12079883202591e-06,"A_Bertha_2022_summer_version1","1"
"cobalt_beetle",1,0,2.58283459852478e-06,0,0.483560552929323,3.12079883202591e-06,"A_Bertha_2022_summer_version1","1"
"DAPL",1,0,0.000555670640983371,0,0.502213083138789,0.000556241180622372,"A_Bertha_2022_summer_version1","1"
"dark_gray_bomb",1,0,6.17388556293208e-05,0,0.495288313620392,0.000102411767763632,"A_Bertha_2022_summer_version1","1"
"delta_moth",1,0,2.58283459852478e-06,0,0.510687017934717,3.12079883202591e-06,"A_Bertha_2022_summer_version1","1"
"DIDU",1,0,0.000555670640983371,0,0.516710428784932,0.000556241180622372,"A_Bertha_2022_summer_version1","1"
"duskywing",1,0,6.17388556293208e-05,0,0.452176588355646,0.000102411767763632,"A_Bertha_2022_summer_version1","1"
"ERST",1,0,0.207588294813218,0,0.531920493339151,0.000105671493403863,"A_Bertha_2022_summer_version1","1"
"fritlliary",1,0,2.58283459852478e-06,0,0.487731551117139,3.12079883202591e-06,"A_Bertha_2022_summer_version1","1"
"Geron",1,0,4.12895305335276e-08,0,0.504179625750603,4.0361177346997e-08,"A_Bertha_2022_summer_version1","1"
"gold_anth",1,0,2.58283459852478e-06,0,0.546969990384285,3.12079883202591e-06,"A_Bertha_2022_summer_version1","1"
"gold_diggerwasp",1,0,5.16566919704957e-06,0,0.524628388683604,6.24159766405182e-06,"A_Bertha_2022_summer_version1","1"
"gold_red_wasp",1,0,0.000123477711258642,0,0.529328605336756,0.000204823535527264,"A_Bertha_2022_summer_version1","1"
"goldwasp",0,32.4514140422928,0.0050003234915958,0,0.0606653209742489,0.00284258623360579,"A_Bertha_2022_summer_version1","1"
"HALI",0,0.0148732195761494,0.00111134128196674,0,0.0177533973073469,0.00111248236124474,"A_Bertha_2022_summer_version1","1"
"HALI_LATI",1,0,0.00124946261255765,0,0.490674982006045,0.000904303229247033,"A_Bertha_2022_summer_version1","1"
"HETH",0,65.1780407959038,0.00250025026910137,0,64.4956286947341,0.00259272793975685,"A_Bertha_2022_summer_version1","1"
"ICAC",0,52.442052043299,0.00166701192295011,0,78.3568095871542,0.00166872354186712,"A_Bertha_2022_summer_version1","1"
"JUCO",1,0,1.03313383940991e-05,0,0.47138193120313,1.24831953281036e-05,"A_Bertha_2022_summer_version1","1"
"LAIN",1,0,1.03313383940991e-05,0,0.516117731000352,1.24831953281036e-05,"A_Bertha_2022_summer_version1","1"
"MELU",1,0,0.000246955422517283,0,0.490704922909245,0.000409647071054528,"A_Bertha_2022_summer_version1","1"
"PHMY",1,0,1.03313383940991e-05,0,0.477639335686173,1.24831953281036e-05,"A_Bertha_2022_summer_version1","1"
"red_ab_skinnyblackfly",1,0,0.000492222392417692,0,0.484314877509286,0.000164703598273848,"A_Bertha_2022_summer_version1","1"
"sab_wasp",0,37.4913954978665,0.00166701192294975,0,0.180189848241314,0.00100293797359698,"A_Bertha_2022_summer_version1","1"
"shiny_Beetle",1,0,1.78106459271152e-05,0,0.518840092173237,2.59428387767885e-05,"A_Bertha_2022_summer_version1","1"
"small_skinny_syr",1,0,0.000249817745181748,0,0.545429155600923,0.000366159879239394,"A_Bertha_2022_summer_version1","1"
"small_syrphid",1,0,1.71612023430023e-05,0,0.52781818470816,2.32682560216335e-05,"A_Bertha_2022_summer_version1","1"
"STME",0,0.0318369669688237,0.000370433076021587,0,0.170793401761888,0.000461917860234286,"A_Bertha_2022_summer_version1","1"
"UNKBOMB",1,0,2.06626767881983e-05,0,0.452165610996152,2.49663906562073e-05,"A_Bertha_2022_summer_version1","1"
"UNKMOTH",0,269.375185562346,0.000555649700663883,0,221.172597812294,0.000558227568055479,"A_Bertha_2022_summer_version1","1"
"vespid",0,0.0423294754204165,6.97365341601692e-05,0,0.0377950689736913,8.42615684646995e-05,"A_Bertha_2022_summer_version1","1"
"weevil",0,1856.42210826826,8.92913632059187e-05,0,1771.73118383736,9.46958181330601e-05,"A_Bertha_2022_summer_version1","1"
"XECA",0,11836.9198415456,6.42177880519349e-05,0,11316.5154923286,9.0003195123505e-05,"A_Bertha_2022_summer_version1","1"
"APME",1,2.28727675346136e-05,0,1,2.2911097603809e-05,0,"A_Bertha_2022_summer_version2","2"
"black_oviwasp",1,0,6.17378413556771e-05,0,0.487277700676246,0.000103460773010476,"A_Bertha_2022_summer_version2","2"
"blue_eyed_sab",1,0,6.17378413556771e-05,0,0.47631526567336,0.000103460773010476,"A_Bertha_2022_summer_version2","2"
"BOCA",0,0.00106502131484302,0.00125010551681083,0,0.00545545738894917,0.00180582825885432,"A_Bertha_2022_summer_version2","2"
"BOCR",1,0,4.12886977811365e-08,0,0.473583381401181,4.68946089266544e-08,"A_Bertha_2022_summer_version2","2"
"BOVO",1,0,0,0,0.51589120964794,0,"A_Bertha_2022_summer_version2","2"
"cobalt_beetle",1,0,0,0,0.483560552929323,0,"A_Bertha_2022_summer_version2","2"
"DAPL",1,0,0,0,0.502213083138789,0,"A_Bertha_2022_summer_version2","2"
"dark_gray_bomb",1,0,0.000555653193731738,0,0.495288313620392,0.000555645432582286,"A_Bertha_2022_summer_version2","2"
"delta_moth",1,0,6.17378413556771e-05,0,0.510687017934717,0.000103460773010476,"A_Bertha_2022_summer_version2","2"
"DIDU",1,0,0,0,0.516710428784932,0,"A_Bertha_2022_summer_version2","2"
"duskywing",1,0,0.000555653193731738,0,0.452176588355646,0.000555645432582286,"A_Bertha_2022_summer_version2","2"
"ERST",1,0,6.17378413556771e-05,0,0.531920493339151,0.000103460773010476,"A_Bertha_2022_summer_version2","2"
"fritlliary",0,35.7539390612946,0.00500023163732217,0,35.7539362393639,0.00500023202112,"A_Bertha_2022_summer_version2","2"
"Geron",1,0,0,0,0.504179625750603,0,"A_Bertha_2022_summer_version2","2"
"gold_anth",1,0,4.12886977811365e-08,0,0.546969990384285,4.68946089266544e-08,"A_Bertha_2022_summer_version2","2"
"gold_diggerwasp",1,0,0,0,0.524628388683604,0,"A_Bertha_2022_summer_version2","2"
"gold_red_wasp",1,0,0,0,0.529328605336756,0,"A_Bertha_2022_summer_version2","2"
"goldwasp",1,0,0.000123475682711354,0,0.525869894854664,0.000206921546020951,"A_Bertha_2022_summer_version2","2"
"HALI",0,33.4429081252335,0.0050002318755283,0,0.10660237830573,0.00311781995742916,"A_Bertha_2022_summer_version2","2"
"HALI_LATI",0,0.0143401875615826,0.00111130638746348,0,0.0138273657402661,0.00111129086516457,"A_Bertha_2022_summer_version2","2"
"HETH",1,0,3.71323278744154e-05,0,0.474422575591329,5.17303865052378e-05,"A_Bertha_2022_summer_version2","2"
"ICAC",1,0,0.00124946606335473,0,0.520227963463509,0.000902914129427162,"A_Bertha_2022_summer_version2","2"
"JUCO",0,66.8958274001576,0.00250021103362002,0,69.4383084401104,0.00259298615599986,"A_Bertha_2022_summer_version2","2"
"LAIN",0,48.9657234843827,0.00166695958119521,0,45.0115485943426,0.00166693629774686,"A_Bertha_2022_summer_version2","2"
"MELU",0,46.5547299194302,0.00166695958119521,0,42.7952522323366,0.00166693629774686,"A_Bertha_2022_summer_version2","2"
"PHMY",1,0,0,0,0.477639335686173,0,"A_Bertha_2022_summer_version2","2"
"red_ab_skinnyblackfly",1,0,0,0,0.484314877509286,0,"A_Bertha_2022_summer_version2","2"
"sab_wasp",1,0,0.000246951365422708,0,0.480146298571558,0.000413843092041903,"A_Bertha_2022_summer_version2","2"
"shiny_Beetle",1,0,0,0,0.518840092173237,0,"A_Bertha_2022_summer_version2","2"
"small_skinny_syr",1,0,0.000491331357075978,0,0.545429155600923,0.000164823446007117,"A_Bertha_2022_summer_version2","2"
"small_syrphid",1,0,0.000249634275909465,0,0.52781818470816,0.000442203560149979,"A_Bertha_2022_summer_version2","2"
"STME",0,0.0404174242570476,0.000370427048134063,0,4.39675367526415,0.000620764638062854,"A_Bertha_2022_summer_version2","2"
"UNKBOMB",1,0,0,0,0.452165610996152,0,"A_Bertha_2022_summer_version2","2"
"UNKMOTH",0,333.515320416946,0.000555640572201093,0,307.42668012962,0.00055869130056383,"A_Bertha_2022_summer_version2","2"
"vespid",1,0,4.48889584153454e-05,0,0.455375200559094,2.24130585224803e-05,"A_Bertha_2022_summer_version2","2"
"weevil",1,0,0,0,0.490995796695815,0,"A_Bertha_2022_summer_version2","2"
"XECA",0,10388.87566547,3.14198798568714e-05,0,10425.3351224351,4.77581166856552e-05,"A_Bertha_2022_summer_version2","2"
"APME",1,2.30310143881458e-05,2.58283673145213e-06,1,2.35390590887499e-05,6.8592773688349e-06,"A_Bertha_2022_summer_version3","3"
"black_oviwasp",1,0,0,0,0.487277700676246,0,"A_Bertha_2022_summer_version3","3"
"blue_eyed_sab",1,0,0,0,0.47631526567336,0,"A_Bertha_2022_summer_version3","3"
"BOCA",1,0,0,0,0.530670172153353,0,"A_Bertha_2022_summer_version3","3"
"BOCR",1,0,0,0,0.473583381401181,0,"A_Bertha_2022_summer_version3","3"
"BOVO",1,0,2.58283673145213e-06,0,0.51589120964794,6.8592773688349e-06,"A_Bertha_2022_summer_version3","3"
"cobalt_beetle",1,0,2.58283673145213e-06,0,0.483560552929323,6.8592773688349e-06,"A_Bertha_2022_summer_version3","3"
"DAPL",1,0,2.58283673145213e-06,0,0.502213083138789,6.8592773688349e-06,"A_Bertha_2022_summer_version3","3"
"dark_gray_bomb",1,0,0,0,0.495288313620392,0,"A_Bertha_2022_summer_version3","3"
"delta_moth",1,0,0,0,0.510687017934717,0,"A_Bertha_2022_summer_version3","3"
"DIDU",1,0,2.58283673145213e-06,0,0.516710428784932,6.8592773688349e-06,"A_Bertha_2022_summer_version3","3"
"duskywing",1,0,0,0,0.452176588355646,0,"A_Bertha_2022_summer_version3","3"
"ERST",1,0,0,0,0.531920493339151,0,"A_Bertha_2022_summer_version3","3"
"fritlliary",1,0,0,0,0.487731551117139,0,"A_Bertha_2022_summer_version3","3"
"Geron",1,0,2.58283673145213e-06,0,0.504179625750603,6.8592773688349e-06,"A_Bertha_2022_summer_version3","3"
"gold_anth",1,0,0,0,0.546969990384285,0,"A_Bertha_2022_summer_version3","3"
"gold_diggerwasp",1,0,2.58283673145213e-06,0,0.524628388683604,6.8592773688349e-06,"A_Bertha_2022_summer_version3","3"
"gold_red_wasp",1,0,5.16567346290427e-06,0,0.529328605336756,1.37185547376698e-05,"A_Bertha_2022_summer_version3","3"
"goldwasp",1,0,0,0,0.525869894854664,0,"A_Bertha_2022_summer_version3","3"
"HALI",1,0,1.3042066852927e-06,0,0.495322822334861,3.42963868441745e-06,"A_Bertha_2022_summer_version3","3"
"HALI_LATI",1,0,0,0,0.490674982006045,0,"A_Bertha_2022_summer_version3","3"
"HETH",1,0,1.3042066852927e-06,0,0.474422575591329,3.42963868441745e-06,"A_Bertha_2022_summer_version3","3"
"ICAC",1,0,1.3042066852927e-06,0,0.520227963463509,3.42963868441745e-06,"A_Bertha_2022_summer_version3","3"
"JUCO",1,0,0,0,0.47138193120313,0,"A_Bertha_2022_summer_version3","3"
"LAIN",1,0,0,0,0.516117731000352,0,"A_Bertha_2022_summer_version3","3"
"MELU",1,0,0,0,0.490704922909245,0,"A_Bertha_2022_summer_version3","3"
"PHMY",1,0,1.03313469258085e-05,0,0.477639335686173,2.74371094753396e-05,"A_Bertha_2022_summer_version3","3"
"red_ab_skinnyblackfly",1,0,1.03313469258085e-05,0,0.484314877509286,2.74371094753396e-05,"A_Bertha_2022_summer_version3","3"
"sab_wasp",1,0,0,0,0.480146298571558,0,"A_Bertha_2022_summer_version3","3"
"shiny_Beetle",1,0,1.03313469258085e-05,0,0.518840092173237,2.74371094753396e-05,"A_Bertha_2022_summer_version3","3"
"small_skinny_syr",1,0,0,0,0.545429155600923,0,"A_Bertha_2022_summer_version3","3"
"small_syrphid",1,0,0,0,0.52781818470816,0,"A_Bertha_2022_summer_version3","3"
"STME",1,0,0,0,0.540230390052418,0,"A_Bertha_2022_summer_version3","3"
"UNKBOMB",1,0,2.06626938516171e-05,0,0.452165610996152,5.48742189506792e-05,"A_Bertha_2022_summer_version3","3"
"UNKMOTH",1,0,5.81990477991035e-06,0,0.54742401232823,1.14321289480582e-05,"A_Bertha_2022_summer_version3","3"
"vespid",1,0,1.38512154516336e-07,0,0.455375200559094,3.61014598359732e-07,"A_Bertha_2022_summer_version3","3"
"weevil",0,0.0303845473287527,6.97365917492076e-05,0,939.286401620092,0.000185200488958542,"A_Bertha_2022_summer_version3","3"
"XECA",0,1520.86692169101,0.000215859664948348,0,0.0479332314586649,3.33657311207647e-05,"A_Bertha_2022_summer_version3","3"
"x_Cabbage_",1,2.35157260255609e-05,2.83523737643827e-06,1,2.35123330475594e-05,3.00810566992816e-06,"A_bertha_2022_version1","1"
"ADEL",1,0,2.83523737643827e-06,0,0.544925102821982,3.00810566992816e-06,"A_bertha_2022_version1","1"
"ADELA",1,0,2.83523737643827e-06,0,0.456203129052279,3.00810566992816e-06,"A_bertha_2022_version1","1"
"ADFL",1,0,2.83523737643827e-06,0,0.505989981655027,3.00810566992816e-06,"A_bertha_2022_version1","1"
"ADTR",1,0,6.17313934871791e-05,0,0.473621676035049,0.000104698813276026,"A_bertha_2022_version1","1"
"ANBA",0,0.00140948211477151,0.00125011040473231,0,0.595200386832861,0.004244804657572,"A_bertha_2022_version1","1"
"ANCA",1,0,2.83523737643827e-06,0,0.469797861305903,3.00810566992816e-06,"A_bertha_2022_version1","1"
"ANDL",1,0,2.83523737643827e-06,0,0.492654968305796,3.00810566992816e-06,"A_bertha_2022_version1","1"
"andrena",1,0,2.83523737643827e-06,0,0.452052315511765,3.00810566992816e-06,"A_bertha_2022_version1","1"
"Andrena",0,0.00166639749202478,0.00125011040473231,0,0.703691392389772,0.004244804657572,"A_bertha_2022_version1","1"
"andrena_fly",1,0,2.99398659303246e-05,0,0.485212410583725,3.49375380880216e-05,"A_bertha_2022_version1","1"
"andrena_hoverfly",1,0,2.83523737643827e-06,0,0.464984680672635,3.00810566992816e-06,"A_bertha_2022_version1","1"
"ANLE",1,0,0.000102045791820464,0,0.49752806497157,0.000117834174206112,"A_bertha_2022_version1","1"
"ANPL",1,0,0.00020000825996511,0,0.454187977176247,0.000359157252100695,"A_bertha_2022_version1","1"
"Anth_Syr",1,0,2.83523737643827e-06,0,0.537332401185917,3.00810566992816e-06,"A_bertha_2022_version1","1"
"APME",1,0,2.83523737643827e-06,0,0.545666731705734,3.00810566992816e-06,"A_bertha_2022_version1","1"
"beetle_1",1,0,2.83523737643827e-06,0,0.52075977826992,3.00810566992816e-06,"A_bertha_2022_version1","1"
"big_by_apid",1,0,2.99398659303246e-05,0,0.509593382552077,3.49375380880216e-05,"A_bertha_2022_version1","1"
"big_skinny_black_fly",1,0,2.83523737643827e-06,0,0.535980552754356,3.00810566992816e-06,"A_bertha_2022_version1","1"
"black_fly_2",1,0,2.83523737643827e-06,0,0.525150142458803,3.00810566992816e-06,"A_bertha_2022_version1","1"
"black_lep",1,0,2.83523737643827e-06,0,0.498444305103479,3.00810566992816e-06,"A_bertha_2022_version1","1"
"black_round_bee",0,32.4024015495302,0.00500023126483262,0,32.4464001337906,0.0050001697609183,"A_bertha_2022_version1","1"
"blackbee",1,0,2.83523737643827e-06,0,0.496737228216015,3.00810566992816e-06,"A_bertha_2022_version1","1"
"blk_fly",1,0,2.83523737643827e-06,0,0.462594626570397,3.00810566992816e-06,"A_bertha_2022_version1","1"
"BOCA",1,0,6.17313934871791e-05,0,0.527888768668235,0.000104698813276026,"A_bertha_2022_version1","1"
"BOED",1,0,0.000555582775652822,0,0.526535007020708,0.000888126579060078,"A_bertha_2022_version1","1"
"BOMA",1,0,2.83523737643827e-06,0,0.473862997034501,3.00810566992816e-06,"A_bertha_2022_version1","1"
"BOVO",1,0,6.17313934871791e-05,0,0.515391158855237,0.000104698813276026,"A_bertha_2022_version1","1"
"buckeye",1,0,5.67047475287653e-06,0,0.479206879962798,6.01621133985632e-06,"A_bertha_2022_version1","1"
"by_SYR",1,0,5.67047475287653e-06,0,0.530031534740716,6.01621133985632e-06,"A_bertha_2022_version1","1"
"carder",1,0,0.000123462786974358,0,0.540004387213851,0.000209397626552052,"A_bertha_2022_version1","1"
"click_beetle",1,0,7.468199112449e-05,0,0.453735903186601,7.63858561470668e-05,"A_bertha_2022_version1","1"
"Colias",1,0,4.75728478774686e-05,0,0.539324857196456,6.98181756820239e-05,"A_bertha_2022_version1","1"
"cone_bomb",1,0,5.67047475287653e-06,0,0.532874900839699,6.01621133985632e-06,"A_bertha_2022_version1","1"
"Cone_Bomb",1,0,0.000123462786974358,0,0.528458412819755,0.000209397626552052,"A_bertha_2022_version1","1"
"cranefly",1,0,5.98797318606492e-05,0,0.500544261629947,6.98750761760433e-05,"A_bertha_2022_version1","1"
"dark_Andrena",1,0,0.000157213654449923,0,0.547405214513375,0.000181082678885312,"A_bertha_2022_version1","1"
"dark_fuzzy_andrena",1,0,5.67047475287653e-06,0,0.539440326294601,6.01621133985632e-06,"A_bertha_2022_version1","1"
"dark_green_andrena",1,0,5.67047475287653e-06,0,0.473564033360949,6.01621133985632e-06,"A_bertha_2022_version1","1"
"dark_green_Andrena",1,0,0.000523978672436149,0,0.49070869746651,0.00030005300057993,"A_bertha_2022_version1","1"
"EUAC",1,0,8.5057121293148e-06,0,0.541078319629225,9.02431700978447e-06,"A_bertha_2022_version1","1"
"EUAL",1,0,8.5057121293148e-06,0,0.503318008386212,9.02431700978447e-06,"A_bertha_2022_version1","1"
"fuzzy_nomad",1,0,8.5057121293148e-06,0,0.465766947071891,9.02431700978447e-06,"A_bertha_2022_version1","1"
"GOLD_BOMB",0,12.3838117296621,0.00500034020093956,0,0.416528951893489,0.00360127927161173,"A_bertha_2022_version1","1"
"gray_moth",1,0,8.5057121293148e-06,0,0.450102171162191,9.02431700978447e-06,"A_bertha_2022_version1","1"
"green_gold_Andrena",0,10.6143815090161,0.00500034021147106,0,0.0534123110814206,0.00289426048263528,"A_bertha_2022_version1","1"
"green_lacewing",1,0,0.000183746012191937,0,0.474480501434058,0.000236324356288541,"A_bertha_2022_version1","1"
"greenish_andrena",1,0,1.13409495057531e-05,0,0.493787602215906,1.20324226797126e-05,"A_bertha_2022_version1","1"
"greenish_Andrena",1,0,1.13409495057531e-05,0,0.488230442739199,1.20324226797126e-05,"A_bertha_2022_version1","1"
"HETH",1,0,1.13409495057531e-05,0,0.489051117719641,1.20324226797126e-05,"A_bertha_2022_version1","1"
"lh_andrena",1,0,2.42781264482666e-05,0,0.482135513998631,3.29429410763449e-05,"A_bertha_2022_version1","1"
"muscid",1,0,1.13409495057531e-05,0,0.451583774993934,1.20324226797126e-05,"A_bertha_2022_version1","1"
"Muscid",1,0,1.13409495057531e-05,0,0.468506323042561,1.20324226797126e-05,"A_bertha_2022_version1","1"
"NOHE",1,0,0.00124735457583678,0,0.485771376330299,0.000505668661949779,"A_bertha_2022_version1","1"
"NOSPHE",0,21.0934091083325,0.00500023529239148,0,10.8446616079518,0.00480825668486808,"A_bertha_2022_version1","1"
"OSCA",1,0,0.0011975750296368,0,0.485973919805127,0.000630778049380817,"A_bertha_2022_version1","1"
"paper_wasp",1,0,1.70114242586296e-05,0,0.463670164772156,1.80486340195689e-05,"A_bertha_2022_version1","1"
"pink_brown_moth",1,0,1.70114242586296e-05,0,0.50445932562205,1.80486340195689e-05,"A_bertha_2022_version1","1"
"RAB_bee",1,0,0.00124821534603148,0,0.547885729790612,0.000732938860261147,"A_bertha_2022_version1","1"
"SAB",1,0,2.29521556246996e-05,0,0.515460590815852,3.15119988878132e-05,"A_bertha_2022_version1","1"
"skinny_black_bee",0,22.3026537005031,0.00500024166970355,1,0,0.000815814234334046,"A_bertha_2022_version1","1"
"skinny_black_fly",0,168.291931750867,0.00248310844046389,0,196.096655735213,0.00286320379812839,"A_bertha_2022_version1","1"
"small_black_bee",1,0,3.11876111408209e-05,0,0.515964955448157,3.30891623692097e-05,"A_bertha_2022_version1","1"
"small_blk_bee",1,0,3.62582941486753e-05,0,0.523006217169113,5.99970744630465e-05,"A_bertha_2022_version1","1"
"small_blk_beetle",0,5.28780347276446,0.00500034021002878,1,0,0.00072371640634971,"A_bertha_2022_version1","1"
"small_dark_Andrena",0,27.8826864607712,0.0050002336900381,0,29.1514169882581,0.00490708232716764,"A_bertha_2022_version1","1"
"smoothwing",1,0,0.00107919711284182,0,0.46891445755908,0.000322292891258528,"A_bertha_2022_version1","1"
"sulfur",0,190.779315536589,0.0017949654076541,0,251.978622223278,0.00189428524027497,"A_bertha_2022_version1","1"
"UNIN",0,46.8208761278323,0.00252184820024687,0,3.79960634701407,0.00155304896420021,"A_bertha_2022_version1","1"
"UNKBEE",0,25.8142308716436,0.000359279273607038,0,10.2308598143292,0.000438896063031502,"A_bertha_2022_version1","1"
"UNKBEE_FLY",0,37.0280779669661,0.00500023606349557,0,51.3927137178158,0.00441447198658439,"A_bertha_2022_version1","1"
"UNKBOMB",0,349.255834509629,0.000700726657005233,0,386.772883427607,0.00109689568113332,"A_bertha_2022_version1","1"
"UNKFLY",0,0.0048765366187892,6.52104596580801e-05,0,0.00682068794489262,6.91864304083476e-05,"A_bertha_2022_version1","1"
"UNKMOTH",0,429.445415744217,0.000625348802602763,0,298.719662061281,0.000653234308205163,"A_bertha_2022_version1","1"
"UNKSYR",0,0.0642406155174166,7.94496796077619e-05,0,0.103378664525717,0.000271456481927755,"A_bertha_2022_version1","1"
"UNKWASP",0,0.10422938033212,8.22409596748842e-05,0,0.167313071891579,0.000268230854226405,"A_bertha_2022_version1","1"
"wasp_fly",0,0.208527770807127,8.50606348538337e-05,0,0.265412362377327,0.000158903171343778,"A_bertha_2022_version1","1"
"white_butterfly",0,225.01115213705,0.00137258989368954,0,257.359332289007,0.00123928057430299,"A_bertha_2022_version1","1"
"Xylocopa",0,1269.0887639149,0.000232796819743284,0,1179.12708150152,0.000330655551038113,"A_bertha_2022_version1","1"
"x_Cabbage_",1,2.33798944999499e-05,0,1,2.33127498337818e-05,0,"A_bertha_2022_version2","2"
"ADEL",1,0,0,0,0.544925102821982,0,"A_bertha_2022_version2","2"
"ADELA",1,0,0,0,0.456203129052279,0,"A_bertha_2022_version2","2"
"ADFL",1,0,0,0,0.505989981655027,0,"A_bertha_2022_version2","2"
"ADTR",1,0,0,0,0.473621676035049,0,"A_bertha_2022_version2","2"
"ANBA",1,0,0,0,0.45950912107225,0,"A_bertha_2022_version2","2"
"ANCA",1,0,0,0,0.469797861305903,0,"A_bertha_2022_version2","2"
"ANDL",1,0,0,0,0.492654968305796,0,"A_bertha_2022_version2","2"
"andrena",1,0,6.17379987067248e-05,0,0.452052315511765,8.28402836601152e-05,"A_bertha_2022_version2","2"
"Andrena",0,0.00169257218917552,0.00125011804811934,0,2.93182900154888,0.00475668753537311,"A_bertha_2022_version2","2"
"andrena_fly",1,0,0,0,0.485212410583725,0,"A_bertha_2022_version2","2"
"andrena_hoverfly",1,0,0,0,0.464984680672635,0,"A_bertha_2022_version2","2"
"ANLE",1,0,0,0,0.49752806497157,0,"A_bertha_2022_version2","2"
"ANPL",0,0.00141504308744465,0.00125011804811934,0,2.45110039557126,0.00475668753537311,"A_bertha_2022_version2","2"
"Anth_Syr",1,0,0,0,0.537332401185917,0,"A_bertha_2022_version2","2"
"APME",1,0,0.000102068942544137,0,0.545666731705734,0.000112772619566129,"A_bertha_2022_version2","2"
"beetle_1",1,0,0,0,0.52075977826992,0,"A_bertha_2022_version2","2"
"big_by_apid",1,0,0,0,0.509593382552077,0,"A_bertha_2022_version2","2"
"big_skinny_black_fly",1,0,0.000102068942544137,0,0.535980552754356,0.000112772619566129,"A_bertha_2022_version2","2"
"black_fly_2",1,0,0,0,0.525150142458803,0,"A_bertha_2022_version2","2"
"black_lep",1,0,0,0,0.498444305103479,0,"A_bertha_2022_version2","2"
"black_round_bee",1,0,6.17379987067248e-05,0,0.453435874173155,8.28402836601152e-05,"A_bertha_2022_version2","2"
"blackbee",1,0,0,0,0.496737228216015,0,"A_bertha_2022_version2","2"
"blk_fly",1,0,0,0,0.462594626570397,0,"A_bertha_2022_version2","2"
"BOCA",0,28.5439263111829,0.00500023362229941,0,28.5439302055165,0.00500023294661786,"A_bertha_2022_version2","2"
"BOED",1,0,0,0,0.526535007020708,0,"A_bertha_2022_version2","2"
"BOMA",1,0,0,0,0.473862997034501,0,"A_bertha_2022_version2","2"
"BOVO",1,0,0,0,0.515391158855237,0,"A_bertha_2022_version2","2"
"buckeye",1,0,6.17379987067248e-05,0,0.479206879962798,8.28402836601152e-05,"A_bertha_2022_version2","2"
"by_SYR",1,0,0.000555582858538879,0,0.530031534740716,0.000841503035546694,"A_bertha_2022_version2","2"
"carder",1,0,0,0,0.540004387213851,0,"A_bertha_2022_version2","2"
"click_beetle",1,0,6.17379987067248e-05,0,0.453735903186601,8.28402836601152e-05,"A_bertha_2022_version2","2"
"Colias",1,0,0,0,0.539324857196456,0,"A_bertha_2022_version2","2"
"cone_bomb",1,0,0,0,0.532874900839699,0,"A_bertha_2022_version2","2"
"Cone_Bomb",1,0,0.00012347599741345,0,0.528458412819755,0.00016568056732023,"A_bertha_2022_version2","2"
"cranefly",1,0,0,0,0.500544261629947,0,"A_bertha_2022_version2","2"
"dark_Andrena",1,0,0.00012347599741345,0,0.547405214513375,0.00016568056732023,"A_bertha_2022_version2","2"
"dark_fuzzy_andrena",1,0,0,0,0.539440326294601,0,"A_bertha_2022_version2","2"
"dark_green_andrena",1,0,0,0,0.473564033360949,0,"A_bertha_2022_version2","2"
"dark_green_Andrena",0,14.8848628999157,0.00500023139952365,0,2.449297512109,0.00473123369821249,"A_bertha_2022_version2","2"
"EUAC",1,0,0.000527022858219754,0,0.541078319629225,0.000280501011848898,"A_bertha_2022_version2","2"
"EUAL",1,0,0,0,0.503318008386212,0,"A_bertha_2022_version2","2"
"fuzzy_nomad",1,0,0,0,0.465766947071891,0,"A_bertha_2022_version2","2"
"GOLD_BOMB",1,0,0,0,0.545079437268469,0,"A_bertha_2022_version2","2"
"gray_moth",0,11.1475252540071,0.00500023138471561,0,0.574223897315828,0.00398420504419933,"A_bertha_2022_version2","2"
"green_gold_Andrena",1,0,0,0,0.467190722942907,0,"A_bertha_2022_version2","2"
"green_lacewing",1,0,0.000183800854323164,0,0.474480501434058,0.000186390638235259,"A_bertha_2022_version2","2"
"greenish_andrena",1,0,0,0,0.493787602215906,0,"A_bertha_2022_version2","2"
"greenish_Andrena",1,0,0,0,0.488230442739199,0,"A_bertha_2022_version2","2"
"HETH",1,0,0,0,0.489051117719641,0,"A_bertha_2022_version2","2"
"lh_andrena",0,23.1077694199235,0.00500023434628106,0,31.9517523924296,0.00488861908276703,"A_bertha_2022_version2","2"
"muscid",1,0,2.07631061486572e-05,0,0.451583774993934,2.07100709150288e-05,"A_bertha_2022_version2","2"
"Muscid",1,0,0,0,0.468506323042561,0,"A_bertha_2022_version2","2"
"NOHE",1,0,0,0,0.485771376330299,0,"A_bertha_2022_version2","2"
"NOSPHE",1,0,0.00118007845461673,0,0.459521983335503,0.000647142057822812,"A_bertha_2022_version2","2"
"OSCA",1,0,0.00124739685299898,0,0.485973919805127,0.000498029547234605,"A_bertha_2022_version2","2"
"paper_wasp",0,0.112104816980509,0.000510344709777669,0,0.0393869027842254,0.000469885914858871,"A_bertha_2022_version2","2"
"pink_brown_moth",0,62.8715392660236,0.0036590467791133,0,95.0884013290313,0.00327520115997776,"A_bertha_2022_version2","2"
"RAB_bee",1,0,0,0,0.547885729790612,0,"A_bertha_2022_version2","2"
"SAB",1,0,0,0,0.515460590815852,0,"A_bertha_2022_version2","2"
"skinny_black_bee",1,0,0.00124867024484294,0,0.546149842020194,0.000806587969838871,"A_bertha_2022_version2","2"
"skinny_black_fly",0,46.5012234139656,0.00258893967203902,0,26.6677492304679,0.00350158671587581,"A_bertha_2022_version2","2"
"small_black_bee",1,0,1.10153792700099e-05,0,0.515964955448157,1.03550354575144e-05,"A_bertha_2022_version2","2"
"small_blk_bee",0,21.948504469236,0.00500023998175578,0,0.0983386644256146,0.0030181111907176,"A_bertha_2022_version2","2"
"small_blk_beetle",0,67.3295685802137,0.00252209693107329,0,128.564693910034,0.00255734535632617,"A_bertha_2022_version2","2"
"small_dark_Andrena",1,0,0,0,0.523393164423012,0,"A_bertha_2022_version2","2"
"smoothwing",1,0,0.00124511763323069,0,0.46891445755908,0.000596705302618502,"A_bertha_2022_version2","2"
"sulfur",0,223.398041885825,0.00291438152263674,0,222.667298599671,0.00292554394831344,"A_bertha_2022_version2","2"
"UNIN",1,0,0,0,0.458701076735138,0,"A_bertha_2022_version2","2"
"UNKBEE",0,6.05541783015265,0.00500023139841024,1,0,0.000788538949702081,"A_bertha_2022_version2","2"
"UNKBEE_FLY",1,0,0.00124640335987606,0,0.467326081365964,0.000317112502358207,"A_bertha_2022_version2","2"
"UNKBOMB",0,19.231586908077,0.00500023775752576,0,0.0344869682893871,0.0023214981315651,"A_bertha_2022_version2","2"
"UNKFLY",0,477.602448458009,0.000627664300389766,0,386.779647183345,0.000655746284569055,"A_bertha_2022_version2","2"
"UNKMOTH",1,0,0,0,0.543286094997677,0,"A_bertha_2022_version2","2"
"UNKSYR",1,0,0.00124611700335987,0,0.509398625958431,0.00106532622418092,"A_bertha_2022_version2","2"
"UNKWASP",1,0,0.00124597539416551,0,0.46270648334767,0.00103096086211057,"A_bertha_2022_version2","2"
"wasp_fly",1,0,0.00123994920770122,0,0.507865624296416,0.00087756573581956,"A_bertha_2022_version2","2"
"white_butterfly",0,222.268117292813,0.00145230631934036,0,215.003090876738,0.00187090813207233,"A_bertha_2022_version2","2"
"Xylocopa",0,74.4352702360162,0.00253087813444397,0,79.7378258273154,0.00272559233375692,"A_bertha_2022_version2","2"
"x_Cabbage_",1,2.34625110079339e-05,0,1,2.37302544001928e-05,0,"A_bertha_2022_version3","3"
"ADEL",1,0,0,0,0.544925102821982,0,"A_bertha_2022_version3","3"
"ADELA",1,0,0,0,0.456203129052279,0,"A_bertha_2022_version3","3"
"ADFL",1,0,0,0,0.505989981655027,0,"A_bertha_2022_version3","3"
"ADTR",1,0,2.83527252722883e-06,0,0.473621676035049,3.24080520645057e-06,"A_bertha_2022_version3","3"
"ANBA",1,0,2.83527252722883e-06,0,0.45950912107225,3.24080520645057e-06,"A_bertha_2022_version3","3"
"ANCA",1,0,2.83527252722883e-06,0,0.469797861305903,3.24080520645057e-06,"A_bertha_2022_version3","3"
"ANDL",1,0,2.83527252722883e-06,0,0.492654968305796,3.24080520645057e-06,"A_bertha_2022_version3","3"
"andrena",1,0,0,0,0.452052315511765,0,"A_bertha_2022_version3","3"
"Andrena",1,0,0,0,0.543266806236127,0,"A_bertha_2022_version3","3"
"andrena_fly",1,0,2.83527252722883e-06,0,0.485212410583725,3.24080520645057e-06,"A_bertha_2022_version3","3"
"andrena_hoverfly",1,0,2.83527252722883e-06,0,0.464984680672635,3.24080520645057e-06,"A_bertha_2022_version3","3"
"ANLE",1,0,2.83527252722883e-06,0,0.49752806497157,3.24080520645057e-06,"A_bertha_2022_version3","3"
"ANPL",1,0,0,0,0.454187977176247,0,"A_bertha_2022_version3","3"
"Anth_Syr",1,0,2.83527252722883e-06,0,0.537332401185917,3.24080520645057e-06,"A_bertha_2022_version3","3"
"APME",1,0,0,0,0.545666731705734,0,"A_bertha_2022_version3","3"
"beetle_1",1,0,2.83527252722883e-06,0,0.52075977826992,3.24080520645057e-06,"A_bertha_2022_version3","3"
"big_by_apid",1,0,2.83527252722883e-06,0,0.509593382552077,3.24080520645057e-06,"A_bertha_2022_version3","3"
"big_skinny_black_fly",1,0,0,0,0.535980552754356,0,"A_bertha_2022_version3","3"
"black_fly_2",1,0,2.83527252722883e-06,0,0.525150142458803,3.24080520645057e-06,"A_bertha_2022_version3","3"
"black_lep",1,0,2.83527252722883e-06,0,0.498444305103479,3.24080520645057e-06,"A_bertha_2022_version3","3"
"black_round_bee",1,0,0,0,0.453435874173155,0,"A_bertha_2022_version3","3"
"blackbee",1,0,2.83527252722883e-06,0,0.496737228216015,3.24080520645057e-06,"A_bertha_2022_version3","3"
"blk_fly",1,0,2.83527252722883e-06,0,0.462594626570397,3.24080520645057e-06,"A_bertha_2022_version3","3"
"BOCA",1,0,0,0,0.527888768668235,0,"A_bertha_2022_version3","3"
"BOED",1,0,2.83527252722883e-06,0,0.526535007020708,3.24080520645057e-06,"A_bertha_2022_version3","3"
"BOMA",1,0,2.83527252722883e-06,0,0.473862997034501,3.24080520645057e-06,"A_bertha_2022_version3","3"
"BOVO",1,0,2.83527252722883e-06,0,0.515391158855237,3.24080520645057e-06,"A_bertha_2022_version3","3"
"buckeye",1,0,0,0,0.479206879962798,0,"A_bertha_2022_version3","3"
"by_SYR",1,0,0,0,0.530031534740716,0,"A_bertha_2022_version3","3"
"carder",1,0,2.83527252722883e-06,0,0.540004387213851,3.24080520645057e-06,"A_bertha_2022_version3","3"
"click_beetle",1,0,0,0,0.453735903186601,0,"A_bertha_2022_version3","3"
"Colias",1,0,5.67054505445765e-06,0,0.539324857196456,6.48161041290113e-06,"A_bertha_2022_version3","3"
"cone_bomb",1,0,5.67054505445765e-06,0,0.532874900839699,6.48161041290113e-06,"A_bertha_2022_version3","3"
"Cone_Bomb",1,0,0,0,0.528458412819755,0,"A_bertha_2022_version3","3"
"cranefly",1,0,5.67054505445765e-06,0,0.500544261629947,6.48161041290113e-06,"A_bertha_2022_version3","3"
"dark_Andrena",1,0,0,0,0.547405214513375,0,"A_bertha_2022_version3","3"
"dark_fuzzy_andrena",1,0,5.67054505445765e-06,0,0.539440326294601,6.48161041290113e-06,"A_bertha_2022_version3","3"
"dark_green_andrena",1,0,5.67054505445765e-06,0,0.473564033360949,6.48161041290113e-06,"A_bertha_2022_version3","3"
"dark_green_Andrena",1,0,1.43204996081995e-06,0,0.49070869746651,1.62040260322528e-06,"A_bertha_2022_version3","3"
"EUAC",1,0,3.88143823605308e-06,0,0.541078319629225,4.32107360860075e-06,"A_bertha_2022_version3","3"
"EUAL",1,0,8.50581758168648e-06,0,0.503318008386212,9.7224156193517e-06,"A_bertha_2022_version3","3"
"fuzzy_nomad",1,0,8.50581758168648e-06,0,0.465766947071891,9.7224156193517e-06,"A_bertha_2022_version3","3"
"GOLD_BOMB",1,0,8.50581758168648e-06,0,0.545079437268469,9.7224156193517e-06,"A_bertha_2022_version3","3"
"gray_moth",1,0,9.5794658974719e-07,0,0.450102171162191,1.08026840215019e-06,"A_bertha_2022_version3","3"
"green_gold_Andrena",1,0,8.50581758168648e-06,0,0.467190722942907,9.7224156193517e-06,"A_bertha_2022_version3","3"
"green_lacewing",1,0,7.19683644511109e-07,0,0.474480501434058,8.10201301612642e-07,"A_bertha_2022_version3","3"
"greenish_andrena",1,0,1.13410901089153e-05,0,0.493787602215906,1.29632208258023e-05,"A_bertha_2022_version3","3"
"greenish_Andrena",1,0,1.13410901089153e-05,0,0.488230442739199,1.29632208258023e-05,"A_bertha_2022_version3","3"
"HETH",1,0,1.13410901089153e-05,0,0.489051117719641,1.29632208258023e-05,"A_bertha_2022_version3","3"
"lh_andrena",1,0,0,0,0.482135513998631,0,"A_bertha_2022_version3","3"
"muscid",1,0,6.65773640164689e-06,0,0.451583774993934,7.29181171451377e-06,"A_bertha_2022_version3","3"
"Muscid",1,0,1.13410901089153e-05,0,0.468506323042561,1.29632208258023e-05,"A_bertha_2022_version3","3"
"NOHE",1,0,1.13410901089153e-05,0,0.485771376330299,1.29632208258023e-05,"A_bertha_2022_version3","3"
"NOSPHE",1,0,5.7633589508143e-07,0,0.459521983335503,6.48161041290113e-07,"A_bertha_2022_version3","3"
"OSCA",1,0,9.60648882529335e-06,0,0.485973919805127,1.03705766606418e-05,"A_bertha_2022_version3","3"
"paper_wasp",1,0,4.8060768167914e-07,0,0.463670164772156,5.40134201075094e-07,"A_bertha_2022_version3","3"
"pink_brown_moth",1,0,0,0,0.50445932562205,0,"A_bertha_2022_version3","3"
"RAB_bee",1,0,1.7011635163373e-05,0,0.547885729790612,1.94448312387034e-05,"A_bertha_2022_version3","3"
"SAB",1,0,1.7011635163373e-05,0,0.515460590815852,1.94448312387034e-05,"A_bertha_2022_version3","3"
"skinny_black_bee",1,0,8.33210812905486e-06,0,0.546149842020194,8.64214721720151e-06,"A_bertha_2022_version3","3"
"skinny_black_fly",1,0,4.12150351305261e-07,0,0.540394833400098,4.62972172350081e-07,"A_bertha_2022_version3","3"
"small_black_bee",1,0,1.8852572726027e-05,0,0.515964955448157,1.98499318895097e-05,"A_bertha_2022_version3","3"
"small_blk_bee",1,0,1.04170611561741e-05,0,0.523006217169113,1.0127516270158e-05,"A_bertha_2022_version3","3"
"small_blk_beetle",1,0,0,0,0.465491961275922,0,"A_bertha_2022_version3","3"
"small_dark_Andrena",1,0,2.83527252722883e-05,0,0.523393164423012,3.24080520645057e-05,"A_bertha_2022_version3","3"
"smoothwing",0,33.8721317787067,0.0050002746806125,0,33.1353515663954,0.00496795970276625,"A_bertha_2022_version3","3"
"sulfur",1,0,1.10140784983071e-06,0,0.545288195458841,1.17847462052748e-06,"A_bertha_2022_version3","3"
"UNIN",1,0,3.11879977995171e-05,0,0.458701076735138,3.56488572709562e-05,"A_bertha_2022_version3","3"
"UNKBEE",1,0,3.09477395739267e-05,0,0.488996687456498,3.26781191650432e-05,"A_bertha_2022_version3","3"
"UNKBEE_FLY",1,0,3.96411868844615e-05,0,0.467326081365964,4.23465213642874e-05,"A_bertha_2022_version3","3"
"UNKBOMB",1,0,4.24125159185369e-05,0,0.549449517763895,3.83779563921778e-05,"A_bertha_2022_version3","3"
"UNKFLY",1,0,1.48731094683882e-06,0,0.498045057779199,1.45836234290276e-06,"A_bertha_2022_version3","3"
"UNKMOTH",0,0.00534323007090793,6.5211268126263e-05,0,0.0112877270532146,7.4538519748363e-05,"A_bertha_2022_version3","3"
"UNKSYR",0,0.0647027626105112,7.93876300768855e-05,0,0.1105047149454,8.46930427285748e-05,"A_bertha_2022_version3","3"
"UNKWASP",0,0.105054731041823,8.2222903073789e-05,0,0.189726430251549,8.79199089879008e-05,"A_bertha_2022_version3","3"
"wasp_fly",0,0.210336289502659,8.50581757515536e-05,0,0.402853091898388,9.11476464314222e-05,"A_bertha_2022_version3","3"
"white_butterfly",0,0.00402459794183826,6.52106012057451e-05,0,0.00142853354956705,5.04231163003632e-05,"A_bertha_2022_version3","3"
"Xylocopa",0,1263.1912942183,0.000119081446143611,0,1260.80679743668,0.000119099591337058,"A_bertha_2022_version3","3"
"APME",1,2.72264460324406e-05,6.25730955695731e-05,1,2.8692481294615e-05,8.76997740048989e-05,"A_Bertha_2023_summer_version1","1"
"black_bee",1,0,6.25730955695731e-05,0,0.465219053400317,8.76997740048989e-05,"A_Bertha_2023_summer_version1","1"
"black_oviwasp",1,0,2.56237198874757e-05,0,0.536630499123889,5.89293577566562e-05,"A_Bertha_2023_summer_version1","1"
"black_red_beetle",1,0,6.25730955695731e-05,0,0.548798775206692,8.76997740048989e-05,"A_Bertha_2023_summer_version1","1"
"black_weevil",1,0,4.08457595407946e-06,0,0.461014898871544,4.06839930819044e-06,"A_Bertha_2023_summer_version1","1"
"blk_rd_fly",1,0,4.08457595407946e-06,0,0.477405334043971,4.06839930819044e-06,"A_Bertha_2023_summer_version1","1"
"BOCA",1,0,4.08457595407946e-06,0,0.451449277019803,4.06839930819044e-06,"A_Bertha_2023_summer_version1","1"
"BOCR",1,0,4.08457595407946e-06,0,0.507998871830291,4.06839930819044e-06,"A_Bertha_2023_summer_version1","1"
"BOED",1,0,5.00790311780519e-08,0,0.537038851709589,4.97605310020454e-08,"A_Bertha_2023_summer_version1","1"
"BombusSp_",1,0,4.08457595407946e-06,0,0.511980683059423,4.06839930819044e-06,"A_Bertha_2023_summer_version1","1"
"BOVO",1,0,5.00790311780519e-08,0,0.45934017971593,4.97605310020454e-08,"A_Bertha_2023_summer_version1","1"
"brown_bomb",1,0,5.00790311780519e-08,0,0.530400485629402,4.97605310020454e-08,"A_Bertha_2023_summer_version1","1"
"brown_moth",1,0,2.56237198874757e-05,0,0.540961973364913,5.89293577566562e-05,"A_Bertha_2023_summer_version1","1"
"brown_stripey_moth",1,0,2.56237198874757e-05,0,0.547886344090982,5.89293577566562e-05,"A_Bertha_2023_summer_version1","1"
"burpestid",1,0,5.00790311780519e-08,0,0.525785137142886,4.97605310020454e-08,"A_Bertha_2023_summer_version1","1"
"CEPU",1,0,1.14789371571242e-06,0,0.470799960485101,1.30230611877608e-06,"A_Bertha_2023_summer_version1","1"
"COEU",1,0,6.25730955695731e-05,0,0.534935873087931,8.76997740048989e-05,"A_Bertha_2023_summer_version1","1"
"COTU",1,0,5.00790311780519e-08,0,0.467218988862456,4.97605310020454e-08,"A_Bertha_2023_summer_version1","1"
"DIDU",1,0,2.56237198874757e-05,0,0.549545811302748,5.89293577566562e-05,"A_Bertha_2023_summer_version1","1"
"duskywing",1,0,0.00020000912481336,0,0.51645056529271,0.00314238797027612,"A_Bertha_2023_summer_version1","1"
"Eristolis",1,0,6.25730955695731e-05,0,0.484650874573109,8.76997740048989e-05,"A_Bertha_2023_summer_version1","1"
"gold_red_wasp",1,0,6.25730955695731e-05,0,0.52724895024544,8.76997740048989e-05,"A_Bertha_2023_summer_version1","1"
"gray_bomb",1,0,5.00790311780519e-08,0,0.473106775117622,4.97605310020454e-08,"A_Bertha_2023_summer_version1","1"
"HALI",1,0,5.00790311780519e-08,0,0.505569401874938,4.97605310020454e-08,"A_Bertha_2023_summer_version1","1"
"HALI_LATI",1,0,6.25730955695731e-05,0,0.504937312079099,8.76997740048989e-05,"A_Bertha_2023_summer_version1","1"
"HATR",1,0,4.08457595407946e-06,0,0.481404113411626,4.06839930819044e-06,"A_Bertha_2023_summer_version1","1"
"HEER",0,30.6803914363448,0.00500023193253768,0,29.2228014292765,0.00500023203612305,"A_Bertha_2023_summer_version1","1"
"HETH",1,0,0.000555689427593735,0,0.505573265606339,0.000737728344439166,"A_Bertha_2023_summer_version1","1"
"Hidalgo",1,0,5.00790311780519e-08,0,0.469875045735331,4.97605310020454e-08,"A_Bertha_2023_summer_version1","1"
"ICAC",1,0,8.16915190815892e-06,0,0.489893673704888,8.13679861638088e-06,"A_Bertha_2023_summer_version1","1"
"JUCO",1,0,0.000125146191139146,0,0.542973958045698,0.000175399548009798,"A_Bertha_2023_summer_version1","1"
"ladybug",1,0,8.16915190815892e-06,0,0.463312874042109,8.13679861638088e-06,"A_Bertha_2023_summer_version1","1"
"LAIN",1,0,0.000125146191139146,0,0.499474025727005,0.000175399548009798,"A_Bertha_2023_summer_version1","1"
"large_black_beetle",1,0,1.56483498637536e-05,0,0.459950393768936,3.14988785324233e-05,"A_Bertha_2023_summer_version1","1"
"med_by_wasp",1,0,8.16915190815892e-06,0,0.486268074501431,8.13679861638088e-06,"A_Bertha_2023_summer_version1","1"
"MEGA",1,0,0.00124966420745245,0,0.507528145544943,0.00519715243290825,"A_Bertha_2023_summer_version1","1"
"MEGA_FLY",1,0,0.000187719286708719,0,0.525542173849206,0.000263099322014697,"A_Bertha_2023_summer_version1","1"
"MelissodesSp_",1,0,1.45622155327928e-06,0,0.487315883597972,1.42248047739954e-06,"A_Bertha_2023_summer_version1","1"
"MELU",1,0,1.63383038163178e-05,0,0.518055631112333,1.62735972327618e-05,"A_Bertha_2023_summer_version1","1"
"pale_melissodes",1,0,4.59157486284969e-06,0,0.460992104984351,5.20922447510431e-06,"A_Bertha_2023_summer_version1","1"
"PANUR",0,104.425905272335,0.00166706828278685,0,80.4663927241399,0.00168181371848935,"A_Bertha_2023_summer_version1","1"
"pink_brown_moth",1,0,0.000119820432764502,0,0.542488563103829,0.000125686043633779,"A_Bertha_2023_summer_version1","1"
"rd_ab_fly_blk",1,0,0.00047012190236145,0,0.505280086051337,0.000195512787060997,"A_Bertha_2023_summer_version1","1"
"red_ab_tachnid",1,0,9.93788059495968e-07,0,0.542406264828707,9.72913560844633e-07,"A_Bertha_2023_summer_version1","1"
"red_beetle",0,0.00560860891447067,0.000312865477847866,0,0.0213645241973698,0.000438498870024494,"A_Bertha_2023_summer_version1","1"
"red_black_fly",0,34.6792244994881,0.00500023313161491,0,32.6850061834316,0.00496776506275932,"A_Bertha_2023_summer_version1","1"
"round_black_beetle",1,0,1.87801614294918e-05,0,0.51995909464078,1.69599572059605e-05,"A_Bertha_2023_summer_version1","1"
"silver_moth",1,0,8.75535795372463e-05,0,0.452503627586413,0.000112185834199158,"A_Bertha_2023_summer_version1","1"
"small_black_ovi_wasp",1,0,2.44592255186642e-06,0,0.528468844843315,2.25812204360442e-06,"A_Bertha_2023_summer_version1","1"
"small_black_syr",0,24.1055345579705,0.000500584764556522,0,114.884472883038,0.000624094881735747,"A_Bertha_2023_summer_version1","1"
"small_halictid",0,0.0108073073374642,0.00108819977813707,0,73.725447244749,0.00296528758090016,"A_Bertha_2023_summer_version1","1"
"small_MEGA",1,0,1.95526491707831e-05,0,0.463231332745976,1.34278534881734e-05,"A_Bertha_2023_summer_version1","1"
"spotted_fuzz_moth",1,0,6.39078963288214e-06,0,0.529009461625949,4.7410275454863e-06,"A_Bertha_2023_summer_version1","1"
"STME",0,0.00750864500160599,0.0011112842379236,1,0,0.000503961727265442,"A_Bertha_2023_summer_version1","1"
"tiny_LAIN",0,65.0963706799677,0.00250014590874336,0,77.644717573344,0.00210000688967067,"A_Bertha_2023_summer_version1","1"
"trla_bee",0,0.00689700407496422,0.00110948406933379,1,0,0.000181345024141981,"A_Bertha_2023_summer_version1","1"
"UN_SYR",0,3.33147600389377,0.000110283550758998,0,0.068497345535508,0.000111700828236382,"A_Bertha_2023_summer_version1","1"
"unk_halictid",0,680.562823950073,0.000437160476410796,0,528.373906700009,0.000417281182379958,"A_Bertha_2023_summer_version1","1"
"vespid",0,2172.25411970789,7.57609852370198e-05,0,2072.16427715802,7.83700187796794e-05,"A_Bertha_2023_summer_version1","1"
"Villa",0,157.422824373188,0.00100004562406788,0,156.003334074775,0.000969756671411755,"A_Bertha_2023_summer_version1","1"
"white_moth",0,11757.2547374852,8.26014158036535e-05,0,11023.0171011778,8.14835785204657e-05,"A_Bertha_2023_summer_version1","1"
"APME",1,2.1882175780603e-05,0,1,2.17947209444658e-05,0,"A_Bertha_2023_summer_version2","2"
"black_bee",1,0,0,0,0.465219053400317,0,"A_Bertha_2023_summer_version2","2"
"black_oviwasp",1,0,0,0,0.536630499123889,0,"A_Bertha_2023_summer_version2","2"
"black_red_beetle",1,0,0,0,0.548798775206692,0,"A_Bertha_2023_summer_version2","2"
"black_weevil",1,0,0,0,0.461014898871544,0,"A_Bertha_2023_summer_version2","2"
"blk_rd_fly",1,0,0,0,0.477405334043971,0,"A_Bertha_2023_summer_version2","2"
"BOCA",1,0,0,0,0.451449277019803,0,"A_Bertha_2023_summer_version2","2"
"BOCR",1,0,0,0,0.507998871830291,0,"A_Bertha_2023_summer_version2","2"
"BOED",1,0,0,0,0.537038851709589,0,"A_Bertha_2023_summer_version2","2"
"BombusSp_",1,0,0,0,0.511980683059423,0,"A_Bertha_2023_summer_version2","2"
"BOVO",1,0,6.25253474324288e-05,0,0.45934017971593,8.55306683990595e-05,"A_Bertha_2023_summer_version2","2"
"brown_bomb",1,0,6.25253474324288e-05,0,0.530400485629402,8.55306683990595e-05,"A_Bertha_2023_summer_version2","2"
"brown_moth",1,0,2.56137689922475e-05,0,0.540961973364913,4.80772988476163e-05,"A_Bertha_2023_summer_version2","2"
"brown_stripey_moth",1,0,6.25253474324288e-05,0,0.547886344090982,8.55306683990595e-05,"A_Bertha_2023_summer_version2","2"
"burpestid",1,0,4.08358957808318e-06,0,0.525785137142886,3.48254820211688e-06,"A_Bertha_2023_summer_version2","2"
"CEPU",1,0,4.08358957808318e-06,0,0.470799960485101,3.48254820211688e-06,"A_Bertha_2023_summer_version2","2"
"COEU",1,0,4.08358957808318e-06,0,0.534935873087931,3.48254820211688e-06,"A_Bertha_2023_summer_version2","2"
"COTU",1,0,4.08358957808318e-06,0,0.467218988862456,3.48254820211688e-06,"A_Bertha_2023_summer_version2","2"
"DIDU",1,0,4.08358957808318e-06,0,0.549545811302748,3.48254820211688e-06,"A_Bertha_2023_summer_version2","2"
"duskywing",1,0,2.56137689922475e-05,0,0.51645056529271,4.80772988476163e-05,"A_Bertha_2023_summer_version2","2"
"Eristolis",1,0,2.56137689922475e-05,0,0.484650874573109,4.80772988476163e-05,"A_Bertha_2023_summer_version2","2"
"gold_red_wasp",1,0,6.25253474324288e-05,0,0.52724895024544,8.55306683990595e-05,"A_Bertha_2023_summer_version2","2"
"gray_bomb",1,0,4.08358957808318e-06,0,0.473106775117622,3.48254820211688e-06,"A_Bertha_2023_summer_version2","2"
"HALI",1,0,2.56137689922475e-05,0,0.505569401874938,4.80772988476163e-05,"A_Bertha_2023_summer_version2","2"
"HALI_LATI",1,0,0.000200009131591496,0,0.504937312079099,0.000646707546248584,"A_Bertha_2023_summer_version2","2"
"HATR",1,0,6.25253474324288e-05,0,0.481404113411626,8.55306683990595e-05,"A_Bertha_2023_summer_version2","2"
"HEER",1,0,6.25253474324288e-05,0,0.458934109196502,8.55306683990595e-05,"A_Bertha_2023_summer_version2","2"
"HETH",1,0,6.25253474324288e-05,0,0.505573265606339,8.55306683990595e-05,"A_Bertha_2023_summer_version2","2"
"Hidalgo",1,0,4.08358957808318e-06,0,0.469875045735331,3.48254820211688e-06,"A_Bertha_2023_summer_version2","2"
"ICAC",0,0.00121291424606399,0.00125008544910598,0,32.7187297474633,0.0050336804150101,"A_Bertha_2023_summer_version2","2"
"JUCO",0,36.9153650819698,0.00500023068156744,0,36.9153718023876,0.00500022977420706,"A_Bertha_2023_summer_version2","2"
"ladybug",1,0,0.000555692625604146,0,0.463312874042109,0.000737741897676038,"A_Bertha_2023_summer_version2","2"
"LAIN",1,0,4.08358957808318e-06,0,0.499474025727005,3.48254820211688e-06,"A_Bertha_2023_summer_version2","2"
"large_black_beetle",1,0,8.16717915616636e-06,0,0.459950393768936,6.96509640423376e-06,"A_Bertha_2023_summer_version2","2"
"med_by_wasp",1,0,8.16717915616636e-06,0,0.486268074501431,6.96509640423376e-06,"A_Bertha_2023_summer_version2","2"
"MEGA",1,0,0.000125050694864858,0,0.507528145544943,0.000171061336798119,"A_Bertha_2023_summer_version2","2"
"MEGA_FLY",1,0,8.16717915616636e-06,0,0.525542173849206,6.96509640423376e-06,"A_Bertha_2023_summer_version2","2"
"MelissodesSp_",1,0,0.000125050694864858,0,0.487315883597972,0.000171061336798119,"A_Bertha_2023_summer_version2","2"
"MELU",1,0,1.56519217590317e-05,0,0.518055631112333,2.57799235248666e-05,"A_Bertha_2023_summer_version2","2"
"pale_melissodes",1,0,8.16717915616636e-06,0,0.460992104984351,6.96509640423376e-06,"A_Bertha_2023_summer_version2","2"
"PANUR",1,0,0.000187576042297286,0,0.494308471979717,0.000256592005197179,"A_Bertha_2023_summer_version2","2"
"pink_brown_moth",1,0,0.000127825960133478,0,0.542488563103829,0.000175743007728131,"A_Bertha_2023_summer_version2","2"
"rd_ab_fly_blk",1,0,0.000480058995539336,0,0.505280086051337,0.000233383410317155,"A_Bertha_2023_summer_version2","2"
"red_ab_tachnid",1,0,4.72739339566425e-05,0,0.542406264828707,4.23973953292606e-05,"A_Bertha_2023_summer_version2","2"
"red_beetle",1,0,1.63343583123327e-05,0,0.52209297608216,1.39301928084675e-05,"A_Bertha_2023_summer_version2","2"
"red_black_fly",1,0,1.63343583123327e-05,0,0.516649012857419,1.39301928084675e-05,"A_Bertha_2023_summer_version2","2"
"round_black_beetle",0,87.8237455262266,0.0016670778768124,0,79.988973764373,0.00168130193687085,"A_Bertha_2023_summer_version2","2"
"silver_moth",0,34.0512247249277,0.00500023476068047,0,33.8708072425918,0.00496684267852911,"A_Bertha_2023_summer_version2","2"
"small_black_ovi_wasp",1,0,2.04179478904159e-05,0,0.528468844843315,1.74127410105844e-05,"A_Bertha_2023_summer_version2","2"
"small_black_syr",0,0.00490406325713311,0.000312626737162144,0,0.0133552336028732,0.000427653341995297,"A_Bertha_2023_summer_version2","2"
"small_halictid",1,0,2.45015374684991e-05,0,0.535857870609433,2.08952892127013e-05,"A_Bertha_2023_summer_version2","2"
"small_MEGA",1,0,9.0474119548584e-05,0,0.463231332745976,0.000112678365147607,"A_Bertha_2023_summer_version2","2"
"spotted_fuzz_moth",0,24.4063567374017,0.000500202779459374,0,54.1839610482011,0.000608605036193547,"A_Bertha_2023_summer_version2","2"
"STME",0,0.00844011836458687,0.00108419683457046,0,0.0492772234206062,0.000530675523423735,"A_Bertha_2023_summer_version2","2"
"tiny_LAIN",0,0.00729115512687632,0.00111127286983038,1,0,0.000328367905163268,"A_Bertha_2023_summer_version2","2"
"trla_bee",0,182.603274808254,0.00100004565795729,0,191.956258884705,0.000991650950001325,"A_Bertha_2023_summer_version2","2"
"UN_SYR",0,67.2677877392715,0.00250017080670478,0,2.79001445343877,0.00128010181942828,"A_Bertha_2023_summer_version2","2"
"unk_halictid",0,0.00605170377931051,0.00110987679263447,1,0,0.000220678551471692,"A_Bertha_2023_summer_version2","2"
"vespid",0,1.39887399320805,0.000110256918603469,0,0.131798793197359,0.000106710142609841,"A_Bertha_2023_summer_version2","2"
"Villa",0,757.93640911592,0.000433120304492955,0,787.3650958049,0.000427961129748992,"A_Bertha_2023_summer_version2","2"
"white_moth",0,2633.60770371933,0.00031934209073698,0,2455.22045307561,0.000331916854382647,"A_Bertha_2023_summer_version2","2"
"APME",1,2.18065726351354e-05,0,1,2.18600251688166e-05,0,"A_Bertha_2023_summer_version3","3"
"black_bee",1,0,0,0,0.465219053400317,0,"A_Bertha_2023_summer_version3","3"
"black_oviwasp",1,0,0,0,0.536630499123889,0,"A_Bertha_2023_summer_version3","3"
"black_red_beetle",1,0,0,0,0.548798775206692,0,"A_Bertha_2023_summer_version3","3"
"black_weevil",1,0,0,0,0.461014898871544,0,"A_Bertha_2023_summer_version3","3"
"blk_rd_fly",1,0,0,0,0.477405334043971,0,"A_Bertha_2023_summer_version3","3"
"BOCA",1,0,0,0,0.451449277019803,0,"A_Bertha_2023_summer_version3","3"
"BOCR",1,0,0,0,0.507998871830291,0,"A_Bertha_2023_summer_version3","3"
"BOED",1,0,0,0,0.537038851709589,0,"A_Bertha_2023_summer_version3","3"
"BombusSp_",1,0,0,0,0.511980683059423,0,"A_Bertha_2023_summer_version3","3"
"BOVO",1,0,0,0,0.45934017971593,0,"A_Bertha_2023_summer_version3","3"
"brown_bomb",1,0,0,0,0.530400485629402,0,"A_Bertha_2023_summer_version3","3"
"brown_moth",1,0,0,0,0.540961973364913,0,"A_Bertha_2023_summer_version3","3"
"brown_stripey_moth",1,0,0,0,0.547886344090982,0,"A_Bertha_2023_summer_version3","3"
"burpestid",1,0,0,0,0.525785137142886,0,"A_Bertha_2023_summer_version3","3"
"CEPU",1,0,0,0,0.470799960485101,0,"A_Bertha_2023_summer_version3","3"
"COEU",1,0,0,0,0.534935873087931,0,"A_Bertha_2023_summer_version3","3"
"COTU",1,0,0,0,0.467218988862456,0,"A_Bertha_2023_summer_version3","3"
"DIDU",1,0,0,0,0.549545811302748,0,"A_Bertha_2023_summer_version3","3"
"duskywing",1,0,0,0,0.51645056529271,0,"A_Bertha_2023_summer_version3","3"
"Eristolis",1,0,0,0,0.484650874573109,0,"A_Bertha_2023_summer_version3","3"
"gold_red_wasp",1,0,0,0,0.52724895024544,0,"A_Bertha_2023_summer_version3","3"
"gray_bomb",1,0,0,0,0.473106775117622,0,"A_Bertha_2023_summer_version3","3"
"HALI",1,0,0,0,0.505569401874938,0,"A_Bertha_2023_summer_version3","3"
"HALI_LATI",1,0,0,0,0.504937312079099,0,"A_Bertha_2023_summer_version3","3"
"HATR",1,0,0,0,0.481404113411626,0,"A_Bertha_2023_summer_version3","3"
"HEER",1,0,0,0,0.458934109196502,0,"A_Bertha_2023_summer_version3","3"
"HETH",1,0,0,0,0.505573265606339,0,"A_Bertha_2023_summer_version3","3"
"Hidalgo",1,0,0,0,0.469875045735331,0,"A_Bertha_2023_summer_version3","3"
"ICAC",1,0,0,0,0.489893673704888,0,"A_Bertha_2023_summer_version3","3"
"JUCO",1,0,0,0,0.542973958045698,0,"A_Bertha_2023_summer_version3","3"
"ladybug",1,0,0,0,0.463312874042109,0,"A_Bertha_2023_summer_version3","3"
"LAIN",1,0,0,0,0.499474025727005,0,"A_Bertha_2023_summer_version3","3"
"large_black_beetle",1,0,0,0,0.459950393768936,0,"A_Bertha_2023_summer_version3","3"
"med_by_wasp",1,0,0,0,0.486268074501431,0,"A_Bertha_2023_summer_version3","3"
"MEGA",1,0,0,0,0.507528145544943,0,"A_Bertha_2023_summer_version3","3"
"MEGA_FLY",1,0,0,0,0.525542173849206,0,"A_Bertha_2023_summer_version3","3"
"MelissodesSp_",1,0,0,0,0.487315883597972,0,"A_Bertha_2023_summer_version3","3"
"MELU",1,0,0,0,0.518055631112333,0,"A_Bertha_2023_summer_version3","3"
"pale_melissodes",1,0,0,0,0.460992104984351,0,"A_Bertha_2023_summer_version3","3"
"PANUR",1,0,0,0,0.494308471979717,0,"A_Bertha_2023_summer_version3","3"
"pink_brown_moth",1,0,0,0,0.542488563103829,0,"A_Bertha_2023_summer_version3","3"
"rd_ab_fly_blk",1,0,0,0,0.505280086051337,0,"A_Bertha_2023_summer_version3","3"
"red_ab_tachnid",1,0,0,0,0.542406264828707,0,"A_Bertha_2023_summer_version3","3"
"red_beetle",1,0,0,0,0.52209297608216,0,"A_Bertha_2023_summer_version3","3"
"red_black_fly",1,0,0,0,0.516649012857419,0,"A_Bertha_2023_summer_version3","3"
"round_black_beetle",1,0,0,0,0.51995909464078,0,"A_Bertha_2023_summer_version3","3"
"silver_moth",1,0,0,0,0.452503627586413,0,"A_Bertha_2023_summer_version3","3"
"small_black_ovi_wasp",1,0,0,0,0.528468844843315,0,"A_Bertha_2023_summer_version3","3"
"small_black_syr",1,0,0,0,0.475875281601155,0,"A_Bertha_2023_summer_version3","3"
"small_halictid",1,0,0,0,0.535857870609433,0,"A_Bertha_2023_summer_version3","3"
"small_MEGA",1,0,0,0,0.463231332745976,0,"A_Bertha_2023_summer_version3","3"
"spotted_fuzz_moth",1,0,0,0,0.529009461625949,0,"A_Bertha_2023_summer_version3","3"
"STME",0,34.6793548925904,0.00500023322881242,0,33.7415197170286,0.00500029798624235,"A_Bertha_2023_summer_version3","3"
"tiny_LAIN",1,0,0,0,0.496145953306065,0,"A_Bertha_2023_summer_version3","3"
"trla_bee",1,0,0,0,0.525037215033098,0,"A_Bertha_2023_summer_version3","3"
"UN_SYR",1,0,0,0,0.500473061274026,0,"A_Bertha_2023_summer_version3","3"
"unk_halictid",1,0,0,0,0.450740832556384,0,"A_Bertha_2023_summer_version3","3"
"vespid",1,0,0,0,0.501172775147098,0,"A_Bertha_2023_summer_version3","3"
"Villa",1,0,0,0,0.510831897268459,0,"A_Bertha_2023_summer_version3","3"
"white_moth",1,0,0,0,0.451697390992985,0,"A_Bertha_2023_summer_version3","3"
"ADEL",1,6.19489249325657e-05,0.000312515068978118,1,0.000237318114591493,0.000748169964936529,"A_Bertha_2023_version1","1"
"ANCA",1,0,6.16806561461329e-05,0,0.479886226276814,0.000177958123832927,"A_Bertha_2023_version1","1"
"AndrenaSp_",1,0,1.13384010021766e-05,0,0.547805034414774,1.12750399138343e-05,"A_Bertha_2023_version1","1"
"ANLE",1,0,1.95322975026488e-05,0,0.459213409111469,2.04632614561691e-05,"A_Bertha_2023_version1","1"
"ANPE",1,0,0.00031251430460046,0,0.499766936455745,0.000857674396681875,"A_Bertha_2023_version1","1"
"ANPL",1,0,7.95109633055544e-05,0,0.482901011702093,7.25574915432844e-05,"A_Bertha_2023_version1","1"
"Anth_Syr",1,0,1.13384010021766e-05,0,0.517303677074287,1.12750399138343e-05,"A_Bertha_2023_version1","1"
"aphideater",1,0,1.13384010021766e-05,0,0.522900587540539,1.12750399138343e-05,"A_Bertha_2023_version1","1"
"APME",1,0,0.00031251430460046,0,0.490174793843261,0.000857674396681875,"A_Bertha_2023_version1","1"
"beetle_1",1,0,7.95109633055544e-05,0,0.467760123693273,7.25574915432844e-05,"A_Bertha_2023_version1","1"
"big_dark_andrena",1,0,7.95109633055544e-05,0,0.544398912831395,7.25574915432844e-05,"A_Bertha_2023_version1","1"
"black_fly_2",1,0,1.06754146791942e-06,0,0.512527957261786,1.07107669352659e-06,"A_Bertha_2023_version1","1"
"black_red_wasp",1,0,1.95322975026488e-05,0,0.457377698834696,2.04632614561691e-05,"A_Bertha_2023_version1","1"
"black_yellow_syr",1,0,1.06754146791942e-06,0,0.546984314730849,1.07107669352659e-06,"A_Bertha_2023_version1","1"
"BOCA",1,0,1.13384010021766e-05,0,0.465377681383573,1.12750399138343e-05,"A_Bertha_2023_version1","1"
"BOED",1,0,1.13384010021766e-05,0,0.502691013716483,1.12750399138343e-05,"A_Bertha_2023_version1","1"
"BOMA",1,0,0.000312515068978118,0,0.527867532930275,0.000748169964936529,"A_Bertha_2023_version1","1"
"BOVO",1,0,1.95322975026488e-05,0,0.469625959135418,2.04632614561691e-05,"A_Bertha_2023_version1","1"
"brown_lep",1,0,1.95322975026488e-05,0,0.50349518896709,2.04632614561691e-05,"A_Bertha_2023_version1","1"
"buckeye",1,0,1.95322975026488e-05,0,0.543640969876964,2.04632614561691e-05,"A_Bertha_2023_version1","1"
"buprestid",1,0,3.90645950052976e-05,0,0.473780722135576,4.09265229123381e-05,"A_Bertha_2023_version1","1"
"calligrapher",1,0,0.000277905537796931,0,0.532596932622882,0.000528877844442045,"A_Bertha_2023_version1","1"
"clickbeetle",0,46.5932461073078,0.00250015005381569,0,26.376404444319,0.00247707319049593,"A_Bertha_2023_version1","1"
"COTU",0,17.7442234178837,0.00500023008857178,0,1.38186522110554,0.00378820163178855,"A_Bertha_2023_version1","1"
"Diadasia",1,0,0.000277410161191903,0,0.500095624499999,0.000429372736687701,"A_Bertha_2023_version1","1"
"eristolis",1,0,0.000277410161191903,0,0.507160971480031,0.000429372736687701,"A_Bertha_2023_version1","1"
"EUAC",1,0,3.90645950052976e-05,0,0.454447664881334,4.09265229123381e-05,"A_Bertha_2023_version1","1"
"EUAL",1,0,0.00124913718944168,0,0.50190366057302,0.000629499928352066,"A_Bertha_2023_version1","1"
"fuzzy_black_fly",1,0,0.000159021926611109,0,0.494823250754188,0.000145114983086569,"A_Bertha_2023_version1","1"
"green_andrena",0,18.7321014571883,0.00500023014877804,0,1.80346121052474,0.00391061050437995,"A_Bertha_2023_version1","1"
"green_gold_osmia",1,0,5.85968925079464e-05,0,0.467778805325636,6.13897843685072e-05,"A_Bertha_2023_version1","1"
"Hapbropoda",1,0,5.85968925079464e-05,0,0.458381107965662,6.13897843685072e-05,"A_Bertha_2023_version1","1"
"HETH",1,0,3.23687212156574e-05,0,0.511281578876675,3.10426952461702e-05,"A_Bertha_2023_version1","1"
"malachite_beetle",1,0,3.20262440375826e-06,0,0.50949618027522,3.21323008057977e-06,"A_Bertha_2023_version1","1"
"muscid",1,0,5.85968925079464e-05,0,0.502301885631076,6.13897843685072e-05,"A_Bertha_2023_version1","1"
"NOHE",0,21.552677506905,0.00500023011816545,0,54.8436690156784,0.00506584766004492,"A_Bertha_2023_version1","1"
"Nomada",0,0.00679148128528933,0.000600054641156459,0,0.00680456495268052,0.000600243876606647,"A_Bertha_2023_version1","1"
"nomada_syr",1,0,3.17559971183385e-05,0,0.487303133791919,3.17383013700033e-05,"A_Bertha_2023_version1","1"
"OSCA",1,0,8.03069531020701e-05,0,0.50376964078926,8.03246740947225e-05,"A_Bertha_2023_version1","1"
"Osmia_sp_",1,0,9.21061221998481e-05,0,0.456352745092638,0.000179200369687446,"A_Bertha_2023_version1","1"
"painted_lady",1,0,0.000213739423287895,0,0.520586771969957,0.000358002742944785,"A_Bertha_2023_version1","1"
"PANUR",0,157.412063198161,0.0010000910685941,0,157.185783101497,0.00100040646101108,"A_Bertha_2023_version1","1"
"pb_moth",0,0.0018911072458293,0.000318025743041497,1,0,0.000194200695244443,"A_Bertha_2023_version1","1"
"pointy_blue_beetle",0,81.9000592166558,0.00166674166055442,0,82.7021246554318,0.00166674673809145,"A_Bertha_2023_version1","1"
"red_wasp",1,0,9.69844596981694e-05,0,0.540501023452031,8.71427627196768e-05,"A_Bertha_2023_version1","1"
"round_black_beetle",0,56.9606609819148,0.00250011321249306,0,60.9713774708616,0.00244400229688574,"A_Bertha_2023_version1","1"
"round_black_fly",0,0.00151767611438861,0.00015625838002119,0,0.00183294959119336,0.000163706091649353,"A_Bertha_2023_version1","1"
"silver_moth",1,0,0.000102045609019589,0,0.461012767726096,0.000101475359224509,"A_Bertha_2023_version1","1"
"small_blue_lep",0,0.489206928550939,0.000477065778779043,0,0.00376969410212524,0.000352920940356089,"A_Bertha_2023_version1","1"
"small_gray_bomb",0,286.930988217894,0.000500022603503702,0,271.17127222553,0.000501501414849341,"A_Bertha_2023_version1","1"
"small_muscid",0,493.240381881761,0.000312516760042744,0,432.162337687741,0.000457293044029189,"A_Bertha_2023_version1","1"
"small_sab_andrena",0,15.441730085762,0.000556576743134801,0,0.00376013477360906,0.000204717631418758,"A_Bertha_2023_version1","1"
"UNKBEE",0,125.684685866839,0.00127624897058058,0,117.891554984079,0.00216594457118827,"A_Bertha_2023_version1","1"
"w_aphideater",0,648.922818473097,0.000455227479981546,0,593.262072888461,0.000475251097441289,"A_Bertha_2023_version1","1"
"white_brown_lep",0,265.568317558526,0.000555129132248952,0,336.730903089345,0.000678931688439858,"A_Bertha_2023_version1","1"
"XylocopaSp_",0,166.805247930708,0.00256142019601482,0,204.262866553306,0.00206844337091695,"A_Bertha_2023_version1","1"
"XYSO",0,543.097327519342,7.15252783507239e-05,0,354.925957134549,0.000117253197090697,"A_Bertha_2023_version1","1"
"XYTA",0,1701.46277050999,0.000222359815020789,0,1832.54917387996,0.000198266919731596,"A_Bertha_2023_version1","1"
"ADEL",1,2.25739550915615e-05,0,1,2.2482910811319e-05,0,"A_Bertha_2023_version2","2"
"ANCA",1,0,0,0,0.479886226276814,0,"A_Bertha_2023_version2","2"
"AndrenaSp_",1,0,0,0,0.547805034414774,0,"A_Bertha_2023_version2","2"
"ANLE",1,0,0.000312516754686329,0,0.459213409111469,0.00117105781742615,"A_Bertha_2023_version2","2"
"ANPE",1,0,6.17260090138827e-05,0,0.499766936455745,8.55947879371032e-05,"A_Bertha_2023_version2","2"
"ANPL",1,0,1.1338400498897e-05,0,0.482901011702093,1.1875396817318e-05,"A_Bertha_2023_version2","2"
"Anth_Syr",1,0,0,0,0.517303677074287,0,"A_Bertha_2023_version2","2"
"aphideater",1,0,1.1338400498897e-05,0,0.522900587540539,1.1875396817318e-05,"A_Bertha_2023_version2","2"
"APME",1,0,0,0,0.490174793843261,0,"A_Bertha_2023_version2","2"
"beetle_1",1,0,0.000312518994824172,0,0.467760123693273,0.00100897767247566,"A_Bertha_2023_version2","2"
"big_dark_andrena",1,0,7.86486000184609e-05,0,0.544398912831395,6.80480850492311e-05,"A_Bertha_2023_version2","2"
"black_fly_2",1,0,1.1338400498897e-05,0,0.512527957261786,1.1875396817318e-05,"A_Bertha_2023_version2","2"
"black_red_wasp",1,0,1.1338400498897e-05,0,0.457377698834696,1.1875396817318e-05,"A_Bertha_2023_version2","2"
"black_yellow_syr",1,0,0.000312518994824172,0,0.546984314730849,0.00100897767247566,"A_Bertha_2023_version2","2"
"BOCA",1,0,7.86486000184609e-05,0,0.465377681383573,6.80480850492311e-05,"A_Bertha_2023_version2","2"
"BOED",1,0,7.86486000184609e-05,0,0.502691013716483,6.80480850492311e-05,"A_Bertha_2023_version2","2"
"BOMA",1,0,0.000312518994824172,0,0.527867532930275,0.00100897767247566,"A_Bertha_2023_version2","2"
"BOVO",1,0,0,0,0.469625959135418,0,"A_Bertha_2023_version2","2"
"brown_lep",1,0,0.000312518994824172,0,0.50349518896709,0.00100897767247566,"A_Bertha_2023_version2","2"
"buckeye",1,0,1.1338400498897e-05,0,0.543640969876964,1.1875396817318e-05,"A_Bertha_2023_version2","2"
"buprestid",1,0,1.1338400498897e-05,0,0.473780722135576,1.1875396817318e-05,"A_Bertha_2023_version2","2"
"calligrapher",1,0,0.000312516754686329,0,0.532596932622882,0.00117105781742615,"A_Bertha_2023_version2","2"
"clickbeetle",1,0,0,0,0.456646592778455,0,"A_Bertha_2023_version2","2"
"COTU",1,0,0,0,0.459284827490004,0,"A_Bertha_2023_version2","2"
"Diadasia",1,0,0,0,0.500095624499999,0,"A_Bertha_2023_version2","2"
"eristolis",1,0,0,0,0.507160971480031,0,"A_Bertha_2023_version2","2"
"EUAC",1,0,0.000278536165399886,0,0.454447664881334,0.00060453371244808,"A_Bertha_2023_version2","2"
"EUAL",0,65.573349325612,0.00250014505868146,0,48.4097243114933,0.00249681024445729,"A_Bertha_2023_version2","2"
"fuzzy_black_fly",0,18.9302035026966,0.00500023187726204,0,1.28000186158147,0.00369312255663455,"A_Bertha_2023_version2","2"
"green_andrena",1,0,0,0,0.494375425644394,0,"A_Bertha_2023_version2","2"
"green_gold_osmia",1,0,0.00124933523836088,0,0.467778805325636,0.000624202561114322,"A_Bertha_2023_version2","2"
"Hapbropoda",0,65.9767062584557,0.00250011376380039,0,65.9767183360511,0.00250011330836289,"A_Bertha_2023_version2","2"
"HETH",1,0,0.000157297200036922,0,0.511281578876675,0.000136096170098462,"A_Bertha_2023_version2","2"
"malachite_beetle",0,20.5366490601133,0.00500023154735369,0,2.49547218850102,0.0040157774920307,"A_Bertha_2023_version2","2"
"muscid",1,0,0,0,0.502301885631076,0,"A_Bertha_2023_version2","2"
"NOHE",1,0,0,0,0.487791801494449,0,"A_Bertha_2023_version2","2"
"Nomada",0,0.00128519202968852,0.000624964113017606,0,0.106064720298465,0.00134926202890666,"A_Bertha_2023_version2","2"
"nomada_syr",1,0,3.98042588428041e-06,0,0.487303133791919,3.95846560577266e-06,"A_Bertha_2023_version2","2"
"OSCA",1,0,0,0,0.50376964078926,0,"A_Bertha_2023_version2","2"
"Osmia_sp_",0,20.7069276807878,0.00500023170369986,0,56.3422608510821,0.00507257011497001,"A_Bertha_2023_version2","2"
"painted_lady",0,0.00702314812702939,0.000600053869001262,0,0.00701213286434967,0.000600269257261486,"A_Bertha_2023_version2","2"
"PANUR",1,0,1.31096052028405e-05,0,0.501876499062347,1.1875396817318e-05,"A_Bertha_2023_version2","2"
"pb_moth",0,0.00147058260944022,0.000314594400073844,1,0,0.000272192340196924,"A_Bertha_2023_version2","2"
"pointy_blue_beetle",1,0,9.57495968539682e-05,0,0.539884601714967,6.84758303496826e-05,"A_Bertha_2023_version2","2"
"red_wasp",1,0,0.000262822506506641,0,0.540501023452031,0.000436007097980363,"A_Bertha_2023_version2","2"
"round_black_beetle",0,168.417449332482,0.00100008978166877,0,168.107471480867,0.00100044876210248,"A_Bertha_2023_version2","2"
"round_black_fly",0,108.146645390964,0.00166674234295625,0,109.280738974517,0.00166674593291764,"A_Bertha_2023_version2","2"
"silver_moth",1,0,2.0170249199103e-06,0,0.461012767726096,1.97923280288633e-06,"A_Bertha_2023_version2","2"
"small_blue_lep",0,6.903326264746,0.000550540200129226,0,0.75814081224588,0.000476336595344617,"A_Bertha_2023_version2","2"
"small_gray_bomb",0,0.180302172168739,0.000471891596017774,0,0.0144023151594418,0.000578720818959266,"A_Bertha_2023_version2","2"
"small_muscid",1,0,0,0,0.504681314041224,0,"A_Bertha_2023_version2","2"
"small_sab_andrena",1,0,0.000102045604490073,0,0.478845090851581,0.000106878571355862,"A_Bertha_2023_version2","2"
"UNKBEE",0,324.438012530301,0.000989976569852897,0,204.810450215083,0.00119795610310594,"A_Bertha_2023_version2","2"
"w_aphideater",0,126.890635863012,0.00128462889039584,0,114.677684822292,0.0013987086561766,"A_Bertha_2023_version2","2"
"white_brown_lep",1,0,0.000623596549023312,0,0.526009918412198,0.000260235070539144,"A_Bertha_2023_version2","2"
"XylocopaSp_",0,295.809969321231,0.000555533050605039,0,450.243117113415,0.000814447499876131,"A_Bertha_2023_version2","2"
"XYSO",0,741.365330213267,0.000238106410476837,0,695.726518872601,0.000238047727110783,"A_Bertha_2023_version2","2"
"XYTA",0,195.779203950873,0.00244914408527492,0,146.376049323187,0.00273296398194916,"A_Bertha_2023_version2","2"
"ADEL",1,2.2561604631351e-05,0,1,2.2387962037622e-05,0,"A_Bertha_2023_version3","3"
"ANCA",1,0,0,0,0.479886226276814,0,"A_Bertha_2023_version3","3"
"AndrenaSp_",1,0,0,0,0.547805034414774,0,"A_Bertha_2023_version3","3"
"ANLE",1,0,0,0,0.459213409111469,0,"A_Bertha_2023_version3","3"
"ANPE",1,0,0,0,0.499766936455745,0,"A_Bertha_2023_version3","3"
"ANPL",1,0,0,0,0.482901011702093,0,"A_Bertha_2023_version3","3"
"Anth_Syr",1,0,1.95370506549569e-05,0,0.517303677074287,2.19738335120201e-05,"A_Bertha_2023_version3","3"
"aphideater",1,0,0,0,0.522900587540539,0,"A_Bertha_2023_version3","3"
"APME",1,0,1.95370506549569e-05,0,0.490174793843261,2.19738335120201e-05,"A_Bertha_2023_version3","3"
"beetle_1",1,0,0,0,0.467760123693273,0,"A_Bertha_2023_version3","3"
"big_dark_andrena",1,0,0,0,0.544398912831395,0,"A_Bertha_2023_version3","3"
"black_fly_2",1,0,0,0,0.512527957261786,0,"A_Bertha_2023_version3","3"
"black_red_wasp",1,0,0,0,0.457377698834696,0,"A_Bertha_2023_version3","3"
"black_yellow_syr",1,0,0,0,0.546984314730849,0,"A_Bertha_2023_version3","3"
"BOCA",1,0,0,0,0.465377681383573,0,"A_Bertha_2023_version3","3"
"BOED",1,0,0,0,0.502691013716483,0,"A_Bertha_2023_version3","3"
"BOMA",1,0,0,0,0.527867532930275,0,"A_Bertha_2023_version3","3"
"BOVO",1,0,1.95370506549569e-05,0,0.469625959135418,2.19738335120201e-05,"A_Bertha_2023_version3","3"
"brown_lep",1,0,0,0,0.50349518896709,0,"A_Bertha_2023_version3","3"
"buckeye",1,0,0,0,0.543640969876964,0,"A_Bertha_2023_version3","3"
"buprestid",1,0,0,0,0.473780722135576,0,"A_Bertha_2023_version3","3"
"calligrapher",1,0,0,0,0.532596932622882,0,"A_Bertha_2023_version3","3"
"clickbeetle",1,0,1.95370506549569e-05,0,0.456646592778455,2.19738335120201e-05,"A_Bertha_2023_version3","3"
"COTU",1,0,1.95370506549569e-05,0,0.459284827490004,2.19738335120201e-05,"A_Bertha_2023_version3","3"
"Diadasia",1,0,1.95370506549569e-05,0,0.500095624499999,2.19738335120201e-05,"A_Bertha_2023_version3","3"
"eristolis",1,0,3.90741013099137e-05,0,0.507160971480031,4.39476670240402e-05,"A_Bertha_2023_version3","3"
"EUAC",1,0,0,0,0.454447664881334,0,"A_Bertha_2023_version3","3"
"EUAL",1,0,0,0,0.50190366057302,0,"A_Bertha_2023_version3","3"
"fuzzy_black_fly",1,0,1.0411491617811e-05,0,0.494823250754188,1.09869167560101e-05,"A_Bertha_2023_version3","3"
"green_andrena",1,0,3.90741013099137e-05,0,0.494375425644394,4.39476670240402e-05,"A_Bertha_2023_version3","3"
"green_gold_osmia",1,0,1.0411491617811e-05,0,0.467778805325636,1.09869167560101e-05,"A_Bertha_2023_version3","3"
"Hapbropoda",1,0,0,0,0.458381107965662,0,"A_Bertha_2023_version3","3"
"HETH",1,0,0,0,0.511281578876675,0,"A_Bertha_2023_version3","3"
"malachite_beetle",1,0,0,0,0.50949618027522,0,"A_Bertha_2023_version3","3"
"muscid",1,0,5.86111519648706e-05,0,0.502301885631076,6.59215005360603e-05,"A_Bertha_2023_version3","3"
"NOHE",1,0,5.86111519648706e-05,0,0.487791801494449,6.59215005360603e-05,"A_Bertha_2023_version3","3"
"Nomada",1,0,0,0,0.516807717209127,0,"A_Bertha_2023_version3","3"
"nomada_syr",1,0,3.01709190087147e-05,0,0.487303133791919,2.92984446826935e-05,"A_Bertha_2023_version3","3"
"OSCA",1,0,5.86111519648706e-05,0,0.50376964078926,6.59215005360603e-05,"A_Bertha_2023_version3","3"
"Osmia_sp_",1,0,7.09669675706018e-06,0,0.456352745092638,7.32461117067337e-06,"A_Bertha_2023_version3","3"
"painted_lady",1,0,0,0,0.520586771969957,0,"A_Bertha_2023_version3","3"
"PANUR",1,0,2.45720889076828e-05,0,0.501876499062347,2.19738335120201e-05,"A_Bertha_2023_version3","3"
"pb_moth",1,0,0,0,0.538319740858078,0,"A_Bertha_2023_version3","3"
"pointy_blue_beetle",1,0,4.86993375590859e-05,0,0.539884601714967,3.95529003216362e-05,"A_Bertha_2023_version3","3"
"red_wasp",1,0,4.8699337559084e-05,0,0.540501023452031,3.95529003216362e-05,"A_Bertha_2023_version3","3"
"round_black_beetle",1,0,0,0,0.500701158284536,0,"A_Bertha_2023_version3","3"
"round_black_fly",1,0,0,0,0.484367288199424,0,"A_Bertha_2023_version3","3"
"silver_moth",1,0,9.69668475025663e-05,0,0.461012767726096,9.15576396334171e-05,"A_Bertha_2023_version3","3"
"small_blue_lep",1,0,0,0,0.541587172491284,0,"A_Bertha_2023_version3","3"
"small_gray_bomb",1,0,0,0,0.455608061005179,0,"A_Bertha_2023_version3","3"
"small_muscid",0,0.00156174692057828,0.000156296405239655,0,0.00258934686229823,0.000175790668096161,"A_Bertha_2023_version3","3"
"small_sab_andrena",1,0,0,0,0.478845090851581,0,"A_Bertha_2023_version3","3"
"UNKBEE",1,0,0,0,0.549441942525768,0,"A_Bertha_2023_version3","3"
"w_aphideater",0,0.00324816767709859,0.000175829859145107,1,0,0.000104698853792566,"A_Bertha_2023_version3","3"
"white_brown_lep",0,480.45881808619,0.000312592810479353,0,480.769147499654,0.000312516743282064,"A_Bertha_2023_version3","3"
"XylocopaSp_",1,0,0,0,0.548698753816401,0,"A_Bertha_2023_version3","3"
"XYSO",0,30.466705766297,0.00500031326198784,0,28.3221043785041,0.00500043214321224,"A_Bertha_2023_version3","3"
"XYTA",0,0.18257320643493,0.00023444460578856,1,0,9.30656478156146e-05,"A_Bertha_2023_version3","3"
"Anthophora",1,2.71529912430286e-05,2.99624998207734e-05,1,2.75333915476017e-05,3.17094407394984e-05,"A_Bertha_2024_version1","1"
"APME",1,0,5.00319480423736e-05,0,0.469467886732643,4.99505778357674e-05,"A_Bertha_2024_version1","1"
"APTE",1,0,5.00319480423736e-05,0,0.546772315537917,4.99505778357674e-05,"A_Bertha_2024_version1","1"
"big_black_wasp",1,0,3.49045406813106e-05,0,0.502307245765024,3.76652193543934e-05,"A_Bertha_2024_version1","1"
"big_orange_black_wasp",1,0,3.49045406813106e-05,0,0.477879572765846,3.76652193543934e-05,"A_Bertha_2024_version1","1"
"blackYellowWasp",1,0,3.49045406813106e-05,0,0.521979475567108,3.76652193543934e-05,"A_Bertha_2024_version1","1"
"BOCR",1,0,5.00319480423736e-05,0,0.509045856380391,4.99505778357674e-05,"A_Bertha_2024_version1","1"
"BOVO",1,0,2.99624998207734e-05,0,0.533708185229315,3.17094407394984e-05,"A_Bertha_2024_version1","1"
"brown_bomb",1,0,3.49045406813106e-05,0,0.533469149090102,3.76652193543934e-05,"A_Bertha_2024_version1","1"
"DAPL",1,0,5.00319480423736e-05,0,0.515988757352339,4.99505778357674e-05,"A_Bertha_2024_version1","1"
"dianthidiumSyprhid",1,0,3.49045406813106e-05,0,0.523044820769245,3.76652193543934e-05,"A_Bertha_2024_version1","1"
"DIDU",1,0,3.49045406813106e-05,0,0.514302668703861,3.76652193543934e-05,"A_Bertha_2024_version1","1"
"gold_red_wasp",1,0,5.00319480423736e-05,0,0.484952905790393,4.99505778357674e-05,"A_Bertha_2024_version1","1"
"goldwasp",1,0,5.00319480423736e-05,0,0.503487619130634,4.99505778357674e-05,"A_Bertha_2024_version1","1"
"HALI",1,0,5.00319480423736e-05,0,0.516414728558815,4.99505778357674e-05,"A_Bertha_2024_version1","1"
"halicitid",1,0,3.49045406813106e-05,0,0.482342888010825,3.76652193543934e-05,"A_Bertha_2024_version1","1"
"halictid",1,0,5.00319480423736e-05,0,0.536918797943238,4.99505778357674e-05,"A_Bertha_2024_version1","1"
"HATR",1,0,5.00319480423736e-05,0,0.494237031994498,4.99505778357674e-05,"A_Bertha_2024_version1","1"
"hidalgo",1,0,2.99624998207734e-05,0,0.541796731525937,3.17094407394984e-05,"A_Bertha_2024_version1","1"
"Hidalgo",1,0,5.00319480423736e-05,0,0.477666756430486,4.99505778357674e-05,"A_Bertha_2024_version1","1"
"JUCO",0,65.7786737332225,0.002500113039008,0,65.7779883070504,0.0025001379273992,"A_Bertha_2024_version1","1"
"LAIN",1,0,0.000150095844127121,0,0.461723781801632,0.000149851733507302,"A_Bertha_2024_version1","1"
"large_black_wasp",1,0,0.0567413659642816,0,0.49160074002184,3.68421951655651e-05,"A_Bertha_2024_version1","1"
"LATI",1,0,0.000104713622043932,0,0.533637547066266,0.00011299565806318,"A_Bertha_2024_version1","1"
"listrus",1,0,8.23396638984859e-05,0,0.546253542740016,6.72942428592404e-05,"A_Bertha_2024_version1","1"
"MEGA",1,0,0.000200127792169494,0,0.48329283144944,0.00019980231134307,"A_Bertha_2024_version1","1"
"MelissodesSp_",1,0,8.72162767263517e-05,0,0.502618170740371,8.38338861228133e-05,"A_Bertha_2024_version1","1"
"MELU",0,0.856509594118601,0.000802842192447498,0,47.6355319427172,0.00125456187562345,"A_Bertha_2024_version1","1"
"MERO",1,0,0.000174522703406553,0,0.531810732968995,0.000188326096771967,"A_Bertha_2024_version1","1"
"Nomada",1,0,0.000199787514548944,0,0.542989009894891,0.000166183737222356,"A_Bertha_2024_version1","1"
"red_ab_black_wasp",0,0.878098805695673,0.000802842192454947,0,48.5413978678463,0.00125210480392717,"A_Bertha_2024_version1","1"
"robber_fly",0,0.00618795635701129,0.000300191688254241,0,0.00612017220883996,0.000299703467014605,"A_Bertha_2024_version1","1"
"skinny_black_beetle",1,0,0.00017977499892464,0,0.544142897144958,0.00019025664443699,"A_Bertha_2024_version1","1"
"smallRedBlackBeetle",0,0.00664912103632385,0.000300191688254241,0,0.00657628520010558,0.000299703467014605,"A_Bertha_2024_version1","1"
"smallRoundBlackBeetle",1,0,0.000250093089461341,0,0.462603361537961,0.000196514601264597,"A_Bertha_2024_version1","1"
"small_black_fly",1,0,0.000173867099789938,0,0.474697368510392,0.000158099458346804,"A_Bertha_2024_version1","1"
"small_red_plume_moth",0,0.439569794411831,0.000314140866131795,0,0.698906350399842,0.00033898697418954,"A_Bertha_2024_version1","1"
"small_unkwasp",0,144.493159622154,0.000500319480423736,0,139.664518114743,0.000499505778357674,"A_Bertha_2024_version1","1"
"vespid",0,143.471041326538,0.000500319480423736,0,138.676556795669,0.000499505778357674,"A_Bertha_2024_version1","1"
"Villa",0,0.337266510608562,0.000314140411543681,0,0.0587493385292361,0.00027949484228852,"A_Bertha_2024_version1","1"
"western_aphideater",0,223.037713172335,0.000878832137750904,0,102.910802050036,0.000763164546510145,"A_Bertha_2024_version1","1"
"XECA",0,46.8716884914798,0.000359549997785129,0,1.21085386435648,0.000303412503036564,"A_Bertha_2024_version1","1"
"XylocopaSp_",0,833.657927881599,0.000404379233867999,0,877.520394439524,0.000406758866050035,"A_Bertha_2024_version1","1"
"Anthophora",1,2.45377047354106e-05,0,1,2.45949182867917e-05,0,"A_Bertha_2024_version2","2"
"APME",1,0,0,0,0.469467886732643,0,"A_Bertha_2024_version2","2"
"APTE",1,0,0,0,0.546772315537917,0,"A_Bertha_2024_version2","2"
"big_black_wasp",1,0,0,0,0.502307245765024,0,"A_Bertha_2024_version2","2"
"big_orange_black_wasp",1,0,0,0,0.477879572765846,0,"A_Bertha_2024_version2","2"
"blackYellowWasp",1,0,5.00309824642503e-05,0,0.521979475567108,4.6752143031517e-05,"A_Bertha_2024_version2","2"
"BOCR",1,0,5.00309824642503e-05,0,0.509045856380391,4.6752143031517e-05,"A_Bertha_2024_version2","2"
"BOVO",1,0,3.47492607261102e-05,0,0.533708185229315,4.03935019910325e-05,"A_Bertha_2024_version2","2"
"brown_bomb",1,0,3.47492607261102e-05,0,0.533469149090102,4.03935019910325e-05,"A_Bertha_2024_version2","2"
"DAPL",1,0,3.47492607261102e-05,0,0.515988757352339,4.03935019910325e-05,"A_Bertha_2024_version2","2"
"dianthidiumSyprhid",1,0,5.00309824642503e-05,0,0.523044820769245,4.6752143031517e-05,"A_Bertha_2024_version2","2"
"DIDU",1,0,3.47492607261102e-05,0,0.514302668703861,4.03935019910325e-05,"A_Bertha_2024_version2","2"
"gold_red_wasp",1,0,5.00309824642503e-05,0,0.484952905790393,4.6752143031517e-05,"A_Bertha_2024_version2","2"
"goldwasp",1,0,3.47492607261102e-05,0,0.503487619130634,4.03935019910325e-05,"A_Bertha_2024_version2","2"
"HALI",1,0,3.47492607261102e-05,0,0.516414728558815,4.03935019910325e-05,"A_Bertha_2024_version2","2"
"halicitid",1,0,5.00309824642503e-05,0,0.482342888010825,4.6752143031517e-05,"A_Bertha_2024_version2","2"
"halictid",1,0,5.00309824642503e-05,0,0.536918797943238,4.6752143031517e-05,"A_Bertha_2024_version2","2"
"HATR",1,0,5.00309824642503e-05,0,0.494237031994498,4.6752143031517e-05,"A_Bertha_2024_version2","2"
"hidalgo",1,0,5.00309824642503e-05,0,0.541796731525937,4.6752143031517e-05,"A_Bertha_2024_version2","2"
"Hidalgo",1,0,3.47492607261102e-05,0,0.477666756430486,4.03935019910325e-05,"A_Bertha_2024_version2","2"
"JUCO",1,0,5.00309824642503e-05,0,0.545175327172119,4.6752143031517e-05,"A_Bertha_2024_version2","2"
"LAIN",1,0,5.00309824642503e-05,0,0.461723781801632,4.6752143031517e-05,"A_Bertha_2024_version2","2"
"large_black_wasp",1,0,5.00309824642503e-05,0,0.49160074002184,4.6752143031517e-05,"A_Bertha_2024_version2","2"
"LATI",1,0,9.00725947541365e-05,0,0.533637547066266,7.58006913723668e-05,"A_Bertha_2024_version2","2"
"listrus",1,0,0.000150092947392751,0,0.546253542740016,0.000140256429094551,"A_Bertha_2024_version2","2"
"MEGA",1,0,3.09353072856816e-05,0,0.48329283144944,2.90485483408498e-05,"A_Bertha_2024_version2","2"
"MelissodesSp_",1,0,0.000104247782178331,0,0.502618170740371,0.000121180505973098,"A_Bertha_2024_version2","2"
"MELU",1,0,0.000200123929857001,0,0.50359563341066,0.000187008572126068,"A_Bertha_2024_version2","2"
"MERO",1,0,0.000200123929857001,0,0.531810732968995,0.000187008572126068,"A_Bertha_2024_version2","2"
"Nomada",0,0.884071837552851,0.000802666278756012,0,4.55703227730668,0.000915900181351718,"A_Bertha_2024_version2","2"
"red_ab_black_wasp",1,0,0.000173746303630551,0,0.516289303436079,0.000201967509955163,"A_Bertha_2024_version2","2"
"robber_fly",0,0.00107886609554658,0.000250154912321251,1,0,0.000233760715157585,"A_Bertha_2024_version2","2"
"skinny_black_beetle",0,0.885950527016712,0.000802666278764773,0,4.55530590482519,0.000914628453143621,"A_Bertha_2024_version2","2"
"smallRedBlackBeetle",0,0.00648914829115776,0.000300185894785502,0,0.00468544924518651,0.000280512858189102,"A_Bertha_2024_version2","2"
"smallRoundBlackBeetle",0,0.00588986633629719,0.000300185894785502,0,0.00425274142962531,0.000280512858189102,"A_Bertha_2024_version2","2"
"small_black_fly",1,0,0.000173079188446248,0,0.474697368510392,0.000178825854632433,"A_Bertha_2024_version2","2"
"small_red_plume_moth",0,0.00134646107708435,0.000208387896278058,1,0,0.000208326150995647,"A_Bertha_2024_version2","2"
"small_unkwasp",0,0.277259496578463,0.000312743346534992,0,1.20320874768946,0.000363541517919293,"A_Bertha_2024_version2","2"
"vespid",0,0.275298213485358,0.000312743346534992,0,1.19469746854958,0.000363541517919293,"A_Bertha_2024_version2","2"
"Villa",0,152.816073432383,0.000500309824642503,0,62.2318051400858,0.00046752143031517,"A_Bertha_2024_version2","2"
"western_aphideater",0,146.12630252386,0.000500309824642503,0,59.5075071585861,0.00046752143031517,"A_Bertha_2024_version2","2"
"XECA",0,443.98739547537,0.000416991128713324,0,441.406437485335,0.000428833775631054,"A_Bertha_2024_version2","2"
"XylocopaSp_",0,243.233045722388,0.000879058070015578,0,399.641695116473,0.000737376734279143,"A_Bertha_2024_version2","2"
"Anthophora",1,2.44508204271547e-05,0,1,2.47277629789982e-05,0,"A_Bertha_2024_version3","3"
"APME",1,0,0,0,0.469467886732643,0,"A_Bertha_2024_version3","3"
"APTE",1,0,0,0,0.546772315537917,0,"A_Bertha_2024_version3","3"
"big_black_wasp",1,0,0,0,0.502307245765024,0,"A_Bertha_2024_version3","3"
"big_orange_black_wasp",1,0,0,0,0.477879572765846,0,"A_Bertha_2024_version3","3"
"blackYellowWasp",1,0,0,0,0.521979475567108,0,"A_Bertha_2024_version3","3"
"BOCR",1,0,0,0,0.509045856380391,0,"A_Bertha_2024_version3","3"
"BOVO",1,0,0,0,0.533708185229315,0,"A_Bertha_2024_version3","3"
"brown_bomb",1,0,0,0,0.533469149090102,0,"A_Bertha_2024_version3","3"
"DAPL",1,0,0,0,0.515988757352339,0,"A_Bertha_2024_version3","3"
"dianthidiumSyprhid",1,0,0,0,0.523044820769245,0,"A_Bertha_2024_version3","3"
"DIDU",1,0,0,0,0.514302668703861,0,"A_Bertha_2024_version3","3"
"gold_red_wasp",1,0,0,0,0.484952905790393,0,"A_Bertha_2024_version3","3"
"goldwasp",1,0,0,0,0.503487619130634,0,"A_Bertha_2024_version3","3"
"HALI",1,0,0,0,0.516414728558815,0,"A_Bertha_2024_version3","3"
"halicitid",1,0,0,0,0.482342888010825,0,"A_Bertha_2024_version3","3"
"halictid",1,0,0,0,0.536918797943238,0,"A_Bertha_2024_version3","3"
"HATR",1,0,0,0,0.494237031994498,0,"A_Bertha_2024_version3","3"
"hidalgo",1,0,0,0,0.541796731525937,0,"A_Bertha_2024_version3","3"
"Hidalgo",1,0,0,0,0.477666756430486,0,"A_Bertha_2024_version3","3"
"JUCO",1,0,0,0,0.545175327172119,0,"A_Bertha_2024_version3","3"
"LAIN",1,0,0,0,0.461723781801632,0,"A_Bertha_2024_version3","3"
"large_black_wasp",1,0,0,0,0.49160074002184,0,"A_Bertha_2024_version3","3"
"LATI",1,0,0,0,0.533637547066266,0,"A_Bertha_2024_version3","3"
"listrus",1,0,0,0,0.546253542740016,0,"A_Bertha_2024_version3","3"
"MEGA",0,33.8556300526327,0.00500031754930293,0,33.6620500358548,0.00499992125979181,"A_Bertha_2024_version3","3"
"MelissodesSp_",1,0,0,0,0.502618170740371,0,"A_Bertha_2024_version3","3"
"MELU",1,0,0,0,0.50359563341066,0,"A_Bertha_2024_version3","3"
"MERO",1,0,0,0,0.531810732968995,0,"A_Bertha_2024_version3","3"
"Nomada",1,0,0,0,0.542989009894891,0,"A_Bertha_2024_version3","3"
"red_ab_black_wasp",1,0,0,0,0.516289303436079,0,"A_Bertha_2024_version3","3"
"robber_fly",1,0,0,0,0.474322850175352,0,"A_Bertha_2024_version3","3"
"skinny_black_beetle",1,0,0,0,0.544142897144958,0,"A_Bertha_2024_version3","3"
"smallRedBlackBeetle",1,0,0,0,0.509672315306809,0,"A_Bertha_2024_version3","3"
"smallRoundBlackBeetle",1,0,0,0,0.462603361537961,0,"A_Bertha_2024_version3","3"
"small_black_fly",1,0,0,0,0.474697368510392,0,"A_Bertha_2024_version3","3"
"small_red_plume_moth",1,0,0,0,0.538672554161713,0,"A_Bertha_2024_version3","3"
"small_unkwasp",1,0,0,0,0.469617795906783,0,"A_Bertha_2024_version3","3"
"vespid",1,0,0,0,0.466295805301655,0,"A_Bertha_2024_version3","3"
"Villa",1,0,0,0,0.533599704915471,0,"A_Bertha_2024_version3","3"
"western_aphideater",1,0,0,0,0.51024051432509,0,"A_Bertha_2024_version3","3"
"XECA",1,0,0,0,0.512324261787498,0,"A_Bertha_2024_version3","3"
"XylocopaSp_",1,0,0,0,0.53386786248715,0,"A_Bertha_2024_version3","3"
"ANDI",0,11.8121495266909,0.0050002231587912,0,15.9460354570046,0.00500172616734389,"A_Coyote_24_version1","1"
"ANLE",1,2.18524560128556e-05,1.48094237099039e-07,1,2.19330941345873e-05,1.48074227974722e-07,"A_Coyote_24_version1","1"
"Anna_s_Hummingbird",1,0,0.000138895175413515,0,0.512400510936231,0.000228528168953466,"A_Coyote_24_version1","1"
"ANPL",1,0,0.000312515312375094,0,0.515387305228686,0.000381933239672232,"A_Coyote_24_version1","1"
"Anth_Syr",1,0,1.48094237099039e-07,0,0.514438978519495,1.48074227974722e-07,"A_Coyote_24_version1","1"
"aphideater",1,0,1.48094237099039e-07,0,0.475911977154162,1.48074227974722e-07,"A_Coyote_24_version1","1"
"APME",1,0,1.48094237099039e-07,0,0.452600029996876,1.48074227974722e-07,"A_Coyote_24_version1","1"
"beetle1",1,0,0.188901595198038,0,0.54870415748968,0.000101712405532322,"A_Coyote_24_version1","1"
"BF1",1,0,0.00055571410667087,0,0.470774929048854,0.000556236458391769,"A_Coyote_24_version1","1"
"BOCA",0,11.8881089867993,0.0050002231587912,0,16.048578371971,0.00500172616734389,"A_Coyote_24_version1","1"
"BOCR",1,0,0.000312515312375094,0,0.506032468218371,0.000381933239672232,"A_Coyote_24_version1","1"
"BOED",1,0,0.000312515312375094,0,0.487693346169634,0.000381933239672232,"A_Coyote_24_version1","1"
"BOVO",1,0,0.00055571410667087,0,0.462069073045658,0.000556236458391769,"A_Coyote_24_version1","1"
"calligrapher",1,0,1.48094237099039e-07,0,0.494910678381524,1.48074227974722e-07,"A_Coyote_24_version1","1"
"COTU",1,0,0.000312515312375094,0,0.463771558279997,0.000381933239672232,"A_Coyote_24_version1","1"
"EUAC",0,8.31355742525128,0.00500022316030887,0,0.0191363064633468,0.00250093712078593,"A_Coyote_24_version1","1"
"goldwasp",1,0,2.96188474198079e-07,0,0.504260032137046,2.96148455949444e-07,"A_Coyote_24_version1","1"
"green_andrena",0,0.0182381477540662,0.00111142821334174,0,0.0150426019736749,0.00111247291678354,"A_Coyote_24_version1","1"
"Habropoda",0,0.0197129738722282,0.00111142821334174,0,0.0162590205815045,0.00111247291678354,"A_Coyote_24_version1","1"
"HETH",0,31.3732906890087,0.00500023220858156,0,32.5733034750031,0.00500024717897536,"A_Coyote_24_version1","1"
"listrus",0,56.7206233091801,0.00250011284901498,0,58.1765709270031,0.00256378026719793,"A_Coyote_24_version1","1"
"malachite",0,72.2555467400062,0.00166714232001261,0,46.9685646451839,0.00166870937517531,"A_Coyote_24_version1","1"
"PANUR",1,0,0.000255090301085506,0,0.479921114225835,0.00158809477204826,"A_Coyote_24_version1","1"
"pink_brown_moth",0,129.136124871422,0.00125006124950532,0,104.410602873632,0.0013334336586295,"A_Coyote_24_version1","1"
"red_beetle",0,92.1425542980389,0.00219637577493102,0,120.983134507635,0.00214204488755354,"A_Coyote_24_version1","1"
"shiny_blue_goldfly",1,0,1.03665965969328e-06,0,0.532792707198669,1.03651959582306e-06,"A_Coyote_24_version1","1"
"small_red_plume_moth",0,162.85064164438,0.000833371052481984,0,163.867685311106,0.000887236259813225,"A_Coyote_24_version1","1"
"small_SAB_Andrena",1,0,5.83531882498537e-05,0,0.531328005428113,0.000119786049191485,"A_Coyote_24_version1","1"
"UNIN",0,304.827295563815,0.0011750848204104,0,328.858978765251,0.000974987418281397,"A_Coyote_24_version1","1"
"UNKBEE",0,50.7573250345369,2.3695077935848e-05,0,45.8500970078987,2.49641515845115e-05,"A_Coyote_24_version1","1"
"white_moth",0,5167.50046526746,2.72493396262233e-05,0,5043.00403632827,2.72456579473489e-05,"A_Coyote_24_version1","1"
"ANDI",1,2.30477567023441e-05,0,1,2.30813024280791e-05,0,"A_Coyote_24_version2","2"
"ANLE",1,0,0,0,0.483180365354372,0,"A_Coyote_24_version2","2"
"Anna_s_Hummingbird",1,0,0,0,0.512400510936231,0,"A_Coyote_24_version2","2"
"ANPL",1,0,0,0,0.515387305228686,0,"A_Coyote_24_version2","2"
"Anth_Syr",1,0,0,0,0.514438978519495,0,"A_Coyote_24_version2","2"
"aphideater",1,0,0,0,0.475911977154162,0,"A_Coyote_24_version2","2"
"APME",1,0,0,0,0.452600029996876,0,"A_Coyote_24_version2","2"
"beetle1",1,0,0,0,0.54870415748968,0,"A_Coyote_24_version2","2"
"BF1",0,9.09586210467925,0.00500022202595695,0,9.09586153176931,0.00500022296744581,"A_Coyote_24_version2","2"
"BOCA",1,0,0.000138895196048686,0,0.514232524095211,0.00016204425472235,"A_Coyote_24_version2","2"
"BOCR",1,0,0.00031251513166605,0,0.506032468218371,0.000381845711841214,"A_Coyote_24_version2","2"
"BOED",0,9.42274354982586,0.00500022202595695,0,9.42274295641459,0.00500022296744581,"A_Coyote_24_version2","2"
"BOVO",1,0,0.000138895196048686,0,0.462069073045658,0.00016204425472235,"A_Coyote_24_version2","2"
"calligrapher",0,40.1937205052555,0.00500022937204088,0,40.1937178827896,0.00500023068986469,"A_Coyote_24_version2","2"
"COTU",1,0,0.000555708671563845,0,0.463771558279997,0.000553904727174077,"A_Coyote_24_version2","2"
"EUAC",0,9.82629569249345,0.00500022202595695,0,9.82629507341486,0.00500022296744581,"A_Coyote_24_version2","2"
"goldwasp",1,0,0.00031251513166605,0,0.504260032137046,0.000381845711841214,"A_Coyote_24_version2","2"
"green_andrena",1,0,0.00031251513166605,0,0.498360127326269,0.000381845711841214,"A_Coyote_24_version2","2"
"Habropoda",1,0,0.000555708671563845,0,0.538659972599083,0.000553904727174077,"A_Coyote_24_version2","2"
"HETH",1,0,0.00031251513166605,0,0.45815947279714,0.000381845711841214,"A_Coyote_24_version2","2"
"listrus",1,0,5.34705775905554e-13,0,0.486259301535906,0,"A_Coyote_24_version2","2"
"malachite",0,29.6452237738443,0.00500023183809242,0,29.540940931665,0.00500024398071661,"A_Coyote_24_version2","2"
"PANUR",0,0.0169504828415424,0.00111141734312769,0,0.0123078585658373,0.00110780945434815,"A_Coyote_24_version2","2"
"pink_brown_moth",0,0.0188664028341548,0.00111141734312769,0,0.0136990208213402,0.00110780945434815,"A_Coyote_24_version2","2"
"red_beetle",0,61.3448150622011,0.00250011245982109,0,62.9198845768743,0.00256376661473187,"A_Coyote_24_version2","2"
"shiny_blue_goldfly",0,77.6051113904995,0.00166712601469153,0,37.7763379174133,0.00166171418152223,"A_Coyote_24_version2","2"
"small_red_plume_moth",1,0,0.000501769154996623,0,0.547029888023171,0.000138476181793519,"A_Coyote_24_version2","2"
"small_SAB_Andrena",0,148.038479389686,0.00125006052666327,0,120.214949764676,0.0013326872233267,"A_Coyote_24_version2","2"
"UNIN",0,94.3271563253301,0.00226134793245065,0,138.174993620009,0.00214685742553097,"A_Coyote_24_version2","2"
"UNKBEE",0,203.031649178667,0.000833371176292064,0,202.404557378441,0.000833370452857798,"A_Coyote_24_version2","2"
"white_moth",0,32.8847746305314,0.00500023162131364,0,32.1056191551266,0.00500034233200254,"A_Coyote_24_version2","2"
"ANDI",1,2.31517984515233e-05,0,1,2.27681299300443e-05,0,"A_Coyote_24_version3","3"
"ANLE",1,0,0,0,0.483180365354372,0,"A_Coyote_24_version3","3"
"Anna_s_Hummingbird",1,0,0,0,0.512400510936231,0,"A_Coyote_24_version3","3"
"ANPL",1,0,0,0,0.515387305228686,0,"A_Coyote_24_version3","3"
"Anth_Syr",1,0,0,0,0.514438978519495,0,"A_Coyote_24_version3","3"
"aphideater",1,0,0,0,0.475911977154162,0,"A_Coyote_24_version3","3"
"APME",1,0,0,0,0.452600029996876,0,"A_Coyote_24_version3","3"
"beetle1",1,0,0,0,0.54870415748968,0,"A_Coyote_24_version3","3"
"BF1",1,0,0,0,0.470774929048854,0,"A_Coyote_24_version3","3"
"BOCA",1,0,0,0,0.514232524095211,0,"A_Coyote_24_version3","3"
"BOCR",1,0,0,0,0.506032468218371,0,"A_Coyote_24_version3","3"
"BOED",1,0,0,0,0.487693346169634,0,"A_Coyote_24_version3","3"
"BOVO",1,0,0,0,0.462069073045658,0,"A_Coyote_24_version3","3"
"calligrapher",1,0,0,0,0.494910678381524,0,"A_Coyote_24_version3","3"
"COTU",1,0,0,0,0.463771558279997,0,"A_Coyote_24_version3","3"
"EUAC",1,0,0,0,0.508580011901716,0,"A_Coyote_24_version3","3"
"goldwasp",1,0,0,0,0.504260032137046,0,"A_Coyote_24_version3","3"
"green_andrena",1,0,0,0,0.498360127326269,0,"A_Coyote_24_version3","3"
"Habropoda",1,0,0,0,0.538659972599083,0,"A_Coyote_24_version3","3"
"HETH",1,0,0,0,0.45815947279714,0,"A_Coyote_24_version3","3"
"listrus",1,0,0.000156257383895734,0,0.486259301535906,0.000195383863003107,"A_Coyote_24_version3","3"
"malachite",1,0,4.87679914928183e-05,0,0.460080913971216,4.88459657507768e-05,"A_Coyote_24_version3","3"
"PANUR",1,0,0,0,0.479921114225835,0,"A_Coyote_24_version3","3"
"pink_brown_moth",1,0,0,0,0.534166793610978,0,"A_Coyote_24_version3","3"
"red_beetle",1,0,0,0,0.541300219712453,0,"A_Coyote_24_version3","3"
"shiny_blue_goldfly",1,0,0,0,0.532792707198669,0,"A_Coyote_24_version3","3"
"small_red_plume_moth",1,0,0.000233576073751858,0,0.547029888023171,0.000219806845878496,"A_Coyote_24_version3","3"
"small_SAB_Andrena",1,0,0,0,0.531328005428113,0,"A_Coyote_24_version3","3"
"UNIN",1,0,0,0,0.529787230295961,0,"A_Coyote_24_version3","3"
"UNKBEE",1,0,1.69393494135108e-05,0,0.53397958422265,1.39559902145077e-05,"A_Coyote_24_version3","3"
"white_moth",0,227.198684829832,0.000625029535582559,0,227.196424128012,0.000625228361609943,"A_Coyote_24_version3","3"
"ADEL",1,2.95501645393005e-05,6.21650697750158e-05,1,2.95784733511211e-05,6.21653408111051e-05,"A_Felch_2024_version1","1"
"ADTR",0,9.83587355204793,0.00500022115072296,0,13.5406127531606,0.00500379312672447,"A_Felch_2024_version1","1"
"ANLE",1,0,6.21650697750158e-05,0,0.523044820769245,6.21653408111051e-05,"A_Felch_2024_version1","1"
"ANPL",1,0,2.95875282249132e-05,0,0.514302668703861,2.78548439162705e-05,"A_Felch_2024_version1","1"
"aphideater",1,0,0.000312521330306652,0,0.484952905790393,0.000581399352944243,"A_Felch_2024_version1","1"
"APME",0,9.59757453285867,0.00500022115072296,0,13.2125570167507,0.00500379312672447,"A_Felch_2024_version1","1"
"BF1",1,0,2.95875282249132e-05,0,0.516414728558815,2.78548439162705e-05,"A_Felch_2024_version1","1"
"black_red_beetle",1,0,6.21650697750158e-05,0,0.482342888010825,6.21653408111051e-05,"A_Felch_2024_version1","1"
"black_round_beetle",1,0,2.95875282249132e-05,0,0.536918797943238,2.78548439162705e-05,"A_Felch_2024_version1","1"
"BOCA",1,0,6.85915931703153e-06,0,0.494237031994498,8.1672251283996e-06,"A_Felch_2024_version1","1"
"BOED",1,0,6.85915931703153e-06,0,0.541796731525937,8.1672251283996e-06,"A_Felch_2024_version1","1"
"BOMA",1,0,2.95875282249132e-05,0,0.477666756430486,2.78548439162705e-05,"A_Felch_2024_version1","1"
"BOVO",1,0,2.95875282249132e-05,0,0.545175327172119,2.78548439162705e-05,"A_Felch_2024_version1","1"
"buprestid",1,0,2.95875282249132e-05,0,0.461723781801632,2.78548439162705e-05,"A_Felch_2024_version1","1"
"calligrapher",1,0,2.95875282249132e-05,0,0.49160074002184,2.78548439162705e-05,"A_Felch_2024_version1","1"
"carpet_beetle",1,0,0.000124330139550032,0,0.533637547066266,0.00012433068162221,"A_Felch_2024_version1","1"
"clark_sphinx",0,7.36266419329304,0.00500022115041627,0,0.0475110786099203,0.00279259623983436,"A_Felch_2024_version1","1"
"clickbeetle",1,0,0.000124330139550032,0,0.48329283144944,0.00012433068162221,"A_Felch_2024_version1","1"
"DINI",1,0,0.00124968305553028,0,0.502618170740371,0.00105316004891918,"A_Felch_2024_version1","1"
"duskywing",1,0,0.00124785979240811,0,0.50359563341066,0.0013397761128271,"A_Felch_2024_version1","1"
"EUAC",1,0,0.000113374867762527,0,0.531810732968995,8.56095294576066e-05,"A_Felch_2024_version1","1"
"GLLY",0,0.00139416426791204,0.000829856892686423,0,0.0304714892289923,0.00147458342816231,"A_Felch_2024_version1","1"
"goldwasp",1,0,0.000248660279100063,0,0.516289303436079,0.00024866136324442,"A_Felch_2024_version1","1"
"Habropoda",1,0,0.0384440380700649,0,0.474322850175352,2.6310101573742e-05,"A_Felch_2024_version1","1"
"listrus",1,0,8.41827657639821e-05,0,0.544142897144958,6.47152050937085e-05,"A_Felch_2024_version1","1"
"malachite",0,0.00376382474793253,0.000310825348875079,0,0.00376687943381497,0.000310826704055525,"A_Felch_2024_version1","1"
"muscid",0,9.6664327948008,0.000497320558200126,0,9.66561605337826,0.000497322726488841,"A_Felch_2024_version1","1"
"OSCA",0,316.993821483772,0.000559485627975142,0,316.99315173225,0.000559488067299946,"A_Felch_2024_version1","1"
"Osmia",0,186.464271654259,0.00163884500577728,0,189.837879215675,0.00162719834237798,"A_Felch_2024_version1","1"
"PANUR",0,375.084400272093,0.000751096889261942,0,235.869103384167,0.000964996237298773,"A_Felch_2024_version1","1"
"small_SAB_Andrena",0,0.0102382175524469,0.000109746524477794,0,0.0227126148277226,0.000124627322163916,"A_Felch_2024_version1","1"
"tiny_black_beetle",0,0.0125287347856704,0.000158059635042891,0,0.0243340321513637,0.000161396651812984,"A_Felch_2024_version1","1"
"UNKBEE",0,983.960818623274,0.000185197301561884,0,1050.48614807884,0.000221046203692703,"A_Felch_2024_version1","1"
"ADEL",1,2.41873174021026e-05,0,1,2.40177028752178e-05,0,"A_Felch_2024_version2","2"
"ADTR",1,0,0,0,0.515988757352339,0,"A_Felch_2024_version2","2"
"ANLE",1,0,0,0,0.523044820769245,0,"A_Felch_2024_version2","2"
"ANPL",1,0,0,0,0.514302668703861,0,"A_Felch_2024_version2","2"
"aphideater",1,0,6.21505901126595e-05,0,0.484952905790393,6.21498495165249e-05,"A_Felch_2024_version2","2"
"APME",0,11.6165975850291,0.00500022364403344,0,11.6166012189249,0.00500022193304153,"A_Felch_2024_version2","2"
"BF1",0,11.914855222145,0.00500022364403344,0,11.9148589506515,0.00500022193304153,"A_Felch_2024_version2","2"
"black_red_beetle",1,0,6.21505901126595e-05,0,0.482342888010825,6.21498495165249e-05,"A_Felch_2024_version2","2"
"black_round_beetle",1,0,0,0,0.536918797943238,0,"A_Felch_2024_version2","2"
"BOCA",1,0,0,0,0.494237031994498,0,"A_Felch_2024_version2","2"
"BOED",0,12.5004754124823,0.00500022364403344,0,12.5004793221385,0.00500022193304153,"A_Felch_2024_version2","2"
"BOMA",1,0,0,0,0.477666756430486,0,"A_Felch_2024_version2","2"
"BOVO",1,0,6.21505901126595e-05,0,0.545175327172119,6.21498495165249e-05,"A_Felch_2024_version2","2"
"buprestid",1,0,0,0,0.461723781801632,0,"A_Felch_2024_version2","2"
"calligrapher",1,0,0,0,0.49160074002184,0,"A_Felch_2024_version2","2"
"carpet_beetle",1,0,0,0,0.533637547066266,0,"A_Felch_2024_version2","2"
"clark_sphinx",1,0,0,0,0.546253542740016,0,"A_Felch_2024_version2","2"
"clickbeetle",1,0,0,0,0.48329283144944,0,"A_Felch_2024_version2","2"
"DINI",1,0,0,0,0.502618170740371,0,"A_Felch_2024_version2","2"
"duskywing",1,0,0,0,0.50359563341066,0,"A_Felch_2024_version2","2"
"EUAC",1,0,0,0,0.531810732968995,0,"A_Felch_2024_version2","2"
"GLLY",1,0,0.000124301180225319,0,0.542989009894891,0.00012429969903305,"A_Felch_2024_version2","2"
"goldwasp",1,0,0.000124301180225319,0,0.516289303436079,0.00012429969903305,"A_Felch_2024_version2","2"
"Habropoda",1,0,0.000124301180225319,0,0.474322850175352,0.00012429969903305,"A_Felch_2024_version2","2"
"listrus",1,0,0,0,0.544142897144958,0,"A_Felch_2024_version2","2"
"malachite",1,0,0,0,0.509672315306809,0,"A_Felch_2024_version2","2"
"muscid",1,0,0.000248602360450638,0,0.462603361537961,0.0002485993980661,"A_Felch_2024_version2","2"
"OSCA",0,0.00319433091638636,0.000310752950563297,0,0.00318000734356251,0.000310749247582625,"A_Felch_2024_version2","2"
"Osmia",1,0,0,0,0.538672554161713,0,"A_Felch_2024_version2","2"
"PANUR",0,7.66153663074838,0.000497204720901276,0,7.65451206137195,0.000497198796132199,"A_Felch_2024_version2","2"
"small_SAB_Andrena",1,0,0,0,0.466295805301655,0,"A_Felch_2024_version2","2"
"tiny_black_beetle",0,260.222717808331,0.000559355311013935,0,260.232364279419,0.000559348645648724,"A_Felch_2024_version2","2"
"UNKBEE",0,32.5393036519756,0.00500023376402483,0,31.2365767681168,0.00500039420190589,"A_Felch_2024_version2","2"
"ADEL",1,2.40671015778439e-05,0,1,2.42574755834178e-05,0,"A_Felch_2024_version3","3"
"ADTR",1,0,0,0,0.515988757352339,0,"A_Felch_2024_version3","3"
"ANLE",1,0,0,0,0.523044820769245,0,"A_Felch_2024_version3","3"
"ANPL",1,0,0,0,0.514302668703861,0,"A_Felch_2024_version3","3"
"aphideater",1,0,0,0,0.484952905790393,0,"A_Felch_2024_version3","3"
"APME",1,0,0,0,0.503487619130634,0,"A_Felch_2024_version3","3"
"BF1",1,0,0,0,0.516414728558815,0,"A_Felch_2024_version3","3"
"black_red_beetle",1,0,0,0,0.482342888010825,0,"A_Felch_2024_version3","3"
"black_round_beetle",1,0,2.95888574346915e-05,0,0.536918797943238,3.18661994592546e-05,"A_Felch_2024_version3","3"
"BOCA",1,0,2.95888574346915e-05,0,0.494237031994498,3.18661994592546e-05,"A_Felch_2024_version3","3"
"BOED",1,0,0,0,0.541796731525937,0,"A_Felch_2024_version3","3"
"BOMA",1,0,2.95888574346915e-05,0,0.477666756430486,3.18661994592546e-05,"A_Felch_2024_version3","3"
"BOVO",1,0,0,0,0.545175327172119,0,"A_Felch_2024_version3","3"
"buprestid",1,0,2.95888574346915e-05,0,0.461723781801632,3.18661994592546e-05,"A_Felch_2024_version3","3"
"calligrapher",1,0,0.00125012579046475,0,0.49160074002184,0.00125006875484374,"A_Felch_2024_version3","3"
"carpet_beetle",1,0,2.95888574346915e-05,0,0.533637547066266,3.18661994592546e-05,"A_Felch_2024_version3","3"
"clark_sphinx",1,0,2.95888574346915e-05,0,0.546253542740016,3.18661994592546e-05,"A_Felch_2024_version3","3"
"clickbeetle",1,0,0.00125012579046475,0,0.48329283144944,0.00125006875484374,"A_Felch_2024_version3","3"
"DINI",1,0,0.00125012579046475,0,0.502618170740371,0.00125006875484374,"A_Felch_2024_version3","3"
"duskywing",1,0,2.95888574346915e-05,0,0.50359563341066,3.18661994592546e-05,"A_Felch_2024_version3","3"
"EUAC",1,0,2.95888574346915e-05,0,0.531810732968995,3.18661994592546e-05,"A_Felch_2024_version3","3"
"GLLY",1,0,0,0,0.542989009894891,0,"A_Felch_2024_version3","3"
"goldwasp",1,0,0,0,0.516289303436079,0,"A_Felch_2024_version3","3"
"Habropoda",1,0,0,0,0.474322850175352,0,"A_Felch_2024_version3","3"
"listrus",0,72.8090004867112,0.0025002515809295,0,72.8136476377917,0.00250013750968747,"A_Felch_2024_version3","3"
"malachite",1,0,8.87665723040746e-05,0,0.509672315306809,9.55985983777639e-05,"A_Felch_2024_version3","3"
"muscid",1,0,0,0,0.462603361537961,0,"A_Felch_2024_version3","3"
"OSCA",1,0,0,0,0.474697368510392,0,"A_Felch_2024_version3","3"
"Osmia",0,0.0145252727553263,0.000236710859477532,0,0.0233575604970282,0.000254929595674037,"A_Felch_2024_version3","3"
"PANUR",1,0,0,0,0.469617795906783,0,"A_Felch_2024_version3","3"
"small_SAB_Andrena",0,0.0125736381116122,0.000236710859477532,0,0.020219208122014,0.000254929595674037,"A_Felch_2024_version3","3"
"tiny_black_beetle",1,0,0,0,0.533599704915471,0,"A_Felch_2024_version3","3"
"UNKBEE",0,473.724344065821,0.000384655146650996,0,473.692386485022,0.000384670550615288,"A_Felch_2024_version3","3"
"ADEL",1,3.40507766720313e-05,0.000102045592914434,1,3.43671850709574e-05,0.000109663661566841,"A_Goatgrass_2022_version1","1"
"ADFL",1,0,0.00125009555497318,0,0.517160387694445,0.00314725413454552,"A_Goatgrass_2022_version1","1"
"ADTR",1,0,1.92242725168236e-06,0,0.514635980531869,1.96831871774166e-06,"A_Goatgrass_2022_version1","1"
"ANBA",1,0,1.92242725168236e-06,0,0.486924799129798,1.96831871774166e-06,"A_Goatgrass_2022_version1","1"
"ANCA",1,0,1.92242725168236e-06,0,0.545098974506882,1.96831871774166e-06,"A_Goatgrass_2022_version1","1"
"Andrena",1,0,1.92242725168236e-06,0,0.478464537173726,1.96831871774166e-06,"A_Goatgrass_2022_version1","1"
"ANLE",1,0,3.66013502946085e-06,0,0.453476278811449,3.76126722618531e-06,"A_Goatgrass_2022_version1","1"
"ANPL",1,0,0.000200009241966182,0,0.475817984028635,0.000397018843006872,"A_Goatgrass_2022_version1","1"
"ANSU",1,0,1.92242725168236e-06,0,0.472857569261853,1.96831871774166e-06,"A_Goatgrass_2022_version1","1"
"Anth_Syr",1,0,1.92242725168236e-06,0,0.517166583969801,1.96831871774166e-06,"A_Goatgrass_2022_version1","1"
"APME",1,0,1.92242725168236e-06,0,0.51877678044549,1.96831871774166e-06,"A_Goatgrass_2022_version1","1"
"beetle_1",0,0.00142631460773553,0.0012501663718736,0,0.00790179812651642,0.00197090250284972,"A_Goatgrass_2022_version1","1"
"Beetle_1",1,0,0.000200030283145519,0,0.531758230497017,0.000512601279307831,"A_Goatgrass_2022_version1","1"
"Big_Andrena",1,0,0.000102045592914434,0,0.46057996335932,0.000109663661566841,"A_Goatgrass_2022_version1","1"
"big_skinny_black_fly",1,0,1.92242725168236e-06,0,0.467444180099966,1.96831871774166e-06,"A_Goatgrass_2022_version1","1"
"black_fly_2",1,0,1.92242725168236e-06,0,0.534334940130047,1.96831871774166e-06,"A_Goatgrass_2022_version1","1"
"black_small_beetle",1,0,1.92242725168236e-06,0,0.46733876570004,1.96831871774166e-06,"A_Goatgrass_2022_version1","1"
"BOCA",1,0,0.000102045592914434,0,0.462635120569093,0.000109663661566841,"A_Goatgrass_2022_version1","1"
"BOED",1,0,1.92242725168236e-06,0,0.508471404741738,1.96831871774166e-06,"A_Goatgrass_2022_version1","1"
"BOMA",1,0,1.92242725168236e-06,0,0.478899494385766,1.96831871774166e-06,"A_Goatgrass_2022_version1","1"
"BOVO",0,14.4808417557662,0.00500022835977779,0,18.7644197191651,0.00500778358440332,"A_Goatgrass_2022_version1","1"
"buckeye",1,0,1.92242725168236e-06,0,0.522593248389938,1.96831871774166e-06,"A_Goatgrass_2022_version1","1"
"Buckeye",0,12.449537892976,0.00500001177229207,0,13.9748159264868,0.00503187830745811,"A_Goatgrass_2022_version1","1"
"by_SYR",0,0.00142842361190022,0.00124961974370948,1,0,0.000829156449993837,"A_Goatgrass_2022_version1","1"
"click_beetle",0,0.00115112172351189,0.0012496000808455,1,0,0.00104028308220828,"A_Goatgrass_2022_version1","1"
"Colias",1,0,0.000540154505279479,0,0.465287715576257,0.000950387887823198,"A_Goatgrass_2022_version1","1"
"cone_bomb",1,0,0.000540819492844668,0,0.490635690158529,0.00162189681772083,"A_Goatgrass_2022_version1","1"
"Cone_Bomb",1,0,9.87114718920117e-05,0,0.514044494397959,8.19748746783903e-05,"A_Goatgrass_2022_version1","1"
"dark_Andrena",1,0,3.84485450336472e-06,0,0.545817346496422,3.93663743548332e-06,"A_Goatgrass_2022_version1","1"
"dark_green_andrena",1,0,0.00124986959686821,0,0.452142565372466,0.000986435410783729,"A_Goatgrass_2022_version1","1"
"dark_green_Andrena",1,0,6.94935311339485e-05,0,0.46009621504233,5.58159901422911e-05,"A_Goatgrass_2022_version1","1"
"DINI",0,11.8571846832789,0.00500022835976171,0,0.0230962223598466,0.00250487595156053,"A_Goatgrass_2022_version1","1"
"dung_fly",0,12.0536917451074,0.00500001177230556,0,11.2882601832341,0.00497892711028778,"A_Goatgrass_2022_version1","1"
"EUAC",1,0,2.7965257255327e-06,0,0.525461161870258,2.86479297196349e-06,"A_Goatgrass_2022_version1","1"
"EUAL",0,21.7354504502919,0.0050002247927831,0,0.127221282248597,0.00321279887169112,"A_Goatgrass_2022_version1","1"
"Eucera",0,28.5872154249382,0.00500023231801785,0,27.9086001814836,0.00499881205723544,"A_Goatgrass_2022_version1","1"
"fuzzy_dark_andrena",1,0,0.000198985762922929,0,0.467439722883254,0.000147471971164516,"A_Goatgrass_2022_version1","1"
"fuzzy_nomad",1,0,3.78450425448869e-06,0,0.459422498852677,3.87818069905065e-06,"A_Goatgrass_2022_version1","1"
"GOLD_BOMB",1,0,0.00124877786340154,0,0.513938216941402,0.00123046343260221,"A_Goatgrass_2022_version1","1"
"Gray_Lep",1,0,1.46405401178434e-05,0,0.459612134150049,1.50450689047413e-05,"A_Goatgrass_2022_version1","1"
"green_beetle",0,80.0949604754584,0.00342061419757407,0,88.8260878922317,0.00357535024304508,"A_Goatgrass_2022_version1","1"
"greenish_andrena",1,0,0.000408986600581005,0,0.53745643258442,0.000729683086094948,"A_Goatgrass_2022_version1","1"
"greenish_Andrena",1,0,9.6121362584118e-06,0,0.530262446347746,9.84159358870831e-06,"A_Goatgrass_2022_version1","1"
"HETH",1,0,5.07069480127482e-05,0,0.520935766571637,3.86949060245811e-05,"A_Goatgrass_2022_version1","1"
"lh_andrena",0,25.8396143762947,0.0050002341281598,0,8.17718098211042,0.00496208785671277,"A_Goatgrass_2022_version1","1"
"muscid",0,56.2867435361347,0.00250015258572931,0,53.0703926739124,0.00254616818505334,"A_Goatgrass_2022_version1","1"
"OSCA",0,180.252945964506,0.000833628400844309,0,130.342237683095,0.000833328545960449,"A_Goatgrass_2022_version1","1"
"Osmia",1,0,8.00066166415304e-05,0,0.460102398139472,0.000111785304387116,"A_Goatgrass_2022_version1","1"
"paper_wasp",0,10.5429889010828,0.00500022478741367,0,0.00156995190659048,0.00124387083303081,"A_Goatgrass_2022_version1","1"
"Paper_wasp",0,30.8817819110284,0.00250019110994477,0,0.124130086537278,0.00140949601726127,"A_Goatgrass_2022_version1","1"
"pink_brown_moth",1,0,1.73018452651412e-05,0,0.528489799740952,1.77148684596749e-05,"A_Goatgrass_2022_version1","1"
"RAB_FLY",0,60.7830823915914,0.00500023586986388,0,78.6155973963298,0.00500194203806733,"A_Goatgrass_2022_version1","1"
"red_black_beetle",0,25.3576172252629,0.00498633765675124,0,41.3698337312483,0.00337430821635226,"A_Goatgrass_2022_version1","1"
"red_LH_beetle",1,0,0.000415601550495555,0,0.52941170589971,0.000134772224324035,"A_Goatgrass_2022_version1","1"
"skinny_beetle",0,114.852998216772,0.00235310088650485,0,107.715611495521,0.00241148292913357,"A_Goatgrass_2022_version1","1"
"skinny_black_fly",0,25.8080802665551,0.00499666934389464,0,0.468858834114586,0.00140524907874535,"A_Goatgrass_2022_version1","1"
"small_blk_fly",0,145.708657107093,0.000833370770704409,0,145.861188522153,0.00119639473372918,"A_Goatgrass_2022_version1","1"
"small_dark_Andrena",0,31.9568210743332,0.00500023005773698,0,33.4378904354368,0.00443099289101172,"A_Goatgrass_2022_version1","1"
"small_muscid",0,21.7508502677451,0.00250019110952497,0,0.00924543116645266,0.000633313314061278,"A_Goatgrass_2022_version1","1"
"smoothwing",0,28.7735992184416,0.0050002328740581,0,29.9488651325723,0.00458076429198029,"A_Goatgrass_2022_version1","1"
"UNIN",0,57.2895384907789,0.00250011363985738,0,0.551542993047973,0.0015239970374585,"A_Goatgrass_2022_version1","1"
"Unk_black_bee",0,92.6775312472874,0.0017405866713636,0,92.3674697808727,0.00224231818133574,"A_Goatgrass_2022_version1","1"
"UNK_FLY",0,244.519384963876,0.00204762976533968,0,290.226910412865,0.0023021005298642,"A_Goatgrass_2022_version1","1"
"UNK_HYM",0,59.6640209592904,0.00500023370301593,0,76.5824315098473,0.00402159723664524,"A_Goatgrass_2022_version1","1"
"UNKBEE",0,6.89161391272926,0.000113464185913286,0,7.93582995475076,0.000116599284011745,"A_Goatgrass_2022_version1","1"
"UNKFLY",0,1161.95092320802,0.000135424996090052,0,904.092633035653,0.000138390486689856,"A_Goatgrass_2022_version1","1"
"UNKSYR",0,323.186493167278,0.000772381495603974,0,502.089750990834,0.000934076022146397,"A_Goatgrass_2022_version1","1"
"white_butterfly",0,1676.04569900337,0.000258334576601039,0,1630.17239889291,0.000407940087120865,"A_Goatgrass_2022_version1","1"
"ADEL",1,2.35659707437257e-05,0,1,2.34732943138632e-05,0,"A_Goatgrass_2022_version2","2"
"ADFL",1,0,0,0,0.517160387694445,0,"A_Goatgrass_2022_version2","2"
"ADTR",1,0,0,0,0.514635980531869,0,"A_Goatgrass_2022_version2","2"
"ANBA",1,0,0,0,0.486924799129798,0,"A_Goatgrass_2022_version2","2"
"ANCA",1,0,0,0,0.545098974506882,0,"A_Goatgrass_2022_version2","2"
"Andrena",1,0,0.00125008974618676,0,0.478464537173726,0.00264285608524901,"A_Goatgrass_2022_version2","2"
"ANLE",1,0,0,0,0.453476278811449,0,"A_Goatgrass_2022_version2","2"
"ANPL",1,0,1.92242814897146e-06,0,0.475817984028635,2.24327223587976e-06,"A_Goatgrass_2022_version2","2"
"ANSU",1,0,1.92242814897146e-06,0,0.472857569261853,2.24327223587976e-06,"A_Goatgrass_2022_version2","2"
"Anth_Syr",1,0,1.92242814897146e-06,0,0.517166583969801,2.24327223587976e-06,"A_Goatgrass_2022_version2","2"
"APME",1,0,0,0,0.51877678044549,0,"A_Goatgrass_2022_version2","2"
"beetle_1",1,0,1.92242814897146e-06,0,0.481348947357083,2.24327223587976e-06,"A_Goatgrass_2022_version2","2"
"Beetle_1",1,0,0.000200009377721436,0,0.531758230497017,0.0002412312199683,"A_Goatgrass_2022_version2","2"
"Big_Andrena",1,0,1.92242814897146e-06,0,0.46057996335932,2.24327223587976e-06,"A_Goatgrass_2022_version2","2"
"big_skinny_black_fly",1,0,1.92242814897146e-06,0,0.467444180099966,2.24327223587976e-06,"A_Goatgrass_2022_version2","2"
"black_fly_2",1,0,1.92242814897146e-06,0,0.534334940130047,2.24327223587976e-06,"A_Goatgrass_2022_version2","2"
"black_small_beetle",1,0,0.00125008256080225,0,0.46733876570004,0.00245821559847641,"A_Goatgrass_2022_version2","2"
"BOCA",1,0,1.92242814897146e-06,0,0.462635120569093,2.24327223587976e-06,"A_Goatgrass_2022_version2","2"
"BOED",1,0,0.000200019845087481,0,0.508471404741738,0.000417501528848306,"A_Goatgrass_2022_version2","2"
"BOMA",1,0,0,0,0.478899494385766,0,"A_Goatgrass_2022_version2","2"
"BOVO",1,0,1.92242814897146e-06,0,0.463802141562943,2.24327223587976e-06,"A_Goatgrass_2022_version2","2"
"buckeye",1,0,1.92242814897146e-06,0,0.522593248389938,2.24327223587976e-06,"A_Goatgrass_2022_version2","2"
"Buckeye",1,0,1.92242814897146e-06,0,0.524725689680653,2.24327223587976e-06,"A_Goatgrass_2022_version2","2"
"by_SYR",1,0,0,0,0.464666462743034,0,"A_Goatgrass_2022_version2","2"
"click_beetle",0,19.0049080530302,0.00500016173959745,0,30.9110315922998,0.00500276178774714,"A_Goatgrass_2022_version2","2"
"Colias",1,0,1.92242814897146e-06,0,0.465287715576257,2.24327223587976e-06,"A_Goatgrass_2022_version2","2"
"cone_bomb",1,0,1.92242814897146e-06,0,0.490635690158529,2.24327223587976e-06,"A_Goatgrass_2022_version2","2"
"Cone_Bomb",1,0,1.92242814897146e-06,0,0.514044494397959,2.24327223587976e-06,"A_Goatgrass_2022_version2","2"
"dark_Andrena",0,19.4744147400977,0.00500023033872795,0,24.2792775051648,0.00500494231307675,"A_Goatgrass_2022_version2","2"
"dark_green_andrena",1,0,1.92242814897146e-06,0,0.452142565372466,2.24327223587976e-06,"A_Goatgrass_2022_version2","2"
"dark_green_Andrena",0,11.257154074461,0.00500016173959324,0,0.0232412967795007,0.00250138089387357,"A_Goatgrass_2022_version2","2"
"DINI",0,0.00169269433892065,0.00124964787212267,1,0,0.000825948269845968,"A_Goatgrass_2022_version2","2"
"dung_fly",1,0,0.000540522271004932,0,0.508039832281899,0.000960034109371846,"A_Goatgrass_2022_version2","2"
"EUAC",1,0,0.000540990396190007,0,0.525461161870258,0.00183686016853701,"A_Goatgrass_2022_version2","2"
"EUAL",1,0,0,0,0.525747553434105,0,"A_Goatgrass_2022_version2","2"
"Eucera",0,33.7472641954789,0.00500023372281518,0,33.4061612382124,0.00500945587818351,"A_Goatgrass_2022_version2","2"
"fuzzy_dark_andrena",0,71.9501696465489,0.00250011384002576,0,71.9501824911142,0.00250011341202451,"A_Goatgrass_2022_version2","2"
"fuzzy_nomad",1,0,9.87568658997213e-05,0,0.459422498852677,8.21215259060845e-05,"A_Goatgrass_2022_version2","2"
"GOLD_BOMB",1,0,3.84485629794291e-06,0,0.513938216941402,4.48654447175953e-06,"A_Goatgrass_2022_version2","2"
"Gray_Lep",1,0,3.84485629794291e-06,0,0.459612134150049,4.48654447175953e-06,"A_Goatgrass_2022_version2","2"
"green_beetle",1,0,9.67976925115454e-07,0,0.501138659869851,1.12163611793988e-06,"A_Goatgrass_2022_version2","2"
"greenish_andrena",0,13.5592717111494,0.00500023033872409,0,0.0242376874777778,0.00250359279265631,"A_Goatgrass_2022_version2","2"
"greenish_Andrena",0,20.9861123614858,0.00500022631910489,0,0.0671194955752449,0.00295116039924492,"A_Goatgrass_2022_version2","2"
"HETH",0,27.4403012393535,0.00500023497357835,0,25.1724532080346,0.00499836829847544,"A_Goatgrass_2022_version2","2"
"lh_andrena",0,70.6970372109791,0.00250016512160423,0,61.1885787696033,0.00254100576146099,"A_Goatgrass_2022_version2","2"
"muscid",1,0,0.000409825389098049,0,0.475329075858616,0.000594984506117379,"A_Goatgrass_2022_version2","2"
"OSCA",1,0,9.61214074485728e-06,0,0.455777955756419,1.12163611793988e-05,"A_Goatgrass_2022_version2","2"
"Osmia",1,0,5.07246871903708e-05,0,0.460102398139472,3.95784270700731e-05,"A_Goatgrass_2022_version2","2"
"paper_wasp",0,220.587422592681,0.000833620625316507,0,161.787636975784,0.00083346219099747,"A_Goatgrass_2022_version2","2"
"Paper_wasp",0,68.7035077286315,0.00500023742094166,0,85.2721412270419,0.00488324966730232,"A_Goatgrass_2022_version2","2"
"pink_brown_moth",1,0,7.90641119056221e-05,0,0.528489799740952,8.54058987083017e-05,"A_Goatgrass_2022_version2","2"
"RAB_FLY",0,9.85144443350176,0.00500022631339122,1,0,0.00106867382966582,"A_Goatgrass_2022_version2","2"
"red_black_beetle",0,32.3769313659361,0.0025001794923724,0,0.0328617933598851,0.00118681607561713,"A_Goatgrass_2022_version2","2"
"red_LH_beetle",1,0,1.73018533407431e-05,0,0.52941170589971,2.01894501229179e-05,"A_Goatgrass_2022_version2","2"
"skinny_beetle",0,71.3583307418765,0.00500023724368689,0,91.7026532367815,0.00500098397787641,"A_Goatgrass_2022_version2","2"
"skinny_black_fly",0,29.4513469028032,0.00498600813430571,0,48.3833252560964,0.00337227275992561,"A_Goatgrass_2022_version2","2"
"small_blk_fly",1,0,0.000415609987958938,0,0.525218473270172,0.000136641922274405,"A_Goatgrass_2022_version2","2"
"small_dark_Andrena",0,133.259298563769,0.00230526510126395,0,124.793223729701,0.00242047066438157,"A_Goatgrass_2022_version2","2"
"small_muscid",0,29.3452321448457,0.00499864967705731,0,0.0564475690245645,0.00103005318433624,"A_Goatgrass_2022_version2","2"
"smoothwing",0,404.791899280201,0.000781078289213057,0,404.063065469024,0.000976233811856385,"A_Goatgrass_2022_version2","2"
"UNIN",0,196.683112061373,0.000833371071082505,0,201.270422737441,0.00117975522427882,"A_Goatgrass_2022_version2","2"
"Unk_black_bee",1,0,3.45835868563677e-05,0,0.519369564191145,3.82536949697391e-05,"A_Goatgrass_2022_version2","2"
"UNK_FLY",0,191.376661142421,0.0019773316422216,0,266.496054624557,0.00233499187201065,"A_Goatgrass_2022_version2","2"
"UNK_HYM",0,20.8439740510013,0.00250017949201445,0,0.00640217087718228,0.000541964077054697,"A_Goatgrass_2022_version2","2"
"UNKBEE",0,39.2157028763128,0.00500023357679302,0,44.0215122270506,0.00455592581839792,"A_Goatgrass_2022_version2","2"
"UNKFLY",0,69.4625835224503,0.00250011420421121,0,0.393204061769631,0.00142516066908097,"A_Goatgrass_2022_version2","2"
"UNKSYR",0,95.6274435067968,0.00169548014480008,0,20.2676924208803,0.00170953674568315,"A_Goatgrass_2022_version2","2"
"white_butterfly",0,1714.48620354676,0.000196722052870964,0,1685.22126154801,0.000344479339890668,"A_Goatgrass_2022_version2","2"
"ADEL",1,2.33812241025616e-05,0,1,2.33702351798967e-05,0,"A_Goatgrass_2022_version3","3"
"ADFL",1,0,0,0,0.517160387694445,0,"A_Goatgrass_2022_version3","3"
"ADTR",1,0,0,0,0.514635980531869,0,"A_Goatgrass_2022_version3","3"
"ANBA",1,0,0,0,0.486924799129798,0,"A_Goatgrass_2022_version3","3"
"ANCA",1,0,0.000102045752849338,0,0.545098974506882,0.000932986543750162,"A_Goatgrass_2022_version3","3"
"Andrena",1,0,0,0,0.478464537173726,0,"A_Goatgrass_2022_version3","3"
"ANLE",1,0,0.000102045752849338,0,0.453476278811449,0.000932986543750162,"A_Goatgrass_2022_version3","3"
"ANPL",1,0,0,0,0.475817984028635,0,"A_Goatgrass_2022_version3","3"
"ANSU",1,0,0,0,0.472857569261853,0,"A_Goatgrass_2022_version3","3"
"Anth_Syr",1,0,0,0,0.517166583969801,0,"A_Goatgrass_2022_version3","3"
"APME",1,0,0.000102045752849338,0,0.51877678044549,0.000932986543750162,"A_Goatgrass_2022_version3","3"
"beetle_1",1,0,0,0,0.481348947357083,0,"A_Goatgrass_2022_version3","3"
"Beetle_1",1,0,0,0,0.531758230497017,0,"A_Goatgrass_2022_version3","3"
"Big_Andrena",1,0,0,0,0.46057996335932,0,"A_Goatgrass_2022_version3","3"
"big_skinny_black_fly",1,0,0,0,0.467444180099966,0,"A_Goatgrass_2022_version3","3"
"black_fly_2",1,0,0,0,0.534334940130047,0,"A_Goatgrass_2022_version3","3"
"black_small_beetle",1,0,0,0,0.46733876570004,0,"A_Goatgrass_2022_version3","3"
"BOCA",1,0,0,0,0.462635120569093,0,"A_Goatgrass_2022_version3","3"
"BOED",1,0,0,0,0.508471404741738,0,"A_Goatgrass_2022_version3","3"
"BOMA",1,0,0.000102045752849338,0,0.478899494385766,0.000932986543750162,"A_Goatgrass_2022_version3","3"
"BOVO",1,0,0,0,0.463802141562943,0,"A_Goatgrass_2022_version3","3"
"buckeye",1,0,0,0,0.522593248389938,0,"A_Goatgrass_2022_version3","3"
"Buckeye",1,0,0,0,0.524725689680653,0,"A_Goatgrass_2022_version3","3"
"by_SYR",1,0,0.000102045752849338,0,0.464666462743034,0.000932986543750162,"A_Goatgrass_2022_version3","3"
"click_beetle",1,0,0,0,0.549239322170261,0,"A_Goatgrass_2022_version3","3"
"Colias",1,0,0,0,0.465287715576257,0,"A_Goatgrass_2022_version3","3"
"cone_bomb",1,0,0,0,0.490635690158529,0,"A_Goatgrass_2022_version3","3"
"Cone_Bomb",1,0,0,0,0.514044494397959,0,"A_Goatgrass_2022_version3","3"
"dark_Andrena",1,0,0,0,0.545817346496422,0,"A_Goatgrass_2022_version3","3"
"dark_green_andrena",1,0,0,0,0.452142565372466,0,"A_Goatgrass_2022_version3","3"
"dark_green_Andrena",1,0,6.82454430912078e-05,0,0.46009621504233,0.000466493271875081,"A_Goatgrass_2022_version3","3"
"DINI",1,0,0,0,0.537086216447449,0,"A_Goatgrass_2022_version3","3"
"dung_fly",1,0,0,0,0.508039832281899,0,"A_Goatgrass_2022_version3","3"
"EUAC",1,0,0,0,0.525461161870258,0,"A_Goatgrass_2022_version3","3"
"EUAL",1,0,0.000204091505698676,0,0.525747553434105,0.00186597308750032,"A_Goatgrass_2022_version3","3"
"Eucera",1,0,0,0,0.539130567009156,0,"A_Goatgrass_2022_version3","3"
"fuzzy_dark_andrena",1,0,0,0,0.467439722883254,0,"A_Goatgrass_2022_version3","3"
"fuzzy_nomad",1,0,0,0,0.459422498852677,0,"A_Goatgrass_2022_version3","3"
"GOLD_BOMB",1,0,0,0,0.513938216941402,0,"A_Goatgrass_2022_version3","3"
"Gray_Lep",1,0,0,0,0.459612134150049,0,"A_Goatgrass_2022_version3","3"
"green_beetle",1,0,6.82454430912078e-05,0,0.501138659869851,0.000466493271875081,"A_Goatgrass_2022_version3","3"
"greenish_andrena",1,0,0,0,0.53745643258442,0,"A_Goatgrass_2022_version3","3"
"greenish_Andrena",1,0,0,0,0.530262446347746,0,"A_Goatgrass_2022_version3","3"
"HETH",1,0,0,0,0.520935766571637,0,"A_Goatgrass_2022_version3","3"
"lh_andrena",1,0,0,0,0.467428769505317,0,"A_Goatgrass_2022_version3","3"
"muscid",1,0,0,0,0.475329075858616,0,"A_Goatgrass_2022_version3","3"
"OSCA",1,0,0,0,0.455777955756419,0,"A_Goatgrass_2022_version3","3"
"Osmia",1,0,0,0,0.460102398139472,0,"A_Goatgrass_2022_version3","3"
"paper_wasp",1,0,0,0,0.541005530111029,0,"A_Goatgrass_2022_version3","3"
"Paper_wasp",1,0,0.00017288461718559,0,0.47994457605758,0.000466493271875081,"A_Goatgrass_2022_version3","3"
"pink_brown_moth",1,0,0,0,0.528489799740952,0,"A_Goatgrass_2022_version3","3"
"RAB_FLY",1,0,0,0,0.528064246186085,0,"A_Goatgrass_2022_version3","3"
"red_black_beetle",1,0,0,0,0.475785649533284,0,"A_Goatgrass_2022_version3","3"
"red_LH_beetle",1,0,0,0,0.52941170589971,0,"A_Goatgrass_2022_version3","3"
"skinny_beetle",1,0,0,0,0.522541056420906,0,"A_Goatgrass_2022_version3","3"
"skinny_black_fly",1,0,0,0,0.547535266167268,0,"A_Goatgrass_2022_version3","3"
"small_blk_fly",1,0,0,0,0.525218473270172,0,"A_Goatgrass_2022_version3","3"
"small_dark_Andrena",1,0,0.000149957716652874,0,0.546880251773112,0.000266567583928618,"A_Goatgrass_2022_version3","3"
"small_muscid",1,0,0,0,0.516391550687324,0,"A_Goatgrass_2022_version3","3"
"smoothwing",0,27.683241657833,0.00500023327998935,0,26.2289419440575,0.00500046328341049,"A_Goatgrass_2022_version3","3"
"UNIN",1,0,0,0,0.46189798117238,0,"A_Goatgrass_2022_version3","3"
"Unk_black_bee",0,33.1060808627784,0.00500023297987233,0,31.2873864634613,0.00500048803937658,"A_Goatgrass_2022_version3","3"
"UNK_FLY",1,0,0,0,0.544265360568774,0,"A_Goatgrass_2022_version3","3"
"UNK_HYM",1,0,0,0,0.467915079378483,0,"A_Goatgrass_2022_version3","3"
"UNKBEE",1,0,0,0,0.548739114170307,0,"A_Goatgrass_2022_version3","3"
"UNKFLY",1,0,0,0,0.45829186034775,0,"A_Goatgrass_2022_version3","3"
"UNKSYR",1,0,0,0,0.511296864627533,0,"A_Goatgrass_2022_version3","3"
"white_butterfly",0,210.405933686266,0.000714320269945289,0,210.330437184116,0.000714317822558718,"A_Goatgrass_2022_version3","3"
"ADEL",1,2.2039947068138e-05,3.25196911636607e-07,1,2.18396846666872e-05,3.25000935125723e-07,"A_Goatgrass_2024_version1","1"
"ANCA",1,0,1.38512281638544e-05,0,0.484606055745206,1.94381483770272e-05,"A_Goatgrass_2024_version1","1"
"ANDI",1,0,3.25196911636607e-07,0,0.473978909675022,3.25000935125723e-07,"A_Goatgrass_2024_version1","1"
"Andrena",0,0.00134338682028767,0.00125008915482571,0,28.0985433834439,0.00500126154307632,"A_Goatgrass_2024_version1","1"
"ANLE",1,0,3.25196911636607e-07,0,0.531200370975398,3.25000935125723e-07,"A_Goatgrass_2024_version1","1"
"Anna_s_Hummingbird",1,0,3.25196911636607e-07,0,0.484634983509143,3.25000935125723e-07,"A_Goatgrass_2024_version1","1"
"ANPL",1,0,1.38512281638544e-05,0,0.460167838172134,1.94381483770272e-05,"A_Goatgrass_2024_version1","1"
"Anth_Syr",1,0,3.25196911636607e-07,0,0.540856159055073,3.25000935125723e-07,"A_Goatgrass_2024_version1","1"
"ANTHSYR",1,0,6.3778412564534e-06,0,0.469465238610034,7.24535463267451e-06,"A_Goatgrass_2024_version1","1"
"aphideater",1,0,3.25196911636607e-07,0,0.502265318833415,3.25000935125723e-07,"A_Goatgrass_2024_version1","1"
"APME",1,0,2.00009132556038e-06,0,0.473213633207238,2.0002457737642e-06,"A_Goatgrass_2024_version1","1"
"beetle1",1,0,1.38512281638544e-05,0,0.501533314050889,1.94381483770272e-05,"A_Goatgrass_2024_version1","1"
"BF1",0,29.529683549288,0.00500023500854139,0,29.5296960526126,0.0050002328996466,"A_Goatgrass_2024_version1","1"
"BF2",1,0,3.25196911636607e-07,0,0.468320140856467,3.25000935125723e-07,"A_Goatgrass_2024_version1","1"
"black_red_beetle",1,0,3.25196911636607e-07,0,0.456607374645121,3.25000935125723e-07,"A_Goatgrass_2024_version1","1"
"black_round_beetle",1,0,3.25196911636607e-07,0,0.500145660550401,3.25000935125723e-07,"A_Goatgrass_2024_version1","1"
"blue_beetle",1,0,3.25196911636607e-07,0,0.548116870596128,3.25000935125723e-07,"A_Goatgrass_2024_version1","1"
"BOCA",1,0,3.25196911636607e-07,0,0.500244109123128,3.25000935125723e-07,"A_Goatgrass_2024_version1","1"
"BOED",1,0,3.25196911636607e-07,0,0.502742032405335,3.25000935125723e-07,"A_Goatgrass_2024_version1","1"
"BOMA",1,0,3.25196911636607e-07,0,0.485338636457612,3.25000935125723e-07,"A_Goatgrass_2024_version1","1"
"BOVO",1,0,3.25196911636607e-07,0,0.486462943086616,3.25000935125723e-07,"A_Goatgrass_2024_version1","1"
"buprestid",0,70.7626588567679,0.00500023635218533,0,70.7626138314529,0.00500023422545452,"A_Goatgrass_2024_version1","1"
"calligrapher",1,0,6.50393823273213e-07,0,0.477664740443074,6.50001870251447e-07,"A_Goatgrass_2024_version1","1"
"clickbeetle",0,69.3659235711945,0.00250011401618429,0,69.3659522840249,0.00250011298218508,"A_Goatgrass_2024_version1","1"
"COTU",1,0,0.00124933692795298,0,0.495177573592019,0.0024197426727462,"A_Goatgrass_2024_version1","1"
"dark_andrena",1,0,2.77024563277087e-05,0,0.54947936106449,3.88762967540545e-05,"A_Goatgrass_2024_version1","1"
"EUAC",1,0,6.50393823273213e-07,0,0.499621410877268,6.50001870251447e-07,"A_Goatgrass_2024_version1","1"
"fuzzy_SAB_andrena",1,0,2.77024563277087e-05,0,0.537052614235809,3.88762967540545e-05,"A_Goatgrass_2024_version1","1"
"GLLY",1,0,9.7559073490982e-07,0,0.543287461247895,9.7500280537717e-07,"A_Goatgrass_2024_version1","1"
"Great_Valley_Xylcopa",1,0,9.7559073490982e-07,0,0.532361193365586,9.7500280537717e-07,"A_Goatgrass_2024_version1","1"
"green_andrena",1,0,4.15536844915631e-05,0,0.494576895397425,5.83144451310817e-05,"A_Goatgrass_2024_version1","1"
"green_gold_osmia",1,0,7.21533510536415e-06,0,0.453880944523905,7.57035556780023e-06,"A_Goatgrass_2024_version1","1"
"green_lacewing",1,0,3.64390976476184e-05,0,0.477034613269863,4.38170840820927e-05,"A_Goatgrass_2024_version1","1"
"HETH",1,0,2.32049504551573e-06,0,0.520745226587516,2.48907391893722e-06,"A_Goatgrass_2024_version1","1"
"listrus",0,91.8619836489832,0.00166674243961511,0,79.8114146377653,0.00165190211363554,"A_Goatgrass_2024_version1","1"
"malachite",1,0,2.8258955165493e-05,0,0.545869972880869,2.60619813653379e-05,"A_Goatgrass_2024_version1","1"
"NOHE",1,0,2.27637838145625e-06,0,0.53663420876797,2.27500654588006e-06,"A_Goatgrass_2024_version1","1"
"Nomada",0,33.3278364637784,0.00250015164295596,0,62.9429985924677,0.0025827571915054,"A_Goatgrass_2024_version1","1"
"OSGA",1,0,2.60157529309285e-06,0,0.543650362591096,2.60000748100579e-06,"A_Goatgrass_2024_version1","1"
"PANUR",1,0,6.02286506887553e-05,0,0.531644068556672,5.07238688437447e-05,"A_Goatgrass_2024_version1","1"
"pink_brown_moth",1,0,4.04472879784893e-06,0,0.541860231986204,4.1573453300599e-06,"A_Goatgrass_2024_version1","1"
"red_ab_nomada",0,27.8721654103757,0.00250015164297555,0,0.184543110953575,0.00149296766308606,"A_Goatgrass_2024_version1","1"
"red_beetle",1,0,5.39165951310099e-06,0,0.453500815808541,6.26747714699556e-06,"A_Goatgrass_2024_version1","1"
"red_black_tachnid",1,0,4.55275676291249e-06,0,0.488211294141696,4.55001309176013e-06,"A_Goatgrass_2024_version1","1"
"SAB",1,0,4.8779536745491e-06,0,0.467220639492022,4.87501402688585e-06,"A_Goatgrass_2024_version1","1"
"SAB_black_Syrphid",0,0.00596202544001837,0.000152362865513833,0,0.00797916125665835,0.000158934659066702,"A_Goatgrass_2024_version1","1"
"small_fly",0,102.810421054462,0.00166674317914513,0,0.0260455496309383,0.000796543531624283,"A_Goatgrass_2024_version1","1"
"small_gray_conebomb",1,0,6.76999780233311e-06,0,0.47883645930739,7.22644511731761e-06,"A_Goatgrass_2024_version1","1"
"small_green_black_skinny_fly",1,0,0.00018796340856762,0,0.504371579296129,6.14179054755756e-05,"A_Goatgrass_2024_version1","1"
"small_red_plume_moth",0,541.052023229227,0.000263173335113237,0,534.227429828356,0.00030888005406376,"A_Goatgrass_2024_version1","1"
"small_SAB_Andrena",0,829.180181154962,0.000178579555180851,0,860.235338867297,0.000352203393694885,"A_Goatgrass_2024_version1","1"
"UNKBEE",0,88.8106043678011,0.003413762902684,0,0.0346986953005658,0.000537740405401267,"A_Goatgrass_2024_version1","1"
"Xylocopa",0,1796.64292422964,0.00019494412445608,0,1782.40057573942,0.000195712509655249,"A_Goatgrass_2024_version1","1"
"XYSO",0,3847.67267627587,4.03244170438065e-05,0,3906.8751093126,8.08442769860069e-05,"A_Goatgrass_2024_version1","1"
"ADEL",1,2.17799021722796e-05,0,1,2.21174654155483e-05,0,"A_Goatgrass_2024_version2","2"
"ANCA",1,0,3.25196753965988e-07,0,0.484606055745206,3.25763438542007e-07,"A_Goatgrass_2024_version2","2"
"ANDI",1,0,0,0,0.473978909675022,0,"A_Goatgrass_2024_version2","2"
"Andrena",1,0,3.25196753965988e-07,0,0.463534908096089,3.25763438542007e-07,"A_Goatgrass_2024_version2","2"
"ANLE",0,0.00159541708620172,0.00125008973106912,0,32.3691481250753,0.00500124880376825,"A_Goatgrass_2024_version2","2"
"Anna_s_Hummingbird",1,0,3.25196753965988e-07,0,0.484634983509143,3.25763438542007e-07,"A_Goatgrass_2024_version2","2"
"ANPL",1,0,3.25196753965988e-07,0,0.460167838172134,3.25763438542007e-07,"A_Goatgrass_2024_version2","2"
"Anth_Syr",1,0,0,0,0.540856159055073,0,"A_Goatgrass_2024_version2","2"
"ANTHSYR",0,31.3188297120463,0.00500023235780852,0,31.3188075862248,0.0050002358775473,"A_Goatgrass_2024_version2","2"
"aphideater",1,0,3.25196753965988e-07,0,0.502265318833415,3.25763438542007e-07,"A_Goatgrass_2024_version2","2"
"APME",1,0,6.37783970406905e-06,0,0.473213633207238,7.19417269775834e-06,"A_Goatgrass_2024_version2","2"
"beetle1",1,0,3.25196753965988e-07,0,0.501533314050889,3.25763438542007e-07,"A_Goatgrass_2024_version2","2"
"BF1",1,0,0,0,0.470409253295702,0,"A_Goatgrass_2024_version2","2"
"BF2",0,36.6991501346367,0.00500023113856199,0,36.6991242421298,0.00500023465622209,"A_Goatgrass_2024_version2","2"
"black_red_beetle",1,0,3.25196753965988e-07,0,0.456607374645121,3.25763438542007e-07,"A_Goatgrass_2024_version2","2"
"black_round_beetle",1,0,3.25196753965988e-07,0,0.500145660550401,3.25763438542007e-07,"A_Goatgrass_2024_version2","2"
"blue_beetle",1,0,3.25196753965988e-07,0,0.548116870596128,3.25763438542007e-07,"A_Goatgrass_2024_version2","2"
"BOCA",1,0,3.25196753965988e-07,0,0.500244109123128,3.25763438542007e-07,"A_Goatgrass_2024_version2","2"
"BOED",1,0,3.25196753965988e-07,0,0.502742032405335,3.25763438542007e-07,"A_Goatgrass_2024_version2","2"
"BOMA",1,0,3.25196753965988e-07,0,0.485338636457612,3.25763438542007e-07,"A_Goatgrass_2024_version2","2"
"BOVO",1,0,3.25196753965988e-07,0,0.486462943086616,3.25763438542007e-07,"A_Goatgrass_2024_version2","2"
"buprestid",1,0,3.25196753965988e-07,0,0.48268445675852,3.25763438542007e-07,"A_Goatgrass_2024_version2","2"
"calligrapher",0,71.5069251493699,0.00500023375706176,0,71.5070202813937,0.00500023731004576,"A_Goatgrass_2024_version2","2"
"clickbeetle",1,0,6.50393507931976e-07,0,0.511292626737288,6.51526877084015e-07,"A_Goatgrass_2024_version2","2"
"COTU",0,59.7663823816668,0.00250011270201334,0,59.7663407997947,0.00250011443990208,"A_Goatgrass_2024_version2","2"
"dark_andrena",1,0,0.0012494041367273,0,0.54947936106449,0.00243057575846731,"A_Goatgrass_2024_version2","2"
"EUAC",1,0,0,0,0.499621410877268,0,"A_Goatgrass_2024_version2","2"
"fuzzy_SAB_andrena",1,0,6.50393507931976e-07,0,0.537052614235809,6.51526877084015e-07,"A_Goatgrass_2024_version2","2"
"GLLY",1,0,0,0,0.543287461247895,0,"A_Goatgrass_2024_version2","2"
"Great_Valley_Xylcopa",1,0,9.75590261897964e-07,0,0.532361193365586,9.77290315626022e-07,"A_Goatgrass_2024_version2","2"
"green_andrena",1,0,9.75590261897964e-07,0,0.494576895397425,9.77290315626022e-07,"A_Goatgrass_2024_version2","2"
"green_gold_osmia",1,0,0,0,0.453880944523905,0,"A_Goatgrass_2024_version2","2"
"green_lacewing",1,0,7.21556456081447e-06,0,0.477034613269863,7.51993613630034e-06,"A_Goatgrass_2024_version2","2"
"HETH",1,0,8.14507212178274e-08,0,0.520745226587516,8.14408596355018e-08,"A_Goatgrass_2024_version2","2"
"listrus",1,0,2.32041698668947e-06,0,0.465023256379656,2.48127754288609e-06,"A_Goatgrass_2024_version2","2"
"malachite",1,0,0,0,0.545869972880869,0,"A_Goatgrass_2024_version2","2"
"NOHE",0,97.3935849256502,0.00166674220421925,0,97.3457270162052,0.00166674336703795,"A_Goatgrass_2024_version2","2"
"Nomada",1,0,2.82609718306397e-05,0,0.51114676327498,2.58796244568752e-05,"A_Goatgrass_2024_version2","2"
"OSGA",1,0,2.27637727776191e-06,0,0.543650362591096,2.28034406979405e-06,"A_Goatgrass_2024_version2","2"
"PANUR",0,42.2293561778383,0.00250014980073773,0,74.4636213104249,0.0025708779947418,"A_Goatgrass_2024_version2","2"
"pink_brown_moth",1,0,2.6015740317279e-06,0,0.541860231986204,2.60610750833606e-06,"A_Goatgrass_2024_version2","2"
"red_ab_nomada",1,0,0,0,0.54491899213517,0,"A_Goatgrass_2024_version2","2"
"red_beetle",1,0,4.04458379110716e-06,0,0.453500815808541,4.16185444983134e-06,"A_Goatgrass_2024_version2","2"
"red_black_tachnid",0,30.4215045259411,0.00250014980073837,0,0.184410566336112,0.00149814456598758,"A_Goatgrass_2024_version2","2"
"SAB",1,0,4.58503596309496e-06,0,0.467220639492022,4.87100477532973e-06,"A_Goatgrass_2024_version2","2"
"SAB_black_Syrphid",1,0,4.55275455552383e-06,0,0.477287942416634,4.5606881395881e-06,"A_Goatgrass_2024_version2","2"
"small_fly",1,0,4.87795130948982e-06,0,0.478448196374089,4.88645157813011e-06,"A_Goatgrass_2024_version2","2"
"small_gray_conebomb",0,94.1712748810681,0.00166674227081425,0,0.0111303179664765,0.000687393961519083,"A_Goatgrass_2024_version2","2"
"small_green_black_skinny_fly",1,0,0.000342719280857627,0,0.504371579296129,6.17467483609129e-05,"A_Goatgrass_2024_version2","2"
"small_red_plume_moth",1,0,6.76924957452454e-06,0,0.473133230033858,7.2310030094471e-06,"A_Goatgrass_2024_version2","2"
"small_SAB_Andrena",1,0,0.000185179978121856,0,0.450197179056796,5.30519317600389e-05,"A_Goatgrass_2024_version2","2"
"UNKBEE",0,883.399044752063,0.000385464157116261,0,883.402589255504,0.000385029375249835,"A_Goatgrass_2024_version2","2"
"Xylocopa",0,102.026410062908,0.00340976518185765,0,0.0392927774542922,0.000521857156777194,"A_Goatgrass_2024_version2","2"
"XYSO",0,4079.94618961482,4.03243974925164e-05,0,4133.09959864198,7.51686195473676e-05,"A_Goatgrass_2024_version2","2"
"ADEL",1,2.17237043693376e-05,0,1,2.17439950867546e-05,0,"A_Goatgrass_2024_version3","3"
"ANCA",1,0,0,0,0.484606055745206,0,"A_Goatgrass_2024_version3","3"
"ANDI",1,0,1.38512365421124e-05,0,0.473978909675022,1.53093982400482e-05,"A_Goatgrass_2024_version3","3"
"Andrena",1,0,0,0,0.463534908096089,0,"A_Goatgrass_2024_version3","3"
"ANLE",1,0,0,0,0.531200370975398,0,"A_Goatgrass_2024_version3","3"
"Anna_s_Hummingbird",1,0,0,0,0.484634983509143,0,"A_Goatgrass_2024_version3","3"
"ANPL",1,0,0,0,0.460167838172134,0,"A_Goatgrass_2024_version3","3"
"Anth_Syr",1,0,1.38512365421124e-05,0,0.540856159055073,1.53093982400482e-05,"A_Goatgrass_2024_version3","3"
"ANTHSYR",1,0,0,0,0.469465238610034,0,"A_Goatgrass_2024_version3","3"
"aphideater",1,0,0,0,0.502265318833415,0,"A_Goatgrass_2024_version3","3"
"APME",1,0,0,0,0.473213633207238,0,"A_Goatgrass_2024_version3","3"
"beetle1",1,0,0,0,0.501533314050889,0,"A_Goatgrass_2024_version3","3"
"BF1",1,0,1.38512365421124e-05,0,0.470409253295702,1.53093982400482e-05,"A_Goatgrass_2024_version3","3"
"BF2",1,0,0,0,0.468320140856467,0,"A_Goatgrass_2024_version3","3"
"black_red_beetle",1,0,0,0,0.456607374645121,0,"A_Goatgrass_2024_version3","3"
"black_round_beetle",1,0,0,0,0.500145660550401,0,"A_Goatgrass_2024_version3","3"
"blue_beetle",1,0,0,0,0.548116870596128,0,"A_Goatgrass_2024_version3","3"
"BOCA",1,0,0,0,0.500244109123128,0,"A_Goatgrass_2024_version3","3"
"BOED",1,0,0,0,0.502742032405335,0,"A_Goatgrass_2024_version3","3"
"BOMA",1,0,0,0,0.485338636457612,0,"A_Goatgrass_2024_version3","3"
"BOVO",1,0,0,0,0.486462943086616,0,"A_Goatgrass_2024_version3","3"
"buprestid",1,0,0,0,0.48268445675852,0,"A_Goatgrass_2024_version3","3"
"calligrapher",1,0,0,0,0.477664740443074,0,"A_Goatgrass_2024_version3","3"
"clickbeetle",1,0,0,0,0.511292626737288,0,"A_Goatgrass_2024_version3","3"
"COTU",1,0,0,0,0.495177573592019,0,"A_Goatgrass_2024_version3","3"
"dark_andrena",1,0,0,0,0.54947936106449,0,"A_Goatgrass_2024_version3","3"
"EUAC",1,0,2.77024730842248e-05,0,0.499621410877268,3.06187964800963e-05,"A_Goatgrass_2024_version3","3"
"fuzzy_SAB_andrena",1,0,0,0,0.537052614235809,0,"A_Goatgrass_2024_version3","3"
"GLLY",1,0,2.77024730842248e-05,0,0.543287461247895,3.06187964800963e-05,"A_Goatgrass_2024_version3","3"
"Great_Valley_Xylcopa",1,0,0,0,0.532361193365586,0,"A_Goatgrass_2024_version3","3"
"green_andrena",1,0,0,0,0.494576895397425,0,"A_Goatgrass_2024_version3","3"
"green_gold_osmia",1,0,4.15537096263372e-05,0,0.453880944523905,4.59281947201445e-05,"A_Goatgrass_2024_version3","3"
"green_lacewing",1,0,0,0,0.477034613269863,0,"A_Goatgrass_2024_version3","3"
"HETH",1,0,3.64160565246889e-05,0,0.520745226587516,3.44461460401084e-05,"A_Goatgrass_2024_version3","3"
"listrus",1,0,0,0,0.465023256379656,0,"A_Goatgrass_2024_version3","3"
"malachite",1,0,6.9256182710562e-05,0,0.545869972880869,7.65469912002408e-05,"A_Goatgrass_2024_version3","3"
"NOHE",1,0,4.76544772209214e-05,0,0.53663420876797,3.49929102629672e-05,"A_Goatgrass_2024_version3","3"
"Nomada",1,0,0,0,0.51114676327498,0,"A_Goatgrass_2024_version3","3"
"OSGA",1,0,0,0,0.543650362591096,0,"A_Goatgrass_2024_version3","3"
"PANUR",1,0,0,0,0.531644068556672,0,"A_Goatgrass_2024_version3","3"
"pink_brown_moth",1,0,0,0,0.541860231986204,0,"A_Goatgrass_2024_version3","3"
"red_ab_nomada",0,0.00800401935112105,0.000152363601963236,0,0.0144300370576498,0.00016840338064053,"A_Goatgrass_2024_version3","3"
"red_beetle",1,0,0,0,0.453500815808541,0,"A_Goatgrass_2024_version3","3"
"red_black_tachnid",1,0,1.16331740642403e-06,0,0.488211294141696,1.17764601846524e-06,"A_Goatgrass_2024_version3","3"
"SAB",1,0,1.08081405218055e-06,0,0.467220639492022,1.09352844571773e-06,"A_Goatgrass_2024_version3","3"
"SAB_black_Syrphid",1,0,0,0,0.477287942416634,0,"A_Goatgrass_2024_version3","3"
"small_fly",1,0,0,0,0.478448196374089,0,"A_Goatgrass_2024_version3","3"
"small_gray_conebomb",1,0,0,0,0.47883645930739,0,"A_Goatgrass_2024_version3","3"
"small_green_black_skinny_fly",0,669.478846166591,0.000263173494300136,0,669.467794878276,0.000263175845936066,"A_Goatgrass_2024_version3","3"
"small_red_plume_moth",1,0,0,0,0.473133230033858,0,"A_Goatgrass_2024_version3","3"
"small_SAB_Andrena",1,0,6.32348026974723e-07,0,0.450197179056796,6.3789159333534e-07,"A_Goatgrass_2024_version3","3"
"UNKBEE",1,0,0,0,0.463988407568069,0,"A_Goatgrass_2024_version3","3"
"Xylocopa",1,0,0,0,0.453165996541812,0,"A_Goatgrass_2024_version3","3"
"XYSO",1,0,0,0,0.460903878235679,0,"A_Goatgrass_2024_version3","3"
"ADTR",1,2.3982287890526e-05,6.8676285237634e-06,1,2.39821418292504e-05,6.88660077552286e-06,"A_Long_2022_version1","1"
"ANBA",1,0,0.000138895576546189,0,0.547576059399907,0.000159660146528605,"A_Long_2022_version1","1"
"ANCA",1,0,0.000138895576546189,0,0.510830334229781,0.000159660146528605,"A_Long_2022_version1","1"
"ANDL",1,0,6.8676285237634e-06,0,0.525427399936797,6.88660077552286e-06,"A_Long_2022_version1","1"
"Andrena",1,0,0.000138895576546189,0,0.458310737744118,0.000159660146528605,"A_Long_2022_version1","1"
"Andrena_pink_B",1,0,0.000138895576546189,0,0.528569265398462,0.000159660146528605,"A_Long_2022_version1","1"
"ANLE",1,0,6.8676285237634e-06,0,0.463643551950177,6.88660077552286e-06,"A_Long_2022_version1","1"
"ANPL",0,32.1576299123308,0.0050002334954026,0,32.1576327784392,0.00500023286606037,"A_Long_2022_version1","1"
"ANPL_",1,0,7.39678571006382e-08,0,0.484370674953969,7.57236708195165e-08,"A_Long_2022_version1","1"
"ANSU",1,0,7.39678571006382e-08,0,0.517933951349898,7.57236708195165e-08,"A_Long_2022_version1","1"
"Anth_Syr",1,0,0.000138895576546189,0,0.515920337739364,0.000159660146528605,"A_Long_2022_version1","1"
"Anthphora",1,0,7.39678571006382e-08,0,0.47311638548184,7.57236708195165e-08,"A_Long_2022_version1","1"
"APME",1,0,6.8676285237634e-06,0,0.467090793287889,6.88660077552286e-06,"A_Long_2022_version1","1"
"beetle",1,0,7.39678571006382e-08,0,0.494962789558323,7.57236708195165e-08,"A_Long_2022_version1","1"
"beetle_1",1,0,6.8676285237634e-06,0,0.539604106726872,6.88660077552286e-06,"A_Long_2022_version1","1"
"Beetle_1",1,0,7.39678571006382e-08,0,0.526221758535235,7.57236708195165e-08,"A_Long_2022_version1","1"
"big_black_fly",0,33.03832588987,0.00500023233385033,0,33.0383288473778,0.0050002317176539,"A_Long_2022_version1","1"
"big_red_wasp",1,0,0.00125008607022964,0,0.471458403496751,0.001250297158166,"A_Long_2022_version1","1"
"black_bee",1,0,6.8676285237634e-06,0,0.501387569891004,6.88660077552286e-06,"A_Long_2022_version1","1"
"black_diani_bee",0,29.9494290027829,0.00500023145732333,0,29.9494316842652,0.00500023088557228,"A_Long_2022_version1","1"
"bluish_moth",1,0,1.34378617144969e-06,0,0.450466170627841,1.20782523088395e-06,"A_Long_2022_version1","1"
"BOED",1,0,0.000312522741434411,0,0.484929742121571,0.00125024047999608,"A_Long_2022_version1","1"
"BOMA",1,0,7.39678571006382e-08,0,0.51417583723747,7.57236708195165e-08,"A_Long_2022_version1","1"
"BOVO",1,0,0.000312522741434411,0,0.453296450154528,0.00125024047999608,"A_Long_2022_version1","1"
"buckeye",1,0,6.8676285237634e-06,0,0.453437747155986,6.88660077552286e-06,"A_Long_2022_version1","1"
"by_SYR",1,0,0.000555582410610576,0,0.528216450651277,0.000555758066470515,"A_Long_2022_version1","1"
"click_beetle",1,0,0.000312522741434411,0,0.533886096013657,0.00125024047999608,"A_Long_2022_version1","1"
"Colias",1,0,0.000138895576546189,0,0.523615701530881,0.000159660146528605,"A_Long_2022_version1","1"
"Cone_Bomb",1,0,7.39678571006382e-08,0,0.50909562951843,7.57236708195165e-08,"A_Long_2022_version1","1"
"crane_fly",1,0,7.39678571006382e-08,0,0.47024531626154,7.57236708195165e-08,"A_Long_2022_version1","1"
"cuckoo_bee",1,0,6.8676285237634e-06,0,0.513030407700236,6.88660077552286e-06,"A_Long_2022_version1","1"
"dark_Andrena",1,0,0.000312522741434411,0,0.502062217868893,0.00125024047999608,"A_Long_2022_version1","1"
"dark_green_Andrena",0,20.9454433437707,0.00500022791657687,0,31.8307671906168,0.00500031848847638,"A_Long_2022_version1","1"
"DINI",0,67.0177197553414,0.00250017214045929,0,66.9871298366746,0.002500594316332,"A_Long_2022_version1","1"
"EUAC",1,0,1.47935714201276e-07,0,0.475501956383466,1.51447341639033e-07,"A_Long_2022_version1","1"
"EUAL",0,0.00138895963484772,0.000625045482868822,0,68.6021481583738,0.00250048095999216,"A_Long_2022_version1","1"
"fuzzy_dark_Andrena",0,60.1473794382356,0.00250011336269358,0,60.1473849361046,0.00250011304238224,"A_Long_2022_version1","1"
"GOLD_BOMB",1,0,0.000277702334001096,0,0.53727354597639,0.000628563540385801,"A_Long_2022_version1","1"
"green_lacewing",0,105.877487147742,0.00166674723183173,0,105.792156883029,0.00166727419941154,"A_Long_2022_version1","1"
"greenish_Andrena",1,0,2.06028855712902e-05,0,0.480793690602665,2.06598023265686e-05,"A_Long_2022_version1","1"
"HETH",1,0,2.21903571301915e-07,0,0.499557958985473,2.2717101245855e-07,"A_Long_2022_version1","1"
"muscid",1,0,2.74705140950536e-05,0,0.470616668844883,2.75464031020914e-05,"A_Long_2022_version1","1"
"Nomada",0,27.7134214417801,0.00500029450503144,0,0.00170481438119099,0.00129451239016401,"A_Long_2022_version1","1"
"OSCA",1,0,2.74705140950536e-05,0,0.515508785967486,2.75464031020914e-05,"A_Long_2022_version1","1"
"Osmia",1,0,2.74705140950536e-05,0,0.456165755543004,2.75464031020914e-05,"A_Long_2022_version1","1"
"pink_brown_moth",0,10.8861999427718,0.005000227914974,1,0,0.0012518769959838,"A_Long_2022_version1","1"
"potato_beetle",0,33.0836090278592,0.00500023436348727,0,32.7240731767644,0.00500019830242543,"A_Long_2022_version1","1"
"RAB_bee",1,0,0.000126128292295591,0,0.531955069900469,0.000237067583230692,"A_Long_2022_version1","1"
"red_fly",0,31.47760199772,0.00500023332600171,0,31.829234464727,0.00488548586949768,"A_Long_2022_version1","1"
"red_wasp",1,0,8.06271702869814e-06,0,0.526947505016321,7.24695138530368e-06,"A_Long_2022_version1","1"
"ry_wasp",0,139.685971323058,0.00125005657183426,0,139.796393038663,0.00125044470324248,"A_Long_2022_version1","1"
"shiny_moth",1,0,0.000178985025520054,0,0.489414047794144,0.000179469051378961,"A_Long_2022_version1","1"
"Silvery_Blue",1,0,6.19378600554995e-07,0,0.481901276173024,6.14785637630032e-07,"A_Long_2022_version1","1"
"small_black_bee",1,0,0.00124660174400453,0,0.51474864001607,0.000648620402030057,"A_Long_2022_version1","1"
"small_brown_moth",1,0,0.000624518986809769,0,0.480392750087377,0.000559335681894147,"A_Long_2022_version1","1"
"small_dark_Andrena",0,274.030798769128,0.00120229748192908,0,259.56608254422,0.00122296994759063,"A_Long_2022_version1","1"
"small_gray_moth",1,0,7.39678571006382e-07,0,0.498726599220525,7.57236708195165e-07,"A_Long_2022_version1","1"
"small_muscid",1,0,6.22467761880136e-05,0,0.497953099360668,7.17474809345957e-05,"A_Long_2022_version1","1"
"smoothwing",1,0,7.39678571006382e-07,0,0.497740954741715,7.57236708195165e-07,"A_Long_2022_version1","1"
"snakefly",0,85.1803857376929,0.00341764728302387,0,92.1832013050851,0.00326858109437571,"A_Long_2022_version1","1"
"Sphinx",1,0,0.0106726392703043,0,0.528163665941993,8.03914493729426e-06,"A_Long_2022_version1","1"
"Sphinx_Moth",0,0.0539864462715984,0.000123617570294737,0,0.0271378047282634,0.000163126538278778,"A_Long_2022_version1","1"
"stripe_moth",0,2.49949307092851,0.000151094610286005,0,0.995114067142826,0.000267927090228066,"A_Long_2022_version1","1"
"sulfur",0,856.322522861975,0.000186288530480539,0,878.541288275485,0.000341173369254367,"A_Long_2022_version1","1"
"UNKBEE",1,0,0.00123264566001833,0,0.505596226014009,4.12941792855397e-05,"A_Long_2022_version1","1"
"UNKBOMB",0,137.955774663294,0.00126750459944223,0,0.046245394633526,0.000778906801723369,"A_Long_2022_version1","1"
"UNKSAB",1,0,5.54478218859282e-06,0,0.53676742761711,5.59450583484826e-06,"A_Long_2022_version1","1"
"UNKSYR",0,0.00150595187352343,4.02789545334177e-05,1,0,1.51756944485201e-05,"A_Long_2022_version1","1"
"weevil",0,11321.2529371595,2.99640535849925e-05,0,11317.5580400052,2.99477814065996e-05,"A_Long_2022_version1","1"
"ADTR",1,2.34389941687978e-05,0,1,2.34321430136553e-05,0,"A_Long_2022_version2","2"
"ANBA",1,0,0,0,0.547576059399907,0,"A_Long_2022_version2","2"
"ANCA",1,0,0,0,0.510830334229781,0,"A_Long_2022_version2","2"
"ANDL",1,0,0,0,0.525427399936797,0,"A_Long_2022_version2","2"
"Andrena",1,0,0,0,0.458310737744118,0,"A_Long_2022_version2","2"
"Andrena_pink_B",1,0,0,0,0.528569265398462,0,"A_Long_2022_version2","2"
"ANLE",1,0,0,0,0.463643551950177,0,"A_Long_2022_version2","2"
"ANPL",1,0,0,0,0.45717762662432,0,"A_Long_2022_version2","2"
"ANPL_",1,0,0,0,0.484370674953969,0,"A_Long_2022_version2","2"
"ANSU",1,0,0,0,0.517933951349898,0,"A_Long_2022_version2","2"
"Anth_Syr",1,0,0,0,0.515920337739364,0,"A_Long_2022_version2","2"
"Anthphora",1,0,0,0,0.47311638548184,0,"A_Long_2022_version2","2"
"APME",1,0,6.86540974545399e-06,0,0.467090793287889,6.90014084082826e-06,"A_Long_2022_version2","2"
"beetle",1,0,0.000138895734157239,0,0.494962789558323,0.000149239109569489,"A_Long_2022_version2","2"
"beetle_1",1,0,0.000138895734157239,0,0.539604106726872,0.000149239109569489,"A_Long_2022_version2","2"
"Beetle_1",1,0,6.86540974545399e-06,0,0.526221758535235,6.90014084082826e-06,"A_Long_2022_version2","2"
"big_black_fly",1,0,0.000138895734157239,0,0.50909570169593,0.000149239109569489,"A_Long_2022_version2","2"
"big_red_wasp",1,0,1.34378720763587e-06,0,0.471458403496751,1.3437871081959e-06,"A_Long_2022_version2","2"
"black_bee",1,0,0.000138895734157239,0,0.501387569891004,0.000149239109569489,"A_Long_2022_version2","2"
"black_diani_bee",1,0,6.86540974545399e-06,0,0.520887158099044,6.90014084082826e-06,"A_Long_2022_version2","2"
"bluish_moth",0,31.7886567908877,0.00500023266813372,0,31.7886570783206,0.00500023261620767,"A_Long_2022_version2","2"
"BOED",1,0,0.000138895734157239,0,0.484929742121571,0.000149239109569489,"A_Long_2022_version2","2"
"BOMA",1,0,6.86540974545399e-06,0,0.51417583723747,6.90014084082826e-06,"A_Long_2022_version2","2"
"BOVO",1,0,6.86540974545399e-06,0,0.453296450154528,6.90014084082826e-06,"A_Long_2022_version2","2"
"buckeye",0,33.3571409054501,0.00500023157472782,0,33.3571412243558,0.0050002315203467,"A_Long_2022_version2","2"
"by_SYR",0,0.00104018426162771,0.00125008799905063,0,0.00104341956113317,0.00125026741547002,"A_Long_2022_version2","2"
"click_beetle",1,0,6.86540974545399e-06,0,0.533886096013657,6.90014084082826e-06,"A_Long_2022_version2","2"
"Colias",0,35.060565055398,0.00500023181758168,0,35.0605653811746,0.00500023176462636,"A_Long_2022_version2","2"
"Cone_Bomb",1,0,1.34378720763587e-06,0,0.50909562951843,1.3437871081959e-06,"A_Long_2022_version2","2"
"crane_fly",1,0,0,0,0.47024531626154,0,"A_Long_2022_version2","2"
"cuckoo_bee",1,0,0,0,0.513030407700236,0,"A_Long_2022_version2","2"
"dark_Andrena",1,0,6.86540974545399e-06,0,0.502062217868893,6.90014084082826e-06,"A_Long_2022_version2","2"
"dark_green_Andrena",1,0,0.000555582069684575,0,0.459695722493201,0.00055573414276417,"A_Long_2022_version2","2"
"DINI",1,0,0,0,0.506007943235341,0,"A_Long_2022_version2","2"
"EUAC",1,0,0.000138895734157239,0,0.475501956383466,0.000149239109569489,"A_Long_2022_version2","2"
"EUAL",1,0,6.86540974545399e-06,0,0.461380936909179,6.90014084082826e-06,"A_Long_2022_version2","2"
"fuzzy_dark_Andrena",1,0,0,0,0.529406632566548,0,"A_Long_2022_version2","2"
"GOLD_BOMB",0,16.9741144392187,0.00500022732725089,0,28.4643899158989,0.0050024742458807,"A_Long_2022_version2","2"
"green_lacewing",0,74.7581039747676,0.00250017599810127,0,74.7301753506228,0.00250053483094005,"A_Long_2022_version2","2"
"greenish_Andrena",1,0,2.68757441527174e-06,0,0.480793690602665,2.68757421639179e-06,"A_Long_2022_version2","2"
"HETH",0,31.7382609401853,0.00500023199769408,0,31.6403612646311,0.00500024220510973,"A_Long_2022_version2","2"
"muscid",1,0,0,0,0.470616668844883,0,"A_Long_2022_version2","2"
"Nomada",0,67.605691330127,0.00250011328506688,0,67.605692161131,0.00250011325159416,"A_Long_2022_version2","2"
"OSCA",0,11.5159932029915,0.00500022732732996,0,0.0255667021583231,0.00250468719336077,"A_Long_2022_version2","2"
"Osmia",1,0,3.51545040767943e-06,0,0.456165755543004,3.45007042041413e-06,"A_Long_2022_version2","2"
"pink_brown_moth",0,33.1351879729006,0.00500023284047674,0,33.0472717811058,0.00500024289762307,"A_Long_2022_version2","2"
"potato_beetle",0,109.108726553854,0.00166674620905372,0,109.032321577621,0.00166720242829251,"A_Long_2022_version2","2"
"RAB_bee",1,0,2.0596229236362e-05,0,0.531955069900469,2.07004225224848e-05,"A_Long_2022_version2","2"
"red_fly",1,0,1.81515486079973e-06,0,0.468859817189565,1.7917161442612e-06,"A_Long_2022_version2","2"
"red_wasp",1,0,2.7461638981816e-05,0,0.526947505016321,2.76005633633131e-05,"A_Long_2022_version2","2"
"ry_wasp",0,21.8734808802982,0.0050002461845629,0,0.00129963519812813,0.00121277828854495,"A_Long_2022_version2","2"
"shiny_moth",1,0,2.7461638981816e-05,0,0.489414047794144,2.76005633633131e-05,"A_Long_2022_version2","2"
"Silvery_Blue",1,0,2.7461638981816e-05,0,0.481901276173024,2.76005633633131e-05,"A_Long_2022_version2","2"
"small_black_bee",1,0,3.23867265446001e-05,0,0.51474864001607,2.87505868367844e-05,"A_Long_2022_version2","2"
"small_brown_moth",1,0,0.00124765378701563,0,0.480392750087377,0.000976875321765638,"A_Long_2022_version2","2"
"small_dark_Andrena",1,0,5.97833403351902e-06,0,0.460950718545798,5.49595196601611e-06,"A_Long_2022_version2","2"
"small_gray_moth",0,34.0795511466837,0.00500023416505865,0,34.4375275865075,0.00488528271154532,"A_Long_2022_version2","2"
"small_muscid",1,0,0.00124782281127569,0,0.497953099360668,0.000271555946658733,"A_Long_2022_version2","2"
"smoothwing",1,0,8.06272324581522e-06,0,0.497740954741715,8.06272264917538e-06,"A_Long_2022_version2","2"
"snakefly",0,142.09912044424,0.0012500564636672,0,142.227611681848,0.00125048841863623,"A_Long_2022_version2","2"
"Sphinx",0,275.774774155008,0.00128038177382008,0,260.667411065328,0.00130632397117776,"A_Long_2022_version2","2"
"Sphinx_Moth",1,0,6.22129887258065e-05,0,0.546733487069948,7.08150517676578e-05,"A_Long_2022_version2","2"
"stripe_moth",0,95.5966539210258,0.00341565054804845,0,102.967462152399,0.0032767519661754,"A_Long_2022_version2","2"
"sulfur",0,10.1077916814006,0.00500024618182388,1,0,0.000383928540323152,"A_Long_2022_version2","2"
"UNKBEE",0,0.0522977823676008,0.000123577604950999,0,0.0262705778267109,0.000161349343498594,"A_Long_2022_version2","2"
"UNKBOMB",0,2.2226882224378,0.000151044783305752,0,0.900256647351525,0.00026777351011758,"A_Long_2022_version2","2"
"UNKSAB",0,1029.84594512035,0.000185715604011043,0,1054.39890896514,0.0003313378302866,"A_Long_2022_version2","2"
"UNKSYR",0,0.00173484635877791,4.03136162290761e-05,0,0.00173785777539954,4.03136132458769e-05,"A_Long_2022_version2","2"
"weevil",0,2057.02386059909,8.1971019665788e-05,0,2052.67827520853,8.19710135999497e-05,"A_Long_2022_version2","2"
"ADTR",1,2.33486338689108e-05,0,1,2.33321833907438e-05,0,"A_Long_2022_version3","3"
"ANBA",1,0,0,0,0.547576059399907,0,"A_Long_2022_version3","3"
"ANCA",1,0,0,0,0.510830334229781,0,"A_Long_2022_version3","3"
"ANDL",1,0,0,0,0.525427399936797,0,"A_Long_2022_version3","3"
"Andrena",1,0,0,0,0.458310737744118,0,"A_Long_2022_version3","3"
"Andrena_pink_B",1,0,0,0,0.528569265398462,0,"A_Long_2022_version3","3"
"ANLE",1,0,0,0,0.463643551950177,0,"A_Long_2022_version3","3"
"ANPL",1,0,0,0,0.45717762662432,0,"A_Long_2022_version3","3"
"ANPL_",1,0,0,0,0.484370674953969,0,"A_Long_2022_version3","3"
"ANSU",1,0,0,0,0.517933951349898,0,"A_Long_2022_version3","3"
"Anth_Syr",1,0,0,0,0.515920337739364,0,"A_Long_2022_version3","3"
"Anthphora",1,0,0,0,0.47311638548184,0,"A_Long_2022_version3","3"
"APME",1,0,0,0,0.467090793287889,0,"A_Long_2022_version3","3"
"beetle",1,0,0,0,0.494962789558323,0,"A_Long_2022_version3","3"
"beetle_1",1,0,0,0,0.539604106726872,0,"A_Long_2022_version3","3"
"Beetle_1",1,0,0,0,0.526221758535235,0,"A_Long_2022_version3","3"
"big_black_fly",1,0,0,0,0.50909570169593,0,"A_Long_2022_version3","3"
"big_red_wasp",1,0,0,0,0.471458403496751,0,"A_Long_2022_version3","3"
"black_bee",1,0,0,0,0.501387569891004,0,"A_Long_2022_version3","3"
"black_diani_bee",1,0,0,0,0.520887158099044,0,"A_Long_2022_version3","3"
"bluish_moth",1,0,0,0,0.450466170627841,0,"A_Long_2022_version3","3"
"BOED",1,0,0,0,0.484929742121571,0,"A_Long_2022_version3","3"
"BOMA",1,0,0,0,0.51417583723747,0,"A_Long_2022_version3","3"
"BOVO",1,0,0,0,0.453296450154528,0,"A_Long_2022_version3","3"
"buckeye",1,0,0,0,0.453437747155986,0,"A_Long_2022_version3","3"
"by_SYR",1,0,0,0,0.528216450651277,0,"A_Long_2022_version3","3"
"click_beetle",1,0,0,0,0.533886096013657,0,"A_Long_2022_version3","3"
"Colias",1,0,0,0,0.523615701530881,0,"A_Long_2022_version3","3"
"Cone_Bomb",1,0,0,0,0.50909562951843,0,"A_Long_2022_version3","3"
"crane_fly",1,0,0.000312522207664297,0,0.47024531626154,0.00126287293306454,"A_Long_2022_version3","3"
"cuckoo_bee",1,0,0.000312522207664297,0,0.513030407700236,0.00126287293306454,"A_Long_2022_version3","3"
"dark_Andrena",1,0,0,0,0.502062217868893,0,"A_Long_2022_version3","3"
"dark_green_Andrena",1,0,0,0,0.459695722493201,0,"A_Long_2022_version3","3"
"DINI",1,0,0.000312522207664297,0,0.506007943235341,0.00126287293306454,"A_Long_2022_version3","3"
"EUAC",1,0,0,0,0.475501956383466,0,"A_Long_2022_version3","3"
"EUAL",1,0,0,0,0.461380936909179,0,"A_Long_2022_version3","3"
"fuzzy_dark_Andrena",1,0,0.000312522207664297,0,0.529406632566548,0.00126287293306454,"A_Long_2022_version3","3"
"GOLD_BOMB",1,0,0,0,0.53727354597639,0,"A_Long_2022_version3","3"
"green_lacewing",1,0,0,0,0.456487225185375,0,"A_Long_2022_version3","3"
"greenish_Andrena",1,0,0,0,0.480793690602665,0,"A_Long_2022_version3","3"
"HETH",1,0,0,0,0.499557958985473,0,"A_Long_2022_version3","3"
"muscid",0,0.00128953550063402,0.000625044415328594,0,64.5868413831384,0.00252574586612908,"A_Long_2022_version3","3"
"Nomada",1,0,0,0,0.454353275943712,0,"A_Long_2022_version3","3"
"OSCA",1,0,0,0,0.515508785967486,0,"A_Long_2022_version3","3"
"Osmia",1,0,0.000276907454674047,0,0.456165755543004,0.000631436466532271,"A_Long_2022_version3","3"
"pink_brown_moth",1,0,0,0,0.477853411262787,0,"A_Long_2022_version3","3"
"potato_beetle",1,0,0,0,0.482283093655614,0,"A_Long_2022_version3","3"
"RAB_bee",1,0,0,0,0.531955069900469,0,"A_Long_2022_version3","3"
"red_fly",1,0,0.000248581211760742,0,0.468859817189565,0.000420957644354847,"A_Long_2022_version3","3"
"red_wasp",1,0,0,0,0.526947505016321,0,"A_Long_2022_version3","3"
"ry_wasp",1,0,0,0,0.50671680930849,0,"A_Long_2022_version3","3"
"shiny_moth",1,0,0,0,0.489414047794144,0,"A_Long_2022_version3","3"
"Silvery_Blue",1,0,0,0,0.481901276173024,0,"A_Long_2022_version3","3"
"small_black_bee",1,0,0.000190210436071329,0,0.51474864001607,0.000210478822177424,"A_Long_2022_version3","3"
"small_brown_moth",1,0,0,0,0.480392750087377,0,"A_Long_2022_version3","3"
"small_dark_Andrena",1,0,0.00062470207441255,0,0.460950718545798,0.000841915288709695,"A_Long_2022_version3","3"
"small_gray_moth",1,0,0,0,0.498726599220525,0,"A_Long_2022_version3","3"
"small_muscid",1,0,0,0,0.497953099360668,0,"A_Long_2022_version3","3"
"smoothwing",1,0,0,0,0.497740954741715,0,"A_Long_2022_version3","3"
"snakefly",1,0,0,0,0.532226344003447,0,"A_Long_2022_version3","3"
"Sphinx",1,0,0,0,0.528163665941993,0,"A_Long_2022_version3","3"
"Sphinx_Moth",1,0,0,0,0.546733487069948,0,"A_Long_2022_version3","3"
"stripe_moth",1,0,0,0,0.549717184621709,0,"A_Long_2022_version3","3"
"sulfur",0,142.231939045155,0.00125008883065726,0,12.9835679947179,0.00112255371827959,"A_Long_2022_version3","3"
"UNKBEE",1,0,0,0,0.505596226014009,0,"A_Long_2022_version3","3"
"UNKBOMB",1,0,0,0,0.455770617446755,0,"A_Long_2022_version3","3"
"UNKSAB",1,0,0,0,0.53676742761711,0,"A_Long_2022_version3","3"
"UNKSYR",1,0,0,0,0.450155960768534,0,"A_Long_2022_version3","3"
"weevil",1,0,0,0,0.471232636748456,0,"A_Long_2022_version3","3"
"APME",1,2.19379928837994e-05,1.13383814181399e-07,1,2.19241635450825e-05,1.18213781964433e-07,"A_Lower_Banana_2022_version1","1"
"black_beetle",1,0,1.13383814181399e-07,0,0.466540640739976,1.18213781964433e-07,"A_Lower_Banana_2022_version1","1"
"black_muscid",1,0,4.13261731259792e-05,0,0.548548916773195,4.1327378606013e-05,"A_Lower_Banana_2022_version1","1"
"black_oviwasp",1,0,1.13383814181399e-07,0,0.461644207086248,1.18213781964433e-07,"A_Lower_Banana_2022_version1","1"
"BOCA",1,0,1.13383814181399e-07,0,0.454188498577191,1.18213781964433e-07,"A_Lower_Banana_2022_version1","1"
"BOVO",1,0,7.81288973456748e-05,0,0.546095586845696,9.62259004220807e-05,"A_Lower_Banana_2022_version1","1"
"brown_lep",1,0,4.13261731259792e-05,0,0.528528115608975,4.1327378606013e-05,"A_Lower_Banana_2022_version1","1"
"BY_SYR",1,0,1.13383814181399e-07,0,0.472039040048625,1.18213781964433e-07,"A_Lower_Banana_2022_version1","1"
"CAAN",1,0,2.95871384889518e-05,0,0.460146097238244,2.92321681028936e-05,"A_Lower_Banana_2022_version1","1"
"CEPU",1,0,5.00022624049481e-05,0,0.475456283160232,3.86997237661481e-05,"A_Lower_Banana_2022_version1","1"
"checkerbeetle",1,0,1.13383814181399e-07,0,0.493751074021566,1.18213781964433e-07,"A_Lower_Banana_2022_version1","1"
"COEU",1,0,2.95871384889518e-05,0,0.474301080463594,2.92321681028936e-05,"A_Lower_Banana_2022_version1","1"
"coppery_hairstreak",1,0,0.191514851474909,0,0.478259351629885,8.40526312652028e-05,"A_Lower_Banana_2022_version1","1"
"DAPL",1,0,6.17312164931585e-05,0,0.504922843470668,8.44648387284374e-05,"A_Lower_Banana_2022_version1","1"
"dark_LH",1,0,1.13383814181399e-07,0,0.538230211515087,1.18213781964433e-07,"A_Lower_Banana_2022_version1","1"
"darkbee",1,0,2.95871384889518e-05,0,0.535164934063873,2.92321681028936e-05,"A_Lower_Banana_2022_version1","1"
"duskywing",1,0,4.13261731259792e-05,0,0.517046811509434,4.1327378606013e-05,"A_Lower_Banana_2022_version1","1"
"ERST",1,0,1.13383814181399e-07,0,0.505761039050185,1.18213781964433e-07,"A_Lower_Banana_2022_version1","1"
"fritillary",1,0,2.26767628362798e-07,0,0.525783316453818,2.36427563928867e-07,"A_Lower_Banana_2022_version1","1"
"gray_weevil",1,0,4.88704363932584e-05,0,0.540199639317673,4.81720571020226e-05,"A_Lower_Banana_2022_version1","1"
"HALI",0,65.198415610184,0.00250011310713332,0,65.1984175753055,0.00250011357741497,"A_Lower_Banana_2022_version1","1"
"HALI_LATI",1,0,8.26523462519583e-05,0,0.525969738502041,8.2654757212026e-05,"A_Lower_Banana_2022_version1","1"
"halictid",1,0,8.26523462519583e-05,0,0.473395003808381,8.2654757212026e-05,"A_Lower_Banana_2022_version1","1"
"HATR",1,0,2.26767628362798e-07,0,0.549829007452274,2.36427563928867e-07,"A_Lower_Banana_2022_version1","1"
"HATR_LAIN",1,0,2.26767628362798e-07,0,0.476128250372656,2.36427563928867e-07,"A_Lower_Banana_2022_version1","1"
"HEER",1,0,8.87614154668555e-05,0,0.487504013226137,8.76965043086809e-05,"A_Lower_Banana_2022_version1","1"
"HETH",1,0,3.40151442544196e-07,0,0.479950291677355,3.546413458933e-07,"A_Lower_Banana_2022_version1","1"
"ICAC",1,0,4.53535256725595e-07,0,0.524552221304994,4.72855127857733e-07,"A_Lower_Banana_2022_version1","1"
"JUCO",1,0,2.01111360448154e-05,0,0.549183473037176,1.77581004591911e-05,"A_Lower_Banana_2022_version1","1"
"LAHE",1,0,5.66919070906994e-07,0,0.526631335810121,5.91068909822167e-07,"A_Lower_Banana_2022_version1","1"
"LAIN",1,0,0.000206630865629896,0,0.49286096070095,0.000206636893030065,"A_Lower_Banana_2022_version1","1"
"MEGA",1,0,6.80302885088393e-07,0,0.514166500868353,7.092826917866e-07,"A_Lower_Banana_2022_version1","1"
"mega_ash",0,0.0190053208134613,0.000289283211881854,0,0.0164390425019831,0.000289291650242091,"A_Lower_Banana_2022_version1","1"
"MelissodesSp_",1,0,0.000206502091345388,0,0.460246813115779,0.000129281048648501,"A_Lower_Banana_2022_version1","1"
"mellisodes_",1,0,0.000312082010689337,0,0.468188036893582,0.000209698552465526,"A_Lower_Banana_2022_version1","1"
"MELU",1,0,1.13383814181399e-06,0,0.536336070432484,1.18213781964433e-06,"A_Lower_Banana_2022_version1","1"
"orange_blister_beetle",1,0,2.28196686128747e-05,0,0.500335758761659,1.24494354457298e-05,"A_Lower_Banana_2022_version1","1"
"pale_lep",0,284.205641489683,0.000625031178765413,0,61.8664187426024,0.000627538629942474,"A_Lower_Banana_2022_version1","1"
"PHMY",0,414.666104998912,0.000454587904385771,0,289.36496917492,0.000454601164666143,"A_Lower_Banana_2022_version1","1"
"STME",0,331.471350744486,0.0010443852208562,0,335.394809904611,0.00106337142692079,"A_Lower_Banana_2022_version1","1"
"VAVI",1,0,0.00016899657949795,0,0.512914115545765,2.77113862838099e-05,"A_Lower_Banana_2022_version1","1"
"Villa",1,0,6.83276660818844e-06,0,0.547539977681609,7.65404907668808e-06,"A_Lower_Banana_2022_version1","1"
"XECA",0,9072.10946402989,7.42367022837679e-05,0,9291.64044171909,9.2418295859296e-05,"A_Lower_Banana_2022_version1","1"
"APME",1,2.19379928837994e-05,1.13383814181399e-07,1,2.19241635450825e-05,1.18213781964433e-07,"A_Lower_Banana_2022_version2","2"
"black_beetle",1,0,1.13383814181399e-07,0,0.466540640739976,1.18213781964433e-07,"A_Lower_Banana_2022_version2","2"
"black_muscid",1,0,4.13261731259792e-05,0,0.548548916773195,4.1327378606013e-05,"A_Lower_Banana_2022_version2","2"
"black_oviwasp",1,0,1.13383814181399e-07,0,0.461644207086248,1.18213781964433e-07,"A_Lower_Banana_2022_version2","2"
"BOCA",1,0,1.13383814181399e-07,0,0.454188498577191,1.18213781964433e-07,"A_Lower_Banana_2022_version2","2"
"BOVO",1,0,7.81288973456748e-05,0,0.546095586845696,9.62259004220807e-05,"A_Lower_Banana_2022_version2","2"
"brown_lep",1,0,4.13261731259792e-05,0,0.528528115608975,4.1327378606013e-05,"A_Lower_Banana_2022_version2","2"
"BY_SYR",1,0,1.13383814181399e-07,0,0.472039040048625,1.18213781964433e-07,"A_Lower_Banana_2022_version2","2"
"CAAN",1,0,2.95871384889518e-05,0,0.460146097238244,2.92321681028936e-05,"A_Lower_Banana_2022_version2","2"
"CEPU",1,0,5.00022624049481e-05,0,0.475456283160232,3.86997237661481e-05,"A_Lower_Banana_2022_version2","2"
"checkerbeetle",1,0,1.13383814181399e-07,0,0.493751074021566,1.18213781964433e-07,"A_Lower_Banana_2022_version2","2"
"COEU",1,0,2.95871384889518e-05,0,0.474301080463594,2.92321681028936e-05,"A_Lower_Banana_2022_version2","2"
"coppery_hairstreak",1,0,0.191514851474909,0,0.478259351629885,8.40526312652028e-05,"A_Lower_Banana_2022_version2","2"
"DAPL",1,0,6.17312164931585e-05,0,0.504922843470668,8.44648387284374e-05,"A_Lower_Banana_2022_version2","2"
"dark_LH",1,0,1.13383814181399e-07,0,0.538230211515087,1.18213781964433e-07,"A_Lower_Banana_2022_version2","2"
"darkbee",1,0,2.95871384889518e-05,0,0.535164934063873,2.92321681028936e-05,"A_Lower_Banana_2022_version2","2"
"duskywing",1,0,4.13261731259792e-05,0,0.517046811509434,4.1327378606013e-05,"A_Lower_Banana_2022_version2","2"
"ERST",1,0,1.13383814181399e-07,0,0.505761039050185,1.18213781964433e-07,"A_Lower_Banana_2022_version2","2"
"fritillary",1,0,2.26767628362798e-07,0,0.525783316453818,2.36427563928867e-07,"A_Lower_Banana_2022_version2","2"
"gray_weevil",1,0,4.88704363932584e-05,0,0.540199639317673,4.81720571020226e-05,"A_Lower_Banana_2022_version2","2"
"HALI",0,65.198415610184,0.00250011310713332,0,65.1984175753055,0.00250011357741497,"A_Lower_Banana_2022_version2","2"
"HALI_LATI",1,0,8.26523462519583e-05,0,0.525969738502041,8.2654757212026e-05,"A_Lower_Banana_2022_version2","2"
"halictid",1,0,8.26523462519583e-05,0,0.473395003808381,8.2654757212026e-05,"A_Lower_Banana_2022_version2","2"
"HATR",1,0,2.26767628362798e-07,0,0.549829007452274,2.36427563928867e-07,"A_Lower_Banana_2022_version2","2"
"HATR_LAIN",1,0,2.26767628362798e-07,0,0.476128250372656,2.36427563928867e-07,"A_Lower_Banana_2022_version2","2"
"HEER",1,0,8.87614154668555e-05,0,0.487504013226137,8.76965043086809e-05,"A_Lower_Banana_2022_version2","2"
"HETH",1,0,3.40151442544196e-07,0,0.479950291677355,3.546413458933e-07,"A_Lower_Banana_2022_version2","2"
"ICAC",1,0,4.53535256725595e-07,0,0.524552221304994,4.72855127857733e-07,"A_Lower_Banana_2022_version2","2"
"JUCO",1,0,2.01111360448154e-05,0,0.549183473037176,1.77581004591911e-05,"A_Lower_Banana_2022_version2","2"
"LAHE",1,0,5.66919070906994e-07,0,0.526631335810121,5.91068909822167e-07,"A_Lower_Banana_2022_version2","2"
"LAIN",1,0,0.000206630865629896,0,0.49286096070095,0.000206636893030065,"A_Lower_Banana_2022_version2","2"
"MEGA",1,0,6.80302885088393e-07,0,0.514166500868353,7.092826917866e-07,"A_Lower_Banana_2022_version2","2"
"mega_ash",0,0.0190053208134613,0.000289283211881854,0,0.0164390425019831,0.000289291650242091,"A_Lower_Banana_2022_version2","2"
"MelissodesSp_",1,0,0.000206502091345388,0,0.460246813115779,0.000129281048648501,"A_Lower_Banana_2022_version2","2"
"mellisodes_",1,0,0.000312082010689337,0,0.468188036893582,0.000209698552465526,"A_Lower_Banana_2022_version2","2"
"MELU",1,0,1.13383814181399e-06,0,0.536336070432484,1.18213781964433e-06,"A_Lower_Banana_2022_version2","2"
"orange_blister_beetle",1,0,2.28196686128747e-05,0,0.500335758761659,1.24494354457298e-05,"A_Lower_Banana_2022_version2","2"
"pale_lep",0,284.205641489683,0.000625031178765413,0,61.8664187426024,0.000627538629942474,"A_Lower_Banana_2022_version2","2"
"PHMY",0,414.666104998912,0.000454587904385771,0,289.36496917492,0.000454601164666143,"A_Lower_Banana_2022_version2","2"
"STME",0,331.471350744486,0.0010443852208562,0,335.394809904611,0.00106337142692079,"A_Lower_Banana_2022_version2","2"
"VAVI",1,0,0.00016899657949795,0,0.512914115545765,2.77113862838099e-05,"A_Lower_Banana_2022_version2","2"
"Villa",1,0,6.83276660818844e-06,0,0.547539977681609,7.65404907668808e-06,"A_Lower_Banana_2022_version2","2"
"XECA",0,9072.10946402989,7.42367022837679e-05,0,9291.64044171909,9.2418295859296e-05,"A_Lower_Banana_2022_version2","2"
"APME",1,2.16827946888838e-05,0,1,2.16314827388299e-05,0,"A_Lower_Banana_2022_version3","3"
"black_beetle",1,0,0,0,0.466540640739976,0,"A_Lower_Banana_2022_version3","3"
"black_muscid",1,0,0,0,0.548548916773195,0,"A_Lower_Banana_2022_version3","3"
"black_oviwasp",1,0,0,0,0.461644207086248,0,"A_Lower_Banana_2022_version3","3"
"BOCA",1,0,0,0,0.454188498577191,0,"A_Lower_Banana_2022_version3","3"
"BOVO",1,0,0,0,0.546095586845696,0,"A_Lower_Banana_2022_version3","3"
"brown_lep",1,0,0,0,0.528528115608975,0,"A_Lower_Banana_2022_version3","3"
"BY_SYR",1,0,0,0,0.472039040048625,0,"A_Lower_Banana_2022_version3","3"
"CAAN",1,0,0,0,0.460146097238244,0,"A_Lower_Banana_2022_version3","3"
"CEPU",1,0,0,0,0.475456283160232,0,"A_Lower_Banana_2022_version3","3"
"checkerbeetle",1,0,0,0,0.493751074021566,0,"A_Lower_Banana_2022_version3","3"
"COEU",1,0,0,0,0.474301080463594,0,"A_Lower_Banana_2022_version3","3"
"coppery_hairstreak",1,0,0,0,0.478259351629885,0,"A_Lower_Banana_2022_version3","3"
"DAPL",1,0,0,0,0.504922843470668,0,"A_Lower_Banana_2022_version3","3"
"dark_LH",1,0,0,0,0.538230211515087,0,"A_Lower_Banana_2022_version3","3"
"darkbee",1,0,0,0,0.535164934063873,0,"A_Lower_Banana_2022_version3","3"
"duskywing",1,0,0,0,0.517046811509434,0,"A_Lower_Banana_2022_version3","3"
"ERST",1,0,0,0,0.505761039050185,0,"A_Lower_Banana_2022_version3","3"
"fritillary",1,0,0,0,0.525783316453818,0,"A_Lower_Banana_2022_version3","3"
"gray_weevil",1,0,0,0,0.540199639317673,0,"A_Lower_Banana_2022_version3","3"
"HALI",1,0,0,0,0.535338012122241,0,"A_Lower_Banana_2022_version3","3"
"HALI_LATI",1,0,0,0,0.525969738502041,0,"A_Lower_Banana_2022_version3","3"
"halictid",1,0,0,0,0.473395003808381,0,"A_Lower_Banana_2022_version3","3"
"HATR",1,0,0,0,0.549829007452274,0,"A_Lower_Banana_2022_version3","3"
"HATR_LAIN",1,0,0,0,0.476128250372656,0,"A_Lower_Banana_2022_version3","3"
"HEER",1,0,0,0,0.487504013226137,0,"A_Lower_Banana_2022_version3","3"
"HETH",1,0,0,0,0.479950291677355,0,"A_Lower_Banana_2022_version3","3"
"ICAC",1,0,0,0,0.524552221304994,0,"A_Lower_Banana_2022_version3","3"
"JUCO",1,0,0,0,0.549183473037176,0,"A_Lower_Banana_2022_version3","3"
"LAHE",1,0,0,0,0.526631335810121,0,"A_Lower_Banana_2022_version3","3"
"LAIN",1,0,0,0,0.49286096070095,0,"A_Lower_Banana_2022_version3","3"
"MEGA",1,0,0,0,0.514166500868353,0,"A_Lower_Banana_2022_version3","3"
"mega_ash",1,0,0,0,0.496380094413823,0,"A_Lower_Banana_2022_version3","3"
"MelissodesSp_",1,0,0,0,0.460246813115779,0,"A_Lower_Banana_2022_version3","3"
"mellisodes_",1,0,0,0,0.468188036893582,0,"A_Lower_Banana_2022_version3","3"
"MELU",1,0,0,0,0.536336070432484,0,"A_Lower_Banana_2022_version3","3"
"orange_blister_beetle",1,0,0,0,0.500335758761659,0,"A_Lower_Banana_2022_version3","3"
"pale_lep",1,0,0,0,0.543097507205372,0,"A_Lower_Banana_2022_version3","3"
"PHMY",1,0,0,0,0.53980360067906,0,"A_Lower_Banana_2022_version3","3"
"STME",1,0,0,0,0.479116612965761,0,"A_Lower_Banana_2022_version3","3"
"VAVI",1,0,0,0,0.512914115545765,0,"A_Lower_Banana_2022_version3","3"
"Villa",1,0,0,0,0.547539977681609,0,"A_Lower_Banana_2022_version3","3"
"XECA",1,0,0,0,0.504404894800114,0,"A_Lower_Banana_2022_version3","3"
"APME",1,6.03144519056275e-05,0.000312515052987914,1,6.00677290508848e-05,0.00031251400083847,"A_Pond_202_version1","1"
"big_paper_wasp",1,0,1.95638827902129e-05,0,0.453300356587069,1.96440704232949e-05,"A_Pond_202_version1","1"
"black_oviwasp",1,0,1.95638827902129e-05,0,0.519093158873307,1.96440704232949e-05,"A_Pond_202_version1","1"
"black_red_wasp",1,0,1.95638827902129e-05,0,0.498721183672883,1.96440704232949e-05,"A_Pond_202_version1","1"
"blackredwasp",1,0,3.9861449954908e-07,0,0.5069339901474,5.1695405128829e-07,"A_Pond_202_version1","1"
"BOCA",1,0,3.9861449954908e-07,0,0.539572407346951,5.1695405128829e-07,"A_Pond_202_version1","1"
"BOCR",1,0,2.58799005874071e-07,0,0.493450280206022,2.95726143771257e-07,"A_Pond_202_version1","1"
"BombusSp_",1,0,0.000312515052987914,0,0.518859422611473,0.00031251400083847,"A_Pond_202_version1","1"
"BOVO",1,0,3.9861449954908e-07,0,0.470315831024347,5.1695405128829e-07,"A_Pond_202_version1","1"
"CEPU",1,0,3.9861449954908e-07,0,0.498172026196575,5.1695405128829e-07,"A_Pond_202_version1","1"
"cobalt",1,0,1.95638827902129e-05,0,0.477244285832739,1.96440704232949e-05,"A_Pond_202_version1","1"
"DAPL",1,0,1.95638827902129e-05,0,0.544711990838271,1.96440704232949e-05,"A_Pond_202_version1","1"
"DIDU",1,0,1.95638827902129e-05,0,0.474430018814481,1.96440704232949e-05,"A_Pond_202_version1","1"
"duskywing",1,0,1.95638827902129e-05,0,0.54532621498002,1.96440704232949e-05,"A_Pond_202_version1","1"
"ERST",1,0,1.95638827902129e-05,0,0.497695169200979,1.96440704232949e-05,"A_Pond_202_version1","1"
"fluffywhitemoth",1,0,3.9861449954908e-07,0,0.462708760850462,5.1695405128829e-07,"A_Pond_202_version1","1"
"gold_red_wasp",1,0,0.000537776199735118,0,0.546143613707341,0.000278013761729999,"A_Pond_202_version1","1"
"HALI",1,0,7.9722899909816e-07,0,0.535715579281429,1.03390810257658e-06,"A_Pond_202_version1","1"
"HALI_LATI",1,0,3.91277655804258e-05,0,0.471740982971034,3.92881408465897e-05,"A_Pond_202_version1","1"
"halictid",1,0,3.28744990953068e-07,0,0.450700794160692,4.06340097529774e-07,"A_Pond_202_version1","1"
"HATR",1,0,1.05966175873596e-05,0,0.528247458757017,1.00805122372916e-05,"A_Pond_202_version1","1"
"HEER",1,0,3.91277655804258e-05,0,0.455039329177253,3.92881408465897e-05,"A_Pond_202_version1","1"
"HETH",1,0,0.000270693815109232,0,0.546005482085052,0.000166079035630882,"A_Pond_202_version1","1"
"ICAC",1,0,1.19584349864724e-06,0,0.514137403464009,1.55086215386487e-06,"A_Pond_202_version1","1"
"JUCO",1,0,4.78063447999248e-07,0,0.507340019595502,5.6661954212444e-07,"A_Pond_202_version1","1"
"LAIN",1,0,3.02778598399527e-05,0,0.463709341601333,2.63644119148226e-05,"A_Pond_202_version1","1"
"medium_black_wasp",1,0,7.76397017622213e-07,0,0.462904293608342,8.87178431313773e-07,"A_Pond_202_version1","1"
"MEGA",1,0,7.76397017622213e-07,0,0.532462675395637,8.87178431313773e-07,"A_Pond_202_version1","1"
"mega_ash",0,105.14209078835,0.00166674480564234,0,93.3414185728075,0.00166653170822613,"A_Pond_202_version1","1"
"MelissodesSp_",0,113.607626416873,0.00125006021195165,0,108.180627526664,0.00125005600335388,"A_Pond_202_version1","1"
"MELU",1,0,2.09542278532718e-05,0,0.500505899056097,1.61879648084208e-05,"A_Pond_202_version1","1"
"muscid",1,0,2.39168699729448e-06,0,0.502645435814115,3.10172430772974e-06,"A_Pond_202_version1","1"
"red_ab_black_wasp",0,0.00141431208525262,0.000156511062321703,0,0.00121624710567457,0.000157152563386359,"A_Pond_202_version1","1"
"red_ab_tachnid",1,0,1.37205616711947e-06,0,0.540305639938594,1.5892446726148e-06,"A_Pond_202_version1","1"
"red_ab_wasp",0,1.48358231845213,0.000254330476264262,0,0.256000827110159,0.000221402053740795,"A_Pond_202_version1","1"
"red_black_fly",0,453.372842525369,0.000313022124643406,0,247.795742695084,0.000314305126772718,"A_Pond_202_version1","1"
"redabwasp",0,0.243981423856829,0.000234766696422522,0,54.4883777573417,0.00316546175596255,"A_Pond_202_version1","1"
"STME",1,0,1.15598204869233e-05,0,0.489149349061376,1.49916674873604e-05,"A_Pond_202_version1","1"
"tiny_beetle",0,3672.11121343279,3.6446739261075e-05,0,1549.12843682792,6.21062859491044e-05,"A_Pond_202_version1","1"
"vespid",0,3194.84777250038,9.97179798723652e-05,0,4685.18548751503,8.29214496397725e-05,"A_Pond_202_version1","1"
"APME",1,2.31672965519965e-05,0,1,2.2969033788896e-05,0,"A_Pond_202_version2","2"
"big_paper_wasp",1,0,0,0,0.453300356587069,0,"A_Pond_202_version2","2"
"black_oviwasp",1,0,0,0,0.519093158873307,0,"A_Pond_202_version2","2"
"black_red_wasp",1,0,0.000312515016263399,0,0.498721183672883,0.00031251403730445,"A_Pond_202_version2","2"
"blackredwasp",1,0,1.95564572946489e-05,0,0.5069339901474,1.9563986983577e-05,"A_Pond_202_version2","2"
"BOCA",1,0,1.95564572946489e-05,0,0.539572407346951,1.9563986983577e-05,"A_Pond_202_version2","2"
"BOCR",1,0,3.98615029940074e-07,0,0.493450280206022,4.18682652210179e-07,"A_Pond_202_version2","2"
"BombusSp_",1,0,1.95564572946489e-05,0,0.518859422611473,1.9563986983577e-05,"A_Pond_202_version2","2"
"BOVO",1,0,3.98615029940074e-07,0,0.470315831024347,4.18682652210179e-07,"A_Pond_202_version2","2"
"CEPU",1,0,3.98615029940074e-07,0,0.498172026196575,4.18682652210179e-07,"A_Pond_202_version2","2"
"cobalt",1,0,0.000312515016263399,0,0.477244285832739,0.00031251403730445,"A_Pond_202_version2","2"
"DAPL",1,0,3.98615029940074e-07,0,0.544711990838271,4.18682652210179e-07,"A_Pond_202_version2","2"
"DIDU",1,0,3.98615029940074e-07,0,0.474430018814481,4.18682652210179e-07,"A_Pond_202_version2","2"
"duskywing",1,0,1.95564572946489e-05,0,0.54532621498002,1.9563986983577e-05,"A_Pond_202_version2","2"
"ERST",1,0,3.98615029940074e-07,0,0.497695169200979,4.18682652210179e-07,"A_Pond_202_version2","2"
"fluffywhitemoth",1,0,1.95564572946489e-05,0,0.462708760850462,1.9563986983577e-05,"A_Pond_202_version2","2"
"gold_red_wasp",1,0,1.95564572946489e-05,0,0.546143613707341,1.9563986983577e-05,"A_Pond_202_version2","2"
"HALI",1,0,1.95564572946489e-05,0,0.535715579281429,1.9563986983577e-05,"A_Pond_202_version2","2"
"HALI_LATI",1,0,1.95564572946489e-05,0,0.471740982971034,1.9563986983577e-05,"A_Pond_202_version2","2"
"halictid",1,0,3.98615029940074e-07,0,0.450700794160692,4.18682652210179e-07,"A_Pond_202_version2","2"
"HATR",1,0,0.000537046203458671,0,0.528247458757017,0.000277999448259498,"A_Pond_202_version2","2"
"HEER",1,0,7.97230059880148e-07,0,0.455039329177253,8.37365304420358e-07,"A_Pond_202_version2","2"
"HETH",1,0,3.91129145892978e-05,0,0.546005482085052,3.9127973967154e-05,"A_Pond_202_version2","2"
"ICAC",1,0,7.97230059880148e-07,0,0.514137403464009,8.37365304420358e-07,"A_Pond_202_version2","2"
"JUCO",1,0,1.05743437031879e-05,0,0.507340019595502,9.9913348178936e-06,"A_Pond_202_version2","2"
"LAIN",1,0,3.91129145892978e-05,0,0.463709341601333,3.9127973967154e-05,"A_Pond_202_version2","2"
"medium_black_wasp",1,0,0.000271253540964877,0,0.462904293608342,0.000166039012144013,"A_Pond_202_version2","2"
"MEGA",1,0,1.19584508982022e-06,0,0.532462675395637,1.25604795663054e-06,"A_Pond_202_version2","2"
"mega_ash",1,0,3.01599309107264e-05,0,0.500185374473308,2.62248768621728e-05,"A_Pond_202_version2","2"
"MelissodesSp_",0,89.959828142117,0.00166674556181009,0,81.1218977767285,0.00166674064160036,"A_Pond_202_version2","2"
"MELU",1,0,2.46388982461432e-05,0,0.500505899056097,1.99826696357872e-05,"A_Pond_202_version2","2"
"muscid",0,121.884696245944,0.0012500600650536,0,121.885115349843,0.0012500561492178,"A_Pond_202_version2","2"
"red_ab_black_wasp",1,0,2.39169017964045e-06,0,0.461839727830067,2.51209591326107e-06,"A_Pond_202_version2","2"
"red_ab_tachnid",0,0.00146163481584305,0.000156451658357191,0,0.00164879201497391,0.000156511895868616,"A_Pond_202_version2","2"
"red_ab_wasp",0,1.14645701730151,0.000254233944830436,0,1.58106906252237,0.000254331830786501,"A_Pond_202_version2","2"
"red_black_fly",0,275.484332156972,0.000312903316714383,0,447.979759824402,0.000313023791737232,"A_Pond_202_version2","2"
"redabwasp",0,0.189932276382084,0.000234677486665757,0,0.027159344453557,0.000176494565504403,"A_Pond_202_version2","2"
"STME",1,0,1.15598358682622e-05,0,0.489149349061376,1.21417969140952e-05,"A_Pond_202_version2","2"
"tiny_beetle",0,199.438067954672,0.000312903316714039,0,0.0451424559131293,0.000137132186091196,"A_Pond_202_version2","2"
"vespid",0,3119.11461221608,4.46448833532884e-05,0,3128.69499581593,5.18691457197331e-05,"A_Pond_202_version2","2"
"APME",1,2.30411521586676e-05,0,1,2.30135424651762e-05,0,"A_Pond_202_version3","3"
"big_paper_wasp",1,0,0,0,0.453300356587069,0,"A_Pond_202_version3","3"
"black_oviwasp",1,0,0,0,0.519093158873307,0,"A_Pond_202_version3","3"
"black_red_wasp",1,0,0,0,0.498721183672883,0,"A_Pond_202_version3","3"
"blackredwasp",1,0,0,0,0.5069339901474,0,"A_Pond_202_version3","3"
"BOCA",1,0,0,0,0.539572407346951,0,"A_Pond_202_version3","3"
"BOCR",1,0,0,0,0.493450280206022,0,"A_Pond_202_version3","3"
"BombusSp_",1,0,0,0,0.518859422611473,0,"A_Pond_202_version3","3"
"BOVO",1,0,0,0,0.470315831024347,0,"A_Pond_202_version3","3"
"CEPU",1,0,0,0,0.498172026196575,0,"A_Pond_202_version3","3"
"cobalt",1,0,0,0,0.477244285832739,0,"A_Pond_202_version3","3"
"DAPL",1,0,0,0,0.544711990838271,0,"A_Pond_202_version3","3"
"DIDU",1,0,0,0,0.474430018814481,0,"A_Pond_202_version3","3"
"duskywing",1,0,0,0,0.54532621498002,0,"A_Pond_202_version3","3"
"ERST",1,0,0,0,0.497695169200979,0,"A_Pond_202_version3","3"
"fluffywhitemoth",1,0,0,0,0.462708760850462,0,"A_Pond_202_version3","3"
"gold_red_wasp",1,0,0,0,0.546143613707341,0,"A_Pond_202_version3","3"
"HALI",1,0,0,0,0.535715579281429,0,"A_Pond_202_version3","3"
"HALI_LATI",1,0,0,0,0.471740982971034,0,"A_Pond_202_version3","3"
"halictid",1,0,0,0,0.450700794160692,0,"A_Pond_202_version3","3"
"HATR",1,0,0,0,0.528247458757017,0,"A_Pond_202_version3","3"
"HEER",1,0,0,0,0.455039329177253,0,"A_Pond_202_version3","3"
"HETH",1,0,0,0,0.546005482085052,0,"A_Pond_202_version3","3"
"ICAC",1,0,0,0,0.514137403464009,0,"A_Pond_202_version3","3"
"JUCO",1,0,0,0,0.507340019595502,0,"A_Pond_202_version3","3"
"LAIN",1,0,0,0,0.463709341601333,0,"A_Pond_202_version3","3"
"medium_black_wasp",1,0,0,0,0.462904293608342,0,"A_Pond_202_version3","3"
"MEGA",1,0,0,0,0.532462675395637,0,"A_Pond_202_version3","3"
"mega_ash",1,0,0,0,0.500185374473308,0,"A_Pond_202_version3","3"
"MelissodesSp_",1,0,0,0,0.515588772886241,0,"A_Pond_202_version3","3"
"MELU",1,0,0,0,0.500505899056097,0,"A_Pond_202_version3","3"
"muscid",1,0,0,0,0.502645435814115,0,"A_Pond_202_version3","3"
"red_ab_black_wasp",1,0,0,0,0.461839727830067,0,"A_Pond_202_version3","3"
"red_ab_tachnid",1,0,0,0,0.540305639938594,0,"A_Pond_202_version3","3"
"red_ab_wasp",1,0,0,0,0.516890447943886,0,"A_Pond_202_version3","3"
"red_black_fly",1,0,0,0,0.477758592892326,0,"A_Pond_202_version3","3"
"redabwasp",1,0,0,0,0.488670741319037,0,"A_Pond_202_version3","3"
"STME",1,0,0,0,0.489149349061376,0,"A_Pond_202_version3","3"
"tiny_beetle",1,0,0,0,0.533109674548316,0,"A_Pond_202_version3","3"
"vespid",0,34.9609344719909,0.0050001459224341,0,23.0709514040759,0.00504581051344094,"A_Pond_202_version3","3"
"APME",1,2.20241895423893e-05,1.49309290992757e-07,1,2.18538304310244e-05,1.56409047844012e-07,"A_Pond_2023__version1","1"
"APTE",1,0,2.13602410424731e-07,0,0.524710908846329,2.0576152797807e-07,"A_Pond_2023__version1","1"
"beetle_1",1,0,0.000138895714068455,0,0.51624498025805,0.00080400415660031,"A_Pond_2023__version1","1"
"big_blk_red_wasp",1,0,6.17323469385987e-05,0,0.529383197044667,5.19671382966595e-05,"A_Pond_2023__version1","1"
"black_oviwasp",1,0,2.13602410424731e-07,0,0.543392729709573,2.0576152797807e-07,"A_Pond_2023__version1","1"
"black_red_beetle",1,0,0.187350968591567,0,0.501608228800636,2.99703982748954e-05,"A_Pond_2023__version1","1"
"black_white_beetle",1,0,1.49309290992757e-07,0,0.529501452287427,1.56409047844012e-07,"A_Pond_2023__version1","1"
"black_yellow_beetle",1,0,2.13602410424731e-07,0,0.530908594783819,2.0576152797807e-07,"A_Pond_2023__version1","1"
"BOCA",1,0,0.000138895714068455,0,0.480752531639651,0.00080400415660031,"A_Pond_2023__version1","1"
"BOCR",1,0,1.49309290992757e-07,0,0.50779926760951,1.56409047844012e-07,"A_Pond_2023__version1","1"
"BOMA",1,0,6.17323469385987e-05,0,0.482290713038431,5.19671382966595e-05,"A_Pond_2023__version1","1"
"BombusSp_",1,0,1.49309290992757e-07,0,0.460014036907821,1.56409047844012e-07,"A_Pond_2023__version1","1"
"BOVO",1,0,2.13602410424731e-07,0,0.455918309747203,2.0576152797807e-07,"A_Pond_2023__version1","1"
"brown_bomb",0,14.247274830556,0.00500022894058065,0,14.3848163664974,0.00499905043932836,"A_Pond_2023__version1","1"
"brown_moth",1,0,0.000138895714068455,0,0.469500406747451,0.00080400415660031,"A_Pond_2023__version1","1"
"brown_Villa",1,0,1.49309290992757e-07,0,0.493336204413016,1.56409047844012e-07,"A_Pond_2023__version1","1"
"CEPU",1,0,1.49309290992757e-07,0,0.50158756955135,1.56409047844012e-07,"A_Pond_2023__version1","1"
"cobalt_beetle",1,0,1.49309290992757e-07,0,0.482281449545306,1.56409047844012e-07,"A_Pond_2023__version1","1"
"COEU",0,13.8435057272801,0.00500022894058065,0,13.9771493228213,0.00499905043932836,"A_Pond_2023__version1","1"
"cuc_beetle",1,0,2.13602410424731e-07,0,0.548391220112513,2.0576152797807e-07,"A_Pond_2023__version1","1"
"darkbee",1,0,1.49309290992757e-07,0,0.511236431012506,1.56409047844012e-07,"A_Pond_2023__version1","1"
"DIDU",1,0,1.49309290992757e-07,0,0.450696027186092,1.56409047844012e-07,"A_Pond_2023__version1","1"
"duskywing",1,0,1.49309290992757e-07,0,0.548128916648277,1.56409047844012e-07,"A_Pond_2023__version1","1"
"Eristolis",1,0,0.000277791428136911,0,0.502702107584431,0.00160800831320062,"A_Pond_2023__version1","1"
"HALI",1,0,2.98618581985513e-07,0,0.514322171529905,3.12818095688024e-07,"A_Pond_2023__version1","1"
"halictid",1,0,2.98618581985513e-07,0,0.512736903113656,3.12818095688024e-07,"A_Pond_2023__version1","1"
"HATR",1,0,2.98618581985513e-07,0,0.469130631219191,3.12818095688024e-07,"A_Pond_2023__version1","1"
"HETH",1,0,3.71045513832252e-05,0,0.478518900940436,2.60617736722517e-05,"A_Pond_2023__version1","1"
"ICAC",1,0,0.000277791428136911,0,0.46716810591387,0.00160800831320062,"A_Pond_2023__version1","1"
"LAIN",0,64.5688802015836,0.00250011390646811,0,65.1901237974339,0.00249953021801781,"A_Pond_2023__version1","1"
"large_red_white_moth",1,0,4.4792787297827e-07,0,0.542878825074471,4.69227143532036e-07,"A_Pond_2023__version1","1"
"MEGA",1,0,2.70337622795805e-07,0,0.464413026633865,2.77132573118039e-07,"A_Pond_2023__version1","1"
"MelissodesSp_",0,27.3231915753633,0.00500023562693875,0,27.3520464833804,0.00499884352679288,"A_Pond_2023__version1","1"
"MELU",0,28.1502089582668,0.00500023380438728,0,28.1966728274661,0.00499904993103051,"A_Pond_2023__version1","1"
"MERO",1,0,4.4792787297827e-07,0,0.469591575544137,4.69227143532036e-07,"A_Pond_2023__version1","1"
"narrow_ab_small_syrphid",1,0,4.4792787297827e-07,0,0.52561017031577,4.69227143532036e-07,"A_Pond_2023__version1","1"
"red_blk_beetle",1,0,5.19226619501982e-07,0,0.530132497139337,5.0206569991166e-07,"A_Pond_2023__version1","1"
"round_black_beetle",1,0,5.21568391851609e-07,0,0.53687942083314,5.41661258696452e-07,"A_Pond_2023__version1","1"
"spotwing_fruit_fly",0,0.00357838740027859,0.000308658334386885,0,0.00110850153391575,0.000350530435669466,"A_Pond_2023__version1","1"
"thrip",1,0,8.01775462502844e-07,0,0.482817105545112,8.33783892908929e-07,"A_Pond_2023__version1","1"
"tiny_green_halictid",1,0,8.01775462502844e-07,0,0.507092896689238,8.33783892908929e-07,"A_Pond_2023__version1","1"
"tiny_halicitid",1,0,1.19447432794205e-06,0,0.510314656030533,1.2512723827521e-06,"A_Pond_2023__version1","1"
"tiny_LAIN",0,260.119127844627,0.000555591122446027,0,128.757038189073,0.000953781300952684,"A_Pond_2023__version1","1"
"tiny_red_beetle",1,0,1.68847839744527e-06,0,0.530574219944223,1.71606409265596e-06,"A_Pond_2023__version1","1"
"trla_bee",1,0,3.05526583213233e-06,0,0.460914602554829,3.14464325578124e-06,"A_Pond_2023__version1","1"
"Villa",1,0,2.70423730940686e-06,0,0.491725139013364,2.69119362095444e-06,"A_Pond_2023__version1","1"
"white_moth",1,0,4.77789731176821e-06,0,0.524411397601669,5.00508953100838e-06,"A_Pond_2023__version1","1"
"white_straw_moth",1,0,4.38321579377268e-06,0,0.482359491257164,4.19173930176133e-06,"A_Pond_2023__version1","1"
"XylocopaSp_",0,271.412220298587,0.00150916561761601,0,186.773338816384,0.00164909619321232,"A_Pond_2023__version1","1"
"XYTA",0,9797.30581446383,4.27546972051283e-05,0,10035.9775785003,6.39365030679646e-05,"A_Pond_2023__version1","1"
"APME",1,2.18998573163811e-05,0,1,2.1892851584756e-05,0,"A_Pond_2023__version2","2"
"APTE",1,0,0,0,0.524710908846329,0,"A_Pond_2023__version2","2"
"beetle_1",1,0,0,0,0.51624498025805,0,"A_Pond_2023__version2","2"
"big_blk_red_wasp",1,0,0,0,0.529383197044667,0,"A_Pond_2023__version2","2"
"black_oviwasp",1,0,0,0,0.543392729709573,0,"A_Pond_2023__version2","2"
"black_red_beetle",1,0,0,0,0.501608228800636,0,"A_Pond_2023__version2","2"
"black_white_beetle",1,0,0,0,0.529501452287427,0,"A_Pond_2023__version2","2"
"black_yellow_beetle",1,0,0,0,0.530908594783819,0,"A_Pond_2023__version2","2"
"BOCA",1,0,0,0,0.480752531639651,0,"A_Pond_2023__version2","2"
"BOCR",1,0,6.18339851118901e-05,0,0.50779926760951,8.23109649069338e-05,"A_Pond_2023__version2","2"
"BOMA",0,31.7379231155578,0.00500023369719824,0,31.737923648173,0.00500023358202585,"A_Pond_2023__version2","2"
"BombusSp_",1,0,0,0,0.460014036907821,0,"A_Pond_2023__version2","2"
"BOVO",1,0,0,0,0.455918309747203,0,"A_Pond_2023__version2","2"
"brown_bomb",1,0,0,0,0.519031921247501,0,"A_Pond_2023__version2","2"
"brown_moth",1,0,6.18339851118901e-05,0,0.469500406747451,8.23109649069338e-05,"A_Pond_2023__version2","2"
"brown_Villa",1,0,0,0,0.493336204413016,0,"A_Pond_2023__version2","2"
"CEPU",0,17.5505850972217,0.00500022940900517,0,17.5505853765377,0.00500022930519268,"A_Pond_2023__version2","2"
"cobalt_beetle",1,0,0,0,0.482281449545306,0,"A_Pond_2023__version2","2"
"COEU",1,0,0,0,0.504322507956215,0,"A_Pond_2023__version2","2"
"cuc_beetle",1,0,0,0,0.548391220112513,0,"A_Pond_2023__version2","2"
"darkbee",1,0,0,0,0.511236431012506,0,"A_Pond_2023__version2","2"
"DIDU",0,15.7698863732805,0.00500022940900517,0,15.7698866264289,0.00500022930519268,"A_Pond_2023__version2","2"
"duskywing",1,0,0,0,0.548128916648277,0,"A_Pond_2023__version2","2"
"Eristolis",1,0,0,0,0.502702107584431,0,"A_Pond_2023__version2","2"
"HALI",1,0,0,0,0.514322171529905,0,"A_Pond_2023__version2","2"
"halictid",1,0,0,0,0.512736903113656,0,"A_Pond_2023__version2","2"
"HATR",1,0,0,0,0.469130631219191,0,"A_Pond_2023__version2","2"
"HETH",1,0,0,0,0.478518900940436,0,"A_Pond_2023__version2","2"
"ICAC",1,0,0,0,0.46716810591387,0,"A_Pond_2023__version2","2"
"LAIN",1,0,0,0,0.494356094414534,0,"A_Pond_2023__version2","2"
"large_red_white_moth",1,0,3.71201940260948e-05,0,0.542878825074471,4.11554824534669e-05,"A_Pond_2023__version2","2"
"MEGA",0,39.2591188250318,0.00500023357397635,0,39.1516319716879,0.00500024211423492,"A_Pond_2023__version2","2"
"MelissodesSp_",1,0,0,0,0.489738635364798,0,"A_Pond_2023__version2","2"
"MELU",1,0,0,0,0.537244576163238,0,"A_Pond_2023__version2","2"
"MERO",0,34.2487947666305,0.00500023440382381,0,34.0328082091857,0.00500025453213049,"A_Pond_2023__version2","2"
"narrow_ab_small_syrphid",1,0,0,0,0.52561017031577,0,"A_Pond_2023__version2","2"
"red_blk_beetle",1,0,0,0,0.530132497139337,0,"A_Pond_2023__version2","2"
"round_black_beetle",1,0,0,0,0.53687942083314,0,"A_Pond_2023__version2","2"
"spotwing_fruit_fly",1,0,0,0,0.532425942589727,0,"A_Pond_2023__version2","2"
"thrip",1,0,0,0,0.482817105545112,0,"A_Pond_2023__version2","2"
"tiny_green_halictid",0,0.00339652608867002,0.000309167553960739,0,0.00623491899108325,0.000342962353778891,"A_Pond_2023__version2","2"
"tiny_halicitid",1,0,0,0,0.510314656030533,0,"A_Pond_2023__version2","2"
"tiny_LAIN",1,0,0,0,0.458423905171651,0,"A_Pond_2023__version2","2"
"tiny_red_beetle",0,298.48355549429,0.000556505866007012,0,300.825638190974,0.000555599013121803,"A_Pond_2023__version2","2"
"trla_bee",1,0,0,0,0.460914602554829,0,"A_Pond_2023__version2","2"
"Villa",1,0,0,0,0.491725139013364,0,"A_Pond_2023__version2","2"
"white_moth",1,0,0,0,0.524411397601669,0,"A_Pond_2023__version2","2"
"white_straw_moth",1,0,0,0,0.482359491257164,0,"A_Pond_2023__version2","2"
"XylocopaSp_",0,31.7845867001873,0.00499983968878612,0,0.00442349921682073,7.20220942935671e-05,"A_Pond_2023__version2","2"
"XYTA",0,2.08919158740278,0.000494671880855796,1,0,2.74369883023113e-05,"A_Pond_2023__version2","2"
"APME",1,2.18482068748841e-05,0,1,2.18714551403649e-05,0,"A_Pond_2023__version3","3"
"APTE",1,0,0,0,0.524710908846329,0,"A_Pond_2023__version3","3"
"beetle_1",1,0,0,0,0.51624498025805,0,"A_Pond_2023__version3","3"
"big_blk_red_wasp",1,0,0,0,0.529383197044667,0,"A_Pond_2023__version3","3"
"black_oviwasp",1,0,0,0,0.543392729709573,0,"A_Pond_2023__version3","3"
"black_red_beetle",1,0,0,0,0.501608228800636,0,"A_Pond_2023__version3","3"
"black_white_beetle",1,0,1.49311268054282e-07,0,0.529501452287427,1.55913380617123e-07,"A_Pond_2023__version3","3"
"black_yellow_beetle",1,0,0.000138898371682147,0,0.530908594783819,0.00124287802038754,"A_Pond_2023__version3","3"
"BOCA",1,0,1.49311268054282e-07,0,0.480752531639651,1.55913380617123e-07,"A_Pond_2023__version3","3"
"BOCR",1,0,0,0,0.50779926760951,0,"A_Pond_2023__version3","3"
"BOMA",1,0,0,0,0.482290713038431,0,"A_Pond_2023__version3","3"
"BombusSp_",1,0,1.49311268054282e-07,0,0.460014036907821,1.55913380617123e-07,"A_Pond_2023__version3","3"
"BOVO",1,0,0.000138898371682147,0,0.455918309747203,0.00124287802038754,"A_Pond_2023__version3","3"
"brown_bomb",1,0,1.49311268054282e-07,0,0.519031921247501,1.55913380617123e-07,"A_Pond_2023__version3","3"
"brown_moth",1,0,0,0,0.469500406747451,0,"A_Pond_2023__version3","3"
"brown_Villa",1,0,1.49311268054282e-07,0,0.493336204413016,1.55913380617123e-07,"A_Pond_2023__version3","3"
"CEPU",1,0,0,0,0.50158756955135,0,"A_Pond_2023__version3","3"
"cobalt_beetle",1,0,0.000138898371682147,0,0.482281449545306,0.00124287802038754,"A_Pond_2023__version3","3"
"COEU",1,0,1.49311268054282e-07,0,0.504322507956215,1.55913380617123e-07,"A_Pond_2023__version3","3"
"cuc_beetle",1,0,1.49311268054282e-07,0,0.548391220112513,1.55913380617123e-07,"A_Pond_2023__version3","3"
"darkbee",1,0,1.49311268054282e-07,0,0.511236431012506,1.55913380617123e-07,"A_Pond_2023__version3","3"
"DIDU",1,0,0,0,0.450696027186092,0,"A_Pond_2023__version3","3"
"duskywing",1,0,1.49311268054282e-07,0,0.548128916648277,1.55913380617123e-07,"A_Pond_2023__version3","3"
"Eristolis",1,0,1.49311268054282e-07,0,0.502702107584431,1.55913380617123e-07,"A_Pond_2023__version3","3"
"HALI",1,0,1.49311268054282e-07,0,0.514322171529905,1.55913380617123e-07,"A_Pond_2023__version3","3"
"halictid",1,0,0.000277796743364293,0,0.512736903113656,0.00248575604077509,"A_Pond_2023__version3","3"
"HATR",1,0,2.98622536108563e-07,0,0.469130631219191,3.11826761234245e-07,"A_Pond_2023__version3","3"
"HETH",1,0,2.98622536108563e-07,0,0.478518900940436,3.11826761234245e-07,"A_Pond_2023__version3","3"
"ICAC",1,0,2.98622536108563e-07,0,0.46716810591387,3.11826761234245e-07,"A_Pond_2023__version3","3"
"LAIN",1,0,2.98622536108563e-07,0,0.494356094414534,3.11826761234245e-07,"A_Pond_2023__version3","3"
"large_red_white_moth",1,0,7.46988233725772e-08,0,0.542878825074471,7.79566903085613e-08,"A_Pond_2023__version3","3"
"MEGA",1,0,7.46988233725772e-08,0,0.464413026633865,7.79566903085613e-08,"A_Pond_2023__version3","3"
"MelissodesSp_",1,0,0.000277796743364293,0,0.489738635364798,0.00248575604077509,"A_Pond_2023__version3","3"
"MELU",1,0,4.47933804162845e-07,0,0.537244576163238,4.67740141851368e-07,"A_Pond_2023__version3","3"
"MERO",1,0,1.99388577741057e-07,0,0.469591575544137,2.07884507489497e-07,"A_Pond_2023__version3","3"
"narrow_ab_small_syrphid",1,0,4.47933804162845e-07,0,0.52561017031577,4.67740141851368e-07,"A_Pond_2023__version3","3"
"red_blk_beetle",1,0,4.47933804162845e-07,0,0.530132497139337,4.67740141851368e-07,"A_Pond_2023__version3","3"
"round_black_beetle",1,0,5.97245072217126e-07,0,0.53687942083314,6.2365352246849e-07,"A_Pond_2023__version3","3"
"spotwing_fruit_fly",1,0,8.9586760832569e-07,0,0.532425942589727,9.35480283702736e-07,"A_Pond_2023__version3","3"
"thrip",1,0,8.9586760832569e-07,0,0.482817105545112,9.35480283702736e-07,"A_Pond_2023__version3","3"
"tiny_green_halictid",1,0,4.71387744987266e-05,0,0.507092896689238,0.000207146336731257,"A_Pond_2023__version3","3"
"tiny_halicitid",1,0,1.19449014443425e-06,0,0.510314656030533,1.24730704493698e-06,"A_Pond_2023__version3","3"
"tiny_LAIN",1,0,1.79173521665138e-06,0,0.458423905171651,1.87096056740547e-06,"A_Pond_2023__version3","3"
"tiny_red_beetle",1,0,0.000416438600492941,0,0.530574219944223,0.000932158515290658,"A_Pond_2023__version3","3"
"trla_bee",1,0,2.98622536108563e-06,0,0.460914602554829,3.11826761234245e-06,"A_Pond_2023__version3","3"
"Villa",1,0,3.13553662913991e-06,0,0.491725139013364,3.27418099295957e-06,"A_Pond_2023__version3","3"
"white_moth",1,0,4.62864930968273e-06,0,0.524411397601669,4.8333147991308e-06,"A_Pond_2023__version3","3"
"white_straw_moth",1,0,4.77796057773701e-06,0,0.482359491257164,4.98922817974792e-06,"A_Pond_2023__version3","3"
"XylocopaSp_",0,182.314521933658,0.000833390230094549,0,189.924056181412,0.000803904284595718,"A_Pond_2023__version3","3"
"XYTA",0,5774.80334122493,5.04749853021833e-05,0,5739.2678028748,5.0793611455496e-05,"A_Pond_2023__version3","3"
"Anthophora",1,2.22302944409889e-05,3.1260044795875e-06,1,2.21522884652351e-05,3.12147599989546e-06,"A_Pond_2024_version1","1"
"APME",1,0,0.000102315873608657,0,0.503950467498019,0.000102268069480492,"A_Pond_2024_version1","1"
"black_red_beetle",1,0,3.1260044795875e-06,0,0.495507239199014,3.12147599989546e-06,"A_Pond_2024_version1","1"
"BombusSp_",1,0,0.000102315873608657,0,0.49016921782874,0.000102268069480492,"A_Pond_2024_version1","1"
"BOVO",1,0,0.000102315873608657,0,0.474044047633207,0.000102268069480492,"A_Pond_2024_version1","1"
"cobalt_beetle",1,0,3.1260044795875e-06,0,0.458308571301544,3.12147599989546e-06,"A_Pond_2024_version1","1"
"COEU",1,0,0.000102315873608657,0,0.49215786505591,0.000102268069480492,"A_Pond_2024_version1","1"
"DAPL",1,0,0.000102315873608657,0,0.497237994683552,0.000102268069480492,"A_Pond_2024_version1","1"
"dark_red_beetle",1,0,0.000200316657305752,0,0.478976646451734,0.000285277056765411,"A_Pond_2024_version1","1"
"DIDU",1,0,0.000102315873608657,0,0.460496914298505,0.000102268069480492,"A_Pond_2024_version1","1"
"gold_red_wasp",1,0,0.000102315873608657,0,0.471638614973816,0.000102268069480492,"A_Pond_2024_version1","1"
"gray_listrus",1,0,0.000102315873608657,0,0.530201864931826,0.000102268069480492,"A_Pond_2024_version1","1"
"grayhairstreak",1,0,0.000102315873608657,0,0.502743909206588,0.000102268069480492,"A_Pond_2024_version1","1"
"HALI",1,0,3.1260044795875e-06,0,0.516882035120801,3.12147599989546e-06,"A_Pond_2024_version1","1"
"HATR",1,0,0.000102315873608657,0,0.536364275303839,0.000102268069480492,"A_Pond_2024_version1","1"
"hidalgo",1,0,0.000204631747217313,0,0.474375031620439,0.000204536138960983,"A_Pond_2024_version1","1"
"LAIN",1,0,6.25200895917501e-06,0,0.521156444713081,6.24295199979093e-06,"A_Pond_2024_version1","1"
"large_black_wasp",1,0,6.75180277131877e-05,0,0.476366292744114,5.26947727401935e-05,"A_Pond_2024_version1","1"
"listrus",1,0,9.37801343876251e-06,0,0.488282150327359,9.36442799968639e-06,"A_Pond_2024_version1","1"
"MEGA",1,0,9.37801343876251e-06,0,0.458100551929372,9.36442799968639e-06,"A_Pond_2024_version1","1"
"MelissodesSp_",1,0,9.37801343876251e-06,0,0.495976276949968,9.36442799968639e-06,"A_Pond_2024_version1","1"
"MELU",0,0.596503932129674,0.00080126662922301,0,25.5048457101761,0.00114110822706165,"A_Pond_2024_version1","1"
"MERO",1,0,3.48327406980631e-05,0,0.529535261159546,3.04423370957638e-05,"A_Pond_2024_version1","1"
"milkweed_beetle",1,0,1.56300223979375e-05,0,0.499134308495156,1.56073799994773e-05,"A_Pond_2024_version1","1"
"orange_black_tachnid",1,0,0.00030624395878948,0,0.450322878081502,0.000186579705864801,"A_Pond_2024_version1","1"
"palewasp",1,0,3.10565688587882e-05,0,0.476611915801937,3.0050828246313e-05,"A_Pond_2024_version1","1"
"skinny_long_yellow_black_wasp",0,174.08800611132,0.00100158328652862,0,143.014761026008,0.00102063033187641,"A_Pond_2024_version1","1"
"skinny_red_wasp",0,2.00219178177719,0.000613895241638246,0,0.607177372406577,0.000526395996756799,"A_Pond_2024_version1","1"
"skinny_white_moth",0,130.106231025933,0.000716211115260596,0,233.652033191344,0.000715876486363441,"A_Pond_2024_version1","1"
"STME",1,0,0.000302862782466577,0,0.54634755779819,0.000114753973480073,"A_Pond_2024_version1","1"
"tachnid",0,102.615583256002,0.000716211115260274,0,0.706815254921594,0.000484045976846233,"A_Pond_2024_version1","1"
"vespid",1,0,4.43640699291542e-05,0,0.52958556580338,6.24596513890884e-05,"A_Pond_2024_version1","1"
"Villa",0,0.574684252939524,9.37801343876251e-05,0,0.599724748807267,9.36442799968639e-05,"A_Pond_2024_version1","1"
"XYTA",0,1215.13305739258,0.000125040179183508,0,1245.18878019683,0.000250765606657195,"A_Pond_2024_version1","1"
"Anthophora",1,2.22429535459233e-05,3.1259980262153e-06,1,2.23074593223232e-05,3.12599663748811e-06,"A_Pond_2024_version2","2"
"APME",1,0,0.000102315861723615,0,0.503950467498019,0.000102257100685117,"A_Pond_2024_version2","2"
"black_red_beetle",1,0,3.1259980262153e-06,0,0.495507239199014,3.12599663748811e-06,"A_Pond_2024_version2","2"
"BombusSp_",1,0,0.000102315861723615,0,0.49016921782874,0.000102257100685117,"A_Pond_2024_version2","2"
"BOVO",1,0,0.000102315861723615,0,0.474044047633207,0.000102257100685117,"A_Pond_2024_version2","2"
"cobalt_beetle",1,0,3.1259980262153e-06,0,0.458308571301544,3.12599663748811e-06,"A_Pond_2024_version2","2"
"COEU",1,0,0.000102315861723615,0,0.49215786505591,0.000102257100685117,"A_Pond_2024_version2","2"
"DAPL",1,0,0.000102315861723615,0,0.497237994683552,0.000102257100685117,"A_Pond_2024_version2","2"
"dark_red_beetle",1,0,0.000200317146365074,0,0.478976646451734,0,"A_Pond_2024_version2","2"
"DIDU",1,0,0.000102315861723615,0,0.460496914298505,0.000102257100685117,"A_Pond_2024_version2","2"
"gold_red_wasp",1,0,0.000102315861723615,0,0.471638614973816,0.000102257100685117,"A_Pond_2024_version2","2"
"gray_listrus",1,0,0.000102315861723615,0,0.530201864931826,0.000102257100685117,"A_Pond_2024_version2","2"
"grayhairstreak",1,0,0.000102315861723615,0,0.502743909206588,0.000102257100685117,"A_Pond_2024_version2","2"
"HALI",1,0,3.1259980262153e-06,0,0.516882035120801,3.12599663748811e-06,"A_Pond_2024_version2","2"
"HATR",1,0,0.000102315861723615,0,0.536364275303839,0.000102257100685117,"A_Pond_2024_version2","2"
"hidalgo",1,0,0.00020463172344723,0,0.474375031620439,0.000204514201370235,"A_Pond_2024_version2","2"
"LAIN",1,0,6.2519960524306e-06,0,0.521156444713081,6.25199327497622e-06,"A_Pond_2024_version2","2"
"large_black_wasp",1,0,6.75174255621577e-05,0,0.476366292744114,5.26915486613028e-05,"A_Pond_2024_version2","2"
"listrus",1,0,9.3779940786459e-06,0,0.488282150327359,9.37798991246433e-06,"A_Pond_2024_version2","2"
"MEGA",1,0,9.3779940786459e-06,0,0.458100551929372,9.37798991246433e-06,"A_Pond_2024_version2","2"
"MelissodesSp_",1,0,9.3779940786459e-06,0,0.495976276949968,9.37798991246433e-06,"A_Pond_2024_version2","2"
"MELU",0,0.596367966963786,0.000801268585460294,1,0,0,"A_Pond_2024_version2","2"
"MERO",1,0,3.48359266111295e-05,0,0.529535261159546,3.04546093769854e-05,"A_Pond_2024_version2","2"
"milkweed_beetle",1,0,1.56299901310765e-05,0,0.499134308495156,1.56299831874405e-05,"A_Pond_2024_version2","2"
"orange_black_tachnid",1,0,0.000306243743066492,0,0.450322878081502,0.000186563578543202,"A_Pond_2024_version2","2"
"palewasp",1,0,3.10605927940033e-05,0,0.476611915801937,3.006783610372e-05,"A_Pond_2024_version2","2"
"skinny_long_yellow_black_wasp",0,174.087688628634,0.00100158573182534,1,0,1.78628379285035e-06,"A_Pond_2024_version2","2"
"skinny_red_wasp",0,2.00217951393297,0.000613895170336095,0,0.624353516996072,0.000526340231614531,"A_Pond_2024_version2","2"
"skinny_white_moth",0,130.105445915516,0.000716211032065305,0,246.022317282341,0.000715799704795822,"A_Pond_2024_version2","2"
"STME",1,0,0.000302863786762259,0,0.54634755779819,0.00011476108723507,"A_Pond_2024_version2","2"
"tachnid",0,102.616405677448,0.000716211032065856,0,0.67155221705587,0.000458066536664377,"A_Pond_2024_version2","2"
"vespid",1,0,4.43654346464827e-05,0,0.52958556580338,4.46845276020492e-05,"A_Pond_2024_version2","2"
"Villa",0,0.570615955928757,9.3779940786459e-05,0,0.584902991306384,9.37798991246433e-05,"A_Pond_2024_version2","2"
"XYTA",0,1215.13861805897,0.000125039921048612,0,1279.03104027358,0.000125039865499524,"A_Pond_2024_version2","2"
"Anthophora",1,2.23414701230397e-05,0,1,2.1775100882842e-05,0,"A_Pond_2024_version3","3"
"APME",1,0,0,0,0.503950467498019,0,"A_Pond_2024_version3","3"
"black_red_beetle",1,0,0,0,0.495507239199014,0,"A_Pond_2024_version3","3"
"BombusSp_",1,0,0,0,0.49016921782874,0,"A_Pond_2024_version3","3"
"BOVO",1,0,0,0,0.474044047633207,0,"A_Pond_2024_version3","3"
"cobalt_beetle",1,0,0,0,0.458308571301544,0,"A_Pond_2024_version3","3"
"COEU",1,0,0,0,0.49215786505591,0,"A_Pond_2024_version3","3"
"DAPL",1,0,0,0,0.497237994683552,0,"A_Pond_2024_version3","3"
"dark_red_beetle",1,0,0.000200317710975719,0,0.478976646451734,0.000285476138589841,"A_Pond_2024_version3","3"
"DIDU",1,0,0,0,0.460496914298505,0,"A_Pond_2024_version3","3"
"gold_red_wasp",1,0,0,0,0.471638614973816,0,"A_Pond_2024_version3","3"
"gray_listrus",1,0,0,0,0.530201864931826,0,"A_Pond_2024_version3","3"
"grayhairstreak",1,0,0,0,0.502743909206588,0,"A_Pond_2024_version3","3"
"HALI",1,0,0,0,0.516882035120801,0,"A_Pond_2024_version3","3"
"HATR",1,0,0,0,0.536364275303839,0,"A_Pond_2024_version3","3"
"hidalgo",1,0,0,0,0.474375031620439,0,"A_Pond_2024_version3","3"
"LAIN",1,0,0,0,0.521156444713081,0,"A_Pond_2024_version3","3"
"large_black_wasp",1,0,0,0,0.476366292744114,0,"A_Pond_2024_version3","3"
"listrus",1,0,0,0,0.488282150327359,0,"A_Pond_2024_version3","3"
"MEGA",1,0,0,0,0.458100551929372,0,"A_Pond_2024_version3","3"
"MelissodesSp_",1,0,0,0,0.495976276949968,0,"A_Pond_2024_version3","3"
"MELU",0,0.598221907151061,0.000801270843902875,0,25.7311335663505,0.00114190455435936,"A_Pond_2024_version3","3"
"MERO",1,0,0,0,0.529535261159546,0,"A_Pond_2024_version3","3"
"milkweed_beetle",1,0,0,0,0.499134308495156,0,"A_Pond_2024_version3","3"
"orange_black_tachnid",1,0,0,0,0.450322878081502,0,"A_Pond_2024_version3","3"
"palewasp",1,0,0,0,0.476611915801937,0,"A_Pond_2024_version3","3"
"skinny_long_yellow_black_wasp",0,174.085711095853,0.00100158855487869,0,142.660682564316,0.00101955763782086,"A_Pond_2024_version3","3"
"skinny_red_wasp",1,0,0,0,0.492519110041912,0,"A_Pond_2024_version3","3"
"skinny_white_moth",1,0,0,0,0.468682474418861,0,"A_Pond_2024_version3","3"
"STME",1,0,0,0,0.54634755779819,0,"A_Pond_2024_version3","3"
"tachnid",1,0,5.29485599738567e-05,0,0.463403914176581,2.595237623544e-05,"A_Pond_2024_version3","3"
"vespid",1,0,3.87096502967193e-05,0,0.52958556580338,1.7842258661865e-05,"A_Pond_2024_version3","3"
"Villa",1,0,0,0,0.544604457400089,0,"A_Pond_2024_version3","3"
"XYTA",1,0,0,0,0.467115523301584,0,"A_Pond_2024_version3","3"
"ADEL",1,2.31239710746069e-05,1.30078743536824e-06,1,2.30555413221112e-05,1.32513973024913e-06,"A_Quarry_1_2024_version1","1"
"ADFL",1,0,5.55580688355122e-06,0,0.472253987995095,7.0373366899959e-06,"A_Quarry_1_2024_version1","1"
"ADTR",1,0,3.47374220952079e-05,0,0.472776233555179,3.47358844195775e-05,"A_Quarry_1_2024_version1","1"
"Andrena",1,0,1.30078743536824e-06,0,0.450157361896782,1.32513973024913e-06,"A_Quarry_1_2024_version1","1"
"ANPL",1,0,1.30078743536824e-06,0,0.494781399213141,1.32513973024913e-06,"A_Quarry_1_2024_version1","1"
"Anth_Syr",1,0,5.55580688355122e-06,0,0.490976575268887,7.0373366899959e-06,"A_Quarry_1_2024_version1","1"
"APME",1,0,5.55580688355122e-06,0,0.543300544188032,7.0373366899959e-06,"A_Quarry_1_2024_version1","1"
"beetle1",1,0,1.30078743536824e-06,0,0.452246168256852,1.32513973024913e-06,"A_Quarry_1_2024_version1","1"
"BF1",1,0,5.55580688355122e-06,0,0.501349892910267,7.0373366899959e-06,"A_Quarry_1_2024_version1","1"
"BF2",1,0,1.30078743536824e-06,0,0.487650142860436,1.32513973024913e-06,"A_Quarry_1_2024_version1","1"
"big_gray_listrus",1,0,5.55580688355122e-06,0,0.535951055346965,7.0373366899959e-06,"A_Quarry_1_2024_version1","1"
"black_ovi_wasp",1,0,1.30078743536824e-06,0,0.529387216446636,1.32513973024913e-06,"A_Quarry_1_2024_version1","1"
"black_red_beetle",1,0,2.60157487073648e-06,0,0.510946818609232,2.65027946049827e-06,"A_Quarry_1_2024_version1","1"
"black_round_beetle",1,0,1.98572067135864e-05,0,0.483180365354372,1.80305120749133e-05,"A_Quarry_1_2024_version1","1"
"black_yellow_buprestid",1,0,2.60157487073648e-06,0,0.512400510936231,2.65027946049827e-06,"A_Quarry_1_2024_version1","1"
"black_yellow_ornate_beetle",0,15.3927361421216,0.00500022744773501,0,0.0217028141543004,0.0025981076204879,"A_Quarry_1_2024_version1","1"
"BOCA",1,0,2.60157487073648e-06,0,0.514438978519495,2.65027946049827e-06,"A_Quarry_1_2024_version1","1"
"BOED",0,14.2137263310773,0.00500022744773325,0,0.0211822388024328,0.00261447022298903,"A_Quarry_1_2024_version1","1"
"BOMA",1,0,6.94748441904159e-05,0,0.452600029996876,6.9471768839155e-05,"A_Quarry_1_2024_version1","1"
"BombusSp_",1,0,7.20512883615803e-05,0,0.54870415748968,5.27044404895443e-05,"A_Quarry_1_2024_version1","1"
"BOVO",1,0,0.000104212266285624,0,0.470774929048854,0.000104207653258733,"A_Quarry_1_2024_version1","1"
"carpet_beetle",1,0,1.53559694589135e-05,0,0.514232524095211,1.41776215273816e-05,"A_Quarry_1_2024_version1","1"
"COTU",1,0,3.90236230610472e-06,0,0.506032468218371,3.9754191907474e-06,"A_Quarry_1_2024_version1","1"
"duskywing",1,0,0.000104212266285624,0,0.487693346169634,0.000104207653258733,"A_Quarry_1_2024_version1","1"
"EUAC",1,0,7.51078167441635e-05,0,0.462069073045658,6.38413553859871e-05,"A_Quarry_1_2024_version1","1"
"EUAL",1,0,1.37701353061375e-05,0,0.494910678381524,1.61652924850531e-05,"A_Quarry_1_2024_version1","1"
"fuzzy_SAB_andrena",1,0,5.20314974147295e-06,0,0.463771558279997,5.30055892099653e-06,"A_Quarry_1_2024_version1","1"
"GLLY",1,0,5.20314974147295e-06,0,0.508580011901716,5.30055892099653e-06,"A_Quarry_1_2024_version1","1"
"green_cuckoo_bee",1,0,0.000211876423606928,0,0.504260032137046,0.000486159547158512,"A_Quarry_1_2024_version1","1"
"greenish_eucerid",1,0,3.33348413013073e-05,0,0.498360127326269,4.22240201399754e-05,"A_Quarry_1_2024_version1","1"
"Habropoda",0,0.0161096161972672,0.00111125742942819,0,0.17732049108511,0.00134264474850509,"A_Quarry_1_2024_version1","1"
"large_ANPL",1,0,9.10551204757767e-06,0,0.45815947279714,9.27597811174394e-06,"A_Quarry_1_2024_version1","1"
"listrus",1,0,9.10551204757767e-06,0,0.486259301535906,9.27597811174394e-06,"A_Quarry_1_2024_version1","1"
"muscid",0,0.0011402915822528,0.000208405047048854,1,0,0.000159547400104258,"A_Quarry_1_2024_version1","1"
"NOHE",1,0,1.04062994829459e-05,0,0.479921114225835,1.06011178419931e-05,"A_Quarry_1_2024_version1","1"
"Nomada",1,0,1.13937891268495e-05,0,0.534166793610978,1.13808158582498e-05,"A_Quarry_1_2024_version1","1"
"OSCA",0,0.261680561094525,0.000312636806132562,0,0.192477979541679,0.00046886302230651,"A_Quarry_1_2024_version1","1"
"OSGA",0,95.822176350305,0.00166697548018183,0,103.858239943996,0.00192727483156199,"A_Quarry_1_2024_version1","1"
"Osmia",0,394.511258630363,0.000416849065142495,0,393.769330416772,0.00041683061303493,"A_Quarry_1_2024_version1","1"
"PANUR",1,0,2.34762148339188e-05,0,0.531328005428113,2.46601220018587e-05,"A_Quarry_1_2024_version1","1"
"silver_moth",0,1986.78173429109,8.06488209928325e-05,0,1933.14854891332,0.000145119371754874,"A_Quarry_1_2024_version1","1"
"small_gray_conebomb",0,2358.3160716548,0.000202723402231029,0,2398.74075998489,0.000262526987324992,"A_Quarry_1_2024_version1","1"
"ADEL",1,2.30176888181572e-05,0,1,2.30841459050837e-05,0,"A_Quarry_1_2024_version2","2"
"ADFL",1,0,0,0,0.472253987995095,0,"A_Quarry_1_2024_version2","2"
"ADTR",1,0,0,0,0.472776233555179,0,"A_Quarry_1_2024_version2","2"
"Andrena",1,0,0,0,0.450157361896782,0,"A_Quarry_1_2024_version2","2"
"ANPL",1,0,0,0,0.494781399213141,0,"A_Quarry_1_2024_version2","2"
"Anth_Syr",1,0,0,0,0.490976575268887,0,"A_Quarry_1_2024_version2","2"
"APME",1,0,5.55580706151359e-06,0,0.543300544188032,6.34142669620948e-06,"A_Quarry_1_2024_version2","2"
"beetle1",1,0,0,0,0.452246168256852,0,"A_Quarry_1_2024_version2","2"
"BF1",1,0,0,0,0.501349892910267,0,"A_Quarry_1_2024_version2","2"
"BF2",1,0,5.55580706151359e-06,0,0.487650142860436,6.34142669620948e-06,"A_Quarry_1_2024_version2","2"
"big_gray_listrus",1,0,0.000555700640961126,0,0.535951055346965,0.00120790311310426,"A_Quarry_1_2024_version2","2"
"black_ovi_wasp",1,0,5.55580706151359e-06,0,0.529387216446636,6.34142669620948e-06,"A_Quarry_1_2024_version2","2"
"black_red_beetle",1,0,0,0,0.510946818609232,0,"A_Quarry_1_2024_version2","2"
"black_round_beetle",1,0,0.000555700640961126,0,0.483180365354372,0.00120790311310426,"A_Quarry_1_2024_version2","2"
"black_yellow_buprestid",1,0,0,0,0.512400510936231,0,"A_Quarry_1_2024_version2","2"
"black_yellow_ornate_beetle",1,0,5.55580706151359e-06,0,0.515387305228686,6.34142669620948e-06,"A_Quarry_1_2024_version2","2"
"BOCA",1,0,0,0,0.514438978519495,0,"A_Quarry_1_2024_version2","2"
"BOED",1,0,5.55580706151359e-06,0,0.475911977154162,6.34142669620948e-06,"A_Quarry_1_2024_version2","2"
"BOMA",1,0,0,0,0.452600029996876,0,"A_Quarry_1_2024_version2","2"
"BombusSp_",1,0,0,0,0.54870415748968,0,"A_Quarry_1_2024_version2","2"
"BOVO",1,0,1.11116139904065e-05,0,0.470774929048854,1.37380442856999e-05,"A_Quarry_1_2024_version2","2"
"carpet_beetle",0,0.0253730434610438,0.00111140128192225,0,19.3328802993018,0.00241580622620851,"A_Quarry_1_2024_version2","2"
"COTU",1,0,0,0,0.506032468218371,0,"A_Quarry_1_2024_version2","2"
"duskywing",0,16.7084015341587,0.00500022919713388,0,0.029921737246108,0.00274366391622089,"A_Quarry_1_2024_version2","2"
"EUAC",1,0,0,0,0.462069073045658,0,"A_Quarry_1_2024_version2","2"
"EUAL",0,16.9556613187495,0.00500022919712759,0,0.0324752686261318,0.00276384007497555,"A_Quarry_1_2024_version2","2"
"fuzzy_SAB_andrena",1,0,2.8352605212897e-06,0,0.463771558279997,3.43451107142499e-06,"A_Quarry_1_2024_version2","2"
"GLLY",1,0,8.26483712328392e-05,0,0.508580011901716,9.44426793043391e-05,"A_Quarry_1_2024_version2","2"
"green_cuckoo_bee",1,0,7.20740853653301e-05,0,0.504260032137046,6.29617862028928e-05,"A_Quarry_1_2024_version2","2"
"greenish_eucerid",1,0,0,0,0.498360127326269,0,"A_Quarry_1_2024_version2","2"
"Habropoda",1,0,1.35502864750585e-05,0,0.538659972599083,1.42682100664713e-05,"A_Quarry_1_2024_version2","2"
"large_ANPL",1,0,0,0,0.45815947279714,0,"A_Quarry_1_2024_version2","2"
"listrus",1,0,0,0,0.486259301535906,0,"A_Quarry_1_2024_version2","2"
"muscid",1,0,3.33348423690816e-05,0,0.460080913971216,3.80485601772569e-05,"A_Quarry_1_2024_version2","2"
"NOHE",1,0,0,0,0.479921114225835,0,"A_Quarry_1_2024_version2","2"
"Nomada",1,0,0,0,0.534166793610978,0,"A_Quarry_1_2024_version2","2"
"OSCA",1,0,0,0,0.541300219712453,0,"A_Quarry_1_2024_version2","2"
"OSGA",1,0,5.76576043127489e-07,0,0.532792707198669,6.86902214284997e-07,"A_Quarry_1_2024_version2","2"
"Osmia",0,100.983205755112,0.00219352926115869,0,87.4004826555675,0.00287021106696471,"A_Quarry_1_2024_version2","2"
"PANUR",1,0,2.90037686966971e-06,0,0.531328005428113,2.48533366590366e-06,"A_Quarry_1_2024_version2","2"
"silver_moth",0,15.3464206251504,0.00500076514371941,1,0,0.000277012642733028,"A_Quarry_1_2024_version2","2"
"small_gray_conebomb",0,2560.58058809937,0.000209842395419615,0,2589.84848853741,0.000271572292510176,"A_Quarry_1_2024_version2","2"
"ADEL",1,2.29547404919257e-05,0,1,2.30053607784433e-05,0,"A_Quarry_1_2024_version3","3"
"ADFL",1,0,0,0,0.472253987995095,0,"A_Quarry_1_2024_version3","3"
"ADTR",1,0,0,0,0.472776233555179,0,"A_Quarry_1_2024_version3","3"
"Andrena",1,0,0,0,0.450157361896782,0,"A_Quarry_1_2024_version3","3"
"ANPL",1,0,0,0,0.494781399213141,0,"A_Quarry_1_2024_version3","3"
"Anth_Syr",1,0,1.30078731313991e-06,0,0.490976575268887,1.34255580376655e-06,"A_Quarry_1_2024_version3","3"
"APME",1,0,0,0,0.543300544188032,0,"A_Quarry_1_2024_version3","3"
"beetle1",1,0,1.30078731313991e-06,0,0.452246168256852,1.34255580376655e-06,"A_Quarry_1_2024_version3","3"
"BF1",1,0,1.30078731313991e-06,0,0.501349892910267,1.34255580376655e-06,"A_Quarry_1_2024_version3","3"
"BF2",1,0,0,0,0.487650142860436,0,"A_Quarry_1_2024_version3","3"
"big_gray_listrus",1,0,0,0,0.535951055346965,0,"A_Quarry_1_2024_version3","3"
"black_ovi_wasp",1,0,0,0,0.529387216446636,0,"A_Quarry_1_2024_version3","3"
"black_red_beetle",1,0,1.30078731313991e-06,0,0.510946818609232,1.34255580376655e-06,"A_Quarry_1_2024_version3","3"
"black_round_beetle",1,0,0,0,0.483180365354372,0,"A_Quarry_1_2024_version3","3"
"black_yellow_buprestid",1,0,1.30078731313991e-06,0,0.512400510936231,1.34255580376655e-06,"A_Quarry_1_2024_version3","3"
"black_yellow_ornate_beetle",1,0,0,0,0.515387305228686,0,"A_Quarry_1_2024_version3","3"
"BOCA",1,0,1.30078731313991e-06,0,0.514438978519495,1.34255580376655e-06,"A_Quarry_1_2024_version3","3"
"BOED",1,0,0,0,0.475911977154162,0,"A_Quarry_1_2024_version3","3"
"BOMA",1,0,1.30078731313991e-06,0,0.452600029996876,1.34255580376655e-06,"A_Quarry_1_2024_version3","3"
"BombusSp_",1,0,2.60157462627982e-06,0,0.54870415748968,2.6851116075331e-06,"A_Quarry_1_2024_version3","3"
"BOVO",1,0,0,0,0.470774929048854,0,"A_Quarry_1_2024_version3","3"
"carpet_beetle",1,0,0,0,0.514232524095211,0,"A_Quarry_1_2024_version3","3"
"COTU",1,0,2.60157462627982e-06,0,0.506032468218371,2.6851116075331e-06,"A_Quarry_1_2024_version3","3"
"duskywing",1,0,0,0,0.487693346169634,0,"A_Quarry_1_2024_version3","3"
"EUAC",1,0,2.60157462627982e-06,0,0.462069073045658,2.6851116075331e-06,"A_Quarry_1_2024_version3","3"
"EUAL",1,0,0,0,0.494910678381524,0,"A_Quarry_1_2024_version3","3"
"fuzzy_SAB_andrena",1,0,6.5348322367096e-07,0,0.463771558279997,6.71277901883275e-07,"A_Quarry_1_2024_version3","3"
"GLLY",1,0,0,0,0.508580011901716,0,"A_Quarry_1_2024_version3","3"
"green_cuckoo_bee",1,0,4.36346407972279e-07,0,0.504260032137046,4.47518601255517e-07,"A_Quarry_1_2024_version3","3"
"greenish_eucerid",1,0,3.90236193941973e-06,0,0.498360127326269,4.02766741129965e-06,"A_Quarry_1_2024_version3","3"
"Habropoda",1,0,3.27519519854838e-07,0,0.538659972599083,3.35638950941638e-07,"A_Quarry_1_2024_version3","3"
"large_ANPL",1,0,5.20314925255963e-06,0,0.45815947279714,5.3702232150662e-06,"A_Quarry_1_2024_version3","3"
"listrus",1,0,5.20314925255963e-06,0,0.486259301535906,5.3702232150662e-06,"A_Quarry_1_2024_version3","3"
"muscid",1,0,0,0,0.460080913971216,0,"A_Quarry_1_2024_version3","3"
"NOHE",1,0,9.10551119197936e-06,0,0.479921114225835,9.39789062636586e-06,"A_Quarry_1_2024_version3","3"
"Nomada",1,0,9.10551119197936e-06,0,0.534166793610978,9.39789062636586e-06,"A_Quarry_1_2024_version3","3"
"OSCA",1,0,1.04062985051193e-05,0,0.541300219712453,1.07404464301324e-05,"A_Quarry_1_2024_version3","3"
"OSGA",1,0,1.11340426369461e-05,0,0.532792707198669,1.08747020105091e-05,"A_Quarry_1_2024_version3","3"
"Osmia",1,0,5.36314089354549e-07,0,0.547029888023171,5.3702232150662e-07,"A_Quarry_1_2024_version3","3"
"PANUR",1,0,2.33544570888382e-05,0,0.531328005428113,2.28941094958085e-05,"A_Quarry_1_2024_version3","3"
"silver_moth",0,1986.7819179112,8.06488134146744e-05,0,1986.78239934865,8.06372579637285e-05,"A_Quarry_1_2024_version3","3"
"small_gray_conebomb",1,0,8.00669443172072e-06,0,0.53397958422265,2.66931683337114e-06,"A_Quarry_1_2024_version3","3"
"ADFL",1,2.55574712367335e-05,2.2543094768796e-05,1,2.5762076056098e-05,2.39686599949149e-05,"A_Quarry_2_2024_version1","1"
"Andrena",0,12.6457792635352,0.00500022419985821,0,17.7855113045155,0.00500187379340072,"A_Quarry_2_2024_version1","1"
"ANPL",1,0,8.4335067634821e-07,0,0.539496368351158,8.43356999691203e-07,"A_Quarry_2_2024_version1","1"
"Anth_Syr",1,0,8.4335067634821e-07,0,0.515462877911265,8.43356999691203e-07,"A_Quarry_2_2024_version1","1"
"aphideater",1,0,2.2543094768796e-05,0,0.484589054637863,2.39686599949149e-05,"A_Quarry_2_2024_version1","1"
"APME",1,0,8.4335067634821e-07,0,0.488241298561097,8.43356999691203e-07,"A_Quarry_2_2024_version1","1"
"beetle1",1,0,0.000555581554863927,0,0.471504916353852,0.000519551792256338,"A_Quarry_2_2024_version1","1"
"BF1",0,13.2398002601981,0.00500022419985821,0,18.6209653268689,0.00500187379340072,"A_Quarry_2_2024_version1","1"
"BF2",1,0,2.2543094768796e-05,0,0.451778511145049,2.39686599949149e-05,"A_Quarry_2_2024_version1","1"
"big_andrena",1,0,8.4335067634821e-07,0,0.541436814838758,8.43356999691203e-07,"A_Quarry_2_2024_version1","1"
"black_red_beetle",1,0,8.4335067634821e-07,0,0.528546995007688,8.43356999691203e-07,"A_Quarry_2_2024_version1","1"
"black_round_beetle",1,0,2.2543094768796e-05,0,0.489345094207369,2.39686599949149e-05,"A_Quarry_2_2024_version1","1"
"black_yellow_buprestid",1,0,3.47238274096934e-05,0,0.522998343255836,3.8506692241192e-05,"A_Quarry_2_2024_version1","1"
"BOCA",1,0,8.4335067634821e-07,0,0.533155100831369,8.43356999691203e-07,"A_Quarry_2_2024_version1","1"
"BOED",1,0,1.24670559772255e-05,0,0.537779672810705,1.24060084973031e-05,"A_Quarry_2_2024_version1","1"
"BOVO",1,0,4.50861895375921e-05,0,0.462960929522738,4.79373199898299e-05,"A_Quarry_2_2024_version1","1"
"calligrapher",1,0,1.68670135269642e-06,0,0.484342488662499,1.68671399938241e-06,"A_Quarry_2_2024_version1","1"
"carpet_beetle",0,10.5451308660492,0.00500022419976388,0,0.024306191070531,0.00252019024282096,"A_Quarry_2_2024_version1","1"
"COEU",1,0,0.0939740377992505,0,0.486219147143988,2.17437653506005e-05,"A_Quarry_2_2024_version1","1"
"COTU",1,0,6.76292843063881e-05,0,0.485206048998612,7.19059799847449e-05,"A_Quarry_2_2024_version1","1"
"duskywing",1,0,5.81987620283695e-05,0,0.458065519671918,5.16233753214864e-05,"A_Quarry_2_2024_version1","1"
"EUAC",1,0,1.42952520839494e-05,0,0.507189125920268,1.39600400799856e-05,"A_Quarry_2_2024_version1","1"
"EUAL",1,0,1.42952520839494e-05,0,0.527639341949317,1.39600400799856e-05,"A_Quarry_2_2024_version1","1"
"fuzzy_SAB_andrena",1,0,9.01723790751841e-05,0,0.534420142175825,9.58746399796598e-05,"A_Quarry_2_2024_version1","1"
"GLLY",0,30.6256091217123,0.00500023005122328,0,33.8426135916151,0.00492858643109889,"A_Quarry_2_2024_version1","1"
"goldwasp",1,0,4.21675338174105e-06,0,0.531731675696434,4.21678499845602e-06,"A_Quarry_2_2024_version1","1"
"green_andrena",1,0,0.000135258568612776,0,0.514273429971316,0.00014381195996949,"A_Quarry_2_2024_version1","1"
"green_cuckoo_bee",1,0,0.000157801663381572,0,0.493537527901836,0.000167780619964405,"A_Quarry_2_2024_version1","1"
"listrus",1,0,0.000157801663381572,0,0.485231446165234,0.000167780619964405,"A_Quarry_2_2024_version1","1"
"OSCA",1,0,0.00047357354053718,0,0.48491569908099,7.85589491778888e-05,"A_Quarry_2_2024_version1","1"
"OSGA",1,0,5.90345473443747e-06,0,0.47815445420712,5.90349899783842e-06,"A_Quarry_2_2024_version1","1"
"Osmia",1,0,3.71011355105694e-05,0,0.541911859061528,2.73555915649632e-05,"A_Quarry_2_2024_version1","1"
"painted_lady",0,51.7547891394444,0.000315603326763145,0,105.096089315608,0.000335561239928809,"A_Quarry_2_2024_version1","1"
"round_black_bee",0,59.7442148214295,0.00270715977142764,0,7.92632590155825,0.00276759191639849,"A_Quarry_2_2024_version1","1"
"small_gray_conebomb",1,0,1.26502601452232e-05,0,0.465754009744038,1.26503549953681e-05,"A_Quarry_2_2024_version1","1"
"small_SAB_Andrena",0,448.511659513042,0.000338146421531947,0,386.359807400398,0.000369531268194513,"A_Quarry_2_2024_version1","1"
"soldier_beetle",0,466.081211909643,0.000650126949616836,0,481.816916315228,0.000864998942523481,"A_Quarry_2_2024_version1","1"
"unk_bluegray_moth",1,0,1.51803121742678e-05,0,0.511205774993266,1.51804259944417e-05,"A_Quarry_2_2024_version1","1"
"UNKBEE",0,2594.5463178659,6.49380020788122e-05,0,2594.34313030238,6.49384889762227e-05,"A_Quarry_2_2024_version1","1"
"ADFL",1,2.39031617739661e-05,0,1,2.37447601849756e-05,0,"A_Quarry_2_2024_version2","2"
"Andrena",1,0,0,0,0.461452936060472,0,"A_Quarry_2_2024_version2","2"
"ANPL",1,0,0,0,0.539496368351158,0,"A_Quarry_2_2024_version2","2"
"Anth_Syr",1,0,0,0,0.515462877911265,0,"A_Quarry_2_2024_version2","2"
"aphideater",1,0,0,0,0.484589054637863,0,"A_Quarry_2_2024_version2","2"
"APME",1,0,0,0,0.488241298561097,0,"A_Quarry_2_2024_version2","2"
"beetle1",1,0,0,0,0.471504916353852,0,"A_Quarry_2_2024_version2","2"
"BF1",1,0,0,0,0.483129159190286,0,"A_Quarry_2_2024_version2","2"
"BF2",1,0,0,0,0.451778511145049,0,"A_Quarry_2_2024_version2","2"
"big_andrena",1,0,0,0,0.541436814838758,0,"A_Quarry_2_2024_version2","2"
"black_red_beetle",1,0,0,0,0.528546995007688,0,"A_Quarry_2_2024_version2","2"
"black_round_beetle",1,0,0,0,0.489345094207369,0,"A_Quarry_2_2024_version2","2"
"black_yellow_buprestid",1,0,6.97899843597404e-21,0,0.522998343255836,0,"A_Quarry_2_2024_version2","2"
"BOCA",1,0,6.97899843597404e-21,0,0.533155100831369,0,"A_Quarry_2_2024_version2","2"
"BOED",0,11.1970070861707,0.00500022385956696,0,15.1629417361958,0.00500190663492771,"A_Quarry_2_2024_version2","2"
"BOVO",1,0,6.97899843597404e-21,0,0.462960929522738,0,"A_Quarry_2_2024_version2","2"
"calligrapher",1,0,0.000555582275070473,0,0.484342488662499,0.000616498581965557,"A_Quarry_2_2024_version2","2"
"carpet_beetle",1,0,0.000555582275070473,0,0.54420695062457,0.000616498581965557,"A_Quarry_2_2024_version2","2"
"COEU",0,10.1234753026485,0.00500022385956696,0,13.7091693342123,0.00500190663492771,"A_Quarry_2_2024_version2","2"
"COTU",1,0,6.97899843597404e-21,0,0.485206048998612,0,"A_Quarry_2_2024_version2","2"
"duskywing",1,0,3.47238613120676e-05,0,0.458065519671918,3.81730778162557e-05,"A_Quarry_2_2024_version2","2"
"EUAC",1,0,3.47238613120676e-05,0,0.507189125920268,3.81730778162557e-05,"A_Quarry_2_2024_version2","2"
"EUAL",1,0,6.97899843597404e-21,0,0.527639341949317,0,"A_Quarry_2_2024_version2","2"
"fuzzy_SAB_andrena",1,0,3.47238613120676e-05,0,0.534420142175825,3.81730778162557e-05,"A_Quarry_2_2024_version2","2"
"GLLY",1,0,6.94477226241352e-05,0,0.499329549097144,7.63461556325115e-05,"A_Quarry_2_2024_version2","2"
"goldwasp",1,0,1.39579968719481e-20,0,0.531731675696434,0,"A_Quarry_2_2024_version2","2"
"green_andrena",0,7.57117773503477,0.00500022385725555,0,0.0196266030612717,0.00252003985637198,"A_Quarry_2_2024_version2","2"
"green_cuckoo_bee",0,37.6139162329129,0.00500023439831223,0,37.5025064581023,0.00500024825313036,"A_Quarry_2_2024_version2","2"
"listrus",1,0,2.09369953079221e-20,0,0.485231446165234,0,"A_Quarry_2_2024_version2","2"
"OSCA",1,0,5.81198470404883e-05,0,0.48491569908099,5.0897437088341e-05,"A_Quarry_2_2024_version2","2"
"OSGA",1,0,2.79159937438962e-20,0,0.47815445420712,0,"A_Quarry_2_2024_version2","2"
"Osmia",0,32.1052717586701,0.00500023058120125,0,5.58799745624636,0.00463196725746807,"A_Quarry_2_2024_version2","2"
"painted_lady",1,0,4.18739906158443e-20,0,0.512615247099947,0,"A_Quarry_2_2024_version2","2"
"round_black_bee",1,0,4.88529890518183e-20,0,0.524458008806434,0,"A_Quarry_2_2024_version2","2"
"small_gray_conebomb",1,0,4.88529890518183e-20,0,0.465754009744038,0,"A_Quarry_2_2024_version2","2"
"small_SAB_Andrena",0,67.7307737988567,0.00273682697209402,0,80.1902310228931,0.00324699304054759,"A_Quarry_2_2024_version2","2"
"soldier_beetle",1,0,9.77059781036366e-20,0,0.475195526017433,0,"A_Quarry_2_2024_version2","2"
"unk_bluegray_moth",1,0,0.000411961941789154,0,0.511205774993266,3.85311613728473e-05,"A_Quarry_2_2024_version2","2"
"UNKBEE",0,526.349869871202,0.000654515541971862,0,511.370110226092,0.000786801166273443,"A_Quarry_2_2024_version2","2"
"ADFL",1,2.3708115081318e-05,0,1,2.36495545425617e-05,0,"A_Quarry_2_2024_version3","3"
"Andrena",1,0,0,0,0.461452936060472,0,"A_Quarry_2_2024_version3","3"
"ANPL",1,0,0,0,0.539496368351158,0,"A_Quarry_2_2024_version3","3"
"Anth_Syr",1,0,0,0,0.515462877911265,0,"A_Quarry_2_2024_version3","3"
"aphideater",1,0,0,0,0.484589054637863,0,"A_Quarry_2_2024_version3","3"
"APME",1,0,0,0,0.488241298561097,0,"A_Quarry_2_2024_version3","3"
"beetle1",1,0,0,0,0.471504916353852,0,"A_Quarry_2_2024_version3","3"
"BF1",1,0,0,0,0.483129159190286,0,"A_Quarry_2_2024_version3","3"
"BF2",1,0,0,0,0.451778511145049,0,"A_Quarry_2_2024_version3","3"
"big_andrena",1,0,0,0,0.541436814838758,0,"A_Quarry_2_2024_version3","3"
"black_red_beetle",1,0,0,0,0.528546995007688,0,"A_Quarry_2_2024_version3","3"
"black_round_beetle",1,0,0,0,0.489345094207369,0,"A_Quarry_2_2024_version3","3"
"black_yellow_buprestid",1,0,2.25291147347738e-05,0,0.522998343255836,2.4104501095816e-05,"A_Quarry_2_2024_version3","3"
"BOCA",1,0,2.25291147347738e-05,0,0.533155100831369,2.4104501095816e-05,"A_Quarry_2_2024_version3","3"
"BOED",1,0,0,0,0.537779672810705,0,"A_Quarry_2_2024_version3","3"
"BOVO",1,0,2.25291147347738e-05,0,0.462960929522738,2.4104501095816e-05,"A_Quarry_2_2024_version3","3"
"calligrapher",1,0,0,0,0.484342488662499,0,"A_Quarry_2_2024_version3","3"
"carpet_beetle",1,0,0,0,0.54420695062457,0,"A_Quarry_2_2024_version3","3"
"COEU",1,0,0,0,0.486219147143988,0,"A_Quarry_2_2024_version3","3"
"COTU",1,0,2.25291147347738e-05,0,0.485206048998612,2.4104501095816e-05,"A_Quarry_2_2024_version3","3"
"duskywing",1,0,0,0,0.458065519671918,0,"A_Quarry_2_2024_version3","3"
"EUAC",1,0,0,0,0.507189125920268,0,"A_Quarry_2_2024_version3","3"
"EUAL",1,0,2.25291147347738e-05,0,0.527639341949317,2.4104501095816e-05,"A_Quarry_2_2024_version3","3"
"fuzzy_SAB_andrena",1,0,0,0,0.534420142175825,0,"A_Quarry_2_2024_version3","3"
"GLLY",1,0,0,0,0.499329549097144,0,"A_Quarry_2_2024_version3","3"
"goldwasp",1,0,4.50582294695477e-05,0,0.531731675696434,4.82090021916319e-05,"A_Quarry_2_2024_version3","3"
"green_andrena",1,0,0,0,0.514273429971316,0,"A_Quarry_2_2024_version3","3"
"green_cuckoo_bee",1,0,1.21049465510886e-05,0,0.493537527901836,1.2052250547908e-05,"A_Quarry_2_2024_version3","3"
"listrus",1,0,6.75873442043215e-05,0,0.485231446165234,7.23135032874479e-05,"A_Quarry_2_2024_version3","3"
"OSCA",1,0,8.27576892620682e-06,0,0.48491569908099,8.03483369860532e-06,"A_Quarry_2_2024_version3","3"
"OSGA",1,0,9.01164589390953e-05,0,0.47815445420712,9.64180043832638e-05,"A_Quarry_2_2024_version3","3"
"Osmia",1,0,6.21884292980567e-05,0,0.541911859061528,5.42351274655859e-05,"A_Quarry_2_2024_version3","3"
"painted_lady",1,0,0.000135174688408643,0,0.512615247099947,0.000144627006574896,"A_Quarry_2_2024_version3","3"
"round_black_bee",1,0,0.000157703803143417,0,0.524458008806434,0.000168731507670712,"A_Quarry_2_2024_version3","3"
"small_gray_conebomb",1,0,0.000157703803143417,0,0.465754009744038,0.000168731507670712,"A_Quarry_2_2024_version3","3"
"small_SAB_Andrena",1,0,0,0,0.527641768044625,0,"A_Quarry_2_2024_version3","3"
"soldier_beetle",0,49.6645243573467,0.000315407606286834,0,110.469327190424,0.000337463015341423,"A_Quarry_2_2024_version3","3"
"unk_bluegray_moth",0,452.207822844291,0.000337936721021607,0,387.064467713811,0.000338969546659912,"A_Quarry_2_2024_version3","3"
"UNKBEE",1,0,1.52446334824217e-06,0,0.535460311819548,1.41791182916564e-06,"A_Quarry_2_2024_version3","3"
"ADEL",1,0.000984509887679957,0.00125011030414152,0,0.00252207170419045,0.00173389369808396,"A_Quarry_2022_version1","1"
"ADTR",1,0,0.00125011030414152,0,0.494682626027932,0.00173389369808396,"A_Quarry_2022_version1","1"
"ANBA",1,0,6.86021989057625e-06,0,0.530895651448935,7.1472093473678e-06,"A_Quarry_2022_version1","1"
"ANCA",1,0,3.73273846878773e-08,0,0.46321390225236,3.75018016592501e-08,"A_Quarry_2022_version1","1"
"Andrena",1,0,0.000555801156483893,0,0.536055155417908,0.000531732566537023,"A_Quarry_2022_version1","1"
"ANPL",1,0,0.00125012226898094,0,0.478997108772861,0.00125005664550215,"A_Quarry_2022_version1","1"
"Anth_Syr",1,0,3.73273846878773e-08,0,0.504407145480815,3.75018016592501e-08,"A_Quarry_2022_version1","1"
"Anthphora",1,0,0.000555801156483893,0,0.470894096056416,0.000531732566537023,"A_Quarry_2022_version1","1"
"APME",1,0,3.73273846878773e-08,0,0.517072420179412,3.75018016592501e-08,"A_Quarry_2022_version1","1"
"beetle_1",0,0.00103680815695723,0.00125011030414152,0,0.00265604698146713,0.00173389369808396,"A_Quarry_2022_version1","1"
"beetle1",1,0,2.95871423525458e-05,0,0.541212019366777,2.9587122839968e-05,"A_Quarry_2022_version1","1"
"big_skinny_black_fly",1,0,0.214688992255688,0,0.450409497413975,9.75043335311719e-05,"A_Quarry_2022_version1","1"
"black_fly_2",1,0,2.95871423525458e-05,0,0.532423036677029,2.9587122839968e-05,"A_Quarry_2022_version1","1"
"BOCA",1,0,0.000555801156483893,0,0.533977430818592,0.000531732566537023,"A_Quarry_2022_version1","1"
"BOCR",1,0,0.000555801156483893,0,0.45867976807462,0.000531732566537023,"A_Quarry_2022_version1","1"
"BOED",1,0,3.73273846878773e-08,0,0.530862030145182,3.75018016592501e-08,"A_Quarry_2022_version1","1"
"BOMA",1,0,6.86021989057625e-06,0,0.49814065007872,7.1472093473678e-06,"A_Quarry_2022_version1","1"
"BOVO",1,0,3.73273846878773e-08,0,0.549905873043419,3.75018016592501e-08,"A_Quarry_2022_version1","1"
"buckeye",0,30.1039071713186,0.00500023293157704,0,30.1039102627377,0.00500023163778639,"A_Quarry_2022_version1","1"
"by_SYR",1,0,3.73273846878773e-08,0,0.514502114134143,3.75018016592501e-08,"A_Quarry_2022_version1","1"
"checkerspot",1,0,6.86021989057625e-06,0,0.537032252544086,7.1472093473678e-06,"A_Quarry_2022_version1","1"
"clark_sphinx",1,0,6.86021989057625e-06,0,0.501068508462547,7.1472093473678e-06,"A_Quarry_2022_version1","1"
"click_beetle",1,0,0.000102045536136534,0,0.458421730021211,8.68031735717312e-05,"A_Quarry_2022_version1","1"
"COFE",1,0,3.73273846878773e-08,0,0.49401646649652,3.75018016592501e-08,"A_Quarry_2022_version1","1"
"Cone_Bomb",1,0,6.86021989057625e-06,0,0.534752407010995,7.1472093473678e-06,"A_Quarry_2022_version1","1"
"dark_Andrena",0,27.2441604032151,0.0050002336358921,0,27.2441632112452,0.00500023235000579,"A_Quarry_2022_version1","1"
"dark_brown_lep",1,0,0.000138895806458337,0,0.523780169977704,0.000171639660053078,"A_Quarry_2022_version1","1"
"dark_green_Andrena",1,0,6.86021989057625e-06,0,0.473316815273518,7.1472093473678e-06,"A_Quarry_2022_version1","1"
"eristalis",1,0,1.37204397811525e-05,0,0.535714302019083,1.42944186947356e-05,"A_Quarry_2022_version1","1"
"EUAC",1,0,7.46547693757546e-08,0,0.450274034729355,7.50036033185002e-08,"A_Quarry_2022_version1","1"
"EUAL",0,63.6097254141889,0.00250024453796189,0,63.6142121551911,0.00250011329100431,"A_Quarry_2022_version1","1"
"Eucera",0,0.0560813649173032,0.00111160231296779,0,0.0163063742776032,0.00106346513307405,"A_Quarry_2022_version1","1"
"fuzzy_nomad",1,0,9.97147215003553e-05,0,0.523592476348203,8.93934347002229e-05,"A_Quarry_2022_version1","1"
"gnat",1,0,1.37204397811525e-05,0,0.518749984246097,1.42944186947356e-05,"A_Quarry_2022_version1","1"
"GOLD_BOMB",1,0,0.00124937773134986,0,0.530985224144992,0.000628601927424761,"A_Quarry_2022_version1","1"
"gold_osmia",1,0,0.000555581184394811,0,0.468662204881507,0.00150789050807064,"A_Quarry_2022_version1","1"
"green_cuckoo_bee",1,0,0.00124937773134979,0,0.505677443489282,0.000628601927424761,"A_Quarry_2022_version1","1"
"green_gold_Andrena",0,0.049846277453148,0.00111160222558569,0,0.00196837917448343,0.000711359158498487,"A_Quarry_2022_version1","1"
"green_lacewing",0,98.3997651188688,0.00166674422838003,0,98.3999123967636,0.00166674179541366,"A_Quarry_2022_version1","1"
"greenish_andrena",0,35.0552782294736,0.00500029587141159,0,61.9458849794146,0.00502255564413555,"A_Quarry_2022_version1","1"
"greenish_Andrena",0,26.4360928389125,0.00500029825773736,0,0.0106045156252796,0.00217263009564995,"A_Quarry_2022_version1","1"
"HETH",1,0,2.05806596717287e-05,0,0.545658047448685,2.14416280421034e-05,"A_Quarry_2022_version1","1"
"muscid",0,19.6841456789276,0.00500026677171018,0,0.0978309345318703,0.0028197205714582,"A_Quarry_2022_version1","1"
"NOHE",1,0,6.18376020700267e-05,0,0.521920964201876,5.89911360448471e-05,"A_Quarry_2022_version1","1"
"Nomada",1,0,0.000269313051921579,0,0.525645340921192,0.000193349828896426,"A_Quarry_2022_version1","1"
"orange_buttefly",0,91.9373001495356,0.00250011391674443,0,120.756477069122,0.00258536767191234,"A_Quarry_2022_version1","1"
"orange_checkered_butterfly",1,0,0.000478494321376056,0,0.462403634336034,0.000129217583218982,"A_Quarry_2022_version1","1"
"orange_spotted_butterfly",0,54.1379828572606,0.00296022811975956,0,7.76299646370413,0.00315501230843661,"A_Quarry_2022_version1","1"
"OSCA",1,0,3.43010994528812e-05,0,0.547576059399907,3.5736046736839e-05,"A_Quarry_2022_version1","1"
"Osmia",1,0,0.0012461507692316,0,0.510830334229781,0.000365561141010048,"A_Quarry_2022_version1","1"
"pink_brown_moth",1,0,0.00034752748387113,0,0.525427399936797,0.000112718871863181,"A_Quarry_2022_version1","1"
"RAB_FLY",1,0,0.000305878728601612,0,0.458310737744118,0.000115879028742926,"A_Quarry_2022_version1","1"
"red_moth",1,0,6.17419790151862e-05,0,0.528569265398462,6.43248841263102e-05,"A_Quarry_2022_version1","1"
"SAB",0,31.3646791512683,0.00500023194114013,0,33.9629050772706,0.00484567668244969,"A_Quarry_2022_version1","1"
"silvery_blue",0,31.907806712574,0.0025001139164196,1,0.000953131358184838,0.000729362742294548,"A_Quarry_2022_version1","1"
"small_dark_Andrena",0,219.045939989741,0.00150383549801804,0,318.387303594876,0.00209484141581954,"A_Quarry_2022_version1","1"
"small_muscid",0,411.17522558191,0.000384632850583095,0,405.877847218954,0.000384632596919584,"A_Quarry_2022_version1","1"
"smoothwing",0,31.6518778645623,0.0028850527770963,0,0.00296102172177606,0.00111770858229479,"A_Quarry_2022_version1","1"
"spotted_conebomb",0,101.779974709111,0.0016667429826017,0,114.780465452297,0.00173474069869471,"A_Quarry_2022_version1","1"
"UNIN",0,0.00240439983355917,9.60426578020654e-05,0,0.00230553485337913,9.53626769949371e-05,"A_Quarry_2022_version1","1"
"UNKBEE",0,0.0113400875244883,0.00010976351824922,0,0.0157636867964844,0.000114355349557885,"A_Quarry_2022_version1","1"
"unkblkfly",0,0.158746925022341,0.000130344177920949,0,0.252860978264831,0.000135796977599988,"A_Quarry_2022_version1","1"
"UNKFLY",1,0,8.58529847821178e-07,0,0.526221758535235,8.62541438162753e-07,"A_Quarry_2022_version1","1"
"variable_checkerspot",0,1127.70444797164,0.000321908918210243,0,1123.92274448347,0.000322449877898903,"A_Quarry_2022_version1","1"
"white_butterfly",0,11730.822541835,3.86035308317394e-05,0,11693.2707857665,3.36383680036592e-05,"A_Quarry_2022_version1","1"
"ADEL",1,2.30057428860479e-05,0,1,2.29895007866098e-05,0,"A_Quarry_2022_version2","2"
"ADTR",1,0,0.00125011026808069,0,0.494682626027932,0.00147788290073883,"A_Quarry_2022_version2","2"
"ANBA",0,0.00100746273865982,0.00125011026808069,0,0.00137366695225983,0.00147788290073883,"A_Quarry_2022_version2","2"
"ANCA",1,0,0,0,0.46321390225236,0,"A_Quarry_2022_version2","2"
"Andrena",1,0,3.73273724301874e-08,0,0.536055155417908,3.73987084730098e-08,"A_Quarry_2022_version2","2"
"ANPL",1,0,0.000555871020532167,0,0.478997108772861,0.00125316742512135,"A_Quarry_2022_version2","2"
"Anth_Syr",1,0,0.00125012290418798,0,0.504407145480815,0.00125005660908104,"A_Quarry_2022_version2","2"
"Anthphora",1,0,3.73273724301874e-08,0,0.470894096056416,3.73987084730098e-08,"A_Quarry_2022_version2","2"
"APME",1,0,0.000555871020532167,0,0.517072420179412,0.00125316742512135,"A_Quarry_2022_version2","2"
"beetle_1",1,0,3.73273724301874e-08,0,0.536165955376889,3.73987084730098e-08,"A_Quarry_2022_version2","2"
"beetle1",0,0.00102703976145623,0.00125011026808069,0,0.00140036005779893,0.00147788290073883,"A_Quarry_2022_version2","2"
"big_skinny_black_fly",1,0,2.95871363366127e-05,0,0.450409497413975,2.95871204442019e-05,"A_Quarry_2022_version2","2"
"black_fly_2",0,31.9988008238244,0.00500023082781021,0,31.9988018765583,0.00500023057872922,"A_Quarry_2022_version2","2"
"BOCA",1,0,2.95871363366127e-05,0,0.533977430818592,2.95871204442019e-05,"A_Quarry_2022_version2","2"
"BOCR",1,0,0.000555871020532167,0,0.45867976807462,0.00125316742512135,"A_Quarry_2022_version2","2"
"BOED",1,0,0.000555871020532167,0,0.530862030145182,0.00125316742512135,"A_Quarry_2022_version2","2"
"BOMA",1,0,3.73273724301874e-08,0,0.49814065007872,3.73987084730098e-08,"A_Quarry_2022_version2","2"
"BOVO",1,0,0,0,0.549905873043419,0,"A_Quarry_2022_version2","2"
"buckeye",1,0,3.73273724301874e-08,0,0.468008240739819,3.73987084730098e-08,"A_Quarry_2022_version2","2"
"by_SYR",0,28.9595765210143,0.00500023186408228,0,28.9595774791983,0.0050002316136916,"A_Quarry_2022_version2","2"
"checkerspot",1,0,3.73273724301874e-08,0,0.537032252544086,3.73987084730098e-08,"A_Quarry_2022_version2","2"
"clark_sphinx",1,0,0,0,0.501068508462547,0,"A_Quarry_2022_version2","2"
"click_beetle",1,0,0,0,0.458421730021211,0,"A_Quarry_2022_version2","2"
"COFE",1,0,3.73273724301874e-08,0,0.49401646649652,3.73987084730098e-08,"A_Quarry_2022_version2","2"
"Cone_Bomb",1,0,0,0,0.534752407010995,0,"A_Quarry_2022_version2","2"
"dark_Andrena",0,35.2064253794496,0.00500023195625598,0,35.206426543559,0.00500023170486521,"A_Quarry_2022_version2","2"
"dark_brown_lep",1,0,0.000138895617479572,0,0.523780169977704,0.000188026057811699,"A_Quarry_2022_version2","2"
"dark_green_Andrena",1,0,0,0,0.473316815273518,0,"A_Quarry_2022_version2","2"
"eristalis",1,0,0,0,0.535714302019083,0,"A_Quarry_2022_version2","2"
"EUAC",1,0,7.46547448603748e-08,0,0.450274034729355,7.47974169460196e-08,"A_Quarry_2022_version2","2"
"EUAL",0,64.2162789922897,0.00250024580837596,0,64.2208637851578,0.00250011321816208,"A_Quarry_2022_version2","2"
"Eucera",0,0.0325737881327724,0.00111174204106433,0,66.6714400199517,0.0025063348502427,"A_Quarry_2022_version2","2"
"fuzzy_nomad",1,0,9.93669155233583e-05,0,0.523592476348203,9.40130289058494e-05,"A_Quarry_2022_version2","2"
"gnat",1,0,0,0,0.518749984246097,0,"A_Quarry_2022_version2","2"
"GOLD_BOMB",1,0,0.00124941319472037,0,0.530985224144992,0.000625028304540521,"A_Quarry_2022_version2","2"
"gold_osmia",1,0,0.000555581309428942,0,0.468662204881507,0.00124174768637153,"A_Quarry_2022_version2","2"
"green_cuckoo_bee",1,0,0.00124941319472037,0,0.505677443489282,0.000625028304540521,"A_Quarry_2022_version2","2"
"green_gold_Andrena",0,0.0289523241337275,0.00111174179388892,0,0.499218117315327,0.0016708899001618,"A_Quarry_2022_version2","2"
"green_lacewing",1,0,0.000274355086563981,0,0.46331839929955,0.000250713876651756,"A_Quarry_2022_version2","2"
"greenish_andrena",0,101.456838949227,0.00166674382533237,0,101.456979889102,0.00166674178856101,"A_Quarry_2022_version2","2"
"greenish_Andrena",0,35.4552164801517,0.00500029580423192,0,66.178651072621,0.00501750283530593,"A_Quarry_2022_version2","2"
"HETH",0,29.1687666173721,0.00500030100735792,0,0.00819496158801758,0.00204172717339798,"A_Quarry_2022_version2","2"
"muscid",1,0,0,0,0.474803470040114,0,"A_Quarry_2022_version2","2"
"NOHE",0,21.3122127972687,0.0050002657407234,0,0.101303266099148,0.00279132330538869,"A_Quarry_2022_version2","2"
"Nomada",1,0,6.33239793065047e-05,0,0.525645340921192,4.70065144529247e-05,"A_Quarry_2022_version2","2"
"orange_buttefly",1,0,8.61286989447137e-06,0,0.521244862476012,7.48092720511476e-06,"A_Quarry_2022_version2","2"
"orange_checkered_butterfly",0,98.3383267944954,0.00250011351129172,0,130.609364318214,0.00258263552238569,"A_Quarry_2022_version2","2"
"orange_spotted_butterfly",1,0,0.000503829612654908,0,0.51788228571782,0.00025063348502427,"A_Quarry_2022_version2","2"
"OSCA",0,53.7768249733146,0.00299726349513609,0,2.94453132047842,0.00294793672385986,"A_Quarry_2022_version2","2"
"Osmia",1,0,0,0,0.510830334229781,0,"A_Quarry_2022_version2","2"
"pink_brown_moth",1,0,0.00124712231901831,0,0.525427399936797,0.000301494004236605,"A_Quarry_2022_version2","2"
"RAB_FLY",0,33.5584907608091,0.00500023301879385,0,35.7153425564591,0.00500100206770234,"A_Quarry_2022_version2","2"
"red_moth",1,0,0.000481301111501271,0,0.528569265398462,0.000179023917874478,"A_Quarry_2022_version2","2"
"SAB",1,0,0,0,0.463643551950177,0,"A_Quarry_2022_version2","2"
"silvery_blue",0,36.5242293249905,0.00250011352394675,1,0,0.000682706639625454,"A_Quarry_2022_version2","2"
"small_dark_Andrena",0,104.574056629378,0.00166674401643273,0,110.400854225549,0.00179704246254281,"A_Quarry_2022_version2","2"
"small_muscid",0,33.9311542784887,0.00295427693597027,0,0.0031647550781836,0.00121858608528092,"A_Quarry_2022_version2","2"
"smoothwing",0,274.934172178462,0.00136547471744788,0,381.071980623112,0.00194593538450486,"A_Quarry_2022_version2","2"
"spotted_conebomb",0,403.174847060627,0.000384632772375965,0,396.226730836018,0.000384632565774625,"A_Quarry_2022_version2","2"
"UNIN",1,0,2.37020900284581e-06,0,0.467090793287889,1.97247469628013e-06,"A_Quarry_2022_version2","2"
"UNKBEE",1,0,0,0,0.494962789558323,0,"A_Quarry_2022_version2","2"
"unkblkfly",1,0,0,0,0.539604106726872,0,"A_Quarry_2022_version2","2"
"UNKFLY",1,0,8.5852956589431e-07,0,0.526221758535235,8.60170294879225e-07,"A_Quarry_2022_version2","2"
"variable_checkerspot",0,100.709459349506,0.00166761306159672,1,0,0.000363824007251633,"A_Quarry_2022_version2","2"
"white_butterfly",0,12249.847756515,2.66817665094755e-05,0,12228.3862497643,2.24480547276608e-05,"A_Quarry_2022_version2","2"
"ADEL",1,2.30294406097089e-05,0,1,2.29042434830012e-05,0,"A_Quarry_2022_version3","3"
"ADTR",1,0,0,0,0.494682626027932,0,"A_Quarry_2022_version3","3"
"ANBA",1,0,0,0,0.530895651448935,0,"A_Quarry_2022_version3","3"
"ANCA",1,0,6.85986984801441e-06,0,0.46321390225236,7.87799929436705e-06,"A_Quarry_2022_version3","3"
"Andrena",1,0,0,0,0.536055155417908,0,"A_Quarry_2022_version3","3"
"ANPL",1,0,0,0,0.478997108772861,0,"A_Quarry_2022_version3","3"
"Anth_Syr",1,0,0,0,0.504407145480815,0,"A_Quarry_2022_version3","3"
"Anthphora",1,0,0,0,0.470894096056416,0,"A_Quarry_2022_version3","3"
"APME",1,0,0,0,0.517072420179412,0,"A_Quarry_2022_version3","3"
"beetle_1",1,0,0,0,0.536165955376889,0,"A_Quarry_2022_version3","3"
"beetle1",1,0,0,0,0.541212019366777,0,"A_Quarry_2022_version3","3"
"big_skinny_black_fly",1,0,0,0,0.450409497413975,0,"A_Quarry_2022_version3","3"
"black_fly_2",1,0,0,0,0.532423036677029,0,"A_Quarry_2022_version3","3"
"BOCA",1,0,0,0,0.533977430818592,0,"A_Quarry_2022_version3","3"
"BOCR",1,0,0,0,0.45867976807462,0,"A_Quarry_2022_version3","3"
"BOED",1,0,0,0,0.530862030145182,0,"A_Quarry_2022_version3","3"
"BOMA",1,0,0,0,0.49814065007872,0,"A_Quarry_2022_version3","3"
"BOVO",1,0,6.85986984801441e-06,0,0.549905873043419,7.87799929436705e-06,"A_Quarry_2022_version3","3"
"buckeye",1,0,0,0,0.468008240739819,0,"A_Quarry_2022_version3","3"
"by_SYR",1,0,0,0,0.514502114134143,0,"A_Quarry_2022_version3","3"
"checkerspot",1,0,0,0,0.537032252544086,0,"A_Quarry_2022_version3","3"
"clark_sphinx",1,0,6.85986984801441e-06,0,0.501068508462547,7.87799929436705e-06,"A_Quarry_2022_version3","3"
"click_beetle",1,0,6.85986984801441e-06,0,0.458421730021211,7.87799929436705e-06,"A_Quarry_2022_version3","3"
"COFE",1,0,0,0,0.49401646649652,0,"A_Quarry_2022_version3","3"
"Cone_Bomb",1,0,6.85986984801441e-06,0,0.534752407010995,7.87799929436705e-06,"A_Quarry_2022_version3","3"
"dark_Andrena",1,0,0,0,0.483704633793656,0,"A_Quarry_2022_version3","3"
"dark_brown_lep",1,0,0,0,0.523780169977704,0,"A_Quarry_2022_version3","3"
"dark_green_Andrena",1,0,6.85986984801441e-06,0,0.473316815273518,7.87799929436705e-06,"A_Quarry_2022_version3","3"
"eristalis",1,0,1.37197396960288e-05,0,0.535714302019083,1.57559985887341e-05,"A_Quarry_2022_version3","3"
"EUAC",1,0,0,0,0.450274034729355,0,"A_Quarry_2022_version3","3"
"EUAL",1,0,0,0,0.455701696270007,0,"A_Quarry_2022_version3","3"
"Eucera",1,0,0,0,0.478409210000378,0,"A_Quarry_2022_version3","3"
"fuzzy_nomad",1,0,3.51305680811787e-06,0,0.523592476348203,3.93899964718352e-06,"A_Quarry_2022_version3","3"
"gnat",1,0,1.37197396960288e-05,0,0.518749984246097,1.57559985887341e-05,"A_Quarry_2022_version3","3"
"GOLD_BOMB",1,0,3.51305680811787e-06,0,0.530985224144992,3.93899964718352e-06,"A_Quarry_2022_version3","3"
"gold_osmia",1,0,0,0,0.468662204881507,0,"A_Quarry_2022_version3","3"
"green_cuckoo_bee",1,0,3.51305680811787e-06,0,0.505677443489282,3.93899964718352e-06,"A_Quarry_2022_version3","3"
"green_gold_Andrena",1,0,2.36111116860426e-06,0,0.520792724364806,2.62599976478902e-06,"A_Quarry_2022_version3","3"
"green_lacewing",1,0,0,0,0.46331839929955,0,"A_Quarry_2022_version3","3"
"greenish_andrena",1,0,0,0,0.492337027537793,0,"A_Quarry_2022_version3","3"
"greenish_Andrena",1,0,0,0,0.508421827693666,0,"A_Quarry_2022_version3","3"
"HETH",1,0,2.36111116860426e-06,0,0.545658047448685,2.62599976478902e-06,"A_Quarry_2022_version3","3"
"muscid",1,0,2.05796095440432e-05,0,0.474803470040114,2.36339978831011e-05,"A_Quarry_2022_version3","3"
"NOHE",1,0,2.36111116860426e-06,0,0.521920964201876,2.62599976478902e-06,"A_Quarry_2022_version3","3"
"Nomada",1,0,1.69313296651255e-05,0,0.525645340921192,1.77254984123259e-05,"A_Quarry_2022_version3","3"
"orange_buttefly",1,0,0,0,0.521244862476012,0,"A_Quarry_2022_version3","3"
"orange_checkered_butterfly",1,0,0,0,0.462403634336034,0,"A_Quarry_2022_version3","3"
"orange_spotted_butterfly",1,0,2.46071197873078e-05,0,0.51788228571782,2.52095977419746e-05,"A_Quarry_2022_version3","3"
"OSCA",1,0,0,0,0.547576059399907,0,"A_Quarry_2022_version3","3"
"Osmia",1,0,3.42993492400721e-05,0,0.510830334229781,3.93899964718352e-05,"A_Quarry_2022_version3","3"
"pink_brown_moth",1,0,1.43817884210789e-05,0,0.525427399936797,1.41803987298607e-05,"A_Quarry_2022_version3","3"
"RAB_FLY",1,0,0,0,0.458310737744118,0,"A_Quarry_2022_version3","3"
"red_moth",1,0,3.99951778649033e-05,0,0.528569265398462,4.05154249424591e-05,"A_Quarry_2022_version3","3"
"SAB",1,0,6.17388286321297e-05,0,0.463643551950177,7.09019936493034e-05,"A_Quarry_2022_version3","3"
"silvery_blue",1,0,0,0,0.45717762662432,0,"A_Quarry_2022_version3","3"
"small_dark_Andrena",1,0,0,0,0.484370674953969,0,"A_Quarry_2022_version3","3"
"small_muscid",1,0,0,0,0.517933951349898,0,"A_Quarry_2022_version3","3"
"smoothwing",1,0,2.4807354814697e-06,0,0.515920337739364,2.42399978288217e-06,"A_Quarry_2022_version3","3"
"spotted_conebomb",1,0,0,0,0.47311638548184,0,"A_Quarry_2022_version3","3"
"UNIN",0,0.00236724190013003,9.60376626835452e-05,0,0.00338572647160556,0.000102939190779729,"A_Quarry_2022_version3","3"
"UNKBEE",0,0.0111227365104742,0.000109757917568231,0,0.0272389761911429,0.000126047988709873,"A_Quarry_2022_version3","3"
"unkblkfly",0,0.154683462645032,0.000130337527112274,0,0.546095434397983,0.000149681986592974,"A_Quarry_2022_version3","3"
"UNKFLY",1,0,0,0,0.526221758535235,0,"A_Quarry_2022_version3","3"
"variable_checkerspot",0,1023.76501945202,0.000185216485896389,0,1023.18037690205,0.000185260047922373,"A_Quarry_2022_version3","3"
"white_butterfly",1,0,0,0,0.471458403496751,0,"A_Quarry_2022_version3","3"
"ANCA",1,2.45718846852267e-05,3.28746211000001e-06,1,2.45627863764575e-05,3.2874589719258e-06,"A_Quarry_3_2024_version1","1"
"APME",1,0,5.94557228545403e-06,0,0.525824576651596,5.979683222927e-06,"A_Quarry_3_2024_version1","1"
"beetle1",1,0,0.00125012337932779,0,0.533659783370634,0.00115359961914092,"A_Quarry_3_2024_version1","1"
"BF1",1,0,0.00125012337932779,0,0.519979110253034,0.00115359961914092,"A_Quarry_3_2024_version1","1"
"black_yellow_ornate_beetle",1,0,5.94557228545403e-06,0,0.488906022738156,5.979683222927e-06,"A_Quarry_3_2024_version1","1"
"BOCA",1,0,3.28746211000001e-06,0,0.543524160186539,3.2874589719258e-06,"A_Quarry_3_2024_version1","1"
"BOED",1,0,5.94557228545403e-06,0,0.510560255153366,5.979683222927e-06,"A_Quarry_3_2024_version1","1"
"BOMA",1,0,5.94557228545403e-06,0,0.486208362614833,5.979683222927e-06,"A_Quarry_3_2024_version1","1"
"BOVO",1,0,3.28746211000001e-06,0,0.503950467498019,3.2874589719258e-06,"A_Quarry_3_2024_version1","1"
"COTU",0,44.152256326064,0.00250024675865559,0,5.35519380853079,0.00230719923828185,"A_Quarry_3_2024_version1","1"
"duskywing",1,0,0.00124921223390194,0,0.49016921782874,0.000578443539056425,"A_Quarry_3_2024_version1","1"
"EUAC",1,0,6.37251515331378e-06,0,0.474044047633207,6.37650637021006e-06,"A_Quarry_3_2024_version1","1"
"EUAL",0,30.4625345287413,0.00500023368254881,0,30.3040300674183,0.00499587596720139,"A_Quarry_3_2024_version1","1"
"GLLY",1,0,9.28688406649283e-06,0,0.49215786505591,9.06873062121127e-06,"A_Quarry_3_2024_version1","1"
"goldwasp",0,147.421247448409,0.0012500566833924,0,147.421296626568,0.00125005631015932,"A_Quarry_3_2024_version1","1"
"ladybug",1,0,0.000151787691869758,0,0.478976646451734,6.85794113464315e-05,"A_Quarry_3_2024_version1","1"
"listrus",1,0,2.19469240985722e-05,0,0.460496914298505,2.0556024724008e-05,"A_Quarry_3_2024_version1","1"
"muscid",0,18.7933247140753,0.00250024675865573,0,42.1803540971043,0.00437193701437,"A_Quarry_3_2024_version1","1"
"OSCA",1,0,3.61620832100001e-05,0,0.530201864931826,3.61620486911838e-05,"A_Quarry_3_2024_version1","1"
"OSGA",1,0,5.0440867762326e-05,0,0.502743909206588,5.82963613393101e-05,"A_Quarry_3_2024_version1","1"
"SAB",1,0,5.27861729361062e-05,0,0.516882035120801,6.14721320248065e-05,"A_Quarry_3_2024_version1","1"
"small_SAB_bee",0,803.863348030892,0.000172956749819791,0,846.585347891437,0.000311074582807913,"A_Quarry_3_2024_version1","1"
"UNKBEE",0,1360.80616214174,0.00012821102229,0,1359.7716359807,0.000128210899905106,"A_Quarry_3_2024_version1","1"
"ANCA",1,2.42355409286779e-05,0,1,2.42150703530747e-05,0,"A_Quarry_3_2024_version2","2"
"APME",1,0,0,0,0.525824576651596,0,"A_Quarry_3_2024_version2","2"
"beetle1",1,0,0,0,0.533659783370634,0,"A_Quarry_3_2024_version2","2"
"BF1",1,0,0,0,0.519979110253034,0,"A_Quarry_3_2024_version2","2"
"black_yellow_ornate_beetle",1,0,0,0,0.488906022738156,0,"A_Quarry_3_2024_version2","2"
"BOCA",1,0,1.98155301880326e-19,0,0.543524160186539,0,"A_Quarry_3_2024_version2","2"
"BOED",1,0,0.00125011900737976,0,0.510560255153366,0.00124994644670568,"A_Quarry_3_2024_version2","2"
"BOMA",1,0,0.00125011900737976,0,0.486208362614833,0.00124994644670568,"A_Quarry_3_2024_version2","2"
"BOVO",1,0,0.00125011900737976,0,0.503950467498019,0.00124994644670568,"A_Quarry_3_2024_version2","2"
"COTU",1,0,0.000312514520751373,0,0.495507239199014,0.000312514036583539,"A_Quarry_3_2024_version2","2"
"duskywing",1,0,1.98155301880326e-19,0,0.49016921782874,0,"A_Quarry_3_2024_version2","2"
"EUAC",1,0,1.98155301880326e-19,0,0.474044047633207,0,"A_Quarry_3_2024_version2","2"
"EUAL",0,38.6357017494946,0.00500023080893537,0,38.6357032265907,0.00500023038380093,"A_Quarry_3_2024_version2","2"
"GLLY",1,0,1.98155301880326e-19,0,0.49215786505591,0,"A_Quarry_3_2024_version2","2"
"goldwasp",1,0,1.98155301880326e-19,0,0.497237994683552,0,"A_Quarry_3_2024_version2","2"
"ladybug",0,39.0809810480203,0.00250023801475952,0,50.3780743312238,0.00249989289341136,"A_Quarry_3_2024_version2","2"
"listrus",1,0,3.96310603760653e-19,0,0.460496914298505,0,"A_Quarry_3_2024_version2","2"
"muscid",1,0,3.96310603760653e-19,0,0.471638614973816,0,"A_Quarry_3_2024_version2","2"
"OSCA",0,132.768343179696,0.00125005808300549,0,132.768565791817,0.00125005614633416,"A_Quarry_3_2024_version2","2"
"OSGA",1,0,0.000198469713453583,0,0.502743909206588,6.25028073167078e-05,"A_Quarry_3_2024_version2","2"
"SAB",1,0,0.000145407303807727,0,0.516882035120801,3.47237818426154e-05,"A_Quarry_3_2024_version2","2"
"small_SAB_bee",0,41.290674653297,0.00443861701410303,0,39.1016753193018,0.00450092669576596,"A_Quarry_3_2024_version2","2"
"UNKBEE",0,9.83077989680923,0.00250023801484815,1,0,0.000161283412478152,"A_Quarry_3_2024_version2","2"
"ANCA",1,2.44299240394161e-05,0,1,2.42971700650175e-05,0,"A_Quarry_3_2024_version3","3"
"APME",1,0,0,0,0.525824576651596,0,"A_Quarry_3_2024_version3","3"
"beetle1",1,0,0,0,0.533659783370634,0,"A_Quarry_3_2024_version3","3"
"BF1",1,0,0,0,0.519979110253034,0,"A_Quarry_3_2024_version3","3"
"black_yellow_ornate_beetle",1,0,0,0,0.488906022738156,0,"A_Quarry_3_2024_version3","3"
"BOCA",1,0,5.94557563740755e-06,0,0.543524160186539,6.34637376723678e-06,"A_Quarry_3_2024_version3","3"
"BOED",1,0,0,0,0.510560255153366,0,"A_Quarry_3_2024_version3","3"
"BOMA",1,0,0,0,0.486208362614833,0,"A_Quarry_3_2024_version3","3"
"BOVO",1,0,0,0,0.503950467498019,0,"A_Quarry_3_2024_version3","3"
"COTU",1,0,0,0,0.495507239199014,0,"A_Quarry_3_2024_version3","3"
"duskywing",1,0,5.94557563740755e-06,0,0.49016921782874,6.34637376723678e-06,"A_Quarry_3_2024_version3","3"
"EUAC",1,0,5.94557563740755e-06,0,0.474044047633207,6.34637376723678e-06,"A_Quarry_3_2024_version3","3"
"EUAL",1,0,0,0,0.458308571301544,0,"A_Quarry_3_2024_version3","3"
"GLLY",1,0,5.94557563740755e-06,0,0.49215786505591,6.34637376723678e-06,"A_Quarry_3_2024_version3","3"
"goldwasp",1,0,5.94557563740755e-06,0,0.497237994683552,6.34637376723678e-06,"A_Quarry_3_2024_version3","3"
"ladybug",1,0,0,0,0.478976646451734,0,"A_Quarry_3_2024_version3","3"
"listrus",1,0,1.18911512748151e-05,0,0.460496914298505,1.26927475344736e-05,"A_Quarry_3_2024_version3","3"
"muscid",1,0,1.18911512748151e-05,0,0.471638614973816,1.26927475344736e-05,"A_Quarry_3_2024_version3","3"
"OSCA",1,0,0,0,0.530201864931826,0,"A_Quarry_3_2024_version3","3"
"OSGA",1,0,2.10938236526335e-05,0,0.502743909206588,2.03083960551577e-05,"A_Quarry_3_2024_version3","3"
"SAB",1,0,4.71663924648354e-05,0,0.516882035120801,4.51297690114615e-05,"A_Quarry_3_2024_version3","3"
"small_SAB_bee",1,0,3.94682867339619e-05,0,0.536364275303839,3.10972314594602e-05,"A_Quarry_3_2024_version3","3"
"UNKBEE",0,1011.88009620637,0.000172421693484819,0,1011.88062667108,0.000172170978653101,"A_Quarry_3_2024_version3","3"
"AGTE",0,27.7304475863116,0.0050002330509162,0,27.7412798776345,0.00500023018529575,"A_Quarry_4_2024_version1","1"
"ANDI",0,15.3647483566825,0.00500022837809939,0,15.3707482759611,0.00500022550758483,"A_Quarry_4_2024_version1","1"
"APME",0,28.0143148473692,0.00500023276341726,0,28.0252563498138,0.00500022989791301,"A_Quarry_4_2024_version1","1"
"beetle1",1,2.27548278407967e-05,1.11388437240492e-06,1,2.27793401314218e-05,1.12047368267644e-06,"A_Quarry_4_2024_version1","1"
"BF1",1,0,1.11388437240492e-06,0,0.521045006239342,1.12047368267644e-06,"A_Quarry_4_2024_version1","1"
"big_andrena",0,15.7613042277419,0.00500022837809939,0,15.7674590008043,0.00500022550758483,"A_Quarry_4_2024_version1","1"
"blue_eyed_EUAL",1,0,1.11388437240492e-06,0,0.477664696484648,1.12047368267644e-06,"A_Quarry_4_2024_version1","1"
"BOCA",1,0,1.11388437240492e-06,0,0.510553817479198,1.12047368267644e-06,"A_Quarry_4_2024_version1","1"
"BOED",1,0,2.22232536866708e-05,0,0.478010372877126,2.22229440116896e-05,"A_Quarry_4_2024_version1","1"
"BOVO",1,0,0.0012500829351389,0,0.520336945853353,0.00125005622451476,"A_Quarry_4_2024_version1","1"
"COTU",0,68.5705903362918,0.0025001658702778,0,68.5992176070533,0.00250011244902952,"A_Quarry_4_2024_version1","1"
"duskywing",1,0,4.44465073733416e-05,0,0.543825402527035,4.44458880233792e-05,"A_Quarry_4_2024_version1","1"
"EUAC",1,0,2.22776874480983e-06,0,0.473540271876166,2.24094736535287e-06,"A_Quarry_4_2024_version1","1"
"EUAL",1,0,4.44465073733416e-05,0,0.491349422718095,4.44458880233792e-05,"A_Quarry_4_2024_version1","1"
"fuzzy_SAB_andrena",1,0,3.34165311721475e-06,0,0.509747623028116,3.36142104802931e-06,"A_Quarry_4_2024_version1","1"
"GLLY",1,0,2.9103899028282e-05,0,0.528300233547716,2.3343417694366e-05,"A_Quarry_4_2024_version1","1"
"goldwasp",1,0,0.000103805948654846,0,0.542025236455735,9.86863147536942e-05,"A_Quarry_4_2024_version1","1"
"ladybug",1,0,8.68810880883984e-05,0,0.518149111544783,7.13375155739419e-05,"A_Quarry_4_2024_version1","1"
"listrus",0,28.0806980729489,0.00500023236218441,0,31.8708454583513,0.00434698068104663,"A_Quarry_4_2024_version1","1"
"OSCA",0,407.556459502644,0.000333348805300062,0,397.309423236841,0.000333344160175344,"A_Quarry_4_2024_version1","1"
"SAB",0,2405.01235169516,0.000136967404237984,0,2430.23884027543,0.000185962617813863,"A_Quarry_4_2024_version1","1"
"AGTE",1,2.34780689221371e-05,0,1,2.35374296665542e-05,0,"A_Quarry_4_2024_version2","2"
"ANDI",1,0,0,0,0.490753774317332,0,"A_Quarry_4_2024_version2","2"
"APME",1,0,0,0,0.498684951406291,0,"A_Quarry_4_2024_version2","2"
"beetle1",1,0,0,0,0.49797828553616,0,"A_Quarry_4_2024_version2","2"
"BF1",1,0,0,0,0.521045006239342,0,"A_Quarry_4_2024_version2","2"
"big_andrena",1,0,0,0,0.503419864621675,0,"A_Quarry_4_2024_version2","2"
"blue_eyed_EUAL",0,19.0964375548356,0.00500022755036215,0,19.096435019054,0.00500025679576264,"A_Quarry_4_2024_version2","2"
"BOCA",1,0,0,0,0.510553817479198,0,"A_Quarry_4_2024_version2","2"
"BOED",1,0,0,0,0.478010372877126,0,"A_Quarry_4_2024_version2","2"
"BOVO",1,0,0,0,0.520336945853353,0,"A_Quarry_4_2024_version2","2"
"COTU",0,20.1112685742549,0.00500022755036215,0,20.1112659049721,0.00500025679576264,"A_Quarry_4_2024_version2","2"
"duskywing",1,0,0.00020000926817108,0,0.543825402527035,0.00244115071160428,"A_Quarry_4_2024_version2","2"
"EUAC",1,0,0,0,0.473540271876166,0,"A_Quarry_4_2024_version2","2"
"EUAL",1,0,0,0,0.491349422718095,0,"A_Quarry_4_2024_version2","2"
"fuzzy_SAB_andrena",1,0,0.00125008023043112,0,0.509747623028116,0.00125005933220725,"A_Quarry_4_2024_version2","2"
"GLLY",0,74.2071508884016,0.00250016046086223,0,74.2090363444204,0.00250011866441449,"A_Quarry_4_2024_version2","2"
"goldwasp",1,0,0,0,0.542025236455735,0,"A_Quarry_4_2024_version2","2"
"ladybug",1,0,0,0,0.518149111544783,0,"A_Quarry_4_2024_version2","2"
"listrus",1,0,0,0,0.532117733164745,0,"A_Quarry_4_2024_version2","2"
"OSCA",1,0,0,0,0.502741299873563,0,"A_Quarry_4_2024_version2","2"
"SAB",0,187.401779221839,0.0016781894928632,0,185.924951854433,0.00165637445080255,"A_Quarry_4_2024_version2","2"
"AGTE",1,2.35534082098278e-05,0,1,2.34195437464596e-05,0,"A_Quarry_4_2024_version3","3"
"ANDI",1,0,0,0,0.490753774317332,0,"A_Quarry_4_2024_version3","3"
"APME",1,0,0,0,0.498684951406291,0,"A_Quarry_4_2024_version3","3"
"beetle1",1,0,0,0,0.49797828553616,0,"A_Quarry_4_2024_version3","3"
"BF1",1,0,0,0,0.521045006239342,0,"A_Quarry_4_2024_version3","3"
"big_andrena",0,32.4409637551431,0.004999993783932,0,32.4415844519385,0.00499947653616463,"A_Quarry_4_2024_version3","3"
"blue_eyed_EUAL",1,0,0,0,0.477664696484648,0,"A_Quarry_4_2024_version3","3"
"BOCA",1,0,1.1138236134914e-06,0,0.510553817479198,1.21345137348524e-06,"A_Quarry_4_2024_version3","3"
"BOED",1,0,1.1138236134914e-06,0,0.478010372877126,1.21345137348524e-06,"A_Quarry_4_2024_version3","3"
"BOVO",1,0,1.1138236134914e-06,0,0.520336945853353,1.21345137348524e-06,"A_Quarry_4_2024_version3","3"
"COTU",1,0,0,0,0.503048957303655,0,"A_Quarry_4_2024_version3","3"
"duskywing",1,0,0,0,0.543825402527035,0,"A_Quarry_4_2024_version3","3"
"EUAC",1,0,1.1138236134914e-06,0,0.473540271876166,1.21345137348524e-06,"A_Quarry_4_2024_version3","3"
"EUAL",1,0,1.1138236134914e-06,0,0.491349422718095,1.21345137348524e-06,"A_Quarry_4_2024_version3","3"
"fuzzy_SAB_andrena",1,0,0,0,0.509747623028116,0,"A_Quarry_4_2024_version3","3"
"GLLY",1,0,0,0,0.528300233547716,0,"A_Quarry_4_2024_version3","3"
"goldwasp",1,0,2.22764722698279e-06,0,0.542025236455735,2.42690274697048e-06,"A_Quarry_4_2024_version3","3"
"ladybug",1,0,2.22764722698279e-06,0,0.518149111544783,2.42690274697048e-06,"A_Quarry_4_2024_version3","3"
"listrus",1,0,2.22764722698279e-06,0,0.532117733164745,2.42690274697048e-06,"A_Quarry_4_2024_version3","3"
"OSCA",1,0,3.34147084047419e-06,0,0.502741299873563,3.64035412045572e-06,"A_Quarry_4_2024_version3","3"
"SAB",0,2337.44463233641,7.46261821039235e-05,0,2337.48849804324,7.46189481585649e-05,"A_Quarry_4_2024_version3","3"
"ADFL",1,2.21229399511831e-05,3.59108035767191e-07,1,2.19063984638586e-05,3.99027080321683e-07,"A_Quarry_5_2024_version1","1"
"ANCA",1,0,4.0818700405873e-06,0,0.487958239874783,4.19835869533032e-06,"A_Quarry_5_2024_version1","1"
"ANDI",1,0,4.0818700405873e-06,0,0.514137575479288,4.19835869533032e-06,"A_Quarry_5_2024_version1","1"
"Andrena",1,0,7.81284419096247e-07,0,0.510231080399934,7.40972540874094e-07,"A_Quarry_5_2024_version1","1"
"ANPL",1,0,3.59108035767191e-07,0,0.453768281686943,3.99027080321683e-07,"A_Quarry_5_2024_version1","1"
"APME",1,0,7.81284419096247e-07,0,0.483510312453616,7.40972540874094e-07,"A_Quarry_5_2024_version1","1"
"beetle1",1,0,3.59108035767191e-07,0,0.457821407917804,3.99027080321683e-07,"A_Quarry_5_2024_version1","1"
"BF1",1,0,4.0818700405873e-06,0,0.504402874528618,4.19835869533032e-06,"A_Quarry_5_2024_version1","1"
"BF2",1,0,3.59108035767191e-07,0,0.499112202482816,3.99027080321683e-07,"A_Quarry_5_2024_version1","1"
"big_andrena",1,0,7.81284419096247e-07,0,0.478787128687271,7.40972540874094e-07,"A_Quarry_5_2024_version1","1"
"black_red_brachy_wasp",1,0,4.0818700405873e-06,0,0.475271846971136,4.19835869533032e-06,"A_Quarry_5_2024_version1","1"
"black_round_beetle",1,0,0.00125009224006174,0,0.493932043874605,0.00125005610727219,"A_Quarry_5_2024_version1","1"
"black_yellow_ornate_beetle",1,0,3.59108035767191e-07,0,0.515861400480318,3.99027080321683e-07,"A_Quarry_5_2024_version1","1"
"BOCA",1,0,3.59108035767191e-07,0,0.482557872697971,3.99027080321683e-07,"A_Quarry_5_2024_version1","1"
"BOED",1,0,4.88303580680614e-06,0,0.450166434794742,4.87603278266742e-06,"A_Quarry_5_2024_version1","1"
"BOMA",1,0,7.81284419096247e-07,0,0.547269595226864,7.40972540874094e-07,"A_Quarry_5_2024_version1","1"
"BOVO",1,0,4.0818700405873e-06,0,0.460086977905634,4.19835869533032e-06,"A_Quarry_5_2024_version1","1"
"brown_white_moth",1,0,4.0818700405873e-06,0,0.481837659995927,4.19835869533032e-06,"A_Quarry_5_2024_version1","1"
"buprestid",1,0,3.59108035767191e-07,0,0.545551551550418,3.99027080321683e-07,"A_Quarry_5_2024_version1","1"
"carpet_beetle",1,0,3.59108035767191e-07,0,0.484926907874144,3.99027080321683e-07,"A_Quarry_5_2024_version1","1"
"clark_sphinx",1,0,7.81284419096247e-07,0,0.466540640739976,7.40972540874094e-07,"A_Quarry_5_2024_version1","1"
"COTU",0,29.5134012708143,0.00250018448012348,0,29.5145493698998,0.00250011221454438,"A_Quarry_5_2024_version1","1"
"dogface",1,0,8.16374008117459e-06,0,0.461644207086248,8.39671739066065e-06,"A_Quarry_5_2024_version1","1"
"duskywing",1,0,2.24499642528526e-06,0,0.454188498577191,2.298692887826e-06,"A_Quarry_5_2024_version1","1"
"Duskywing",1,0,5.70542351943393e-07,0,0.546095586845696,5.69999810597888e-07,"A_Quarry_5_2024_version1","1"
"EUAC",0,28.4362285323297,0.00250018448012348,0,28.4373347249256,0.00250011221454438,"A_Quarry_5_2024_version1","1"
"fuzzy_SAB_andrena",1,0,2.45059977988933e-06,0,0.472039040048625,2.46966561810221e-06,"A_Quarry_5_2024_version1","1"
"GLLY",1,0,1.85285545583318e-06,0,0.460146097238244,1.93148900553902e-06,"A_Quarry_5_2024_version1","1"
"goldwasp",1,0,1.22456101217619e-05,0,0.475456283160232,1.2595076085991e-05,"A_Quarry_5_2024_version1","1"
"green_andrena",1,0,8.00701438343289e-06,0,0.493751074021566,7.90082994200001e-06,"A_Quarry_5_2024_version1","1"
"greenish_eucerid",1,0,2.34385325728874e-06,0,0.474301080463594,2.22291762262228e-06,"A_Quarry_5_2024_version1","1"
"HETH",1,0,0.00124777246815311,0,0.478259351629885,0.000417217405197825,"A_Quarry_5_2024_version1","1"
"Hoplitus",1,0,1.63274801623492e-05,0,0.504922843470668,1.67934347813213e-05,"A_Quarry_5_2024_version1","1"
"listrus",1,0,1.43643214306876e-06,0,0.538230211515087,1.59610832128673e-06,"A_Quarry_5_2024_version1","1"
"malachite",1,0,4.68770651457748e-06,0,0.535164934063873,4.44583524524456e-06,"A_Quarry_5_2024_version1","1"
"mytilla_crescent",1,0,6.39784122669189e-06,0,0.517046811509434,6.23959425553113e-06,"A_Quarry_5_2024_version1","1"
"Nomada",1,0,4.61432671276398e-06,0,0.505761039050185,4.41048145239967e-06,"A_Quarry_5_2024_version1","1"
"OSCA",1,0,2.32093295203994e-06,0,0.525783316453818,2.53666243457957e-06,"A_Quarry_5_2024_version1","1"
"OSGA",0,34.3928364395749,0.00500023642917942,1,0,0.000615748985454947,"A_Quarry_5_2024_version1","1"
"Osmia",1,0,3.59108035767191e-06,0,0.535338012122241,3.99027080321683e-06,"A_Quarry_5_2024_version1","1"
"pink_brown_moth",1,0,1.77677217675393e-05,0,0.525969738502041,1.31739488365408e-05,"A_Quarry_5_2024_version1","1"
"SAB",1,0,5.04947093448111e-06,0,0.473395003808381,5.24898364356914e-06,"A_Quarry_5_2024_version1","1"
"smal_SAB_andena",1,0,0.00124338745892173,0,0.549829007452274,1.14325963947987e-05,"A_Quarry_5_2024_version1","1"
"small_gray_conebomb",0,1082.87629235848,0.000157292841789123,0,1088.86540037754,0.000309779767892583,"A_Quarry_5_2024_version1","1"
"UNKBEE",0,1235.896089507,0.000142865451420555,0,1155.51495005076,0.000142881399286681,"A_Quarry_5_2024_version1","1"
"UNKFLY",0,88.5953006873063,0.00166646950776913,0,138.013611439023,0.00113305672349154,"A_Quarry_5_2024_version1","1"
"white_sulfur_orangetips",0,7111.26063496148,4.97525281564195e-05,0,7143.21163143596,7.05000867330308e-05,"A_Quarry_5_2024_version1","1"
"ADFL",1,2.17098446392983e-05,0,1,2.18392351601123e-05,0,"A_Quarry_5_2024_version2","2"
"ANCA",1,0,0,0,0.487958239874783,0,"A_Quarry_5_2024_version2","2"
"ANDI",1,0,0,0,0.514137575479288,0,"A_Quarry_5_2024_version2","2"
"Andrena",1,0,0,0,0.510231080399934,0,"A_Quarry_5_2024_version2","2"
"ANPL",1,0,4.08186544927561e-06,0,0.453768281686943,4.19834139723315e-06,"A_Quarry_5_2024_version2","2"
"APME",1,0,4.08186544927561e-06,0,0.483510312453616,4.19834139723315e-06,"A_Quarry_5_2024_version2","2"
"beetle1",1,0,7.8128529864389e-07,0,0.457821407917804,2.00370976109155e-06,"A_Quarry_5_2024_version2","2"
"BF1",1,0,0,0,0.504402874528618,0,"A_Quarry_5_2024_version2","2"
"BF2",1,0,7.8128529864389e-07,0,0.499112202482816,2.00370976109155e-06,"A_Quarry_5_2024_version2","2"
"big_andrena",1,0,0,0,0.478787128687271,0,"A_Quarry_5_2024_version2","2"
"black_red_brachy_wasp",1,0,4.08186544927561e-06,0,0.475271846971136,4.19834139723315e-06,"A_Quarry_5_2024_version2","2"
"black_round_beetle",1,0,0,0,0.493932043874605,0,"A_Quarry_5_2024_version2","2"
"black_yellow_ornate_beetle",1,0,7.8128529864389e-07,0,0.515861400480318,2.00370976109155e-06,"A_Quarry_5_2024_version2","2"
"BOCA",1,0,4.08186544927561e-06,0,0.482557872697971,4.19834139723315e-06,"A_Quarry_5_2024_version2","2"
"BOED",1,0,0,0,0.450166434794742,0,"A_Quarry_5_2024_version2","2"
"BOMA",1,0,0,0,0.547269595226864,0,"A_Quarry_5_2024_version2","2"
"BOVO",1,0,4.88303196507378e-06,0,0.460086977905634,4.90122570838544e-06,"A_Quarry_5_2024_version2","2"
"brown_white_moth",1,0,7.8128529864389e-07,0,0.481837659995927,2.00370976109155e-06,"A_Quarry_5_2024_version2","2"
"buprestid",1,0,4.08186544927561e-06,0,0.545551551550418,4.19834139723315e-06,"A_Quarry_5_2024_version2","2"
"carpet_beetle",1,0,4.08186544927561e-06,0,0.484926907874144,4.19834139723315e-06,"A_Quarry_5_2024_version2","2"
"clark_sphinx",1,0,0,0,0.466540640739976,0,"A_Quarry_5_2024_version2","2"
"COTU",1,0,0,0,0.548548916773195,0,"A_Quarry_5_2024_version2","2"
"dogface",1,0,7.8128529864389e-07,0,0.461644207086248,2.00370976109155e-06,"A_Quarry_5_2024_version2","2"
"duskywing",1,0,8.16373089855122e-06,0,0.454188498577191,8.3966827944663e-06,"A_Quarry_5_2024_version2","2"
"Duskywing",1,0,2.07075938606755e-06,0,0.546095586845696,2.09917069861657e-06,"A_Quarry_5_2024_version2","2"
"EUAC",1,0,3.91805031446401e-07,0,0.528528115608975,1.00185488054577e-06,"A_Quarry_5_2024_version2","2"
"fuzzy_SAB_andrena",1,0,2.45078338553489e-06,0,0.472039040048625,3.10102557916235e-06,"A_Quarry_5_2024_version2","2"
"GLLY",1,0,0,0,0.460146097238244,0,"A_Quarry_5_2024_version2","2"
"goldwasp",1,0,1.38726419334997e-06,0,0.475456283160232,1.39944713241105e-06,"A_Quarry_5_2024_version2","2"
"green_andrena",1,0,1.22455963478268e-05,0,0.493751074021566,1.25950241916994e-05,"A_Quarry_5_2024_version2","2"
"greenish_eucerid",1,0,8.00740374853631e-06,0,0.474301080463594,7.93441474359164e-06,"A_Quarry_5_2024_version2","2"
"HETH",1,0,2.34385589593167e-06,0,0.478259351629885,6.01112928327465e-06,"A_Quarry_5_2024_version2","2"
"Hoplitus",1,0,1.63274617971024e-05,0,0.504922843470668,1.67933655889326e-05,"A_Quarry_5_2024_version2","2"
"listrus",1,0,0,0,0.538230211515087,0,"A_Quarry_5_2024_version2","2"
"malachite",1,0,4.68771179186334e-06,0,0.535164934063873,1.20222585665493e-05,"A_Quarry_5_2024_version2","2"
"mytilla_crescent",1,0,6.34643841241216e-06,0,0.517046811509434,6.40032969726099e-06,"A_Quarry_5_2024_version2","2"
"Nomada",1,0,4.61400234354397e-06,0,0.505761039050185,1.09045561137898e-05,"A_Quarry_5_2024_version2","2"
"OSCA",1,0,9.81703419798605e-08,0,0.525783316453818,2.50463720136444e-07,"A_Quarry_5_2024_version2","2"
"OSGA",0,30.8566022127511,0.00500023227870772,1,0,0.00052419991058636,"A_Quarry_5_2024_version2","2"
"Osmia",1,0,0,0,0.535338012122241,0,"A_Quarry_5_2024_version2","2"
"pink_brown_moth",1,0,1.77511308515764e-05,0,0.525969738502041,1.54794641790525e-05,"A_Quarry_5_2024_version2","2"
"SAB",1,0,3.32902301245624e-06,0,0.473395003808381,3.57174624313575e-06,"A_Quarry_5_2024_version2","2"
"smal_SAB_andena",0,31.0530819640151,0.00500023443129981,0,28.1565028915159,0.00500155345591856,"A_Quarry_5_2024_version2","2"
"small_gray_conebomb",0,1141.41893076599,0.000157007430537134,0,1160.15771980181,0.000285544723494766,"A_Quarry_5_2024_version2","2"
"UNKBEE",0,1302.7885681698,0.000142865290724646,0,1230.04674302777,0.000142915886704769,"A_Quarry_5_2024_version2","2"
"UNKFLY",0,91.693667777351,0.00166647077286883,0,142.788932460975,0.00113380761541984,"A_Quarry_5_2024_version2","2"
"white_sulfur_orangetips",0,2783.90059406032,0.000126789636155918,0,2782.78651436628,0.000126345596718861,"A_Quarry_5_2024_version2","2"
"ADFL",1,2.18056963230763e-05,0,1,2.18320542874845e-05,0,"A_Quarry_5_2024_version3","3"
"ANCA",1,0,0,0,0.487958239874783,0,"A_Quarry_5_2024_version3","3"
"ANDI",1,0,0,0,0.514137575479288,0,"A_Quarry_5_2024_version3","3"
"Andrena",1,0,3.59108435664404e-07,0,0.510231080399934,6.19525581332043e-07,"A_Quarry_5_2024_version3","3"
"ANPL",1,0,0,0,0.453768281686943,0,"A_Quarry_5_2024_version3","3"
"APME",1,0,0,0,0.483510312453616,0,"A_Quarry_5_2024_version3","3"
"beetle1",1,0,0,0,0.457821407917804,0,"A_Quarry_5_2024_version3","3"
"BF1",1,0,3.59108435664404e-07,0,0.504402874528618,6.19525581332043e-07,"A_Quarry_5_2024_version3","3"
"BF2",1,0,0,0,0.499112202482816,0,"A_Quarry_5_2024_version3","3"
"big_andrena",1,0,3.59108435664404e-07,0,0.478787128687271,6.19525581332043e-07,"A_Quarry_5_2024_version3","3"
"black_red_brachy_wasp",1,0,0,0,0.475271846971136,0,"A_Quarry_5_2024_version3","3"
"black_round_beetle",1,0,3.59108435664404e-07,0,0.493932043874605,6.19525581332043e-07,"A_Quarry_5_2024_version3","3"
"black_yellow_ornate_beetle",1,0,0,0,0.515861400480318,0,"A_Quarry_5_2024_version3","3"
"BOCA",1,0,0,0,0.482557872697971,0,"A_Quarry_5_2024_version3","3"
"BOED",1,0,3.59108435664404e-07,0,0.450166434794742,6.19525581332043e-07,"A_Quarry_5_2024_version3","3"
"BOMA",1,0,3.59108435664404e-07,0,0.547269595226864,6.19525581332043e-07,"A_Quarry_5_2024_version3","3"
"BOVO",1,0,0,0,0.460086977905634,0,"A_Quarry_5_2024_version3","3"
"brown_white_moth",1,0,0,0,0.481837659995927,0,"A_Quarry_5_2024_version3","3"
"buprestid",1,0,0,0,0.545551551550418,0,"A_Quarry_5_2024_version3","3"
"carpet_beetle",1,0,0,0,0.484926907874144,0,"A_Quarry_5_2024_version3","3"
"clark_sphinx",1,0,3.59108435664404e-07,0,0.466540640739976,6.19525581332043e-07,"A_Quarry_5_2024_version3","3"
"COTU",1,0,3.59108435664404e-07,0,0.548548916773195,6.19525581332043e-07,"A_Quarry_5_2024_version3","3"
"dogface",1,0,0,0,0.461644207086248,0,"A_Quarry_5_2024_version3","3"
"duskywing",1,0,0,0,0.454188498577191,0,"A_Quarry_5_2024_version3","3"
"Duskywing",1,0,1.79803518349465e-07,0,0.546095586845696,3.09762790666022e-07,"A_Quarry_5_2024_version3","3"
"EUAC",1,0,1.79803518349465e-07,0,0.528528115608975,3.09762790666022e-07,"A_Quarry_5_2024_version3","3"
"fuzzy_SAB_andrena",1,0,0,0,0.472039040048625,0,"A_Quarry_5_2024_version3","3"
"GLLY",1,0,7.18216871328809e-07,0,0.460146097238244,1.23905116266409e-06,"A_Quarry_5_2024_version3","3"
"goldwasp",1,0,4.80580758040498e-07,0,0.475456283160232,8.26034108442724e-07,"A_Quarry_5_2024_version3","3"
"green_andrena",1,0,0,0,0.493751074021566,0,"A_Quarry_5_2024_version3","3"
"greenish_eucerid",1,0,0,0,0.474301080463594,0,"A_Quarry_5_2024_version3","3"
"HETH",1,0,0,0,0.478259351629885,0,"A_Quarry_5_2024_version3","3"
"Hoplitus",1,0,0,0,0.504922843470668,0,"A_Quarry_5_2024_version3","3"
"listrus",1,0,1.43643374265762e-06,0,0.538230211515087,2.47810232532817e-06,"A_Quarry_5_2024_version3","3"
"malachite",1,0,0,0,0.535164934063873,0,"A_Quarry_5_2024_version3","3"
"mytilla_crescent",1,0,5.99900345623546e-08,0,0.517046811509434,1.03254263555341e-07,"A_Quarry_5_2024_version3","3"
"Nomada",1,0,0,0,0.505761039050185,0,"A_Quarry_5_2024_version3","3"
"OSCA",1,0,2.23508130731429e-06,0,0.525783316453818,3.79459418565877e-06,"A_Quarry_5_2024_version3","3"
"OSGA",1,0,0,0,0.540199639317673,0,"A_Quarry_5_2024_version3","3"
"Osmia",1,0,3.59108435664404e-06,0,0.535338012122241,6.19525581332043e-06,"A_Quarry_5_2024_version3","3"
"pink_brown_moth",1,0,1.11537408260504e-07,0,0.525969738502041,1.90623255794475e-07,"A_Quarry_5_2024_version3","3"
"SAB",1,0,2.34669467068932e-06,0,0.473395003808381,3.64426812548261e-06,"A_Quarry_5_2024_version3","3"
"smal_SAB_andena",1,0,8.85283171721461e-06,0,0.549829007452274,1.43408699382417e-05,"A_Quarry_5_2024_version3","3"
"small_gray_conebomb",1,0,0,0,0.476128250372656,0,"A_Quarry_5_2024_version3","3"
"UNKBEE",1,0,0,0,0.487504013226137,0,"A_Quarry_5_2024_version3","3"
"UNKFLY",1,0,5.7727706320783e-07,0,0.479950291677355,8.61948634896756e-07,"A_Quarry_5_2024_version3","3"
"white_sulfur_orangetips",0,4504.67354554964,4.23747954083997e-05,0,4504.6728823859,4.14724720887854e-05,"A_Quarry_5_2024_version3","3"
"APME",1,2.31550206413919e-05,1.75318348478293e-07,1,2.32170924632847e-05,1.73283933563167e-07,"A_Quarry_Close_2022_version1","1"
"APTE",1,0,1.75318348478293e-07,0,0.469130631219191,1.73283933563167e-07,"A_Quarry_Close_2022_version1","1"
"beetle_1",0,14.3655419181004,0.00500022780940546,0,14.3675493783849,0.00500022741314007,"A_Quarry_Close_2022_version1","1"
"black_red_beetle",1,0,2.55113660242093e-05,0,0.46716810591387,2.91544429877939e-05,"A_Quarry_Close_2022_version1","1"
"black_skinny_beetle",1,0,7.25766372032379e-08,0,0.494356094414534,7.21991955916792e-08,"A_Quarry_Close_2022_version1","1"
"black_wasp",1,0,1.75318348478293e-07,0,0.542878825074471,1.73283933563167e-07,"A_Quarry_Close_2022_version1","1"
"blackbeetle",1,0,1.75318348478293e-07,0,0.464413026633865,1.73283933563167e-07,"A_Quarry_Close_2022_version1","1"
"BOCA",1,0,7.25766372032379e-08,0,0.489738635364798,7.21991955916792e-08,"A_Quarry_Close_2022_version1","1"
"BOVO",1,0,1.75318348478293e-07,0,0.537244576163238,1.73283933563167e-07,"A_Quarry_Close_2022_version1","1"
"brown_bomb",1,0,1.75318348478293e-07,0,0.469591575544137,1.73283933563167e-07,"A_Quarry_Close_2022_version1","1"
"COEU",0,15.7792616323274,0.00500022780940546,0,15.781466648252,0.00500022741314007,"A_Quarry_Close_2022_version1","1"
"DAPL",1,0,2.55113660242093e-05,0,0.530132497139337,2.91544429877939e-05,"A_Quarry_Close_2022_version1","1"
"DIDU",1,0,0.000555739257733438,0,0.53687942083314,0.00125018049102098,"A_Quarry_Close_2022_version1","1"
"duskywing",1,0,1.75318348478293e-07,0,0.532425942589727,1.73283933563167e-07,"A_Quarry_Close_2022_version1","1"
"ERST",1,0,2.55113660242093e-05,0,0.482817105545112,2.91544429877939e-05,"A_Quarry_Close_2022_version1","1"
"gnat",1,0,1.75318348478293e-07,0,0.507092896689238,1.73283933563167e-07,"A_Quarry_Close_2022_version1","1"
"gold_fuzz_sab",1,0,2.55113660242093e-05,0,0.510314656030533,2.91544429877939e-05,"A_Quarry_Close_2022_version1","1"
"goldfuzz",1,0,1.75318348478293e-07,0,0.458423905171651,1.73283933563167e-07,"A_Quarry_Close_2022_version1","1"
"HALI",1,0,6.85901900734713e-06,0,0.530574219944223,2.52651746014159e-05,"A_Quarry_Close_2022_version1","1"
"halictid",1,0,3.59839905952089e-06,0,0.460914602554829,1.27192292674895e-05,"A_Quarry_Close_2022_version1","1"
"HATR",1,0,3.50636696956586e-07,0,0.491725139013364,3.46567867126334e-07,"A_Quarry_Close_2022_version1","1"
"HATR_LAIN",1,0,3.50636696956586e-07,0,0.524411397601669,3.46567867126334e-07,"A_Quarry_Close_2022_version1","1"
"HETH",1,0,3.50636696956586e-07,0,0.482359491257164,3.46567867126334e-07,"A_Quarry_Close_2022_version1","1"
"ICAC",0,0.0352880822999415,0.00111147851546688,0,66.6958595396248,0.00250036098204196,"A_Quarry_Close_2022_version1","1"
"JUCO",1,0,2.05076055976493e-05,0,0.500380834215498,0.000103129120782877,"A_Quarry_Close_2022_version1","1"
"LAIN",1,0,0.0012480230683731,0,0.500680659874659,0.00166016644167673,"A_Quarry_Close_2022_version1","1"
"LATI",1,0,0.0612406902395783,0,0.539850513399509,4.63425639582468e-05,"A_Quarry_Close_2022_version1","1"
"MEGA",1,0,1.552020606536e-07,0,0.467578705548113,1.54026905309961e-07,"A_Quarry_Close_2022_version1","1"
"mega_ash",1,0,7.65340980726278e-05,0,0.495304147128623,8.74633289633818e-05,"A_Quarry_Close_2022_version1","1"
"MelissodesSp_",1,0,9.7806284900255e-06,0,0.476800790767558,3.37446607797423e-05,"A_Quarry_Close_2022_version1","1"
"MELU",1,0,4.13617040804731e-07,0,0.490890430352134,4.07938649415046e-07,"A_Quarry_Close_2022_version1","1"
"orange_blister_beetle",1,0,5.77689147187869e-07,0,0.495462928314443,5.6894842652047e-07,"A_Quarry_Close_2022_version1","1"
"orange_skipper",1,0,2.91801407798679e-05,0,0.545436180846503,2.36354654706488e-05,"A_Quarry_Close_2022_version1","1"
"red_beetle",0,37.5359225012581,0.0050002315164356,0,37.2739904882354,0.00498333915810436,"A_Quarry_Close_2022_version1","1"
"red_black_fly",1,0,1.22722843934805e-06,0,0.498224990744248,1.21298753494217e-06,"A_Quarry_Close_2022_version1","1"
"red_sab_calio",0,62.5439139963796,0.00249998024497948,0,10.2751450060105,0.00243581612593603,"A_Quarry_Close_2022_version1","1"
"skinny_red_wasp",1,0,4.28736248400261e-06,0,0.518504288638245,4.4716238595374e-06,"A_Quarry_Close_2022_version1","1"
"small_blk_bee",1,0,1.92850183326122e-06,0,0.501579142991257,1.90612326919484e-06,"A_Quarry_Close_2022_version1","1"
"small_halictid",0,27.154960960634,0.00500002393973635,1,0,0.000856182261013462,"A_Quarry_Close_2022_version1","1"
"STME",1,0,0.00124160157089559,0,0.509662048034213,0.000349511895560799,"A_Quarry_Close_2022_version1","1"
"syobeetle",0,450.512414101482,0.000357159124338931,0,401.166206673981,0.000357185247583866,"A_Quarry_Close_2022_version1","1"
"UNK_BUTTERFLY",0,101.038367355463,0.00166674179360557,0,94.480583674124,0.00170484906067675,"A_Quarry_Close_2022_version1","1"
"unkblackbee",1,0,4.63203438316614e-05,0,0.548044540313093,8.80499560193056e-05,"A_Quarry_Close_2022_version1","1"
"UNKBOMB",0,103.976929429817,0.00166721777319539,0,0.0321258304199948,0.000693239313304079,"A_Quarry_Close_2022_version1","1"
"vespid",0,878.490338292065,0.000185643979667209,0,837.758181134683,0.000309455494678478,"A_Quarry_Close_2022_version1","1"
"Villa",0,1390.09389564708,0.000384632013567873,0,1915.5332460563,0.000296994743585785,"A_Quarry_Close_2022_version1","1"
"weevil",0,11868.5579068225,2.3224330860664e-05,0,11044.8855552106,2.3098964988121e-05,"A_Quarry_Close_2022_version1","1"
"APME",1,2.31800249524628e-05,0,1,2.31401057360171e-05,0,"A_Quarry_Close_2022_version2","2"
"APTE",1,0,0,0,0.469130631219191,0,"A_Quarry_Close_2022_version2","2"
"beetle_1",1,0,1.74816401495258e-07,0,0.478518900940436,1.71493231019129e-07,"A_Quarry_Close_2022_version2","2"
"black_red_beetle",1,0,1.74816401495258e-07,0,0.46716810591387,1.71493231019129e-07,"A_Quarry_Close_2022_version2","2"
"black_skinny_beetle",0,13.7636779981282,0.00500022736149925,0,13.7636790583065,0.00500022687403605,"A_Quarry_Close_2022_version2","2"
"black_wasp",1,0,2.55113687285148e-05,0,0.542878825074471,2.91254318738222e-05,"A_Quarry_Close_2022_version2","2"
"blackbeetle",1,0,1.74816401495258e-07,0,0.464413026633865,1.71493231019129e-07,"A_Quarry_Close_2022_version2","2"
"BOCA",0,37.8050989812736,0.00500023208865951,0,37.8051019661475,0.00500023154503719,"A_Quarry_Close_2022_version2","2"
"BOVO",1,0,1.74816401495258e-07,0,0.537244576163238,1.71493231019129e-07,"A_Quarry_Close_2022_version2","2"
"brown_bomb",1,0,1.74816401495258e-07,0,0.469591575544137,1.71493231019129e-07,"A_Quarry_Close_2022_version2","2"
"COEU",1,0,1.74816401495258e-07,0,0.52561017031577,1.71493231019129e-07,"A_Quarry_Close_2022_version2","2"
"DAPL",1,0,1.74816401495258e-07,0,0.530132497139337,1.71493231019129e-07,"A_Quarry_Close_2022_version2","2"
"DIDU",0,14.947596591829,0.00500022736149925,0,14.9475977437829,0.00500022687403605,"A_Quarry_Close_2022_version2","2"
"duskywing",1,0,2.55113687285148e-05,0,0.532425942589727,2.91254318738222e-05,"A_Quarry_Close_2022_version2","2"
"ERST",1,0,0.000555750606311599,0,0.482817105545112,0.00125031780705489,"A_Quarry_Close_2022_version2","2"
"gnat",1,0,1.74816401495258e-07,0,0.507092896689238,1.71493231019129e-07,"A_Quarry_Close_2022_version2","2"
"gold_fuzz_sab",1,0,2.55113687285148e-05,0,0.510314656030533,2.91254318738222e-05,"A_Quarry_Close_2022_version2","2"
"goldfuzz",1,0,1.74816401495258e-07,0,0.458423905171651,1.71493231019129e-07,"A_Quarry_Close_2022_version2","2"
"HALI",1,0,2.55113687285148e-05,0,0.530574219944223,2.91254318738222e-05,"A_Quarry_Close_2022_version2","2"
"halictid",1,0,1.74816401495258e-07,0,0.460914602554829,1.71493231019129e-07,"A_Quarry_Close_2022_version2","2"
"HATR",1,0,6.85901994613738e-06,0,0.491725139013364,2.25328860638733e-05,"A_Quarry_Close_2022_version2","2"
"HATR_LAIN",1,0,2.89314263181848e-05,0,0.524411397601669,5.87836036514251e-05,"A_Quarry_Close_2022_version2","2"
"HETH",1,0,3.59756873182739e-06,0,0.482359491257164,1.13521896474462e-05,"A_Quarry_Close_2022_version2","2"
"ICAC",1,0,3.49632802990516e-07,0,0.51596955916191,3.42986462038257e-07,"A_Quarry_Close_2022_version2","2"
"JUCO",1,0,3.49632802990516e-07,0,0.500380834215498,3.42986462038257e-07,"A_Quarry_Close_2022_version2","2"
"LAIN",1,0,3.49632802990516e-07,0,0.500680659874659,3.42986462038257e-07,"A_Quarry_Close_2022_version2","2"
"LATI",0,0.0350857726670044,0.0011115012126232,0,62.3183741282087,0.00250063561410977,"A_Quarry_Close_2022_version2","2"
"MEGA",1,0,0.00124796670439191,0,0.467578705548113,0.000905561984830346,"A_Quarry_Close_2022_version2","2"
"mega_ash",1,0,7.65341061855443e-05,0,0.495304147128623,8.73762956214668e-05,"A_Quarry_Close_2022_version2","2"
"MelissodesSp_",1,0,9.77607599052586e-06,0,0.476800790767558,3.01010124955041e-05,"A_Quarry_Close_2022_version2","2"
"MELU",1,0,5.24449204485775e-07,0,0.490890430352134,5.14479693057386e-07,"A_Quarry_Close_2022_version2","2"
"orange_blister_beetle",1,0,6.99265605981033e-07,0,0.495462928314443,6.85972924076515e-07,"A_Quarry_Close_2022_version2","2"
"orange_skipper",1,0,2.91834610238958e-05,0,0.545436180846503,2.36090333148922e-05,"A_Quarry_Close_2022_version2","2"
"red_beetle",0,31.7543956641913,0.0050002351017765,0,31.3307696228229,0.00498525208835712,"A_Quarry_Close_2022_version2","2"
"red_black_fly",1,0,9.09338130199766e-05,0,0.498224990744248,8.53902076945893e-05,"A_Quarry_Close_2022_version2","2"
"red_sab_calio",0,72.8326700290387,0.00249985084636946,0,0.726196744996967,0.00173856762982267,"A_Quarry_Close_2022_version2","2"
"skinny_red_wasp",1,0,1.22371481046681e-06,0,0.518504288638245,1.2004526171339e-06,"A_Quarry_Close_2022_version2","2"
"small_blk_bee",1,0,4.29316544316195e-06,0,0.501579142991257,4.45566651767183e-06,"A_Quarry_Close_2022_version2","2"
"small_halictid",1,0,1.92298041644784e-06,0,0.540656254063666,1.88642554121042e-06,"A_Quarry_Close_2022_version2","2"
"STME",0,35.1596290693662,0.00499978300013303,1,0,0.000829097634636074,"A_Quarry_Close_2022_version2","2"
"syobeetle",1,0,0.0012416524085187,0,0.490041311010738,0.000187797613074142,"A_Quarry_Close_2022_version2","2"
"UNK_BUTTERFLY",0,479.6888078359,0.000357159162199207,0,398.811605738471,0.000356829413762077,"A_Quarry_Close_2022_version2","2"
"unkblackbee",0,98.9720696834026,0.00166674193409686,0,69.7026773007196,0.00169728860263699,"A_Quarry_Close_2022_version2","2"
"UNKBOMB",0,96.3915668428881,0.00166725181891625,0,0.00466780350396836,0.000537011339711011,"A_Quarry_Close_2022_version2","2"
"vespid",0,791.167473628094,0.000186091858967829,0,399.798953531025,0.000278927556306064,"A_Quarry_Close_2022_version2","2"
"Villa",0,5196.34421488706,2.97187882541939e-05,0,3027.42689289772,2.91538492732519e-05,"A_Quarry_Close_2022_version2","2"
"weevil",0,1068.01626600795,0.000349402310872295,0,3398.88595018836,0.00026637554623502,"A_Quarry_Close_2022_version2","2"
"APME",1,2.30389680486729e-05,0,1,2.32686675888748e-05,0,"A_Quarry_Close_2022_version3","3"
"APTE",1,0,0,0,0.469130631219191,0,"A_Quarry_Close_2022_version3","3"
"beetle_1",1,0,0,0,0.478518900940436,0,"A_Quarry_Close_2022_version3","3"
"black_red_beetle",1,0,0,0,0.46716810591387,0,"A_Quarry_Close_2022_version3","3"
"black_skinny_beetle",1,0,0,0,0.494356094414534,0,"A_Quarry_Close_2022_version3","3"
"black_wasp",1,0,0,0,0.542878825074471,0,"A_Quarry_Close_2022_version3","3"
"blackbeetle",1,0,0,0,0.464413026633865,0,"A_Quarry_Close_2022_version3","3"
"BOCA",1,0,0,0,0.489738635364798,0,"A_Quarry_Close_2022_version3","3"
"BOVO",1,0,0,0,0.537244576163238,0,"A_Quarry_Close_2022_version3","3"
"brown_bomb",1,0,0,0,0.469591575544137,0,"A_Quarry_Close_2022_version3","3"
"COEU",1,0,0,0,0.52561017031577,0,"A_Quarry_Close_2022_version3","3"
"DAPL",1,0,0,0,0.530132497139337,0,"A_Quarry_Close_2022_version3","3"
"DIDU",1,0,0,0,0.53687942083314,0,"A_Quarry_Close_2022_version3","3"
"duskywing",1,0,0,0,0.532425942589727,0,"A_Quarry_Close_2022_version3","3"
"ERST",1,0,0,0,0.482817105545112,0,"A_Quarry_Close_2022_version3","3"
"gnat",1,0,0,0,0.507092896689238,0,"A_Quarry_Close_2022_version3","3"
"gold_fuzz_sab",1,0,0,0,0.510314656030533,0,"A_Quarry_Close_2022_version3","3"
"goldfuzz",1,0,0,0,0.458423905171651,0,"A_Quarry_Close_2022_version3","3"
"HALI",1,0,0,0,0.530574219944223,0,"A_Quarry_Close_2022_version3","3"
"halictid",1,0,0,0,0.460914602554829,0,"A_Quarry_Close_2022_version3","3"
"HATR",1,0,0,0,0.491725139013364,0,"A_Quarry_Close_2022_version3","3"
"HATR_LAIN",1,0,0,0,0.524411397601669,0,"A_Quarry_Close_2022_version3","3"
"HETH",1,0,0,0,0.482359491257164,0,"A_Quarry_Close_2022_version3","3"
"ICAC",1,0,0,0,0.51596955916191,0,"A_Quarry_Close_2022_version3","3"
"JUCO",1,0,0,0,0.500380834215498,0,"A_Quarry_Close_2022_version3","3"
"LAIN",1,0,0,0,0.500680659874659,0,"A_Quarry_Close_2022_version3","3"
"LATI",1,0,0,0,0.539850513399509,0,"A_Quarry_Close_2022_version3","3"
"MEGA",1,0,0,0,0.467578705548113,0,"A_Quarry_Close_2022_version3","3"
"mega_ash",1,0,0,0,0.495304147128623,0,"A_Quarry_Close_2022_version3","3"
"MelissodesSp_",1,0,0,0,0.476800790767558,0,"A_Quarry_Close_2022_version3","3"
"MELU",1,0,0,0,0.490890430352134,0,"A_Quarry_Close_2022_version3","3"
"orange_blister_beetle",1,0,0,0,0.495462928314443,0,"A_Quarry_Close_2022_version3","3"
"orange_skipper",1,0,0,0,0.545436180846503,0,"A_Quarry_Close_2022_version3","3"
"red_beetle",1,0,0,0,0.545891487177411,0,"A_Quarry_Close_2022_version3","3"
"red_black_fly",1,0,0,0,0.498224990744248,0,"A_Quarry_Close_2022_version3","3"
"red_sab_calio",1,0,0,0,0.467419438584437,0,"A_Quarry_Close_2022_version3","3"
"skinny_red_wasp",1,0,0,0,0.518504288638245,0,"A_Quarry_Close_2022_version3","3"
"small_blk_bee",1,0,0,0,0.501579142991257,0,"A_Quarry_Close_2022_version3","3"
"small_halictid",1,0,0,0,0.540656254063666,0,"A_Quarry_Close_2022_version3","3"
"STME",1,0,0,0,0.509662048034213,0,"A_Quarry_Close_2022_version3","3"
"syobeetle",1,0,0,0,0.490041311010738,0,"A_Quarry_Close_2022_version3","3"
"UNK_BUTTERFLY",1,0,0,0,0.52431415746655,0,"A_Quarry_Close_2022_version3","3"
"unkblackbee",1,0,0,0,0.548044540313093,0,"A_Quarry_Close_2022_version3","3"
"UNKBOMB",1,0,0,0,0.48458904215814,0,"A_Quarry_Close_2022_version3","3"
"vespid",1,0,0,0,0.488031551864944,0,"A_Quarry_Close_2022_version3","3"
"Villa",1,0,0,0,0.546292194116997,0,"A_Quarry_Close_2022_version3","3"
"weevil",0,37.5359328577751,0.00500023253703249,1,0,0,"A_Quarry_Close_2022_version3","3"
"APME",1,2.08872825111456e-05,4.28688256037992e-09,1,2.07802770919947e-05,4.2963160397926e-09,"A_Quarry_Close_2023_version1","1"
"APTE",1,0,4.28688256037992e-09,0,0.49160074002184,4.2963160397926e-09,"A_Quarry_Close_2023_version1","1"
"black_beetle",1,0,4.28688256037992e-09,0,0.533637547066266,4.2963160397926e-09,"A_Quarry_Close_2023_version1","1"
"black_oviwasp",1,0,1.54327772092476e-07,0,0.546253542740016,1.52388791772791e-07,"A_Quarry_Close_2023_version1","1"
"black_red_beetle",1,0,4.28688256037992e-09,0,0.48329283144944,4.2963160397926e-09,"A_Quarry_Close_2023_version1","1"
"BOED",1,0,4.28688256037992e-09,0,0.502618170740371,4.2963160397926e-09,"A_Quarry_Close_2023_version1","1"
"BOVO",1,0,4.28688256037992e-09,0,0.50359563341066,4.2963160397926e-09,"A_Quarry_Close_2023_version1","1"
"brown_bomb",1,0,4.28688256037992e-09,0,0.531810732968995,4.2963160397926e-09,"A_Quarry_Close_2023_version1","1"
"brown_syrphid",1,0,4.28688256037992e-09,0,0.542989009894891,4.2963160397926e-09,"A_Quarry_Close_2023_version1","1"
"CAAN",1,0,4.28688256037992e-09,0,0.516289303436079,4.2963160397926e-09,"A_Quarry_Close_2023_version1","1"
"COEU",1,0,4.28688256037992e-09,0,0.474322850175352,4.2963160397926e-09,"A_Quarry_Close_2023_version1","1"
"DAPL",1,0,4.28688256037992e-09,0,0.544142897144958,4.2963160397926e-09,"A_Quarry_Close_2023_version1","1"
"dark_gray_bomb",1,0,4.28688256037992e-09,0,0.509672315306809,4.2963160397926e-09,"A_Quarry_Close_2023_version1","1"
"DIDU",1,0,9.18314150346722e-06,0,0.462603361537961,1.00426633414347e-05,"A_Quarry_Close_2023_version1","1"
"duskywing",1,0,8.57376512075984e-09,0,0.474697368510392,8.59263207958519e-09,"A_Quarry_Close_2023_version1","1"
"Eristolis",0,34.1294642091009,0.00500022564984052,0,34.0236881846242,0.00500024101345828,"A_Quarry_Close_2023_version1","1"
"gold_red_wasp",1,0,9.18314150346722e-06,0,0.469617795906783,1.00426633414347e-05,"A_Quarry_Close_2023_version1","1"
"HALI",1,0,9.18314150346722e-06,0,0.466295805301655,1.00426633414347e-05,"A_Quarry_Close_2023_version1","1"
"HATR",1,0,2.33539195141467e-06,0,0.533599704915471,2.51281399337858e-06,"A_Quarry_Close_2023_version1","1"
"Hemaris_thetis",1,0,1.28606476811398e-08,0,0.51024051432509,1.28889481193778e-08,"A_Quarry_Close_2023_version1","1"
"HETH",1,0,2.07553721437496e-07,0,0.512324261787498,2.04617161043652e-07,"A_Quarry_Close_2023_version1","1"
"ICAC",1,0,1.28606476811398e-08,0,0.53386786248715,1.28889481193778e-08,"A_Quarry_Close_2023_version1","1"
"LAIN",1,0,1.28606476811398e-08,0,0.51716482153496,1.28889481193778e-08,"A_Quarry_Close_2023_version1","1"
"large_black_beetle",1,0,1.71475302415197e-08,0,0.489155538072416,1.71852641591704e-08,"A_Quarry_Close_2023_version1","1"
"large_HALI",1,0,2.14344128018996e-08,0,0.53712838310149,2.1481580198963e-08,"A_Quarry_Close_2023_version1","1"
"LATI",1,0,2.14344128018996e-08,0,0.516734786735258,2.1481580198963e-08,"A_Quarry_Close_2023_version1","1"
"MEGA",1,0,2.75494245104017e-05,0,0.461560659488458,3.01279900243042e-05,"A_Quarry_Close_2023_version1","1"
"MelissodesSp_",1,0,2.62041221477255e-05,0,0.4500040225219,2.58246052088379e-05,"A_Quarry_Close_2023_version1","1"
"MELU",1,0,3.42950604830393e-08,0,0.517606525573696,3.43705283183408e-08,"A_Quarry_Close_2023_version1","1"
"MERO",1,0,3.85819430434193e-08,0,0.51287531711295,3.86668443581334e-08,"A_Quarry_Close_2023_version1","1"
"pale_SAB",1,0,5.54484101262803e-07,0,0.495454717355526,5.88477321918232e-07,"A_Quarry_Close_2023_version1","1"
"red_beetle",1,0,2.65174124668588e-07,0,0.507434594331977,2.59288804579718e-07,"A_Quarry_Close_2023_version1","1"
"skinny_white_moth",1,0,4.4145970353198e-07,0,0.453226937541378,4.66946005539118e-07,"A_Quarry_Close_2023_version1","1"
"STME",1,0,6.43032384056988e-08,0,0.485139257942857,6.4444740596889e-08,"A_Quarry_Close_2023_version1","1"
"thrip",1,0,1.31402731224156e-07,0,0.535508245595502,1.3021041586791e-07,"A_Quarry_Close_2023_version1","1"
"tiny_LAIN",1,0,7.28770035264586e-08,0,0.487083723599596,7.30373726764742e-08,"A_Quarry_Close_2023_version1","1"
"tiny_pale_green_fly",1,0,9.29061666761472e-08,0,0.516142538406953,9.30483711509694e-08,"A_Quarry_Close_2023_version1","1"
"unk_small_bee",0,1183.68949013926,0.000156558422675447,0,1212.33547449187,0.000270942746250936,"A_Quarry_Close_2023_version1","1"
"VAVI",1,0,2.75247450302683e-07,0,0.455995980652979,2.88275063380965e-07,"A_Quarry_Close_2023_version1","1"
"vespid",0,28.7390152829656,0.00500022550553104,1,0,6.98330770025802e-05,"A_Quarry_Close_2023_version1","1"
"Villa",1,0,4.40898822318761e-07,0,0.477949322447157,4.3865167029332e-07,"A_Quarry_Close_2023_version1","1"
"white_plume_moth",1,0,1.60199050169844e-06,0,0.49426236937021,1.4720364096377e-06,"A_Quarry_Close_2023_version1","1"
"white_straw_moth",1,0,1.13092988882878e-06,0,0.4676420051221,1.27613288717276e-06,"A_Quarry_Close_2023_version1","1"
"XylocopaSp_",0,42216.403363611,7.89498671259042e-06,0,42246.3750709478,1.14040122651863e-05,"A_Quarry_Close_2023_version1","1"
"APME",1,2.08325127028704e-05,0,1,2.09862758785913e-05,0,"A_Quarry_Close_2023_version2","2"
"APTE",1,0,4.28688696560048e-09,0,0.49160074002184,4.29085769134081e-09,"A_Quarry_Close_2023_version2","2"
"black_beetle",1,0,4.28688696560048e-09,0,0.533637547066266,4.29085769134081e-09,"A_Quarry_Close_2023_version2","2"
"black_oviwasp",1,0,4.28688696560048e-09,0,0.546253542740016,4.29085769134081e-09,"A_Quarry_Close_2023_version2","2"
"black_red_beetle",1,0,4.28688696560048e-09,0,0.48329283144944,4.29085769134081e-09,"A_Quarry_Close_2023_version2","2"
"BOED",1,0,4.28688696560048e-09,0,0.502618170740371,4.29085769134081e-09,"A_Quarry_Close_2023_version2","2"
"BOVO",1,0,4.28688696560048e-09,0,0.50359563341066,4.29085769134081e-09,"A_Quarry_Close_2023_version2","2"
"brown_bomb",1,0,4.28688696560048e-09,0,0.531810732968995,4.29085769134081e-09,"A_Quarry_Close_2023_version2","2"
"brown_syrphid",1,0,4.28688696560048e-09,0,0.542989009894891,4.29085769134081e-09,"A_Quarry_Close_2023_version2","2"
"CAAN",1,0,4.28688696560048e-09,0,0.516289303436079,4.29085769134081e-09,"A_Quarry_Close_2023_version2","2"
"COEU",1,0,4.28688696560048e-09,0,0.474322850175352,4.29085769134081e-09,"A_Quarry_Close_2023_version2","2"
"DAPL",1,0,4.28688696560048e-09,0,0.544142897144958,4.29085769134081e-09,"A_Quarry_Close_2023_version2","2"
"dark_gray_bomb",1,0,4.28688696560048e-09,0,0.509672315306809,4.29085769134081e-09,"A_Quarry_Close_2023_version2","2"
"DIDU",1,0,4.28688696560048e-09,0,0.462603361537961,4.29085769134081e-09,"A_Quarry_Close_2023_version2","2"
"duskywing",1,0,9.18315171126563e-06,0,0.474697368510392,9.97112440600493e-06,"A_Quarry_Close_2023_version2","2"
"Eristolis",1,0,8.57377393120097e-09,0,0.538672554161713,8.58171538268161e-09,"A_Quarry_Close_2023_version2","2"
"gold_red_wasp",0,31.6498196540475,0.00500023167466122,0,31.5468836911731,0.00500024396008564,"A_Quarry_Close_2023_version2","2"
"HALI",1,0,9.18315171126563e-06,0,0.466295805301655,9.97112440600493e-06,"A_Quarry_Close_2023_version2","2"
"HATR",1,0,9.18315171126563e-06,0,0.533599704915471,9.97112440600493e-06,"A_Quarry_Close_2023_version2","2"
"Hemaris_thetis",1,0,2.33534484430073e-06,0,0.51024051432509,2.4949265303469e-06,"A_Quarry_Close_2023_version2","2"
"HETH",1,0,1.28606608968014e-08,0,0.512324261787498,1.28725730740224e-08,"A_Quarry_Close_2023_version2","2"
"ICAC",1,0,1.28606608968014e-08,0,0.53386786248715,1.28725730740224e-08,"A_Quarry_Close_2023_version2","2"
"LAIN",1,0,1.28606608968014e-08,0,0.51716482153496,1.28725730740224e-08,"A_Quarry_Close_2023_version2","2"
"large_black_beetle",1,0,1.71475478624019e-08,0,0.489155538072416,1.71634307653632e-08,"A_Quarry_Close_2023_version2","2"
"large_HALI",1,0,2.14344348280024e-08,0,0.53712838310149,2.1454288456704e-08,"A_Quarry_Close_2023_version2","2"
"LATI",1,0,2.14344348280024e-08,0,0.516734786735258,2.1454288456704e-08,"A_Quarry_Close_2023_version2","2"
"MEGA",1,0,2.57213217936029e-08,0,0.461560659488458,2.57451461480448e-08,"A_Quarry_Close_2023_version2","2"
"MelissodesSp_",1,0,2.75494551337969e-05,0,0.4500040225219,2.99133732180148e-05,"A_Quarry_Close_2023_version2","2"
"MELU",1,0,2.62021587836176e-05,0,0.517606525573696,2.564064716654e-05,"A_Quarry_Close_2023_version2","2"
"MERO",1,0,3.42950957248039e-08,0,0.51287531711295,3.43268615307265e-08,"A_Quarry_Close_2023_version2","2"
"pale_SAB",1,0,3.85819826904043e-08,0,0.495454717355526,3.86177192220673e-08,"A_Quarry_Close_2023_version2","2"
"red_beetle",1,0,5.54469554755887e-07,0,0.507434594331977,5.84464121694253e-07,"A_Quarry_Close_2023_version2","2"
"skinny_white_moth",1,0,4.67421838180623e-07,0,0.453226937541378,4.92240724739686e-07,"A_Quarry_Close_2023_version2","2"
"STME",1,0,6.00164175184068e-08,0,0.485139257942857,6.00720076787713e-08,"A_Quarry_Close_2023_version2","2"
"thrip",1,0,6.43033044840072e-08,0,0.535508245595502,6.43628653701121e-08,"A_Quarry_Close_2023_version2","2"
"tiny_LAIN",1,0,7.28770784152082e-08,0,0.487083723599596,7.29445807527937e-08,"A_Quarry_Close_2023_version2","2"
"tiny_pale_green_fly",1,0,9.00246262776101e-08,0,0.516142538406953,9.01080115181569e-08,"A_Quarry_Close_2023_version2","2"
"unk_small_bee",0,1154.88971362188,0.000160795239477736,0,1190.26709326379,0.000304634399727671,"A_Quarry_Close_2023_version2","2"
"VAVI",1,0,2.77983299969759e-07,0,0.455995980652979,2.90440332908247e-07,"A_Quarry_Close_2023_version2","2"
"vespid",1,0,2.57213217936029e-07,0,0.524446834611915,2.57451461480448e-07,"A_Quarry_Close_2023_version2","2"
"Villa",0,35.5176445002696,0.00500023233140184,1,0,9.2437635247814e-05,"A_Quarry_Close_2023_version2","2"
"white_plume_moth",1,0,1.61256803797951e-06,0,0.49426236937021,1.47145581513579e-06,"A_Quarry_Close_2023_version2","2"
"white_straw_moth",1,0,1.13110939417389e-06,0,0.4676420051221,1.27350585460708e-06,"A_Quarry_Close_2023_version2","2"
"XylocopaSp_",0,38288.5902500442,4.62983792284852e-06,0,38288.2949621465,4.6298394182978e-06,"A_Quarry_Close_2023_version2","2"
"APME",1,2.12968937128513e-05,0,1,2.08028065083866e-05,0,"A_Quarry_Close_2023_version3","3"
"APTE",1,0,0,0,0.49160074002184,0,"A_Quarry_Close_2023_version3","3"
"black_beetle",1,0,0,0,0.533637547066266,0,"A_Quarry_Close_2023_version3","3"
"black_oviwasp",1,0,0,0,0.546253542740016,0,"A_Quarry_Close_2023_version3","3"
"black_red_beetle",1,0,0,0,0.48329283144944,0,"A_Quarry_Close_2023_version3","3"
"BOED",1,0,0,0,0.502618170740371,0,"A_Quarry_Close_2023_version3","3"
"BOVO",1,0,0,0,0.50359563341066,0,"A_Quarry_Close_2023_version3","3"
"brown_bomb",1,0,0,0,0.531810732968995,0,"A_Quarry_Close_2023_version3","3"
"brown_syrphid",1,0,0,0,0.542989009894891,0,"A_Quarry_Close_2023_version3","3"
"CAAN",1,0,0,0,0.516289303436079,0,"A_Quarry_Close_2023_version3","3"
"COEU",1,0,0,0,0.474322850175352,0,"A_Quarry_Close_2023_version3","3"
"DAPL",1,0,0,0,0.544142897144958,0,"A_Quarry_Close_2023_version3","3"
"dark_gray_bomb",1,0,0,0,0.509672315306809,0,"A_Quarry_Close_2023_version3","3"
"DIDU",1,0,0,0,0.462603361537961,0,"A_Quarry_Close_2023_version3","3"
"duskywing",1,0,0,0,0.474697368510392,0,"A_Quarry_Close_2023_version3","3"
"Eristolis",1,0,0,0,0.538672554161713,0,"A_Quarry_Close_2023_version3","3"
"gold_red_wasp",1,0,0,0,0.469617795906783,0,"A_Quarry_Close_2023_version3","3"
"HALI",1,0,0,0,0.466295805301655,0,"A_Quarry_Close_2023_version3","3"
"HATR",1,0,0,0,0.533599704915471,0,"A_Quarry_Close_2023_version3","3"
"Hemaris_thetis",1,0,0,0,0.51024051432509,0,"A_Quarry_Close_2023_version3","3"
"HETH",1,0,0,0,0.512324261787498,0,"A_Quarry_Close_2023_version3","3"
"ICAC",1,0,0,0,0.53386786248715,0,"A_Quarry_Close_2023_version3","3"
"LAIN",1,0,0,0,0.51716482153496,0,"A_Quarry_Close_2023_version3","3"
"large_black_beetle",1,0,0,0,0.489155538072416,0,"A_Quarry_Close_2023_version3","3"
"large_HALI",1,0,0,0,0.53712838310149,0,"A_Quarry_Close_2023_version3","3"
"LATI",1,0,0,0,0.516734786735258,0,"A_Quarry_Close_2023_version3","3"
"MEGA",1,0,0,0,0.461560659488458,0,"A_Quarry_Close_2023_version3","3"
"MelissodesSp_",1,0,0,0,0.4500040225219,0,"A_Quarry_Close_2023_version3","3"
"MELU",1,0,0,0,0.517606525573696,0,"A_Quarry_Close_2023_version3","3"
"MERO",1,0,0,0,0.51287531711295,0,"A_Quarry_Close_2023_version3","3"
"pale_SAB",1,0,0,0,0.495454717355526,0,"A_Quarry_Close_2023_version3","3"
"red_beetle",1,0,0,0,0.507434594331977,0,"A_Quarry_Close_2023_version3","3"
"skinny_white_moth",1,0,0,0,0.453226937541378,0,"A_Quarry_Close_2023_version3","3"
"STME",1,0,0,0,0.485139257942857,0,"A_Quarry_Close_2023_version3","3"
"thrip",1,0,0,0,0.535508245595502,0,"A_Quarry_Close_2023_version3","3"
"tiny_LAIN",1,0,0,0,0.487083723599596,0,"A_Quarry_Close_2023_version3","3"
"tiny_pale_green_fly",1,0,0,0,0.516142538406953,0,"A_Quarry_Close_2023_version3","3"
"unk_small_bee",1,0,0,0,0.507643005651256,0,"A_Quarry_Close_2023_version3","3"
"VAVI",1,0,0,0,0.455995980652979,0,"A_Quarry_Close_2023_version3","3"
"vespid",1,0,0,0,0.524446834611915,0,"A_Quarry_Close_2023_version3","3"
"Villa",1,0,0,0,0.477949322447157,0,"A_Quarry_Close_2023_version3","3"
"white_plume_moth",1,0,0,0,0.49426236937021,0,"A_Quarry_Close_2023_version3","3"
"white_straw_moth",1,0,0,0,0.4676420051221,0,"A_Quarry_Close_2023_version3","3"
"XylocopaSp_",0,34.129202110376,0.00500023137195868,1,0,0,"A_Quarry_Close_2023_version3","3"
"Anthophora",1,0.000163141448855584,0.000555581790638082,1,0.000170232096702172,0.000630836901250324,"A_Quarry_Close_2024_version1","1"
"APME",1,0,5.7812744454626e-07,0,0.475142211665,7.09732302692783e-07,"A_Quarry_Close_2024_version1","1"
"APTE",1,0,5.7812744454626e-07,0,0.515151453653887,7.09732302692783e-07,"A_Quarry_Close_2024_version1","1"
"black_weevil",1,0,9.91911001490794e-07,0,0.450481560873092,1.03379483845897e-06,"A_Quarry_Close_2024_version1","1"
"BOCA",1,0,0.000312514637375551,0,0.543593594056365,0.000759265192248062,"A_Quarry_Close_2024_version1","1"
"BOVO",1,0,7.81286572574112e-05,0,0.477535305324725,0.000492606318081003,"A_Quarry_Close_2024_version1","1"
"CAAN",1,0,9.91911001490794e-07,0,0.535876592661197,1.03379483845897e-06,"A_Quarry_Close_2024_version1","1"
"DIDU",1,0,9.91911001490794e-07,0,0.477892856731961,1.03379483845897e-06,"A_Quarry_Close_2024_version1","1"
"ERPO",1,0,5.7812744454626e-07,0,0.545243094067668,7.09732302692783e-07,"A_Quarry_Close_2024_version1","1"
"HALI",1,0,5.7812744454626e-07,0,0.5006819952981,7.09732302692783e-07,"A_Quarry_Close_2024_version1","1"
"halictid",1,0,5.7812744454626e-07,0,0.46229497516169,7.09732302692783e-07,"A_Quarry_Close_2024_version1","1"
"HATR",1,0,5.7812744454626e-07,0,0.491647542520262,7.09732302692783e-07,"A_Quarry_Close_2024_version1","1"
"LAIN",1,0,0.000156257314514822,0,0.520247138044912,0.000985212636162007,"A_Quarry_Close_2024_version1","1"
"large_black_beetle",1,0,1.15625488909252e-06,0,0.493649120835424,1.41946460538557e-06,"A_Quarry_Close_2024_version1","1"
"large_black_wasp",1,0,1.73438233363878e-06,0,0.460773880971025,2.12919690807835e-06,"A_Quarry_Close_2024_version1","1"
"large_HALI",1,0,1.73438233363878e-06,0,0.526617480011944,2.12919690807835e-06,"A_Quarry_Close_2024_version1","1"
"Lasioglossum",1,0,1.57249888980048e-06,0,0.459986560749815,1.74352714115175e-06,"A_Quarry_Close_2024_version1","1"
"LATI",1,0,0.000235498522559082,0,0.494126522142499,0.00103868635745596,"A_Quarry_Close_2024_version1","1"
"listrus",1,0,4.04689211182382e-06,0,0.484457648980644,4.96812611884948e-06,"A_Quarry_Close_2024_version1","1"
"MEGA",1,0,3.72881327151182e-06,0,0.479706417689895,4.47633470880066e-06,"A_Quarry_Close_2024_version1","1"
"MELU",1,0,4.89620134270936e-06,0,0.525762114057207,5.85221113565744e-06,"A_Quarry_Close_2024_version1","1"
"RAB",1,0,6.08428024771949e-06,0,0.483850959471357,7.24261695535714e-06,"A_Quarry_Close_2024_version1","1"
"red_beetle",1,0,0.00116981528727086,0,0.483075835105533,1.61025617185615e-05,"A_Quarry_Close_2024_version1","1"
"skinny_long_yellow_black_wasp",0,29.3011439804225,0.00500023266353452,0,0.00975316325333856,1.77695939489008e-05,"A_Quarry_Close_2024_version1","1"
"skinny_white_moth",0,252.480451132368,0.000625029258008763,0,302.487513528706,0.000531680460650269,"A_Quarry_Close_2024_version1","1"
"skipper",0,206.870413383844,0.00140675194209948,0,0.033854330942408,0.000292063957784624,"A_Quarry_Close_2024_version1","1"
"small_red_black_beetle",0,2237.29590553886,7.04256811058464e-05,0,2118.47170870692,7.05100996134582e-05,"A_Quarry_Close_2024_version1","1"
"XECA",0,2812.50198440502,5.52667898057401e-05,0,3104.01148513271,0.000158304972956746,"A_Quarry_Close_2024_version1","1"
"Anthophora",1,2.44393881922468e-05,0,1,2.44798895954753e-05,0,"A_Quarry_Close_2024_version2","2"
"APME",1,0,0,0,0.475142211665,0,"A_Quarry_Close_2024_version2","2"
"APTE",1,0,0,0,0.515151453653887,0,"A_Quarry_Close_2024_version2","2"
"black_weevil",1,0,0.000555581754374654,0,0.450481560873092,0.000619519481966465,"A_Quarry_Close_2024_version2","2"
"BOCA",1,0,5.78127726063239e-07,0,0.543593594056365,5.8001568407754e-07,"A_Quarry_Close_2024_version2","2"
"BOVO",1,0,5.78127726063239e-07,0,0.477535305324725,5.8001568407754e-07,"A_Quarry_Close_2024_version2","2"
"CAAN",1,0,0.000312514681733158,0,0.535876592661197,0.000605780280352595,"A_Quarry_Close_2024_version2","2"
"DIDU",1,0,7.8128685443598e-05,0,0.477892856731961,0.000407994496229785,"A_Quarry_Close_2024_version2","2"
"ERPO",1,0,5.78127726063239e-07,0,0.545243094067668,5.8001568407754e-07,"A_Quarry_Close_2024_version2","2"
"HALI",1,0,5.78127726063239e-07,0,0.5006819952981,5.8001568407754e-07,"A_Quarry_Close_2024_version2","2"
"halictid",1,0,5.78127726063239e-07,0,0.46229497516169,5.8001568407754e-07,"A_Quarry_Close_2024_version2","2"
"HATR",1,0,5.78127726063239e-07,0,0.491647542520262,5.8001568407754e-07,"A_Quarry_Close_2024_version2","2"
"LAIN",1,0,1.15625545212648e-06,0,0.520247138044912,1.16003136815508e-06,"A_Quarry_Close_2024_version2","2"
"large_black_beetle",1,0,0.000156257370887196,0,0.493649120835424,0.000815988992459569,"A_Quarry_Close_2024_version2","2"
"large_black_wasp",1,0,1.15625545212648e-06,0,0.460773880971025,1.16003136815508e-06,"A_Quarry_Close_2024_version2","2"
"large_HALI",1,0,1.73438317818972e-06,0,0.526617480011944,1.74004705223262e-06,"A_Quarry_Close_2024_version2","2"
"Lasioglossum",1,0,1.73438317818972e-06,0,0.459986560749815,1.74004705223262e-06,"A_Quarry_Close_2024_version2","2"
"LATI",1,0,1.73438317818972e-06,0,0.494126522142499,1.74004705223262e-06,"A_Quarry_Close_2024_version2","2"
"listrus",1,0,0.000235512529285604,0,0.484457648980644,0.000855662152420947,"A_Quarry_Close_2024_version2","2"
"MEGA",1,0,4.04689408244268e-06,0,0.479706417689895,4.06010978854278e-06,"A_Quarry_Close_2024_version2","2"
"MELU",1,0,4.04689408244268e-06,0,0.525762114057207,4.06010978854278e-06,"A_Quarry_Close_2024_version2","2"
"RAB",1,0,5.20314953456916e-06,0,0.483850959471357,5.22014115669786e-06,"A_Quarry_Close_2024_version2","2"
"red_beetle",1,0,6.35940498669563e-06,0,0.483075835105533,6.38017252485294e-06,"A_Quarry_Close_2024_version2","2"
"skinny_long_yellow_black_wasp",1,0,1.26486830453625e-05,0,0.455560618688148,1.22055474388491e-05,"A_Quarry_Close_2024_version2","2"
"skinny_white_moth",0,28.1209668848353,0.00500023394893487,0,0.0139610727203018,1.45218741643117e-05,"A_Quarry_Close_2024_version2","2"
"skipper",0,265.328097850489,0.000625029483530135,0,299.562351087586,0.000533021505069913,"A_Quarry_Close_2024_version2","2"
"small_red_black_beetle",0,230.747705178578,0.00142683112291877,0,0.0343420215655215,0.000306470638323463,"A_Quarry_Close_2024_version2","2"
"XECA",0,2961.59162016421,5.59400752556265e-05,0,3044.27207201815,0.00016452248008688,"A_Quarry_Close_2024_version2","2"
"Anthophora",1,2.44862992460878e-05,0,1,2.40798733173622e-05,0,"A_Quarry_Close_2024_version3","3"
"APME",1,0,0,0,0.475142211665,0,"A_Quarry_Close_2024_version3","3"
"APTE",1,0,0,0,0.515151453653887,0,"A_Quarry_Close_2024_version3","3"
"black_weevil",1,0,0,0,0.450481560873092,0,"A_Quarry_Close_2024_version3","3"
"BOCA",1,0,0,0,0.543593594056365,0,"A_Quarry_Close_2024_version3","3"
"BOVO",1,0,0,0,0.477535305324725,0,"A_Quarry_Close_2024_version3","3"
"CAAN",1,0,0,0,0.535876592661197,0,"A_Quarry_Close_2024_version3","3"
"DIDU",1,0,0,0,0.477892856731961,0,"A_Quarry_Close_2024_version3","3"
"ERPO",1,0,0,0,0.545243094067668,0,"A_Quarry_Close_2024_version3","3"
"HALI",1,0,0,0,0.5006819952981,0,"A_Quarry_Close_2024_version3","3"
"halictid",1,0,0,0,0.46229497516169,0,"A_Quarry_Close_2024_version3","3"
"HATR",1,0,0,0,0.491647542520262,0,"A_Quarry_Close_2024_version3","3"
"LAIN",1,0,0,0,0.520247138044912,0,"A_Quarry_Close_2024_version3","3"
"large_black_beetle",1,0,0,0,0.493649120835424,0,"A_Quarry_Close_2024_version3","3"
"large_black_wasp",1,0,0,0,0.460773880971025,0,"A_Quarry_Close_2024_version3","3"
"large_HALI",1,0,0,0,0.526617480011944,0,"A_Quarry_Close_2024_version3","3"
"Lasioglossum",1,0,0,0,0.459986560749815,0,"A_Quarry_Close_2024_version3","3"
"LATI",1,0,0,0,0.494126522142499,0,"A_Quarry_Close_2024_version3","3"
"listrus",1,0,0,0,0.484457648980644,0,"A_Quarry_Close_2024_version3","3"
"MEGA",1,0,0,0,0.479706417689895,0,"A_Quarry_Close_2024_version3","3"
"MELU",1,0,0,0,0.525762114057207,0,"A_Quarry_Close_2024_version3","3"
"RAB",1,0,0,0,0.483850959471357,0,"A_Quarry_Close_2024_version3","3"
"red_beetle",1,0,0,0,0.483075835105533,0,"A_Quarry_Close_2024_version3","3"
"skinny_long_yellow_black_wasp",0,29.3011348664263,0.00499972001045382,0,26.8181831900207,0.00500071815469727,"A_Quarry_Close_2024_version3","3"
"skinny_white_moth",1,0,0,0,0.507318291700128,0,"A_Quarry_Close_2024_version3","3"
"skipper",1,0,0,0,0.498528604045756,0,"A_Quarry_Close_2024_version3","3"
"small_red_black_beetle",1,0,0,0,0.470248197028529,0,"A_Quarry_Close_2024_version3","3"
"XECA",1,0,0,0,0.461447458486747,0,"A_Quarry_Close_2024_version3","3"
"APME",1,2.62649200284858e-05,5.00026485810167e-05,1,2.60919586468941e-05,5.84535813600452e-05,"A_Quarry_Far_2022_version1","1"
"BOVO",1,0,6.03823780912743e-07,0,0.520336945853353,6.07451803689538e-07,"A_Quarry_Far_2022_version1","1"
"BY_SYR",1,0,0.000555647574129676,0,0.503048957303655,0.000583503731016484,"A_Quarry_Far_2022_version1","1"
"DIDU",0,24.386327854494,0.00500022851707113,0,34.4896996787805,0.00500033701996757,"A_Quarry_Far_2022_version1","1"
"ERST",0,0.00105986630364426,0.00125012624728526,0,13.1908946900127,0.00502985473629363,"A_Quarry_Far_2022_version1","1"
"ERTE",1,0,0.000555647574129676,0,0.491349422718095,0.000583503731016484,"A_Quarry_Far_2022_version1","1"
"flower_beetle",1,0,5.00026485810167e-05,0,0.509747623028116,5.84535813600452e-05,"A_Quarry_Far_2022_version1","1"
"gold_bomb",0,0.00118242871529969,0.00125012624728526,0,14.7162831947525,0.00502985473629363,"A_Quarry_Far_2022_version1","1"
"gray_blk_fly",1,0,6.03823780912743e-07,0,0.542025236455735,6.07451803689538e-07,"A_Quarry_Far_2022_version1","1"
"gray_drone",1,0,5.00026485810167e-05,0,0.518149111544783,5.84535813600452e-05,"A_Quarry_Far_2022_version1","1"
"HALI",1,0,1.20764756182549e-06,0,0.532117733164745,1.21490360737908e-06,"A_Quarry_Far_2022_version1","1"
"halictid",1,0,1.20764756182549e-06,0,0.502741299873563,1.21490360737908e-06,"A_Quarry_Far_2022_version1","1"
"HATR",1,0,1.22351172754202e-05,0,0.47302697497561,3.90993703008199e-05,"A_Quarry_Far_2022_version1","1"
"HETH",1,0,0.000547067978842767,0,0.464368415071801,0.000292055591410087,"A_Quarry_Far_2022_version1","1"
"ICAC",1,0,1.20764756182549e-06,0,0.53995211175175,1.21490360737908e-06,"A_Quarry_Far_2022_version1","1"
"JUCO",1,0,1.20764756182549e-06,0,0.475142211665,1.21490360737908e-06,"A_Quarry_Far_2022_version1","1"
"LAIN",1,0,1.81147134273823e-06,0,0.515151453653887,1.82235541106862e-06,"A_Quarry_Far_2022_version1","1"
"MEGA",0,10.0999212736289,0.00500022851757369,0,0.00120914363994204,0.00134228893912985,"A_Quarry_Far_2022_version1","1"
"MelissodesSp_",0,23.0458193339581,0.00500022960292786,0,32.6087792549351,0.00495319500725597,"A_Quarry_Far_2022_version1","1"
"MELU",0,59.2134747840783,0.00250025249459289,0,3.2680432733935,0.00224441564349637,"A_Quarry_Far_2022_version1","1"
"STME",0,0.0378289987184325,0.00110623519425646,0,0.599855381183048,0.000522112616856699,"A_Quarry_Far_2022_version1","1"
"stripe_fly",0,9.446322287019,0.00500022959563881,0,0.00127844704065996,0.00107929293811351,"A_Quarry_Far_2022_version1","1"
"Villa",0,555.364081222879,0.0003333488524867,0,402.272681968946,0.000313391311662518,"A_Quarry_Far_2022_version1","1"
"XylocopaSp_",0,2946.67730779025,0.000149425099810918,0,2919.18481813011,0.000226158354436718,"A_Quarry_Far_2022_version1","1"
"APME",1,2.61224278236487e-05,5.00027968209178e-05,1,2.6678097578964e-05,6.40409362052194e-05,"A_Quarry_Far_2022_version2","2"
"BOVO",1,0,6.03825701747574e-07,0,0.520336945853353,5.89693627030946e-07,"A_Quarry_Far_2022_version2","2"
"BY_SYR",1,0,0.00055566292031657,0,0.503048957303655,0.000615236375859215,"A_Quarry_Far_2022_version2","2"
"DIDU",0,19.2923189561266,0.00500022769973039,0,30.9147864879254,0.00500229686042661,"A_Quarry_Far_2022_version2","2"
"ERST",0,0.00102516868288462,0.00125012419105845,0,12.9858647969524,0.00503290873474879,"A_Quarry_Far_2022_version2","2"
"ERTE",1,0,6.03825701747574e-07,0,0.491349422718095,5.89693627030946e-07,"A_Quarry_Far_2022_version2","2"
"flower_beetle",1,0,0.00055566292031657,0,0.509747623028116,0.000615236375859215,"A_Quarry_Far_2022_version2","2"
"gold_bomb",1,0,5.00027968209178e-05,0,0.528300233547716,6.40409362052194e-05,"A_Quarry_Far_2022_version2","2"
"gray_blk_fly",0,0.00117343197766517,0.00125012419105845,0,14.8639236311605,0.00503290873474879,"A_Quarry_Far_2022_version2","2"
"gray_drone",1,0,6.03825701747574e-07,0,0.518149111544783,5.89693627030946e-07,"A_Quarry_Far_2022_version2","2"
"HALI",1,0,5.00027968209178e-05,0,0.532117733164745,6.40409362052194e-05,"A_Quarry_Far_2022_version2","2"
"halictid",1,0,1.20765140349515e-06,0,0.502741299873563,1.17938725406189e-06,"A_Quarry_Far_2022_version2","2"
"HATR",1,0,1.20765140349515e-06,0,0.47302697497561,1.17938725406189e-06,"A_Quarry_Far_2022_version2","2"
"HETH",0,11.6482554946391,0.00500022769972801,0,0.0261671646335717,0.00253316889831591,"A_Quarry_Far_2022_version2","2"
"ICAC",1,0,0.000547239535051463,0,0.53995211175175,0.000307913034743123,"A_Quarry_Far_2022_version2","2"
"JUCO",1,0,1.20765140349515e-06,0,0.475142211665,1.17938725406189e-06,"A_Quarry_Far_2022_version2","2"
"LAIN",1,0,1.20765140349515e-06,0,0.515151453653887,1.17938725406189e-06,"A_Quarry_Far_2022_version2","2"
"MEGA",1,0,1.81147710524272e-06,0,0.450481560873092,1.76908088109284e-06,"A_Quarry_Far_2022_version2","2"
"MelissodesSp_",0,25.6284038386679,0.00500022740494419,0,36.459270391229,0.00494869088112763,"A_Quarry_Far_2022_version2","2"
"MELU",0,0.0532160300439971,0.00111132570813694,1,0,0.000411730100244893,"A_Quarry_Far_2022_version2","2"
"STME",0,59.4652737189922,0.00250024838211733,0,3.61795770640798,0.0022463227606415,"A_Quarry_Far_2022_version2","2"
"stripe_fly",0,10.5039024189764,0.00500022740484837,0,0.00126052170427822,0.00107697146094748,"A_Quarry_Far_2022_version2","2"
"Villa",0,0.00189048995671099,2.67309243303886e-05,0,0.0016136768863299,4.86094096591271e-05,"A_Quarry_Far_2022_version2","2"
"XylocopaSp_",0,3152.83581232548,0.000160615191330162,0,3148.62016221818,0.00016023308503522,"A_Quarry_Far_2022_version2","2"
"APME",1,2.16182806323476e-05,0,1,2.14558089464507e-05,0,"A_Quarry_Far_2022_version3","3"
"BOVO",1,0,0,0,0.520336945853353,0,"A_Quarry_Far_2022_version3","3"
"BY_SYR",1,0,0,0,0.503048957303655,0,"A_Quarry_Far_2022_version3","3"
"DIDU",1,0,0,0,0.543825402527035,0,"A_Quarry_Far_2022_version3","3"
"ERST",1,0,0,0,0.473540271876166,0,"A_Quarry_Far_2022_version3","3"
"ERTE",1,0,0,0,0.491349422718095,0,"A_Quarry_Far_2022_version3","3"
"flower_beetle",1,0,0,0,0.509747623028116,0,"A_Quarry_Far_2022_version3","3"
"gold_bomb",1,0,0,0,0.528300233547716,0,"A_Quarry_Far_2022_version3","3"
"gray_blk_fly",1,0,0,0,0.542025236455735,0,"A_Quarry_Far_2022_version3","3"
"gray_drone",1,0,0,0,0.518149111544783,0,"A_Quarry_Far_2022_version3","3"
"HALI",1,0,0,0,0.532117733164745,0,"A_Quarry_Far_2022_version3","3"
"halictid",1,0,0,0,0.502741299873563,0,"A_Quarry_Far_2022_version3","3"
"HATR",1,0,0,0,0.47302697497561,0,"A_Quarry_Far_2022_version3","3"
"HETH",1,0,0,0,0.464368415071801,0,"A_Quarry_Far_2022_version3","3"
"ICAC",1,0,0,0,0.53995211175175,0,"A_Quarry_Far_2022_version3","3"
"JUCO",1,0,0,0,0.475142211665,0,"A_Quarry_Far_2022_version3","3"
"LAIN",1,0,0,0,0.515151453653887,0,"A_Quarry_Far_2022_version3","3"
"MEGA",1,0,0,0,0.450481560873092,0,"A_Quarry_Far_2022_version3","3"
"MelissodesSp_",1,0,0,0,0.543593594056365,0,"A_Quarry_Far_2022_version3","3"
"MELU",1,0,0,0,0.477535305324725,0,"A_Quarry_Far_2022_version3","3"
"STME",1,0,0,0,0.535876592661197,0,"A_Quarry_Far_2022_version3","3"
"stripe_fly",1,0,0,0,0.477892856731961,0,"A_Quarry_Far_2022_version3","3"
"Villa",1,0,0,0,0.545243094067668,0,"A_Quarry_Far_2022_version3","3"
"XylocopaSp_",0,32.4919822760364,0.00500023572817091,0,20.6975273890154,0.00505661189118843,"A_Quarry_Far_2022_version3","3"
"APME",1,2.0956755222199e-05,6.0284353147555e-08,1,2.09778568239453e-05,5.93884747039007e-08,"A_Quarry_Far_2023_version1","1"
"APTE",1,0,4.88303262602008e-06,0,0.495848093855124,5.04231198856686e-06,"A_Quarry_Far_2023_version1","1"
"big_yellow_wasp",1,0,6.0284353147555e-08,0,0.518913423069247,5.93884747039007e-08,"A_Quarry_Far_2023_version1","1"
"black_oviwasp",1,0,6.0284353147555e-08,0,0.477901524830564,5.93884747039007e-08,"A_Quarry_Far_2023_version1","1"
"black_white_beetle",1,0,6.0284353147555e-08,0,0.490927827284172,5.93884747039007e-08,"A_Quarry_Far_2023_version1","1"
"blk_SABbee",1,0,4.88303262602008e-06,0,0.523993165080432,5.04231198856686e-06,"A_Quarry_Far_2023_version1","1"
"BombusSp_",1,0,2.70428643162837e-06,0,0.453125506827201,2.78007895271458e-06,"A_Quarry_Far_2023_version1","1"
"BOVO",1,0,4.88303262602008e-06,0,0.480393244759363,5.04231198856686e-06,"A_Quarry_Far_2023_version1","1"
"brown_bomb",1,0,4.88303262602008e-06,0,0.469264670610085,5.04231198856686e-06,"A_Quarry_Far_2023_version1","1"
"CEPU",1,0,4.88303262602008e-06,0,0.531318943706024,5.04231198856686e-06,"A_Quarry_Far_2023_version1","1"
"dark_green_fly",1,0,6.0284353147555e-08,0,0.477486867144465,5.93884747039007e-08,"A_Quarry_Far_2023_version1","1"
"dark_wasp",1,0,2.70428643162837e-06,0,0.521776097021893,2.78007895271458e-06,"A_Quarry_Far_2023_version1","1"
"darkbee",1,0,6.0284353147555e-08,0,0.49086264695081,5.93884747039007e-08,"A_Quarry_Far_2023_version1","1"
"dianthidiumSyprhid",1,0,6.0284353147555e-08,0,0.52850730227237,5.93884747039007e-08,"A_Quarry_Far_2023_version1","1"
"DIDU",1,0,6.0284353147555e-08,0,0.52222929171856,5.93884747039007e-08,"A_Quarry_Far_2023_version1","1"
"duskywing",1,0,6.0284353147555e-08,0,0.507705913836931,5.93884747039007e-08,"A_Quarry_Far_2023_version1","1"
"Eristolis",1,0,0.000312514535968063,0,0.5132938572966,0.0048069540926617,"A_Quarry_Far_2023_version1","1"
"HALI",0,23.91454294146,0.00500022650664619,0,0.70263546030539,0.0039942757628127,"A_Quarry_Far_2023_version1","1"
"HALI_LATI",1,0,4.88303262602008e-06,0,0.45002753492446,5.04231198856686e-06,"A_Quarry_Far_2023_version1","1"
"halictid",1,0,6.0284353147555e-08,0,0.512779475405244,5.93884747039007e-08,"A_Quarry_Far_2023_version1","1"
"HATR",1,0,1.2056870629511e-07,0,0.484643135934436,1.18776949407801e-07,"A_Quarry_Far_2023_version1","1"
"HETH",1,0,5.40857286325674e-06,0,0.49718565007075,5.56015790542915e-06,"A_Quarry_Far_2023_version1","1"
"Hidalgo",1,0,9.76606525204015e-06,0,0.499220739095109,1.00846239771337e-05,"A_Quarry_Far_2023_version1","1"
"ICAC",1,0,1.2056870629511e-07,0,0.502961971495749,1.18776949407801e-07,"A_Quarry_Far_2023_version1","1"
"LAIN",1,0,2.5176616618207e-06,0,0.481854929044775,2.55085023163538e-06,"A_Quarry_Far_2023_version1","1"
"large_black_beetle",1,0,1.2056870629511e-07,0,0.535792455536217,1.18776949407801e-07,"A_Quarry_Far_2023_version1","1"
"LATI",1,0,1.2056870629511e-07,0,0.463800197194237,1.18776949407801e-07,"A_Quarry_Far_2023_version1","1"
"lh_dark_beetlle",1,0,1.80853059442665e-07,0,0.489914243547206,1.78165424111702e-07,"A_Quarry_Far_2023_version1","1"
"MEGA",1,0,1.74716476306233e-06,0,0.488691297890009,1.75995529579416e-06,"A_Quarry_Far_2023_version1","1"
"MelissodesSp_",1,0,1.80853059442665e-07,0,0.534643637381794,1.78165424111702e-07,"A_Quarry_Far_2023_version1","1"
"MELU",1,0,2.77499369930043e-06,0,0.455613475807762,2.9713472205316e-06,"A_Quarry_Far_2023_version1","1"
"MERO",1,0,1.74716476306233e-06,0,0.495687901063677,1.75995529579416e-06,"A_Quarry_Far_2023_version1","1"
"muscid",1,0,1.80853059442665e-07,0,0.526553177217279,1.78165424111702e-07,"A_Quarry_Far_2023_version1","1"
"red_beetle",1,0,1.80853059442665e-07,0,0.47924949081114,1.78165424111702e-07,"A_Quarry_Far_2023_version1","1"
"skinny_long_yellow_black_wasp",1,0,2.4113741259022e-07,0,0.546192062830642,2.37553898815603e-07,"A_Quarry_Far_2023_version1","1"
"small_blk_beetle",1,0,8.58432008493621e-07,0,0.549999994598329,9.5251135871729e-07,"A_Quarry_Far_2023_version1","1"
"small_gray_bee",1,0,2.04584891405778e-06,0,0.549909214116591,2.01175523435345e-06,"A_Quarry_Far_2023_version1","1"
"small_halictid",1,0,3.6170611888533e-07,0,0.524161657539272,3.56330848223404e-07,"A_Quarry_Far_2023_version1","1"
"STME",1,0,0.000180100783764954,0,0.484978262537615,0.000689021953292893,"A_Quarry_Far_2023_version1","1"
"striped_calligrapher",1,0,4.86399508901223e-06,0,0.529658469687988,5.0379497960932e-06,"A_Quarry_Far_2023_version1","1"
"thrip",1,0,1.79515027707048e-05,0,0.469900046018837,1.70354071447148e-05,"A_Quarry_Far_2023_version1","1"
"tiny_LAIN",0,6.64530463833882,0.00500022650621435,1,0,0.000735763383442443,"A_Quarry_Far_2023_version1","1"
"unk_blk_fly",1,0,0.00508880149410277,0,0.504282451911961,4.74176762623825e-06,"A_Quarry_Far_2023_version1","1"
"unk_dark_bee",0,1570.22929108594,0.000116304723457541,0,1592.431468439,0.00020299335855237,"A_Quarry_Far_2023_version1","1"
"vespid",1,0,2.60614947933694e-05,0,0.470161692295299,0.000103273890596566,"A_Quarry_Far_2023_version1","1"
"Villa",1,0,5.90294373765899e-05,0,0.5075624070864,2.17770102465119e-05,"A_Quarry_Far_2023_version1","1"
"white_moth",0,136.008548453437,0.00125168451020757,0,140.856771218826,0.00127267681210869,"A_Quarry_Far_2023_version1","1"
"white_plume_moth",1,0,4.04059197111832e-06,0,0.524770084011727,3.99466433727025e-06,"A_Quarry_Far_2023_version1","1"
"white_straw_moth",0,1221.40525725468,0.000128210986486609,0,0.17116191951275,0.000245147106083724,"A_Quarry_Far_2023_version1","1"
"Xylocopa_Fly",0,8979.0925871066,3.24467387649379e-05,0,10179.4080239776,4.39581126943594e-05,"A_Quarry_Far_2023_version1","1"
"APME",1,2.10174276079674e-05,6.02843620014743e-08,1,2.09656329238751e-05,5.89901790622066e-08,"A_Quarry_Far_2023_version2","2"
"APTE",1,0,4.88303333205861e-06,0,0.495848093855124,6.28196550142097e-06,"A_Quarry_Far_2023_version2","2"
"big_yellow_wasp",1,0,6.02843620014743e-08,0,0.518913423069247,5.89901790622066e-08,"A_Quarry_Far_2023_version2","2"
"black_oviwasp",1,0,6.02843620014743e-08,0,0.477901524830564,5.89901790622066e-08,"A_Quarry_Far_2023_version2","2"
"black_white_beetle",1,0,6.02843620014743e-08,0,0.490927827284172,5.89901790622066e-08,"A_Quarry_Far_2023_version2","2"
"blk_SABbee",1,0,4.88303333205861e-06,0,0.523993165080432,6.28196550142097e-06,"A_Quarry_Far_2023_version2","2"
"BombusSp_",1,0,2.70428673838472e-06,0,0.453125506827201,2.77243202239761e-06,"A_Quarry_Far_2023_version2","2"
"BOVO",1,0,4.88303333205861e-06,0,0.480393244759363,6.28196550142097e-06,"A_Quarry_Far_2023_version2","2"
"brown_bomb",1,0,4.88303333205861e-06,0,0.469264670610085,6.28196550142097e-06,"A_Quarry_Far_2023_version2","2"
"CEPU",1,0,4.88303333205861e-06,0,0.531318943706024,6.28196550142097e-06,"A_Quarry_Far_2023_version2","2"
"dark_green_fly",1,0,6.02843620014743e-08,0,0.477486867144465,5.89901790622066e-08,"A_Quarry_Far_2023_version2","2"
"dark_wasp",1,0,2.70428673838472e-06,0,0.521776097021893,2.77243202239761e-06,"A_Quarry_Far_2023_version2","2"
"darkbee",1,0,6.02843620014743e-08,0,0.49086264695081,5.89901790622066e-08,"A_Quarry_Far_2023_version2","2"
"dianthidiumSyprhid",1,0,6.02843620014743e-08,0,0.52850730227237,5.89901790622066e-08,"A_Quarry_Far_2023_version2","2"
"DIDU",1,0,6.02843620014743e-08,0,0.52222929171856,5.89901790622066e-08,"A_Quarry_Far_2023_version2","2"
"duskywing",1,0,6.02843620014743e-08,0,0.507705913836931,5.89901790622066e-08,"A_Quarry_Far_2023_version2","2"
"Eristolis",1,0,0.000312515531704715,0,0.5132938572966,0.00419844868087776,"A_Quarry_Far_2023_version2","2"
"HALI",0,27.6615036936338,0.00500022767792102,0,2.91449868737362,0.00461386904909794,"A_Quarry_Far_2023_version2","2"
"HALI_LATI",1,0,4.88303333205861e-06,0,0.45002753492446,6.28196550142097e-06,"A_Quarry_Far_2023_version2","2"
"halictid",1,0,6.02843620014743e-08,0,0.512779475405244,5.89901790622066e-08,"A_Quarry_Far_2023_version2","2"
"HATR",1,0,1.20568724002949e-07,0,0.484643135934436,1.17980358124413e-07,"A_Quarry_Far_2023_version2","2"
"HETH",1,0,5.40857347676944e-06,0,0.49718565007075,5.54486404479521e-06,"A_Quarry_Far_2023_version2","2"
"Hidalgo",1,0,9.76606666411723e-06,0,0.499220739095109,1.25639310028419e-05,"A_Quarry_Far_2023_version2","2"
"ICAC",1,0,1.20568724002949e-07,0,0.502961971495749,1.17980358124413e-07,"A_Quarry_Far_2023_version2","2"
"LAIN",1,0,2.51793227210381e-06,0,0.481854929044775,3.17047784024159e-06,"A_Quarry_Far_2023_version2","2"
"large_black_beetle",1,0,2.51793227210381e-06,0,0.535792455536217,3.17047784024159e-06,"A_Quarry_Far_2023_version2","2"
"LATI",1,0,1.20568724002949e-07,0,0.463800197194237,1.17980358124413e-07,"A_Quarry_Far_2023_version2","2"
"lh_dark_beetlle",1,0,1.20568724002949e-07,0,0.489914243547206,1.17980358124413e-07,"A_Quarry_Far_2023_version2","2"
"MEGA",1,0,1.80853086004423e-07,0,0.488691297890009,1.7697053718662e-07,"A_Quarry_Far_2023_version2","2"
"MelissodesSp_",1,0,1.74740529992429e-06,0,0.534643637381794,2.1726420725566e-06,"A_Quarry_Far_2023_version2","2"
"MELU",1,0,1.80853086004423e-07,0,0.455613475807762,1.7697053718662e-07,"A_Quarry_Far_2023_version2","2"
"MERO",1,0,1.74740529992429e-06,0,0.495687901063677,2.1726420725566e-06,"A_Quarry_Far_2023_version2","2"
"muscid",1,0,1.80853086004423e-07,0,0.526553177217279,1.7697053718662e-07,"A_Quarry_Far_2023_version2","2"
"red_beetle",1,0,1.80853086004423e-07,0,0.47924949081114,1.7697053718662e-07,"A_Quarry_Far_2023_version2","2"
"skinny_long_yellow_black_wasp",1,0,2.41137448005897e-07,0,0.546192062830642,2.35960716248826e-07,"A_Quarry_Far_2023_version2","2"
"small_blk_beetle",1,0,2.41137448005897e-07,0,0.549999994598329,2.35960716248826e-07,"A_Quarry_Far_2023_version2","2"
"small_gray_bee",1,0,1.19293575454556e-06,0,0.549909214116591,1.44516167328326e-06,"A_Quarry_Far_2023_version2","2"
"small_halictid",1,0,0.000209421675925226,0,0.524161657539272,0.000839878504748551,"A_Quarry_Far_2023_version2","2"
"STME",1,0,2.04518616519977e-06,0,0.484978262537615,2.00559515909762e-06,"A_Quarry_Far_2023_version2","2"
"striped_calligrapher",1,0,3.61706172008846e-07,0,0.529658469687988,3.53941074373239e-07,"A_Quarry_Far_2023_version2","2"
"thrip",1,0,1.79450613814535e-05,0,0.469900046018837,1.69885199095681e-05,"A_Quarry_Far_2023_version2","2"
"tiny_LAIN",0,7.6866188021278,0.00500022767671781,1,0,0.00073668001141261,"A_Quarry_Far_2023_version2","2"
"unk_blk_fly",1,0,1.64745984394181e-06,0,0.504282451911961,1.59476897878517e-06,"A_Quarry_Far_2023_version2","2"
"unk_dark_bee",1,0,2.65251192806487e-06,0,0.4751692843275,2.59556787873709e-06,"A_Quarry_Far_2023_version2","2"
"vespid",1,0,2.61400505928526e-05,0,0.470161692295299,9.58577129962908e-05,"A_Quarry_Far_2023_version2","2"
"Villa",0,1471.37915144864,0.000116319573725686,0,1495.47111299139,0.000216447885526448,"A_Quarry_Far_2023_version2","2"
"white_moth",0,121.876741919936,0.00125315050209336,0,126.42368333542,0.00128811881810347,"A_Quarry_Far_2023_version2","2"
"white_plume_moth",1,0,0.000600993754523232,0,0.524770084011727,0.000265876087684749,"A_Quarry_Far_2023_version2","2"
"white_straw_moth",1,0,4.0405931731314e-06,0,0.51080198509656,3.98660116634803e-06,"A_Quarry_Far_2023_version2","2"
"Xylocopa_Fly",0,9581.94185367443,3.50778998641716e-05,0,9563.4761260554,3.5141071126292e-05,"A_Quarry_Far_2023_version2","2"
"APME",1,2.10526856642945e-05,0,1,2.07917528203247e-05,0,"A_Quarry_Far_2023_version3","3"
"APTE",1,0,0,0,0.495848093855124,0,"A_Quarry_Far_2023_version3","3"
"big_yellow_wasp",1,0,0,0,0.518913423069247,0,"A_Quarry_Far_2023_version3","3"
"black_oviwasp",1,0,0,0,0.477901524830564,0,"A_Quarry_Far_2023_version3","3"
"black_white_beetle",1,0,0,0,0.490927827284172,0,"A_Quarry_Far_2023_version3","3"
"blk_SABbee",1,0,0,0,0.523993165080432,0,"A_Quarry_Far_2023_version3","3"
"BombusSp_",1,0,0,0,0.453125506827201,0,"A_Quarry_Far_2023_version3","3"
"BOVO",1,0,0,0,0.480393244759363,0,"A_Quarry_Far_2023_version3","3"
"brown_bomb",1,0,0,0,0.469264670610085,0,"A_Quarry_Far_2023_version3","3"
"CEPU",1,0,0,0,0.531318943706024,0,"A_Quarry_Far_2023_version3","3"
"dark_green_fly",1,0,0,0,0.477486867144465,0,"A_Quarry_Far_2023_version3","3"
"dark_wasp",1,0,0,0,0.521776097021893,0,"A_Quarry_Far_2023_version3","3"
"darkbee",1,0,0,0,0.49086264695081,0,"A_Quarry_Far_2023_version3","3"
"dianthidiumSyprhid",1,0,0,0,0.52850730227237,0,"A_Quarry_Far_2023_version3","3"
"DIDU",1,0,0,0,0.52222929171856,0,"A_Quarry_Far_2023_version3","3"
"duskywing",1,0,0,0,0.507705913836931,0,"A_Quarry_Far_2023_version3","3"
"Eristolis",1,0,0,0,0.5132938572966,0,"A_Quarry_Far_2023_version3","3"
"HALI",1,0,0,0,0.529859583955193,0,"A_Quarry_Far_2023_version3","3"
"HALI_LATI",1,0,0,0,0.45002753492446,0,"A_Quarry_Far_2023_version3","3"
"halictid",1,0,0,0,0.512779475405244,0,"A_Quarry_Far_2023_version3","3"
"HATR",1,0,0,0,0.484643135934436,0,"A_Quarry_Far_2023_version3","3"
"HETH",1,0,0,0,0.49718565007075,0,"A_Quarry_Far_2023_version3","3"
"Hidalgo",1,0,0,0,0.499220739095109,0,"A_Quarry_Far_2023_version3","3"
"ICAC",1,0,0,0,0.502961971495749,0,"A_Quarry_Far_2023_version3","3"
"LAIN",1,0,0,0,0.481854929044775,0,"A_Quarry_Far_2023_version3","3"
"large_black_beetle",1,0,0,0,0.535792455536217,0,"A_Quarry_Far_2023_version3","3"
"LATI",1,0,0,0,0.463800197194237,0,"A_Quarry_Far_2023_version3","3"
"lh_dark_beetlle",1,0,0,0,0.489914243547206,0,"A_Quarry_Far_2023_version3","3"
"MEGA",1,0,0,0,0.488691297890009,0,"A_Quarry_Far_2023_version3","3"
"MelissodesSp_",1,0,0,0,0.534643637381794,0,"A_Quarry_Far_2023_version3","3"
"MELU",1,0,0,0,0.455613475807762,0,"A_Quarry_Far_2023_version3","3"
"MERO",1,0,0,0,0.495687901063677,0,"A_Quarry_Far_2023_version3","3"
"muscid",1,0,0,0,0.526553177217279,0,"A_Quarry_Far_2023_version3","3"
"red_beetle",1,0,0,0,0.47924949081114,0,"A_Quarry_Far_2023_version3","3"
"skinny_long_yellow_black_wasp",1,0,0,0,0.546192062830642,0,"A_Quarry_Far_2023_version3","3"
"small_blk_beetle",1,0,0,0,0.549999994598329,0,"A_Quarry_Far_2023_version3","3"
"small_gray_bee",1,0,0,0,0.549909214116591,0,"A_Quarry_Far_2023_version3","3"
"small_halictid",1,0,0,0,0.524161657539272,0,"A_Quarry_Far_2023_version3","3"
"STME",1,0,0,0,0.484978262537615,0,"A_Quarry_Far_2023_version3","3"
"striped_calligrapher",1,0,0,0,0.529658469687988,0,"A_Quarry_Far_2023_version3","3"
"thrip",1,0,0,0,0.469900046018837,0,"A_Quarry_Far_2023_version3","3"
"tiny_LAIN",1,0,0,0,0.510073438594152,0,"A_Quarry_Far_2023_version3","3"
"unk_blk_fly",0,30.6254949740348,0.00500021815161103,0,27.9984993756747,0.0050012186791968,"A_Quarry_Far_2023_version3","3"
"unk_dark_bee",1,0,0,0,0.4751692843275,0,"A_Quarry_Far_2023_version3","3"
"vespid",1,0,0,0,0.470161692295299,0,"A_Quarry_Far_2023_version3","3"
"Villa",1,0,0,0,0.5075624070864,0,"A_Quarry_Far_2023_version3","3"
"white_moth",1,0,0,0,0.50137590111763,0,"A_Quarry_Far_2023_version3","3"
"white_plume_moth",1,0,0,0,0.524770084011727,0,"A_Quarry_Far_2023_version3","3"
"white_straw_moth",1,0,0,0,0.51080198509656,0,"A_Quarry_Far_2023_version3","3"
"Xylocopa_Fly",1,0,0,0,0.548963517881447,0,"A_Quarry_Far_2023_version3","3"
"APME",1,2.23553834116226e-05,2.55114099262594e-05,1,2.22427554682987e-05,2.57549562535191e-05,"A_Quarry_Far_2024_version1","1"
"BOVO",1,0,2.55114099262594e-05,0,0.520981959286603,2.57549562535191e-05,"A_Quarry_Far_2024_version1","1"
"Geron",1,0,0.18011998403823,0,0.543789729938744,0.000302069307612816,"A_Quarry_Far_2024_version1","1"
"HALI",1,0,2.55114099262594e-05,0,0.47399108047783,2.57549562535191e-05,"A_Quarry_Far_2024_version1","1"
"JUCO",1,0,0.0822157058139167,0,0.468089590881993,0.000163912131933168,"A_Quarry_Far_2024_version1","1"
"LAIN",1,0,0.36023996807646,0,0.481753953654204,0.000604138615225633,"A_Quarry_Far_2024_version1","1"
"large_black_beetle",1,0,7.65342297787783e-05,0,0.538699066214589,7.72648687605573e-05,"A_Quarry_Far_2024_version1","1"
"LATI",1,0,0.000127557049631297,0,0.515205868596773,0.000128774781267595,"A_Quarry_Far_2024_version1","1"
"MEAP",1,0,0.359064411582703,0,0.465033505957124,0.000822688124469856,"A_Quarry_Far_2024_version1","1"
"MEGA",1,0,2.16143980845876,0,0.518134621376234,0.0036248316913538,"A_Quarry_Far_2024_version1","1"
"skinny_long_yellow_black_wasp",0,545.578516073534,0.00035715973896307,0,658.554706585212,0.000548948908194156,"A_Quarry_Far_2024_version1","1"
"APME",1,2.04072084304269e-05,0,1,2.0305177551572e-05,0,"A_Quarry_Far_2024_version2","2"
"BOVO",1,0,0,0,0.520981959286603,0,"A_Quarry_Far_2024_version2","2"
"Geron",1,0,0,0,0.543789729938744,0,"A_Quarry_Far_2024_version2","2"
"HALI",1,0,2.55113837635497e-05,0,0.47399108047783,2.55225240261038e-05,"A_Quarry_Far_2024_version2","2"
"JUCO",1,0,2.55113837635497e-05,0,0.468089590881993,2.55225240261038e-05,"A_Quarry_Far_2024_version2","2"
"LAIN",1,0,2.55113837635497e-05,0,0.481753953654204,2.55225240261038e-05,"A_Quarry_Far_2024_version2","2"
"large_black_beetle",1,0,2.55113837635497e-05,0,0.538699066214589,2.55225240261038e-05,"A_Quarry_Far_2024_version2","2"
"LATI",1,0,5.10227675270993e-05,0,0.515205868596773,5.10450480522075e-05,"A_Quarry_Far_2024_version2","2"
"MEAP",1,0,7.6534151290649e-05,0,0.465033505957124,7.65675720783113e-05,"A_Quarry_Far_2024_version2","2"
"MEGA",1,0,0.000127556918817748,0,0.518134621376234,0.000127612620130519,"A_Quarry_Far_2024_version2","2"
"skinny_long_yellow_black_wasp",0,545.578573864914,0.000357159372689695,0,545.579499781331,0.000357315336365453,"A_Quarry_Far_2024_version2","2"
"APME",1,2.02381354082017e-05,0,1,2.0553443037818e-05,0,"A_Quarry_Far_2024_version3","3"
"BOVO",1,0,0,0,0.520981959286603,0,"A_Quarry_Far_2024_version3","3"
"Geron",1,0,0,0,0.543789729938744,0,"A_Quarry_Far_2024_version3","3"
"HALI",1,0,4.15633020040976e-24,0,0.47399108047783,0,"A_Quarry_Far_2024_version3","3"
"JUCO",1,0,4.15633020040976e-24,0,0.468089590881993,0,"A_Quarry_Far_2024_version3","3"
"LAIN",1,0,4.15633020040976e-24,0,0.481753953654204,0,"A_Quarry_Far_2024_version3","3"
"large_black_beetle",1,0,4.15633020040976e-24,0,0.538699066214589,0,"A_Quarry_Far_2024_version3","3"
"LATI",1,0,8.31266040081951e-24,0,0.515205868596773,0,"A_Quarry_Far_2024_version3","3"
"MEAP",1,0,1.24689906012293e-23,0,0.465033505957124,0,"A_Quarry_Far_2024_version3","3"
"MEGA",1,0,2.07816510020488e-23,0,0.518134621376234,0,"A_Quarry_Far_2024_version3","3"
"skinny_long_yellow_black_wasp",1,0,5.81886228057366e-23,0,0.488581470371495,0,"A_Quarry_Far_2024_version3","3"
"ADEL",1,0.000168719877427663,0.000555826791775372,1,0.000116962502936658,0.000584303539068014,"A_Quarry1_2023_version1","1"
"AGTE",1,0,0.000312516533650183,0,0.516769035890125,0.000218161037488191,"A_Quarry1_2023_version1","1"
"ANCA",1,0,0.000200241351535437,0,0.537186205334583,0.000279744844660766,"A_Quarry1_2023_version1","1"
"AndrenaSp_",1,0,2.55116718632782e-05,0,0.488553058327433,3.08914586463597e-05,"A_Quarry1_2023_version1","1"
"ANLE",1,0,0.0002000142976591,0,0.511251309170039,0.000183125480218222,"A_Quarry1_2023_version1","1"
"ANPE",1,0,0.000200241351535437,0,0.500753220846296,0.000279744844660766,"A_Quarry1_2023_version1","1"
"Anth_Syr",1,0,0.0002000142976591,0,0.459382763695616,0.000183125480218222,"A_Quarry1_2023_version1","1"
"aphideater",1,0,0.000555826791775372,0,0.546109432213059,0.000584303539068014,"A_Quarry1_2023_version1","1"
"APME",1,0,7.81314564030456e-05,0,0.461227204888699,9.253112741219e-05,"A_Quarry1_2023_version1","1"
"APTE",1,0,0.000102049296403974,0,0.545632564367555,0.000116158833215678,"A_Quarry1_2023_version1","1"
"beetle_1",1,0,0.000102045522984997,0,0.546509325502678,0.000225973066432031,"A_Quarry1_2023_version1","1"
"big_gray_listrus",1,0,0.000555826791775372,0,0.482233723500852,0.000584303539068014,"A_Quarry1_2023_version1","1"
"Black_fly_1",1,0,0.000312516533650183,0,0.502190878825351,0.000218161037488191,"A_Quarry1_2023_version1","1"
"black_lh_beetle",1,0,0.000102045522984997,0,0.522100417675497,0.000225973066432031,"A_Quarry1_2023_version1","1"
"black_robber_fly",1,0,2.97466577273448e-06,0,0.541719872081522,3.4244850145616e-06,"A_Quarry1_2023_version1","1"
"blue_black_osmia",1,0,2.55116718632782e-05,0,0.485890074137547,3.08914586463597e-05,"A_Quarry1_2023_version1","1"
"BOCA",1,0,0.000312516533650183,0,0.454476029753907,0.000218161037488191,"A_Quarry1_2023_version1","1"
"BOED",1,0,0.000555826791775372,0,0.478632073909339,0.000584303539068014,"A_Quarry1_2023_version1","1"
"BOMA",1,0,2.55116718632782e-05,0,0.469266194253818,3.08914586463597e-05,"A_Quarry1_2023_version1","1"
"BOVO",1,0,1.03311327786404e-05,0,0.456926823922865,1.14452316680857e-05,"A_Quarry1_2023_version1","1"
"buprestid",1,0,0.000555586526520855,0,0.469129671584409,0.000327727833404924,"A_Quarry1_2023_version1","1"
"by_ornate_beetle",1,0,6.37785331363337e-06,0,0.462390319170612,6.87926118605588e-06,"A_Quarry1_2023_version1","1"
"calligrapher",1,0,2.55116718632782e-05,0,0.494094300476878,3.08914586463597e-05,"A_Quarry1_2023_version1","1"
"checkerspot",1,0,0.000200241351535437,0,0.54290811489006,0.000279744844660766,"A_Quarry1_2023_version1","1"
"COEU",0,19.7160628672514,0.00500022789734923,0,28.599617266945,0.00500035044378366,"A_Quarry1_2023_version1","1"
"COFE",1,0,0.000555826791775372,0,0.537690167635535,0.000584303539068014,"A_Quarry1_2023_version1","1"
"convergent_ladybeetle",1,0,0.189202988170648,0,0.458647450436208,6.36461118292721e-05,"A_Quarry1_2023_version1","1"
"COTU",1,0,0.000200241351535437,0,0.48769948135023,0.000279744844660766,"A_Quarry1_2023_version1","1"
"cucumber_beetle",1,0,5.94558783394249e-06,0,0.465183053312443,6.19781498751653e-06,"A_Quarry1_2023_version1","1"
"dark_andrena",0,32.3099202524145,0.00500023181076466,0,32.3099184875119,0.00500023164184994,"A_Quarry1_2023_version1","1"
"diadasia",1,0,0.000102049296403974,0,0.515012542281771,0.000116158833215678,"A_Quarry1_2023_version1","1"
"duskywing",1,0,2.97466577273448e-06,0,0.515798129730764,3.4244850145616e-06,"A_Quarry1_2023_version1","1"
"ERHI",1,0,6.37785331363337e-06,0,0.519166384948961,6.87926118605588e-06,"A_Quarry1_2023_version1","1"
"eristolis",1,0,2.55116718632782e-05,0,0.529431837182227,3.08914586463597e-05,"A_Quarry1_2023_version1","1"
"EUAC",1,0,0.000159739009640189,0,0.46088752169669,9.72853559431539e-05,"A_Quarry1_2023_version1","1"
"EUAL",1,0,5.10233437265564e-05,0,0.536577156272986,6.17829172927193e-05,"A_Quarry1_2023_version1","1"
"Eupeodes",1,0,0.000283500077493222,0,0.452265480068636,0.000160581256285409,"A_Quarry1_2023_version1","1"
"fuzzy_bee",1,0,0.000543384401572591,0,0.525923513563314,0.000179309646025642,"A_Quarry1_2023_version1","1"
"gray_eual_apid",1,0,0.000156558046266872,0,0.496492458622201,0.000155318151653563,"A_Quarry1_2023_version1","1"
"gray_listrus",1,0,5.10233437265564e-05,0,0.548752063325956,6.17829172927193e-05,"A_Quarry1_2023_version1","1"
"gray_sab_bee",1,0,0.000156558046266872,0,0.475928319350783,0.000155318151653563,"A_Quarry1_2023_version1","1"
"green_fuzzy_andrena",0,0.0830390854272681,0.00111165358355074,0,0.0192289591025123,0.00116860707813603,"A_Quarry1_2023_version1","1"
"green_osmia",1,0,0.000400482703070874,0,0.514763926651685,0.000559489689321531,"A_Quarry1_2023_version1","1"
"Hapbropoda",1,0,5.10233437265564e-05,0,0.537315234861949,6.17829172927193e-05,"A_Quarry1_2023_version1","1"
"heliopetesEricetorum",1,0,1.83037569829737e-05,0,0.457152324778564,2.11683451572227e-05,"A_Quarry1_2023_version1","1"
"HETH",1,0,1.91335599409001e-05,0,0.4591225533323,2.06377835581676e-05,"A_Quarry1_2023_version1","1"
"LAIN",1,0,0.000510595285968018,0,0.472753855969177,0.000317408508770702,"A_Quarry1_2023_version1","1"
"Listrus_beetle",0,64.7285260566264,0.00500023644084884,0,70.2846343703185,0.0050008293881948,"A_Quarry1_2023_version1","1"
"med_sab_bee",1,0,0.000531206308599465,0,0.480603285287788,0.000117506364451663,"A_Quarry1_2023_version1","1"
"muscid",1,0,1.69915120822351e-05,0,0.499415831849638,1.94695011301944e-05,"A_Quarry1_2023_version1","1"
"mytilla_crescent",0,20.856402597954,0.00500023614051472,0,0.013023455344118,0.00221204430499023,"A_Quarry1_2023_version1","1"
"N_checkerspot",1,0,0.000398215591986775,0,0.456268707758872,0.000189323295205739,"A_Quarry1_2023_version1","1"
"orange_soldier_beetle",1,0,3.6446087975852e-05,0,0.508171303364528,3.70892736338762e-05,"A_Quarry1_2023_version1","1"
"OSCA",1,0,0.00022157539416219,0,0.53509564762241,0.000112493940959206,"A_Quarry1_2023_version1","1"
"OSGL",1,0,1.94727972133536e-05,0,0.452549589845608,2.16679483835021e-05,"A_Quarry1_2023_version1","1"
"OsmiaSp_",1,0,7.96214817192114e-05,0,0.500956535130253,0.000125999048562317,"A_Quarry1_2023_version1","1"
"Osmia_sp_",1,0,2.378235133577e-05,0,0.476485934167395,2.47912599500661e-05,"A_Quarry1_2023_version1","1"
"osmia_andrena",1,0,0.000516130419154572,0,0.499095551413063,0.000114396151669712,"A_Quarry1_2023_version1","1"
"PANUR",1,0,0.000102046687453113,0,0.498932599345656,0.000123565834585439,"A_Quarry1_2023_version1","1"
"RAB_bee",0,8.88458853658396,0.00500022789703188,0,0.00132197803037525,0.00109892275642508,"A_Quarry1_2023_version1","1"
"red_black_beetle",0,93.3008869292695,0.00166674363479039,0,103.738629527559,0.001750727732614,"A_Quarry1_2023_version1","1"
"red_lh_beetle",0,0.00797573230714569,0.000600040861213978,1,0,0.000338782049727268,"A_Quarry1_2023_version1","1"
"red_sab",1,0,0.000396300508474311,0,0.544959212092198,0.000234932419447898,"A_Quarry1_2023_version1","1"
"red_spotted_beetle",1,0,0.000494904008977184,0,0.529477633572872,0.00024271745694925,"A_Quarry1_2023_version1","1"
"reddish_nomada",0,0.0482435216883531,0.001111612124464,0,0.00598918447266075,0.000747855097896002,"A_Quarry1_2023_version1","1"
"round_black_beetle",0,0.00473211841495083,0.000600689836998066,0,0.00177475261669183,0.000486453261707002,"A_Quarry1_2023_version1","1"
"SAB",0,29.5728671535504,0.0050002339883283,0,30.1815280823392,0.00499576665428346,"A_Quarry1_2023_version1","1"
"skinny_gray_fly",0,149.830079352706,0.00100120675767718,0,149.021087604412,0.00100438719859329,"A_Quarry1_2023_version1","1"
"skinny_gray_moth",1,0,0.000103156070475457,0,0.455990233228537,8.92031637722661e-05,"A_Quarry1_2023_version1","1"
"small_gray_bomb",0,28.8790613297148,0.00500023405591777,0,29.5487061455161,0.00483157313766858,"A_Quarry1_2023_version1","1"
"small_gray_fly",0,0.373372155925456,0.000800964580508184,0,0.021148962574484,0.000600471598124604,"A_Quarry1_2023_version1","1"
"small_red_ab_wasp",0,28.9528566510629,0.00500023003281494,0,30.6737935904704,0.00464123199849997,"A_Quarry1_2023_version1","1"
"small_shiny_gold_bee",1,0,7.13366507917058e-05,0,0.478388739949273,7.10289859114416e-05,"A_Quarry1_2023_version1","1"
"thrip",0,0.00427256631693239,0.000204093455395382,0,0.00147055965940058,0.000187717654865397,"A_Quarry1_2023_version1","1"
"tiny_black_beetle",1,0,0.000279451016655129,0,0.535967219986938,0.000102570356069198,"A_Quarry1_2023_version1","1"
"tiny_blk_beetle",0,196.10240067788,0.000714318660894943,0,196.461411589646,0.000709378971334313,"A_Quarry1_2023_version1","1"
"tiny_fly",0,475.90355259851,0.000357163406085894,0,427.709438908641,0.000368551083508761,"A_Quarry1_2023_version1","1"
"UNIN",0,805.719068953653,0.00035319751407061,0,802.494492961949,0.000353144654048085,"A_Quarry1_2023_version1","1"
"UNK_black_bee",0,1087.25419046875,0.000287611992155266,0,1061.37728564856,0.000255059778285804,"A_Quarry1_2023_version1","1"
"UNKBEE",0,914.485148702563,0.000323759366375575,0,841.451964972169,0.000270145722070461,"A_Quarry1_2023_version1","1"
"variable_checkerspot",0,2045.72099588557,0.000622887537107486,0,2093.96290502675,0.000685708202414088,"A_Quarry1_2023_version1","1"
"ADEL",1,2.19758286038982e-05,0,1,2.19435312752856e-05,0,"A_Quarry1_2023_version2","2"
"AGTE",1,0,0,0,0.516769035890125,0,"A_Quarry1_2023_version2","2"
"ANCA",1,0,0,0,0.537186205334583,0,"A_Quarry1_2023_version2","2"
"AndrenaSp_",1,0,0.000555763709113141,0,0.488553058327433,0.00125010944219833,"A_Quarry1_2023_version2","2"
"ANLE",1,0,2.55116881521037e-05,0,0.511251309170039,3.08837822583755e-05,"A_Quarry1_2023_version2","2"
"ANPE",1,0,0.000312525583319863,0,0.500753220846296,0.000231257969152633,"A_Quarry1_2023_version2","2"
"Anth_Syr",1,0,0.00020026646833531,0,0.459382763695616,0.000239815764217282,"A_Quarry1_2023_version2","2"
"aphideater",1,0,2.55116881521037e-05,0,0.546109432213059,3.08837822583755e-05,"A_Quarry1_2023_version2","2"
"APME",1,0,0.000200015098490008,0,0.461227204888699,0.000204855563580629,"A_Quarry1_2023_version2","2"
"APTE",1,0,0.00020026646833531,0,0.545632564367555,0.000239815764217282,"A_Quarry1_2023_version2","2"
"beetle_1",1,0,0.000555586332625131,0,0.546509325502678,0.000555503550079264,"A_Quarry1_2023_version2","2"
"big_gray_listrus",1,0,2.55116881521037e-05,0,0.482233723500852,3.08837822583755e-05,"A_Quarry1_2023_version2","2"
"Black_fly_1",1,0,0.000200015098490008,0,0.502190878825351,0.000204855563580629,"A_Quarry1_2023_version2","2"
"black_lh_beetle",1,0,0.000555763709113141,0,0.522100417675497,0.00125010944219833,"A_Quarry1_2023_version2","2"
"black_robber_fly",1,0,7.81348511948294e-05,0,0.541719872081522,0.000384455769487721,"A_Quarry1_2023_version2","2"
"blue_black_osmia",1,0,0,0,0.485890074137547,0,"A_Quarry1_2023_version2","2"
"BOCA",1,0,0.000102045508574508,0,0.454476029753907,0.000233277522381352,"A_Quarry1_2023_version2","2"
"BOED",1,0,0.000555763709113141,0,0.478632073909339,0.00125010944219833,"A_Quarry1_2023_version2","2"
"BOMA",1,0,0.000312525583319863,0,0.469266194253818,0.000231257969152633,"A_Quarry1_2023_version2","2"
"BOVO",1,0,0.000312539442534741,0,0.456926823922865,0.000909893987606523,"A_Quarry1_2023_version2","2"
"buprestid",1,0,0.000102045508574508,0,0.469129671584409,0.000233277522381352,"A_Quarry1_2023_version2","2"
"by_ornate_beetle",1,0,0,0,0.462390319170612,0,"A_Quarry1_2023_version2","2"
"calligrapher",1,0,2.55116881521037e-05,0,0.494094300476878,3.08837822583755e-05,"A_Quarry1_2023_version2","2"
"checkerspot",1,0,0.000312525583319863,0,0.54290811489006,0.000231257969152633,"A_Quarry1_2023_version2","2"
"COEU",1,0,0.000555763709113141,0,0.45668695723018,0.00125010944219833,"A_Quarry1_2023_version2","2"
"COFE",1,0,2.55116881521037e-05,0,0.537690167635535,3.08837822583755e-05,"A_Quarry1_2023_version2","2"
"convergent_ladybeetle",1,0,1.03311552682227e-05,0,0.458647450436208,1.11901472303598e-05,"A_Quarry1_2023_version2","2"
"COTU",1,0,0.000555586332625131,0,0.48769948135023,0.000555503550079264,"A_Quarry1_2023_version2","2"
"cucumber_beetle",1,0,6.37787211349147e-06,0,0.465183053312443,6.84106966852344e-06,"A_Quarry1_2023_version2","2"
"dark_andrena",1,0,2.55116881521037e-05,0,0.531577022225399,3.08837822583755e-05,"A_Quarry1_2023_version2","2"
"diadasia",1,0,0.00020026646833531,0,0.515012542281771,0.000239815764217282,"A_Quarry1_2023_version2","2"
"duskywing",0,21.9007624826972,0.00500022608646889,0,32.2473432323271,0.00500035566093596,"A_Quarry1_2023_version2","2"
"ERHI",1,0,0.000555763709113141,0,0.519166384948961,0.00125010944219833,"A_Quarry1_2023_version2","2"
"eristolis",0,31.949672421925,0.00500023199025604,0,31.9496745518259,0.00500023165403383,"A_Quarry1_2023_version2","2"
"EUAC",1,0,0.00020026646833531,0,0.46088752169669,0.000239815764217282,"A_Quarry1_2023_version2","2"
"EUAL",1,0,0,0,0.536577156272986,0,"A_Quarry1_2023_version2","2"
"Eupeodes",1,0,0,0,0.452265480068636,0,"A_Quarry1_2023_version2","2"
"fuzzy_bee",1,0,6.37787211349147e-06,0,0.525923513563314,6.84106966852344e-06,"A_Quarry1_2023_version2","2"
"gray_eual_apid",1,0,2.55116881521037e-05,0,0.496492458622201,3.08837822583755e-05,"A_Quarry1_2023_version2","2"
"gray_listrus",1,0,0.000400030196980016,0,0.548752063325956,0.000409711127161258,"A_Quarry1_2023_version2","2"
"gray_sab_bee",1,0,0.000160296230093731,0,0.475928319350783,0.000108022855405494,"A_Quarry1_2023_version2","2"
"green_fuzzy_andrena",1,0,5.10233763042075e-05,0,0.527263328608714,6.17675645167511e-05,"A_Quarry1_2023_version2","2"
"green_osmia",1,0,5.10233763042075e-05,0,0.514763926651685,6.17675645167511e-05,"A_Quarry1_2023_version2","2"
"Hapbropoda",1,0,0.000535801039788796,0,0.537315234861949,0.00029319366616882,"A_Quarry1_2023_version2","2"
"heliopetesEricetorum",1,0,0.000156472378524578,0,0.457152324778564,0.000135349773237829,"A_Quarry1_2023_version2","2"
"HETH",1,0,5.10233763042075e-05,0,0.4591225533323,6.17675645167511e-05,"A_Quarry1_2023_version2","2"
"LAIN",1,0,0.000156472378524578,0,0.472753855969177,0.000135349773237829,"A_Quarry1_2023_version2","2"
"Listrus_beetle",0,0.0595602616558917,0.00111152741822628,0,35.3411239483316,0.00250021888439665,"A_Quarry1_2023_version2","2"
"med_sab_bee",1,0,0.00040053293667062,0,0.480603285287788,0.000479631528434563,"A_Quarry1_2023_version2","2"
"muscid",1,0,5.10233763042075e-05,0,0.499415831849638,6.17675645167511e-05,"A_Quarry1_2023_version2","2"
"mytilla_crescent",1,0,1.83040156152296e-05,0,0.481885896870813,2.10369647443677e-05,"A_Quarry1_2023_version2","2"
"N_checkerspot",1,0,1.91336163404744e-05,0,0.456268707758872,2.05232090055703e-05,"A_Quarry1_2023_version2","2"
"orange_soldier_beetle",1,0,0.000522466540355016,0,0.508171303364528,0.000218763170227315,"A_Quarry1_2023_version2","2"
"OSCA",0,81.8886606137775,0.00500023713156495,0,100.622735770302,0.00500036489208704,"A_Quarry1_2023_version2","2"
"OSGL",0,100.796285693736,0.00166675899787539,0,83.866220224178,0.00166651065023779,"A_Quarry1_2023_version2","2"
"OsmiaSp_",1,0,1.69859871176914e-05,0,0.500956535130253,1.94160203108231e-05,"A_Quarry1_2023_version2","2"
"Osmia_sp_",1,0,0.000399143316479022,0,0.476485934167395,0.000330048946375834,"A_Quarry1_2023_version2","2"
"osmia_andrena",0,23.7335652644171,0.00500023610928832,0,0.00966124186860882,0.00206599839557302,"A_Quarry1_2023_version2","2"
"PANUR",1,0,0.000217775435646535,0,0.498932599345656,0.000261154815967596,"A_Quarry1_2023_version2","2"
"RAB_bee",1,0,7.96183674129496e-05,0,0.460197202446962,0.000127807890676683,"A_Quarry1_2023_version2","2"
"red_black_beetle",1,0,0.00050608863084661,0,0.53438152609597,0.000138875887519816,"A_Quarry1_2023_version2","2"
"red_lh_beetle",1,0,0.000102046752608415,0,0.450309094973052,0.000123535129033502,"A_Quarry1_2023_version2","2"
"red_sab",0,10.3476325052923,0.00500022608595313,0,0.00158199509722112,0.00109889923541399,"A_Quarry1_2023_version2","2"
"red_spotted_beetle",0,103.782156980642,0.00166674399376201,0,146.417603475762,0.00190923630931272,"A_Quarry1_2023_version2","2"
"reddish_nomada",0,0.0102005766259195,0.000600043564745224,1,0,0.00037769213222942,"A_Quarry1_2023_version2","2"
"round_black_beetle",1,0,0.00048860387818377,0,0.483427672243411,0.000369347571566093,"A_Quarry1_2023_version2","2"
"SAB",0,0.0340125936611306,0.00111145921410477,0,0.0732509366547002,0.00118332257837091,"A_Quarry1_2023_version2","2"
"skinny_gray_fly",0,0.00474472919167289,0.000600766745067186,0,0.00476153158528549,0.000621174789694132,"A_Quarry1_2023_version2","2"
"skinny_gray_moth",1,0,0.000106371929022157,0,0.455990233228537,0.0001183643711575,"A_Quarry1_2023_version2","2"
"small_gray_bomb",0,168.907899154267,0.00100133234167645,0,168.109552233795,0.0010043796479484,"A_Quarry1_2023_version2","2"
"small_gray_fly",0,35.7445546348755,0.00500023412841676,0,37.3968859397548,0.00499582793009015,"A_Quarry1_2023_version2","2"
"small_red_ab_wasp",0,0.470038532207246,0.00080106507320299,0,0.05773019160434,0.000684709698049344,"A_Quarry1_2023_version2","2"
"small_shiny_gold_bee",0,28.9083450663163,0.00500023341827305,0,29.3522941676768,0.00489666538099211,"A_Quarry1_2023_version2","2"
"thrip",0,0.0049839766878271,0.000204095030019722,0,0.0069652720247108,0.000327091182163028,"A_Quarry1_2023_version2","2"
"tiny_black_beetle",0,32.7165574491656,0.00500023122620437,0,35.0013698902895,0.00463789584105679,"A_Quarry1_2023_version2","2"
"tiny_blk_beetle",1,0,0,0,0.501066320459855,0,"A_Quarry1_2023_version2","2"
"tiny_fly",0,232.741387927783,0.000714318560021538,0,226.359484071741,0.000714412412292892,"A_Quarry1_2023_version2","2"
"UNIN",0,526.323894686136,0.000357163634129451,0,504.263219862745,0.000369731833229196,"A_Quarry1_2023_version2","2"
"UNK_black_bee",0,840.675835604692,0.000368577736779824,0,836.039837158034,0.000367619154415289,"A_Quarry1_2023_version2","2"
"UNKBEE",0,1144.43929997479,0.000246886476139698,0,1160.46702500754,0.000275588179055239,"A_Quarry1_2023_version2","2"
"variable_checkerspot",0,632.918448962644,0.00166247243602926,0,477.951530757596,0.00177746921971355,"A_Quarry1_2023_version2","2"
"ADEL",1,2.18763983542973e-05,0,1,2.1798247580314e-05,0,"A_Quarry1_2023_version3","3"
"AGTE",1,0,0,0,0.516769035890125,0,"A_Quarry1_2023_version3","3"
"ANCA",1,0,0,0,0.537186205334583,0,"A_Quarry1_2023_version3","3"
"AndrenaSp_",1,0,0,0,0.488553058327433,0,"A_Quarry1_2023_version3","3"
"ANLE",1,0,0,0,0.511251309170039,0,"A_Quarry1_2023_version3","3"
"ANPE",1,0,0,0,0.500753220846296,0,"A_Quarry1_2023_version3","3"
"Anth_Syr",1,0,0,0,0.459382763695616,0,"A_Quarry1_2023_version3","3"
"aphideater",1,0,0,0,0.546109432213059,0,"A_Quarry1_2023_version3","3"
"APME",1,0,0,0,0.461227204888699,0,"A_Quarry1_2023_version3","3"
"APTE",1,0,0,0,0.545632564367555,0,"A_Quarry1_2023_version3","3"
"beetle_1",1,0,0,0,0.546509325502678,0,"A_Quarry1_2023_version3","3"
"big_gray_listrus",1,0,0,0,0.482233723500852,0,"A_Quarry1_2023_version3","3"
"Black_fly_1",1,0,0,0,0.502190878825351,0,"A_Quarry1_2023_version3","3"
"black_lh_beetle",1,0,0,0,0.522100417675497,0,"A_Quarry1_2023_version3","3"
"black_robber_fly",1,0,0,0,0.541719872081522,0,"A_Quarry1_2023_version3","3"
"blue_black_osmia",1,0,0.000102045500907545,0,0.485890074137547,0.00019943979241319,"A_Quarry1_2023_version3","3"
"BOCA",1,0,0,0,0.454476029753907,0,"A_Quarry1_2023_version3","3"
"BOED",1,0,0,0,0.478632073909339,0,"A_Quarry1_2023_version3","3"
"BOMA",1,0,0,0,0.469266194253818,0,"A_Quarry1_2023_version3","3"
"BOVO",1,0,0,0,0.456926823922865,0,"A_Quarry1_2023_version3","3"
"buprestid",1,0,0,0,0.469129671584409,0,"A_Quarry1_2023_version3","3"
"by_ornate_beetle",1,0,2.97455549123013e-06,0,0.462390319170612,4.88375992301788e-06,"A_Quarry1_2023_version3","3"
"calligrapher",1,0,0,0,0.494094300476878,0,"A_Quarry1_2023_version3","3"
"checkerspot",1,0,0,0,0.54290811489006,0,"A_Quarry1_2023_version3","3"
"COEU",1,0,0,0,0.45668695723018,0,"A_Quarry1_2023_version3","3"
"COFE",1,0,0,0,0.537690167635535,0,"A_Quarry1_2023_version3","3"
"convergent_ladybeetle",1,0,0,0,0.458647450436208,0,"A_Quarry1_2023_version3","3"
"COTU",1,0,0,0,0.48769948135023,0,"A_Quarry1_2023_version3","3"
"cucumber_beetle",1,0,0,0,0.465183053312443,0,"A_Quarry1_2023_version3","3"
"dark_andrena",1,0,0,0,0.531577022225399,0,"A_Quarry1_2023_version3","3"
"diadasia",1,0,0,0,0.515012542281771,0,"A_Quarry1_2023_version3","3"
"duskywing",1,0,0,0,0.515798129730764,0,"A_Quarry1_2023_version3","3"
"ERHI",1,0,0,0,0.519166384948961,0,"A_Quarry1_2023_version3","3"
"eristolis",1,0,0,0,0.529431837182227,0,"A_Quarry1_2023_version3","3"
"EUAC",1,0,0,0,0.46088752169669,0,"A_Quarry1_2023_version3","3"
"EUAL",1,0,0.000102045500907545,0,0.536577156272986,0.00019943979241319,"A_Quarry1_2023_version3","3"
"Eupeodes",1,0,2.97455549123013e-06,0,0.452265480068636,4.88375992301788e-06,"A_Quarry1_2023_version3","3"
"fuzzy_bee",1,0,0,0,0.525923513563314,0,"A_Quarry1_2023_version3","3"
"gray_eual_apid",1,0,0,0,0.496492458622201,0,"A_Quarry1_2023_version3","3"
"gray_listrus",1,0,0,0,0.548752063325956,0,"A_Quarry1_2023_version3","3"
"gray_sab_bee",1,0,0,0,0.475928319350783,0,"A_Quarry1_2023_version3","3"
"green_fuzzy_andrena",1,0,0,0,0.527263328608714,0,"A_Quarry1_2023_version3","3"
"green_osmia",1,0,0,0,0.514763926651685,0,"A_Quarry1_2023_version3","3"
"Hapbropoda",1,0,0,0,0.537315234861949,0,"A_Quarry1_2023_version3","3"
"heliopetesEricetorum",1,0,0,0,0.457152324778564,0,"A_Quarry1_2023_version3","3"
"HETH",1,0,0,0,0.4591225533323,0,"A_Quarry1_2023_version3","3"
"LAIN",1,0,0,0,0.472753855969177,0,"A_Quarry1_2023_version3","3"
"Listrus_beetle",1,0,0,0,0.474057273950454,0,"A_Quarry1_2023_version3","3"
"med_sab_bee",1,0,0,0,0.480603285287788,0,"A_Quarry1_2023_version3","3"
"muscid",1,0,0,0,0.499415831849638,0,"A_Quarry1_2023_version3","3"
"mytilla_crescent",1,0,0,0,0.481885896870813,0,"A_Quarry1_2023_version3","3"
"N_checkerspot",1,0,0,0,0.456268707758872,0,"A_Quarry1_2023_version3","3"
"orange_soldier_beetle",1,0,5.28733414877184e-05,0,0.508171303364528,6.81078507787358e-05,"A_Quarry1_2023_version3","3"
"OSCA",1,0,0,0,0.53509564762241,0,"A_Quarry1_2023_version3","3"
"OSGL",1,0,0,0,0.452549589845608,0,"A_Quarry1_2023_version3","3"
"OsmiaSp_",1,0,0,0,0.500956535130253,0,"A_Quarry1_2023_version3","3"
"Osmia_sp_",1,0,0,0,0.476485934167395,0,"A_Quarry1_2023_version3","3"
"osmia_andrena",1,0,0,0,0.499095551413063,0,"A_Quarry1_2023_version3","3"
"PANUR",1,0,0,0,0.498932599345656,0,"A_Quarry1_2023_version3","3"
"RAB_bee",1,0,0,0,0.460197202446962,0,"A_Quarry1_2023_version3","3"
"red_black_beetle",1,0,4.31707232475281e-05,0,0.53438152609597,5.47437080263153e-05,"A_Quarry1_2023_version3","3"
"red_lh_beetle",1,0,0,0,0.450309094973052,0,"A_Quarry1_2023_version3","3"
"red_sab",1,0,0,0,0.544959212092198,0,"A_Quarry1_2023_version3","3"
"red_spotted_beetle",1,0,0,0,0.529477633572872,0,"A_Quarry1_2023_version3","3"
"reddish_nomada",1,0,0,0,0.530587459253421,0,"A_Quarry1_2023_version3","3"
"round_black_beetle",1,0,0,0,0.483427672243411,0,"A_Quarry1_2023_version3","3"
"SAB",1,0,3.03069828670444e-05,0,0.46888739500143,3.32399654021983e-05,"A_Quarry1_2023_version3","3"
"skinny_gray_fly",1,0,0,0,0.490447789030358,0,"A_Quarry1_2023_version3","3"
"skinny_gray_moth",1,0,0,0,0.455990233228537,0,"A_Quarry1_2023_version3","3"
"small_gray_bomb",1,0,0,0,0.527849872027454,0,"A_Quarry1_2023_version3","3"
"small_gray_fly",1,0,0,0,0.472799165417812,0,"A_Quarry1_2023_version3","3"
"small_red_ab_wasp",1,0,0,0,0.535573177172604,0,"A_Quarry1_2023_version3","3"
"small_shiny_gold_bee",1,0,1.45218461743615e-05,0,0.478388739949273,1.95350396920715e-05,"A_Quarry1_2023_version3","3"
"thrip",1,0,0,0,0.479552327436187,0,"A_Quarry1_2023_version3","3"
"tiny_black_beetle",1,0,0,0,0.535967219986938,0,"A_Quarry1_2023_version3","3"
"tiny_blk_beetle",1,0,0.000279639738675629,0,0.501066320459855,0.000166547970708885,"A_Quarry1_2023_version3","3"
"tiny_fly",1,0,2.36029914207462e-05,0,0.521647968781948,2.4724034610278e-05,"A_Quarry1_2023_version3","3"
"UNIN",1,0,0,0,0.537411318201298,0,"A_Quarry1_2023_version3","3"
"UNK_black_bee",1,0,0,0,0.47202500920837,0,"A_Quarry1_2023_version3","3"
"UNKBEE",1,0,0,0,0.524329765082491,0,"A_Quarry1_2023_version3","3"
"variable_checkerspot",0,1505.83397369294,0.000222016833258986,0,1505.81697453539,0.000222001855047399,"A_Quarry1_2023_version3","3"
"APME",0,35.6331705815386,0.00500023108174751,0,35.6331718555928,0.00500023238939974,"A_Randy_2022_version1","1"
"black_oviwasp",1,5.98403477075396e-05,0.000312517189782684,1,6.71483129247993e-05,0.000343848251812071,"A_Randy_2022_version1","1"
"bluish_osmia",1,0,1.78007406637568e-06,0,0.515588772886241,1.76667252110496e-06,"A_Randy_2022_version1","1"
"BOCR",1,0,1.78007406637568e-06,0,0.500505899056097,1.76667252110496e-06,"A_Randy_2022_version1","1"
"BOVO",0,21.7359671073361,0.00500023608761257,0,0.0834111494158229,0.00299763337628003,"A_Randy_2022_version1","1"
"CEPU",1,0,1.78007406637568e-06,0,0.461839727830067,1.76667252110496e-06,"A_Randy_2022_version1","1"
"COEU",1,0,1.78007406637568e-06,0,0.540305639938594,1.76667252110496e-06,"A_Randy_2022_version1","1"
"DAPL",1,0,7.81285913297182e-05,0,0.516890447943886,9.76330437755747e-05,"A_Randy_2022_version1","1"
"delta_moth",1,0,7.81285913297182e-05,0,0.477758592892326,9.76330437755747e-05,"A_Randy_2022_version1","1"
"DIDU",1,0,1.78007406637568e-06,0,0.488670741319037,1.76667252110496e-06,"A_Randy_2022_version1","1"
"Eristolis",1,0,7.81285913297182e-05,0,0.489149349061376,9.76330437755747e-05,"A_Randy_2022_version1","1"
"ERST",1,0,1.78007406637568e-06,0,0.533109674548316,1.76667252110496e-06,"A_Randy_2022_version1","1"
"Geron",0,36.0314098078713,0.00500023441351161,0,43.0210747332112,0.00500248216448428,"A_Randy_2022_version1","1"
"gray_bomb",1,0,3.56014813275135e-06,0,0.462344429740843,3.53334504220991e-06,"A_Randy_2022_version1","1"
"HALI",1,0,3.56845700043717e-05,0,0.522830654342114,3.29582973243863e-05,"A_Randy_2022_version1","1"
"HATR",1,0,5.34022219912703e-06,0,0.514807527915019,5.30001756331487e-06,"A_Randy_2022_version1","1"
"HETH",1,0,5.34022219912703e-06,0,0.470121667729747,5.30001756331487e-06,"A_Randy_2022_version1","1"
"ICAC",1,0,0.000137925090840262,0,0.534869533863323,9.93997162966797e-05,"A_Randy_2022_version1","1"
"LAIN",1,0,0.000143488498404743,0,0.452255640878461,9.36933460798156e-05,"A_Randy_2022_version1","1"
"MEGA",1,0,0.000192084580158535,0,0.460556244296281,9.0626237706487e-05,"A_Randy_2022_version1","1"
"mega_ash",0,0.00120677466075393,0.00124966684713179,1,0,0.000310803138946334,"A_Randy_2022_version1","1"
"MelissodesSp_",0,114.172014285194,0.00127552602375229,0,128.827558898761,0.00169984108105463,"A_Randy_2022_version1","1"
"MELU",1,0,0.000624392389754119,0,0.52796584282907,0.00023394329459766,"A_Randy_2022_version1","1"
"muscid",1,0,0.000175049341103892,0,0.521920428179167,0.000120792823344594,"A_Randy_2022_version1","1"
"orange_ab_syr",1,0,1.84934961649097e-06,0,0.516636407266667,1.84904375705163e-06,"A_Randy_2022_version1","1"
"red_ab_black_wasp",0,267.204330876805,0.00062502873063774,0,249.968240515691,0.00062555814917212,"A_Randy_2022_version1","1"
"round_blk_bee",1,0,0.000228152149031416,0,0.485117255633286,8.75955034500057e-05,"A_Randy_2022_version1","1"
"STME",1,0,3.73891011527105e-05,0,0.465715428635345,3.98516193446755e-05,"A_Randy_2022_version1","1"
"XECA",0,5309.57868866525,0.000113379896126019,0,5344.8085264578,0.000145320255844202,"A_Randy_2022_version1","1"
"APME",0,29.8962835282977,0.0050002321150693,0,29.8962815206372,0.0050002324983877,"A_Randy_2022_version2","2"
"black_oviwasp",1,6.03991016061666e-05,0.000312516730011349,1,6.47299666737645e-05,0.000319479301065163,"A_Randy_2022_version2","2"
"bluish_osmia",1,0,1.78007437620776e-06,0,0.515588772886241,1.78551868156554e-06,"A_Randy_2022_version2","2"
"BOCR",1,0,1.78007437620776e-06,0,0.500505899056097,1.78551868156554e-06,"A_Randy_2022_version2","2"
"BOVO",0,19.8899010154094,0.0050002315876759,0,2.68716031660439,0.0045874250080801,"A_Randy_2022_version2","2"
"CEPU",1,0,1.78007437620776e-06,0,0.461839727830067,1.78551868156554e-06,"A_Randy_2022_version2","2"
"COEU",1,0,1.78007437620776e-06,0,0.540305639938594,1.78551868156554e-06,"A_Randy_2022_version2","2"
"DAPL",1,0,7.81285862001276e-05,0,0.516890447943886,9.76327382397132e-05,"A_Randy_2022_version2","2"
"delta_moth",1,0,7.81285862001276e-05,0,0.477758592892326,9.76327382397132e-05,"A_Randy_2022_version2","2"
"DIDU",1,0,1.78007437620776e-06,0,0.488670741319037,1.78551868156554e-06,"A_Randy_2022_version2","2"
"Eristolis",1,0,7.81285862001276e-05,0,0.489149349061376,9.76327382397132e-05,"A_Randy_2022_version2","2"
"ERST",1,0,1.78007437620776e-06,0,0.533109674548316,1.78551868156554e-06,"A_Randy_2022_version2","2"
"Geron",0,13.2708382652942,0.00500023158829421,0,0.00737978681461329,0.00229371250404005,"A_Randy_2022_version2","2"
"gray_bomb",1,0,6.20029576971639e-07,0,0.462344429740843,6.27557037922011e-07,"A_Randy_2022_version2","2"
"HALI",1,0,3.56014875241552e-06,0,0.522830654342114,3.57103736313109e-06,"A_Randy_2022_version2","2"
"HATR",1,0,3.57439487485718e-05,0,0.514807527915019,3.29626174385191e-05,"A_Randy_2022_version2","2"
"HETH",1,0,5.34022312862328e-06,0,0.470121667729747,5.35655604469663e-06,"A_Randy_2022_version2","2"
"ICAC",1,0,5.34022312862328e-06,0,0.534869533863323,5.35655604469663e-06,"A_Randy_2022_version2","2"
"LAIN",1,0,0.000213221841651053,0,0.452255640878461,8.38872422998132e-05,"A_Randy_2022_version2","2"
"MEGA",0,0.00131467334082553,0.00124979582847052,1,0,0.000326186473783939,"A_Randy_2022_version2","2"
"mega_ash",1,0,0.000138123611365031,0,0.468797887591085,9.94182569212787e-05,"A_Randy_2022_version2","2"
"MelissodesSp_",1,0,0.000218050557150068,0,0.486096743371383,8.17337885775965e-05,"A_Randy_2022_version2","2"
"MELU",0,140.193187304369,0.00126675642041277,0,170.659009319531,0.00193981876502454,"A_Randy_2022_version2","2"
"muscid",1,0,0.000624430683277972,0,0.521920428179167,0.00021774758386095,"A_Randy_2022_version2","2"
"orange_ab_syr",1,0,1.84935021561427e-06,0,0.516636407266667,1.86879219488025e-06,"A_Randy_2022_version2","2"
"red_ab_black_wasp",1,0,1.93394193904753e-05,0,0.508096930877351,2.3545103762212e-05,"A_Randy_2022_version2","2"
"round_blk_bee",0,281.697007745736,0.000625028689601168,0,263.719985577325,0.000625563732206791,"A_Randy_2022_version2","2"
"STME",1,0,3.73890969386245e-05,0,0.465715428635345,4.02293853095508e-05,"A_Randy_2022_version2","2"
"XECA",0,5341.63938387379,0.000111661723015734,0,5344.0346085441,0.000113577496355146,"A_Randy_2022_version2","2"
"APME",1,2.3855944760955e-05,0,1,2.41034528088181e-05,0,"A_Randy_2022_version3","3"
"black_oviwasp",1,0,0,0,0.500185374473308,0,"A_Randy_2022_version3","3"
"bluish_osmia",1,0,0,0,0.515588772886241,0,"A_Randy_2022_version3","3"
"BOCR",1,0,0,0,0.500505899056097,0,"A_Randy_2022_version3","3"
"BOVO",1,0,0,0,0.502645435814115,0,"A_Randy_2022_version3","3"
"CEPU",1,0,0,0,0.461839727830067,0,"A_Randy_2022_version3","3"
"COEU",1,0,0,0,0.540305639938594,0,"A_Randy_2022_version3","3"
"DAPL",1,0,0,0,0.516890447943886,0,"A_Randy_2022_version3","3"
"delta_moth",1,0,0,0,0.477758592892326,0,"A_Randy_2022_version3","3"
"DIDU",1,0,0,0,0.488670741319037,0,"A_Randy_2022_version3","3"
"Eristolis",1,0,0,0,0.489149349061376,0,"A_Randy_2022_version3","3"
"ERST",1,0,0,0,0.533109674548316,0,"A_Randy_2022_version3","3"
"Geron",0,35.6328417327465,0.00500023035841802,0,35.5284065420956,0.00499950248517666,"A_Randy_2022_version3","3"
"gray_bomb",1,0,0,0,0.462344429740843,0,"A_Randy_2022_version3","3"
"HALI",1,0,0,0,0.522830654342114,0,"A_Randy_2022_version3","3"
"HATR",1,0,0,0,0.514807527915019,0,"A_Randy_2022_version3","3"
"HETH",1,0,0,0,0.470121667729747,0,"A_Randy_2022_version3","3"
"ICAC",1,0,0,0,0.534869533863323,0,"A_Randy_2022_version3","3"
"LAIN",1,0,0,0,0.452255640878461,0,"A_Randy_2022_version3","3"
"MEGA",1,0,0,0,0.460556244296281,0,"A_Randy_2022_version3","3"
"mega_ash",1,0,0,0,0.468797887591085,0,"A_Randy_2022_version3","3"
"MelissodesSp_",1,0,0,0,0.486096743371383,0,"A_Randy_2022_version3","3"
"MELU",1,0,0,0,0.52796584282907,0,"A_Randy_2022_version3","3"
"muscid",1,0,0,0,0.521920428179167,0,"A_Randy_2022_version3","3"
"orange_ab_syr",1,0,0,0,0.516636407266667,0,"A_Randy_2022_version3","3"
"red_ab_black_wasp",1,0,0,0,0.508096930877351,0,"A_Randy_2022_version3","3"
"round_blk_bee",1,0,0,0,0.485117255633286,0,"A_Randy_2022_version3","3"
"STME",1,0,0,0,0.465715428635345,0,"A_Randy_2022_version3","3"
"XECA",1,0,0,0,0.479209074251917,0,"A_Randy_2022_version3","3"
"APME",1,2.65004362515375e-05,2.95878691587098e-05,1,2.63099065767866e-05,2.95280506660155e-05,"A_Randy_2023_version1","1"
"black_beetle",1,0,0.00125013023795289,0,0.455039329177253,0.00124996293309877,"A_Randy_2023_version1","1"
"black_oviwasp",1,0,1.59603791048915e-07,0,0.546005482085052,1.60069085499341e-07,"A_Randy_2023_version1","1"
"BOVO",1,0,0.00125013023795289,0,0.514137403464009,0.00124996293309877,"A_Randy_2023_version1","1"
"brown_medium_fly",1,0,2.95878691587098e-05,0,0.507340019595502,2.95280506660155e-05,"A_Randy_2023_version1","1"
"CAAN",1,0,1.59603791048915e-07,0,0.463709341601333,1.60069085499341e-07,"A_Randy_2023_version1","1"
"COEU",0,36.4652528560924,0.00500023167364654,0,7.13578310952946,0.0049045757835722,"A_Randy_2023_version1","1"
"DAPL",1,0,1.59603791048915e-07,0,0.532462675395637,1.60069085499341e-07,"A_Randy_2023_version1","1"
"DIDU",1,0,5.91757383174197e-05,0,0.500185374473308,5.90561013320311e-05,"A_Randy_2023_version1","1"
"DULY",1,0,3.19207582097829e-07,0,0.515588772886241,3.20138170998683e-07,"A_Randy_2023_version1","1"
"Eristolis",0,59.8138552047918,0.00250026047590577,0,46.9785307247279,0.00249992586619754,"A_Randy_2023_version1","1"
"Geron",1,0,0.00124935911070612,0,0.502645435814115,0.000625061501092136,"A_Randy_2023_version1","1"
"gold_potter_wasp",1,0,3.19207582097829e-07,0,0.461839727830067,3.20138170998683e-07,"A_Randy_2023_version1","1"
"gold_red_wasp",1,0,0.00027990241367288,0,0.540305639938594,0.000460057413798974,"A_Randy_2023_version1","1"
"HALI",1,0,3.19207582097829e-07,0,0.516890447943886,3.20138170998683e-07,"A_Randy_2023_version1","1"
"HATR",1,0,6.38415164195659e-07,0,0.477758592892326,6.40276341997366e-07,"A_Randy_2023_version1","1"
"HETH",1,0,8.84357184370623e-06,0,0.488670741319037,7.7421681088774e-06,"A_Randy_2023_version1","1"
"Hidalgo",1,0,7.98018955244574e-07,0,0.489149349061376,8.00345427496707e-07,"A_Randy_2023_version1","1"
"ICAC",0,3.6054178249481,0.000699756040556422,0,154.142447238653,0.00116678010093099,"A_Randy_2023_version1","1"
"LAIN",0,0.00114910381376291,0.000419778811463791,1,0,0.000345283163977479,"A_Randy_2023_version1","1"
"MEGA",1,0,1.1172265373424e-06,0,0.462344429740843,1.12048359849539e-06,"A_Randy_2023_version1","1"
"MelissodesSp_",1,0,1.27683032839132e-06,0,0.522830654342114,1.28055268399473e-06,"A_Randy_2023_version1","1"
"MELU",1,0,1.27683032839132e-06,0,0.514807527915019,1.28055268399473e-06,"A_Randy_2023_version1","1"
"MERO",0,0.012059607363961,0.000236702799807419,0,0.00415050094504179,0.000211998401860998,"A_Randy_2023_version1","1"
"red_ab_black_wasp",1,0,1.75564170153806e-06,0,0.534869533863323,1.76075994049276e-06,"A_Randy_2023_version1","1"
"red_beetle",0,32.8761568927566,0.00500023665437129,0,30.874245474714,0.00498268628383862,"A_Randy_2023_version1","1"
"small_halictid",0,0.0226963452974893,0.000559804426442119,1,0,0.000233084732525202,"A_Randy_2023_version1","1"
"STME",0,528.705923733937,0.000627136877285954,0,528.727394514109,0.000627124446007288,"A_Randy_2023_version1","1"
"tiny_LAIN",1,0,0.000850965866004735,0,0.486096743371383,8.87156320678164e-06,"A_Randy_2023_version1","1"
"trla_bee",1,0,7.50137817929899e-06,0,0.52796584282907,7.52324701846905e-06,"A_Randy_2023_version1","1"
"white_plume_moth",0,173.541430952673,0.000839707216881286,0,0.0920886779220972,9.31173564525339e-05,"A_Randy_2023_version1","1"
"white_straw_moth",0,6038.6943787655,4.93062668559363e-05,0,6066.20337547141,7.33538899556876e-05,"A_Randy_2023_version1","1"
"APME",1,2.64564866864804e-05,2.95878398010634e-05,1,2.64851834930467e-05,2.95279189286346e-05,"A_Randy_2023_version2","2"
"black_beetle",1,0,0.00125012890029749,0,0.455039329177253,0.00124996495245157,"A_Randy_2023_version2","2"
"black_oviwasp",1,0,1.59603634180048e-07,0,0.546005482085052,1.60846412910633e-07,"A_Randy_2023_version2","2"
"BOVO",1,0,0.00125012890029749,0,0.514137403464009,0.00124996495245157,"A_Randy_2023_version2","2"
"brown_medium_fly",1,0,2.95878398010634e-05,0,0.507340019595502,2.95279189286346e-05,"A_Randy_2023_version2","2"
"CAAN",1,0,1.59603634180048e-07,0,0.463709341601333,1.60846412910633e-07,"A_Randy_2023_version2","2"
"COEU",0,36.4645730566007,0.00500032421905675,1,0,0,"A_Randy_2023_version2","2"
"DAPL",1,0,1.59603634180048e-07,0,0.532462675395637,1.60846412910633e-07,"A_Randy_2023_version2","2"
"DIDU",1,0,5.91756796021268e-05,0,0.500185374473308,5.90558378572693e-05,"A_Randy_2023_version2","2"
"DULY",1,0,3.19207268360096e-07,0,0.515588772886241,3.21692825821267e-07,"A_Randy_2023_version2","2"
"Eristolis",0,59.8139212601311,0.00250025780059498,0,49.3717660005302,0.00249992990490313,"A_Randy_2023_version2","2"
"Geron",1,0,0.0012493575047879,0,0.502645435814115,0.000625062899432239,"A_Randy_2023_version2","2"
"gold_potter_wasp",1,0,3.19207268360096e-07,0,0.461839727830067,3.21692825821267e-07,"A_Randy_2023_version2","2"
"gold_red_wasp",1,0,0.000279900551671046,0,0.540305639938594,0.000460056730127933,"A_Randy_2023_version2","2"
"HALI",1,0,3.19207268360096e-07,0,0.516890447943886,3.21692825821267e-07,"A_Randy_2023_version2","2"
"HATR",1,0,6.38414536720191e-07,0,0.477758592892326,6.43385651642533e-07,"A_Randy_2023_version2","2"
"HETH",1,0,8.84357239234186e-06,0,0.488670741319037,7.74388416120759e-06,"A_Randy_2023_version2","2"
"Hidalgo",1,0,7.98018170900239e-07,0,0.489149349061376,8.04232064553167e-07,"A_Randy_2023_version2","2"
"ICAC",0,3.60292615374495,0.000699751385932854,0,161.984196244153,0.00116677901317512,"A_Randy_2023_version2","2"
"LAIN",0,0.00114508272852993,0.000419775864171618,1,0,0.000345283817215316,"A_Randy_2023_version2","2"
"MEGA",1,0,1.11722543926033e-06,0,0.462344429740843,1.12592489037443e-06,"A_Randy_2023_version2","2"
"MelissodesSp_",1,0,1.27682907344038e-06,0,0.522830654342114,1.28677130328507e-06,"A_Randy_2023_version2","2"
"MELU",1,0,1.27682907344038e-06,0,0.514807527915019,1.28677130328507e-06,"A_Randy_2023_version2","2"
"MERO",0,0.0120534202872071,0.000236702564750752,0,0.00423227490954215,0.000211997602290949,"A_Randy_2023_version2","2"
"red_ab_black_wasp",1,0,1.75563997598053e-06,0,0.534869533863323,1.76931054201697e-06,"A_Randy_2023_version2","2"
"red_beetle",0,32.8761887393136,0.00500023184034029,0,32.6116113226784,0.00498256749147859,"A_Randy_2023_version2","2"
"small_halictid",0,0.0226521641054912,0.000559800687932091,1,0,0.000233090260994643,"A_Randy_2023_version2","2"
"STME",0,528.706453584519,0.000627136253393246,0,555.632508686105,0.000627128387701274,"A_Randy_2023_version2","2"
"tiny_LAIN",1,0,6.33574934917336e-06,0,0.486096743371383,6.8543828241427e-06,"A_Randy_2023_version2","2"
"trla_bee",1,0,7.50137080646224e-06,0,0.52796584282907,7.55978140679977e-06,"A_Randy_2023_version2","2"
"white_plume_moth",0,173.5446780357,0.00083970162731009,0,0.0961314576376884,9.31961731659062e-05,"A_Randy_2023_version2","2"
"white_straw_moth",0,6038.70032895191,4.93062191083473e-05,0,6344.02689253203,4.93122149446739e-05,"A_Randy_2023_version2","2"
"APME",1,2.64206273215096e-05,2.95937967681705e-05,1,2.39144435212878e-05,0,"A_Randy_2023_version3","3"
"black_beetle",1,0,0,0,0.455039329177253,0,"A_Randy_2023_version3","3"
"black_oviwasp",1,0,1.59637981379942e-07,0,0.546005482085052,0,"A_Randy_2023_version3","3"
"BOVO",1,0,0,0,0.514137403464009,0,"A_Randy_2023_version3","3"
"brown_medium_fly",1,0,2.95937967681705e-05,0,0.507340019595502,0,"A_Randy_2023_version3","3"
"CAAN",1,0,1.59637981379942e-07,0,0.463709341601333,0,"A_Randy_2023_version3","3"
"COEU",0,36.4644500453904,0.00500030608453841,0,36.4666122034432,0.00500023111929895,"A_Randy_2023_version3","3"
"DAPL",1,0,1.59637981379942e-07,0,0.532462675395637,0,"A_Randy_2023_version3","3"
"DIDU",1,0,5.91875935363411e-05,0,0.500185374473308,0,"A_Randy_2023_version3","3"
"DULY",1,0,3.19275962759884e-07,0,0.515588772886241,0,"A_Randy_2023_version3","3"
"Eristolis",1,0,0,0,0.500505899056097,0,"A_Randy_2023_version3","3"
"Geron",1,0,7.98681565159068e-08,0,0.502645435814115,0,"A_Randy_2023_version3","3"
"gold_potter_wasp",1,0,3.19275962759884e-07,0,0.461839727830067,0,"A_Randy_2023_version3","3"
"gold_red_wasp",1,0,0,0,0.540305639938594,0,"A_Randy_2023_version3","3"
"HALI",1,0,3.19275962759884e-07,0,0.516890447943886,0,"A_Randy_2023_version3","3"
"HATR",1,0,6.38551925519767e-07,0,0.477758592892326,0,"A_Randy_2023_version3","3"
"HETH",1,0,8.84366249725494e-06,0,0.488670741319037,0,"A_Randy_2023_version3","3"
"Hidalgo",1,0,7.98189906899709e-07,0,0.489149349061376,0,"A_Randy_2023_version3","3"
"ICAC",1,0,0,0,0.533109674548316,0,"A_Randy_2023_version3","3"
"LAIN",1,0,2.40784435937906e-07,0,0.474300133541366,0,"A_Randy_2023_version3","3"
"MEGA",1,0,1.11746586965959e-06,0,0.462344429740843,0,"A_Randy_2023_version3","3"
"MelissodesSp_",1,0,1.27710385103953e-06,0,0.522830654342114,0,"A_Randy_2023_version3","3"
"MELU",1,0,1.27710385103953e-06,0,0.514807527915019,0,"A_Randy_2023_version3","3"
"MERO",0,0.0119198898699443,0.000236750220714473,1,0,0,"A_Randy_2023_version3","3"
"red_ab_black_wasp",1,0,1.75601779517936e-06,0,0.534869533863323,0,"A_Randy_2023_version3","3"
"red_beetle",1,0,1.68102729999528e-06,0,0.452255640878461,0,"A_Randy_2023_version3","3"
"small_halictid",1,0,3.25770725292834e-06,0,0.460556244296281,0,"A_Randy_2023_version3","3"
"STME",0,528.600083424075,0.000627262483374261,1,0,0,"A_Randy_2023_version3","3"
"tiny_LAIN",1,0,6.33785435516976e-06,0,0.486096743371383,0,"A_Randy_2023_version3","3"
"trla_bee",1,0,7.50298512485726e-06,0,0.52796584282907,0,"A_Randy_2023_version3","3"
"white_plume_moth",0,0.0302432901889105,1.72410283494735e-05,1,0,0,"A_Randy_2023_version3","3"
"white_straw_moth",0,5331.52966368189,2.82574283050979e-05,1,0,2.475361940247e-05,"A_Randy_2023_version3","3"
"ANCA",1,2.07557274831766e-05,8.43350566126777e-07,1,2.08827850528655e-05,8.99461951453633e-07,"A_Rock_2022_version1","1"
"Anth_Syr",1,0,0.000555889280513465,0,0.464330205514249,0.00125162066631287,"A_Rock_2022_version1","1"
"Anthphora",1,0,0.00125008377195691,0,0.497764077991137,0.00125005689095615,"A_Rock_2022_version1","1"
"APME",1,0,3.8581987010613e-06,0,0.520858797044893,3.38018693426143e-06,"A_Rock_2022_version1","1"
"beetle_1",1,0,3.8581987010613e-06,0,0.47380193351945,3.38018693426143e-06,"A_Rock_2022_version1","1"
"BOCA",1,0,0.000200276048136052,0,0.489096661395904,0.000261927468048797,"A_Rock_2022_version1","1"
"BOCR",1,0,0.000555889280513465,0,0.547588080958271,0.00125162066631287,"A_Rock_2022_version1","1"
"BOED",1,0,3.8581987010613e-06,0,0.512876665668039,3.38018693426143e-06,"A_Rock_2022_version1","1"
"BOVO",1,0,8.43350566126777e-07,0,0.518119882730823,8.99461951453633e-07,"A_Rock_2022_version1","1"
"buckeye",1,0,0.000200276048136052,0,0.540869056941415,0.000261927468048797,"A_Rock_2022_version1","1"
"by_beetle",1,0,0.000200276048136052,0,0.486240014357604,0.000261927468048797,"A_Rock_2022_version1","1"
"click_beetle",1,0,0.000200276048136052,0,0.535921308251992,0.000261927468048797,"A_Rock_2022_version1","1"
"Colias",1,0,2.36798050411696e-06,0,0.529427791237565,2.13982444285753e-06,"A_Rock_2022_version1","1"
"EUAC",1,0,0.000400552096272104,0,0.492887329749245,0.000523854936097594,"A_Rock_2022_version1","1"
"EUAL",1,0,0.000400552096272104,0,0.457351095558773,0.000523854936097594,"A_Rock_2022_version1","1"
"GOLD_BOMB",0,0.0279606818936532,0.00111177856102693,0,60.6689853066322,0.00250324133262575,"A_Rock_2022_version1","1"
"gray_black_moth",0,61.0790908003914,0.00250016754391382,0,61.0808630061578,0.00250011378191231,"A_Rock_2022_version1","1"
"LH_beetle",0,57.9324626368969,0.00250011307487523,0,57.9102514581052,0.00250026434931265,"A_Rock_2022_version1","1"
"muscid",1,0,0.00633899547021731,0,0.499965733080155,0.000441072406206512,"A_Rock_2022_version1","1"
"orange_beetle",0,0.438455430954297,0.000801104192544208,0,1.86297277411376,0.00104770987219519,"A_Rock_2022_version1","1"
"OSCA",0,32.5334886953897,0.00500023224322725,0,34.8972851167996,0.00500034858164749,"A_Rock_2022_version1","1"
"paper_wasp",0,0.0155018310145129,0.00111177640628015,0,0.00343153091847254,0.000879231361340062,"A_Rock_2022_version1","1"
"paperwasp",0,77.1279881910701,0.00100138024068023,0,1.32213567108146,0.000822326047953534,"A_Rock_2022_version1","1"
"SAB",0,0.0109954487358566,0.0011117736596225,1,0,0.000483260359623253,"A_Rock_2022_version1","1"
"small_black_fly",0,97.8171633575484,0.00166766784153963,0,0.328481674908597,0.00112454333706955,"A_Rock_2022_version1","1"
"smoothwing",0,71.2647910792235,0.00100138024067984,0,0.0352399738591375,0.000520347589616358,"A_Rock_2022_version1","1"
"UNKBEE",0,0.0100254169724014,0.00111170909973089,1,0,0.000409478652316538,"A_Rock_2022_version1","1"
"UNKSYR",0,3894.15486828887,8.54622202139898e-05,0,4007.93747933502,0.000118841638168822,"A_Rock_2022_version1","1"
"ANCA",1,2.07050881196361e-05,0,1,2.08000996649036e-05,0,"A_Rock_2022_version2","2"
"Anth_Syr",1,0,0,0,0.464330205514249,0,"A_Rock_2022_version2","2"
"Anthphora",1,0,0,0,0.497764077991137,0,"A_Rock_2022_version2","2"
"APME",1,0,3.68110255837286e-14,0,0.520858797044893,0,"A_Rock_2022_version2","2"
"beetle_1",1,0,3.68110255837286e-14,0,0.47380193351945,0,"A_Rock_2022_version2","2"
"BOCA",1,0,0.000555885717114215,0,0.489096661395904,0.00124494469810626,"A_Rock_2022_version2","2"
"BOCR",0,0.0010376337301999,0.00125008402381372,0,0.00103760344423043,0.00125008422016196,"A_Rock_2022_version2","2"
"BOED",1,0,0.000200277214905564,0,0.512876665668039,0.000200211813374515,"A_Rock_2022_version2","2"
"BOVO",1,0,0.000555885717114215,0,0.518119882730823,0.00124494469810626,"A_Rock_2022_version2","2"
"buckeye",1,0,3.68110255837286e-14,0,0.540869056941415,0,"A_Rock_2022_version2","2"
"by_beetle",1,0,0.000200277214905564,0,0.486240014357604,0.000200211813374515,"A_Rock_2022_version2","2"
"click_beetle",1,0,0.000200277214905564,0,0.535921308251992,0.000200211813374515,"A_Rock_2022_version2","2"
"Colias",1,0,0.000200277214905564,0,0.529427791237565,0.000200211813374515,"A_Rock_2022_version2","2"
"EUAC",1,0,0.000400554429811127,0,0.492887329749245,0.000400423626749031,"A_Rock_2022_version2","2"
"EUAL",1,0,0.000400554429811127,0,0.457351095558773,0.000400423626749031,"A_Rock_2022_version2","2"
"GOLD_BOMB",0,0.0248641076017582,0.00111177143422843,0,27.9129618969098,0.00248988939621252,"A_Rock_2022_version2","2"
"gray_black_moth",0,68.9508891405616,0.00250016804762743,0,68.9508751598416,0.00250016844032392,"A_Rock_2022_version2","2"
"LH_beetle",0,34.3843933570394,0.0050002320290751,0,39.1879212686507,0.00500015483180724,"A_Rock_2022_version2","2"
"muscid",0,64.5490954682037,0.00250011333798353,0,64.5235134448315,0.00250011440380054,"A_Rock_2022_version2","2"
"orange_beetle",0,30.5386975681498,0.00500023212921172,0,33.5905174476369,0.00500015805515547,"A_Rock_2022_version2","2"
"OSCA",0,0.392990879420094,0.000801108859622255,0,0.383684747969001,0.000800847253498062,"A_Rock_2022_version2","2"
"paper_wasp",0,80.2887504488367,0.00100138607452782,0,77.4178694712083,0.00100105906687258,"A_Rock_2022_version2","2"
"paperwasp",0,77.714120911296,0.00100138607452782,0,74.9353008368945,0.00100105906687258,"A_Rock_2022_version2","2"
"SAB",0,0.0145024971810972,0.0011117692012724,0,0.00643586791350014,0.00103599812115991,"A_Rock_2022_version2","2"
"small_black_fly",0,94.3197297288302,0.00166765715130611,0,30.8904335701774,0.0017150499337792,"A_Rock_2022_version2","2"
"smoothwing",0,0.0121733792079115,0.00111176684038962,1,0,0.000517999060579955,"A_Rock_2022_version2","2"
"UNKBEE",0,0.00996742054550658,0.00111169281075629,1,0,0.000481718837160258,"A_Rock_2022_version2","2"
"UNKSYR",0,0.0761595395830901,0.000801108791203817,1,0,3.95480125184228e-05,"A_Rock_2022_version2","2"
"ANCA",1,2.07180023363697e-05,0,1,2.04650127555234e-05,0,"A_Rock_2022_version3","3"
"Anth_Syr",1,0,0,0,0.464330205514249,0,"A_Rock_2022_version3","3"
"Anthphora",1,0,0,0,0.497764077991137,0,"A_Rock_2022_version3","3"
"APME",1,0,8.43351463812104e-07,0,0.520858797044893,8.87160535049275e-07,"A_Rock_2022_version3","3"
"beetle_1",1,0,8.43351463812104e-07,0,0.47380193351945,8.87160535049275e-07,"A_Rock_2022_version3","3"
"BOCA",1,0,0,0,0.489096661395904,0,"A_Rock_2022_version3","3"
"BOCR",1,0,0,0,0.547588080958271,0,"A_Rock_2022_version3","3"
"BOED",1,0,0,0,0.512876665668039,0,"A_Rock_2022_version3","3"
"BOVO",1,0,0,0,0.518119882730823,0,"A_Rock_2022_version3","3"
"buckeye",1,0,8.43351463812104e-07,0,0.540869056941415,8.87160535049275e-07,"A_Rock_2022_version3","3"
"by_beetle",1,0,0,0,0.486240014357604,0,"A_Rock_2022_version3","3"
"click_beetle",1,0,0,0,0.535921308251992,0,"A_Rock_2022_version3","3"
"Colias",1,0,0,0,0.529427791237565,0,"A_Rock_2022_version3","3"
"EUAC",1,0,0,0,0.492887329749245,0,"A_Rock_2022_version3","3"
"EUAL",1,0,0,0,0.457351095558773,0,"A_Rock_2022_version3","3"
"GOLD_BOMB",1,0,0,0,0.499863056302938,0,"A_Rock_2022_version3","3"
"gray_black_moth",1,0,0,0,0.498387283481838,0,"A_Rock_2022_version3","3"
"LH_beetle",1,0,0,0,0.495073479248711,0,"A_Rock_2022_version3","3"
"muscid",1,0,2.82301669566975e-07,0,0.499965733080155,2.95720178349758e-07,"A_Rock_2022_version3","3"
"orange_beetle",1,0,0,0,0.524075878166629,0,"A_Rock_2022_version3","3"
"OSCA",1,0,0,0,0.543284346532675,0,"A_Rock_2022_version3","3"
"paper_wasp",1,0,0,0,0.48001217466314,0,"A_Rock_2022_version3","3"
"paperwasp",1,0,0,0,0.464619563387064,0,"A_Rock_2022_version3","3"
"SAB",1,0,6.8492998301927e-07,0,0.461001846385655,7.0972842803942e-07,"A_Rock_2022_version3","3"
"small_black_fly",1,0,4.90655386739781e-07,0,0.458032203702271,5.06948877171014e-07,"A_Rock_2022_version3","3"
"smoothwing",1,0,4.49092599468562e-06,0,0.547247624070033,4.34708662174145e-06,"A_Rock_2022_version3","3"
"UNKBEE",1,0,5.05835936189994e-06,0,0.490817745048934,4.73152285359613e-06,"A_Rock_2022_version3","3"
"UNKSYR",0,2813.46800144031,6.49380627135319e-05,0,2813.46957652159,6.49379606457673e-05,"A_Rock_2022_version3","3"
"ANCA",1,2.21673513257386e-05,4.8830293112732e-06,1,2.23407242917896e-05,5.09796091392779e-06,"A_Rock_2023_version1","1"
"APME",1,0,4.8830293112732e-06,0,0.479706417689895,5.09796091392779e-06,"A_Rock_2023_version1","1"
"beetle_1",1,0,4.8830293112732e-06,0,0.525762114057207,5.09796091392779e-06,"A_Rock_2023_version1","1"
"black_osmia",1,0,4.8830293112732e-06,0,0.483850959471357,5.09796091392779e-06,"A_Rock_2023_version1","1"
"blackbee",1,0,4.8830293112732e-06,0,0.483075835105533,5.09796091392779e-06,"A_Rock_2023_version1","1"
"blue",1,0,4.8830293112732e-06,0,0.455560618688148,5.09796091392779e-06,"A_Rock_2023_version1","1"
"blue_osmia",1,0,4.8830293112732e-06,0,0.507318291700128,5.09796091392779e-06,"A_Rock_2023_version1","1"
"BOED",1,0,4.8830293112732e-06,0,0.498528604045756,5.09796091392779e-06,"A_Rock_2023_version1","1"
"BOVO",1,0,4.8830293112732e-06,0,0.470248197028529,5.09796091392779e-06,"A_Rock_2023_version1","1"
"clickbeetle",1,0,4.8830293112732e-06,0,0.461447458486747,5.09796091392779e-06,"A_Rock_2023_version1","1"
"COTU",0,36.5074428599564,0.00500022667073631,0,34.7729481381381,0.00500023020609485,"A_Rock_2023_version1","1"
"EUAC",1,0,4.8830293112732e-06,0,0.536460949846758,5.09796091392779e-06,"A_Rock_2023_version1","1"
"Hapbropoda",0,29.903142324554,0.00500022870817709,0,1.12268911022394,0.00388876123733705,"A_Rock_2023_version1","1"
"OSCA",1,0,9.76605862254641e-06,0,0.486739483027132,1.01959218278556e-05,"A_Rock_2023_version1","1"
"OsmiaSp_",0,29.1876090209474,0.0050002246308245,0,32.2462619939907,0.00499983993017798,"A_Rock_2023_version1","1"
"SAB",1,0,0.00124922598579618,0,0.466220381863518,0.000473771721115376,"A_Rock_2023_version1","1"
"shiny_black_beetle",1,0,1.95321172450928e-05,0,0.465957980144749,2.03918436557112e-05,"A_Rock_2023_version1","1"
"silvery_blue",0,31.0593334515352,0.00500022866815332,0,29.9465489215831,0.00481309681899033,"A_Rock_2023_version1","1"
"UNKBEE",0,212.173359811849,0.00289834571817248,0,201.031515593034,0.00379751052714894,"A_Rock_2023_version1","1"
"XylocopaSp_",0,1154.82557926161,0.000162402821409729,0,1141.57449392217,0.000224862761568887,"A_Rock_2023_version1","1"
"ANCA",1,2.1966273493809e-05,0,1,2.18363616348786e-05,0,"A_Rock_2023_version2","2"
"APME",1,0,0,0,0.479706417689895,0,"A_Rock_2023_version2","2"
"beetle_1",1,0,0,0,0.525762114057207,0,"A_Rock_2023_version2","2"
"black_osmia",1,0,0,0,0.483850959471357,0,"A_Rock_2023_version2","2"
"blackbee",1,0,0,0,0.483075835105533,0,"A_Rock_2023_version2","2"
"blue",1,0,0,0,0.455560618688148,0,"A_Rock_2023_version2","2"
"blue_osmia",1,0,0,0,0.507318291700128,0,"A_Rock_2023_version2","2"
"BOED",1,0,0,0,0.498528604045756,0,"A_Rock_2023_version2","2"
"BOVO",1,0,0,0,0.470248197028529,0,"A_Rock_2023_version2","2"
"clickbeetle",1,0,0,0,0.461447458486747,0,"A_Rock_2023_version2","2"
"COTU",1,0,0,0,0.547434786752534,0,"A_Rock_2023_version2","2"
"EUAC",1,0,0,0,0.536460949846758,0,"A_Rock_2023_version2","2"
"Hapbropoda",1,0,0,0,0.499184074462012,0,"A_Rock_2023_version2","2"
"OSCA",0,38.4834726668405,0.00500023244226274,0,38.4834832893375,0.00500023149954133,"A_Rock_2023_version2","2"
"OsmiaSp_",0,0.00128833113489282,0.00125008021179589,0,0.00498585739847388,0.00174631351445257,"A_Rock_2023_version2","2"
"SAB",0,31.7913527277821,0.0050002318557465,0,31.7913614800774,0.00500023088426525,"A_Rock_2023_version2","2"
"shiny_black_beetle",0,30.7342688757205,0.00500024789263537,0,8.14614738631814,0.0047326173410431,"A_Rock_2023_version2","2"
"silvery_blue",0,32.3809002357837,0.0050002317418547,0,39.1520281094872,0.00499948085148759,"A_Rock_2023_version2","2"
"UNKBEE",1,0,0,0,0.464925138938671,0,"A_Rock_2023_version2","2"
"XylocopaSp_",0,129.959331228431,0.00376127516140658,0,137.052213994926,0.00414699257771978,"A_Rock_2023_version2","2"
"ANCA",1,2.23452329314259e-05,0,1,2.19402016833635e-05,0,"A_Rock_2023_version3","3"
"APME",1,0,0,0,0.479706417689895,0,"A_Rock_2023_version3","3"
"beetle_1",1,0,0,0,0.525762114057207,0,"A_Rock_2023_version3","3"
"black_osmia",1,0,0,0,0.483850959471357,0,"A_Rock_2023_version3","3"
"blackbee",1,0,0,0,0.483075835105533,0,"A_Rock_2023_version3","3"
"blue",1,0,0,0,0.455560618688148,0,"A_Rock_2023_version3","3"
"blue_osmia",1,0,0,0,0.507318291700128,0,"A_Rock_2023_version3","3"
"BOED",1,0,0,0,0.498528604045756,0,"A_Rock_2023_version3","3"
"BOVO",1,0,0,0,0.470248197028529,0,"A_Rock_2023_version3","3"
"clickbeetle",1,0,0,0,0.461447458486747,0,"A_Rock_2023_version3","3"
"COTU",1,0,0,0,0.547434786752534,0,"A_Rock_2023_version3","3"
"EUAC",1,0,0,0,0.536460949846758,0,"A_Rock_2023_version3","3"
"Hapbropoda",1,0,0,0,0.499184074462012,0,"A_Rock_2023_version3","3"
"OSCA",1,0,0,0,0.486739483027132,0,"A_Rock_2023_version3","3"
"OsmiaSp_",1,0,0,0,0.53049123700731,0,"A_Rock_2023_version3","3"
"SAB",1,0,0,0,0.466220381863518,0,"A_Rock_2023_version3","3"
"shiny_black_beetle",1,0,0,0,0.465957980144749,0,"A_Rock_2023_version3","3"
"silvery_blue",1,0,0,0,0.455772292802936,0,"A_Rock_2023_version3","3"
"UNKBEE",0,65.1594625080284,0.00166674407529871,0,107.78356669468,0.0016668276554815,"A_Rock_2023_version3","3"
"XylocopaSp_",0,42.6324223088301,0.00166674407528634,0,0.00738659950906316,0.000625060370805564,"A_Rock_2023_version3","3"
"Andrena",0,0.00121568508907453,0.00125018667216941,0,8.47283634709316,0.00500601125821841,"A_Rock_2024_version1","1"
"ANLE",0,0.00129190737556484,0.00125018667216941,0,9.00407504135014,0.00500601125821841,"A_Rock_2024_version1","1"
"ANPL",0,0.00106493732263474,0.00125018667216941,0,7.42218501807581,0.00500601125821841,"A_Rock_2024_version1","1"
"APME",1,2.51373851019086e-05,6.85902346654041e-06,1,2.50407163983624e-05,7.27952919220025e-06,"A_Rock_2024_version1","1"
"beetle1",1,0,6.85902346654041e-06,0,0.469467886732643,7.27952919220025e-06,"A_Rock_2024_version1","1"
"BF1",1,0,0.0005555811892511,0,0.546772315537917,0.000573441610206211,"A_Rock_2024_version1","1"
"black_red_beetle",0,0.00118374789799961,0.00125018667216941,0,8.2502469640748,0.00500601125821841,"A_Rock_2024_version1","1"
"BOCA",0,9.38270806676293,0.00500021919998655,0,11.439813147082,0.00500280520798575,"A_Rock_2024_version1","1"
"BOED",1,0,4.14625697673823e-05,0,0.521979475567108,4.14627632739009e-05,"A_Rock_2024_version1","1"
"BOVO",1,0,6.85902346654041e-06,0,0.509045856380391,7.27952919220025e-06,"A_Rock_2024_version1","1"
"buprestid",0,10.4788494428665,0.00500021919998655,0,12.7762772508402,0.00500280520798575,"A_Rock_2024_version1","1"
"COTU",0,10.4741561971325,0.00500021919998655,0,12.7705550368422,0.00500280520798575,"A_Rock_2024_version1","1"
"cucumber_beetle",1,0,7.81285649420355e-05,0,0.515988757352339,7.89327369097449e-05,"A_Rock_2024_version1","1"
"EUAC",1,0,0.000555582473244512,0,0.523044820769245,0.000780485579525011,"A_Rock_2024_version1","1"
"FLY",1,0,0.000156257425709956,0,0.514302668703861,0.000208859500743543,"A_Rock_2024_version1","1"
"GLLY",1,0,0.000536239912644915,0,0.484952905790393,0.000442457664948391,"A_Rock_2024_version1","1"
"green_andrena",1,0,2.61082750903381e-05,0,0.503487619130634,2.43711462330506e-05,"A_Rock_2024_version1","1"
"listrus",1,0,0.0854006229426061,0,0.516414728558815,4.65503199723848e-05,"A_Rock_2024_version1","1"
"malachite",0,6.69632478233236,0.00500021919953012,0,0.0523239165539672,0.00289164539375538,"A_Rock_2024_version1","1"
"muscid",1,0,0.000524343810192969,0,0.536918797943238,0.000269867898764604,"A_Rock_2024_version1","1"
"Nomada",1,0,0.000124387709302147,0,0.494237031994498,0.000124388289821703,"A_Rock_2024_version1","1"
"OSCA",1,0,2.05770703996212e-05,0,0.541796731525937,2.18385875766008e-05,"A_Rock_2024_version1","1"
"OSGA",1,0,0.000164724614694693,0,0.477666756430486,0.000115420388191869,"A_Rock_2024_version1","1"
"pale_listrus",0,1.71038406969057,0.000373163127906441,0,1.71363938315352,0.000373164869465108,"A_Rock_2024_version1","1"
"potato_beetle",0,1.44857069208835,0.000373163127906441,0,1.45132770550068,0.000373164869465108,"A_Rock_2024_version1","1"
"red_black_tachnid",0,378.681875963991,0.000456088267441206,0,378.675290258314,0.00045609039601291,"A_Rock_2024_version1","1"
"red_white_lep",0,66.6804528862691,0.00250037334433042,0,0.296712566699836,0.00154549380585646,"A_Rock_2024_version1","1"
"UNKBEE",0,340.174667943754,0.000901780862843387,0,321.521506384433,0.000921623113772911,"A_Rock_2024_version1","1"
"variable_checkerspot",0,1240.7052343944,0.00038736962956749,0,1232.25033454089,0.000398429135917016,"A_Rock_2024_version1","1"
"Andrena",1,2.36306934389142e-05,0,1,2.33900429890176e-05,0,"A_Rock_2024_version2","2"
"ANLE",1,0,0,0,0.548203242196796,0,"A_Rock_2024_version2","2"
"ANPL",1,0,0,0,0.451891601552205,0,"A_Rock_2024_version2","2"
"APME",1,0,0,0,0.54214728790901,0,"A_Rock_2024_version2","2"
"beetle1",1,0,0,0,0.469467886732643,0,"A_Rock_2024_version2","2"
"BF1",0,0.00127255558092757,0.0012501943578801,0,8.46705649264217,0.00500157612877889,"A_Rock_2024_version2","2"
"black_red_beetle",0,0.00116906776503131,0.0012501943578801,0,7.77849153240873,0.00500157612877889,"A_Rock_2024_version2","2"
"BOCA",0,0.00111221490452894,0.0012501943578801,0,7.40021618569477,0.00500157612877889,"A_Rock_2024_version2","2"
"BOED",1,0,3.23354864757522e-23,0,0.521979475567108,0,"A_Rock_2024_version2","2"
"BOVO",1,0,3.23354864757522e-23,0,0.509045856380391,0,"A_Rock_2024_version2","2"
"buprestid",0,39.1618491823764,0.00500023354324975,0,39.1618676342664,0.00500023054228925,"A_Rock_2024_version2","2"
"COTU",1,0,3.23354864757522e-23,0,0.533469149090102,0,"A_Rock_2024_version2","2"
"cucumber_beetle",1,0,0.000555581742796243,0,0.515988757352339,0.00210834781040452,"A_Rock_2024_version2","2"
"EUAC",0,0.0012173323109801,0.0012501943578801,0,8.09962377347838,0.00500157612877889,"A_Rock_2024_version2","2"
"FLY",0,9.21256000526965,0.00500022156309182,0,11.2274509213667,0.00500274801444229,"A_Rock_2024_version2","2"
"GLLY",1,0,3.23354864757522e-23,0,0.484952905790393,0,"A_Rock_2024_version2","2"
"green_andrena",0,9.01883304403422,0.00500022156309182,0,10.9913536873905,0.00500274801444229,"A_Rock_2024_version2","2"
"listrus",0,9.25039274330244,0.00500022156309182,0,11.2735581075837,0.00500274801444229,"A_Rock_2024_version2","2"
"malachite",1,0,7.81286508617249e-05,0,0.482342888010825,0.000277755919568222,"A_Rock_2024_version2","2"
"muscid",1,0,0.000555582624462188,0,0.536918797943238,0.000709482525381567,"A_Rock_2024_version2","2"
"Nomada",1,0,0.000156257474777871,0,0.494237031994498,0.000218160345322643,"A_Rock_2024_version2","2"
"OSCA",1,0,0.000536617808188201,0,0.541796731525937,0.000409281349021444,"A_Rock_2024_version2","2"
"OSGA",0,6.05004469841562,0.00500022156025054,0,0.0449949970321747,0.00285611526991193,"A_Rock_2024_version2","2"
"pale_listrus",1,0,6.46709729515043e-23,0,0.545175327172119,0,"A_Rock_2024_version2","2"
"potato_beetle",1,0,0.000529620762621465,0,0.461723781801632,0.000236494175127189,"A_Rock_2024_version2","2"
"red_black_tachnid",1,0,9.70064594272565e-23,0,0.49160074002184,0,"A_Rock_2024_version2","2"
"red_white_lep",0,63.6714398216941,0.00250038871574108,0,0.0421749997428577,0.0014874905152256,"A_Rock_2024_version2","2"
"UNKBEE",0,392.856997890149,0.000886728487422456,0,386.340724587346,0.000891098251917244,"A_Rock_2024_version2","2"
"variable_checkerspot",0,369.943525526764,0.000922987921914098,0,371.428530522107,0.000929695745916305,"A_Rock_2024_version2","2"
"Andrena",1,2.33204297003598e-05,0,1,2.31203989154233e-05,0,"A_Rock_2024_version3","3"
"ANLE",1,0,0,0,0.548203242196796,0,"A_Rock_2024_version3","3"
"ANPL",1,0,0,0,0.451891601552205,0,"A_Rock_2024_version3","3"
"APME",1,0,0,0,0.54214728790901,0,"A_Rock_2024_version3","3"
"beetle1",1,0,0,0,0.469467886732643,0,"A_Rock_2024_version3","3"
"BF1",1,0,0,0,0.546772315537917,0,"A_Rock_2024_version3","3"
"black_red_beetle",1,0,0,0,0.502307245765024,0,"A_Rock_2024_version3","3"
"BOCA",1,0,0,0,0.477879572765846,0,"A_Rock_2024_version3","3"
"BOED",1,0,6.85902455574133e-06,0,0.521979475567108,1.01615065474102e-05,"A_Rock_2024_version3","3"
"BOVO",1,0,6.85902455574133e-06,0,0.509045856380391,1.01615065474102e-05,"A_Rock_2024_version3","3"
"buprestid",1,0,0,0,0.533708185229315,0,"A_Rock_2024_version3","3"
"COTU",1,0,6.85902455574133e-06,0,0.533469149090102,1.01615065474102e-05,"A_Rock_2024_version3","3"
"cucumber_beetle",1,0,0,0,0.515988757352339,0,"A_Rock_2024_version3","3"
"EUAC",1,0,0,0,0.523044820769245,0,"A_Rock_2024_version3","3"
"FLY",1,0,0,0,0.514302668703861,0,"A_Rock_2024_version3","3"
"GLLY",1,0,6.85902455574133e-06,0,0.484952905790393,1.01615065474102e-05,"A_Rock_2024_version3","3"
"green_andrena",1,0,0,0,0.503487619130634,0,"A_Rock_2024_version3","3"
"listrus",1,0,0,0,0.516414728558815,0,"A_Rock_2024_version3","3"
"malachite",1,0,0,0,0.482342888010825,0,"A_Rock_2024_version3","3"
"muscid",1,0,0,0,0.536918797943238,0,"A_Rock_2024_version3","3"
"Nomada",1,0,0,0,0.494237031994498,0,"A_Rock_2024_version3","3"
"OSCA",1,0,0,0,0.541796731525937,0,"A_Rock_2024_version3","3"
"OSGA",1,0,0,0,0.477666756430486,0,"A_Rock_2024_version3","3"
"pale_listrus",1,0,1.37180491114827e-05,0,0.545175327172119,2.03230130948203e-05,"A_Rock_2024_version3","3"
"potato_beetle",1,0,9.71768574795454e-06,0,0.461723781801632,1.35486753965469e-05,"A_Rock_2024_version3","3"
"red_black_tachnid",1,0,2.0577073667224e-05,0,0.49160074002184,3.04845196422305e-05,"A_Rock_2024_version3","3"
"red_white_lep",1,0,6.83781805292854e-05,0,0.533637547066266,7.25821896243583e-05,"A_Rock_2024_version3","3"
"UNKBEE",1,0,1.21207850738604e-05,0,0.546253542740016,1.08389403172375e-05,"A_Rock_2024_version3","3"
"variable_checkerspot",0,896.326338827632,0.000185193663005015,0,896.325722491233,0.00018519345682655,"A_Rock_2024_version3","3"
"acmon_blue",1,2.10362333614456e-05,6.45690323868423e-07,1,2.10497513021014e-05,6.52500744327864e-07,"A_South_Goatgrass_2024_version1","1"
"ADEL",1,0,6.45690323868423e-07,0,0.497764077991137,6.52500744327864e-07,"A_South_Goatgrass_2024_version1","1"
"ADTR",1,0,6.45690323868423e-07,0,0.520858797044893,6.52500744327864e-07,"A_South_Goatgrass_2024_version1","1"
"ANDI",1,0,6.45690323868423e-07,0,0.47380193351945,6.52500744327864e-07,"A_South_Goatgrass_2024_version1","1"
"Andrena",1,0,6.45690323868423e-07,0,0.489096661395904,6.52500744327864e-07,"A_South_Goatgrass_2024_version1","1"
"ANLE",1,0,6.45690323868423e-07,0,0.547588080958271,6.52500744327864e-07,"A_South_Goatgrass_2024_version1","1"
"ANPL",1,0,0.0012500870012183,0,0.512876665668039,0.00187500629704393,"A_South_Goatgrass_2024_version1","1"
"APME",1,0,2.31395539762321e-07,0,0.518119882730823,2.34843393990852e-07,"A_South_Goatgrass_2024_version1","1"
"beetle1",1,0,6.45690323868423e-07,0,0.540869056941415,6.52500744327864e-07,"A_South_Goatgrass_2024_version1","1"
"BF1",1,0,6.45690323868423e-07,0,0.486240014357604,6.52500744327864e-07,"A_South_Goatgrass_2024_version1","1"
"BF2",1,0,6.45690323868423e-07,0,0.535921308251992,6.52500744327864e-07,"A_South_Goatgrass_2024_version1","1"
"black_red_beetle",1,0,2.31395539762321e-07,0,0.529427791237565,2.34843393990852e-07,"A_South_Goatgrass_2024_version1","1"
"black_round_beetle",1,0,6.45690323868423e-07,0,0.492887329749245,6.52500744327864e-07,"A_South_Goatgrass_2024_version1","1"
"black_yellow_calligrapher",1,0,6.45690323868423e-07,0,0.457351095558773,6.52500744327864e-07,"A_South_Goatgrass_2024_version1","1"
"BOED",1,0,2.31395539762321e-07,0,0.499863056302938,2.34843393990852e-07,"A_South_Goatgrass_2024_version1","1"
"BOMA",1,0,0.000157058966533981,0,0.498387283481838,0.000180167511422039,"A_South_Goatgrass_2024_version1","1"
"BOVO",1,0,1.29138064773685e-06,0,0.495073479248711,1.30500148865573e-06,"A_South_Goatgrass_2024_version1","1"
"COTU",1,0,4.62791079524642e-07,0,0.499965733080155,4.69686787981703e-07,"A_South_Goatgrass_2024_version1","1"
"cranefly",1,0,0.0921789460766445,0,0.524075878166629,3.72116027276342e-05,"A_South_Goatgrass_2024_version1","1"
"EUAC",1,0,4.62791079524642e-07,0,0.543284346532675,4.69686787981703e-07,"A_South_Goatgrass_2024_version1","1"
"EUAL",1,0,4.62791079524642e-07,0,0.48001217466314,4.69686787981703e-07,"A_South_Goatgrass_2024_version1","1"
"GLLY",1,0,0.060724411529471,0,0.464619563387064,2.5599455012863e-05,"A_South_Goatgrass_2024_version1","1"
"goldwasp",1,0,1.93707097160527e-06,0,0.461001846385655,1.95750223298359e-06,"A_South_Goatgrass_2024_version1","1"
"green_andrena",1,0,1.93707097160527e-06,0,0.458032203702271,1.95750223298359e-06,"A_South_Goatgrass_2024_version1","1"
"Habropoda",1,0,6.94186619286963e-07,0,0.547247624070033,7.04530181972555e-07,"A_South_Goatgrass_2024_version1","1"
"HETH",0,58.6947862376166,0.00250017400243676,0,58.6745521520094,0.00250022589630668,"A_South_Goatgrass_2024_version1","1"
"listrus",1,0,0.000397786090332,0,0.47384103742607,0.00035991736549374,"A_South_Goatgrass_2024_version1","1"
"muscid",1,0,1.38837323857393e-06,0,0.54631601995617,1.40906036394511e-06,"A_South_Goatgrass_2024_version1","1"
"OSCA",1,0,5.81121291481581e-06,0,0.533347403343463,5.87250669895077e-06,"A_South_Goatgrass_2024_version1","1"
"OSGA",0,175.202878896716,0.00100004752213956,0,151.332719316591,0.001000278118267,"A_South_Goatgrass_2024_version1","1"
"Osmia",1,0,9.68535485802635e-06,0,0.462948154384712,9.78751116491796e-06,"A_South_Goatgrass_2024_version1","1"
"PANUR",1,0,1.09767355057632e-05,0,0.469630743851713,1.10925126535737e-05,"A_South_Goatgrass_2024_version1","1"
"reddish_calligrapher",1,0,2.62310279768632e-05,0,0.483911915744614,2.37529034979503e-05,"A_South_Goatgrass_2024_version1","1"
"small_gray_conebomb",1,0,0.000357022508984307,0,0.50756791972442,2.86170731080266e-05,"A_South_Goatgrass_2024_version1","1"
"small_red_plume_moth",1,0,1.90588958181841e-05,0,0.494026808321488,2.11037989846557e-05,"A_South_Goatgrass_2024_version1","1"
"smoothwing",0,2663.76348954035,5.68207485004213e-05,0,2662.1787598242,6.08162728783677e-05,"A_South_Goatgrass_2024_version1","1"
"XYTA",0,5590.75934895665,6.34323102130307e-05,0,5593.42955806317,6.57780034384365e-05,"A_South_Goatgrass_2024_version1","1"
"acmon_blue",1,2.11783161004089e-05,0,1,2.11207420977078e-05,0,"A_South_Goatgrass_2024_version2","2"
"ADEL",1,0,0,0,0.497764077991137,0,"A_South_Goatgrass_2024_version2","2"
"ADTR",1,0,0,0,0.520858797044893,0,"A_South_Goatgrass_2024_version2","2"
"ANDI",1,0,0,0,0.47380193351945,0,"A_South_Goatgrass_2024_version2","2"
"Andrena",1,0,0,0,0.489096661395904,0,"A_South_Goatgrass_2024_version2","2"
"ANLE",1,0,0,0,0.547588080958271,0,"A_South_Goatgrass_2024_version2","2"
"ANPL",1,0,0,0,0.512876665668039,0,"A_South_Goatgrass_2024_version2","2"
"APME",1,0,0,0,0.518119882730823,0,"A_South_Goatgrass_2024_version2","2"
"beetle1",1,0,2.63924656713742e-23,0,0.540869056941415,0,"A_South_Goatgrass_2024_version2","2"
"BF1",1,0,2.63924656713742e-23,0,0.486240014357604,0,"A_South_Goatgrass_2024_version2","2"
"BF2",1,0,2.63924656713742e-23,0,0.535921308251992,0,"A_South_Goatgrass_2024_version2","2"
"black_red_beetle",1,0,2.63924656713742e-23,0,0.529427791237565,0,"A_South_Goatgrass_2024_version2","2"
"black_round_beetle",1,0,2.63924656713742e-23,0,0.492887329749245,0,"A_South_Goatgrass_2024_version2","2"
"black_yellow_calligrapher",1,0,2.63924656713742e-23,0,0.457351095558773,0,"A_South_Goatgrass_2024_version2","2"
"BOED",0,0.00102662309037993,0.0012500833866483,0,0.00636429209428477,0.00187529467546479,"A_South_Goatgrass_2024_version2","2"
"BOMA",1,0,0.000200009938755476,0,0.498387283481838,0.000360016298606165,"A_South_Goatgrass_2024_version2","2"
"BOVO",1,0,0.000555583130389359,0,0.495073479248711,0.000912634201393381,"A_South_Goatgrass_2024_version2","2"
"COTU",0,19.0142978489021,0.00500022839084318,0,31.0065557172983,0.00500052531015424,"A_South_Goatgrass_2024_version2","2"
"cranefly",1,0,2.63924656713742e-23,0,0.524075878166629,0,"A_South_Goatgrass_2024_version2","2"
"EUAC",1,0,2.63924656713742e-23,0,0.543284346532675,0,"A_South_Goatgrass_2024_version2","2"
"EUAL",1,0,2.63924656713742e-23,0,0.48001217466314,0,"A_South_Goatgrass_2024_version2","2"
"GLLY",1,0,2.63924656713742e-23,0,0.464619563387064,0,"A_South_Goatgrass_2024_version2","2"
"goldwasp",1,0,2.63924656713742e-23,0,0.461001846385655,0,"A_South_Goatgrass_2024_version2","2"
"green_andrena",1,0,0.000156627365624508,0,0.458032203702271,0.000180008149303082,"A_South_Goatgrass_2024_version2","2"
"Habropoda",1,0,5.27849313427484e-23,0,0.547247624070033,0,"A_South_Goatgrass_2024_version2","2"
"HETH",1,0,0.000539199850246268,0,0.490817745048934,0.00045631710069669,"A_South_Goatgrass_2024_version2","2"
"listrus",1,0,0.000400019877510953,0,0.47384103742607,0.000720032597212329,"A_South_Goatgrass_2024_version2","2"
"muscid",0,11.9951436602169,0.00500022838969839,0,0.00274828306654128,0.00166684177005141,"A_South_Goatgrass_2024_version2","2"
"OSCA",1,0,7.91773970141226e-23,0,0.533347403343463,0,"A_South_Goatgrass_2024_version2","2"
"OSGA",1,0,7.91773970141226e-23,0,0.469807993583292,0,"A_South_Goatgrass_2024_version2","2"
"Osmia",0,71.1461893419583,0.00250016677328735,0,71.1114159884384,0.00250039290061972,"A_South_Goatgrass_2024_version2","2"
"PANUR",0,111.29769831738,0.00166674939116505,0,112.90147943552,0.00171474482222932,"A_South_Goatgrass_2024_version2","2"
"reddish_calligrapher",1,0,2.37532191042368e-22,0,0.483911915744614,0,"A_South_Goatgrass_2024_version2","2"
"small_gray_conebomb",0,160.252110658329,0.00100004969377665,0,152.107917692495,0.00100004527390601,"A_South_Goatgrass_2024_version2","2"
"small_red_plume_moth",1,0,3.95886985070613e-22,0,0.494026808321488,0,"A_South_Goatgrass_2024_version2","2"
"smoothwing",1,0,4.48671916413361e-22,0,0.508567459256652,0,"A_South_Goatgrass_2024_version2","2"
"XYTA",1,0,7.88250517812196e-06,0,0.493287726558413,4.04512695063106e-06,"A_South_Goatgrass_2024_version2","2"
"acmon_blue",1,2.09666451329978e-05,0,1,2.08627194079021e-05,0,"A_South_Goatgrass_2024_version3","3"
"ADEL",1,0,0,0,0.497764077991137,0,"A_South_Goatgrass_2024_version3","3"
"ADTR",1,0,0,0,0.520858797044893,0,"A_South_Goatgrass_2024_version3","3"
"ANDI",1,0,0,0,0.47380193351945,0,"A_South_Goatgrass_2024_version3","3"
"Andrena",1,0,0,0,0.489096661395904,0,"A_South_Goatgrass_2024_version3","3"
"ANLE",1,0,0,0,0.547588080958271,0,"A_South_Goatgrass_2024_version3","3"
"ANPL",1,0,0,0,0.512876665668039,0,"A_South_Goatgrass_2024_version3","3"
"APME",1,0,0,0,0.518119882730823,0,"A_South_Goatgrass_2024_version3","3"
"beetle1",1,0,6.45690307258798e-07,0,0.540869056941415,6.53027370074392e-07,"A_South_Goatgrass_2024_version3","3"
"BF1",1,0,6.45690307258798e-07,0,0.486240014357604,6.53027370074392e-07,"A_South_Goatgrass_2024_version3","3"
"BF2",1,0,6.45690307258798e-07,0,0.535921308251992,6.53027370074392e-07,"A_South_Goatgrass_2024_version3","3"
"black_red_beetle",1,0,6.45690307258798e-07,0,0.529427791237565,6.53027370074392e-07,"A_South_Goatgrass_2024_version3","3"
"black_round_beetle",1,0,6.45690307258798e-07,0,0.492887329749245,6.53027370074392e-07,"A_South_Goatgrass_2024_version3","3"
"black_yellow_calligrapher",1,0,6.45690307258798e-07,0,0.457351095558773,6.53027370074392e-07,"A_South_Goatgrass_2024_version3","3"
"BOED",1,0,0,0,0.499863056302938,0,"A_South_Goatgrass_2024_version3","3"
"BOMA",1,0,0,0,0.498387283481838,0,"A_South_Goatgrass_2024_version3","3"
"BOVO",1,0,0,0,0.495073479248711,0,"A_South_Goatgrass_2024_version3","3"
"COTU",1,0,0,0,0.499965733080155,0,"A_South_Goatgrass_2024_version3","3"
"cranefly",1,0,6.45690307258798e-07,0,0.524075878166629,6.53027370074392e-07,"A_South_Goatgrass_2024_version3","3"
"EUAC",1,0,6.45690307258798e-07,0,0.543284346532675,6.53027370074392e-07,"A_South_Goatgrass_2024_version3","3"
"EUAL",1,0,6.45690307258798e-07,0,0.48001217466314,6.53027370074392e-07,"A_South_Goatgrass_2024_version3","3"
"GLLY",1,0,6.45690307258798e-07,0,0.464619563387064,6.53027370074392e-07,"A_South_Goatgrass_2024_version3","3"
"goldwasp",1,0,6.45690307258798e-07,0,0.461001846385655,6.53027370074392e-07,"A_South_Goatgrass_2024_version3","3"
"green_andrena",1,0,3.23629077597067e-07,0,0.458032203702271,3.26513685037196e-07,"A_South_Goatgrass_2024_version3","3"
"Habropoda",1,0,1.2913806145176e-06,0,0.547247624070033,1.30605474014878e-06,"A_South_Goatgrass_2024_version3","3"
"HETH",1,0,3.23629077597064e-07,0,0.490817745048934,3.26513685037196e-07,"A_South_Goatgrass_2024_version3","3"
"listrus",1,0,0,0,0.47384103742607,0,"A_South_Goatgrass_2024_version3","3"
"muscid",1,0,8.66476826813788e-07,0,0.54631601995617,8.70703160099189e-07,"A_South_Goatgrass_2024_version3","3"
"OSCA",1,0,1.93707092177639e-06,0,0.533347403343463,1.95908211022317e-06,"A_South_Goatgrass_2024_version3","3"
"OSGA",1,0,1.93707092177639e-06,0,0.469807993583292,1.95908211022317e-06,"A_South_Goatgrass_2024_version3","3"
"Osmia",1,0,2.1592748818926e-07,0,0.462948154384712,2.17675790024797e-07,"A_South_Goatgrass_2024_version3","3"
"PANUR",1,0,1.29640504812193e-07,0,0.469630743851713,1.30605474014878e-07,"A_South_Goatgrass_2024_version3","3"
"reddish_calligrapher",1,0,5.81121276532918e-06,0,0.483911915744614,5.87724633066952e-06,"A_South_Goatgrass_2024_version3","3"
"small_gray_conebomb",1,0,1.19763541352239e-06,0,0.50756791972442,1.16093754679892e-06,"A_South_Goatgrass_2024_version3","3"
"small_red_plume_moth",1,0,9.68535460888197e-06,0,0.494026808321488,9.79541055111587e-06,"A_South_Goatgrass_2024_version3","3"
"smoothwing",1,0,1.09767352233996e-05,0,0.508567459256652,1.11014652912647e-05,"A_South_Goatgrass_2024_version3","3"
"XYTA",0,3286.54783017352,5.68207470387742e-05,0,3286.5489290433,5.68207185826527e-05,"A_South_Goatgrass_2024_version3","3"
"ANCA",1,2.33796441814689e-05,7.39688531728273e-06,1,2.33030175320747e-05,7.396857006599e-06,"A_Upper_Grid_2_2024_version1","1"
"ANPL",1,0,9.38304567295037e-07,0,0.453558770196307,9.39556519763432e-07,"A_Upper_Grid_2_2024_version1","1"
"ant",0,20.3436463591374,0.0050002278881119,0,2.11868890179434,0.00454569547144015,"A_Upper_Grid_2_2024_version1","1"
"APME",1,0,7.39688531728273e-06,0,0.547335564204182,7.396857006599e-06,"A_Upper_Grid_2_2024_version1","1"
"big_gray_beetle",1,0,7.39688531728273e-06,0,0.46882757969146,7.396857006599e-06,"A_Upper_Grid_2_2024_version1","1"
"blue_black_osmia",1,0,9.38304567295037e-07,0,0.485131874370916,9.39556519763432e-07,"A_Upper_Grid_2_2024_version1","1"
"BOCA",1,0,7.39688531728273e-06,0,0.511412551981123,7.396857006599e-06,"A_Upper_Grid_2_2024_version1","1"
"BOCR",1,0,9.38304567295037e-07,0,0.510761146741342,9.39556519763432e-07,"A_Upper_Grid_2_2024_version1","1"
"BOED",1,0,9.38304567295037e-07,0,0.462593281740599,9.39556519763432e-07,"A_Upper_Grid_2_2024_version1","1"
"BOVO",1,0,1.47937706345655e-05,0,0.505286214247014,1.4793714013198e-05,"A_Upper_Grid_2_2024_version1","1"
"COTU",1,0,3.74561686895921e-06,0,0.5454028495566,3.71836102855091e-06,"A_Upper_Grid_2_2024_version1","1"
"EUAC",0,12.3399721375959,0.00500022788809912,0,0.0010988194902729,0.00152509429982218,"A_Upper_Grid_2_2024_version1","1"
"green_lacewing",1,0,2.81491370188511e-06,0,0.533810163933695,2.8186695592903e-06,"A_Upper_Grid_2_2024_version1","1"
"listrus",1,0,6.65719678555445e-05,0,0.547425233618089,6.6571713059391e-05,"A_Upper_Grid_2_2024_version1","1"
"muscid",0,0.00339291572837731,0.000103556114905814,0,0.00250130204964349,9.67149019875445e-05,"A_Upper_Grid_2_2024_version1","1"
"OSCA",0,0.00721360867703749,0.000110953217830158,0,0.00517270678883647,0.000104159683591377,"A_Upper_Grid_2_2024_version1","1"
"UNKFLY",0,949.607407368869,0.000192319018249351,0,949.613160280671,0.000192318282171574,"A_Upper_Grid_2_2024_version1","1"
"white_moth",0,4162.12792980708,0.000122928395994536,0,4224.73647304996,0.000195434617163871,"A_Upper_Grid_2_2024_version1","1"
"ANCA",1,2.31617856793306e-05,0,1,2.27936073146033e-05,0,"A_Upper_Grid_2_2024_version2","2"
"ANPL",1,0,0,0,0.453558770196307,0,"A_Upper_Grid_2_2024_version2","2"
"ant",1,0,0,0,0.462250689329696,0,"A_Upper_Grid_2_2024_version2","2"
"APME",1,0,0,0,0.547335564204182,0,"A_Upper_Grid_2_2024_version2","2"
"big_gray_beetle",1,0,0,0,0.46882757969146,0,"A_Upper_Grid_2_2024_version2","2"
"blue_black_osmia",1,0,0,0,0.485131874370916,0,"A_Upper_Grid_2_2024_version2","2"
"BOCA",1,0,0,0,0.511412551981123,0,"A_Upper_Grid_2_2024_version2","2"
"BOCR",1,0,0,0,0.510761146741342,0,"A_Upper_Grid_2_2024_version2","2"
"BOED",0,16.2838233277345,0.00500020805684268,0,9.07906081300521,0.00499835003729418,"A_Upper_Grid_2_2024_version2","2"
"BOVO",1,0,2.26355470360794e-06,0,0.505286214247014,5.54447713759142e-06,"A_Upper_Grid_2_2024_version2","2"
"COTU",0,19.1988167502977,0.00500020805684268,0,10.7043181001626,0.00499835003729418,"A_Upper_Grid_2_2024_version2","2"
"EUAC",1,0,0,0,0.485692497778541,0,"A_Upper_Grid_2_2024_version2","2"
"green_lacewing",1,0,0,0,0.533810163933695,0,"A_Upper_Grid_2_2024_version2","2"
"listrus",1,0,0,0,0.547425233618089,0,"A_Upper_Grid_2_2024_version2","2"
"muscid",1,0,0,0,0.47590141921579,0,"A_Upper_Grid_2_2024_version2","2"
"OSCA",1,0,0,0,0.475152759777919,0,"A_Upper_Grid_2_2024_version2","2"
"UNKFLY",1,0,0,0,0.49243358748147,0,"A_Upper_Grid_2_2024_version2","2"
"white_moth",0,1948.65376974617,0.000280536077627256,0,1963.92747823176,0.000317369572932039,"A_Upper_Grid_2_2024_version2","2"
"ANCA",1,2.26294207387764e-05,0,1,2.25602307992974e-05,0,"A_Upper_Grid_2_2024_version3","3"
"ANPL",1,0,0,0,0.453558770196307,0,"A_Upper_Grid_2_2024_version3","3"
"ant",1,0,0,0,0.462250689329696,0,"A_Upper_Grid_2_2024_version3","3"
"APME",1,0,0,0,0.547335564204182,0,"A_Upper_Grid_2_2024_version3","3"
"big_gray_beetle",1,0,0,0,0.46882757969146,0,"A_Upper_Grid_2_2024_version3","3"
"blue_black_osmia",1,0,0,0,0.485131874370916,0,"A_Upper_Grid_2_2024_version3","3"
"BOCA",1,0,0,0,0.511412551981123,0,"A_Upper_Grid_2_2024_version3","3"
"BOCR",1,0,9.38304381421352e-07,0,0.510761146741342,1.60674339188858e-06,"A_Upper_Grid_2_2024_version3","3"
"BOED",1,0,0,0,0.462593281740599,0,"A_Upper_Grid_2_2024_version3","3"
"BOVO",1,0,0,0,0.505286214247014,0,"A_Upper_Grid_2_2024_version3","3"
"COTU",1,0,0,0,0.5454028495566,0,"A_Upper_Grid_2_2024_version3","3"
"EUAC",1,0,9.38304381421352e-07,0,0.485692497778541,1.60674339188858e-06,"A_Upper_Grid_2_2024_version3","3"
"green_lacewing",1,0,9.38304381421352e-07,0,0.533810163933695,1.60674339188858e-06,"A_Upper_Grid_2_2024_version3","3"
"listrus",1,0,9.38304381421352e-07,0,0.547425233618089,1.60674339188858e-06,"A_Upper_Grid_2_2024_version3","3"
"muscid",1,0,9.38304381421352e-07,0,0.47590141921579,1.60674339188858e-06,"A_Upper_Grid_2_2024_version3","3"
"OSCA",1,0,1.8766087628427e-06,0,0.475152759777919,3.21348678377717e-06,"A_Upper_Grid_2_2024_version3","3"
"UNKFLY",1,0,2.81491314426406e-06,0,0.49243358748147,4.82023017566575e-06,"A_Upper_Grid_2_2024_version3","3"
"white_moth",0,2470.53860228376,6.84962198437584e-05,0,2470.53792976646,6.84986842829941e-05,"A_Upper_Grid_2_2024_version3","3"
"APME",1,2.73703385973658e-05,2.95873138165144e-05,1,2.68126816735113e-05,2.67729310472674e-05,"A_Vineyard_2022_version1","1"
"APTE",0,22.5234895410481,0.00499649483935451,0,1.25889174823537,0.00438376990882962,"A_Vineyard_2022_version1","1"
"black_bee",1,0,2.95873138165144e-05,0,0.484184787531469,2.67729310472674e-05,"A_Vineyard_2022_version1","1"
"BOCR",1,0,9.37057034089806e-08,0,0.493724041405937,9.5419092791104e-08,"A_Vineyard_2022_version1","1"
"BOVO",1,0,2.95873138165144e-05,0,0.519963909578493,2.67729310472674e-05,"A_Vineyard_2022_version1","1"
"cobalt_beetle",1,0,9.37057034089806e-08,0,0.533428285728874,9.5419092791104e-08,"A_Vineyard_2022_version1","1"
"DAPL",1,0,2.95873138165144e-05,0,0.52919824518226,2.67729310472674e-05,"A_Vineyard_2022_version1","1"
"DIDU",1,0,0.000312812141109235,0,0.534906778244724,0.000312736302227058,"A_Vineyard_2022_version1","1"
"duskywing",1,0,0.000312812141109235,0,0.478221959075063,0.000312736302227058,"A_Vineyard_2022_version1","1"
"Eristolis",1,0,9.37057034089806e-08,0,0.476466174575717,9.5419092791104e-08,"A_Vineyard_2022_version1","1"
"fuzzy_anthorid",1,0,9.37057034089806e-08,0,0.466996094080152,9.5419092791104e-08,"A_Vineyard_2022_version1","1"
"greencuckoobee",1,0,9.37057034089806e-08,0,0.503353205115233,9.5419092791104e-08,"A_Vineyard_2022_version1","1"
"HALI",1,0,9.37057034089806e-08,0,0.45731837172402,9.5419092791104e-08,"A_Vineyard_2022_version1","1"
"HATR",1,0,0.000312812141109235,0,0.549873565602989,0.000312736302227058,"A_Vineyard_2022_version1","1"
"HEER",0,66.7818904883516,0.00250011308687777,0,66.781865707517,0.00250011401382927,"A_Vineyard_2022_version1","1"
"ICAC",1,0,0.000272943735503396,0,0.462222077703207,0.000156415860659925,"A_Vineyard_2022_version1","1"
"JUCO",1,0,1.65503410721821e-05,0,0.466459957797294,1.34341750700293e-05,"A_Vineyard_2022_version1","1"
"LAIN",0,0.00104757470629337,0.00062562428221847,0,0.0010985073182236,0.000625472604454116,"A_Vineyard_2022_version1","1"
"MEGA",1,0,8.87619414495432e-05,0,0.527320244944338,8.03187931418022e-05,"A_Vineyard_2022_version1","1"
"Mellisodes_",0,0.123225229908626,0.000938436423327704,0,0.136124073991565,0.000938208906681175,"A_Vineyard_2022_version1","1"
"MELU",0,108.565900165665,0.00125124856443694,0,129.375007324877,0.00125094520890823,"A_Vineyard_2022_version1","1"
"orange_blister_beetle",1,0,7.32308979196907e-06,0,0.45330772488532,5.65992730638502e-06,"A_Vineyard_2022_version1","1"
"red_ab_black_wasp",0,166.641247169333,0.00100027552436482,0,166.237432754666,0.0010009706148365,"A_Vineyard_2022_version1","1"
"red_wasp",0,8.34724750069146,0.0049856067233373,0,0.47499548931427,0.00142336205063491,"A_Vineyard_2022_version1","1"
"small_black_bee",0,182.190496143183,0.000833370846311867,0,131.548805638592,0.000833352639405743,"A_Vineyard_2022_version1","1"
"small_green_bee",0,0.0852606937434164,0.000938436358809653,0,0.00107011587439417,0.000417442874371965,"A_Vineyard_2022_version1","1"
"STME",0,0.00688522253043952,0.000207110881186615,0,0.00105980782397262,0.000163996130051112,"A_Vineyard_2022_version1","1"
"Villa",1,0,3.35813590823133e-06,0,0.475752447883483,3.03167154895492e-06,"A_Vineyard_2022_version1","1"
"white_skipper_",0,20.7435674877084,0.00125124855710184,1,0,7.07146909094737e-05,"A_Vineyard_2022_version1","1"
"ZEEU",0,8554.53815245291,7.43012459961938e-05,0,8643.49505901327,0.000115390111903634,"A_Vineyard_2022_version1","1"
"APME",1,2.4728802850903e-05,0,1,2.43231691984536e-05,0,"A_Vineyard_2022_version2","2"
"APTE",1,0,0,0,0.507936228047095,0,"A_Vineyard_2022_version2","2"
"black_bee",1,0,0,0,0.484184787531469,0,"A_Vineyard_2022_version2","2"
"BOCR",1,0,0,0,0.493724041405937,0,"A_Vineyard_2022_version2","2"
"BOVO",1,0,0,0,0.519963909578493,0,"A_Vineyard_2022_version2","2"
"cobalt_beetle",1,0,0,0,0.533428285728874,0,"A_Vineyard_2022_version2","2"
"DAPL",1,0,2.95873829221702e-05,0,0.52919824518226,3.58955493752555e-05,"A_Vineyard_2022_version2","2"
"DIDU",0,23.2821379853691,0.00499576911215196,0,3.67803021075394,0.00474518331201765,"A_Vineyard_2022_version2","2"
"duskywing",1,0,0.000312768450348624,0,0.478221959075063,0.000312896394959723,"A_Vineyard_2022_version2","2"
"Eristolis",1,0,2.95873829221702e-05,0,0.476466174575717,3.58955493752555e-05,"A_Vineyard_2022_version2","2"
"fuzzy_anthorid",1,0,2.95873829221702e-05,0,0.466996094080152,3.58955493752555e-05,"A_Vineyard_2022_version2","2"
"greencuckoobee",1,0,2.95873829221702e-05,0,0.503353205115233,3.58955493752555e-05,"A_Vineyard_2022_version2","2"
"HALI",1,0,2.95873829221702e-05,0,0.45731837172402,3.58955493752555e-05,"A_Vineyard_2022_version2","2"
"HATR",1,0,2.95873829221702e-05,0,0.549873565602989,3.58955493752555e-05,"A_Vineyard_2022_version2","2"
"HEER",1,0,2.95873829221702e-05,0,0.525017089431648,3.58955493752555e-05,"A_Vineyard_2022_version2","2"
"ICAC",1,0,0.000312768450348624,0,0.462222077703207,0.000312896394959723,"A_Vineyard_2022_version2","2"
"JUCO",1,0,0.000312768450348624,0,0.466459957797294,0.000312896394959723,"A_Vineyard_2022_version2","2"
"LAIN",1,0,0.000312768450348624,0,0.492510699128039,0.000312896394959723,"A_Vineyard_2022_version2","2"
"MEGA",0,68.1463129250722,0.00250011475638377,0,68.1463641959907,0.00250011287665093,"A_Vineyard_2022_version2","2"
"Mellisodes_",1,0,0.000625536900697248,0,0.471356779486573,0.000625792789919446,"A_Vineyard_2022_version2","2"
"MELU",1,0,8.87621487665106e-05,0,0.493392830827922,0.000107686648125766,"A_Vineyard_2022_version2","2"
"orange_blister_beetle",0,0.0981261120596408,0.000938305351045873,0,0.123912507917204,0.000938689184879169,"A_Vineyard_2022_version2","2"
"red_ab_black_wasp",0,85.118050531783,0.0012510738013945,0,129.544273355213,0.00125158557983889,"A_Vineyard_2022_version2","2"
"red_wasp",0,172.176258481729,0.00100032535357858,0,172.091027033622,0.00100041246425479,"A_Vineyard_2022_version2","2"
"small_black_bee",0,0.0799149590131965,0.00093830529825891,0,0.00490004839990745,0.000591929950427706,"A_Vineyard_2022_version2","2"
"small_green_bee",0,8.86612974549831,0.00498277375050665,0,0.17288530710677,0.00137656659876545,"A_Vineyard_2022_version2","2"
"STME",0,212.698120191455,0.000833371459676521,0,167.556497486375,0.000833204806920357,"A_Vineyard_2022_version2","2"
"Villa",0,0.00339186635471568,0.000207111680455191,0,0.0103749138169173,0.000251268845626788,"A_Vineyard_2022_version2","2"
"white_skipper_",0,44.5575711883291,0.00125107380025202,0,0.302460519448154,0.000615020385340281,"A_Vineyard_2022_version2","2"
"ZEEU",0,702.378377458503,0.000724160958838869,0,753.067500773245,0.000914955258161742,"A_Vineyard_2022_version2","2"
"APME",1,2.42793900653234e-05,0,1,2.42455515868527e-05,0,"A_Vineyard_2022_version3","3"
"APTE",1,0,0,0,0.507936228047095,0,"A_Vineyard_2022_version3","3"
"black_bee",1,0,0,0,0.484184787531469,0,"A_Vineyard_2022_version3","3"
"BOCR",1,0,0,0,0.493724041405937,0,"A_Vineyard_2022_version3","3"
"BOVO",1,0,0,0,0.519963909578493,0,"A_Vineyard_2022_version3","3"
"cobalt_beetle",1,0,0,0,0.533428285728874,0,"A_Vineyard_2022_version3","3"
"DAPL",1,0,0,0,0.52919824518226,0,"A_Vineyard_2022_version3","3"
"DIDU",1,0,0,0,0.534906778244724,0,"A_Vineyard_2022_version3","3"
"duskywing",1,0,0,0,0.478221959075063,0,"A_Vineyard_2022_version3","3"
"Eristolis",1,0,0,0,0.476466174575717,0,"A_Vineyard_2022_version3","3"
"fuzzy_anthorid",1,0,0,0,0.466996094080152,0,"A_Vineyard_2022_version3","3"
"greencuckoobee",1,0,0,0,0.503353205115233,0,"A_Vineyard_2022_version3","3"
"HALI",1,0,0,0,0.45731837172402,0,"A_Vineyard_2022_version3","3"
"HATR",1,0,0,0,0.549873565602989,0,"A_Vineyard_2022_version3","3"
"HEER",1,0,0,0,0.525017089431648,0,"A_Vineyard_2022_version3","3"
"ICAC",1,0,0,0,0.462222077703207,0,"A_Vineyard_2022_version3","3"
"JUCO",1,0,0,0,0.466459957797294,0,"A_Vineyard_2022_version3","3"
"LAIN",1,0,0,0,0.492510699128039,0,"A_Vineyard_2022_version3","3"
"MEGA",1,0,0,0,0.527320244944338,0,"A_Vineyard_2022_version3","3"
"Mellisodes_",1,0,0,0,0.471356779486573,0,"A_Vineyard_2022_version3","3"
"MELU",1,0,0,0,0.493392830827922,0,"A_Vineyard_2022_version3","3"
"orange_blister_beetle",1,0,0,0,0.45330772488532,0,"A_Vineyard_2022_version3","3"
"red_ab_black_wasp",1,0,0,0,0.542932147575976,0,"A_Vineyard_2022_version3","3"
"red_wasp",1,0,0,0,0.460604309435284,0,"A_Vineyard_2022_version3","3"
"small_black_bee",1,0,0,0,0.476628678816663,0,"A_Vineyard_2022_version3","3"
"small_green_bee",1,0,0,0,0.498204871662056,0,"A_Vineyard_2022_version3","3"
"STME",1,0,0,0,0.52927802418325,0,"A_Vineyard_2022_version3","3"
"Villa",1,0,0,0,0.475752447883483,0,"A_Vineyard_2022_version3","3"
"white_skipper_",1,0,0,0,0.471391577702664,0,"A_Vineyard_2022_version3","3"
"ZEEU",0,33.3128001580316,0.00500036943853229,0,30.8069407381422,0.00500065415682323,"A_Vineyard_2022_version3","3"
"Anthophora",1,2.13041014122953e-05,5.55581021279418e-06,1,2.12935134442429e-05,6.69558787959995e-06,"A_Vineyard_2024_version1","1"
"APME",1,0,1.67069671291272e-07,0,0.535423648257471,1.74307515038986e-07,"A_Vineyard_2024_version1","1"
"APTE",1,0,5.55581021279418e-06,0,0.465256263322782,6.69558787959995e-06,"A_Vineyard_2024_version1","1"
"big_black_orange_wasp",1,0,0.000201269265093634,0,0.462017665995293,0.00027463167482982,"A_Vineyard_2024_version1","1"
"big_orange_black_wasp",1,0,5.55581021279418e-06,0,0.530912382891827,6.69558787959995e-06,"A_Vineyard_2024_version1","1"
"black_red_wasp",1,0,8.10389156648877e-06,0,0.544419262928152,8.60394869863645e-06,"A_Vineyard_2024_version1","1"
"BOCA",1,0,8.10389156648877e-06,0,0.454552033452574,8.60394869863645e-06,"A_Vineyard_2024_version1","1"
"BombusSp_",1,0,5.55581021279418e-06,0,0.456026237414231,6.69558787959995e-06,"A_Vineyard_2024_version1","1"
"BOVO",1,0,1.73936271012066e-05,0,0.532972220975427,1.91500520731348e-05,"A_Vineyard_2024_version1","1"
"CEPU",1,0,5.55581021279418e-06,0,0.464117934002596,6.69558787959995e-06,"A_Vineyard_2024_version1","1"
"cobalt_beetle",1,0,8.10389156648877e-06,0,0.530116781629676,8.60394869863645e-06,"A_Vineyard_2024_version1","1"
"COEU",1,0,5.55581021279418e-06,0,0.472748849970637,6.69558787959995e-06,"A_Vineyard_2024_version1","1"
"DAPL",1,0,1.73936271012066e-05,0,0.489921456500851,1.91500520731348e-05,"A_Vineyard_2024_version1","1"
"DIDU",1,0,5.55581021279418e-06,0,0.509919409807734,6.69558787959995e-06,"A_Vineyard_2024_version1","1"
"duskywing",1,0,0.000161599970536712,0,0.515520638583936,0.000141617811764228,"A_Vineyard_2024_version1","1"
"HALI",1,0,3.47872542024132e-05,0,0.455372680213942,3.83001041462696e-05,"A_Vineyard_2024_version1","1"
"HATR",1,0,1.62077831329775e-05,0,0.5486363557161,1.72078973972729e-05,"A_Vineyard_2024_version1","1"
"hidalgo",1,0,1.1696954075475e-05,0,0.531230520494855,1.29228199763674e-05,"A_Vineyard_2024_version1","1"
"Hidalgo",1,0,0.050673527900156,0,0.49135795703221,0.000431659555594899,"A_Vineyard_2024_version1","1"
"ICAC",1,0,1.65756869132053e-05,0,0.453183840356387,1.78552822892269e-05,"A_Vineyard_2024_version1","1"
"JUCO",1,0,2.43116746994663e-05,0,0.460804869798387,2.58118460959094e-05,"A_Vineyard_2024_version1","1"
"LAIN",1,0,1.66674306383825e-05,0,0.5474467014882,2.00867636387999e-05,"A_Vineyard_2024_version1","1"
"MEGA",1,0,1.66674306383825e-05,0,0.536711912176903,2.00867636387999e-05,"A_Vineyard_2024_version1","1"
"MelissodesSp_",1,0,2.43116746994663e-05,0,0.517107957213702,2.58118460959094e-05,"A_Vineyard_2024_version1","1"
"MELU",1,0,2.22232408511767e-05,0,0.533436890683806,2.67823515183998e-05,"A_Vineyard_2024_version1","1"
"MERO",1,0,2.77790510639709e-05,0,0.473821722727186,3.34779393979997e-05,"A_Vineyard_2024_version1","1"
"milkweed_beetle",1,0,3.3690533398509e-05,0,0.521693875813714,7.02278685819184e-05,"A_Vineyard_2024_version1","1"
"Nomada",1,0,4.17213659811501e-05,0,0.508970801094068,4.42876639766281e-05,"A_Vineyard_2024_version1","1"
"orange_black_wasp",1,0,5.67272409654214e-05,0,0.472253987995095,6.02276408904552e-05,"A_Vineyard_2024_version1","1"
"PHMY",1,0,4.44464817023534e-05,0,0.472776233555179,5.35647030367996e-05,"A_Vineyard_2024_version1","1"
"red_beetle",1,0,6.48311325319101e-05,0,0.450157361896782,6.88315895890916e-05,"A_Vineyard_2024_version1","1"
"round_black_beetle",1,0,5.55581021279417e-05,0,0.494781399213141,6.69558787959995e-05,"A_Vineyard_2024_version1","1"
"skinny_white_moth",0,0.0123021107809954,0.000121558373497331,0,0.0169437763723302,0.000129059230479547,"A_Vineyard_2024_version1","1"
"skipper",0,0.00254532912586388,0.000105352836675666,0,0.00178261531878739,0.000158446291390848,"A_Vineyard_2024_version1","1"
"small_black_fly",1,0,6.66319266268636e-05,0,0.452246168256852,8.0759631834872e-05,"A_Vineyard_2024_version1","1"
"small_milkweed_bug",0,11.7378368213689,0.000260904406511427,0,0.30856292506353,0.000205675196095807,"A_Vineyard_2024_version1","1"
"small_red_black_beetle",0,545.703026166664,0.000295691660720509,0,12.6559770227613,0.000252750873247719,"A_Vineyard_2024_version1","1"
"STME",0,63.5325030864717,0.000186389506029184,0,16.6082400475571,0.000179921840546253,"A_Vineyard_2024_version1","1"
"thrip",0,842.818119716318,0.00035210786221474,0,1011.02977558508,0.000363560682130175,"A_Vineyard_2024_version1","1"
"vespid",0,569.332513141652,0.000582481681139953,0,734.283271968544,0.000474638452924624,"A_Vineyard_2024_version1","1"
"XYTA",0,6937.10505625752,5.11241591133249e-05,0,6832.12860150106,6.39325329806307e-05,"A_Vineyard_2024_version1","1"
"Anthophora",1,2.07117870994046e-05,0,1,2.07231456660279e-05,0,"A_Vineyard_2024_version2","2"
"APME",1,0,0,0,0.535423648257471,0,"A_Vineyard_2024_version2","2"
"APTE",1,0,0,0,0.465256263322782,0,"A_Vineyard_2024_version2","2"
"big_black_orange_wasp",1,0,5.55580864951512e-06,0,0.462017665995293,6.52094297616422e-06,"A_Vineyard_2024_version2","2"
"big_orange_black_wasp",1,0,1.67069623739747e-07,0,0.530912382891827,1.69646666694182e-07,"A_Vineyard_2024_version2","2"
"black_red_wasp",1,0,5.55580864951512e-06,0,0.544419262928152,6.52094297616422e-06,"A_Vineyard_2024_version2","2"
"BOCA",1,0,0.000201167180811136,0,0.454552033452574,0.000245927401632734,"A_Vineyard_2024_version2","2"
"BombusSp_",1,0,5.55580864951512e-06,0,0.456026237414231,6.52094297616422e-06,"A_Vineyard_2024_version2","2"
"BOVO",1,0,5.55580864951512e-06,0,0.532972220975427,6.52094297616422e-06,"A_Vineyard_2024_version2","2"
"CEPU",1,0,8.09550085228e-06,0,0.464117934002596,7.67979145163879e-06,"A_Vineyard_2024_version2","2"
"cobalt_beetle",1,0,8.09550085228e-06,0,0.530116781629676,7.67979145163879e-06,"A_Vineyard_2024_version2","2"
"COEU",1,0,5.55580864951512e-06,0,0.472748849970637,6.52094297616422e-06,"A_Vineyard_2024_version2","2"
"DAPL",1,0,5.55580864951512e-06,0,0.489921456500851,6.52094297616422e-06,"A_Vineyard_2024_version2","2"
"DIDU",1,0,8.09550085228e-06,0,0.509919409807734,7.67979145163879e-06,"A_Vineyard_2024_version2","2"
"duskywing",1,0,5.55580864951512e-06,0,0.515520638583936,6.52094297616422e-06,"A_Vineyard_2024_version2","2"
"HALI",1,0,5.55580864951512e-06,0,0.455372680213942,6.52094297616422e-06,"A_Vineyard_2024_version2","2"
"HATR",1,0,1.619100170456e-05,0,0.5486363557161,1.53595829032776e-05,"A_Vineyard_2024_version2","2"
"hidalgo",1,0,0.000161206042177485,0,0.531230520494855,0.000126803596542187,"A_Vineyard_2024_version2","2"
"Hidalgo",1,0,1.619100170456e-05,0,0.49135795703221,1.53595829032776e-05,"A_Vineyard_2024_version2","2"
"ICAC",1,0,0.00010164344936473,0,0.453183840356387,0.00040412129875531,"A_Vineyard_2024_version2","2"
"JUCO",1,0,2.428650255684e-05,0,0.460804869798387,2.30393743549164e-05,"A_Vineyard_2024_version2","2"
"LAIN",1,0,1.66674259485454e-05,0,0.5474467014882,1.95628289284927e-05,"A_Vineyard_2024_version2","2"
"MEGA",1,0,1.66674259485454e-05,0,0.536711912176903,1.95628289284927e-05,"A_Vineyard_2024_version2","2"
"MelissodesSp_",1,0,2.428650255684e-05,0,0.517107957213702,2.30393743549164e-05,"A_Vineyard_2024_version2","2"
"MELU",1,0,3.238200340912e-05,0,0.533436890683806,3.07191658065552e-05,"A_Vineyard_2024_version2","2"
"MERO",1,0,2.22232345980605e-05,0,0.473821722727186,2.60837719046569e-05,"A_Vineyard_2024_version2","2"
"milkweed_beetle",1,0,2.77790432475756e-05,0,0.521693875813714,3.26047148808211e-05,"A_Vineyard_2024_version2","2"
"Nomada",1,0,1.2368577290011e-05,0,0.508970801094068,4.30669038558065e-05,"A_Vineyard_2024_version2","2"
"orange_black_wasp",1,0,3.36898491410345e-05,0,0.472253987995095,6.65063969102638e-05,"A_Vineyard_2024_version2","2"
"PHMY",1,0,5.666850596596e-05,0,0.472776233555179,5.37585401614715e-05,"A_Vineyard_2024_version2","2"
"red_beetle",1,0,5.61466772214751e-05,0,0.450157361896782,4.70599284746244e-05,"A_Vineyard_2024_version2","2"
"round_black_beetle",1,0,4.4446469196121e-05,0,0.494781399213141,5.21675438093138e-05,"A_Vineyard_2024_version2","2"
"skinny_white_moth",1,0,6.476400681824e-05,0,0.490976575268887,6.14383316131103e-05,"A_Vineyard_2024_version2","2"
"skipper",1,0,5.55580864951512e-05,0,0.543300544188032,6.52094297616422e-05,"A_Vineyard_2024_version2","2"
"small_black_fly",0,0.00211740394957665,0.000105244519806794,0,0.00111668577687155,0.000156803650298021,"A_Vineyard_2024_version2","2"
"small_milkweed_bug",0,0.0120118761655207,0.0001214325127842,0,0.00739580865259876,0.000115196871774582,"A_Vineyard_2024_version2","2"
"small_red_black_beetle",1,0,6.66323271960778e-05,0,0.487650142860436,7.74327964288957e-05,"A_Vineyard_2024_version2","2"
"STME",0,61.5862618037646,0.00018619651960244,0,19.6602090328617,0.000176635203387692,"A_Vineyard_2024_version2","2"
"thrip",0,895.396037328514,0.000352820104117136,0,822.782595067985,0.000364935156603087,"A_Vineyard_2024_version2","2"
"vespid",0,597.181233646388,0.000591878651215111,0,768.324828083196,0.000477978599474523,"A_Vineyard_2024_version2","2"
"XYTA",0,7301.50200341374,5.11241481778106e-05,0,7018.88104938818,5.45672965736826e-05,"A_Vineyard_2024_version2","2"
"Anthophora",1,2.06422030746905e-05,0,1,2.06431326497049e-05,0,"A_Vineyard_2024_version3","3"
"APME",1,0,0,0,0.535423648257471,0,"A_Vineyard_2024_version3","3"
"APTE",1,0,0,0,0.465256263322782,0,"A_Vineyard_2024_version3","3"
"big_black_orange_wasp",1,0,0,0,0.462017665995293,0,"A_Vineyard_2024_version3","3"
"big_orange_black_wasp",1,0,0,0,0.530912382891827,0,"A_Vineyard_2024_version3","3"
"black_red_wasp",1,0,0,0,0.544419262928152,0,"A_Vineyard_2024_version3","3"
"BOCA",1,0,0,0,0.454552033452574,0,"A_Vineyard_2024_version3","3"
"BombusSp_",1,0,0,0,0.456026237414231,0,"A_Vineyard_2024_version3","3"
"BOVO",1,0,0,0,0.532972220975427,0,"A_Vineyard_2024_version3","3"
"CEPU",1,0,0,0,0.464117934002596,0,"A_Vineyard_2024_version3","3"
"cobalt_beetle",1,0,0,0,0.530116781629676,0,"A_Vineyard_2024_version3","3"
"COEU",1,0,0,0,0.472748849970637,0,"A_Vineyard_2024_version3","3"
"DAPL",1,0,0,0,0.489921456500851,0,"A_Vineyard_2024_version3","3"
"DIDU",1,0,0,0,0.509919409807734,0,"A_Vineyard_2024_version3","3"
"duskywing",1,0,0,0,0.515520638583936,0,"A_Vineyard_2024_version3","3"
"HALI",1,0,0,0,0.455372680213942,0,"A_Vineyard_2024_version3","3"
"HATR",1,0,0,0,0.5486363557161,0,"A_Vineyard_2024_version3","3"
"hidalgo",1,0,0,0,0.531230520494855,0,"A_Vineyard_2024_version3","3"
"Hidalgo",1,0,0,0,0.49135795703221,0,"A_Vineyard_2024_version3","3"
"ICAC",0,31.4553896946107,0.00500026870060991,0,31.3530613763059,0.00500043883203013,"A_Vineyard_2024_version3","3"
"JUCO",1,0,0,0,0.460804869798387,0,"A_Vineyard_2024_version3","3"
"LAIN",1,0,0,0,0.5474467014882,0,"A_Vineyard_2024_version3","3"
"MEGA",1,0,0,0,0.536711912176903,0,"A_Vineyard_2024_version3","3"
"MelissodesSp_",1,0,0,0,0.517107957213702,0,"A_Vineyard_2024_version3","3"
"MELU",1,0,0,0,0.533436890683806,0,"A_Vineyard_2024_version3","3"
"MERO",1,0,0,0,0.473821722727186,0,"A_Vineyard_2024_version3","3"
"milkweed_beetle",1,0,0,0,0.521693875813714,0,"A_Vineyard_2024_version3","3"
"Nomada",1,0,0,0,0.508970801094068,0,"A_Vineyard_2024_version3","3"
"orange_black_wasp",1,0,0,0,0.472253987995095,0,"A_Vineyard_2024_version3","3"
"PHMY",1,0,0,0,0.472776233555179,0,"A_Vineyard_2024_version3","3"
"red_beetle",1,0,0,0,0.450157361896782,0,"A_Vineyard_2024_version3","3"
"round_black_beetle",1,0,0,0,0.494781399213141,0,"A_Vineyard_2024_version3","3"
"skinny_white_moth",1,0,0,0,0.490976575268887,0,"A_Vineyard_2024_version3","3"
"skipper",1,0,0,0,0.543300544188032,0,"A_Vineyard_2024_version3","3"
"small_black_fly",1,0,0,0,0.452246168256852,0,"A_Vineyard_2024_version3","3"
"small_milkweed_bug",1,0,0,0,0.501349892910267,0,"A_Vineyard_2024_version3","3"
"small_red_black_beetle",1,0,0,0,0.487650142860436,0,"A_Vineyard_2024_version3","3"
"STME",1,0,0,0,0.535951055346965,0,"A_Vineyard_2024_version3","3"
"thrip",1,0,0,0,0.529387216446636,0,"A_Vineyard_2024_version3","3"
"vespid",1,0,0,0,0.510946818609232,0,"A_Vineyard_2024_version3","3"
"XYTA",1,0,0,0,0.483180365354372,0,"A_Vineyard_2024_version3","3"
