"PLANT","extinct_level_P_run1","initial_plant_abundance_run1","plant_abundance_run1","reward_abundance_run1","sum_pol_run1","visit_quanity_run1","visit_quality_run1","foraging_effort_run1","extinct_level_P_run2","initial_plant_abundance_run2","plant_abundance_run2","reward_abundance_run2","sum_pol_run2","visit_quanity_run2","visit_quality_run2","foraging_effort_run2","source_dataframe","version"
"ASFA",0,0.535379822172867,0.535379822172867,0.464084832190575,3.75596447353455e-34,-1.2706453537307e-15,-1.58255612868255e-19,-2.47557483954474e-19,0,0.535379822172867,0.687851875349058,0.010615039585115,0.0747929063291981,20.3530568488532,0.00252770093767238,0.00307692307692308,"P_Aikawa_2022_summer_version1","1"
"CAPA",0,0.528671259376533,0.776234593625032,0.012502171208409,0.109339263860947,25.5069280224285,0.00332744574241685,0.00342751109687819,0,0.528671259376533,0.769248453476402,0.0137527134238936,0.0876092923074445,22.7615247782126,0.00296084349683694,0.00307692307692308,"P_Aikawa_2022_summer_version1","1"
"CESO",0,0.477856341389872,0.882461732741487,0.00312516603504801,0.628221475036475,64.5164009868228,0.251807087488754,1.00592982979444,0,0.477856341389872,0.883319455638894,0.00345264043206382,1.9144629438724,64.7384247755483,0.137321530720698,0.481153846153846,"P_Aikawa_2022_summer_version1","1"
"ERLA",0,0.531529739583623,0.806017957210267,0.00312521231643007,65.6486608337899,52.9139997056139,0.500000111243534,2.00000041389351,0,0.531529739583623,0.804547051039383,0.00923645279225769,1.92812713226184,35.4966041599326,0.34412579730177,1.35307692307692,"P_Aikawa_2022_summer_version1","1"
"ERLU",0,0.520333181959732,0.853711556483743,0.00312506580445923,0.482441049583251,54.8159419193171,0.801450938112267,4.00658162526125,0,0.520333181959732,0.853116599748108,0.0033877612043646,0.400650455288115,50.4871736260397,0.618694697311949,3.00615384615385,"P_Aikawa_2022_summer_version1","1"
"ERNU",0,0.539789197216644,0.812753912258176,0.000500024082881457,2.63260401781288,124.174797046521,0.400969364887781,1.96447533078446,0,0.539789197216644,0.812697792875616,0.000516331278415318,3.11922587382301,120.949994993489,0.396746247872914,1.89038461538462,"P_Aikawa_2022_summer_version1","1"
"GRCA",0,0.537037620128616,0.859805778255293,0.000195321883667591,8.20618954966925,220.642539891493,0.015989052334288,0.0267671825214216,0,0.537037620128616,0.859761755312115,0.000205639043903706,13.3063821218176,227.648292941127,0.127726000851031,0.224615384615385,"P_Aikawa_2022_summer_version1","1"
"HECO",0,0.491281501642094,0.840270546763717,0.000500826374744416,160.514688206185,134.875766940167,0.768167725469654,3.07089246157167,0,0.491281501642094,0.840196158921947,0.00174375512451675,21.8829698237204,48.3438423712271,0.286791752768259,1.15072463768116,"P_Aikawa_2022_summer_version1","1"
"HEEX",0,0.468198098669852,0.808767538730747,8.68097259135266e-05,15.5718036602758,294.952720513053,0.102425192118066,0.188906528659431,0,0.468198098669852,0.808724161758449,8.91574345446314e-05,14.739881607225,287.237851440003,0.127084231442559,0.236923076923077,"P_Aikawa_2022_summer_version1","1"
"HOMA",0,0.505444344205523,0.742452020988195,8.68108411275853e-05,13.2346087091269,280.082640467367,0.55633467100433,3.92106976014365,0,0.505444344205523,0.742410817298328,9.22232840952584e-05,12.9520530636092,264.643713703987,0.678381768856999,4.91192307692308,"P_Aikawa_2022_summer_version1","1"
"HOVI",0,0.503093062226238,0.732067037123641,1.48639720700773e-05,78.514014076871,667.865940602109,0.21429484213361,1.14750415579773,0,0.503093062226238,0.732028349026129,1.5802054377234e-05,69.5027902875429,628.713247546647,0.231048225150114,1.24382014121145,"P_Aikawa_2022_summer_version1","1"
"LERA",0,0.485096836385828,0.723143398469252,1.08136682609109e-05,106.998943268166,752.290529973393,0.291302536613977,1.17126655362848,0,0.485096836385828,0.723105282924229,1.11813347908897e-05,100.32639285895,727.99102988099,0.36119306446488,1.4657264957265,"P_Aikawa_2022_summer_version1","1"
"LULU",0,0.522529136609532,0.74337712760519,7.08650828704923e-06,143.513948966655,852.35220236198,0.586710472871777,3.50979413060769,0,0.522529136609532,0.743338062356002,6.53714085199475e-06,169.916672291212,925.909530827302,0.643947245437364,3.83551096246748,"P_Aikawa_2022_summer_version1","1"
"SAVE",0,0.547198996412195,0.803887810260305,9.61880617296212e-07,1248.70910431102,2746.32153684215,0.46879597943601,1.33429169760522,0,0.547198996412195,0.803845490255728,9.74124937765177e-07,1214.11571018604,2711.90962378263,0.474241196721711,1.35076923076923,"P_Aikawa_2022_summer_version1","1"
"STAL",0,0.473532699757969,0.743324992891578,3.25197726501759e-06,304.880420555632,1300.88676724459,0.695722143992948,14.64909281877,0,0.473532699757969,0.743285873474232,3.09967633186311e-06,347.338761747693,1391.90874237619,0.795220814928223,16.8430639167596,"P_Aikawa_2022_summer_version1","1"
"ASFA",0,0.535379822172867,0.535379822172867,0.464084832190575,0,0,NA,0,1,0.535379822172867,9.99310904289922e-06,4.49931631376884e-05,0,0,NA,0,"P_Aikawa_2022_summer_version2","2"
"CAPA",0,0.528671259376533,0.821934886669699,0.0125017080976137,0.119096116998732,28.6032118877099,0.00342231682974787,0.00350315920029981,0,0.528671259376533,0.815269597368998,0.0138870461238525,0.094290366788082,25.323154915343,0.00303564345059229,0.003125,"P_Aikawa_2022_summer_version2","2"
"CESO",1,0,0,0,0,0,NA,1.83378481911857e-20,1,0,0,0,0,0,NA,0.003125,"P_Aikawa_2022_summer_version2","2"
"ERLA",0,0.531529739583623,0.846848599436771,0.00312516459797003,0.523435408755009,58.4141235285592,0.251537597662797,1.0052188408113,0,0.531529739583623,0.848460267374615,0.00310685264569832,1.95415751502379,65.2554386997694,0.13376686426945,0.48125,"P_Aikawa_2022_summer_version2","2"
"ERLU",0,0.520333181959732,0.904023245786553,0.00312521957098034,67.987386246028,61.4621778165407,0.500000109285968,2.00000040222579,0,0.520333181959732,0.902517850835919,0.00913224705361044,2.02378063973218,41.7489423150363,0.345337022405312,1.353125,"P_Aikawa_2022_summer_version2","2"
"ERNU",0,0.539789197216644,0.854260033400298,0.00312541503285251,0.458562799259711,54.8356639241678,0.801376108618146,4.00634651926864,0,0.539789197216644,0.853981969388361,0.00322804646152777,0.420242175007241,53.0512060685693,0.616936067852367,3.00625,"P_Aikawa_2022_summer_version2","2"
"GRCA",0,0.537037620128616,0.906378911555309,0.000195321961739312,8.81707363937193,245.193602550255,0.0162965318360949,0.0272321473117598,0,0.537037620128616,0.90637984521694,0.000206520603120733,14.124943293527,251.915330962632,0.128274531572165,0.225,"P_Aikawa_2022_summer_version2","2"
"HECO",0,0.491281501642094,0.885781524955628,0.000500811161178109,169.212532827791,149.885337456601,0.768636780417562,3.07279339906931,0,0.491281501642094,0.885752861508596,0.00175078151648896,23.015572325584,53.4940980048183,0.287010261922974,1.15072463768116,"P_Aikawa_2022_summer_version2","2"
"HEEX",0,0.468198098669852,0.852573584838832,8.68097606483004e-05,16.7307943008775,327.76985966457,0.102710358329838,0.189326923420612,0,0.468198098669852,0.852572791345439,8.95379541674773e-05,15.7784834628588,317.86933166274,0.127495498770766,0.2375,"P_Aikawa_2022_summer_version2","2"
"HOMA",0,0.505444344205523,0.782666565807723,8.68110404693236e-05,14.2217766044621,311.245917340179,0.576740339670864,4.04182282993053,0,0.505444344205523,0.782664536795223,9.26163117653778e-05,13.9567148943121,292.864217362759,0.742336391175062,5.2875,"P_Aikawa_2022_summer_version2","2"
"HOVI",0,0.503093062226238,0.771717278214458,1.48639780190072e-05,84.3571097175816,742.170939386618,0.214620600709487,1.14912140448368,0,0.503093062226238,0.771717134834484,1.58694497470217e-05,74.377296108154,695.730968458219,0.231368466871137,1.24521437198068,"P_Aikawa_2022_summer_version2","2"
"LERA",0,0.485096836385828,0.762310260423414,1.08136725879716e-05,114.961886387896,835.988241703802,0.291779600888545,1.17308184552508,0,0.485096836385828,0.762310214608006,1.12290464846437e-05,107.366620142366,805.591218584723,0.361772392931088,1.46736111111111,"P_Aikawa_2022_summer_version2","2"
"LULU",0,0.522529136609532,0.78363986394277,7.08651112315871e-06,154.194338408401,947.182390668099,0.587008309355327,3.51124435639444,0,0.522529136609532,0.783639926574392,6.56500009649373e-06,181.827151522407,1024.64463756263,0.644394320667858,3.83753019323672,"P_Aikawa_2022_summer_version2","2"
"SAVE",0,0.547198996412195,0.847427861392576,9.61881001983667e-07,1341.63819450395,3051.86842555152,0.471123665431537,1.34043756889696,0,0.547198996412195,0.847427860813264,9.78279479081452e-07,1299.7551488305,3001.10169349963,0.476620669313083,1.35625,"P_Aikawa_2022_summer_version2","2"
"STAL",0,0.473532699757969,0.783584864046898,3.25197856570504e-06,327.569676015232,1445.61932078077,0.736102893955148,15.4798706034631,0,0.473532699757969,0.783584874626216,3.11287368904743e-06,372.058288579541,1540.61073996432,0.820941561236138,17.3460446859903,"P_Aikawa_2022_summer_version2","2"
"ASFA",1,0,0,0,0,0,NA,0,1,0,0,0,0,0,NA,0,"P_Aikawa_2022_summer_version3","3"
"CAPA",1,0,0,0,0,0,NA,9.98392208803344e-13,1,0,0,0,0,0,NA,0.003125,"P_Aikawa_2022_summer_version3","3"
"CESO",0,0.477856341389872,0.88427718669441,0.0125004873065568,36.5561379120732,32.325758789301,1,0.999999999680032,1,0.477856341389872,0,0,0,0,NA,0.003125,"P_Aikawa_2022_summer_version3","3"
"ERLA",1,0,0,0,0,0,NA,0.475000000001997,1,0,0,0,0,0,NA,0.48125,"P_Aikawa_2022_summer_version3","3"
"ERLU",1,0,0,0,0,0,NA,1.350000000001,1,0,0,0,0,0,NA,1.353125,"P_Aikawa_2022_summer_version3","3"
"ERNU",1,0,0,0,0,0,NA,3.000000000002,1,0,0,0,0,0,NA,3.00625,"P_Aikawa_2022_summer_version3","3"
"GRCA",1,0,0,0,0,0,NA,0.200000000007987,1,0,0,0,0,0,NA,0.225,"P_Aikawa_2022_summer_version3","3"
"HECO",1,0,0,0,0,0,NA,1.15072463768116,1,0,0,0,0,0,NA,1.15072463768116,"P_Aikawa_2022_summer_version3","3"
"HEEX",1,0,0,0,0,0,NA,0.200000000011981,1,0,0,0,0,0,NA,0.2375,"P_Aikawa_2022_summer_version3","3"
"HOMA",1,0,0,0,0,0,NA,5.25000000001198,1,0,0,0,0,0,NA,5.2875,"P_Aikawa_2022_summer_version3","3"
"HOVI",1,0,0,0,0,0,NA,1.15458937200963,1,0,0,0,0,0,NA,1.24521437198068,"P_Aikawa_2022_summer_version3","3"
"LERA",1,0,0,0,0,0,NA,1.36111111114506,1,0,0,0,0,0,NA,1.46736111111111,"P_Aikawa_2022_summer_version3","3"
"LULU",1,0,0,0,0,0,NA,3.70628019327865,1,0,0,0,0,0,NA,3.83753019323672,"P_Aikawa_2022_summer_version3","3"
"SAVE",1,0,0,0,0,0,NA,1.00000000011382,1,0,0,0,0,0,NA,1.35625,"P_Aikawa_2022_summer_version3","3"
"STAL",1,0,0,0,0,0,NA,17.1522946860522,1,0,0,0,0,0,NA,17.3460446859903,"P_Aikawa_2022_summer_version3","3"
"ACBR",0,0.489051117719641,0.489051117719641,0.46270648334767,3.57777222604209e-27,3.41547382930619e-13,5.12290122406707e-15,8.47339078817856e-15,0,0.489051117719641,0.800304466562014,0.0201784787773979,1.5861816309659,16.0927015411541,0.0788822337128608,0.0833333333333333,"P_aikawa_2022_version1","1"
"AGHE",0,0.482135513998631,0.727969129499582,0.01250059525046,14.2289135396879,22.1029526481095,0.468634664703831,0.479546620800237,0,0.482135513998631,0.802106543023705,0.0475470003847226,0.897148942804041,6.99400379629353,0.102889426149765,0.1,"P_aikawa_2022_version1","1"
"AMME",0,0.451583774993934,0.711694887609753,0.0125005964815315,13.7536931342639,21.6157301367421,0.452838420330329,0.482344583758972,1,0.451583774993934,5.0923778682666e-05,0.000284779081756893,3.95102993811926e-11,2.5812400059925e-09,7.79475653834095e-07,0.0111111111111111,"P_aikawa_2022_version1","1"
"ANFI",0,0.468506323042561,0.664265298030369,0.0125005901209387,19.9657377758094,17.5888676831709,0.754030730854488,0.762090912339752,0,0.468506323042561,0.719290684639918,0.131366957579557,0.15496974630501,1.89807223809579,0.0587271088428298,0.0666666666666667,"P_aikawa_2022_version1","1"
"CARU",0,0.485771376330299,0.783567006063128,0.0125005951800206,15.7734134651897,24.4349573119863,0.505813298812339,0.492525758536095,0,0.485771376330299,0.863187568287526,0.0488221784253956,0.942610362556976,7.52660252185216,0.108103163988784,0.1,"P_aikawa_2022_version1","1"
"DEUL",0,0.459521983335503,0.749323440959118,0.0125005817480696,31.0767990986535,23.2865740345983,1,1,0,0.459521983335503,0.828254797596592,0.0125009956883525,34.3598328714763,28.4586964204173,1,1,"P_aikawa_2022_version1","1"
"DICA",0,0.485973919805127,0.704926674113543,0.0125005219613234,11.2442360628301,21.4760238060012,0.36907958392668,0.369632766255485,0,0.485973919805127,0.778111628849505,0.0208675332739259,1.76701691422258,15.6464429875902,0.0878753343760544,0.0833333333333333,"P_aikawa_2022_version1","1"
"ERCI",0,0.463670164772156,0.7812909262182,0.0125005965513796,17.8350780438181,25.4666723103662,0.547161579424593,0.517655415977366,1,0.463670164772156,0,0,0,0,NA,0.0111111111111111,"P_aikawa_2022_version1","1"
"ERGU",0,0.50445932562205,0.775117213345815,0.0125007602700601,1.01293488319746,23.284035131517,0.0337202404793672,0.0353637423806747,0,0.50445932562205,0.855235510885634,0.0165475376589413,0.636819583596766,21.4002379177859,0.0254497507930373,0.0263157894736842,"P_aikawa_2022_version1","1"
"ERLA",0,0.547885729790612,0.694170347469756,0.0031251301064636,31.76863445688,35.5119782498798,0.620997339669375,0.620682267431828,0,0.547885729790612,0.767152600389843,0.0043920915592807,7.09070278216656,30.8521527753771,0.17631350128254,0.166666666666667,"P_aikawa_2022_version1","1"
"ESCA",0,0.515460590815852,0.719500384121473,0.0125005761108197,28.3603830640922,20.973839662883,0.50496073304907,1.00968312752383,0,0.515460590815852,0.795195119951488,0.0124351031069195,14.1055561107306,25.7629549313651,0.545143201025386,1.08333333333333,"P_aikawa_2022_version1","1"
"EUSP",0,0.546149842020194,0.721256868127634,0.0125005909317213,16.9294074204115,20.0276049607441,0.304864269748967,0.572410874502661,0,0.546149842020194,0.796007412053967,0.0104701962299273,2.06017790730335,29.1485877304118,0.136896659771771,0.253105590062112,"P_aikawa_2022_version1","1"
"GICA",0,0.540394833400098,0.652483953617594,0.0125005907283339,9.86035916369265,18.5771694231363,0.309344632985153,0.6500889661785,0,0.540394833400098,0.720136675763346,0.0394580795358405,1.84483863122179,7.12392596396469,0.14692262938771,0.316666666666667,"P_aikawa_2022_version1","1"
"goldbanner",0,0.515964955448157,0.777704192241476,0.00312514313606551,54.3766177001218,43.9850663408671,0.480719106122592,0.954691586591902,0,0.515964955448157,0.859413930566484,0.00811009433098201,7.37041591010824,24.4201023086906,0.218964070870522,0.385714285714286,"P_aikawa_2022_version1","1"
"LACA",0,0.523006217169113,0.77911957682477,0.0125005765855817,24.0673901076086,22.1144466604708,0.593058478782116,1.7325567142252,0,0.523006217169113,0.860801668386464,0.0136841397475427,5.53016665293824,24.6603695961504,0.246817529453917,0.652631578947368,"P_aikawa_2022_version1","1"
"LUMI",0,0.465491961275922,0.759739455248518,0.0125005847836627,23.2767093247034,20.9539235588382,0.354704608052621,1.07323603398911,0,0.465491961275922,0.838818753972556,0.0196594932106937,2.56005436886403,16.2161240981392,0.240246342437806,0.742857142857143,"P_aikawa_2022_version1","1"
"LUSU",0,0.523393164423012,0.665289250847352,0.0125005768593597,20.0211886451375,16.9429628698041,0.407104388645817,1.26787148915638,0,0.523393164423012,0.73511358622258,0.0114450636508759,6.40261729102516,22.6082013653158,0.495305966068764,1.55263157894737,"P_aikawa_2022_version1","1"
"PLER",0,0.46891445755908,0.669704989209349,0.0125005655396543,26.4933150225634,18.0949716937561,0.754387933354751,3.01540949613863,0,0.46891445755908,0.740249344792298,0.0124979409348596,27.4262076662322,22.1208054739333,0.313527594718771,1.25119047619048,"P_aikawa_2022_version1","1"
"RACA",0,0.545288195458841,0.733088928758291,0.00312514231780397,55.303374766226,40.5422917718541,0.250000000652775,1.00000000256906,0,0.545288195458841,0.810290444873588,0.00312395825348732,48.1890355490115,62.1256304661157,0.309769251085253,1.23715538847118,"P_aikawa_2022_version1","1"
"SIBE",0,0.458701076735138,0.713606165877854,0.00138895314886084,0.756397403825358,59.0576634855519,0.495865648352618,1.98529059493158,0,0.458701076735138,0.789213811241505,0.00134111958683872,2.92577734329001,85.9323065579092,0.352254509333329,1.425983436853,"P_aikawa_2022_version1","1"
"Sidalcea",0,0.488996687456498,0.692896049531254,0.00138907188523963,7.47257374868152,54.4924531778424,0.431034848254199,2.56531975615187,0,0.488996687456498,0.765866006165205,0.00146553261052421,7.79606707789768,74.453052645054,0.209466133982188,1.20625427204375,"P_aikawa_2022_version1","1"
"TRFU",0,0.467326081365964,0.728050489781506,0.000781291512940158,118.326158683965,86.1475281239113,0.500000268383694,3.00000183878546,0,0.467326081365964,0.80466633275241,0.00222456380411574,15.0844928971598,51.4414079261081,0.408675638171745,2.48777777777778,"P_aikawa_2022_version1","1"
"TRLA",0,0.549449517763895,0.741200802353223,8.68103350988972e-05,384.788630249761,285.345964774241,0.582683457707296,7.60307186717106,0,0.549449517763895,0.819257790960634,0.000120304967557428,177.366316463368,320.760267190543,0.646099688746155,8.47571200729096,"P_aikawa_2022_version1","1"
"URLI",0,0.498045057779199,0.77684242057612,2.36309187950754e-05,645.590112117175,575.467877829084,0.620388935364005,12.4024950635212,0,0.498045057779199,0.858653486777966,3.31928471070166e-05,371.481826001582,572.951731731716,0.673196262285496,13.4211393107274,"P_aikawa_2022_version1","1"
"VIVI",0,0.543286094997677,0.752470644782245,1.30078731667955e-05,93.3603260748377,654.353081798903,0.486112052605215,7.75545299762515,0,0.543286094997677,0.831715269420195,1.37249280988191e-05,97.8417415455149,777.128108729652,0.590135128675546,9.36770186335404,"P_aikawa_2022_version1","1"
"yerba_santa",0,0.509398625958431,0.717454108397918,1.52826127788139e-07,6706.67671060317,5446.2127645479,0.486987953682838,13.6525775234582,0,0.509398625958431,0.793010976648285,1.52594009246447e-07,7488.28723579982,6914.21650551907,0.692941312631948,19.4916072790672,"P_aikawa_2022_version1","1"
"ACBR",0,0.489051117719641,0.489051117719641,0.46270648334767,0,0,NA,0,1,0.489051117719641,1.04513328623886e-05,5.29105110735476e-05,0,0,NA,0,"P_aikawa_2022_version2","2"
"AGHE",1,0.482135513998631,5.6809148108634e-05,0.000283702858828915,0,0,NA,0,1,0.482135513998631,0,0,0,0,NA,0,"P_aikawa_2022_version2","2"
"AMME",1,0,0,0,0,0,NA,0,1,0,0,0,0,0,NA,0,"P_aikawa_2022_version2","2"
"ANFI",0,0.468506323042561,0.774697247051277,0.0125005660590104,6.37345852543807,23.9360729568256,0.206278648246031,0.234547905592526,0,0.468506323042561,0.773934412976933,0.0158445301363576,2.17134950620589,18.8308640207528,0.0892408390608743,0.0909090909090909,"P_aikawa_2022_version2","2"
"CARU",0,0.485771376330299,0.914206549054017,0.0125005909084413,18.622396692648,33.2781719636559,0.511588107486609,0.491748847451174,0,0.485771376330299,0.912391893479544,0.0508173771806339,1.39055768059454,8.08047947917161,0.1570121622684,0.1,"P_aikawa_2022_version2","2"
"DEUL",0,0.459521983335503,0.874154419381018,0.0125005966273461,19.5477111105154,31.7062148203377,0.538939074022789,0.549264044083732,1,0.459521983335503,0,0,0,0,NA,0.0133333333333333,"P_aikawa_2022_version2","2"
"DICA",0,0.485973919805127,0.822489306512123,0.0125005909784952,16.4469149230903,29.2512541578919,0.462455783137994,0.480443639592591,0,0.485973919805127,0.820883484335118,0.0496460759081663,1.28663053208712,7.27004722133639,0.14527742696525,0.1,"P_aikawa_2022_version2","2"
"ERCI",1,0,0,0,0,0,NA,1,1,0,0,0,0,0,NA,1,"P_aikawa_2022_version2","2"
"ERGU",0,0.50445932562205,0.907534835637187,0.0125005657515938,9.27277499425254,31.934538936594,0.263519268182275,0.267120991412692,0,0.50445932562205,0.906477025448247,0.0180353201938748,2.43518929693117,22.0558038484085,0.100084456928323,0.0909090909090909,"P_aikawa_2022_version2","2"
"ERLA",0,0.547885729790612,0.809726546480863,0.0125005969972457,13.7232062998303,24.1010326774109,0.46106092600011,0.450735955945696,1,0.547885729790612,0,0,0,0,NA,0.0133333333333333,"P_aikawa_2022_version2","2"
"ESCA",0,0.515460590815852,0.839267271799536,0.0125013186130342,9.44707538977527,28.5500837087867,0.27770920988302,0.247366723342322,0,0.515460590815852,0.821294273278199,0.232956371049168,0.119545903404353,1.38779941578957,0.0707467986675899,0.0263157894736842,"P_aikawa_2022_version2","2"
"EUSP",0,0.546149842020194,0.841605642653087,0.00312514113709376,34.149196724323,54.6845783102321,0.525562371391332,0.493249780757131,0,0.546149842020194,0.841525540627657,0.00417140123289752,10.5320009189037,40.9508939254835,0.216428676338518,0.181818181818182,"P_aikawa_2022_version2","2"
"GICA",0,0.540394833400098,0.761430998269209,0.0125005794528308,32.5753609246998,25.3111389147537,0.502319540530989,1.00508067030121,0,0.540394833400098,0.76131307311682,0.0122430747858652,11.8623064719269,25.8370205120241,0.546364167782032,1.09090909090909,"P_aikawa_2022_version2","2"
"goldbanner",0,0.515964955448157,0.907196776330367,0.0125005856183835,21.7752887569389,29.8619610343892,0.330791700266274,0.658729583045611,0,0.515964955448157,0.906353206879154,0.0100129164213972,2.9571900035507,37.2340842136266,0.139659978394232,0.253436426116838,"P_aikawa_2022_version2","2"
"LACA",0,0.523006217169113,0.90895573583389,0.0125005855005525,21.8482830179748,30.1132503536048,0.669208491334608,1.34127073259256,0,0.523006217169113,0.907959906963803,0.0399907280304622,2.79222501115703,9.33382967962068,0.201038787778511,0.326923076923077,"P_aikawa_2022_version2","2"
"LUMI",0,0.465491961275922,0.886455483121854,0.00312514310770171,61.9278530156188,57.2191668754368,0.479701888942508,0.959676069962905,0,0.465491961275922,0.886279061334272,0.00856597572541782,6.81082539277486,24.7629505041503,0.215996035390039,0.385714285714286,"P_aikawa_2022_version2","2"
"LUSU",0,0.523393164423012,0.776188272973012,0.0125005771261285,23.1461922464246,23.0745613402291,0.546747547379082,1.66792870440018,0,0.523393164423012,0.775376373181333,0.0121533170202352,2.77441100168414,23.6862524080072,0.224685128944721,0.695488721804511,"P_aikawa_2022_version2","2"
"PLER",0,0.46891445755908,0.781306644234031,0.0125005840123867,26.9324897582882,24.6420851764691,0.355517443843785,1.06813144304618,0,0.46891445755908,0.780948806103175,0.0159572023596524,5.94630666777872,19.2684445857977,0.271036229109051,0.742857142857143,"P_aikawa_2022_version2","2"
"RACA",0,0.545288195458841,0.855164266958,0.0125005767264041,26.3973331755002,27.5223018154845,0.453352905865251,1.33239743031526,0,0.545288195458841,0.854793646140534,0.0119293230709993,6.30413778968421,28.8193997213331,0.528227360170135,1.55263157894737,"P_aikawa_2022_version2","2"
"SIBE",0,0.458701076735138,0.833593505350787,0.00312515299705719,64.4265013712704,53.7055131174497,0.495892865998643,1.98437845112688,0,0.458701076735138,0.833587681170219,0.00312248910789473,48.6219231400899,69.1756524485125,0.306279989521009,1.23896698267408,"P_aikawa_2022_version2","2"
"Sidalcea",0,0.488996687456498,0.807696303926627,0.00138895283762174,1.0112078599835,74.0487144101469,0.497093315507166,1.98587990443162,0,0.488996687456498,0.808070180090298,0.00126749071716559,4.16973682652087,94.8407744875347,0.367126832536854,1.43455170259294,"P_aikawa_2022_version2","2"
"TRFU",0,0.467326081365964,0.849364488183049,0.00138908569948282,74.7717738145649,87.9238810155633,0.569038464913356,3.37168825342589,0,0.467326081365964,0.849035045117689,0.00858821067019558,5.42092762282425,33.6001180297312,0.268784642291163,1.20625427204375,"P_aikawa_2022_version2","2"
"TRLA",0,0.549449517763895,0.86470699993302,0.000781288817636898,149.689517577524,129.437647944976,0.500000105184616,3.0000006520797,0,0.549449517763895,0.864666677979624,0.00211390970640268,22.6718846840222,64.4639216029238,0.446742862247062,2.62965034965035,"P_aikawa_2022_version2","2"
"URLI",0,0.498045057779199,0.906291206101492,8.68104451287019e-05,450.754856021091,408.639912955563,0.637345939103103,7.88645809767177,0,0.498045057779199,0.90629069128062,0.000116969873062663,222.466901168847,319.10994141657,0.768212527097214,8.54237867395762,"P_aikawa_2022_version2","2"
"VIVI",1,0,0,0,0,0,NA,11.4730210734873,1,0,0,0,0,0,NA,13.946262021574,"P_aikawa_2022_version2","2"
"yerba_santa",0,0.509398625958431,0.837006985101649,1.52826117830421e-07,8758.27089625685,7412.4957378772,0.53751129726019,15.0508810461177,0,0.509398625958431,0.837006985090899,1.53606997459725e-07,8728.73025295012,7535.10897693831,0.784631799238754,21.3373568544582,"P_aikawa_2022_version2","2"
"ACBR",1,0,0,0,0,0,NA,0,1,0,0,0,0,0,NA,0,"P_aikawa_2022_version3","3"
"AGHE",1,0,0,0,0,0,NA,0,1,0,0,0,0,0,NA,0,"P_aikawa_2022_version3","3"
"AMME",1,0.451583774993934,0,0,0,0,NA,0,0,0.451583774993934,0.451583774993934,0.497547549869654,0,0,NA,0,"P_aikawa_2022_version3","3"
"ANFI",1,0,0,0,0,0,NA,0.0903492814413195,1,0,0,0,0,0,NA,0.0909090909090909,"P_aikawa_2022_version3","3"
"CARU",1,0,0,0,0,0,NA,0.0804475311727455,1,0,0,0,0,0,NA,0.1,"P_aikawa_2022_version3","3"
"DEUL",1,0,0,0,0,0,NA,0.0133333333333333,1,0,0,0,0,0,NA,0.0133333333333333,"P_aikawa_2022_version3","3"
"DICA",1,0,0,0,0,0,NA,0.0804475311727455,1,0,0,0,0,0,NA,0.1,"P_aikawa_2022_version3","3"
"ERCI",0,0.463670164772156,0.817082418176298,0.0125007974725967,34.0933402995785,27.857068935687,1,1,0,0.463670164772156,0.817084844093856,0.0125006192466646,34.0939940089961,27.8576857793775,1,1,"P_aikawa_2022_version3","3"
"ERGU",1,0,0,0,0,0,NA,0.0903492814413195,1,0,0,0,0,0,NA,0.0909090909090909,"P_aikawa_2022_version3","3"
"ERLA",1,0,0,0,0,0,NA,0.0133333333333333,1,0,0,0,0,0,NA,0.0133333333333333,"P_aikawa_2022_version3","3"
"ESCA",1,0,0,0,0,0,NA,-5.64520511192327e-16,1,0,0,0,0,0,NA,0.0263157894736842,"P_aikawa_2022_version3","3"
"EUSP",1,0,0,0,0,0,NA,0.180698562882639,1,0,0,0,0,0,NA,0.181818181818182,"P_aikawa_2022_version3","3"
"GICA",1,0,0,0,0,0,NA,1.09034928144132,1,0,0,0,0,0,NA,1.09090909090909,"P_aikawa_2022_version3","3"
"goldbanner",1,0,0,0,0,0,NA,0.25343562144148,1,0,0,0,0,0,NA,0.253436426116838,"P_aikawa_2022_version3","3"
"LACA",1,0,0,0,0,0,NA,0.298810503313935,1,0,0,0,0,0,NA,0.326923076923077,"P_aikawa_2022_version3","3"
"LUMI",1,0,0,0,0,0,NA,0.366161816887031,1,0,0,0,0,0,NA,0.385714285714286,"P_aikawa_2022_version3","3"
"LUSU",1,0,0,0,0,0,NA,0.694111182755927,1,0,0,0,0,0,NA,0.695488721804511,"P_aikawa_2022_version3","3"
"PLER",1,0,0,0,0,0,NA,0.723304674029888,1,0,0,0,0,0,NA,0.742857142857143,"P_aikawa_2022_version3","3"
"RACA",1,0,0,0,0,0,NA,1.55263157894737,1,0,0,0,0,0,NA,1.55263157894737,"P_aikawa_2022_version3","3"
"SIBE",1,0,0,0,0,0,NA,1.23896698267408,1,0,0,0,0,0,NA,1.23896698267408,"P_aikawa_2022_version3","3"
"Sidalcea",1,0,0,0,0,0,NA,1.43398947909909,1,0,0,0,0,0,NA,1.43455170259294,"P_aikawa_2022_version3","3"
"TRFU",1,0,0,0,0,0,NA,1.01071841269022,1,0,0,0,0,0,NA,1.20625427204375,"P_aikawa_2022_version3","3"
"TRLA",1,0,0,0,0,0,NA,2.59985834763789,1,0,0,0,0,0,NA,2.62965034965035,"P_aikawa_2022_version3","3"
"URLI",1,0,0,0,0,0,NA,8.12017855533618,1,0,0,0,0,0,NA,8.54237867395762,"P_aikawa_2022_version3","3"
"VIVI",0,0.543286094997677,0.786878835243763,2.36309686226571e-05,674.680570732505,530.891861659591,1,15.1326331861341,0,0.543286094997677,0.786881074259021,3.90418870995353e-05,415.118976584663,326.649266240245,1,13.946262021574,"P_aikawa_2022_version3","3"
"yerba_santa",1,0,0,0,0,0,NA,20.9358915228343,1,0,0,0,0,0,NA,21.3373568544582,"P_aikawa_2022_version3","3"
"AGHE",0,0.485206048998612,0.485206048998612,0.485231446165234,0,0,0.0851984784119693,0.223770507796057,1,0.485206048998612,1.40506972663528e-05,7.60561701110558e-05,6.61377456817736e-06,5.74204562107052e-06,1.5508916908802e-05,0.833333333333333,"P_Aikawa_2024_version1","1"
"DEVA",0,0.458065519671918,0.73421150165927,0.0125005663839548,31.1402161223633,22.8635048411946,1,2,0,0.458065519671918,0.734211501881623,0.0125005639629007,31.1402221813883,22.8635092967245,1,2,"P_Aikawa_2024_version1","1"
"LACA",0,0.507189125920268,0.778663087161427,0.00138919552098939,21.752621486319,78.9842440352139,0.64281603529702,3.19064893672356,0,0.507189125920268,0.778621487758447,0.0019963050032036,11.0677395446248,55.7159026144428,0.656118843930868,3.2554347826087,"P_Aikawa_2024_version1","1"
"pink_fluff",0,0.527639341949317,0.816896395326622,8.68094701721414e-05,183.720641503036,330.727062674007,0.726895145165149,1.44974900031467,0,0.527639341949317,0.816895948595828,0.000101713392297534,135.543525249151,282.669865679244,0.695419115546976,1.38709677419355,"P_Aikawa_2024_version1","1"
"RACA",0,0.534420142175825,0.801112782862041,0.000255113711210208,212.769401895936,170.452287660747,0.666666666666667,4,0,0.534420142175825,0.801112549819523,0.000255106201393885,192.700471371561,231.405036522365,0.693977262170989,4.15147265077139,"P_Aikawa_2024_version1","1"
"Sidalcea",0,0.499329549097144,0.760685752182804,7.39717841679921e-05,338.28386915716,327.420247505583,0.797654167203361,4.8093556528359,0,0.499329549097144,0.76068518112971,0.000104345480872288,163.169111960779,233.608690985892,0.774840174385533,4.69021739130435,"P_Aikawa_2024_version1","1"
"TRFU",0,0.531731675696434,0.741483043547441,0.000500809463724956,151.004274456362,111.967109012833,0.952461018829834,8.51898614752582,0,0.531731675696434,0.741483047254287,0.00050018435490219,153.794422579721,114.129753815464,0.911058705974354,7.36666666666667,"P_Aikawa_2024_version1","1"
"VIVI",0,0.514273429971316,0.787354016623712,4.32545455641216e-05,270.553280200173,389.998947483271,0.515403236556567,1.55025099968533,0,0.514273429971316,0.787354012492981,4.26855146314388e-05,277.561314154246,441.225742827554,0.564353165810692,1.67882187938289,"P_Aikawa_2024_version1","1"
"WYAN",0,0.493537527901836,0.739435222040594,0.000154589364779198,252.462652880775,186.679777878862,0.789034514923253,10.2572387551225,0,0.493537527901836,0.73943518566669,0.000154591603894876,248.474239274094,215.656375686404,0.817157235452115,10.6369565217391,"P_Aikawa_2024_version1","1"
"AGHE",0,0.485206048998612,0.485206048998612,0.485231446165234,0,0,NA,0,1,0.485206048998612,1.40740368089378e-05,7.6182506634451e-05,0,0,NA,0,"P_Aikawa_2024_version2","2"
"DEVA",0,0.458065519671918,0.734212682324383,0.0125005569326513,31.1402899659248,22.8635958242407,1,2,0,0.458065519671918,0.773458032711,0.012500565623455,32.8098805866106,25.3770656920027,1,2,"P_Aikawa_2024_version2","2"
"LACA",0,0.507189125920268,0.778622322214831,0.0125005580065084,33.7277602037516,26.26118697295,1,2,0,0.507189125920268,0.820240222668704,0.0125005665902527,35.5355000459063,29.1476464702979,1,2,"P_Aikawa_2024_version2","2"
"pink_fluff",0,0.527639341949317,0.816857741994709,0.00138916606477213,24.0965213266591,82.6466274861886,0.647571640699161,3.20468105448547,0,0.527639341949317,0.860475522280262,0.00214924921711112,13.5608425603627,60.2782166850746,0.664824108370387,3.2554347826087,"P_Aikawa_2024_version2","2"
"RACA",0,0.534420142175825,0.801112914575859,8.68102411881666e-05,155.178717286614,292.213466855082,0.712713801016013,1.42409760570575,0,0.534420142175825,0.84392455001749,0.000223076730444833,132.063627827181,126.582261883658,0.940048459960985,1.38709677419355,"P_Aikawa_2024_version2","2"
"Sidalcea",0,0.499329549097144,0.760684818019046,0.00025511350541368,231.769754158403,176.303733264313,0.66666666666667,4.00000000000002,0,0.499329549097144,0.801336178886221,0.000255105431393345,232.792530662707,237.282407970734,0.702516919390812,4.15147265077139,"P_Aikawa_2024_version2","2"
"TRFU",0,0.531731675696434,0.741485104966459,7.3971453654255e-05,299.513134233964,291.393231113364,0.793691216552792,4.79532351015251,0,0.531731675696434,0.781110099685596,0.000103007215302458,189.588810894964,233.77148259738,0.792115725177678,4.69021739130435,"P_Aikawa_2024_version2","2"
"VIVI",0,0,0.787354044857496,4.3254928579514e-05,284.599620288171,389.995521872061,0.524857465989327,1.57590239429366,1,0,0,0,0,0,NA,1.67882187938289,"P_Aikawa_2024_version2","2"
"WYAN",0,0.493537527901836,0.73943522062415,0.000154589291157802,252.462668629671,186.679789171772,0.923076499783647,11.9999954353622,0,0.493537527901836,0.778951017673658,0.00015458357896756,264.0618794531,237.856577346705,0.909845128524243,11.8369565217391,"P_Aikawa_2024_version2","2"
"AGHE",1,0,0,0,0,0,NA,0,1,0,0,0,0,0,NA,0,"P_Aikawa_2024_version3","3"
"DEVA",1,0,0,0,0,0,NA,2,1,0,0,0,0,0,NA,2,"P_Aikawa_2024_version3","3"
"LACA",1,0,0,0,0,0,NA,2,1,0,0,0,0,0,NA,2,"P_Aikawa_2024_version3","3"
"pink_fluff",1,0,0,0,0,0,NA,3.22928214069926,1,0,0,0,0,0,NA,3.2554347826087,"P_Aikawa_2024_version3","3"
"RACA",1,0,0,0,0,0,NA,1.00000000000914,1,0,0,0,0,0,NA,1.38709677419355,"P_Aikawa_2024_version3","3"
"Sidalcea",1,0,0,0,0,0,NA,4.06952142713285,1,0,0,0,0,0,NA,4.15147265077139,"P_Aikawa_2024_version3","3"
"TRFU",1,0,0,0,0,0,NA,4.57688927636353,1,0,0,0,0,0,NA,4.69021739130435,"P_Aikawa_2024_version3","3"
"VIVI",0,0.514273429971316,0.787354276218259,4.32545470331175e-05,495.328725433509,389.999190103814,1,2.30478572866837,0,0.514273429971316,0.787354018890988,7.88757911639836e-05,272.243167950229,214.351752401227,1,1.67882187938289,"P_Aikawa_2024_version3","3"
"WYAN",1,0,0,0,0,0,NA,11.8195214271329,1,0,0,0,0,0,NA,11.8369565217391,"P_Aikawa_2024_version3","3"
"AGHE",0,0.544210650117235,0.544210650117235,0.503501155531733,1.99037372830474e-35,1.70385714910031e-16,6.35723822991229e-20,7.95674777491374e-20,0,0.544210650117235,0.818185498835707,0.0244130905273351,0.114499694037074,14.3008367219559,0.00655080476084522,0.00558659217877095,"P_Anu_2024_version1","1"
"CADE",0,0.54839652036242,0.86795794671844,0.0125005815858784,37.9482000172257,32.9374417686182,0.999999999999806,0.999999999999827,0,0.54839652036242,0.866832313627959,0.0499016926488925,2.32173870558183,8.16172326102997,0.246584951416878,0.25,"P_Anu_2024_version1","1"
"CARU",0,0.50031773119714,0.736581496523701,0.0125005898902463,28.4440825935447,20.9513849240169,0.999999999999042,0.999999999999022,0,0.50031773119714,0.726043581862247,0.123048266981998,0.25132246874461,1.99632317877986,0.0914035699977815,0.1,"P_Anu_2024_version1","1"
"DICA",0,0.540108230332894,0.770488667414996,0.0124253303845214,29.1567962746411,23.2451688000491,0.5178024263757,1.03525426223339,0,0.540108230332894,0.769735014908419,0.0377748834965686,3.31224114348222,7.58293326097244,0.180133392553371,0.349462365591398,"P_Anu_2024_version1","1"
"LACA",0,0.499027204955475,0.869627003819473,0.012500584252457,36.509815990325,32.9597151440881,0.504390908690445,1.00725022818279,0,0.499027204955475,0.867512001987769,0.0286773981205123,1.1984389328857,14.2470182553655,0.207753796640584,0.395833333333333,"P_Anu_2024_version1","1"
"LAMI",0,0.450233686668907,0.781127719248836,0.0125005916761411,29.7086571604255,25.9308283886449,0.51008478491454,1.01838942857254,0,0.450233686668907,0.778795699037983,0.0253932820293233,1.02762321372897,12.6481634191965,0.0743760954680753,0.145833333333333,"P_Anu_2024_version1","1"
"MICA",0,0.477571844322408,0.728431223731893,0.00312516228461436,14.8189106299877,39.0073709927652,0.637708211056606,1.27544666189553,0,0.477571844322408,0.728186135068899,0.00514715550507982,3.77690280428176,23.7232821261539,0.149779663282803,0.325,"P_Anu_2024_version1","1"
"MIDO",0,0.54998752670362,0.728996421288477,0.000500024330612138,93.7782689299426,98.4622058334842,0.274468790090431,1.13525264564025,0,0.54998752670362,0.728981024157911,0.000825533377800704,23.643026707196,61.4444322733702,0.142289700970266,0.628629032258065,"P_Anu_2024_version1","1"
"PLNO",0,0.540361307743174,0.735412590078691,0.000781285887128253,10.5952131583765,79.663622557261,0.453381077788801,2.26085117905926,0,0.540361307743174,0.735302379129194,0.00151678995428239,4.2822747777784,41.5317266361444,0.307978924052058,1.53329445560379,"P_Anu_2024_version1","1"
"RACA",0,0.452499239520402,0.815011514798755,0.000781285935768059,16.8665114143019,112.323079015009,0.363055494805664,3.27335025011342,0,0.452499239520402,0.814920406580959,0.00117837384178881,7.78453022446858,111.163165147397,0.292459144460999,2.63403662484175,"P_Anu_2024_version1","1"
"TRFU",0,0.45471861940097,0.821431732935275,2.17023804784683e-05,651.091318310032,685.844659036695,0.147092636369158,2.84004795281077,0,0.45471861940097,0.821431198533749,4.13668123711307e-05,155.600558570241,556.8688715324,0.178464015448973,3.3817671568133,"P_Anu_2024_version1","1"
"TRLA",0,0.455836272102704,0.785875983149458,3.60689497967568e-06,1952.76932706544,1535.43848926716,0.582841388841493,18.5862014492119,0,0.455836272102704,0.78587598138607,3.73726184931923e-06,1850.09866232271,1653.08153050948,0.690076339224175,21.9555765971586,"P_Anu_2024_version1","1"
"URLI",0,0.540225230152824,0.847142110617803,2.3426403876591e-07,7639.54353781733,6471.77903678318,0.329805294536896,5.90581910709841,0,0.540225230152824,0.847142110138006,2.85830349783667e-07,5024.15837414546,5796.44469992192,0.400958943613076,7.10336547169987,"P_Anu_2024_version1","1"
"VIVI",0,0.465443178506309,0.76238267853947,7.06686242268772e-07,3934.87148716435,2999.87786409296,0.482088387978385,13.6621368351752,0,0.465443178506309,0.762382672364349,9.318152846545e-07,2094.42791093302,3189.90054900346,0.529328746587716,15.1916150371878,"P_Anu_2024_version1","1"
"AGHE",0,0.544210650117235,0.544210650117235,0.503501155531733,0,0,NA,0,1,0.544210650117235,1.21029233667018e-05,7.00602260952551e-05,0,0,NA,0,"P_Anu_2024_version2","2"
"CADE",0,0.54839652036242,0.913055962145167,0.0125005881687612,39.9253446366032,36.4540739611529,0.99999999999995,0.999999999999849,1,0.54839652036242,0,0,0,0,NA,0.00719424460431655,"P_Anu_2024_version2","2"
"CARU",0,0.50031773119714,0.774866060562202,0.0125005871096512,29.9282016537034,23.1903477151222,0.999999999999746,1.00000000000005,0,0.50031773119714,0.773525455263615,0.0499017001845499,1.74736858486699,5.72555136079679,0.236070553724713,0.25,"P_Anu_2024_version2","2"
"DICA",0,0.540108230332894,0.810539540125844,0.0125005833307692,31.5508133072405,25.5731817086737,0.999999999998962,0.999999999998759,0,0.540108230332894,0.802438471151178,0.122997469777331,0.313205542892329,2.48010474736038,0.101337726667427,0.1,"P_Anu_2024_version2","2"
"LACA",0,0.499027204955475,0.91481107255192,0.0123947746983168,38.3369679936438,36.7908359585025,0.534208369936547,1.06365270407456,0,0.499027204955475,0.914448210362728,0.0377147825785307,6.62984709798852,12.0183636891414,0.265757810909693,0.349462365591398,"P_Anu_2024_version2","2"
"LAMI",0,0.450233686668907,0.821723039577654,0.0125005864991988,33.911498888455,28.7005422474849,0.502537631075771,1.00505545637298,0,0.450233686668907,0.81946405395023,0.0263242547425083,1.04268958715219,13.5096539946299,0.194893588569941,0.395833333333333,"P_Anu_2024_version2","2"
"MICA",0,0.477571844322408,0.766270318969277,0.0125005925010011,26.423762111218,21.5213793610083,0.503796777544956,1.00829331517668,0,0.477571844322408,0.763837723674913,0.0212763619394541,0.926054141350409,12.5299254266798,0.528226627982265,0.1875,"P_Anu_2024_version2","2"
"MIDO",0,0.54998752670362,0.766801692137024,0.00312516378431111,14.5440012235716,43.5461797416816,0.627729982428712,1.28035839206785,0,0.54998752670362,0.766581739853421,0.00540486618929554,3.7313534543491,25.2402181154397,0.209961593399718,0.375,"P_Anu_2024_version2","2"
"PLNO",0,0.540361307743174,0.773680010987765,0.000500024494765205,104.174559438527,110.222666027713,0.293385662086502,1.14529285451417,0,0.540361307743174,0.773666876511201,0.000861387189758412,26.6280073696696,66.1306529375433,0.15966710643905,0.628629032258065,"P_Anu_2024_version2","2"
"RACA",0,0.452499239520402,0.85735567181615,0.000781286048908708,18.1229715517918,124.298875773089,0.494720542279843,2.38056834185833,0,0.452499239520402,0.857308783013516,0.00160776365351666,8.72959118996763,61.0918208634852,0.380748907438713,1.69996112227046,"P_Anu_2024_version2","2"
"TRFU",0,0.45471861940097,0.864076474895357,0.000781286108601379,19.4242135943003,126.463259776022,0.378881150426797,3.28110436091291,0,0.45471861940097,0.864044607855846,0.0010629139630438,12.8979456975579,133.26304613167,0.319231498636924,2.63403662484175,"P_Anu_2024_version2","2"
"TRLA",0,0.455836272102704,0.826705782769556,2.17023866683725e-05,622.070810537794,692.826277002664,0.469858917165607,4.42103261317175,0,0.455836272102704,0.826705595341884,4.28069543172231e-05,308.568992699,381.280933654928,0.575921661292602,3.79899657011055,"P_Anu_2024_version2","2"
"URLI",0,0.540225230152824,0.891155105144004,3.60693022492576e-06,2045.56481308799,1824.72540201069,0.662787513160338,19.298814309669,0,0.540225230152824,0.891155103639776,3.74203622281075e-06,1955.97657742704,1895.79620092652,0.791593212542204,22.3341805395754,"P_Anu_2024_version2","2"
"VIVI",1,0,0,0,0,0,NA,13.1158276521774,1,0,0,0,0,0,NA,18.2392061674147,"P_Anu_2024_version2","2"
"AGHE",1,0,0,0,0,0,NA,0,1,0,0,0,0,0,NA,0,"P_Anu_2024_version3","3"
"CADE",1,0,0,0,0,0,NA,2.96038404914934e-18,1,0,0,0,0,0,NA,0.00719424460431655,"P_Anu_2024_version3","3"
"CARU",1,0,0,0,0,0,NA,0.25,1,0,0,0,0,0,NA,0.25,"P_Anu_2024_version3","3"
"DICA",1,0,0,0,0,0,NA,0.1,1,0,0,0,0,0,NA,0.1,"P_Anu_2024_version3","3"
"LACA",1,0,0,0,0,0,NA,0.349222588520745,1,0,0,0,0,0,NA,0.349462365591398,"P_Anu_2024_version3","3"
"LAMI",1,0,0,0,0,0,NA,0.395833333333333,1,0,0,0,0,0,NA,0.395833333333333,"P_Anu_2024_version3","3"
"MICA",1,0,0,0,0,0,NA,0.176389470529843,1,0,0,0,0,0,NA,0.1875,"P_Anu_2024_version3","3"
"MIDO",1,0,0,0,0,0,NA,0.374865101135194,1,0,0,0,0,0,NA,0.375,"P_Anu_2024_version3","3"
"PLNO",1,0,0,0,0,0,NA,0.628629032258065,1,0,0,0,0,0,NA,0.628629032258065,"P_Anu_2024_version3","3"
"RACA",1,0,0,0,0,0,NA,1.65270514356106,1,0,0,0,0,0,NA,1.69996112227046,"P_Anu_2024_version3","3"
"TRFU",1,0,0,0,0,0,NA,2.58680986309635,1,0,0,0,0,0,NA,2.63403662484175,"P_Anu_2024_version3","3"
"TRLA",1,0,0,0,0,0,NA,3.16392985488915,1,0,0,0,0,0,NA,3.79899657011055,"P_Anu_2024_version3","3"
"URLI",1,0,0,0,0,0,NA,22.0223630564925,1,0,0,0,0,0,NA,22.3341805395754,"P_Anu_2024_version3","3"
"VIVI",0,0.465443178506309,0.762382678679625,7.06686572639388e-07,3934.86948044354,2999.87633475525,1,19.2992525561841,0,0.465443178506309,0.762382678437699,7.39489257328839e-07,3773.65082161334,2876.9660208702,1,18.2392061674147,"P_Anu_2024_version3","3"
"CAPA",0,0.46724586757703,0.46724586757703,0.523391084407173,0,0,1,1,1,0.46724586757703,5.10983300116685e-05,0.000216983838479547,0.466728536093947,2.38490487631914e-05,1,1,"P_Banana_2022_version1","1"
"CUCA",0,0.50129636714761,0.743539576987763,0.0125005814106121,0.124028677074598,21.1720295222424,0.00435575767497944,0.00478320712913476,0,0.50129636714761,0.74818228725077,0.0108433423031355,0.167971986100713,24.7260297602021,0.00508264634369909,0.00549450549450549,"P_Banana_2022_version1","1"
"GRCA",0,0.488042649877278,0.84036108215576,0.0125005789731203,31.4498283130806,26.4302261506314,0.500000096597819,1.00000020276939,0,0.488042649877278,0.83902908436811,0.0112221206073163,2.11546276959442,29.3569724997812,0.502638262752989,1.00549450549451,"P_Banana_2022_version1","1"
"HEAR",0,0.532816487403035,0.894219004833731,0.003125145932027,32.1113808325122,67.9296389890775,0.422711020391306,0.38853023748262,0,0.532816487403035,0.893269193556416,0.0194838925835186,1.32418056905734,10.8355522173171,0.109163768059234,0.0952380952380952,"P_Banana_2022_version1","1"
"HECO",0,0.546703782815814,0.898120613076899,0.00312517301736347,60.5031912111818,61.5762399180913,0.94012599304154,1.86394774262877,0,0.546703782815814,0.897966689820994,0.00783533358090001,8.65003228610182,24.5878880401594,0.238949200538185,0.428571428571429,"P_Banana_2022_version1","1"
"HEEX",0,0.450477785384505,0.871048169284487,0.000255113640113563,12.5008796626053,221.671897620241,0.0491215551518053,0.0427493241978551,0,0.450477785384505,0.871041392579624,0.000280647450254903,10.3210660571125,201.504059018856,0.0446148618299166,0.0384615384615385,"P_Banana_2022_version1","1"
"LERA",0,0.480138957374794,0.761309822166999,0.00078128664877007,69.0174389983979,91.01794086891,0.644322244902165,2.61146976251583,0,0.480138957374794,0.761201053671306,0.00162933945871547,6.28308099146504,69.5363797919605,0.550011365108144,2.2014652014652,"P_Banana_2022_version1","1"
"PEKE",0,0.495456598161467,0.817299528626835,0.00312518469501333,59.7379358356157,56.4414474732619,0.517582222911173,3.13880605455291,0,0.495456598161467,0.817281911977193,0.00311064689830173,33.303455013388,70.4272950479655,0.304561610301691,1.87454212454212,"P_Banana_2022_version1","1"
"SAVE",0,0.539045299770797,0.778494355935662,1.22075877062747e-05,170.87135309348,810.197492050996,0.641243698945891,11.5859135879238,0,0.539045299770797,0.778494372939878,1.1989567499957e-05,185.709317934329,852.511313754892,0.655718337979232,11.9220893485599,"P_Banana_2022_version1","1"
"TRLA",0,0.534353247789831,0.9131646723238,5.00022739281776e-06,672.387848613408,1693.36336456087,0.580265212243133,10.8937487353905,0,0.534353247789831,0.913164653270813,5.61022261799883e-06,541.210673235285,1532.17963204371,0.66383232486727,12.2950333979746,"P_Banana_2022_version1","1"
"ZETR",0,0.475035603682061,0.76796090756133,1.61422628140728e-06,1164.77842627781,2131.06660805272,0.414873196675533,5.47005114541437,0,0.475035603682061,0.767960909898411,1.53580468053728e-06,1315.18279031326,2296.97333544453,0.53190803221829,7.13360985419809,"P_Banana_2022_version1","1"
"CAPA",0,0.46724586757703,0.46724586757703,0.523391084407173,0,0,1,1,1,0.46724586757703,5.10983300116685e-05,0.000216983838479547,0.466728536093947,2.38490487631914e-05,1,1,"P_Banana_2022_version2","2"
"CUCA",0,0.50129636714761,0.743539576987763,0.0125005814106121,0.124028677074598,21.1720295222424,0.00435575767497944,0.00478320712913476,0,0.50129636714761,0.74818228725077,0.0108433423031355,0.167971986100713,24.7260297602021,0.00508264634369909,0.00549450549450549,"P_Banana_2022_version2","2"
"GRCA",0,0.488042649877278,0.84036108215576,0.0125005789731203,31.4498283130806,26.4302261506314,0.500000096597819,1.00000020276939,0,0.488042649877278,0.83902908436811,0.0112221206073163,2.11546276959442,29.3569724997812,0.502638262752989,1.00549450549451,"P_Banana_2022_version2","2"
"HEAR",0,0.532816487403035,0.894219004833731,0.003125145932027,32.1113808325122,67.9296389890775,0.422711020391306,0.38853023748262,0,0.532816487403035,0.893269193556416,0.0194838925835186,1.32418056905734,10.8355522173171,0.109163768059234,0.0952380952380952,"P_Banana_2022_version2","2"
"HECO",0,0.546703782815814,0.898120613076899,0.00312517301736347,60.5031912111818,61.5762399180913,0.94012599304154,1.86394774262877,0,0.546703782815814,0.897966689820994,0.00783533358090001,8.65003228610182,24.5878880401594,0.238949200538185,0.428571428571429,"P_Banana_2022_version2","2"
"HEEX",0,0.450477785384505,0.871048169284487,0.000255113640113563,12.5008796626053,221.671897620241,0.0491215551518053,0.0427493241978551,0,0.450477785384505,0.871041392579624,0.000280647450254903,10.3210660571125,201.504059018856,0.0446148618299166,0.0384615384615385,"P_Banana_2022_version2","2"
"LERA",0,0.480138957374794,0.761309822166999,0.00078128664877007,69.0174389983979,91.01794086891,0.644322244902165,2.61146976251583,0,0.480138957374794,0.761201053671306,0.00162933945871547,6.28308099146504,69.5363797919605,0.550011365108144,2.2014652014652,"P_Banana_2022_version2","2"
"PEKE",0,0.495456598161467,0.817299528626835,0.00312518469501333,59.7379358356157,56.4414474732619,0.517582222911173,3.13880605455291,0,0.495456598161467,0.817281911977193,0.00311064689830173,33.303455013388,70.4272950479655,0.304561610301691,1.87454212454212,"P_Banana_2022_version2","2"
"SAVE",0,0.539045299770797,0.778494355935662,1.22075877062747e-05,170.87135309348,810.197492050996,0.641243698945891,11.5859135879238,0,0.539045299770797,0.778494372939878,1.1989567499957e-05,185.709317934329,852.511313754892,0.655718337979232,11.9220893485599,"P_Banana_2022_version2","2"
"TRLA",0,0.534353247789831,0.9131646723238,5.00022739281776e-06,672.387848613408,1693.36336456087,0.580265212243133,10.8937487353905,0,0.534353247789831,0.913164653270813,5.61022261799883e-06,541.210673235285,1532.17963204371,0.66383232486727,12.2950333979746,"P_Banana_2022_version2","2"
"ZETR",0,0.475035603682061,0.76796090756133,1.61422628140728e-06,1164.77842627781,2131.06660805272,0.414873196675533,5.47005114541437,0,0.475035603682061,0.767960909898411,1.53580468053728e-06,1315.18279031326,2296.97333544453,0.53190803221829,7.13360985419809,"P_Banana_2022_version2","2"
"CAPA",1,0,0,0,0,0,NA,1,1,0,0,0,0,0,NA,1,"P_Banana_2022_version3","3"
"CUCA",1,0,0,0,0,0,NA,0.00549450549450549,1,0,0,0,0,0,NA,0.00549450549450549,"P_Banana_2022_version3","3"
"GRCA",1,0,0,0,0,0,NA,1.00549450549451,1,0,0,0,0,0,NA,1.00549450549451,"P_Banana_2022_version3","3"
"HEAR",1,0,0,0,0,0,NA,0.0952380952380952,1,0,0,0,0,0,NA,0.0952380952380952,"P_Banana_2022_version3","3"
"HECO",1,0,0,0,0,0,NA,0.428571428571429,1,0,0,0,0,0,NA,0.428571428571429,"P_Banana_2022_version3","3"
"HEEX",1,0,0,0,0,0,NA,0.0384615384615385,1,0,0,0,0,0,NA,0.0384615384615385,"P_Banana_2022_version3","3"
"LERA",1,0,0,0,0,0,NA,2.2014652014652,1,0,0,0,0,0,NA,2.2014652014652,"P_Banana_2022_version3","3"
"PEKE",1,0,0,0,0,0,NA,1.87454212454212,1,0,0,0,0,0,NA,1.87454212454212,"P_Banana_2022_version3","3"
"SAVE",1,0,0,0,0,0,NA,11.9220893485599,1,0,0,0,0,0,NA,11.9220893485599,"P_Banana_2022_version3","3"
"TRLA",1,0,0,0,0,0,NA,12.2950333979746,1,0,0,0,0,0,NA,12.2950333979746,"P_Banana_2022_version3","3"
"ZETR",1,0,0,0,0,0,NA,7.13360985419809,1,0,0,0,0,0,NA,7.13360985419809,"P_Banana_2022_version3","3"
"ACAM",0,0.527698405961366,0.527698405961366,0.518970737033044,0,0,1,1,1,0.527698405961366,4.64745844747477e-05,0.000264178733509658,0.531920493339151,2.47207839015399e-05,1,1,"P_Bertha_2022_summer_version1","1"
"ACWR",0,0.52710899267211,0.747909508043297,0.0125008525698318,0.103578410246245,23.8771514122109,0.00324441037851605,0.00269708573748314,0,0.52710899267211,0.701169119345035,0.0144381442545573,0.0706194390761903,18.1574169377815,0.00272704923147194,0.0022883295194508,"P_Bertha_2022_summer_version1","1"
"ASER",1,0.520839840160143,2.04285849418147e-05,8.75778425800191e-05,1.02346016456001e-17,1.35020274948111e-09,1.54849654352376e-13,5.58369897306358e-09,0,0.520839840160143,0.772698550837443,0.0135579007768785,0.0656855081970248,20.009737120027,0.00253651992979274,0.0022883295194508,"P_Bertha_2022_summer_version1","1"
"ASFA",0,0.455193571515937,0.735685175738219,0.00312520558681796,0.380413282360942,46.9456272212763,0.00596145858628607,0.00539093920575096,0,0.455193571515937,0.699704680676502,0.00366156499148206,0.263439182623417,36.2389879127254,0.00508650047289177,0.0045766590389016,"P_Bertha_2022_summer_version1","1"
"CAPY",0,0.538356468355449,0.746577122585626,0.0125008087289944,32.4514140422738,24.227719330864,0.500000014557882,1.00000002670626,0,0.538356468355449,0.678235807834312,0.0142051291709489,0.0753167281635509,17.5841105152742,0.2203801250374,0.502288329519451,"P_Bertha_2022_summer_version1","1"
"CESO",0,0.457163650033606,0.820976109451611,0.00312531283637946,65.1780407957686,53.5096143542387,0.999824785049315,2.99946893825117,0,0.457163650033606,0.782513123994634,0.0045137141491551,31.0993289941391,34.2104866823424,0.737299982276647,2.16666666666667,"P_Bertha_2022_summer_version1","1"
"GRCA",0,0.549466114816939,0.784090723346201,0.00138917660245843,89.9483207607245,70.5276438891181,0.737577248003495,5.88967027378748,0,0.549466114816939,0.747379273580102,0.00139060295155593,85.7519223917109,75.6438458667298,0.662447711169965,5.35,"P_Bertha_2022_summer_version1","1"
"HECO",0,0.476991728286721,0.754477646316047,0.000154347139073302,269.407022518455,203.261576255153,0.644574797809128,8.42871007393133,0,0.476991728286721,0.719151736004219,0.00025602941940908,78.399526108102,168.988841500683,0.577544315174711,7.63124332570557,"P_Bertha_2022_summer_version1","1"
"HEEX",0,0.499977314914566,0.722404964398172,9.64569310732763e-06,98.0405719801218,741.043593585581,0.0955746686482851,0.0866611262166607,0,0.499977314914566,0.688583087096345,1.01166854320516e-05,85.3117029434842,641.933643532553,0.0915113211001095,0.0823798627002288,"P_Bertha_2022_summer_version1","1"
"LULU",0,0.518731769113211,0.772262089796342,3.9862215716928e-06,1856.42210826826,1433.64441687925,0.358542462480402,2.4741135829055,0,0.518731769113211,0.736106092171526,5.32452648970992e-06,1047.84464719427,1012.64228818191,0.460743119350423,3.06790999237224,"P_Bertha_2022_summer_version1","1"
"MEIN",0,0.524843485734818,0.880217341258532,6.45708649631196e-06,238.357928430923,1281.34507711243,0.700816203561641,13.2624832459707,0,0.524843485734818,0.839006908324416,7.80199708006477e-06,188.360649696917,1042.57466834196,0.777686225981385,14.6140198321892,"P_Bertha_2022_summer_version1","1"
"PEKE",0,0.54446474509056,0.680946220019353,1.03223826333819e-07,6773.51697355027,6305.36403544969,0.465058269590406,2.85080470170913,0,0.54446474509056,0.649065493439044,1.00902943367493e-07,6825.27114132718,6104.96080713174,0.572763416105122,3.57633867276888,"P_Bertha_2022_summer_version1","1"
"ACAM",0,0.527698405961366,0.527698405961366,0.518970737033044,0,0,NA,0,1,0.527698405961366,4.66070257416316e-05,0.000264931578674971,0,0,NA,0,"P_Bertha_2022_summer_version2","2"
"ACWR",1,0.52710899267211,2.09630455956484e-05,0.000119570077809597,0,0,NA,0,1,0.52710899267211,0,0,0,0,NA,0,"P_Bertha_2022_summer_version2","2"
"ASER",1,0,0,0,0,0,NA,0,1,0,0,0,0,0,NA,0,"P_Bertha_2022_summer_version2","2"
"ASFA",0,0.455193571515937,0.826001541922995,0.0125005790933054,35.7539390612946,29.5328087944501,1,1,0,0.455193571515937,0.826001541918549,0.0125005800528,35.7539362393639,29.5328064633721,1,1,"P_Bertha_2022_summer_version2","2"
"CAPY",0,0.538356468355449,0.817153155596874,0.0125005819414691,0.138611126240819,29.0325938784687,0.00390135720158726,0.0034199033153931,0,0.538356468355449,0.805494239825955,0.0166978067863424,0.083495951559646,21.0993652999415,0.003187560719197,0.00251256281407035,"P_Bertha_2022_summer_version2","2"
"CESO",1,0,0,0,0,0,NA,2.84799274433088e-20,1,0,0,0,0,0,NA,0.0050251256281407,"P_Bertha_2022_summer_version2","2"
"GRCA",0,0.549466114816939,0.876612001538653,0.0125005796888242,33.4429081252524,29.3168914450732,0.500000028252001,1.00000004796453,0,0.549466114816939,0.858627954994385,0.0155890997871458,0.138977084218375,22.5369321631708,0.501635391372825,0.50251256281407,"P_Bertha_2022_summer_version2","2"
"HECO",0,0.476991728286721,0.843553641658988,0.00312526379202708,66.8968924213498,56.4311172177539,0.999999999999677,2.99948848041339,0,0.476991728286721,0.84353317041711,0.00451457064713581,30.8001431159526,39.2730276088724,0.886535024369876,2.16666666666667,"P_Bertha_2022_summer_version2","2"
"HEEX",0,0.499977314914566,0.807702226151543,0.00138913298432934,95.5347935913744,77.163665458732,0.73616704396861,5.88711697669471,0,0.499977314914566,0.80770176136352,0.00138911358145571,96.7016315591039,90.5886931141975,0.722821045522085,5.78333333333333,"P_Bertha_2022_summer_version2","2"
"LULU",0,0.518731769113211,0.863453418094002,0.000154344603389193,333.555737841203,288.009841963853,0.807275066177594,10.0053125295449,0,0.518731769113211,0.863452609343937,0.000258651932526189,178.717866181032,211.629950274138,0.783731682418667,9.26028828352288,"P_Bertha_2022_summer_version2","2"
"MEIN",1,0,0,0,0,0,NA,13.4337941821184,1,0,0,0,0,0,NA,14.9965176760998,"P_Bertha_2022_summer_version2","2"
"PEKE",0,0.54446474509056,0.761355408581332,1.03221744452841e-07,10312.9535300091,7882.57613910478,0.602031062372962,3.67086787993857,0,0.54446474509056,0.761355408476646,1.17236522316636e-07,8990.8402629951,6957.10698660752,0.727142724634363,4.28314378912104,"P_Bertha_2022_summer_version2","2"
"ACAM",1,0,0,0,0,0,NA,0,1,0,0,0,0,0,NA,0,"P_Bertha_2022_summer_version3","3"
"ACWR",1,0,0,0,0,0,NA,0,1,0,0,0,0,0,NA,0,"P_Bertha_2022_summer_version3","3"
"ASER",1,0.520839840160143,0,0,0,0,NA,0,0,0.520839840160143,0.520839840160143,0.467122718699799,0,0,NA,0,"P_Bertha_2022_summer_version3","3"
"ASFA",1,0,0,0,0,0,NA,1,1,0,0,0,0,0,NA,1,"P_Bertha_2022_summer_version3","3"
"CAPY",1,0,0,0,0,0,NA,-6.02772199244132e-18,1,0,0,0,0,0,NA,0.00251256281407035,"P_Bertha_2022_summer_version3","3"
"CESO",0,0.457163650033606,0.820444482769437,0.00312521454861695,2.81556997091173,53.4426621554679,0.0432242473581472,0.0428299601713272,1,0.457163650033606,0,0,0,0,NA,0.0050251256281407,"P_Bertha_2022_summer_version3","3"
"GRCA",1,0,0,0,0,0,NA,0.495048730951165,1,0,0,0,0,0,NA,0.50251256281407,"P_Bertha_2022_summer_version3","3"
"HECO",1,0,0,0,0,0,NA,2.16171539761783,1,0,0,0,0,0,NA,2.16666666666667,"P_Bertha_2022_summer_version3","3"
"HEEX",1,0,0,0,0,0,NA,5.78333333333333,1,0,0,0,0,0,NA,5.78333333333333,"P_Bertha_2022_summer_version3","3"
"LULU",1,0,0,0,0,0,NA,9.14460727010511,1,0,0,0,0,0,NA,9.26028828352288,"P_Bertha_2022_summer_version3","3"
"MEIN",0,0.524843485734818,0.880247609725588,6.45709182863033e-06,1392.83590153628,1281.42808043911,0.997725039612729,15.9763116692124,0,0.524843485734818,0.925581100749871,1.71481934220873e-05,945.752624588294,875.370755303514,1,14.9965176760998,"P_Bertha_2022_summer_version3","3"
"PEKE",1,0,0,0,0,0,NA,3.39615363860879,1,0,0,0,0,0,NA,4.28314378912104,"P_Bertha_2022_summer_version3","3"
"AGHE",0,0.546788046181569,0.546788046181569,0.452586498578352,1.37768629371916e-25,-3.08376870773984e-12,-2.44279797931389e-14,-3.35119338525467e-14,0,0.546788046181569,0.697481102404749,0.0199557603465283,1.51081607937232,12.4339737836437,0.0847489051293966,0.0909090909090909,"P_bertha_2022_version1","1"
"AMME",0,0.466692173628459,0.726963542071668,0.0125005886223821,24.7269824317363,21.6120833504321,0.831739098996187,0.802884055189147,0,0.466692173628459,0.705402281734399,0.141609278642405,0.112572057564287,1.72631131052714,0.0459989955352469,0.0476190476190476,"P_bertha_2022_version1","1"
"ANFI",0,0.495362173507624,0.776499357982142,0.0125006066645907,5.46837041383489,22.199949416109,0.191270080663795,0.169882087277574,0,0.495362173507624,0.776543738616488,0.020004996154776,1.82950826793929,13.8434209249829,0.102625875346422,0.0909090909090909,"P_bertha_2022_version1","1"
"CASAN",0,0.452050142643065,0.657097738451675,0.0125005842266714,27.8826864512684,18.3216502122142,0.999999999829242,0.999999999829945,0,0.452050142643065,0.639796337087803,0.156124208770003,0.125257416773159,1.33221212928619,0.06015501186548,0.0714285714285714,"P_bertha_2022_version1","1"
"DICA",0,0.506747401997795,0.782125342948867,0.0125005168342603,6.20763577334056,24.6361996401454,0.197073790967907,0.16510722189979,0,0.506747401997795,0.781133339640805,0.0248982602586523,1.14076481182671,12.3018064184599,0.0724356567560484,0.0625,"P_bertha_2022_version1","1"
"ERCI",0,0.503585376941406,0.776116223856964,0.0125005781620815,32.4024015495302,25.1480295345185,1,1,0,0.503585376941406,0.777157528121908,0.0125004244022957,32.4464001337906,25.215964124431,1,1,"P_bertha_2022_version1","1"
"EUSP",0,0.45943025420859,0.69921345093598,0.00312515122369967,13.290501260993,35.3082793433626,0.263193149714186,0.300056807355213,0,0.45943025420859,0.700026033930159,0.0044293576822288,5.70749590666459,24.958684396598,0.160080381630998,0.181818181818182,"P_bertha_2022_version1","1"
"GITR",0,0.544282483772506,0.66023188841981,0.0125005882309066,21.378955320125,16.2712490798722,0.540202604014695,1.09590937330149,0,0.544282483772506,0.65477956347214,0.0703343861168898,0.379414310851482,2.78590087769534,0.0982247113397059,0.214285714285714,"P_bertha_2022_version1","1"
"LACA",0,0.45570476451223,0.693396922206526,0.00314367381439553,7.39197219050774,35.4009096673998,0.144786414080607,0.14618029779453,0,0.45570476451223,0.694067333161019,0.00477430689424911,2.96221203037828,23.3431672817041,0.0880760772251146,0.0869565217391304,"P_bertha_2022_version1","1"
"LUBI",0,0.529977157050733,0.70373526345085,0.012500604175997,22.6325733788237,18.6556243300276,0.27238857959607,1.10306101130141,0,0.529977157050733,0.700687476000851,0.00966599700154524,0.679707630166816,23.9363880351125,0.0459901359641314,0.221230158730159,"P_bertha_2022_version1","1"
"LUMI",0,0.526078551670573,0.685669540254607,0.012500850528655,28.289113478228,19.7156811126171,0.601550625635848,3.00891521746466,0,0.526078551670573,0.683802566267737,0.020801540225338,0.80751960617752,11.7589189730974,0.159625628557673,0.85230179028133,"P_bertha_2022_version1","1"
"LUNA/LUBI",0,0.50221792732003,0.757814509448771,0.00312561227171358,2.53442295202626,45.8452764345253,0.0104837542784819,0.0477168360564759,0,0.50221792732003,0.7586100001109,0.00385133738759239,1.82472039425495,37.2837336606656,0.0306381435631632,0.138508064516129,"P_bertha_2022_version1","1"
"LUSU",0,0.476704467752345,0.733454709474029,0.00138895693913206,48.6646115537044,65.4278327627827,0.621285399897261,2.47258993557248,0,0.476704467752345,0.73439984272271,0.0022203164476502,15.8476964605544,45.0333109796596,0.407819240284582,1.63383838383838,"P_bertha_2022_version1","1"
"PLER",0,0.471989513664501,0.788338682672205,0.00312508672469505,47.9128746423025,50.0685048490707,0.509157048736952,3.0294696141114,0,0.471989513664501,0.789088284071779,0.00620053404757511,4.78317440438839,25.4570400581193,0.189283897974852,1.06764705882353,"P_bertha_2022_version1","1"
"PLNO",0,0.527756159276588,0.665885075376843,0.00312527601183077,11.9382916075928,36.4839569956408,0.449105743774502,4.10076659336938,0,0.527756159276588,0.665959843206401,0.01061201164393,2.10823572376394,12.0097874140594,0.267013672022313,2.48473238757869,"P_bertha_2022_version1","1"
"RACA",0,0.49776896161389,0.778337448688984,0.000500032965602552,132.538993713627,132.17403288875,0.156097321295027,0.754699691295864,0,0.49776896161389,0.779283361153145,0.00209267856257151,5.86250891408566,42.9978062701826,0.0733184038166016,0.378472222222222,"P_bertha_2022_version1","1"
"TRFU",0,0.502937844653119,0.667191290399271,0.000500020649912776,98.7173937639694,94.8600097125229,0.307764253204591,2.57563587029756,0,0.502937844653119,0.668066299030144,0.000897893130251739,23.0617241600113,54.9406141272332,0.290491543874375,2.52746924128503,"P_bertha_2022_version1","1"
"TRHI",0,0.476355084975415,0.672899847204688,0.00025511447955116,76.0379912293804,127.00572994241,0.221535172840395,2.06001712952811,0,0.476355084975415,0.673796325343719,0.00029458543551528,45.4461957248701,162.688520372071,0.291460592776324,2.77916031019578,"P_bertha_2022_version1","1"
"TRLA",0,0.499913181806874,0.703617630700708,0.000154328483717948,143.731722667792,169.361956103056,0.358377171016081,7.52547212684187,0,0.499913181806874,0.704556846579347,0.000261747033190065,59.4783332593983,185.638867000205,0.406571368693468,8.61955668301576,"P_bertha_2022_version1","1"
"TRWI",0,0.54084662813267,0.684361178697243,7.48496648258115e-05,280.740100542648,221.705149229332,0.407352372511912,5.67854007595037,0,0.54084662813267,0.685278557258709,8.73438452200541e-05,170.57970993586,263.445652067893,0.496986476007711,6.91499195025073,"P_bertha_2022_version1","1"
"VIVI",0,0.50927902579274,0.769407355014085,7.08809344109567e-06,1158.25355232449,930.154152756026,0.701749720231335,41.9630960555614,0,0.50927902579274,0.770439444755064,7.52026417482039e-06,1095.56691800139,1030.35146971524,0.835086765066839,49.5356655305534,"P_bertha_2022_version1","1"
"AGHE",0,0.546788046181569,0.546788046181569,0.452586498578352,0,0,NA,0,1,0.546788046181569,1.61374849854697e-05,9.11761153000985e-05,0,0,NA,0,"P_bertha_2022_version2","2"
"AMME",1,0,0,0,0,0,NA,0,1,0,0,0,0,0,NA,0,"P_bertha_2022_version2","2"
"ANFI",1,0.495362173507624,0,0,0,0,NA,0,0,0.495362173507624,0.495362173507624,0.479958170852604,0,0,NA,0,"P_bertha_2022_version2","2"
"CASAN",0,0.452050142643065,0.760084475282563,0.0125006083274813,4.35542147827481,24.5265741273016,0.134975566981606,0.144442722606617,0,0.452050142643065,0.759461203477619,0.0198744857603208,2.09238395831092,15.3733795063288,0.103365980034637,0.0909090909090909,"P_bertha_2022_version2","2"
"DICA",0,0.506747401997795,0.905403874973516,0.012500607804164,6.98214465788719,33.0274461154199,0.191406286964623,0.163287628513306,0,0.506747401997795,0.904725455554349,0.0224646745309029,2.62491674970796,18.3138884693313,0.129673663031677,0.0909090909090909,"P_bertha_2022_version2","2"
"ERCI",1,0,0,0,0,0,NA,0.000211979224474341,1,0,0,0,0,0,NA,0.1,"P_bertha_2022_version2","2"
"EUSP",0,0.45943025420859,0.809212896948318,0.0125006673010195,12.717277751921,23.5832095919763,0.436369151993191,0.463538724882687,0,0.45943025420859,0.808338486865718,0.0228917131331246,2.45843246504451,12.8106024081316,0.155125068716069,0.166666666666667,"P_bertha_2022_version2","2"
"GITR",0,0.544282483772506,0.764233308702493,0.0125005840557485,28.5439263111829,21.8142192481555,1,1,0,0.544282483772506,0.764233308714955,0.0125005823665447,28.5439302055165,21.8142222246906,1,1,"P_bertha_2022_version2","2"
"LACA",0,0.45570476451223,0.802700901237481,0.00312515165275318,16.1002122285487,47.7293642875296,0.270769474072952,0.266165975045591,0,0.45570476451223,0.802638868347099,0.00458776928774852,9.11825530530135,32.4948051938083,0.225225726878385,0.181818181818182,"P_bertha_2022_version2","2"
"LUBI",0,0.529977157050733,0.814574915345037,0.012500585867213,25.9481112466626,25.0067856662905,0.687075912543785,1.39473680354664,0,0.529977157050733,0.813250831522705,0.0475513639228587,1.88336501646086,6.497673434945,0.243956168901332,0.302631578947368,"P_bertha_2022_version2","2"
"LUMI",0,0.526078551670573,0.793714764406148,0.00312511755471579,66.0824693151316,52.969999164642,0.990195061185645,0.991196307309351,0,0.526078551670573,0.793507887782187,0.00810019346440188,5.02291094903859,20.4034197415829,0.195345658138209,0.2,"P_bertha_2022_version2","2"
"LUNA/LUBI",0,0.50221792732003,0.877713151638432,0.012500599960247,29.2446256325215,30.6899660258395,0.409804653453947,1.61963603282571,0,0.50221792732003,0.874854166337492,0.0539297537647692,0.910383926879197,6.99789939000928,0.217242124302778,0.227876676986584,"P_bertha_2022_version2","2"
"LUSU",0,0.476704467752345,0.848882702588306,0.0125005784990878,32.1551791653655,29.1438923385479,0.609415574019244,3.04431976078793,0,0.476704467752345,0.848179500266293,0.0236561684910624,3.41548222449144,15.3369552395641,0.560644986923519,1.15952380952381,"P_bertha_2022_version2","2"
"PLER",0,0.471989513664501,0.912490279391208,0.00312517707050678,72.7147678040068,67.0864267847197,0.762032895634254,2.90507688264983,0,0.471989513664501,0.911288768907349,0.0680077479751361,1.23325065485623,3.07121281498009,0.514938205048874,0.138508064516129,"P_bertha_2022_version2","2"
"PLNO",0,0.527756159276588,0.770838866731655,0.0013889571463472,38.3474577050764,73.3767116423656,0.600712167995185,2.37469819960177,0,0.527756159276588,0.770818888167048,0.00210375758886674,20.3496196302676,52.2318104575133,0.601095527628235,1.63547237076649,"P_bertha_2022_version2","2"
"RACA",0,0.49776896161389,0.900880210220601,0.00312517764325211,62.1880742701787,70.7891404135861,0.577460945131483,3.43316181634755,0,0.49776896161389,0.90081301039839,0.00622536934043256,13.8456552874237,35.7697444137267,0.46438397759444,1.47738095238095,"P_bertha_2022_version2","2"
"TRFU",0,0.502937844653119,0.7721863425332,0.00312529512029834,19.5485442496569,50.7908227978761,0.692625794162399,6.35531620939455,0,0.502937844653119,0.771998681125695,0.0118917188384328,8.24632884087128,17.0154885718334,0.544018417154864,2.6006054034517,"P_bertha_2022_version2","2"
"TRHI",0,0.476355084975415,0.778857462027142,0.000500035690056572,109.288556436674,121.528124475529,0.140390636913548,0.703765765972115,0,0.476355084975415,0.778823676085573,0.00219751089042861,14.7576938255432,39.7382914661639,0.325392157224821,0.433571981424149,"P_bertha_2022_version2","2"
"TRLA",0,0.499913181806874,0.814409209915582,0.000255172356360343,99.7320288991778,176.457338571777,0.384446556136139,3.4534267314422,0,0.499913181806874,0.814408361003266,0.000281931548915323,110.046442680728,208.835908524552,0.559261285105419,4.56691176470588,"P_bertha_2022_version2","2"
"TRWI",0,0.54084662813267,0.792121017691987,0.000154344996766812,140.96007591883,206.779652580396,0.457356470821008,8.12140592980842,0,0.54084662813267,0.792120114969628,0.000207100709150288,118.482266397175,225.968497267198,0.629725772896568,9.82194423223835,"P_bertha_2022_version2","2"
"VIVI",1,0,0,0,0,0,NA,38.5656125300683,1,0,0,0,0,0,NA,50.8052701347555,"P_bertha_2022_version2","2"
"AGHE",1,0,0,0,0,0,NA,0,1,0,0,0,0,0,NA,0,"P_bertha_2022_version3","3"
"AMME",1,0.466692173628459,0,0,0,0,NA,0,0,0.466692173628459,0.466692173628459,0.521281606364661,0,0,NA,0,"P_bertha_2022_version3","3"
"ANFI",1,0,0,0,0,0,NA,0,1,0,0,0,0,0,NA,0,"P_bertha_2022_version3","3"
"CASAN",1,0,0,0,0,0,NA,0.0895296495750664,1,0,0,0,0,0,NA,0.0909090909090909,"P_bertha_2022_version3","3"
"DICA",1,0,0,0,0,0,NA,0.0895296495750664,1,0,0,0,0,0,NA,0.0909090909090909,"P_bertha_2022_version3","3"
"ERCI",0,0.503585376941406,0.811226365841653,0.0125006867015358,33.8721317786867,27.4779663661398,0.999999999999774,0.999999999999635,0,0.503585376941406,0.806996119092955,0.123996442243753,0.532418383119168,2.67401001188618,0.16067986544592,0.1,"P_bertha_2022_version3","3"
"EUSP",1,0,0,0,0,0,NA,0.166666666666667,1,0,0,0,0,0,NA,0.166666666666667,"P_bertha_2022_version3","3"
"GITR",1,0,0,0,0,0,NA,1,1,0,0,0,0,0,NA,1,"P_bertha_2022_version3","3"
"LACA",1,0,0,0,0,0,NA,0.179059299150133,1,0,0,0,0,0,NA,0.181818181818182,"P_bertha_2022_version3","3"
"LUBI",1,0,0,0,0,0,NA,0.250685248588803,1,0,0,0,0,0,NA,0.302631578947368,"P_bertha_2022_version3","3"
"LUMI",1,0,0,0,0,0,NA,0.2,1,0,0,0,0,0,NA,0.2,"P_bertha_2022_version3","3"
"LUNA/LUBI",1,0,0,0,0,0,NA,0.0890798322865882,1,0,0,0,0,0,NA,0.227876676986584,"P_bertha_2022_version3","3"
"LUSU",1,0,0,0,0,0,NA,1.07612517365765,1,0,0,0,0,0,NA,1.15952380952381,"P_bertha_2022_version3","3"
"PLER",1,0,0,0,0,0,NA,6.01405824438312e-09,1,0,0,0,0,0,NA,0.138508064516129,"P_bertha_2022_version3","3"
"PLNO",1,0,0,0,0,0,NA,1.58409867015792,1,0,0,0,0,0,NA,1.63547237076649,"P_bertha_2022_version3","3"
"RACA",1,0,0,0,0,0,NA,1.3898014186959,1,0,0,0,0,0,NA,1.47738095238095,"P_bertha_2022_version3","3"
"TRFU",1,0,0,0,0,0,NA,2.2764252474299,1,0,0,0,0,0,NA,2.6006054034517,"P_bertha_2022_version3","3"
"TRHI",1,0,0,0,0,0,NA,0.0499129061235062,1,0,0,0,0,0,NA,0.433571981424149,"P_bertha_2022_version3","3"
"TRLA",1,0,0,0,0,0,NA,4.50358835813665,1,0,0,0,0,0,NA,4.56691176470588,"P_bertha_2022_version3","3"
"TRWI",1,0,0,0,0,0,NA,9.34958245331193,1,0,0,0,0,0,NA,9.82194423223835,"P_bertha_2022_version3","3"
"VIVI",0,0.50927902579274,0.804205277100426,7.08818131807207e-06,1263.58075578731,1016.1783118467,0.983333333333337,51.7059154206302,0,0.50927902579274,0.804412703305006,8.10201301612641e-06,1140.25275784049,919.375223939728,0.997322002242568,50.8052701347555,"P_bertha_2022_version3","3"
"ASER",0,0.479019975303216,0.479019975303216,0.497351931476664,1.43944918785079e-15,2.5647846872141e-09,2.68843196800074e-07,4.95427130882604e-07,0,0.479019975303216,0.854388772489154,0.0595360597529221,0.801085847445612,6.2990194372655,0.108657984099604,0.1,"P_Bertha_2023_summer_version1","1"
"ASFA",0,0.488724921149539,0.827396772055462,0.0125005798313442,30.6803914363448,25.3848568398297,1,1,0,0.488724921149539,0.788214404082356,0.0125005800903076,29.2228014292765,23.0338330141942,1,1,"P_Bertha_2023_summer_version1","1"
"CESO",0,0.499749760306324,0.796467204227735,0.0125005828288366,34.6792245005883,27.6208649823379,1.00000000001563,1.0000000000161,0,0.499749760306324,0.755707670179608,0.0743536155677347,0.93697306676425,4.11671831211453,0.17200053042778,0.166666666666667,"P_Bertha_2023_summer_version1","1"
"CLGR",0,0.494221468383549,0.819260204131298,0.00312543212229025,0.4474708084784,57.5830317527677,0.00636637243191334,0.0059781490591766,0,0.494221468383549,0.778771056227373,0.00378809702746338,0.293747614837376,42.9220333534832,0.00532971349207085,0.005,"P_Bertha_2023_summer_version1","1"
"ERGU",0,0.480219122315859,0.796641797297517,0.00312518275438781,65.0963551873507,51.8584832747858,0.999849933699502,1.99967276598877,0,0.480219122315859,0.75710399197993,0.0259856377632137,0.885008983249963,5.79070918593931,0.311404111124943,0.595238095238095,"P_Bertha_2023_summer_version1","1"
"ERLA",0,0.542788762642438,0.724042526212223,0.0005000228120334,157.422824373494,113.980819453749,0.666667204281345,2.0000020233167,0,0.542788762642438,0.688762792530274,0.00785596992569031,1.02793368636043,6.90749803241918,0.370327172610174,1.12764227642276,"P_Bertha_2023_summer_version1","1"
"GRCA",0,0.45073373145458,0.75463188643804,0.000347270261905519,2.998643474696,145.29059968313,0.0529074140076157,0.213892428490214,0,0.45073373145458,0.718863899462278,0.000379738294961298,2.76719141202393,129.212712279048,0.0814044762020441,0.332619047619048,"P_Bertha_2023_summer_version1","1"
"HECO",0,0.481824557125487,0.803584589096064,0.00138922356898434,104.450584716918,83.9350814951703,0.727943288338761,5.80879699406138,0,0.481824557125487,0.765526764956913,0.00184432086109791,50.8017748300701,68.8716556931346,0.313946420860794,2.43790890269151,"P_Bertha_2023_summer_version1","1"
"HEEX",0,0.525331608054848,0.87754869312916,4.32585790558879e-05,42.8600971849085,570.622599913257,0.0219712189678964,0.0553059448846822,0,0.525331608054848,0.835995484577713,5.54426506955881e-05,27.7081913775999,464.02946392586,0.0507227023123975,0.130119047619048,"P_Bertha_2023_summer_version1","1"
"LULU",0,0.548336577833787,0.770149001219641,2.58300189222751e-05,31.3186665346164,473.344031516097,0.0254783964085835,0.0522753862366285,0,0.548336577833787,0.73368564425024,2.38295221074121e-05,61.6232739502967,480.073788155036,0.328748288883482,0.674047619047619,"P_Bertha_2023_summer_version1","1"
"NOMA",0,0.492863652456023,0.770556232113828,6.40592997186894e-05,261.246730375843,323.220352241947,0.481467833653261,5.79647760833491,0,0.492863652456023,0.734070018900581,0.00014732339439164,77.9495868133909,148.529625200037,0.551670010446884,6.69972049689441,"P_Bertha_2023_summer_version1","1"
"PEKE",0,0.459406828372463,0.851389787436541,0.000156432738923933,122.594811542319,242.825380002299,0.709966832049242,13.5043656894597,0,0.459406828372463,0.811077788038837,0.000219249435012247,115.647951834031,205.807322124641,0.696382100446846,13.2957791327913,"P_Bertha_2023_summer_version1","1"
"SAVE",0,0.450564455986286,0.862017466634453,2.86973428928105e-06,2172.25411970789,1872.5209931599,0.500000083997409,3.00000051381081,0,0.450564455986286,0.821203196839482,3.25576529694019e-06,1607.7529862777,1523.98795495058,0.492540769243101,2.950368504772,"P_Bertha_2023_summer_version1","1"
"TRLA",0,0.536811761505348,0.836833480656112,1.02114398851987e-05,115.026630454916,938.106148422082,0.523710118362348,14.5658653807977,0,0.536811761505348,0.797211647098283,1.01709982704761e-05,185.350730355339,990.545883670823,0.595387158499668,16.4759961721441,"P_Bertha_2023_summer_version1","1"
"ZETR",0,0.495275620392186,0.752842708875996,1.2519757794513e-07,6936.46518519552,6859.81942444287,0.458116070580764,11.9973666202363,0,0.495275620392186,0.717197586743992,1.24401327505114e-07,6896.72952201642,6500.00436438783,0.571383961084595,15.0088940380934,"P_Bertha_2023_summer_version1","1"
"ASER",1,0,0,0,0,0,NA,0,1,0,0,0,0,0,NA,0,"P_Bertha_2023_summer_version2","2"
"ASFA",1,0.488724921149539,0,0,0,0,NA,0,0,0.488724921149539,0.488724921149539,0.493912328287918,0,0,NA,0,"P_Bertha_2023_summer_version2","2"
"CESO",1,0,0,0,0,0,NA,6.18457301928524e-07,1,0,0,0,0,0,NA,0.1,"P_Bertha_2023_summer_version2","2"
"CLGR",0,0.494221468383549,0.862089916763023,0.0125005767039186,36.9153650819698,31.824364010792,1,1,0,0.494221468383549,0.862089916778221,0.0125005744355177,36.9153718023876,31.8243698049574,1,1,"P_Bertha_2023_summer_version2","2"
"ERGU",0,0.480219122315859,0.835275365946803,0.0125005869017069,34.0512247248996,28.4421491930378,0.99999999999963,0.999999999999544,0,0.480219122315859,0.833452292850574,0.0619462315535292,1.44842514960089,5.64594039140759,0.213816154310536,0.2,"P_Bertha_2023_summer_version2","2"
"ERLA",0,0.542788762642438,0.758435565591096,0.00312568839311393,1.44481872685843,49.9857077462777,0.0219223045484053,0.0250251143948112,0,0.542788762642438,0.758316030150869,0.00348115812270012,1.25208245079864,44.863446436663,0.0211636481127601,0.0240963855421687,"P_Bertha_2023_summer_version2","2"
"GRCA",0,0.45073373145458,0.791406211919359,0.00312521362276495,67.2689954314415,53.2371029277085,0.999999980523658,1.99999996132153,0,0.45073373145458,0.791337569986353,0.0125842010375253,32.7524140383676,26.1368760089324,0.554329220009116,1.11111111111111,"P_Bertha_2023_summer_version2","2"
"HECO",0,0.481824557125487,0.842620250073951,0.00050002282897874,182.603274808186,153.865217097852,0.666667555488148,2.00000238105195,0,0.481824557125487,0.842593623769239,0.00161676886562146,18.231610884635,47.9963745415758,0.461775124799673,1.36078431372549,"P_Bertha_2023_summer_version2","2"
"HEEX",0,0.525331608054848,0.920154457327043,0.000347298705074336,26.4007086525184,221.394297814636,0.0826693793991404,0.291468410583174,0,0.525331608054848,0.920139918630371,0.000462765873970386,16.0205054887453,180.469307984766,0.135952069265772,0.484433859468883,"P_Bertha_2023_summer_version2","2"
"LULU",0,0.548336577833787,0.807549535920754,0.00138923156401036,87.84500143907,70.939409299142,0.726171618368896,5.82211743973979,0,0.548336577833787,0.807540832376298,0.00184435474419009,45.0352632284722,63.8417843723861,0.311707892752703,2.52325581395349,"P_Bertha_2023_summer_version2","2"
"NOMA",0,0.492863652456023,0.807980994081595,4.32621223918998e-05,108.386506590646,433.359581782053,0.368423899694026,1.10663439739188,0,0.492863652456023,0.807980923134689,4.61408425319238e-05,102.799131914553,406.768529320308,0.336829826232088,1.01037483266399,"P_Bertha_2023_summer_version2","2"
"PEKE",0,0.459406828372463,0.892743283123349,2.5832134866481e-05,197.468516538938,655.223845788301,0.134525566376406,0.278684027319126,0,0.459406828372463,0.892743162171051,2.90799778904097e-05,168.426780330051,582.779464674214,0.483978327458686,0.987282463186078,"P_Bertha_2023_summer_version2","2"
"SAVE",0,0.450564455986286,0.903884251293912,6.40344224806188e-05,307.571672750686,434.969479068022,0.490963817998482,5.84585115102289,0,0.450564455986286,0.903882353115818,0.000120193247119041,89.175548032413,234.250833318792,0.595444094377562,6.94985174865145,"P_Bertha_2023_summer_version2","2"
"TRLA",0,0.536811761505348,0.877476262396151,0.000156313368581072,124.26444878529,264.230366568486,0.712256028641857,13.5597370516539,0,0.536811761505348,0.87747491407487,0.000213826670997649,92.0039566432229,255.020073283125,0.717913523118932,13.6302674184459,"P_Bertha_2023_summer_version2","2"
"ZETR",0,0.495275620392186,0.789407538388644,1.02089739452079e-05,421.180334846673,835.352351568986,0.64425969326359,18.0704794470716,0,0.495275620392186,0.789407566314606,8.70637050529221e-06,659.004470856706,1199.70673248728,0.76676545566681,21.6185420532515,"P_Bertha_2023_summer_version2","2"
"ASER",0,0.479019975303216,0.479019975303216,0.497351931476664,0,0,NA,0,1,0.479019975303216,4.35440552410499e-05,0.000230851016406865,0,0,NA,0,"P_Bertha_2023_summer_version3","3"
"ASFA",1,0,0,0,0,0,NA,0,1,0,0,0,0,0,NA,0,"P_Bertha_2023_summer_version3","3"
"CESO",0,0.499749760306324,0.79647020669352,0.012500583071719,34.679354893456,27.6210729599888,1,1.00000000002496,0,0.499749760306324,0.795748044157226,0.125007449656059,3.37415197170286,2.6849748321718,1,0.1,"P_Bertha_2023_summer_version3","3"
"CLGR",1,0,0,0,0,0,NA,1,1,0,0,0,0,0,NA,1,"P_Bertha_2023_summer_version3","3"
"ERGU",1,0,0,0,0,0,NA,0.2,1,0,0,0,0,0,NA,0.2,"P_Bertha_2023_summer_version3","3"
"ERLA",1,0,0,0,0,0,NA,0.0240963855421687,1,0,0,0,0,0,NA,0.0240963855421687,"P_Bertha_2023_summer_version3","3"
"GRCA",1,0,0,0,0,0,NA,1.11111111111111,1,0,0,0,0,0,NA,1.11111111111111,"P_Bertha_2023_summer_version3","3"
"HECO",1,0,0,0,0,0,NA,1.36078431372549,1,0,0,0,0,0,NA,1.36078431372549,"P_Bertha_2023_summer_version3","3"
"HEEX",1,0,0,0,0,0,NA,0.484433859468883,1,0,0,0,0,0,NA,0.484433859468883,"P_Bertha_2023_summer_version3","3"
"LULU",1,0,0,0,0,0,NA,2.32325581394794,1,0,0,0,0,0,NA,2.52325581395349,"P_Bertha_2023_summer_version3","3"
"NOMA",1,0,0,0,0,0,NA,1.01037483266399,1,0,0,0,0,0,NA,1.01037483266399,"P_Bertha_2023_summer_version3","3"
"PEKE",1,0,0,0,0,0,NA,0.987282463186078,1,0,0,0,0,0,NA,0.987282463186078,"P_Bertha_2023_summer_version3","3"
"SAVE",1,0,0,0,0,0,NA,6.24985174863203,1,0,0,0,0,0,NA,6.94985174865145,"P_Bertha_2023_summer_version3","3"
"TRLA",1,0,0,0,0,0,NA,13.6302674184459,1,0,0,0,0,0,NA,13.6302674184459,"P_Bertha_2023_summer_version3","3"
"ZETR",1,0,0,0,0,0,NA,21.6185420532515,1,0,0,0,0,0,NA,21.6185420532515,"P_Bertha_2023_summer_version3","3"
"ACMO",0,0.510234076697488,0.510234076697488,0.549648989457474,2.37503584277609e-25,3.18063582213838e-12,3.81000620041931e-14,4.9597766731306e-14,0,0.510234076697488,0.780638965193859,0.0563109640457557,0.338472040747284,4.84372323620351,0.0545498680975653,0.0526315789473684,"P_Bertha_2023_version1","1"
"AGHE",0,0.504127054686717,0.737344358097453,0.0125005672036605,6.39769953749914,23.6680797158249,0.199310958701208,0.192434507091865,0,0.504127054686717,0.721603699139645,0.0645347438716221,0.172587020063283,4.33520117946275,0.0287274862101295,0.0294117647058824,"P_Bertha_2023_version1","1"
"dandelion",0,0.463408119656801,0.698057660526645,0.0125005871861527,1.37332040466541,20.6530970493896,0.0464170979559009,0.0455932806222659,0,0.463408119656801,0.697924847673274,0.0137080788542686,1.2476447582911,18.8205609932277,0.0462665421181656,0.0454545454545455,"P_Bertha_2023_version1","1"
"DICA",0,0.500267071859104,0.693853028308875,0.0125005677555087,4.12344499038893,17.9437765093532,0.159446078263129,0.155037463087939,0,0.500267071859104,0.68252967347261,0.0522787286198901,0.172251396770842,4.10045492974139,0.0286716209805087,0.0294117647058824,"P_Bertha_2023_version1","1"
"ERCI",0,0.488676735963056,0.726032363094698,0.0125005753723307,24.2609574959147,21.2720052783678,0.761612630056392,1.4902813222927,0,0.488676735963056,0.725797756221503,0.0190528492913942,6.76915034549155,13.9229446881937,0.417351391913463,0.833333333333333,"P_Bertha_2023_version1","1"
"ERGU",0,0.489901331085666,0.771042396231933,0.00312514151565176,56.9606609806846,43.9190845339232,0.999999999990406,0.999999999987997,0,0.489901331085666,0.77092995949886,0.00874279556162826,7.46319171372678,15.6682205214003,0.367214520483491,0.333333333333333,"P_Bertha_2023_version1","1"
"EUSP",0,0.471671556784618,0.751426677288303,0.00315168604316089,1.82988399935131,40.9524353948343,0.0335761143433493,0.0320310129972186,0,0.471671556784618,0.751071845435518,0.0037000069138411,1.23253169525947,34.8449643006926,0.026566818864495,0.0253164556962025,"P_Bertha_2023_version1","1"
"LACA",0,0.483854879082113,0.714972858566051,0.0125005752216325,22.9819764408168,20.54118859897,0.738387369912902,1.50971867765055,0,0.483854879082113,0.71464363920524,0.0188898500053023,5.86672725128451,13.5583303328284,0.383694486784006,0.833333333333333,"P_Bertha_2023_version1","1"
"LACH",0,0.548952733072896,0.716102968929118,0.00138895138379732,81.9000592164144,58.6488755604329,0.999999999998501,0.999999999998551,0,0.548952733072896,0.716089890576716,0.00274972363036783,20.9201975383264,29.611077697485,0.505916809888205,0.5,"P_Bertha_2023_version1","1"
"LAMI",0,0.548584756161359,0.677801609332089,0.00312518756726961,46.6603627309386,34.1150154633329,0.507107831361436,2.02681533708357,0,0.548584756161359,0.67780093885,0.00309634148811991,28.4167669434014,34.6034028648139,0.407962429320988,1.6640866873065,"P_Bertha_2023_version1","1"
"LUMI",0,0.463996803953311,0.775002576373701,0.000500045534297049,157.418854679446,122.00001794684,0.584208207526012,2.3076441726698,0,0.463996803953311,0.775020821234216,0.000500203230505539,157.795857824598,122.73277523546,0.761229078174535,3,"P_Bertha_2023_version1","1"
"LUSU",0,0.494284043295441,0.702108502065797,0.000781287672445294,120.251982564469,86.3956605034338,0.463893471904176,3.27753309043209,0,0.494284043295441,0.702045154900959,0.00187042491234132,9.9342842345416,58.7427966664414,0.364531774480537,2.63527379053695,"P_Bertha_2023_version1","1"
"MIDO",0,0.531915666480509,0.715453619662363,0.000154201640365332,264.368324870094,189.57921465421,0.837622905635008,2.51517764962589,0,0.531915666480509,0.715458615136275,0.000444895309582317,25.9851587893513,66.178582680961,0.558262617507416,1.67272727272727,"P_Bertha_2023_version1","1"
"RACA",0,0.506606537921637,0.735411424529598,0.000781285761501151,68.3843918675346,79.2326821726863,0.536436288183938,5.42534063338329,0,0.506606537921637,0.735258798139515,0.00214418599170469,5.46207927956326,41.3958594687264,0.389067647204625,3.98975546684743,"P_Bertha_2023_version1","1"
"THCA",0,0.536082848946603,0.662307380411112,0.000125005650875931,286.930988217867,190.036511165774,0.348061441491884,1.77900039184078,0,0.536082848946603,0.662321649582668,0.000187352723893247,126.769913314306,150.162455619489,0.311326260617678,1.71105420401195,"P_Bertha_2023_version1","1"
"TRFU",0,0.544442245547866,0.777481085825925,0.000198777408263886,43.6442758065179,178.189709591404,0.713254422449006,7.12715635406977,0,0.544442245547866,0.777497265791231,0.000181393728858211,37.7104937948652,206.039363721863,0.596010023189974,5.89835435516746,"P_Bertha_2023_version1","1"
"TRHI",0,0.540820922977673,0.700609154395599,2.83460025054414e-05,590.588504682028,433.912680814037,0.508014670011358,7.64972776897307,0,0.540820922977673,0.700625640030924,2.81875997845857e-05,595.661335172863,507.78201806941,0.598203551782318,9.02291272732558,"P_Bertha_2023_version1","1"
"TRLA",0,0.477252485755483,0.717727189360562,4.8830743756622e-05,493.241899557244,354.013302778875,0.668753381323961,15.2944295817435,0,0.477252485755483,0.717743993117306,5.11581536404227e-05,415.378762534501,386.033193579264,0.77141423325296,17.4988476092191,"P_Bertha_2023_version1","1"
"VIVI",0,0.482528092401348,0.721074652904241,2.66885366979855e-06,1742.34938432273,1425.84980391534,0.346473362707633,5.17207875645177,0,0.482528092401348,0.721091630981052,2.67769173381648e-06,1784.75896345685,1556.86842104546,0.554248641567146,8.22476177734785,"P_Bertha_2023_version1","1"
"ACMO",0,0.510234076697488,0.510234076697488,0.549648989457474,0,0,NA,0,1,0.510234076697488,2.90844745113934e-05,0.000137276613641933,0,0,NA,0,"P_Bertha_2023_version2","2"
"AGHE",1,0.504127054686717,8.6823925027044e-06,5.11129442834673e-05,0,0,NA,0,1,0.504127054686717,0,0,0,0,NA,0,"P_Bertha_2023_version2","2"
"dandelion",1,0,0,0,0,0,NA,0,1,0,0,0,0,0,NA,0,"P_Bertha_2023_version2","2"
"DICA",0,0.500267071859104,0.794596218754877,0.0125007196141061,4.22981295421668,23.5438255404609,0.142754769129808,0.15134357154321,0,0.500267071859104,0.782725684774561,0.0831234679346589,0.185954091834131,3.36977333650255,0.0431931258672037,0.0294117647058824,"P_Bertha_2023_version2","2"
"ERCI",1,0,0,0,0,0,NA,-1.29522794556306e-16,1,0,0,0,0,0,NA,0.0454545454545455,"P_Bertha_2023_version2","2"
"ERGU",0,0.489901331085666,0.882516506790692,0.0125007194603953,5.26432540707665,28.7011309350813,0.16187006983701,0.166115292159012,0,0.489901331085666,0.869937750427576,0.0911478370417667,0.192237575430248,3.74523679602027,0.0446526436179273,0.0294117647058824,"P_Bertha_2023_version2","2"
"EUSP",0,0.471671556784618,0.861287464728905,0.0125005788683623,26.6187857648637,27.0705146104991,0.779159963803884,1.52608677152155,0,0.471671556784618,0.861109725264211,0.0195786630791023,10.6357120872587,17.2467272727356,0.521164595994726,0.833333333333333,"P_Bertha_2023_version2","2"
"LACA",0,0.483854879082113,0.818870092191096,0.00312514220475049,65.9767062584557,54.0263515363265,1,1,0,0.483854879082113,0.8188700921949,0.00312514163545361,65.9767183360511,54.0263614265592,1,1,"P_Bertha_2023_version2","2"
"LACH",0,0.548952733072896,0.819961856741811,0.00313593423283837,12.1838806226883,51.064763191234,0.19564013917556,0.191953457778804,0,0.548952733072896,0.819913197205557,0.00476530224244289,8.34777337084985,33.5853582113917,0.203792661997554,0.2,"P_Bertha_2023_version2","2"
"LAMI",0,0.548584756161359,0.776127270000922,0.0125005796931277,23.2645367928591,22.3086067747162,0.720840036197014,1.47391322848409,0,0.548584756161359,0.775958779664307,0.0184656127831728,9.42125811492867,15.069704999085,0.733783408355256,0.833333333333333,"P_Bertha_2023_version2","2"
"LUMI",0,0.463996803953311,0.887500834680291,0.00138895195246362,108.146645390966,95.9802380523488,1.00000000000007,0.999999999999944,0,0.463996803953311,0.887473277764263,0.00274822139615277,27.780041100999,48.4918678071075,0.508416055046573,0.5,"P_Bertha_2023_version2","2"
"LUSU",0,0.494284043295441,0.804018205492253,0.00312518132335183,65.6703410856767,56.6169802575942,0.507787569967839,2.03388169315925,0,0.494284043295441,0.804013717535351,0.00312101280557161,52.3910618532141,56.880321811914,0.576413625055557,1.67647058823529,"P_Bertha_2023_version2","2"
"MIDO",0,0.531915666480509,0.819310819603705,0.000500044890834385,168.424472480609,137.991992589378,0.573768791871914,2.30206680649719,0,0.531915666480509,0.819310816194357,0.000500224381051238,168.837726574202,138.94646540505,0.745447215407399,3,"P_Bertha_2023_version2","2"
"RACA",0,0.506606537921637,0.842173027929023,0.000781291886715823,120.23710105513,103.909323165132,0.63248039871253,4.37694761424976,0,0.506606537921637,0.842137539003119,0.00292764454356537,15.7919642783614,43.6565339931931,0.591415335355561,2.72403680770554,"P_Bertha_2023_version2","2"
"THCA",0,0.536082848946603,0.758451267968958,0.000154315022534707,295.677457451502,224.311148520868,0.999919448190165,2.77539535734295,0,0.536082848946603,0.758449176174322,0.000213986969842758,92.5835138919009,162.299611058818,0.810250663420263,1.87368421052632,"P_Bertha_2023_version2","2"
"TRFU",0,0.544442245547866,0.890346353187079,0.00078129748706043,91.2449376671701,117.786324930476,0.69416694729025,6.80761967358444,0,0.544442245547866,0.890237482954959,0.00252244418118916,11.3507430625188,59.7070397935615,0.615969681964345,5.71457688338493,"P_Bertha_2023_version2","2"
"TRHI",0,0.540820922977673,0.802311757063275,0.000196621500046152,217.956910649455,216.068297313394,0.780460148972682,7.80825287380895,0,0.540820922977673,0.802311531880998,0.000170120212623078,198.516779816716,270.238800737456,0.797619266140012,7.94783281733746,"P_Bertha_2023_version2","2"
"TRLA",0,0.477252485755483,0.821916187699395,2.83460012472425e-05,741.365330213285,609.340166546443,0.73334116508728,9.10717718520012,0,0.477252485755483,0.821916173737376,2.96884920432949e-05,732.330578349565,651.121415871046,0.846403821608378,10.2878787878788,"P_Bertha_2023_version2","2"
"VIVI",1,0,0,0,0,0,NA,14.2792464746791,1,0,0,0,0,0,NA,18.3045751633987,"P_Bertha_2023_version2","2"
"ACMO",1,0,0,0,0,0,NA,0,1,0,0,0,0,0,NA,0,"P_Bertha_2023_version3","3"
"AGHE",1,0,0,0,0,0,NA,0,1,0,0,0,0,0,NA,0,"P_Bertha_2023_version3","3"
"dandelion",1,0.463408119656801,0,0,0,0,NA,0,0,0.463408119656801,0.463408119656801,0.459598235604166,0,0,NA,0,"P_Bertha_2023_version3","3"
"DICA",1,0,0,0,0,0,NA,4.01500686877875e-10,1,0,0,0,0,0,NA,0.0294117647058824,"P_Bertha_2023_version3","3"
"ERCI",0,0.488676735963056,0.754884414322076,0.0125007831547417,30.4667057668525,22.9988413391334,1,1.00000000001823,0,0.488676735963056,0.753072618963639,0.275023767876673,1.2873683808411,0.969481878130984,1,0.0454545454545455,"P_Bertha_2023_version3","3"
"ERGU",1,0,0,0,0,0,NA,4.01500686877875e-10,1,0,0,0,0,0,NA,0.0294117647058824,"P_Bertha_2023_version3","3"
"EUSP",1,0,0,0,0,0,NA,0.818378503429341,1,0,0,0,0,0,NA,0.833333333333333,"P_Bertha_2023_version3","3"
"LACA",1,0,0,0,0,0,NA,1,1,0,0,0,0,0,NA,1,"P_Bertha_2023_version3","3"
"LACH",1,0,0,0,0,0,NA,0.2,1,0,0,0,0,0,NA,0.2,"P_Bertha_2023_version3","3"
"LAMI",1,0,0,0,0,0,NA,0.785468403451197,1,0,0,0,0,0,NA,0.833333333333333,"P_Bertha_2023_version3","3"
"LUMI",1,0,0,0,0,0,NA,0.5,1,0,0,0,0,0,NA,0.5,"P_Bertha_2023_version3","3"
"LUSU",1,0,0,0,0,0,NA,1.4670950146832,1,0,0,0,0,0,NA,1.67647058823529,"P_Bertha_2023_version3","3"
"MIDO",1,0,0,0,0,0,NA,3,1,0,0,0,0,0,NA,3,"P_Bertha_2023_version3","3"
"RACA",1,0,0,0,0,0,NA,2.26219751042945,1,0,0,0,0,0,NA,2.72403680770554,"P_Bertha_2023_version3","3"
"THCA",1,0,0,0,0,0,NA,1.64279561805718,1,0,0,0,0,0,NA,1.87368421052632,"P_Bertha_2023_version3","3"
"TRFU",1,0,0,0,0,0,NA,5.48148552993283,1,0,0,0,0,0,NA,5.71457688338493,"P_Bertha_2023_version3","3"
"TRHI",1,0,0,0,0,0,NA,7.91842105303308,1,0,0,0,0,0,NA,7.94783281733746,"P_Bertha_2023_version3","3"
"TRLA",1,0,0,0,0,0,NA,8.43968783006388,1,0,0,0,0,0,NA,10.2878787878788,"P_Bertha_2023_version3","3"
"VIVI",0,0.482528092401348,0.749706352499187,4.88426266373922e-05,480.646201139234,360.343510298686,1,20.4844705360986,0,0.482528092401348,0.749795417105796,5.49345837800503e-05,434.983108176417,326.148341029112,1,18.3045751633987,"P_Bertha_2023_version3","3"
"ASER",0,0.494485011764097,0.494485011764097,0.516530810839744,0,0,0.190946819867236,0.274477116601372,1,0.494485011764097,1.18100383167069e-05,5.72769707663364e-05,1.21896846009822e-06,1.93527452539313e-06,7.43877110545482e-06,0.333333333333333,"P_Bertha_2024_version1","1"
"ASFA",0,0.509592719171007,0.774233475004562,0.00312514129876,65.7786737332225,50.9280511456641,1,1,0,0.509592719171007,0.774233120931161,0.003125172409249,65.7779883070504,50.927497175541,1,1,"P_Bertha_2024_version1","1"
"CESO",0,0.524831107107378,0.786302478549342,0.000501776370367651,130.487635176111,133.27432091509,0.922493926713004,2.75216144678209,0,0.524831107107378,0.786296846028515,0.000972321687543979,68.6282767728443,80.7285030251536,0.622836994976229,1.85,"P_Bertha_2024_version1","1"
"HEEX",0,0.536417153704174,0.816726232060421,7.49062495519335e-05,260.054128063802,374.174411781752,0.508784041192704,6.55796465497619,0,0.536417153704174,0.816725727482754,7.9273601848746e-05,222.279943574419,364.450880476377,0.577132312820724,7.24973544973545,"P_Bertha_2024_version1","1"
"SOAS",0,0.463102306059144,0.820036699146308,8.72613517032764e-05,204.219234101919,347.012589690384,0.722522212165463,12.9657200469097,0,0.463102306059144,0.820036066749096,9.41630483859834e-05,173.791959225508,337.139725097818,0.714521360447782,12.7190476190476,"P_Bertha_2024_version1","1"
"ZETR",0,0.460457936027301,0.814698740794626,0.000125079870105934,300.83002764779,279.648912862522,0.746999194058087,19.4496767346828,0,0.460457936027301,0.814698374989872,0.000124876444589419,315.376628334936,335.652830770206,0.760283731598875,19.8478835978836,"P_Bertha_2024_version1","1"
"ASER",1,0,0,0,0,0,NA,0,1,0,0,0,0,0,NA,0,"P_Bertha_2024_version2","2"
"ASFA",1,0.509592719171007,0,0,0,0,NA,0,0,0.509592719171007,0.509592719171007,0.533337783572887,0,0,NA,0,"P_Bertha_2024_version2","2"
"CESO",1,0,0,0,0,0,NA,0.275394910751125,1,0,0,0,0,0,NA,0.333333333333333,"P_Bertha_2024_version2","2"
"HEEX",0,0.536417153704174,0.854283247944686,0.000501666424311942,145.572012350721,157.966303255245,0.928399554668185,2.75294415391082,0,0.536417153704174,0.854276613097828,0.000708241994332355,49.8335745588407,112.916488968699,0.664709959245403,1.9125,"P_Bertha_2024_version2","2"
"SOAS",0,0.463102306059144,0.857749263740369,8.68731518152755e-05,444.541294880637,381.304970344953,0.813150557041394,14.4708574330878,0,0.463102306059144,0.857749100771769,0.000100983754977581,337.078993945796,353.293607802037,0.795306252079159,14.0779761904762,"P_Bertha_2024_version2","2"
"ZETR",0,0.460457936027301,0.852165129795064,0.000125077456160626,311.863707026912,305.968170301671,0.791465050355783,20.5008035022558,0,0.460457936027301,0.852165011537864,0.000116880357578792,284.066420584413,377.818542228562,0.834244522493805,21.6761904761905,"P_Bertha_2024_version2","2"
"ASER",0,0.494485011764097,0.494485011764097,0.516530810839744,0,0,NA,0,1,0.494485011764097,1.19160528002158e-05,5.77911255665695e-05,0,0,NA,0,"P_Bertha_2024_version3","3"
"ASFA",1,0,0,0,0,0,NA,0,1,0,0,0,0,0,NA,0,"P_Bertha_2024_version3","3"
"CESO",0,0.524831107107378,0.786223094841663,0.0125007938635956,33.8556300787994,26.6180782583682,1,1.00000000077289,0,0.524831107107378,0.786053872857613,0.0374994094484386,11.2206833452849,8.82006159967015,1,0.333333333333333,"P_Bertha_2024_version3","3"
"HEEX",1,0,0,0,0,0,NA,1.9125,1,0,0,0,0,0,NA,1.9125,"P_Bertha_2024_version3","3"
"SOAS",1,0,0,0,0,0,NA,13.7446428567515,1,0,0,0,0,0,NA,14.0779761904762,"P_Bertha_2024_version3","3"
"ZETR",1,0,0,0,0,0,NA,21.3428571424658,1,0,0,0,0,0,NA,21.6761904761905,"P_Bertha_2024_version3","3"
"ACMO",0,0.531230520494855,0.531230520494855,0.472253987995095,0,0,1,1,1,0.531230520494855,5.21723851263005e-05,0.000254281013830804,0.54870415748968,2.86272046249538e-05,1,1,"P_Coyote_24_version1","1"
"AGHE",0,0.49135795703221,0.87939484722906,0.0125005838198533,5.12214496320882,33.7012491741892,0.133656407337443,0.125721116486436,0,0.49135795703221,0.786652496895097,0.115766994071367,0.034352128940775,2.8428322722204,0.00950572718235552,0.010989010989011,"P_Coyote_24_version1","1"
"DEVA",0,0.453183840356387,0.7342135304892,0.0125005805208948,31.3732906917933,23.0346945208801,1.00000000004365,1.00000000004511,0,0.453183840356387,0.73357772813846,0.035891444037356,3.583050095076,7.96501665371913,0.329998776251753,0.333333333333333,"P_Coyote_24_version1","1"
"EUSP",0,0.460804869798387,0.752185989850552,0.00312514106124008,56.7206233105418,42.6644581892127,1.0000000000133,1.00000000001071,0,0.460804869798387,0.752164728381411,0.00456837972620097,25.1857586690167,29.1722431129808,0.649378906345782,0.666666666666667,"P_Coyote_24_version1","1"
"LACA",0,0.5474467014882,0.812426825462364,0.00312548833893548,36.7963126625658,47.5463659733106,0.62874019650523,0.635144916891066,0,0.5474467014882,0.812332282019314,0.00528778320541246,10.1147246859753,28.0795730686963,0.292615466982129,0.285714285714286,"P_Coyote_24_version1","1"
"LUMI",0,0.536711912176903,0.760110999128493,0.012500557896978,32.0138159442225,24.3340536210305,1.00000000011858,3.00000000030353,0,0.536711912176903,0.760111115056349,0.0125043154183597,31.9990252192256,24.3267344529619,0.820349763193651,2.5,"P_Coyote_24_version1","1"
"RACA",0,0.517107957213702,0.745698776925838,0.000347237938533787,162.850641644774,121.437524295933,0.500000000000324,2.00000000000108,0,0.517107957213702,0.745693411112011,0.000571320422383665,56.8799951483654,76.606299484721,0.397004837137402,1.61720019111323,"P_Coyote_24_version1","1"
"Ranunculus sp.",0,0.533436890683806,0.739284763719939,0.000781288280937736,129.136124872568,95.4683695504334,0.714285714261002,4.99999999980458,0,0.533436890683806,0.739281143794468,0.00095483309918058,82.1976216159637,103.100271880817,0.768545443762782,5.41904761904762,"P_Coyote_24_version1","1"
"TRFU",0,0.473821722727186,0.858754212478398,0.00138928526667717,84.7747621463708,90.9525283098157,0.680834541151296,5.42928868993294,0,0.473821722727186,0.858752451627493,0.00139059114597942,76.1022434887786,103.724179496173,0.745157053765462,5.87857142857143,"P_Coyote_24_version1","1"
"TRHI",0,0.521693875813714,0.820853019306344,0.000195321641954773,230.88409141984,218.760668575348,0.425158798418707,2.17118223213622,0,0.521693875813714,0.820750322532276,0.00161003961938924,7.57849846904736,46.4244773734212,0.258201995346103,1.36215451215451,"P_Coyote_24_version1","1"
"VIVI",0,0.508970801094068,0.765640102690034,3.70235592747599e-07,5218.25781215446,3995.30744715434,0.690366648186601,9.63866304438428,0,0.508970801094068,0.765640102677764,3.70185569936805e-07,5375.70123994782,4168.73853638175,0.85981056942241,11.9263229524099,"P_Coyote_24_version1","1"
"ACMO",0,0.531230520494855,0.531230520494855,0.472253987995095,0,0,NA,0,1,0.531230520494855,5.20270477370641e-05,0.000253572659428822,0,0,NA,0,"P_Coyote_24_version2","2"
"AGHE",0,0.49135795703221,0.9222074766841,0.0125005734301022,40.1937205052555,37.0669495656977,1,1,0,0.49135795703221,0.922207476664466,0.0125005767246617,40.1937178827896,37.0669471464508,1,1,"P_Coyote_24_version2","2"
"DEVA",0,0.453183840356387,0.769482996669147,0.0125005790533724,32.8847746302558,25.3042749273112,0.999999999998719,0.999999999992902,0,0.453183840356387,0.768061238846716,0.124603447663258,1.63376869335505,2.46590816222273,0.508873130731752,0.1,"P_Coyote_24_version2","2"
"EUSP",0,0.460804869798387,0.788251603707233,0.0125005795952815,29.6452237737247,23.3678951818983,1,0.999999999995965,0,0.460804869798387,0.788177961980289,0.0250012199035831,14.7704704658325,11.6417593092499,1,0.5,"P_Coyote_24_version2","2"
"LACA",0,0.5474467014882,0.851456674717431,0.00312514057478474,61.3448150618568,52.232452243861,0.999999999997385,0.999999999997003,0,0.5474467014882,0.851430573862391,0.0045684088327215,27.7063941816806,35.7146089550957,0.660516012576981,0.666666666666667,"P_Coyote_24_version2","2"
"LUMI",0,0.536711912176903,0.79666496372457,0.00312542469903333,47.4296109255785,53.5925844783233,0.705051074422053,0.713168645809754,0,0.536711912176903,0.796581936460543,0.00532217286674076,10.4098898143466,31.4479154252143,0.263684574145239,0.285714285714286,"P_Coyote_24_version2","2"
"RACA",0,0.517107957213702,0.781416901472708,0.0125005550648924,28.3449013469986,22.1491849831212,1,3,0,0.517107957213702,0.781416901454549,0.0125005574186145,28.3448995615988,22.1491835874649,1,3,"P_Coyote_24_version2","2"
"Ranunculus sp.",0,0.533436890683806,0.774788639451392,0.000347237990121715,203.031649178654,157.306615232736,0.75000000000032,3.00000000000127,0,0.533436890683806,0.774788299304863,0.000405110636805874,176.042715429391,137.66166095993,0.872781717317062,2.95714285714286,"P_Coyote_24_version2","2"
"TRFU",0,0.473821722727186,0.899999318888829,0.000781287829165126,148.038479389471,133.234530628491,0.714285714303293,5.00000000010082,0,0.473821722727186,0.899996202262775,0.000954614279603034,101.322335138571,142.730970453642,0.784294724900264,5.41904761904762,"P_Coyote_24_version2","2"
"TRHI",0,0.521693875813714,0.860262684159738,0.00138927167890961,85.6210622671191,90.0668484783008,0.786868615682186,6.18976697593005,0,0.521693875813714,0.86025953948296,0.00138476181793519,67.4968997514744,105.125761560673,0.823217042371992,5.87857142857143,"P_Coyote_24_version2","2"
"VIVI",1,0,1.89936949299066e-13,6.68382219881943e-13,4.43001219034233e-34,6.15349840844531e-23,0.200000000000006,1.09706437817294,1,0,0,0,0,0,NA,3.19285714285714,"P_Coyote_24_version2","2"
"ACMO",1,0,0,0,0,0,NA,0,1,0,0,0,0,0,NA,0,"P_Coyote_24_version3","3"
"AGHE",1,0,0,0,0,0,NA,1,1,0,0,0,0,0,NA,1,"P_Coyote_24_version3","3"
"DEVA",1,0,0,0,0,0,NA,3.48896401169123e-13,1,0,0,0,0,0,NA,0.1,"P_Coyote_24_version3","3"
"EUSP",1,0,0,0,0,0,NA,0.375799206706713,1,0,0,0,0,0,NA,0.5,"P_Coyote_24_version3","3"
"LACA",1,0,0,0,0,0,NA,0.666666666666667,1,0,0,0,0,0,NA,0.666666666666667,"P_Coyote_24_version3","3"
"LUMI",1,0,0,0,0,0,NA,0.285714285714286,1,0,0,0,0,0,NA,0.285714285714286,"P_Coyote_24_version3","3"
"RACA",1,0,0,0,0,0,NA,3,1,0,0,0,0,0,NA,3,"P_Coyote_24_version3","3"
"Ranunculus sp.",1,0,0,0,0,0,NA,2.78318657344488,1,0,0,0,0,0,NA,2.95714285714286,"P_Coyote_24_version3","3"
"TRFU",1,0,0,0,0,0,NA,5.41904761904762,1,0,0,0,0,0,NA,5.41904761904762,"P_Coyote_24_version3","3"
"TRHI",1,0,0,0,0,0,NA,5.63202727418377,1,0,0,0,0,0,NA,5.87857142857143,"P_Coyote_24_version3","3"
"VIVI",0,0.508970801094068,0.765639034143354,0.000195321729869668,227.198684829694,173.952181611648,1,3.83755837423591,0,0.508970801094068,0.765638766053587,0.000244229828753884,182.959994274695,140.081264253649,1,3.19285714285714,"P_Coyote_24_version3","3"
"ERCI",0,0.463102306059144,0.463102306059144,0.54214728790901,0,0,0.0983143689472699,0.177198649474134,1,0.463102306059144,1.56063626306794e-05,7.93384503484287e-05,6.7439124320106e-07,1.85061360096349e-06,5.68719169191823e-06,0.25,"P_Felch_2024_version1","1"
"EUSP",0,0.460457936027301,0.771977750754144,0.012500686745734,2.58645023421883,22.9893966945034,0.0868523024237157,0.0793951161511593,0,0.460457936027301,0.770768885817534,0.0220061967508328,1.31561469664911,12.9857547152997,0.0780882510206885,0.0714285714285714,"P_Felch_2024_version1","1"
"GEDI",0,0.516530810839744,0.716956864902516,0.0125005528768074,26.7961122771455,19.2116566502065,0.99999999997421,2.9999999999342,0,0.516530810839744,0.716957194529368,0.0125094828168112,26.7645808343823,19.1979092478181,0.826784612555037,2.5,"P_Felch_2024_version1","1"
"GITR",0,0.533337783572887,0.691868569905081,0.00312524290874405,15.7668225527882,40.1195441481575,0.638973717868475,2.63593540092582,0,0.533337783572887,0.691687530238624,0.0052453821817749,5.04984636772254,24.2292899572994,0.321718717856659,1.51515151515152,"P_Felch_2024_version1","1"
"LACA",0,0.5081285095113,0.769499393897693,0.000781303325766631,93.5449400122088,98.8640759833671,0.488721793744247,2.36373151089939,0,0.5081285095113,0.769476181599058,0.00145349838236061,24.0144018086683,53.7192688160744,0.622560373417398,3.03030303030303,"P_Felch_2024_version1","1"
"MEPO",0,0.51585935641353,0.84663796120321,0.000155412674437539,326.664047653485,276.566183303735,0.989942966277694,9.90674061146187,0,0.51585935641353,0.846637223628033,0.000155413352027763,329.430858836466,279.014133142502,0.964784477247304,9.66666666666667,"P_Felch_2024_version1","1"
"TRFU",0,0.548203242196796,0.726138728005716,7.39688205622829e-05,315.315624738631,250.74245491442,0.764847091196224,9.24524469249036,0,0.548203242196796,0.726137869257333,6.96371097906762e-05,252.342772678006,336.269935903632,0.763520892153754,9.29929971988796,"P_Felch_2024_version1","1"
"VIVI",0,0.451891601552205,0.874402716584707,1.71478982925788e-05,983.97623354368,860.393751204693,0.573773473137962,5.59175401866932,0,0.451891601552205,0.874401899618929,2.0418062820999e-05,699.81755738092,785.789105089427,0.72317800072908,6.66715049656226,"P_Felch_2024_version1","1"
"ERCI",1,0,0,0,0,0,NA,0,1,0,1.25206742277973e-19,5.21640628670215e-19,0,0,NA,0,"P_Felch_2024_version2","2"
"EUSP",1,0.460457936027301,0,0,0,0,NA,0,0,0.460457936027301,0.460457936027301,0.469467886732643,0,0,NA,0,"P_Felch_2024_version2","2"
"GEDI",1,0.516530810839744,0,0,0,0,NA,0,0,0.516530810839744,0.516530810839744,0.546772315537917,0,0,NA,0,"P_Felch_2024_version2","2"
"GITR",0,0.533337783572887,0.778107335008967,0.0125005844099363,32.5393036523031,25.3190708479411,1,1.00000000001006,0,0.533337783572887,0.777102980972036,0.175013797066706,2.23118405486549,1.73385978013324,1,0.0714285714285714,"P_Felch_2024_version2","2"
"LACA",0,0.5081285095113,0.865333022109764,0.0125005591100836,36.0319282196564,31.1796173387574,1,3,0,0.5081285095113,0.865333022134764,0.0125005548326038,36.0319394917149,31.1796270937426,1,3,"P_Felch_2024_version2","2"
"MEPO",1,0,0,0,0,0,NA,4,1,0,0,0,0,0,NA,4,"P_Felch_2024_version2","2"
"TRFU",0,0.548203242196796,0.816632209285821,0.000155376475281649,267.887448769996,218.765519128984,1,10,0,0.548203242196796,0.816632209298049,0.000155374623791312,271.398731994152,221.632946109073,1,10,"P_Felch_2024_version2","2"
"VIVI",1,0,0,0,0,0,NA,10.9999999999899,1,0,0,0,0,0,NA,11.9285714285714,"P_Felch_2024_version2","2"
"ERCI",0,0.463102306059144,0.463102306059144,0.54214728790901,0,0,NA,0,1,0.463102306059144,1.57140815867157e-05,7.98860633480763e-05,0,0,NA,0,"P_Felch_2024_version3","3"
"EUSP",1,0,0,0,0,0,NA,0,1,0,0,0,0,0,NA,0,"P_Felch_2024_version3","3"
"GEDI",1,0,0,0,0,0,NA,0,1,0,0,0,0,0,NA,0,"P_Felch_2024_version3","3"
"GITR",1,0,0,0,0,0,NA,-1.83357838149478e-15,1,0,0,0,0,0,NA,0.0714285714285714,"P_Felch_2024_version3","3"
"LACA",1,0,0,0,0,0,NA,3,1,0,0,0,0,0,NA,3,"P_Felch_2024_version3","3"
"MEPO",0,0.51585935641353,0.84661909115996,0.00312531447616187,72.8090004867112,61.6414898203245,1,4,0,0.51585935641353,0.84661834835183,0.00312517188710934,74.2911593800033,62.8962586514409,1,4,"P_Felch_2024_version3","3"
"TRFU",1,0,0,0,0,0,NA,10,1,0,0,0,0,0,NA,10,"P_Felch_2024_version3","3"
"VIVI",0,0.451891601552205,0.874403485735654,7.39721435867288e-05,473.751442976696,414.249913111119,1,12,0,0.451891601552205,0.874402679923861,7.96654986481366e-05,444.496308930088,388.668763744733,1,11.9285714285714,"P_Felch_2024_version3","3"
"ACWR",0,0.499203643831054,0.499203643831054,0.452817244503096,4.16391206056619e-30,2.13749592155675e-14,9.72465047658586e-17,1.32487329381091e-16,0,0.499203643831054,0.74033876871446,0.030275894706887,0.289384868390154,8.64456995424892,0.024783515927621,0.0232558139534884,"P_Goatgrass_2022_version1","1"
"AGBR",0,0.515641868517567,0.726550086712101,0.0125005844466871,10.4819058105164,19.060976611049,0.399540366212098,0.439710737440745,0,0.515641868517567,0.700714449918328,0.108449314872096,0.0928007853302595,1.98749690254928,0.0327179635657667,0.037037037037037,"P_Goatgrass_2022_version1","1"
"AGHE",0,0.492884174754324,0.689522819994042,0.0125005783318416,10.9361834862472,20.3337239510647,0.370849338545024,0.368182453989859,0,0.492884174754324,0.689459028282626,0.0165809193974006,5.47528842529408,15.3104870610813,0.2465621780816,0.25,"P_Goatgrass_2022_version1","1"
"AMME",0,0.504325095915387,0.761490482340808,0.0125005898433697,12.1481568634779,21.0774276410759,0.438891594697909,0.455376282632003,0,0.504325095915387,0.759562328466528,0.0392229710318892,1.05210515302286,6.63482735690482,0.12044615433588,0.111111111111111,"P_Goatgrass_2022_version1","1"
"ASBR",0,0.491887049908697,0.669881641786382,0.0125005823039747,24.1999351660575,17.7607048197894,0.91275050537971,0.921441843927387,0,0.491887049908697,0.636888602810834,0.207647979461384,0.0606645777072364,0.908290041431145,0.0425377097333286,0.0476190476190476,"P_Goatgrass_2022_version1","1"
"CLPU",0,0.545647815473214,0.775200179212194,0.0125005841339207,20.0728312530669,25.9142522467271,0.600459632657888,0.560289261428406,0,0.545647815473214,0.745367330195154,0.137251703520023,0.109121556225495,2.11414972275363,0.0384720354264217,0.037037037037037,"P_Goatgrass_2022_version1","1"
"DEVA",0,0.502834658302755,0.761109927394898,0.0125005751450211,31.956821070929,24.3226537663276,0.99999999994815,0.999999999945324,0,0.502834658302755,0.735100210077079,0.208877824161686,0.0962658991950534,1.29369475176968,0.0546999843856066,0.0526315789473684,"P_Goatgrass_2022_version1","1"
"DICA",0,0.542102094410035,0.754756961532006,0.0125014524630241,4.53462102314058,24.5348301046319,0.139497064806599,0.132942130009327,0,0.542102094410035,0.749567018017152,0.0373023453313594,0.405422263443885,8.05720443653711,0.0377166993143847,0.037037037037037,"P_Goatgrass_2022_version1","1"
"ERCI",0,0.509900749456091,0.807678091747152,0.0125005895373719,18.5748811732084,26.7373014624089,0.561108405105869,0.544623717149045,0,0.509900749456091,0.805401525555413,0.0468591586246645,1.12434015981427,7.03523578616158,0.128715697310225,0.111111111111111,"P_Goatgrass_2022_version1","1"
"EUSP",0,0.501896108524825,0.665551283164312,0.0124847315858376,25.261755392949,16.8471371326527,0.997973340180965,0.99824270246994,0,0.501896108524825,0.659522337302472,0.0741551332451568,0.387443480869149,2.72843294362475,0.0936536229239175,0.1,"P_Goatgrass_2022_version1","1"
"GITR",0,0.46789597674175,0.661890445086595,0.0125005853250373,25.8842197078008,18.4618139617081,0.510863784899318,1.02215141061808,0,0.46789597674175,0.65552984835249,0.0690144795043805,0.358802827694174,3.22222975760864,0.100134022488325,0.205128205128205,"P_Goatgrass_2022_version1","1"
"LACA",0,0.527681098588594,0.688629141564765,0.00312514420709113,31.838421739197,34.848354102775,0.629150661359191,0.631817545921381,0,0.527681098588594,0.688810603342143,0.00356133169398146,21.6595861842685,30.5921755967852,0.487685244239215,0.5,"P_Goatgrass_2022_version1","1"
"LOHO",0,0.536223978496261,0.78226662406694,0.0125008530368149,4.89714662975301,23.2234853540293,0.11434842916843,0.229826276820761,0,0.536223978496261,0.78024995684225,0.0200285272807546,0.990191504925981,14.3902413055397,0.0566183404249181,0.108465608465608,"P_Goatgrass_2022_version1","1"
"LOWR",0,0.516406586657468,0.719631690096605,0.012500580795048,28.7844342608023,22.1989222695404,0.543624747296705,1.07855815604789,0,0.516406586657468,0.719597269513243,0.0249891394893829,7.29229718475536,11.0677201277624,0.283809854554691,0.547619047619048,"P_Goatgrass_2022_version1","1"
"LUBI",0,0.545501952057472,0.757241880826609,0.0125005619819755,32.2784393568381,24.4478377187244,0.666668261634705,2.00000413645439,0,0.545501952057472,0.751099399811782,0.0156650836514535,0.486285883374287,19.1794950354458,0.220484312963853,0.626736111111111,"P_Goatgrass_2022_version1","1"
"LUMI",0,0.451308229938759,0.667518331854544,0.0125000294307986,24.527196020732,16.902021276645,0.676439428150042,2.03167438839569,0,0.451308229938759,0.667332224317908,0.0248852323833734,5.85024719353944,8.44898767474764,0.32788328058444,1.0625,"P_Goatgrass_2022_version1","1"
"LUNA",0,0.537420580716534,0.734544496702479,0.0125005708994445,26.3382423069666,19.4681795732346,0.667100874336001,2.00144286992043,0,0.537420580716534,0.734719292478617,0.0125194589610083,19.2958052091917,19.4479756475475,0.523215868467981,1.57142857142857,"P_Goatgrass_2022_version1","1"
"LUSU",0,0.527700102784531,0.692400110061676,0.0124960728172727,24.246136614789,18.414458316679,0.325511380083532,0.974258029776968,0,0.527700102784531,0.689527326098275,0.00913978440763341,0.773256009760932,24.9952912675564,0.0376611088783017,0.115162037037037,"P_Goatgrass_2022_version1","1"
"MICA",0,0.455627499616531,0.671659641001637,0.00312514204986285,57.2895384892301,38.4790708580175,0.333333333346435,1.00000000004565,0,0.455627499616531,0.669939563548138,0.0215237729716745,1.38067265887709,11.0245887508743,0.0830126773927767,0.24374269005848,"P_Goatgrass_2022_version1","1"
"MICAL",0,0.531386055043613,0.686490205115012,0.00312519073216214,56.2867435361152,38.6402981157891,0.666294184539585,1.99895520164296,0,0.531386055043613,0.686516408268913,0.00919086307225475,5.84430736961142,14.2093998985473,0.225043371794254,0.703703703703704,"P_Goatgrass_2022_version1","1"
"PHIM",0,0.505427117997514,0.738374460722844,0.00312516810869207,2.38560606120965,44.0595633200731,0.259893894301872,1.03517524964349,0,0.505427117997514,0.738608197006035,0.00315323514245201,3.36786965024444,49.7614568599709,0.188681934829834,0.713789682539683,"P_Goatgrass_2022_version1","1"
"PLER",0,0.513572184212307,0.744965011720072,0.00138896617966777,72.7256223173341,67.9454595168129,0.462128171849952,1.83595035537832,0,0.513572184212307,0.745044580812852,0.00474701864232164,5.83422685366633,25.4590649386973,0.252452653329936,0.951322751322751,"P_Goatgrass_2022_version1","1"
"RACA",0,0.507700056237029,0.699642830704474,0.00138895432280902,88.6555409334446,63.4048468836627,0.488393002892314,1.95118555580392,0,0.507700056237029,0.699379707195939,0.0081045632918098,1.7993226839924,17.7754311474935,0.175426068954104,0.675677466375141,"P_Goatgrass_2022_version1","1"
"SIBE",0,0.514845175745359,0.758170893231468,0.00312541592968399,15.9549943909537,46.7853209340741,0.465398272412748,3.25162352579282,0,0.514845175745359,0.758198360414054,0.00492725625712429,8.10102433212657,43.2007429786868,0.360669859447148,2.51399655469423,"P_Goatgrass_2022_version1","1"
"TRBI",0,0.502868752252715,0.747815767487354,0.00312523888743294,52.6450871650969,40.6109071455827,0.601488585480279,3.00684363011581,0,0.502868752252715,0.747246987858708,0.00786813533636381,2.21506530913579,16.4723794550032,0.307782950429435,1.5026455026455,"P_Goatgrass_2022_version1","1"
"TRER",0,0.515119111381992,0.654032080108061,0.000347237821126109,145.708657105684,95.2981360970853,0.249999999998841,0.999999999995833,0,0.515119111381992,0.654198276694769,0.000961010615057628,17.2099301808926,45.9337093491719,0.150811259481448,0.632257727652464,"P_Goatgrass_2022_version1","1"
"TRFU",0,0.506904997144316,0.658545023321881,0.000500075707863798,79.023499098009,92.7839874760506,0.346998065772457,1.75221315370218,0,0.506904997144316,0.658698984238815,0.00128150319826958,10.301621110259,37.742195294324,0.325016184053878,1.64153439153439,"P_Goatgrass_2022_version1","1"
"TRGR",0,0.452287004516594,0.680450937529138,0.000195321410442891,121.384973196717,133.503833266554,0.0888833499029049,0.610434158158602,0,0.452287004516594,0.680634630823041,0.00039891070700213,19.9979124921187,78.124645439799,0.187633356717217,1.32228582786722,"P_Goatgrass_2022_version1","1"
"TRHI",0,0.487684910389448,0.659464677865664,0.000500023104915455,48.4224631852029,83.7436977624747,0.24839790764034,2.4993712718576,0,0.487684910389448,0.659599786860013,0.00099254710751718,9.39491993985159,53.6787154263016,0.268157201347995,2.74178171527009,"P_Goatgrass_2022_version1","1"
"URLI",0,0.520288915452682,0.694700452583203,0.000255113982286085,25.9837887381166,140.847237371858,0.435781442393898,4.77086725427893,0,0.520288915452682,0.694900768089553,0.000274159153917102,28.8085088640568,160.942538765624,0.508340519877139,5.51928867307157,"P_Goatgrass_2022_version1","1"
"VIVI",0,0.49580201322483,0.755499265059549,0.000347345167018461,180.253036274248,136.214633911752,0.222447259157518,3.03288520079961,0,0.49580201322483,0.75571854597479,0.000404953576597597,114.59219540488,171.059769284275,0.23634642647302,3.02223576918344,"P_Goatgrass_2022_version1","1"
"WYAN",0,0.544436269716563,0.770606235333139,9.15033757365213e-06,1168.84253712076,900.717382765731,0.34926446513656,4.85624823774647,0,0.544436269716563,0.770831612067432,9.40316806546328e-06,1110.30759017898,1024.21399780875,0.624167272127696,8.63389092887257,"P_Goatgrass_2022_version1","1"
"yellow_lomatium",0,0.540385126271465,0.694141876320929,4.8060681292059e-06,1175.84810467746,981.207115469626,0.451374063877461,20.0077052620821,0,0.540385126271465,0.694344895933267,4.92079679435415e-06,1222.67394163124,1179.90663201022,0.708337898524737,31.6379672605659,"P_Goatgrass_2022_version1","1"
"ACWR",0,0.499203643831054,0.499203643831054,0.452817244503096,0,0,NA,0,1,0.499203643831054,1.99879068366353e-05,0.000107231547391395,0,0,NA,0,"P_Goatgrass_2022_version2","2"
"AGBR",1,0.515641868517567,2.68113354356731e-05,0.000138558039425019,0,0,NA,0,1,0.515641868517567,0,0,0,0,NA,0,"P_Goatgrass_2022_version2","2"
"AGHE",1,0.492884174754324,0,0,0,0,NA,0,0,0.492884174754324,0.492884174754324,0.492506015832772,0,0,NA,0,"P_Goatgrass_2022_version2","2"
"AMME",1,0,0,0,0,0,NA,1.15420097441931e-16,1,0,0,0,0,0,NA,0.0625,"P_Goatgrass_2022_version2","2"
"ASBR",0,0.491887049908697,0.779100271150278,0.0125005936924615,13.0225463646658,24.0365972213901,0.422100903481855,0.449056223441357,0,0.491887049908697,0.77791536267114,0.0359138343886168,1.59268442369587,8.29181358354736,0.149421313997992,0.125,"P_Goatgrass_2022_version2","2"
"CLPU",0,0.545647815473214,0.901708798572532,0.0125005928960185,21.9756738419129,35.0772225073644,0.564915265273719,0.545147730041442,0,0.545647815473214,0.899154731110077,0.0472494525879643,1.22852112589554,9.16165272368876,0.120571103918998,0.111111111111111,"P_Goatgrass_2022_version2","2"
"DEVA",0,0.502834658302755,0.885302296046223,0.0125005837516069,35.5216802972847,32.9211941307192,0.955233428099197,0.948252476795513,0,0.502834658302755,0.861405970760698,0.207143018437175,0.103510079712276,1.80573302258554,0.0493783962428731,0.0476190476190476,"P_Goatgrass_2022_version2","2"
"DICA",0,0.542102094410035,0.878394189557483,0.0125005934387515,21.8745036881582,33.2487748399603,0.57789909648156,0.55094377652507,0,0.542102094410035,0.877102119055718,0.0440146150994603,1.77738134515054,9.34904697083212,0.166749076035809,0.125,"P_Goatgrass_2022_version2","2"
"ERCI",1,0,0,0,0,0,NA,0.000581435546806675,1,0,0,0,0,0,NA,0.0526315789473684,"P_Goatgrass_2022_version2","2"
"EUSP",0,0.501896108524825,0.773687028458649,0.0125009986406567,4.4266500682527,22.7496127236524,0.150545056697689,0.153645455362263,0,0.501896108524825,0.770581574361767,0.027359879299245,0.673497671874945,10.2678474666895,0.0505446636216643,0.05,"P_Goatgrass_2022_version2","2"
"GITR",0,0.46789597674175,0.769801491355099,0.0125005933680846,14.1217622095242,24.9858309101632,0.43508473456578,0.454852269796277,0,0.46789597674175,0.767744762634288,0.0394297746577806,1.13419308260702,7.8226924158008,0.111313439504375,0.111111111111111,"P_Goatgrass_2022_version2","2"
"LACA",0,0.527681098588594,0.800939442706182,0.0124843704111068,29.3388860642265,23.5462762268949,0.997978229231051,0.998199601220535,0,0.527681098588594,0.79546323570483,0.074092101885187,0.445122938800223,3.84871564623737,0.09199924487293,0.1,"P_Goatgrass_2022_version2","2"
"LOHO",0,0.536223978496261,0.910502717079953,0.0125005843070437,33.7543155221283,31.4775028303391,0.50427716215586,1.00861990696997,0,0.536223978496261,0.910267489764009,0.0246422799419768,8.47548887597392,15.9138490166052,0.273388381493275,0.538461538461538,"P_Goatgrass_2022_version2","2"
"LOWR",0,0.516406586657468,0.837113871974797,0.0031251423000322,71.9501696465489,60.230485102066,1,1,0,0.516406586657468,0.837113871977805,0.00312514176503064,71.9501824911142,60.2304958546463,1,1,"P_Goatgrass_2022_version2","2"
"LUBI",0,0.545501952057472,0.880348367747108,0.012500769709367,6.1444354050133,33.0556641424397,0.139460028066359,0.253902868554391,0,0.545501952057472,0.878899998172264,0.0210366352634273,1.59008844047834,19.5455093895466,0.07515447504169,0.121428571428571,"P_Goatgrass_2022_version2","2"
"LUMI",0,0.451308229938759,0.776459725524337,0.0125005874339482,27.5311467372847,22.8819705200771,0.522383285943132,1.05174752318951,0,0.451308229938759,0.776115976602161,0.0249862333117875,6.14267011621274,11.3953143598273,0.262176799348897,0.547619047619048,"P_Goatgrass_2022_version2","2"
"LUNA",0,0.537420580716534,0.854409947149382,0.0125005657977708,30.8375567889384,26.3532327601635,0.666667878741152,2.00000362854554,0,0.537420580716534,0.849405877680021,0.0145309784162996,0.475900816431949,22.3947065462465,0.207279809120625,0.626736111111111,"P_Goatgrass_2022_version2","2"
"LUSU",0,0.527700102784531,0.805391540172427,0.0125004043489936,30.2778232977956,24.9205554442928,0.67439159689409,2.02317581909872,0,0.527700102784531,0.805395567827029,0.0125069044693678,30.9228689002463,24.9078084739771,0.687137302614393,1.5625,"P_Goatgrass_2022_version2","2"
"MICA",0,0.455627499616531,0.781181007322987,0.0125005758468199,33.0340026635542,25.9649471039634,0.667182389992768,2.00153370998129,0,0.455627499616531,0.781146407147324,0.0125123557826919,25.0524227022322,25.938121150594,0.534772809626856,1.57142857142857,"P_Goatgrass_2022_version2","2"
"MICAL",0,0.531386055043613,0.798418999724682,0.012498802694117,28.0633668355484,26.0834880108745,0.331948976592317,0.997101749554793,0,0.531386055043613,0.796190367192504,0.0102721872593999,1.10628886457907,31.5768406273965,0.042402951134999,0.128125,"P_Goatgrass_2022_version2","2"
"PHIM",0,0.505427117997514,0.8594374296778,0.00312514275528965,69.4625835213129,59.698744243766,0.333333333346167,1.00000000003612,0,0.505427117997514,0.857864781684049,0.0207049417218725,1.85298416144117,17.8554432892793,0.0894887791365824,0.24374269005848,"P_Goatgrass_2022_version2","2"
"PLER",0,0.513572184212307,0.866495021590834,0.00312520640200562,70.6970372109644,61.2586307861693,0.666666666676729,2.00000000002745,0,0.513572184212307,0.866433948679905,0.00614553899619103,18.1431095690879,36.1481838853331,0.563905899715851,1.625,"P_Goatgrass_2022_version2","2"
"RACA",0,0.507700056237029,0.81342456024487,0.00312516964221715,3.10027929078464,57.1154172510603,0.260933262506394,1.0405535924446,0,0.507700056237029,0.813416822369215,0.00352666329930909,3.91708822440025,58.3757935332049,0.184897889752429,0.713789682539683,"P_Goatgrass_2022_version2","2"
"SIBE",0,0.514845175745359,0.881960081185797,0.00138896236467512,85.0718928015806,95.0177464475747,0.459293572826899,1.85702112369432,0,0.514845175745359,0.881840010150926,0.00479456236626953,7.50341897379914,35.6398228721593,0.252657879861683,0.964285714285714,"P_Goatgrass_2022_version2","2"
"TRBI",0,0.502868752252715,0.869835595052722,0.00138895482411181,93.9921670004764,82.4631490343412,0.491888461018024,1.96502538689901,0,0.502868752252715,0.869187337559903,0.00917869266209537,4.05167818711836,33.4761155567264,0.223255440962674,0.802884615384615,"P_Goatgrass_2022_version2","2"
"TRER",0,0.515119111381992,0.760714650553426,0.00312522436546691,53.2708667306778,42.9410716748078,0.603096048942872,3.01686425507876,0,0.515119111381992,0.760205182990316,0.00660714021312253,3.01242217829908,20.6289144287151,0.302755569966638,1.52857142857143,"P_Goatgrass_2022_version2","2"
"TRFU",0,0.506904997144316,0.765986574264437,0.00034723794628403,196.683112060482,150.656623223265,0.249999999999465,0.999999999998198,0,0.506904997144316,0.765970644095938,0.000959051484068186,23.6736238062024,70.1471288791056,0.15861236988291,0.632257727652464,"P_Goatgrass_2022_version2","2"
"TRGR",0,0.452287004516594,0.791460927101836,0.000500049612718702,106.196220818,112.872766793767,0.384958694238578,1.91808119146039,0,0.452287004516594,0.791440056550644,0.00104375382212077,18.1818573057065,56.5071129141786,0.347478865625708,1.70634920634921,"P_Goatgrass_2022_version2","2"
"TRHI",0,0.487684910389448,0.767060925518975,0.000195321581174751,134.828116764181,181.297409323975,0.081971702280559,0.587419296413621,0,0.487684910389448,0.767060256261486,0.000224823579925009,109.532022477964,175.252709654755,0.245436475127781,1.71957264957265,"P_Goatgrass_2022_version2","2"
"URLI",0,0.520288915452682,0.808045908168573,0.00050002344430359,72.3525309587992,136.10609168844,0.253850559203901,2.51406049180417,0,0.520288915452682,0.808041690657084,0.00060307804992075,55.5920745156811,139.476687853581,0.335901843136986,3.19726190476191,"P_Goatgrass_2022_version2","2"
"VIVI",1,0,0,0,0,0,NA,6.49648213087618,1,0,0,0,0,0,NA,7.50223214285714,"P_Goatgrass_2022_version2","2"
"WYAN",0,0.544436269716563,0.896322874748007,0.00034734192721521,220.587529795396,197.765079527202,0.218861658372662,3.03343548786196,0,0.544436269716563,0.896321110863036,0.000404999448940723,147.147453128535,257.431575664722,0.250571656753779,3.40777625152625,"P_Goatgrass_2022_version2","2"
"yellow_lomatium",0,0.540385126271465,0.807386519080281,4.80607037242864e-06,1571.50582270089,1327.4771062628,0.53587100410405,23.134292868787,0,0.540385126271465,0.807386510274899,5.60818058969941e-06,1388.53905382843,1402.77770687069,0.762492666917544,33.075004297603,"P_Goatgrass_2022_version2","2"
"ACWR",1,0,0,0,0,0,NA,0,1,0,0,0,0,0,NA,0,"P_Goatgrass_2022_version3","3"
"AGBR",1,0,0,0,0,0,NA,0,1,0,0,0,0,0,NA,0,"P_Goatgrass_2022_version3","3"
"AGHE",1,0,0,0,0,0,NA,0,1,0,0,0,0,0,NA,0,"P_Goatgrass_2022_version3","3"
"AMME",0,0.504325095915387,0.761601602620456,0.0125005832003072,27.6832416570936,21.0836012117719,1,0.999999999973293,0,0.504325095915387,0.760418906848155,0.20001853133642,1.63930887150359,1.24656146005524,1,0.0625,"P_Goatgrass_2022_version3","3"
"ASBR",1,0,0,0,0,0,NA,0.0254843927370133,1,0,0,0,0,0,NA,0.125,"P_Goatgrass_2022_version3","3"
"CLPU",1,0,0,0,0,0,NA,0.111111111111111,1,0,0,0,0,0,NA,0.111111111111111,"P_Goatgrass_2022_version3","3"
"DEVA",1,0,0,0,0,0,NA,0.0476190476190476,1,0,0,0,0,0,NA,0.0476190476190476,"P_Goatgrass_2022_version3","3"
"DICA",1,0,0,0,0,0,NA,0.0254843927370133,1,0,0,0,0,0,NA,0.125,"P_Goatgrass_2022_version3","3"
"ERCI",0,0.509900749456091,0.807730486513424,0.0125005824499229,33.1060808621372,26.7407908013269,1,0.999999999980634,0,0.509900749456091,0.805977115007473,0.237523181870388,1.64670455070849,1.32720618304971,1,0.0526315789473684,"P_Goatgrass_2022_version3","3"
"EUSP",1,0,0,0,0,0,NA,0.05,1,0,0,0,0,0,NA,0.05,"P_Goatgrass_2022_version3","3"
"GITR",1,0,0,0,0,0,NA,0.111111111111111,1,0,0,0,0,0,NA,0.111111111111111,"P_Goatgrass_2022_version3","3"
"LACA",1,0,0,0,0,0,NA,0.1,1,0,0,0,0,0,NA,0.1,"P_Goatgrass_2022_version3","3"
"LOHO",1,0,0,0,0,0,NA,0.538461538461538,1,0,0,0,0,0,NA,0.538461538461538,"P_Goatgrass_2022_version3","3"
"LOWR",1,0,0,0,0,0,NA,1,1,0,0,0,0,0,NA,1,"P_Goatgrass_2022_version3","3"
"LUBI",1,0,0,0,0,0,NA,0.0721035612026285,1,0,0,0,0,0,NA,0.121428571428571,"P_Goatgrass_2022_version3","3"
"LUMI",1,0,0,0,0,0,NA,0.547619047619048,1,0,0,0,0,0,NA,0.547619047619048,"P_Goatgrass_2022_version3","3"
"LUNA",1,0,0,0,0,0,NA,0.611111111111113,1,0,0,0,0,0,NA,0.626736111111111,"P_Goatgrass_2022_version3","3"
"LUSU",1,0,0,0,0,0,NA,1.39372701155462,1,0,0,0,0,0,NA,1.5625,"P_Goatgrass_2022_version3","3"
"MICA",1,0,0,0,0,0,NA,1.52210356120263,1,0,0,0,0,0,NA,1.57142857142857,"P_Goatgrass_2022_version3","3"
"MICAL",1,0,0,0,0,0,NA,0.112500000000002,1,0,0,0,0,0,NA,0.128125,"P_Goatgrass_2022_version3","3"
"PHIM",1,0,0,0,0,0,NA,0.24374269005848,1,0,0,0,0,0,NA,0.24374269005848,"P_Goatgrass_2022_version3","3"
"PLER",1,0,0,0,0,0,NA,1.52548439273701,1,0,0,0,0,0,NA,1.625,"P_Goatgrass_2022_version3","3"
"RACA",1,0,0,0,0,0,NA,0.633214672313743,1,0,0,0,0,0,NA,0.713789682539683,"P_Goatgrass_2022_version3","3"
"SIBE",1,0,0,0,0,0,NA,0.816310683607932,1,0,0,0,0,0,NA,0.964285714285714,"P_Goatgrass_2022_version3","3"
"TRBI",1,0,0,0,0,0,NA,0.640869008123408,1,0,0,0,0,0,NA,0.802884615384615,"P_Goatgrass_2022_version3","3"
"TRER",1,0,0,0,0,0,NA,1.52857142857143,1,0,0,0,0,0,NA,1.52857142857143,"P_Goatgrass_2022_version3","3"
"TRFU",1,0,0,0,0,0,NA,0.533607707200611,1,0,0,0,0,0,NA,0.632257727652464,"P_Goatgrass_2022_version3","3"
"TRGR",1,0,0,0,0,0,NA,1.70634920634921,1,0,0,0,0,0,NA,1.70634920634921,"P_Goatgrass_2022_version3","3"
"TRHI",1,0,0,0,0,0,NA,1.21957264958688,1,0,0,0,0,0,NA,1.71957264957265,"P_Goatgrass_2022_version3","3"
"URLI",1,0,0,0,0,0,NA,2.63640568001889,1,0,0,0,0,0,NA,3.19726190476191,"P_Goatgrass_2022_version3","3"
"VIVI",0,0.49580201322483,0.755491324615736,0.000255114382123345,210.405933686244,158.959857547631,1,9.91939688603678,0,0.49580201322483,0.755630124201047,0.00233246635937541,26.6702864430633,20.1528718574494,1,7.50223214285714,"P_Goatgrass_2022_version3","3"
"WYAN",1,0,0,0,0,0,NA,3.31402625152803,1,0,0,0,0,0,NA,3.40777625152625,"P_Goatgrass_2022_version3","3"
"yellow_lomatium",1,0,0,0,0,0,NA,31.0140128574467,1,0,0,0,0,0,NA,33.075004297603,"P_Goatgrass_2022_version3","3"
"Row1",0,0.502787284158537,0.502787284158537,0.483438602431416,3.2537002305401e-28,3.42059583626924e-13,4.78255596593229e-16,8.20481067183799e-16,0,0.502787284158537,0.832852986846363,0.0148428848623809,0.771778522277611,21.7105930717097,0.0296066553935075,0.0303030303030303,"P_Goatgrass_2024_version1","1"
"ACMO",0,0.545884852528518,0.859560467560496,0.0125005909140809,19.4432738548195,30.7668694427248,0.543203448003299,0.505827844379644,0,0.545884852528518,0.859556721098826,0.0126458386525281,19.0143100290541,30.412240160673,0.53741118366101,0.5,"P_Goatgrass_2024_version1","1"
"AGHE",0,0.486716446809804,0.798988014278617,0.0125005908460325,15.9736892386449,27.9397604682024,0.456796551996701,0.494172155621162,0,0.486716446809804,0.79899128135046,0.0123553324747445,16.3669968866724,28.2693557484502,0.46258881633899,0.5,"P_Goatgrass_2024_version1","1"
"DEHE",0,0.543321532380451,0.872997954587685,0.0125008034803909,13.9268485240994,28.3310034711541,0.429145063208595,0.365412925793055,1,0.543321532380451,1.88672990106731e-05,9.19544025433603e-05,4.22867463919779e-10,1.36389720732503e-08,5.84968342248258e-07,0.0208333333333333,"P_Goatgrass_2024_version1","1"
"DEVA",0,0.504994718243831,0.848407144147379,0.0125005763129357,0.590001716230689,29.5322943161935,0.0169496370905005,0.0193745265982618,0,0.504994718243831,0.848484413620051,0.0124518088950181,0.599578528938178,29.6537079871039,0.0171557984170656,0.0196078431372549,"P_Goatgrass_2024_version1","1"
"DICA",0,0.546229524070504,0.717957184135378,0.0125005875213535,29.529683549288,21.2010484494556,1,1,0,0.546229524070504,0.71795718417976,0.0125005822491165,29.5296960526126,21.2010574276179,1,1,"P_Goatgrass_2024_version1","1"
"LACA",0,0.479611052959045,0.797803872485894,0.00312514252023037,69.3659235711945,55.3404024436595,1,1,0,0.479611052959045,0.797803872504786,0.00312514122773135,69.3659522840249,55.3404253521773,1,1,"P_Goatgrass_2024_version1","1"
"LACH",0,0.522967082668546,0.771029244827169,0.00312522288706429,32.173620605025,43.4547491799644,0.78542746606728,1.63458707020789,0,0.522967082668546,0.770982379634934,0.0125031538576908,28.0986033288189,21.6645965121543,0.52073116853187,1.04166666666667,"P_Goatgrass_2024_version1","1"
"LUBI",0,0.507758410255312,0.725526122258607,0.00138895203301948,91.8619836480629,66.6482687795028,0.499999999997574,0.999999999994907,0,0.507758410255312,0.725481846779573,0.00312564011706009,15.6417637960963,39.1695579262987,0.236304236219727,0.465608465608466,"P_Goatgrass_2024_version1","1"
"RACA",0,0.495601161031798,0.816092150819571,0.00312518955384327,61.2000018682227,49.9448411571999,0.999829252926107,2.99940876708519,0,0.495601161031798,0.815734772987752,0.0120979008613932,4.36441637869526,13.0613246779009,0.325866470453349,0.903846153846154,"P_Goatgrass_2024_version1","1"
"SIBE",0,0.468713461430144,0.866969212674865,0.00138895264929336,102.810421053665,89.1334701013139,0.277392396521899,1.32956518510381,0,0.468713461430144,0.866172270815567,0.00324322782608984,2.43490037790789,60.5536147751557,0.102121249686827,0.424206349206349,"P_Goatgrass_2024_version1","1"
"TRFU",0,0.467146256434334,0.740899614830705,1.59446031411335e-05,829.180181154947,614.339276843215,0.392467363952376,3.85755752201164,0,0.467146256434334,0.740899583820486,1.81133865816863e-05,627.580009201727,541.781525667752,0.409014677577923,3.99429320679321,"P_Goatgrass_2024_version1","1"
"TRLA",0,0.527131891845321,0.76860737895465,3.46280704096359e-05,541.057985195231,415.86115988902,0.697047295964209,9.78822953209443,0,0.527131891845321,0.768607093775702,4.85953709425681e-05,280.547438430884,326.846052643752,0.661943755669477,9.40302937802938,"P_Goatgrass_2024_version1","1"
"VIVI",0,0.505706244313953,0.881347759657624,5.00022831390096e-06,1731.97137427471,1552.78828849967,0.434063339397568,2.13829995040236,0,0.505706244313953,0.881347759468923,5.0006144344105e-06,1748.98339318875,1645.41816897278,0.629666028905074,3.01473559120618,"P_Goatgrass_2024_version1","1"
"WYAN",0,0.504848184601799,0.801283511593247,8.12992279091516e-07,3847.67269830868,3083.0766911728,0.730077582794022,27.8675645207026,0,0.504848184601799,0.801283511512646,8.12502337814308e-07,3815.02574257013,3222.7066427633,0.827507131374906,31.68186998187,"P_Goatgrass_2024_version1","1"
"Row1",0,0.502787284158537,0.502787284158537,0.483438602431416,0,0,NA,0,1,0.502787284158537,3.024857975338e-05,0.000151815380864171,0,0,NA,0,"P_Goatgrass_2024_version2","2"
"ACMO",0,0.545884852528518,0.910104998917454,0.0125005681409797,2.04243249207905,34.4969902157057,0.0538837738993906,0.0429074574414282,0,0.545884852528518,0.908585927612834,0.0176513144329633,1.02167257631257,24.3226412428573,0.0381651530439012,0.0303030303030303,"P_Goatgrass_2024_version2","2"
"AGHE",0,0.486716446809804,0.84724267775476,0.0125005842995642,17.8077635374248,31.4213285873666,0.480167387649468,0.518643114685714,0,0.486716446809804,0.847233047002859,0.01296529655189,16.5029308554684,30.2915553375502,0.461575123408197,0.5,"P_Goatgrass_2024_version2","2"
"DEHE",0,0.543321532380451,0.925758544805918,0.0125005844929529,17.8928208579121,31.8649338389797,0.519832612350532,0.481356885314387,0,0.543321532380451,0.92577025939308,0.0120358899983388,19.2505792852285,33.0995363571661,0.538424876591803,0.5,"P_Goatgrass_2024_version2","2"
"DEVA",0,0.504994718243831,0.904547017855898,0.0125008065377193,13.8982141514516,33.5755017101409,0.37442741057898,0.363813457048942,1,0.504994718243831,0,0,0,0,NA,0.0208333333333333,"P_Goatgrass_2024_version2","2"
"DICA",0,0.546229524070504,0.761295380315267,0.0125005808945213,31.3188297120463,23.8428803766613,1,1,0,0.546229524070504,0.761295380251361,0.0125005896938683,31.3188075862248,23.8428635303742,1,1,"P_Goatgrass_2024_version2","2"
"LACA",0,0.479611052959045,0.845902177235988,0.012500577846405,36.6991501346367,31.0438910015995,1,1,0,0.479611052959045,0.845902177176368,0.0125005866405552,36.6991242421298,31.0438690968837,1,1,"P_Goatgrass_2024_version2","2"
"LACH",0,0.522967082668546,0.817587776883653,0.00312514087751668,59.7663823816668,48.8642637038052,1,1,0,0.522967082668546,0.817587776870528,0.0031251430498776,59.7663407997947,48.8642297061905,1,1,"P_Goatgrass_2024_version2","2"
"LUBI",0,0.507758410255312,0.769301699064486,0.00312522432767279,40.6061537806958,49.9349303535807,0.812786293268436,1.63618654016621,0,0.507758410255312,0.769250174950855,0.0125031220094206,32.3692202560291,24.9012322738881,0.522028767171896,1.04166666666667,"P_Goatgrass_2024_version2","2"
"RACA",0,0.495601161031798,0.865374259158037,0.00138895183684965,97.3935849256308,84.2819014017632,0.986870148074655,1.61685550784155,0,0.495601161031798,0.865359579339135,0.00324088988035157,41.7324662778078,36.1232371051686,0.767906340494191,0.476190476190476,"P_Goatgrass_2024_version2","2"
"SIBE",0,0.468713461430144,0.919297020245707,0.00312518725093217,72.6508607033417,66.787719763046,0.99986067668973,2.99946328160601,0,0.468713461430144,0.919067182965879,0.0121520643837402,5.67792674874147,17.3878466150708,0.354292282349699,0.903846153846154,"P_Goatgrass_2024_version2","2"
"TRFU",0,0.467146256434334,0.785616275731638,0.00138895189234574,94.1712748809978,73.9824864781113,0.269674619695388,1.3247304607782,0,0.467146256434334,0.78493229778623,0.00278894214496651,2.31808950247711,58.8191605081481,0.0903777754691344,0.424206349206349,"P_Goatgrass_2024_version2","2"
"TRLA",0,0.527131891845321,0.815005855513676,1.59445992601726e-05,799.936195937288,689.083080641423,0.381861580844666,3.81517210142554,0,0.527131891845321,0.815005822834117,1.79854317443958e-05,632.457841863298,611.966246871175,0.400305655748211,3.99429320679321,"P_Goatgrass_2024_version2","2"
"VIVI",1,0,0,0,0,0,NA,9.17737251571623,1,0,0,0,0,0,NA,10.4162087912088,"P_Goatgrass_2024_version2","2"
"WYAN",0,0.504848184601799,0.849654390912935,8.12991884914969e-07,4079.94618960896,3466.54419469295,0.758047499890596,28.0234986779757,0,0.504848184601799,0.849654390829808,8.14408596355018e-07,4049.80176070844,3598.35776011903,0.864845851309133,31.692451992452,"P_Goatgrass_2024_version2","2"
"Row1",1,0,0,0,0,0,NA,0,1,0,0,0,0,0,NA,0,"P_Goatgrass_2024_version3","3"
"ACMO",1,0,0,0,0,0,NA,0.0303030303030303,1,0,0,0,0,0,NA,0.0303030303030303,"P_Goatgrass_2024_version3","3"
"AGHE",1,0,0,0,0,0,NA,0.5,1,0,0,0,0,0,NA,0.5,"P_Goatgrass_2024_version3","3"
"DEHE",1,0,0,0,0,0,NA,0.5,1,0,0,0,0,0,NA,0.5,"P_Goatgrass_2024_version3","3"
"DEVA",1,0,0,0,0,0,NA,0.0208333333333333,1,0,0,0,0,0,NA,0.0208333333333333,"P_Goatgrass_2024_version3","3"
"DICA",1,0,0,0,0,0,NA,1,1,0,0,0,0,0,NA,1,"P_Goatgrass_2024_version3","3"
"LACA",1,0,0,0,0,0,NA,1,1,0,0,0,0,0,NA,1,"P_Goatgrass_2024_version3","3"
"LACH",1,0,0,0,0,0,NA,1,1,0,0,0,0,0,NA,1,"P_Goatgrass_2024_version3","3"
"LUBI",1,0,0,0,0,0,NA,1.04166666666667,1,0,0,0,0,0,NA,1.04166666666667,"P_Goatgrass_2024_version3","3"
"RACA",1,0,0,0,0,0,NA,0.139887672194808,1,0,0,0,0,0,NA,0.476190476190476,"P_Goatgrass_2024_version3","3"
"SIBE",1,0,0,0,0,0,NA,0.902668910306466,1,0,0,0,0,0,NA,0.903846153846154,"P_Goatgrass_2024_version3","3"
"TRFU",1,0,0,0,0,0,NA,0.424033038134287,1,0,0,0,0,0,NA,0.424206349206349,"P_Goatgrass_2024_version3","3"
"TRLA",1,0,0,0,0,0,NA,3.99327757946381,1,0,0,0,0,0,NA,3.99429320679321,"P_Goatgrass_2024_version3","3"
"VIVI",0,0.505706244313953,0.881347581150572,3.4628091355281e-05,669.486850185942,590.050616023496,1,10.944142980821,0,0.505706244313953,0.881347559209398,3.82734956001204e-05,610.03818429222,537.655664750481,1,10.4162087912088,"P_Goatgrass_2024_version3","3"
"WYAN",1,0,0,0,0,0,NA,31.5031867887782,1,0,0,0,0,0,NA,31.692451992452,"P_Goatgrass_2024_version3","3"
"AGHE",0,0.470894096056416,0.470894096056416,0.473316815273518,0,0,0.0306821240055859,0.056366286722944,1,0.470894096056416,4.65022814567447e-05,0.000281441635712997,1.15162109866118e-07,1.53505096555379e-06,3.48867950727277e-06,0.0625,"P_Long_2022_version1","1"
"ALAM",0,0.517072420179412,0.7189807983643,0.0125005786433083,29.9494290027829,21.5330643749758,1,1,0,0.517072420179412,0.718980851552256,0.0125005772139307,29.9494316842652,21.5330678958592,1,1,"P_Long_2022_version1","1"
"ASBR",0,0.536165955376889,0.757151522903183,0.012500585909288,33.0836090247124,25.0493049574347,0.999999999950489,0.999999999954393,0,0.536165955376889,0.755838392920164,0.0499840092856073,1.93686690841736,6.18352771993185,0.236751323462096,0.25,"P_Long_2022_version1","1"
"DICA",0,0.541212019366777,0.75061406194643,0.0125006299547807,10.2359933157202,23.4643935864613,0.327444239820559,0.3669889907946,0,0.541212019366777,0.747093718984763,0.0460119944011007,0.654384827399015,6.26086279008519,0.0780861697085811,0.0909090909090909,"P_Long_2022_version1","1"
"EUSP",0,0.450409497413975,0.831331239227527,0.0125005808346258,33.03832588987,27.4657924040285,1,1,0,0.450409497413975,0.831331300729808,0.0125005792941348,33.0383288473778,27.4657968946297,1,1,"P_Long_2022_version1","1"
"LACA",0,0.532423036677029,0.78585760125444,0.0125005833161893,31.4776019917083,24.736912796809,0.99999999990447,0.999999999904547,0,0.532423036677029,0.782912172256003,0.0728518754939951,0.880402285871198,4.15324918267084,0.165961067052402,0.166666666666667,"P_Long_2022_version1","1"
"LUBI",0,0.533977430818592,0.79831352091597,0.0125005837385065,32.1576299123308,25.6718707596255,1,1,0,0.533977430818592,0.798313579976909,0.0125005821651509,32.1576327784392,25.6718749469386,1,1,"P_Long_2022_version1","1"
"LUNA",0,0.45867976807462,0.744277642013942,0.00312514170336697,60.1473794382356,44.7663497416078,1,1,0,0.45867976807462,0.744277697060267,0.0031251413029778,60.1473849361046,44.7663571444413,1,1,"P_Long_2022_version1","1"
"PLER",0,0.530862030145182,0.774232101586681,0.0125005697914422,31.8316432792708,24.6450800759942,0.99999999982637,1.99999999967929,0,0.530862030145182,0.774229581696223,0.012500796221191,31.8307671906168,24.6443215670611,0.618023865826791,1.25,"P_Long_2022_version1","1"
"RACA",0,0.49814065007872,0.737728099344893,0.00312516258064336,36.2642885554213,39.778389050838,0.636938494952338,1.23133747240208,0,0.49814065007872,0.737393350622269,0.0100286514068949,3.13642131250383,12.4013164518614,0.147871429450273,0.292929292929293,"P_Long_2022_version1","1"
"RILE",0,0.549905873043419,0.76910839793754,0.0125007362669294,27.7160300607869,21.9252876979946,0.33473899453299,1.00482252840868,0,0.549905873043419,0.76710017860731,0.0113313059344152,1.18455559435036,24.0702397633686,0.102779907483123,0.314285714285714,"P_Long_2022_version1","1"
"Sidalcea",0,0.468008240739819,0.826298026138872,0.00312515366219296,12.6696602101344,50.1190351290995,0.596434950861169,1.20738168687266,0,0.468008240739819,0.8262929678229,0.00328609776753437,12.0059760179526,47.6739826355741,0.116914081185054,0.251633986928105,"P_Long_2022_version1","1"
"tidytips",0,0.514502114134143,0.811509667297154,0.000781285357396417,139.685971322842,113.356516114453,0.500926259028862,1.00170311434266,0,0.514502114134143,0.811500837394124,0.00136597538994053,45.6907719032621,64.8720646543945,0.344944151451215,0.682539682539683,"P_Long_2022_version1","1"
"TRFU",0,0.537032252544086,0.785132259558681,0.00312521517557411,67.0177197553414,52.6177737567066,0.479059701799077,2.39846397914104,0,0.537032252544086,0.785132310062031,0.003125742895415,67.4663833880811,53.0399095532242,0.435350369150579,2.17814407814408,"P_Long_2022_version1","1"
"TRLA",0,0.501068508462547,0.803624585785016,0.00138895602652644,105.877487147879,85.085765941845,0.400001624417307,2.0000073707519,0,0.501068508462547,0.803624638860724,0.00138939516617629,106.326854355829,85.5052872006334,0.432393014926047,2.15311355311355,"P_Long_2022_version1","1"
"URLI",0,0.458421730021211,0.832675349337561,0.000781306853586028,136.763649477664,114.340132914801,0.885032624336895,8.7817337972035,0,0.458421730021211,0.832658405983705,0.0031256011999902,70.7772923402824,59.2149805214298,0.624516507965245,6.14603174603175,"P_Long_2022_version1","1"
"VIVI",0,0.49401646649652,0.88467512654649,0.000347238941365471,168.805712686869,188.768338562255,0.522890057124732,6.78434081859649,0,0.49401646649652,0.884674027784963,0.000399150366321512,126.553405756699,178.141411605913,0.599812219069821,7.73023643023643,"P_Long_2022_version1","1"
"WYAN",0,0.534752407010995,0.816070795673082,3.35946542862423e-06,331.3282064447,1580.44791961761,0.233365128171816,3.49947419277017,0,0.534752407010995,0.816070878280949,3.01956307720987e-06,442.293391052895,1842.41816684223,0.29101400121666,4.31390528009943,"P_Long_2022_version1","1"
"yellow_lomatium",0,0.483704633793656,0.753166236110783,1.71690713094085e-05,858.559701899057,646.760870484409,0.642796275758537,16.7789277553487,0,0.483704633793656,0.75316628617582,1.72165019388072e-05,852.433689955549,688.885550934308,0.733431204386641,19.3728493728494,"P_Long_2022_version1","1"
"yerba_santa",0,0.523780169977704,0.867160529352299,1.84919642751596e-07,7779.06267279442,8137.95386719255,0.663028063917119,15.8884520071098,0,0.523780169977704,0.867160593408462,1.89309177048791e-07,7441.43907758703,7970.63664544256,0.830812041357315,19.7442551052668,"P_Long_2022_version1","1"
"AGHE",0,0.470894096056416,0.470894096056416,0.473316815273518,0,0,NA,0,1,0.470894096056416,4.65331548235364e-05,0.000281628487849062,0,0,NA,0,"P_Long_2022_version2","2"
"ALAM",0,0.517072420179412,0.761791164350154,0.0125005799942052,31.7382609403316,24.1779267561308,1.00000000000221,1.0000000000024,0,0.517072420179412,0.761580476881315,0.0249978515577781,8.15726327417897,12.0483407103074,0.515623902391878,0.5,"P_Long_2022_version2","2"
"ASBR",0,0.536165955376889,0.802253083299566,0.0125005795439542,35.060565055398,28.1274464179181,1,1,0,0.536165955376889,0.802253083300292,0.0125005794115659,35.0605653811746,28.1274466792988,1,1,"P_Long_2022_version2","2"
"DICA",0,0.541212019366777,0.795488258168233,0.0125005821011665,33.1351879730529,26.3586529646932,1.00000000000256,1.00000000000203,0,0.541212019366777,0.795222414302923,0.0249839641360133,7.22703524023943,13.1399656259479,0.437375604746372,0.5,"P_Long_2022_version2","2"
"EUSP",0,0.450409497413975,0.88071236932581,0.0125006332342972,13.7884399216612,30.8306896708791,0.393881866489125,0.366189976614339,0,0.450409497413975,0.877607052341351,0.0462270344470362,0.885131771906646,8.21499735878517,0.0945585070025563,0.0909090909090909,"P_Long_2022_version2","2"
"LACA",0,0.532423036677029,0.832644818499671,0.0125005789368196,33.3571409054501,27.7746505348864,1,1,0,0.532423036677029,0.832644818500716,0.0125005788008668,33.3571412243558,27.7746508004565,1,1,"P_Long_2022_version2","2"
"LUBI",0,0.533977430818592,0.845866566898788,0.012500585412641,34.0795511466912,28.8267529299099,0.999999999999773,1.00000000000045,0,0.533977430818592,0.843069487059044,0.072847981870628,0.91672144699163,4.83887145298977,0.159719035233667,0.166666666666667,"P_Long_2022_version2","2"
"LUNA",0,0.45867976807462,0.788531494171425,0.0125005816703343,31.7886567908877,25.0663570370213,1,1,0,0.45867976807462,0.788531494172318,0.0125005815405192,31.7886570783206,25.0663572636995,1,1,"P_Long_2022_version2","2"
"PLER",0,0.530862030145182,0.820394420044544,0.0031251416063336,67.605691330127,55.4633319304899,1,1,0,0.530862030145182,0.820394420044806,0.0031251415644927,67.605692161131,55.4633326122588,1,1,"P_Long_2022_version2","2"
"RACA",0,0.49814065007872,0.781611074822019,0.0125005683181272,28.490107642585,22.2681836561654,1.00000000000836,2.00000000001583,0,0.49814065007872,0.781608531251049,0.0125061856147018,28.4705351222973,22.2580015713844,0.740359760142297,1.5,"P_Long_2022_version2","2"
"RILE",0,0.549905873043419,0.814968269177204,0.00312516340284946,36.7247688905379,49.3790231459399,0.590227440222421,1.21715538730279,0,0.549905873043419,0.814570502354121,0.0100892684043683,3.17008455751597,15.3150839372838,0.163588331405143,0.348484848484849,"P_Long_2022_version2","2"
"Sidalcea",0,0.468008240739819,0.875518196645249,0.0125006154621741,31.9812772654205,28.065642143645,0.666687724821156,2.00007259511453,0,0.468008240739819,0.873192585782957,0.0106181414376525,1.17285835715593,32.8821876281692,0.106986779733592,0.341269841269841,"P_Long_2022_version2","2"
"tidytips",0,0.514502114134143,0.859773413925893,0.00312516051804184,19.8615460821341,63.5889601588341,0.633529730913204,1.26638765261241,0,0.514502114134143,0.859742594593091,0.00398935250561876,13.1623500183597,49.8728799849759,0.211203016867903,0.388888888888889,"P_Long_2022_version2","2"
"TRFU",0,0.537032252544086,0.831894820019874,0.000781285289791931,142.099120444267,118.211522226954,0.500815468090023,1.0015877964808,0,0.537032252544086,0.831886801835147,0.00136583200726247,48.4796942623259,67.6764756921759,0.3809034592965,0.738095238095238,"P_Long_2022_version2","2"
"TRLA",0,0.501068508462547,0.851465701737356,0.00312521999762658,74.7591441590292,63.6548471609441,0.484646154845241,2.41431496738795,0,0.501068508462547,0.85146569527243,0.00312566853867506,74.7456076712521,63.7287243572611,0.453627387906679,2.26068376068376,"P_Long_2022_version2","2"
"URLI",0,0.458421730021211,0.88225165644687,0.00138895517421144,109.108726553935,96.2613665161464,0.400001270478251,2.00000628542283,0,0.458421730021211,0.882251650591069,0.00138933535691043,109.497475663141,96.6617130465793,0.440451902088333,2.18009768009768,"P_Long_2022_version2","2"
"VIVI",1,0,0,0,0,0,NA,6.17648963736152,1,0,0,0,0,0,NA,6.55555555555556,"P_Long_2022_version2","2"
"WYAN",0,0.534752407010995,0.864659396744415,0.000347239335393098,147.618540738608,174.500921777951,0.518227708666141,6.73731307822383,0,0.534752407010995,0.86465885681448,0.000373097773923721,129.234329202748,177.218958724527,0.605409842059773,7.78420468420468,"P_Long_2022_version2","2"
"yellow_lomatium",0,0.483704633793656,0.798011920280699,3.35946801908967e-06,2057.02559544545,1641.53094548783,0.494402863697514,6.99720506551342,0,0.483704633793656,0.798011920252087,3.35946777048974e-06,2093.31464720486,1739.7135678913,0.648851164874376,9.38816738816739,"P_Long_2022_version2","2"
"yerba_santa",0,0.523780169977704,0.918793529157581,1.7163524363635e-05,1031.98108533269,948.237329058981,0.714641130224417,17.8232775579356,0,0.523780169977704,0.918793524929184,1.72503521020707e-05,1034.52511920697,1009.12461642641,0.823313907928204,20.2569763569764,"P_Long_2022_version2","2"
"AGHE",1,0,0,0,0,0,NA,0,1,0,0,0,0,0,NA,0,"P_Long_2022_version3","3"
"ALAM",1,0,0,0,0,0,NA,0.5,1,0,0,0,0,0,NA,0.5,"P_Long_2022_version3","3"
"ASBR",1,0,0,0,0,0,NA,1,1,0,0,0,0,0,NA,1,"P_Long_2022_version3","3"
"DICA",1,0,0,0,0,0,NA,0.5,1,0,0,0,0,0,NA,0.5,"P_Long_2022_version3","3"
"EUSP",1,0,0,0,0,0,NA,0.0909090909090909,1,0,0,0,0,0,NA,0.0909090909090909,"P_Long_2022_version3","3"
"LACA",1,0,0,0,0,0,NA,1,1,0,0,0,0,0,NA,1,"P_Long_2022_version3","3"
"LUBI",1,0,0,0,0,0,NA,0.166666666666667,1,0,0,0,0,0,NA,0.166666666666667,"P_Long_2022_version3","3"
"LUNA",1,0,0,0,0,0,NA,1,1,0,0,0,0,0,NA,1,"P_Long_2022_version3","3"
"PLER",1,0,0,0,0,0,NA,1,1,0,0,0,0,0,NA,1,"P_Long_2022_version3","3"
"RACA",1,0,0,0,0,0,NA,1.5,1,0,0,0,0,0,NA,1.5,"P_Long_2022_version3","3"
"RILE",1,0,0,0,0,0,NA,0.348484848484849,1,0,0,0,0,0,NA,0.348484848484849,"P_Long_2022_version3","3"
"Sidalcea",1,0,0,0,0,0,NA,0.285714285714282,1,0,0,0,0,0,NA,0.341269841269841,"P_Long_2022_version3","3"
"tidytips",1,0,0,0,0,0,NA,0.388888888888889,1,0,0,0,0,0,NA,0.388888888888889,"P_Long_2022_version3","3"
"TRFU",1,0,0,0,0,0,NA,0.738095238095238,1,0,0,0,0,0,NA,0.738095238095238,"P_Long_2022_version3","3"
"TRLA",1,0,0,0,0,0,NA,2.2051282051282,1,0,0,0,0,0,NA,2.26068376068376,"P_Long_2022_version3","3"
"URLI",1,0,0,0,0,0,NA,2.12454212454212,1,0,0,0,0,0,NA,2.18009768009768,"P_Long_2022_version3","3"
"VIVI",0,0.49401646649652,0.884673817732297,0.000781305519160742,142.233228580664,125.830013336846,1,9.28952667842637,0,0.49401646649652,0.884659680854459,0.00315718233266136,70.1145801780809,62.0275421235855,1,6.55555555555556,"P_Long_2022_version3","3"
"WYAN",1,0,0,0,0,0,NA,7.67309357309356,1,0,0,0,0,0,NA,7.78420468420468,"P_Long_2022_version3","3"
"yellow_lomatium",1,0,0,0,0,0,NA,8.42637122209992,1,0,0,0,0,0,NA,9.38816738816739,"P_Long_2022_version3","3"
"yerba_santa",1,0,0,0,0,0,NA,18.7625791779541,1,0,0,0,0,0,NA,20.2569763569764,"P_Long_2022_version3","3"
"CAPA",0,0.466286798061937,0.466286798061937,0.478787128687271,0,0,1,1,1,0.466286798061937,4.01761288204654e-05,0.000210131578163007,0.478259351629885,1.92146093206745e-05,1,1,"P_Lower_Banana_2022_version1","1"
"Clarkia",0,0.482215026967328,0.895772122637553,0.0125005731090924,3.98384835529527,32.6543567352553,0.109284660739806,0.109975917092436,0,0.482215026967328,0.89483109932968,0.0189752122287261,1.71898332813509,21.4372647468866,0.0717535450257435,0.0714285714285714,"P_Lower_Banana_2022_version1","1"
"GRCA",0,0.487958239874783,0.808723101127422,0.00312514138391665,65.198415610184,52.7274648608625,1,1,0,0.487958239874783,0.808723101124167,0.00312514197176871,65.1984175753055,52.7274664498894,1,1,"P_Lower_Banana_2022_version1","1"
"HECO",0,0.514137575479288,0.761130973155985,0.00312514233976913,0.303210578331865,44.0004454201251,0.00524501423459149,0.0063721999643711,0,0.514137575479288,0.762929736684205,0.00240747778849962,0.503523762157725,57.3997473325106,0.00669259481321189,0.00809716599190283,"P_Lower_Banana_2022_version1","1"
"HECU",0,0.510231080399934,0.774106431692192,0.00012500565601237,8.48826265548446,225.374495552671,0.51457755612362,1.03209192806644,0,0.510231080399934,0.774117573454427,9.67493094153703e-05,14.3367164464808,291.575433645362,0.518423717974319,1.04048582995951,"P_Lower_Banana_2022_version1","1"
"HEEX",0,0.453768281686943,0.807347425697854,0.000154328041232896,262.776599200704,238.18160701547,0.630276249425127,1.89012934922999,0,0.453768281686943,0.80734652088912,0.000211162096821093,140.885464545998,174.522396309875,0.58905488874522,1.75396825396825,"P_Lower_Banana_2022_version1","1"
"HETR",0,0.483510312453616,0.88578622283181,0.000195322243364187,284.205641489698,251.745441807586,0.616082317974906,4.33623327540553,0,0.483510312453616,0.885780473206345,0.000240564751055202,51.6436440187925,287.149083829272,0.419577388651885,2.98476381698461,"P_Lower_Banana_2022_version1","1"
"SAVE",0,0.457821407917804,0.892145450715752,7.39678462223796e-05,26.1066354310691,434.356836949634,0.42867503520239,4.71914365930392,0,0.457821407917804,0.892145521456724,7.30804202572341e-05,32.0869554552608,470.820275623824,0.469590024987832,5.15617397151415,"P_Lower_Banana_2022_version1","1"
"TRLA",0,0.504402874528618,0.922629564246146,0.000103315432814948,414.685110319725,382.600742633717,0.714803279573222,9.28721575306242,0,0.504402874528618,0.922629310631078,0.000103318446515032,300.067372967103,500.587590783281,0.692260813954822,8.98711351202723,"P_Lower_Banana_2022_version1","1"
"ZETR",0,0.499112202482816,0.893096919076446,2.83459535453497e-07,7511.31827796784,7355.80608865039,0.818543425708353,19.6188379178757,0,0.499112202482816,0.89309691882851,2.95534454911083e-07,6768.03656586594,7063.91375642118,0.875650799213946,20.9979688781258,"P_Lower_Banana_2022_version1","1"
"CAPA",0,0.466286798061937,0.466286798061937,0.478787128687271,0,0,1,1,1,0.466286798061937,4.01761288204654e-05,0.000210131578163007,0.478259351629885,1.92146093206745e-05,1,1,"P_Lower_Banana_2022_version2","2"
"Clarkia",0,0.482215026967328,0.895772122637553,0.0125005731090924,3.98384835529527,32.6543567352553,0.109284660739806,0.109975917092436,0,0.482215026967328,0.89483109932968,0.0189752122287261,1.71898332813509,21.4372647468866,0.0717535450257435,0.0714285714285714,"P_Lower_Banana_2022_version2","2"
"GRCA",0,0.487958239874783,0.808723101127422,0.00312514138391665,65.198415610184,52.7274648608625,1,1,0,0.487958239874783,0.808723101124167,0.00312514197176871,65.1984175753055,52.7274664498894,1,1,"P_Lower_Banana_2022_version2","2"
"HECO",0,0.514137575479288,0.761130973155985,0.00312514233976913,0.303210578331865,44.0004454201251,0.00524501423459149,0.0063721999643711,0,0.514137575479288,0.762929736684205,0.00240747778849962,0.503523762157725,57.3997473325106,0.00669259481321189,0.00809716599190283,"P_Lower_Banana_2022_version2","2"
"HECU",0,0.510231080399934,0.774106431692192,0.00012500565601237,8.48826265548446,225.374495552671,0.51457755612362,1.03209192806644,0,0.510231080399934,0.774117573454427,9.67493094153703e-05,14.3367164464808,291.575433645362,0.518423717974319,1.04048582995951,"P_Lower_Banana_2022_version2","2"
"HEEX",0,0.453768281686943,0.807347425697854,0.000154328041232896,262.776599200704,238.18160701547,0.630276249425127,1.89012934922999,0,0.453768281686943,0.80734652088912,0.000211162096821093,140.885464545998,174.522396309875,0.58905488874522,1.75396825396825,"P_Lower_Banana_2022_version2","2"
"HETR",0,0.483510312453616,0.88578622283181,0.000195322243364187,284.205641489698,251.745441807586,0.616082317974906,4.33623327540553,0,0.483510312453616,0.885780473206345,0.000240564751055202,51.6436440187925,287.149083829272,0.419577388651885,2.98476381698461,"P_Lower_Banana_2022_version2","2"
"SAVE",0,0.457821407917804,0.892145450715752,7.39678462223796e-05,26.1066354310691,434.356836949634,0.42867503520239,4.71914365930392,0,0.457821407917804,0.892145521456724,7.30804202572341e-05,32.0869554552608,470.820275623824,0.469590024987832,5.15617397151415,"P_Lower_Banana_2022_version2","2"
"TRLA",0,0.504402874528618,0.922629564246146,0.000103315432814948,414.685110319725,382.600742633717,0.714803279573222,9.28721575306242,0,0.504402874528618,0.922629310631078,0.000103318446515032,300.067372967103,500.587590783281,0.692260813954822,8.98711351202723,"P_Lower_Banana_2022_version2","2"
"ZETR",0,0.499112202482816,0.893096919076446,2.83459535453497e-07,7511.31827796784,7355.80608865039,0.818543425708353,19.6188379178757,0,0.499112202482816,0.89309691882851,2.95534454911083e-07,6768.03656586594,7063.91375642118,0.875650799213946,20.9979688781258,"P_Lower_Banana_2022_version2","2"
"CAPA",1,0,0,0,0,0,NA,1,1,0,0,0,0,0,NA,1,"P_Lower_Banana_2022_version3","3"
"Clarkia",1,0,0,0,0,0,NA,0.0714285714285714,1,0,0,0,0,0,NA,0.0714285714285714,"P_Lower_Banana_2022_version3","3"
"GRCA",1,0,0,0,0,0,NA,1,1,0,0,0,0,0,NA,1,"P_Lower_Banana_2022_version3","3"
"HECO",1,0,0,0,0,0,NA,0.00809716599190283,1,0,0,0,0,0,NA,0.00809716599190283,"P_Lower_Banana_2022_version3","3"
"HECU",1,0,0,0,0,0,NA,1.04048582995951,1,0,0,0,0,0,NA,1.04048582995951,"P_Lower_Banana_2022_version3","3"
"HEEX",1,0,0,0,0,0,NA,1.75396825396825,1,0,0,0,0,0,NA,1.75396825396825,"P_Lower_Banana_2022_version3","3"
"HETR",1,0,0,0,0,0,NA,2.98476381698461,1,0,0,0,0,0,NA,2.98476381698461,"P_Lower_Banana_2022_version3","3"
"SAVE",1,0,0,0,0,0,NA,5.15617397151415,1,0,0,0,0,0,NA,5.15617397151415,"P_Lower_Banana_2022_version3","3"
"TRLA",1,0,0,0,0,0,NA,8.98711351202723,1,0,0,0,0,0,NA,8.98711351202723,"P_Lower_Banana_2022_version3","3"
"ZETR",1,0,0,0,0,0,NA,20.9979688781258,1,0,0,0,0,0,NA,20.9979688781258,"P_Lower_Banana_2022_version3","3"
"ASER",0,0.453226937541378,0.453226937541378,0.524446834611915,3.4950519351142e-20,5.45778302578034e-11,2.90237203937471e-10,4.93564358359819e-10,0,0.453226937541378,0.840031794301925,0.127439581113971,0.21642538593415,2.69246880800593,0.0675232354551941,0.0588235294117647,"P_Pond_202_version1","1"
"ASFA",0,0.485139257942857,0.849484399180635,0.0125005574399083,0.408084573664899,30.1613896081926,0.0114935513044283,0.0111133698913489,0,0.485139257942857,0.782287922186707,0.0200196433853482,0.0901435136689231,15.9354957395106,0.00442522674910121,0.00434782608695652,"P_Pond_202_version1","1"
"CESO",0,0.535508245595502,0.806655174459411,0.00138895400470195,105.14209078835,84.8134115879034,0.655521507933778,1.96792876844147,0,0.535508245595502,0.768126996316347,0.00138877642352177,93.5613101615341,87.5548497231444,0.497823451545646,1.50434782608696,"P_Pond_202_version1","1"
"HECO",0,0.487083723599596,0.739828108588761,0.000781287632469784,113.607686731325,84.0501599955807,0.963092826531521,3.85724160838785,0,0.487083723599596,0.704492737393461,0.000781285002096175,108.833370261709,76.7703698797916,0.872547528455083,3.5,"P_Pond_202_version1","1"
"HEEX",0,0.516142538406953,0.776537305200566,4.89097069755323e-05,455.113523661451,358.278873054069,0.800874493766032,15.9761368277144,0,0.516142538406953,0.739448904121047,4.91101760582372e-05,295.867464861283,380.06244866148,0.79074760415408,15.7470024708483,"P_Pond_202_version1","1"
"PEKE",0,0.507643005651256,0.764900200121948,9.96536248872699e-07,3123.02341053667,2416.57884783863,0.636973936283998,12.1048033070367,0,0.507643005651256,0.728367834829726,1.29238512822072e-06,1162.65378343887,1815.66828764172,0.66687367227697,12.6632110913636,"P_Pond_202_version1","1"
"SAVE",0,0.455995980652979,0.719771237211405,6.46997514685178e-07,3658.99960688852,2638.563605784,0.60495759537613,6.08277611801795,0,0.455995980652979,0.685394280861923,7.39315359428144e-07,2034.56373042948,2399.30539174712,0.645883921299441,6.52226725620241,"P_Pond_202_version1","1"
"ASER",1,0,0,0,0,0,NA,0,1,0,0,0,0,0,NA,0,"P_Pond_202_version2","2"
"ASFA",1,0.485139257942857,0,0,0,0,NA,0,0,0.485139257942857,0.485139257942857,0.477949322447157,0,0,NA,0,"P_Pond_202_version2","2"
"CESO",1,0,0,0,0,0,NA,5.91067810885781e-18,1,0,0,0,0,0,NA,0.00847457627118644,"P_Pond_202_version2","2"
"HECO",0,0.487083723599596,0.781235130302676,0.00138895463484174,89.959828142117,70.2797780606133,0.656035847825358,1.96661345447942,0,0.487083723599596,0.781234228960837,0.00138895053466697,81.4942823282451,84.2954747655296,0.506925175655656,1.50847457627119,"P_Pond_202_version2","2"
"HEEX",0,0.516142538406953,0.819996868544767,0.000781287540658497,121.884696245944,99.9450692452042,0.966264372496801,3.8591559316657,0,0.516142538406953,0.819996868562623,0.000781285093261124,122.979679209026,100.935491575687,0.878102494743513,3.5,"P_Pond_202_version2","2"
"PEKE",0,0.507643005651256,0.807713365485929,4.88911432366223e-05,476.260251038308,384.681770214053,0.854069944625328,17.062981437906,0,0.507643005651256,0.807713337928381,4.89099674589425e-05,459.073153711437,453.825741406393,0.82016086887416,16.3716176033304,"P_Pond_202_version2","2"
"SAVE",0,0.455995980652979,0.760058733965589,9.96537574850185e-07,3119.11461221608,2370.71030325523,0.74133874073843,14.1112491759464,0,0.455995980652979,0.760058733161744,1.04670663052545e-06,2844.20709618129,2262.28336367224,0.819136690346093,15.6114332441273,"P_Pond_202_version2","2"
"ASER",0,0.453226937541378,0.453226937541378,0.524446834611915,0,0,NA,0,1,0.453226937541378,8.39385096158303e-06,4.78761674739133e-05,0,0,NA,0,"P_Pond_202_version3","3"
"ASFA",1,0,0,0,0,0,NA,0,1,0,0,0,0,0,NA,0,"P_Pond_202_version3","3"
"CESO",0,0.535508245595502,0.806586647195579,0.0125003648047297,34.9609344757822,28.1990229216455,1,1.00000000010844,0,0.535508245595502,0.792884698251505,1.48851410146508,0.195516537322678,0.15502207069827,1,0.00847457627118644,"P_Pond_202_version3","3"
"HECO",1,0,0,0,0,0,NA,1.49999999999907,1,0,0,0,0,0,NA,1.50847457627119,"P_Pond_202_version3","3"
"HEEX",1,0,0,0,0,0,NA,3.5,1,0,0,0,0,0,NA,3.5,"P_Pond_202_version3","3"
"PEKE",1,0,0,0,0,0,NA,16.3377192982419,1,0,0,0,0,0,NA,16.3716176033304,"P_Pond_202_version3","3"
"SAVE",1,0,0,0,0,0,NA,14.6622807016501,1,0,0,0,0,0,NA,15.6114332441273,"P_Pond_202_version3","3"
"ACMI",0,0.472576962421917,0.472576962421917,0.468377421478917,0,0,1,1,1,0.472576962421917,1.50891245237302e-05,7.49259956872386e-05,0.501608228800636,7.56882902650055e-06,1,1,"P_Pond_2023__version1","1"
"ASFA",0,0.501007425156891,0.716031743454982,0.0125005890673527,27.3231915753352,19.5642725004527,0.999999999999441,0.999999999999531,0,0.501007425156891,0.721856245003224,0.0374897623604681,2.69247247423422,6.58141518921553,0.295313092115819,0.333333333333333,"P_Pond_2023__version1","1"
"BREL",0,0.531794611868353,0.653076419900378,0.0125005845109748,28.1502089582352,18.3842376859027,0.999999999999407,0.99999999999947,0,0.531794611868353,0.658437083898839,0.0374919690562893,2.90018395547538,6.18857834405547,0.308566614212405,0.333333333333333,"P_Pond_2023__version1","1"
"CESO",0,0.472041671407428,0.785744767402667,0.012500609723682,2.98327978309967,22.2536631031531,0.105335308996234,0.104349557951787,0,0.472041671407428,0.638470859976798,0.13114418446168,0.0208935975393231,1.33988016016668,0.00995607934614189,0.0112359550561798,"P_Pond_2023__version1","1"
"ERLA",1,0.504371344649406,4.97757074415732e-05,0.000244139199755874,8.50532203752823e-16,1.64394102275209e-08,2.57526526546332e-12,3.37102619565581e-08,0,0.504371344649406,0.615134862707446,0.0108826817842838,0.0771337556897006,17.6385133996737,0.00269000346804574,0.00285714285714286,"P_Pond_2023__version1","1"
"HECO",0,0.469189522564034,0.647357093240652,0.0125005723514516,28.0907805578361,18.1847660487818,1,2,0,0.469189522564034,0.653429360635627,0.0124976260983209,28.3619656893187,18.5325411067411,1,2,"P_Pond_2023__version1","1"
"HEEX",0,0.468305733715326,0.757883512613738,0.00312514238308514,64.5688802015836,48.9356897327118,1,1,0,0.468305733715326,0.764990872441813,0.00312441277252226,65.1901237974339,49.8698496783887,1,1,"P_Pond_2023__version1","1"
"HOMA",0,0.514466553490826,0.645545382502097,0.00138895633771806,20.3382391641866,50.6638719953142,0.259144354025651,0.289162653182243,0,0.514466553490826,0.647283183951945,0.0172740641388208,0.206006008309642,4.07512049751924,0.0327215416214245,0.0337078651685393,"P_Pond_2023__version1","1"
"MEIN",0,0.539364520315716,0.702166547942852,0.000500021894243084,1.71661701681019,92.897733778044,0.00648751587263415,0.0135038722228547,0,0.539364520315716,0.708792148556141,0.000464415229740111,2.00362598340179,103.107770655304,0.0122821521437891,0.0255216693418941,"P_Pond_2023__version1","1"
"PEKE",0,0.499492946243609,0.757082733431206,0.000347239285171138,104.611773514884,124.621968404866,0.70444319063301,5.60650754739757,0,0.499492946243609,0.764103032789686,0.00201001039150078,12.9726945494726,36.0788618611372,0.697073856099859,5.48408239700375,"P_Pond_2023__version1","1"
"PHAQ",0,0.477947516333287,0.710959051365372,0.000154330867346497,260.122706063665,184.936817703588,0.650659962149736,4.60006826950318,0,0.477947516333287,0.717622705028409,0.000129917845741649,74.8051901948726,245.357676394881,0.577945711494053,4.18484216158373,"P_Pond_2023__version1","1"
"SAVE",0,0.463907013560602,0.667066923753767,5.34006026061827e-07,1589.7517954202,2800.29245474962,0.429764990237756,7.61187985831253,0,0.463907013560602,0.67332228693957,5.14403819945174e-07,1729.64725075123,3003.85696209852,0.477397375205817,8.51513954013658,"P_Pond_2023__version1","1"
"VIVI",0,0.485176913037513,0.802248077831816,3.73273227481892e-07,3325.76425884561,4385.95874127617,0.816449225346167,25.7745282077322,0,0.485176913037513,0.809771089334833,3.9102261961003e-07,3083.63738252912,4352.6865026469,0.862131942412264,27.0759466021855,"P_Pond_2023__version1","1"
"ACMI",0,0.472576962421917,0.472576962421917,0.468377421478917,0,0,NA,0,1,0.472576962421917,1.51339173807835e-05,7.51484174332506e-05,0,0,NA,0,"P_Pond_2023__version2","2"
"ASFA",1,0.501007425156891,4.25083752500919e-05,0.000205171293700963,0,0,NA,0,1,0.501007425156891,0,0,0,0,NA,0,"P_Pond_2023__version2","2"
"BREL",1,0.531794611868353,0,0,0,0,NA,0,0,0.531794611868353,0.531794611868353,0.458234920915326,0,0,NA,0,"P_Pond_2023__version2","2"
"CESO",1,0,0,0,0,0,NA,0,1,0,0,0,0,0,NA,0,"P_Pond_2023__version2","2"
"ERLA",0,0.504371344649406,0.781801918329175,0.0125005842429956,31.7379231155578,24.812769175527,1,1,0,0.504371344649406,0.781801918330981,0.0125005839550646,31.737923648173,24.8127695919839,1,1,"P_Pond_2023__version2","2"
"HECO",0,0.469189522564034,0.788743460132852,0.0125005860095516,34.2487947666522,27.0135128896291,1,1.00000000000063,0,0.469189522564034,0.788595987834978,0.0375019089909787,11.3442694030619,8.94604533617371,1,0.333333333333333,"P_Pond_2023__version2","2"
"HEEX",0,0.468305733715326,0.923326435170258,0.0125005839349369,39.2591188250442,36.2489822326536,1,1.00000000000031,0,0.468305733715326,0.923263610388749,0.0250012105711746,19.575815985844,18.0736385433961,1,0.5,"P_Pond_2023__version2","2"
"HOMA",0,0.514466553490826,0.786467205664841,0.0124999522023953,31.7827194838991,24.9967622922757,0.999972167941754,0.999969085230611,1,0.514466553490826,0,0,0,0,NA,0.0178571428571429,"P_Pond_2023__version2","2"
"MEIN",1,0,0,0,0,0,NA,4.32053929620934e-13,1,0,0,0,0,0,NA,0.00520833333333333,"P_Pond_2023__version2","2"
"PEKE",0,0.499492946243609,0.922303862236844,0.0125005735225129,33.3204714705022,30.7315995287968,1,2,0,0.499492946243609,0.922303862238766,0.0125005732629817,33.3204720029666,30.7316000199548,1,2,"P_Pond_2023__version2","2"
"PHAQ",1,0,0,0,0,0,NA,5.00000767085834,1,0,0,0,0,0,NA,5.52380952380952,"P_Pond_2023__version2","2"
"SAVE",0,0.463907013560602,0.812718034264406,0.000154584962779725,300.576143608909,244.284451145833,0.857146833151178,5.60034350394328,0,0.463907013560602,0.812717748436419,0.000205777412267334,226.873716433352,184.384295999117,1,4.25,"P_Pond_2023__version2","2"
"VIVI",1,0,0,0,0,0,NA,27.3996797399665,1,0,0,0,0,0,NA,30.3697916666667,"P_Pond_2023__version2","2"
"ACMI",1,0,0,0,0,0,NA,0,1,0,0,0,0,0,NA,0,"P_Pond_2023__version3","3"
"ASFA",1,0,0,0,0,0,NA,0,1,0,0,0,0,0,NA,0,"P_Pond_2023__version3","3"
"BREL",1,0,0,0,0,0,NA,0,1,0,0,0,0,0,NA,0,"P_Pond_2023__version3","3"
"CESO",1,0.472041671407428,0,0,0,0,NA,0,0,0.472041671407428,0.472041671407428,0.454315823877377,0,0,NA,0,"P_Pond_2023__version3","3"
"ERLA",1,0,0,0,0,0,NA,1,1,0,0,0,0,0,NA,1,"P_Pond_2023__version3","3"
"HECO",1,0,0,0,0,0,NA,0.332305658041265,1,0,0,0,0,0,NA,0.333333333333333,"P_Pond_2023__version3","3"
"HEEX",1,0,0,0,0,0,NA,0.499710742893023,1,0,0,0,0,0,NA,0.5,"P_Pond_2023__version3","3"
"HOMA",1,0,0,0,0,0,NA,-1.86907818523474e-14,1,0,0,0,0,0,NA,0.0178571428571429,"P_Pond_2023__version3","3"
"MEIN",0,0.539364520315716,0.715773624096683,0.0125006933420714,0.107024119042118,19.2428189428873,0.00398096774593656,0.00465538715194148,0,0.539364520315716,0.720918714673104,0.011327475489921,0.139972093356017,21.5497164979856,0.00468259068010273,0.00520833333333333,"P_Pond_2023__version3","3"
"PEKE",1,0,0,0,0,0,NA,2,1,0,0,0,0,0,NA,2,"P_Pond_2023__version3","3"
"PHAQ",0,0.477947516333287,0.747488541494473,0.000347245929205367,182.314521934405,136.278016093726,1.00000000000026,7.33876041222079,0,0.477947516333287,0.747068852720926,0.00310719505096886,4.84517623284042,17.2107846771695,0.88824655182456,5.52380952380952,"P_Pond_2023__version3","3"
"SAVE",1,0,0,0,0,0,NA,3.16095033067371,1,0,0,0,0,0,NA,4.25,"P_Pond_2023__version3","3"
"VIVI",0,0.485176913037513,0.843469238276421,3.73278170135704e-07,5725.03711424894,4848.19319459327,0.968625594757874,29.6636174690234,0,0.485176913037513,0.843223807533603,3.89783451542806e-07,5586.38361966359,4744.89924509236,0.996542031085107,30.3697916666667,"P_Pond_2023__version3","3"
"ASFA",0,0.507677586030996,0.507677586030996,0.519979110253034,9.66558431222189e-31,2.21473534517198e-14,2.2156148462185e-17,3.5901286459105e-17,0,0.507677586030996,0.808905061514532,0.0132175706827806,0.728681913703884,24.5668172400567,0.0239931156921737,0.024390243902439,"P_Pond_2024_version1","1"
"CESO",0,0.537188422953332,0.881868584003037,0.000500791643264381,174.684510043403,154.048781519279,0.600694100278185,3.00320189643154,0,0.537188422953332,0.881866228965909,0.000713192641913528,100.61467745208,113.085743829383,0.57903903165816,2.86769480519481,"P_Pond_2024_version1","1"
"HEEX",0,0.525824576651596,0.836241129946117,0.000255789684021641,234.724006063514,196.285868056116,0.85327475324602,17.0609275592316,0,0.525824576651596,0.836241297411181,0.000255670173701229,240.196813572483,201.504530386244,0.768104175039948,15.3560064935065,"P_Pond_2024_version1","1"
"HOMA",0,0.533659783370634,0.768194505562276,7.81501119896876e-06,1215.70776387582,933.900024578882,0.696551721684434,13.9358705443198,0,0.533659783370634,0.768194612141439,7.80368999973866e-06,1202.78534309131,969.891037070398,0.785936411260904,15.7519084573963,"P_Pond_2024_version1","1"
"ASFA",0,0.507677586030996,0.507677586030996,0.519979110253034,0,0,NA,0,1,0.507677586030996,4.0209408584529e-05,0.000220052321119893,0,0,NA,0,"P_Pond_2024_version2","2"
"CESO",0,0,0.881868583996458,0.000500792865912684,174.684056595739,154.048381636674,0.600695764766263,3.00320957693537,1,0,0,0,0,0,NA,2.86769480519481,"P_Pond_2024_version2","2"
"HEEX",0,0.525824576651596,0.836241129946238,0.000255789654309037,234.72403110709,196.28588899843,0.853278962879633,17.0610113500623,0,0.525824576651596,0.880213539320027,0.000255642751712794,252.594852099598,222.981981364919,0.771744942940876,15.3560064935065,"P_Pond_2024_version2","2"
"HOMA",0,0.533659783370634,0.768194505562697,7.81499506553825e-06,1215.70925625786,933.901171018823,0.696547095928801,13.9357790757928,0,0.533659783370634,0.8085885947372,7.81499159372027e-06,1285.1503042888,1039.75468892159,0.828255057059124,15.7762987012987,"P_Pond_2024_version2","2"
"ASFA",1,0,0,0,0,0,NA,0,1,0,0,0,0,0,NA,0,"P_Pond_2024_version3","3"
"CESO",0,0.537188422953332,0.881868583987339,0.000500794277439297,174.683933003021,154.048272642714,1,3.45756418553378,0,0.537188422953332,0.881867381419462,0.000713690346474601,128.185824485167,113.042897373829,1,2.86769480519481,"P_Pond_2024_version3","3"
"HEEX",1,0,0,0,0,0,NA,15.2259007361057,1,0,0,0,0,0,NA,15.3560064935065,"P_Pond_2024_version3","3"
"HOMA",1,0,0,0,0,0,NA,15.3165350783607,1,0,0,0,0,0,NA,15.7762987012987,"P_Pond_2024_version3","3"
"DICA",0,0.472748849970637,0.472748849970637,0.453183840356387,4.22928403303702e-26,1.3977245045469e-12,7.2005321181979e-15,3.06671883196364e-14,0,0.472748849970637,0.870490525273554,0.0104683270720049,1.25388503112395,34.5124286072024,0.0515595164275186,0.106534090909091,"P_Quarry_1_2024_version1","1"
"ERGU",0,0.489921456500851,0.751137160483765,0.0125005686193942,29.6064624757618,22.2404201949512,0.666667037908034,2.00000107598731,0,0.489921456500851,0.743720657534917,0.0129743585013587,0.343042952060845,21.0041008413243,0.361943175008739,1.01176470588235,"P_Quarry_1_2024_version1","1"
"ESCA",0,0.509919409807734,0.854346395878911,0.0013891462334806,95.8382841847534,81.8790933663715,0.552089430355218,2.17494524586756,0,0.509919409807734,0.854236606562093,0.0046875589626983,8.85506464021498,24.3493149911558,0.262936883552518,0.906060606060606,"P_Quarry_1_2024_version1","1"
"LACA",0,0.515520638583936,0.730758209135655,0.000103310461116209,31.870899188383,215.764163889748,0.293657282017772,1.84100784521303,0,0.515520638583936,0.730758677860702,9.79926135864899e-05,34.8629740241623,234.266132872057,0.317218786433614,2.10628576789567,"P_Quarry_1_2024_version1","1"
"LUSU",0,0.455372680213942,0.764838162096232,1.38895170230976e-05,376.746154985348,757.707142643177,0.0995153540918902,0.785849867249508,0,0.455372680213942,0.764838071786869,1.61796010807954e-05,270.584158803516,692.469464695802,0.233000001085541,1.82462678253119,"P_Quarry_1_2024_version1","1"
"TRFU",0,0.5486363557161,0.813567107657273,1.3889517208878e-05,548.805247305993,872.450184982379,0.91388844567619,7.26617732102518,0,0.5486363557161,0.813567004637519,1.75933417249897e-05,330.979495654404,691.554539431515,0.890281862454538,7.10294117647059,"P_Quarry_1_2024_version1","1"
"TRHI",0,0.531230520494855,0.807480832722168,8.68435552380199e-05,394.774079248129,318.77250313759,0.678898989346655,8.91761553983021,0,0.531230520494855,0.807480831681803,8.68397110489438e-05,397.191558252862,328.125253382109,0.709645754282845,9.37424242424242,"P_Quarry_1_2024_version1","1"
"VIVI",0,0.49135795703221,0.883695250185256,3.2519685884206e-06,1986.78175741506,1755.70960218241,0.79984564863288,19.0144031048272,0,0.49135795703221,0.883695248237052,3.31284932562283e-06,1904.04635400296,2003.37751805195,0.828222561516454,19.5675444460081,"P_Quarry_1_2024_version1","1"
"DICA",0,0.472748849970637,0.472748849970637,0.453183840356387,0,0,NA,0,1,0.472748849970637,1.69767549706464e-05,8.62574661536552e-05,0,0,NA,0,"P_Quarry_1_2024_version2","2"
"ERGU",0,0.489921456500851,0.793811608227916,0.0125019128591449,18.2767029055735,24.8406978554198,0.591878437003322,1.15791257348228,0,0.489921456500851,0.791539109090255,0.0443048502819273,1.141791269167,6.91809001752462,0.304497101803858,0.115625,"P_Quarry_1_2024_version2","2"
"ESCA",0,0.509919409807734,0.902853961638766,0.0125005729929091,33.664062856886,30.3965282958489,0.666667139005674,2.00000120932486,0,0.509919409807734,0.896772983048612,0.0137011470257473,0.509968409750385,27.3515797946581,0.367265030594666,1.01176470588235,"P_Quarry_1_2024_version2","2"
"LACA",0,0.515520638583936,0.772310903846101,0.00138925160240282,69.4359849641092,65.6943571371306,0.954060781498459,3.84208742653036,0,0.515520638583936,0.772280731135988,0.00301975778276064,28.9360727890166,35.9667790852762,0.831846049436229,3.3,"P_Quarry_1_2024_version2","2"
"LUSU",0,0.455372680213942,0.808330649690027,0.000103310464041049,50.5764508090828,310.315255664513,0.521957506437398,2.09216842061923,0,0.455372680213942,0.808330129886406,0.000118053349130424,46.9208105452385,278.70080475282,0.613197384725125,2.44871001031992,"P_Quarry_1_2024_version2","2"
"TRFU",0,0.5486363557161,0.859834923075942,1.38895174880082e-05,548.02329967016,974.505083740955,0.497648187868103,2.05672232514388,0,0.5486363557161,0.859834875362373,1.71725553571249e-05,428.447523355964,809.152096137617,0.698405670094296,2.76856617647059,"P_Quarry_1_2024_version2","2"
"TRHI",0,0.531230520494855,0.853402911222576,1.3889517653784e-05,401.381390054714,890.370669891126,0.923089528660173,7.22043409393458,0,0.531230520494855,0.853402882682489,1.58535667405237e-05,363.376476518412,782.979979092542,0.924225313481568,7.10294117647059,"P_Quarry_1_2024_version2","2"
"VIVI",1,0,0,0,0,0,NA,18.630673950965,1,0,0,0,0,0,NA,20.2523929308566,"P_Quarry_1_2024_version2","2"
"DICA",1,0,0,0,0,0,NA,0,1,0,0,0,0,0,NA,0,"P_Quarry_1_2024_version3","3"
"ERGU",1,0,0,0,0,0,NA,0.0992312749778083,1,0,0,0,0,0,NA,0.115625,"P_Quarry_1_2024_version3","3"
"ESCA",1,0,0,0,0,0,NA,1.00731274793851,1,0,0,0,0,0,NA,1.01176470588235,"P_Quarry_1_2024_version3","3"
"LACA",1,0,0,0,0,0,NA,3.29769382493342,1,0,0,0,0,0,NA,3.3,"P_Quarry_1_2024_version3","3"
"LUSU",1,0,0,0,0,0,NA,2.34677393424733,1,0,0,0,0,0,NA,2.44871001031992,"P_Quarry_1_2024_version3","3"
"TRFU",1,0,0,0,0,0,NA,2.56364951674564,1,0,0,0,0,0,NA,2.76856617647059,"P_Quarry_1_2024_version3","3"
"TRHI",1,0,0,0,0,0,NA,6.96759683374001,1,0,0,0,0,0,NA,7.10294117647059,"P_Quarry_1_2024_version3","3"
"VIVI",0,0.49135795703221,0.883695250185258,3.25196828284977e-06,1986.7819179112,1755.70974401208,1,20.7177418674166,0,0.49135795703221,0.883695249393441,3.35638950941638e-06,1934.3539687746,1709.37941285146,1,20.2523929308566,"P_Quarry_1_2024_version3","3"
"ACMO",0,0.475752447883483,0.475752447883483,0.507585270031162,0,0,0.329937076013036,0.462788879749639,1,0.475752447883483,8.58341077183863e-06,4.87971767657153e-05,2.5069985784444e-06,2.08670933253495e-06,1.03122165927455e-05,0.5,"P_Quarry_2_2024_version1","1"
"ACWR",0,0.471391577702664,0.849868665775889,0.0125005751281146,31.0515958828956,30.2326315614423,0.543049062529445,1.08281453175941,0,0.471391577702664,0.848451252876627,0.0487465694611034,2.262021322215,7.65881634288388,0.168547007812838,0.321428571428571,"P_Quarry_2_2024_version1","1"
"CADE",0,0.478246448667835,0.851383254241039,0.0125005604996455,36.430710389399,31.0164967657953,0.999999999994208,2.99999999998101,0,0.478246448667835,0.851382418911846,0.0125046844835018,36.4127279364765,31.0061810703597,0.838126551764204,2.5,"P_Quarry_2_2024_version1","1"
"DICA",0,0.48806276029817,0.740208988300982,0.00312514227118328,50.0786474901981,40.5608807947101,0.456950937307479,0.917185467879444,0,0.48806276029817,0.739228038598731,0.0111502088746639,1.98090692129734,21.788379647238,0.103737929986416,0.201680672268908,"P_Quarry_2_2024_version1","1"
"LACA",0,0.470812331335997,0.787934852379303,0.00138895388715982,16.2017433184381,68.5801864464061,0.502874267449308,2.03777979300444,0,0.470812331335997,0.787931137749022,0.00129887948064085,16.6831885406431,86.4476923741048,0.338329826048506,1.38182773109244,"P_Quarry_2_2024_version1","1"
"LUSU",0,0.542852764107684,0.764453044249505,8.68095685242335e-05,308.485974897072,289.760821897997,0.467372476519083,3.89159387395717,0,0.542852764107684,0.764452873027216,9.62667306029799e-05,239.932581993531,263.616496244983,0.504916427169198,4.25350140056022,"P_Quarry_2_2024_version1","1"
"TRFU",0,0.526406357845481,0.787490289542714,5.63577369219901e-05,500.266474209932,393.95499062421,0.781449476575742,13.1812472262674,0,0.526406357845481,0.787490240230929,5.99216499872874e-05,471.550988505968,414.23823365137,0.844162484138709,13.8891806722689,"P_Quarry_2_2024_version1","1"
"VIVI",0,0.511656308994468,0.828947466528618,2.10837669087053e-06,2594.5463178659,2150.7425969861,0.770260260031209,14.4265902274007,0,0.511656308994468,0.828947466527964,2.10839249922801e-06,2602.31040584772,2159.09999635931,0.852506694999296,15.952380952381,"P_Quarry_2_2024_version1","1"
"ACMO",0,0.475752447883483,0.475752447883483,0.507585270031162,0,0,NA,0,1,0.475752447883483,8.53284052444456e-06,4.85096820428401e-05,0,0,NA,0,"P_Quarry_2_2024_version2","2"
"ACWR",0,0.471391577702664,0.898473459524679,0.0125005859960112,37.6139162322189,33.7951054434332,1,0.99999999998155,0,0.471391577702664,0.898395080541258,0.0250012412656518,18.7512532290511,16.8460336549629,1,0.5,"P_Quarry_2_2024_version2","2"
"CADE",0,0.478246448667835,0.900027677570584,0.0125005764535611,32.7470548624653,34.667323463914,0.550039289101851,1.09468062496298,0,0.478246448667835,0.898939176862708,0.0463196725746807,2.38818368125811,9.2653885993128,0.555621855311914,0.361111111111111,"P_Quarry_2_2024_version2","2"
"DICA",0,0.48806276029817,0.782454253653861,0.0125005596489174,28.8916601171204,22.6064023562748,0.999999999858641,2.99999999953472,0,0.48806276029817,0.782453877972061,0.0125047665873193,28.8770765648052,22.5987737281192,0.835332104477239,2.5,"P_Quarry_2_2024_version2","2"
"LACA",0,0.470812331335997,0.832997604385277,0.00312514301467548,55.1813653013739,51.0777319189969,0.449960710626533,0.905319374477171,0,0.470812331335997,0.832702568712942,0.00582552345854424,5.50232015856308,39.8869910151751,0.134136567357855,0.281045751633987,"P_Quarry_2_2024_version2","2"
"LUSU",0,0.542852764107684,0.808097910623717,0.00138895568767618,17.9363751710817,80.9231279699462,0.794778135940621,2.93174999116747,0,0.542852764107684,0.808093115463695,0.00154124645491389,17.0629700609691,73.7807470923852,0.794332208217447,2.23897058823529,"P_Quarry_2_2024_version2","2"
"TRFU",0,0.526406357845481,0.832490398159425,8.6809653280169e-05,349.87012948574,354.815414966206,0.727610932150603,5.64663213416387,0,0.526406357845481,0.832490281139679,9.54326945406394e-05,314.355058426318,346.948137933033,0.867144751044869,6.53921568627451,"P_Quarry_2_2024_version2","2"
"VIVI",1,0,4.25085715626277e-21,1.74474960899351e-20,4.16161156256033e-40,9.05326903875306e-30,0.705882352941177,12.4216178756703,1,0,0,0,0,0,NA,14.5796568627451,"P_Quarry_2_2024_version2","2"
"ACMO",1,0,0,0,0,0,NA,0,1,0,0,0,0,0,NA,0,"P_Quarry_2_2024_version3","3"
"ACWR",1,0,0,0,0,0,NA,0.462697638429543,1,0,0,0,0,0,NA,0.5,"P_Quarry_2_2024_version3","3"
"CADE",1,0,0,0,0,0,NA,0.190991671192993,1,0,0,0,0,0,NA,0.361111111111111,"P_Quarry_2_2024_version3","3"
"DICA",1,0,0,0,0,0,NA,2.50000000070392,1,0,0,0,0,0,NA,2.5,"P_Quarry_2_2024_version3","3"
"LACA",1,0,0,0,0,0,NA,0.28049305426158,1,0,0,0,0,0,NA,0.281045751633987,"P_Quarry_2_2024_version3","3"
"LUSU",1,0,0,0,0,0,NA,2.17481281622669,1,0,0,0,0,0,NA,2.23897058823529,"P_Quarry_2_2024_version3","3"
"TRFU",1,0,0,0,0,0,NA,6.49858002752628,1,0,0,0,0,0,NA,6.53921568627451,"P_Quarry_2_2024_version3","3"
"VIVI",0,0.511656308994468,0.828947155419584,5.63227868369346e-05,501.872347201638,416.025654596547,1,14.8924247916593,0,0.511656308994468,0.828947129737855,6.02612527395399e-05,479.718509168408,397.661281257274,1,14.5796568627451,"P_Quarry_2_2024_version3","3"
"ACBR",0,0.507224240692903,0.507224240692903,0.53672248063922,0,0,1,1,1,0.507224240692903,4.24158155045343e-05,0.00024376083382793,0.450409497413975,1.91044861438012e-05,1,1,"P_Quarry_2022_version1","1"
"AGHE",0,0.517813325611788,0.785830157831129,0.0125005823289426,30.1039071713186,23.656558123771,1,1,0,0.517813325611788,0.785830158308391,0.012500579094466,30.1039102627377,23.6565605674688,1,1,"P_Quarry_2022_version1","1"
"ASJE",0,0.488563557313086,0.74696310346823,0.0125005840897302,27.2441604032151,20.3503826061718,1,1,0,0.488563557313086,0.746963103927275,0.0125005808750145,27.2441632112452,20.350384716173,1,1,"P_Quarry_2022_version1","1"
"Asteraceae sp.",0,0.487707761040753,0.844305511282711,0.0125006220887111,5.14968265996261,27.950711609663,0.155556163001599,0.151132559408925,0,0.487707761040753,0.843459874816516,0.0168617028747358,1.93732545364293,20.6574550179463,0.0791024975336466,0.0769230769230769,"P_Quarry_2022_version1","1"
"CARU",0,0.50433981192966,0.747284068340783,0.0125005798565682,31.3646791283801,23.4383250301968,0.999999999618675,0.99999999965158,0,0.50433981192966,0.741246996603287,0.11137892625324,0.316198018633255,2.51749013844494,0.093100992955066,0.1,"P_Quarry_2022_version1","1"
"CRHI",0,0.539219101792769,0.760030497465759,0.0125006670126624,23.1931844710953,23.9946725591821,0.647605754432034,1.3390794621235,0,0.539219101792769,0.759719848039216,0.0190441355417613,6.22398315190778,15.7119474753106,0.29644520635915,0.666666666666667,"P_Quarry_2022_version1","1"
"death_camas",0,0.455443831070067,0.753481659061199,0.00312514239673553,43.0029188995176,47.5774332115823,0.681035282689331,0.686809947817861,0,0.455443831070067,0.753449174432428,0.00408411370916171,19.2638626384188,36.3935471820395,0.398816343147207,0.4,"P_Quarry_2022_version1","1"
"DICA",0,0.544468794620814,0.777064686660677,0.0125007769591111,18.1983288858666,25.7441105164954,0.446221293476999,0.844916896829322,0,0.544468794620814,0.776898599625487,0.0186249380347512,7.9396591061934,17.2481026473328,0.289490288797379,0.533333333333333,"P_Quarry_2022_version1","1"
"ERGU",0,0.487031192023787,0.785502468440044,0.012500745644338,27.1492746490143,25.1182512973981,0.382935189600479,1.15698268910666,0,0.487031192023787,0.784181603603808,0.0162767639395021,1.73221797957223,19.2085890648376,0.151018020590191,0.481684981684982,"P_Quarry_2022_version1","1"
"ERLA",0,0.533244343792668,0.82822370263001,0.00138895249178817,101.77997346366,84.2965869978357,0.767051953228388,1.54528483255802,0,0.533244343792668,0.828043775056187,0.00615050104417513,4.68367740709805,19.2026863938433,0.34386720937605,0.7,"P_Quarry_2022_version1","1"
"ESCA",0,0.537686123367253,0.782248223545829,0.00138895352365002,98.3997651188688,76.973041461562,0.732948043674339,1.45471516139668,0,0.537686123367253,0.782248224013786,0.00138895149617805,98.5197269945102,77.1564618041959,0.755652357921376,1.5,"P_Quarry_2022_version1","1"
"EUSP",0,0.490675433418097,0.784376380940516,0.00312530567245236,63.6097254141889,49.8939662130015,0.99962910087961,3.99880228366713,0,0.490675433418097,0.784376382581294,0.00312514161375538,64.324724502355,50.6797664870919,0.723327458023893,3,"P_Quarry_2022_version1","1"
"LACA",0,0.482009457951416,0.790312566843879,0.00312514288036691,0.290356873267693,47.5123157997857,0.000965952245493008,0.00512483196818169,0,0.482009457951416,0.794081467082831,0.00208590072080678,7.03110278311079,94.25062409536,0.125554045810963,0.68225641025641,"P_Quarry_2022_version1","1"
"LUMI",0,0.532959789448865,0.77531318840344,0.00312514239563878,41.0920282247992,47.0627933095598,0.219827452860335,1.31319005202771,0,0.532959789448865,0.775274361183965,0.00347368508536264,20.9281311524908,47.2172428541167,0.172866578014775,1.03809523809524,"P_Quarry_2022_version1","1"
"LUSU",0,0.45518126706834,0.814666259723399,0.000347239516145842,149.850130366543,147.939036663602,0.756365249383555,3.84000620263602,0,0.45518126706834,0.814662501705014,0.000429099150132695,68.3267158821709,120.67340289471,0.534733905009107,2.71153846153846,"P_Quarry_2022_version1","1"
"MIGU",0,0.531555617592091,0.855980653278999,0.00312527576035381,58.8193893818082,63.8867940982153,0.631022170232035,5.67563768851866,0,0.531555617592091,0.855835077704643,0.0043347342452099,9.53792291874993,48.0009620968279,0.456907743719117,4.0967032967033,"P_Quarry_2022_version1","1"
"PLER",0,0.455264870266088,0.85448676021832,0.00138950289120973,8.45642548058776,88.9522609852784,0.830265016963445,7.54120506053726,0,0.455264870266088,0.854497119182154,0.00132933141634256,11.2766023307429,94.8077235063785,0.668807438661517,6.1062980030722,"P_Quarry_2022_version1","1"
"SIBE",0,0.536674562136957,0.803988303519021,7.39678558813645e-05,411.17522558191,330.580072076889,0.375111066011934,3.00092605314368,0,0.536674562136957,0.803988298751662,7.396780709992e-05,411.644476876271,345.775733576204,0.456210163524005,3.68095238095238,"P_Quarry_2022_version1","1"
"TRFU",0,0.489365835832137,0.76675157915608,0.000255113840341335,3.69159273824984,156.604703045626,0.291999656685637,2.0450014382372,0,0.489365835832137,0.766815371134796,0.000217007933929328,16.2682934458069,199.263315830926,0.356472849190025,2.47819047619048,"P_Quarry_2022_version1","1"
"VIVI",0,0.471602830719949,0.895624346397371,1.71505497264406e-05,941.681121547526,917.014225196884,0.636050473901573,16.4105842858094,0,0.471602830719949,0.895624338125629,1.78680233684195e-05,886.477666866469,928.082233829369,0.804499905116793,20.4652900862578,"P_Quarry_2022_version1","1"
"yerba_santa",0,0.52877591018508,0.736294480865439,9.33184617196932e-08,11203.8303482295,8442.69104670722,0.49945143181723,9.99060055455853,0,0.52877591018508,0.736294481288262,9.37545041481253e-08,11156.428395146,8476.60061161636,0.658982074920825,13.2820675883257,"P_Quarry_2022_version1","1"
"ACBR",0,0.507224240692903,0.507224240692903,0.53672248063922,0,0,NA,0,1,0.507224240692903,4.2313202554715e-05,0.000243171124134693,0,0,NA,0,"P_Quarry_2022_version2","2"
"AGHE",0,0.517813325611788,0.835139818019032,0.0125005770695255,31.9988008238244,26.723472696836,1,1,0,0.517813325611788,0.835139818022513,0.012500576446823,31.9988018765583,26.7234735761273,1,1,"P_Quarry_2022_version2","2"
"ASJE",0,0.488563557313086,0.793828900632174,0.0125005796602057,28.9595765210143,22.9889487924501,1,1,0,0.488563557313086,0.793828900636851,0.012500579034229,28.9595774791983,22.9889495532197,1,1,"P_Quarry_2022_version2","2"
"Asteraceae sp.",0,0.487707761040753,0.897730705738066,0.01250057989064,35.2064253794496,31.6058891024078,1,1,0,0.487707761040753,0.897730705741922,0.012500579262163,35.206426543559,31.6058901476004,1,1,"P_Quarry_2022_version2","2"
"CARU",0,0.50433981192966,0.793655838461902,0.0125006057324922,3.58758095484565,26.4427039332212,0.107678268378249,0.121183899803493,0,0.50433981192966,0.793371875586982,0.0141969262650226,2.39091475564145,23.2562916923542,0.0815643589762624,0.0769230769230769,"P_Quarry_2022_version2","2"
"CRHI",0,0.539219101792769,0.807732667672116,0.0125005825486992,33.5584907472808,27.1062892603193,0.999999999779826,0.999999999817048,0,0.539219101792769,0.803383515011403,0.0804792386353546,0.651569375096228,4.09901677754921,0.127703818560988,0.142857142857143,"P_Quarry_2022_version2","2"
"death_camas",0,0.455443831070067,0.800673010300194,0.0125006644332927,25.3795188229809,26.7998095040627,0.667249590959888,1.3429506783389,0,0.455443831070067,0.800454897527174,0.0189029855731847,7.24219745025828,17.684704686102,0.410433824389567,0.666666666666667,"P_Quarry_2022_version2","2"
"DICA",0,0.544468794620814,0.825918456299357,0.00312514188328055,50.7695881179992,58.2906035085512,0.719353331780495,0.717692761515491,0,0.544468794620814,0.82588556896462,0.00422065685389735,21.3656918612056,43.1473556648224,0.408961715201954,0.4,"P_Quarry_2022_version2","2"
"ERGU",0,0.487031192023787,0.83472745729297,0.0125007786976011,17.5315920116906,28.3700436888897,0.427602682206389,0.855859264457355,0,0.487031192023787,0.834533003778688,0.0187281921948385,7.61740085602955,18.9008845354052,0.266625832925919,0.533333333333333,"P_Quarry_2022_version2","2"
"ERLA",0,0.533244343792668,0.880094455521495,0.0125007525183875,30.2266392513938,31.6571444848524,0.391209373487389,1.18394067238882,0,0.533244343792668,0.879155370221681,0.0153128603037136,2.53697042279106,25.7735374244743,0.226133436526299,0.501165501165501,"P_Quarry_2022_version2","2"
"ESCA",0,0.537686123367253,0.831315969477943,0.00138895334705908,104.574056610552,86.9340832611061,0.773997874612724,1.5385962403592,0,0.537686123367253,0.831210556372446,0.00481978694139014,8.49739078135122,25.2219663400747,0.393845558146235,0.772727272727273,"P_Quarry_2022_version2","2"
"EUSP",0,0.490675433418097,0.833593381801231,0.00138895318777697,101.456838949227,84.5737494865492,0.726002125343199,1.46140375955371,0,0.490675433418097,0.833593381812377,0.00138895149046751,101.571933826627,84.7692038303745,0.745281006932245,1.5,"P_Quarry_2022_version2","2"
"LACA",0,0.482009457951416,0.844194351405851,0.00312530726046995,64.2162789922897,54.2110199935931,1,3.99886457649047,0,0.482009457951416,0.844194352358042,0.00312514152270261,65.2436022644558,55.0782805591479,1,3,"P_Quarry_2022_version2","2"
"LUMI",0,0.532959789448865,0.819252615773472,0.00312514190292506,0.338219289204034,52.5506095294902,0.00105455491860814,0.00523636574530802,0,0.532959789448865,0.823651663026721,0.00203193921723043,8.65641096039494,108.69231214489,0.17459267977131,0.706600283774197,"P_Quarry_2022_version2","2"
"LUSU",0,0.45518126706834,0.865741439873103,0.00312514190501179,44.3154358824042,55.6549250258604,0.213441111379584,1.28230723849689,0,0.45518126706834,0.865714239002277,0.00334209434925034,23.0840832107365,58.8439584059692,0.196721978634981,1.12467532467532,"P_Quarry_2022_version2","2"
"MIGU",0,0.531555617592091,0.909696941983613,0.00034723904369893,209.415568858303,216.596808904017,0.973634412853113,4.02496385723303,0,0.531555617592091,0.909694577732784,0.000470065144529247,99.5445106962744,161.111678652439,0.849009416741054,2.87820512820513,"P_Quarry_2022_version2","2"
"PLER",0,0.455264870266088,0.908185179306066,0.00312527567020173,57.9526119601328,66.9659943853903,0.627642920165505,5.62764151169579,0,0.455264870266088,0.908094127153848,0.00369470725184706,12.7020493899372,59.4888652539056,0.506207047651507,4.17852147852148,"P_Quarry_2022_version2","2"
"SIBE",0,0.536674562136957,0.854411240540933,0.00138967755133042,100.770985455349,86.099862693437,1,8.77222874404465,0,0.536674562136957,0.854400314509048,0.00313291856280337,69.1689497775345,59.097972444186,0.97289363462155,6.1062980030722,"P_Quarry_2022_version2","2"
"TRFU",0,0.489365835832137,0.814949349999259,7.39678408415318e-05,403.174847060627,328.567079548107,0.537114476151711,3.36921345648358,0,0.489365835832137,0.814949344346886,7.39678011105049e-05,405.549043144576,348.461961613891,0.638873824328638,3.88030303030303,"P_Quarry_2022_version2","2"
"VIVI",1,0,0,0,0,0,NA,14.9791907267239,1,0,0,0,0,0,NA,20.4652900862578,"P_Quarry_2022_version2","2"
"yerba_santa",0,0.52877591018508,0.782478937128711,9.33184310754685e-08,12121.4508286188,9535.05607507496,0.535492106775776,10.7187262468576,0,0.52877591018508,0.782478937127521,9.34967711825245e-08,12126.7302362914,9577.66802567164,0.717487913171782,14.0664336715178,"P_Quarry_2022_version2","2"
"ACBR",1,0,0,0,0,0,NA,0,1,0,0,0,0,0,NA,0,"P_Quarry_2022_version3","3"
"AGHE",1,0,0,0,0,0,NA,1,1,0,0,0,0,0,NA,1,"P_Quarry_2022_version3","3"
"ASJE",1,0,0,0,0,0,NA,1,1,0,0,0,0,0,NA,1,"P_Quarry_2022_version3","3"
"Asteraceae sp.",1,0,0,0,0,0,NA,1,1,0,0,0,0,0,NA,1,"P_Quarry_2022_version3","3"
"CARU",1,0,0,0,0,0,NA,0.0744713586777998,1,0,0,0,0,0,NA,0.0769230769230769,"P_Quarry_2022_version3","3"
"CRHI",1,0,0,0,0,0,NA,0.142857142857143,1,0,0,0,0,0,NA,0.142857142857143,"P_Quarry_2022_version3","3"
"death_camas",1,0,0,0,0,0,NA,0.661237417454719,1,0,0,0,0,0,NA,0.666666666666667,"P_Quarry_2022_version3","3"
"DICA",1,0,0,0,0,0,NA,0.4,1,0,0,0,0,0,NA,0.4,"P_Quarry_2022_version3","3"
"ERGU",1,0,0,0,0,0,NA,0.533333333333333,1,0,0,0,0,0,NA,0.533333333333333,"P_Quarry_2022_version3","3"
"ERLA",1,0,0,0,0,0,NA,0.493284533708277,1,0,0,0,0,0,NA,0.501165501165501,"P_Quarry_2022_version3","3"
"ESCA",1,0,0,0,0,0,NA,0.772727272727273,1,0,0,0,0,0,NA,0.772727272727273,"P_Quarry_2022_version3","3"
"EUSP",1,0,0,0,0,0,NA,1.5,1,0,0,0,0,0,NA,1.5,"P_Quarry_2022_version3","3"
"LACA",1,0,0,0,0,0,NA,2.97576575475854,1,0,0,0,0,0,NA,3,"P_Quarry_2022_version3","3"
"LUMI",1,0,0,0,0,0,NA,0.698719316316972,1,0,0,0,0,0,NA,0.706600283774197,"P_Quarry_2022_version3","3"
"LUSU",1,0,0,0,0,0,NA,1.12467532467532,1,0,0,0,0,0,NA,1.12467532467532,"P_Quarry_2022_version3","3"
"MIGU",1,0,0,0,0,0,NA,2.77865413428361,1,0,0,0,0,0,NA,2.87820512820513,"P_Quarry_2022_version3","3"
"PLER",1,0,0,0,0,0,NA,4.12419964343841,1,0,0,0,0,0,NA,4.17852147852148,"P_Quarry_2022_version3","3"
"SIBE",1,0,0,0,0,0,NA,5.78731165033584,1,0,0,0,0,0,NA,6.1062980030722,"P_Quarry_2022_version3","3"
"TRFU",1,0,0,0,0,0,NA,3.76422332945896,1,0,0,0,0,0,NA,3.88030303030303,"P_Quarry_2022_version3","3"
"VIVI",0,0.471602830719949,0.895624354598912,1.7149674620036e-05,1023.93319288038,917.059505025891,1,21.1397934301841,0,0.471602830719949,0.89562434066191,1.96949982359176e-05,900.183830585134,806.226549742323,1,20.4652900862578,"P_Quarry_2022_version3","3"
"yerba_santa",1,0,0,0,0,0,NA,14.0287463577897,1,0,0,0,0,0,NA,14.0664336715178,"P_Quarry_2022_version3","3"
"CADE",0,0.457033520847109,0.457033520847109,0.534157604344263,5.02190796367327e-26,6.2495205174013e-13,3.67257019417247e-14,7.27603913441226e-14,0,0.457033520847109,0.866722402971859,0.0970299179730322,0.409213162948665,3.65586578612461,0.0970151085044489,0.1,"P_Quarry_3_2024_version1","1"
"CARU",0,0.462384877359674,0.838141096017314,0.012500584206376,30.4625345287224,25.5319020773765,0.999999999999692,0.999999999999686,0,0.462384877359674,0.837510694772711,0.0374361951642912,3.3903228247608,8.45998309205887,0.335630886441663,0.333333333333333,"P_Quarry_3_2024_version1","1"
"DICA",0,0.502633784037378,0.839796061553704,0.000781285427120252,147.421247448409,123.803782996508,0.377671809891332,1.51176769432591,0,0.502633784037378,0.83979606155575,0.000781285193849578,147.43969237415,123.926609798806,0.325427550519516,1.29757575757576,"P_Quarry_3_2024_version1","1"
"LUSU",0,0.46600831622072,0.783226060274102,0.00312530844831949,62.9456240806156,49.4453623938834,0.833261450641001,4.99949912810589,0,0.46600831622072,0.783128414361508,0.00288399904785231,11.8134550126377,54.5906269364551,0.631970375917189,3.76451612903226,"P_Quarry_3_2024_version1","1"
"TRFU",0,0.501770721632881,0.769561525145018,1.48639307136351e-05,803.491367907346,618.480086429066,0.606463629458791,6.61836621943688,0,0.501770721632881,0.769561516341243,1.49492080573175e-05,763.519767794604,634.563386762565,0.720427470083749,7.84437275985663,"P_Quarry_3_2024_version1","1"
"VIVI",0,0.460518483822475,0.814341143956858,8.21865527500002e-06,1360.80618671363,1108.16046679195,0.678357240964788,8.87036695813364,0,0.460518483822475,0.814341143947096,8.21864742981449e-06,1376.0493559947,1126.64343885942,0.734547644350112,9.66020202020202,"P_Quarry_3_2024_version1","1"
"CADE",0,0.457033520847109,0.457033520847109,0.534157604344263,0,0,NA,0,1,0.457033520847109,1.19999057259518e-05,6.11570146842366e-05,0,0,NA,0,"P_Quarry_3_2024_version2","2"
"CARU",0,0.462384877359674,0.880699780956048,0.0125008577252896,24.4140633076641,28.1942341022129,0.762619056412649,0.775319012969174,0,0.462384877359674,0.87891041418525,0.100023702927092,1.24029262251396,3.43668696502247,0.317196798445543,0.1,"P_Quarry_3_2024_version2","2"
"DICA",0,0.502633784037378,0.882380802118714,0.0125005770223384,38.6357017494946,34.0914015001385,1,1,0,0.502633784037378,0.882380802125451,0.0125005759595023,38.6357032265906,34.0914028037599,1,1,"P_Quarry_3_2024_version2","2"
"LUSU",0,0.46600831622072,0.823023737236661,0.000781286301878432,132.768343179696,109.271497990473,1,3.10035532568065,0,0.46600831622072,0.823023737244265,0.000781285091458848,133.422053150093,109.809516814392,1,2.31111111111111,"P_Quarry_3_2024_version2","2"
"TRFU",0,0.501770721632881,0.80862467239976,0.0031252975184494,51.1139984463708,47.053053365322,0.872896823931225,5.22468098706589,0,0.501770721632881,0.808626851503376,0.0031248661167642,57.2185432353224,48.2743183005613,0.947133866925743,4.26451612903226,"P_Quarry_3_2024_version2","2"
"VIVI",1,0,1.17985627863555e-19,4.95388254700816e-19,1.57062193171989e-39,-3.93286167053975e-29,0.636363636363636,7.89964467428424,1,0,0,0,0,0,NA,10.3243727598566,"P_Quarry_3_2024_version2","2"
"CADE",1,0,0,0,0,0,NA,0,1,0,0,0,0,0,NA,0,"P_Quarry_3_2024_version3","3"
"CARU",1,0,0,0,0,0,NA,0.0172099569426876,1,0,0,0,0,0,NA,0.1,"P_Quarry_3_2024_version3","3"
"DICA",1,0,0,0,0,0,NA,1,1,0,0,0,0,0,NA,1,"P_Quarry_3_2024_version3","3"
"LUSU",1,0,0,0,0,0,NA,2.12141739464513,1,0,0,0,0,0,NA,2.31111111111111,"P_Quarry_3_2024_version3","3"
"TRFU",1,0,0,0,0,0,NA,4.03446695029706,1,0,0,0,0,0,NA,4.26451612903226,"P_Quarry_3_2024_version3","3"
"VIVI",0,0.460518483822475,0.814341100114774,1.48639390935189e-05,1011.88009620638,824.015550728943,1,10.8269056980447,0,0.460518483822475,0.814341093502285,1.58659344180919e-05,951.26437522815,774.65367153306,1,10.3243727598566,"P_Quarry_3_2024_version3","3"
"AGHE",0,0.500227472861403,0.500227472861403,0.488296851487037,8.39100927390858e-30,9.00077121089955e-14,4.66339301987923e-17,7.48160665726885e-17,0,0.500227472861403,0.672391208739762,0.00919248916534547,0.3827345119666,22.3845374156043,0.011496655765075,0.0136986301369863,"P_Quarry_4_2024_version1","1"
"DICA",0,0.523136381606169,0.724819126020039,0.0125005819085431,28.0143148473692,20.3053112037203,1,1,0,0.523136381606169,0.725100867273525,0.0125005747447825,28.0252563498138,20.3211376848128,1,1,"P_Quarry_4_2024_version1","1"
"ERCI",0,0.453165654886125,0.735279565754862,0.0125005809456515,28.080697893641,20.6471634166647,0.999999996932517,0.999999996682032,0,0.453165654886125,0.728495759921736,0.105941001647907,0.335157930546054,2.32177757815298,0.105161292625273,0.1,"P_Quarry_4_2024_version1","1"
"ESCA",0,0.455161671110038,0.694313270679996,0.0125005826272905,27.7304475863116,19.2536177610722,1,1,0,0.455161671110038,0.694583170644364,0.0125005754632394,27.7412798776345,19.2686261351401,1,1,"P_Quarry_4_2024_version1","1"
"MEPO",0,0.502206346416942,0.732867992090748,0.0125005709452485,31.1260525844245,22.8112876592582,1,2,0,0.502206346416942,0.733152861051702,0.0125005637689621,31.1382072767654,22.8290657529815,1,2,"P_Quarry_4_2024_version1","1"
"TRFU",0,0.482064229544282,0.804065192636012,0.00312520733784725,68.5705903362918,55.1352249279156,1,2,0,0.482064229544282,0.804377690395933,0.0031251405612869,69.1195545529067,55.5982276524628,1,2,"P_Quarry_4_2024_version1","1"
"TRHI",0,0.45350595074869,0.775052654709624,0.000500022706544721,11.6658487342781,125.562184051011,0.188326046680019,0.345870180353134,0,0.45350595074869,0.775355729642287,0.000486846907273926,12.2502434518496,129.166682662132,0.173924267165742,0.318493150684932,"P_Quarry_4_2024_version1","1"
"URLI",0,0.474514233239235,0.703293983988774,5.5558134216677e-05,407.556459502644,286.632006169279,0.786872909662433,6.33516322495522,0,0.474514233239235,0.703567298689651,5.5557360029224e-05,414.90888921061,297.058347549475,0.836282420701183,6.75,"P_Quarry_4_2024_version1","1"
"VIVI",0,0.460718051814809,0.789294982936982,2.78471093101229e-06,2081.49021345295,1770.39469267927,0.732836463240798,7.31896659800402,0,0.460718051814809,0.789601722054776,2.80118420669109e-06,2045.16745316502,1768.49285311431,0.78452341516687,7.81780821917808,"P_Quarry_4_2024_version1","1"
"AGHE",0,0.500227472861403,0.500227472861403,0.488296851487037,0,0,NA,0,1,0.500227472861403,1.19002976413988e-05,6.1253636178627e-05,0,0,NA,0,"P_Quarry_4_2024_version2","2"
"DICA",1,0.523136381606169,4.71646221874371e-05,0.000252667642273882,0,0,NA,0,1,0.523136381606169,0,0,0,0,NA,0,"P_Quarry_4_2024_version2","2"
"ERCI",1,0,0,0,0,0,NA,0,1,0,0,0,0,0,NA,0,"P_Quarry_4_2024_version2","2"
"ESCA",0,0.455161671110038,0.795107757257145,0.012500580466425,5.52833990350367,25.2604400619816,0.174012247262693,0.169527911492776,0,0.455161671110038,0.789385720376307,0.149716417796197,0.433168444336535,2.01050002815811,0.170075592980788,0.0136986301369863,"P_Quarry_4_2024_version2","2"
"MEPO",1,0,0,0,0,0,NA,1,1,0,0,0,0,0,NA,1,"P_Quarry_4_2024_version2","2"
"TRFU",0,0.482064229544282,0.92118300199484,0.0125005688759054,39.2077061290905,36.1174724333271,1,2,0,0.482064229544282,0.921183001655038,0.0125006419894066,39.207700924026,36.1174676251873,1,2,"P_Quarry_4_2024_version2","2"
"TRHI",0,0.45350595074869,0.888021174385797,0.00312520057607779,74.2071508884016,65.8975212797425,1,2,0,0.45350595074869,0.888021174701561,0.00312514833051812,74.7187839674485,66.3518623110458,1,2,"P_Quarry_4_2024_version2","2"
"URLI",0,0.474514233239235,0.805773853502968,0.0005000231704277,128.550082140544,125.404153646637,0.912993876368654,1.83047208850806,0,0.474514233239235,0.805736470383594,0.00610287677901071,11.1125689242987,10.6989001290652,0.914962203509606,1.06849315068493,"P_Quarry_4_2024_version2","2"
"VIVI",1,0,0,0,0,0,NA,8.99999999999971,1,0,0,0,0,0,NA,9.91780821917808,"P_Quarry_4_2024_version2","2"
"AGHE",1,0,0,0,0,0,NA,0,1,0,0,0,0,0,NA,0,"P_Quarry_4_2024_version3","3"
"DICA",1,0,0,0,0,0,NA,0,1,0,0,0,0,0,NA,0,"P_Quarry_4_2024_version3","3"
"ERCI",1,0.453165654886125,0,0,0,0,NA,0,0,0.453165654886125,0.453165654886125,0.509716850779819,0,0,NA,0,"P_Quarry_4_2024_version3","3"
"ESCA",1,0,0,0,0,0,NA,-1.67656061468806e-14,1,0,0,0,0,0,NA,0.0136986301369863,"P_Quarry_4_2024_version3","3"
"MEPO",0,0.502206346416942,0.763743802710018,0.01249998445983,32.4409637551431,24.7765850219308,1,1,0,0.502206346416942,0.763745970473821,0.0124986913404116,32.4415844519385,24.7771294009542,1,1,"P_Quarry_4_2024_version3","3"
"TRFU",1,0,0,0,0,0,NA,2,1,0,0,0,0,0,NA,2,"P_Quarry_4_2024_version3","3"
"TRHI",1,0,0,0,0,0,NA,2,1,0,0,0,0,0,NA,2,"P_Quarry_4_2024_version3","3"
"URLI",1,0,0,0,0,0,NA,0.999999999999916,1,0,0,0,0,0,NA,1.06849315068493,"P_Quarry_4_2024_version3","3"
"VIVI",0,0.460718051814809,0.822539289887285,2.78455903372849e-06,2337.44463233641,1922.64004803284,1,10,0,0.460718051814809,0.82254161653055,3.0336284337131e-06,2149.93497995016,1768.41099384378,1,9.91780821917808,"P_Quarry_4_2024_version3","3"
"AGHE",0,0.514534582693379,0.514534582693379,0.453118743888623,0,0,0.00387387844985224,0.00681127791213715,1,0.514534582693379,2.52706216978761e-05,0.000146368012294099,2.18313076275759e-08,5.14611883179449e-07,1.07205203427852e-06,0.037037037037037,"P_Quarry_5_2024_version1","1"
"CARU",1,0.482731327616019,6.81470388226965e-05,0.000302976710135244,9.09418626763757e-16,2.08237727180416e-08,2.97612672320703e-12,4.29700470732063e-08,0,0.482731327616019,0.799219487633443,0.0104416653844628,0.134912578483211,27.4470862506418,0.0039284593222764,0.00480769230769231,"P_Quarry_5_2024_version1","1"
"DICA",0,0.465423242429003,0.846599269538143,0.0125005910730064,34.392886895112,29.312964050646,0.500108961408734,1.00021381097815,0,0.465423242429003,0.843926813395287,0.0130741869275095,1.01539952302637,27.8461426532426,0.071731904147067,0.141414141414141,"P_Quarry_5_2024_version1","1"
"LACA",0,0.4684355042495,0.76188289177841,0.00138880268893376,88.5845153319012,67.495179281118,0.999938476002219,0.999939782962435,0,0.4684355042495,0.760322328214123,0.0135957211037215,0.560106832112308,6.84357589399285,0.0622279546887293,0.0652173913043478,"P_Quarry_5_2024_version1","1"
"LUSU",0,0.495519921344481,0.729138117272408,0.00312523060015435,57.949629803144,42.2532839712974,0.999390984046356,3.99814325264966,0,0.495519921344481,0.729138118008976,0.00312514026818047,58.4897875084155,42.7313114260596,0.8189553213632,3.33333333333333,"P_Quarry_5_2024_version1","1"
"MIDO",0,0.503318036698419,0.847177673878646,1.22075895170153e-05,1082.40882851243,917.192470696576,0.383916718245183,3.0893665182053,0,0.503318036698419,0.847177669017007,1.21900819566686e-05,1028.85597435317,1050.97643219116,0.50027018240427,4.02840437127522,"P_Quarry_5_2024_version1","1"
"TRFU",0,0.466242790322864,0.877640093248097,1.02046751014682e-05,1235.89608983523,1084.6766414027,0.64386334502282,12.9918077461844,0,0.466242790322864,0.877640086950911,1.04958967383258e-05,1143.51337513669,1182.63094413419,0.661190813041742,13.359275705823,"P_Quarry_5_2024_version1","1"
"TRLA",0,0.542576956372977,0.845267948331874,1.95321104774062e-06,939.676734911974,2203.2600353064,0.551456786683573,9.89369097960426,0,0.542576956372977,0.845267952227239,1.85243135218523e-06,1051.77708693568,2363.69410649766,0.571659531994938,10.2462822178295,"P_Quarry_5_2024_version1","1"
"VIVI",0,0.490905760620211,0.89066511062052,8.97770089417977e-07,2880.73503605348,4012.16003612161,0.720170618086661,15.020026588529,0,0.490905760620211,0.890665108797867,9.97567700804207e-07,2345.54367913514,3636.99083021762,0.761843244010102,15.7842281096757,"P_Quarry_5_2024_version1","1"
"AGHE",0,0.514534582693379,0.514534582693379,0.453118743888623,0,0,NA,0,1,0.514534582693379,2.52346745471326e-05,0.00014615980558326,0,0,NA,0,"P_Quarry_5_2024_version2","2"
"CARU",0,0.482731327616019,0.86544449277287,0.0125005860782526,31.0530819640069,26.8747187693747,0.999999999999983,0.999999999999752,0,0.482731327616019,0.859732489868165,0.3375998490001,0.476939459909178,0.896557790255671,0.457349602937658,0.037037037037037,"P_Quarry_5_2024_version2","2"
"DICA",0,0.465423242429003,0.886106941178944,0.0125005707739112,0.438196141880361,32.1169881879969,0.0120898211452821,0.0130195193011315,0,0.465423242429003,0.872020551247886,0.0331660938536797,0.136936170576268,11.6665722608792,0.0102353246764781,0.00480769230769231,"P_Quarry_5_2024_version2","2"
"LACA",0,0.4684355042495,0.803045051514207,0.012500580696838,30.8566292749113,24.921239089985,0.50007652397893,1.00015491566085,0,0.4684355042495,0.80097412694044,0.0110103018748514,1.05024687925802,28.1592823251959,0.0697699325760747,0.141414141414141,"P_Quarry_5_2024_version2","2"
"LUSU",0,0.495519921344481,0.768615332165637,0.00138880291830291,91.6817394295186,70.4729598157337,0.99992948769849,0.99994041898815,0,0.495519921344481,0.767202765571118,0.0136066890175606,0.623091804577343,7.1444389485005,0.0669104682848145,0.0652173913043478,"P_Quarry_5_2024_version2","2"
"MIDO",0,0.503318036698419,0.89302970359097,1.22075799126845e-05,1141.06744231164,1019.16310062198,0.402123118016029,3.09840645329457,0,0.503318036698419,0.893029699889294,1.22530642709636e-05,1096.87343836061,1076.35819896915,0.526195712968949,4.02840437127522,"P_Quarry_5_2024_version2","2"
"TRFU",0,0.466242790322864,0.925140846140554,1.0204663623189e-05,1302.78856855502,1205.26797252964,0.725614191286764,13.0305415694992,0,0.466242790322864,0.9251408411572,1.04958534930829e-05,1227.33978986315,1238.74489543336,0.750564940059603,13.359275705823,"P_Quarry_5_2024_version2","2"
"TRLA",0,0.542576956372977,0.891016634862859,1.95321324660972e-06,2714.4368824169,2448.20679884342,0.681031048518605,10.5471992612382,0,0.542576956372977,0.891016611106717,5.00927440272887e-06,967.352418325604,1000.37193596072,0.728061124111403,10.2462822178295,"P_Quarry_5_2024_version2","2"
"VIVI",1,0,0,0,0,0,NA,14.3107378620174,1,0,0,0,0,0,NA,16.117561443009,"P_Quarry_5_2024_version2","2"
"AGHE",1,0,0,0,0,0,NA,0,1,0,0,0,0,0,NA,0,"P_Quarry_5_2024_version3","3"
"CARU",1,0,0,0,0,0,NA,0.00695495632908895,1,0,0,0,0,0,NA,0.037037037037037,"P_Quarry_5_2024_version3","3"
"DICA",1,0,0,0,0,0,NA,-3.0317951726188e-18,1,0,0,0,0,0,NA,0.00480769230769231,"P_Quarry_5_2024_version3","3"
"LACA",1,0,0,0,0,0,NA,0.141414141414141,1,0,0,0,0,0,NA,0.141414141414141,"P_Quarry_5_2024_version3","3"
"LUSU",1,0,0,0,0,0,NA,0.0630835998264396,1,0,0,0,0,0,NA,0.0652173913043478,"P_Quarry_5_2024_version3","3"
"MIDO",1,0,0,0,0,0,NA,3.99204605177447,1,0,0,0,0,0,NA,4.02840437127522,"P_Quarry_5_2024_version3","3"
"TRFU",1,0,0,0,0,0,NA,13.2887755206225,1,0,0,0,0,0,NA,13.359275705823,"P_Quarry_5_2024_version3","3"
"TRLA",1,0,0,0,0,0,NA,9.78520828332059,1,0,0,0,0,0,NA,10.2462822178295,"P_Quarry_5_2024_version3","3"
"VIVI",0,0.490905760620211,0.890665113431718,8.97771089161011e-07,4504.67354554964,4012.15557441983,1,16.722517446712,0,0.490905760620211,0.890665109838233,1.54881395333011e-06,2563.42164473981,2283.15022077389,1,16.117561443009,"P_Quarry_5_2024_version3","3"
"ASFA",0,0.536667991190529,0.536667991190529,0.460014036907821,0,0,0.26849255375837,0.332819155953092,1,0.536667991190529,6.38842114563834e-05,0.000346847237730934,7.87915108027844e-06,1.14959747842838e-05,4.37851824794742e-05,0.333333333333333,"P_Quarry_Close_2022_version1","1"
"CAPA",0,0.478927939212382,0.875944511985101,0.0121149822288463,1.05503567633413,32.3481643273606,0.0285689382952624,0.0265661676145584,1,0.478927939212382,0,0,0,0,NA,0.00257731958762887,"P_Quarry_Close_2022_version1","1"
"CESO",0,0.541874342501105,0.904919971869135,0.0125005787910541,37.5359225014621,33.9670059340156,1.00000000000264,1.0000000000028,0,0.541874342501105,0.902552766158443,0.0744228166787461,1.09254854333088,5.60695720348672,0.175867707592357,0.166666666666667,"P_Quarry_Close_2022_version1","1"
"ERLU",0,0.482074416071211,0.780337168794104,0.0125005695235136,30.1448035504278,23.5231106563953,1,2,0,0.482074416071211,0.780445757087192,0.0125005685328502,30.1490160266369,23.5296716383425,1,2,"P_Quarry_Close_2022_version1","1"
"ERNU",0,0.524710908846329,0.734749089380161,0.0125000598492606,27.1549679242895,20.0268654305251,0.333364736728982,1.00010765060097,0,0.524710908846329,0.695526317420608,0.0265369677620442,0.0621832946924467,8.41396804748544,0.0237163030538976,0.0825528995632088,"P_Quarry_Close_2022_version1","1"
"ESCA",0,0.51624498025805,0.839639403404254,0.00138895149467082,101.038367355531,84.8357944873111,0.50000000000016,1.00000000000036,0,0.51624498025805,0.839405329718604,0.00805268593498096,2.88095163156909,17.3620124684102,0.0924988503003585,0.169243986254296,"P_Quarry_Close_2022_version1","1"
"GRCA",0,0.529383197044667,0.773271578255161,0.00312497530622192,62.5439181266139,48.4248457157575,0.598161772459757,2.99169335780435,0,0.529383197044667,0.771580053061917,0.0121597038826975,0.762662688890885,15.2821408221888,0.125047546693121,0.668463552484171,"P_Quarry_Close_2022_version1","1"
"HEAR",0,0.543392729709573,0.834474459936475,0.00138934814433359,104.012217511376,86.7955390349123,0.749999999999095,2.99999999999647,0,0.543392729709573,0.834581346331467,0.00312545122755245,67.5101301404443,60.494820685979,0.540095756563054,2.16666666666667,"P_Quarry_Close_2022_version1","1"
"HECO",0,0.501608228800636,0.735603537415376,0.000121137369798279,65.5935359980755,231.781609781926,0.205383799663681,0.648419392939314,0,0.501608228800636,0.735456310849057,0.000772854698048689,1.25807581673574,36.4317161783772,0.160248226074469,0.501963672066765,"P_Quarry_Close_2022_version1","1"
"HEEX",0,0.529501452287427,0.862174287310107,0.000149552299478104,87.3582898652854,293.119067557829,0.220985875558128,0.62649179461428,0,0.529501452287427,0.86199871628194,0.00114376982153767,1.12234594774796,38.3498283610874,0.0946676589373118,0.266582119674903,"P_Quarry_Close_2022_version1","1"
"LERA",0,0.530908594783819,0.811212803473961,6.37784150605231e-05,450.512414101485,365.461438443184,0.445725252241758,6.68874456541407,0,0.530908594783819,0.811325449401547,7.28861074694848e-05,314.725150915425,366.347727455722,0.504621653383841,7.54929886837103,"P_Quarry_Close_2022_version1","1"
"PEKE",0,0.480752531639651,0.77670045551324,1.71475475183678e-05,878.336336165625,682.260008981903,0.358098692288087,3.22132000413325,0,0.480752531639651,0.776806689422245,6.31629365035398e-05,57.6956317968675,234.50594450056,0.357352563772477,3.2085824637371,"P_Quarry_Close_2022_version1","1"
"TRLA",0,0.50779926760951,0.745929216759376,1.81441593008095e-07,4344.54175912938,5435.70655966339,0.368153798344503,5.18011409015624,0,0.50779926760951,0.746032995072456,1.80497988979198e-07,4365.16329785555,5728.60306281824,0.481140272435391,6.52866740037403,"P_Quarry_Close_2022_version1","1"
"ZETR",0,0.482290713038431,0.80909048225762,4.38295871195732e-07,2203.36211954036,4271.50825985428,0.586969885416778,19.2837238207612,0,0.482290713038431,0.80920304821295,4.33209833907918e-07,2477.62334884295,4663.08499066844,0.712003387694067,23.3554010512202,"P_Quarry_Close_2022_version1","1"
"ASFA",0,0.536667991190529,0.536667991190529,0.460014036907821,0,0,NA,0,1,0.536667991190529,6.37850306061704e-05,0.000346308754072019,0,0,NA,0,"P_Quarry_Close_2022_version2","2"
"CAPA",0,0.478927939212382,0.925193390021006,0.0125005802216488,37.8050989812736,34.9770276865642,1,1,0,0.478927939212382,0.925193390028773,0.012500578862593,37.8051019661475,34.9770304484435,1,1,"P_Quarry_Close_2022_version2","2"
"CESO",1,0,0,0,0,0,NA,5.62803456147808e-18,1,0,0,0,0,0,NA,0.00483091787439614,"P_Quarry_Close_2022_version2","2"
"ERLU",0,0.482074416071211,0.82185373190319,0.0125005877544438,31.7543956641781,26.0974685809407,0.999999999999793,0.999999999999793,0,0.482074416071211,0.819293205271018,0.0744789239527233,0.86255426709101,4.27818111131508,0.16518348144171,0.166666666666667,"P_Quarry_Close_2022_version2","2"
"ERNU",0,0.524710908846329,0.773843885202392,0.0125005684037481,28.7112745899572,22.2180442778052,1,2,0,0.524710908846329,0.773843885210429,0.0125005671850901,28.7112768020895,22.218045989881,1,2,"P_Quarry_Close_2022_version2","2"
"ESCA",0,0.51624498025805,0.884225442648079,0.0124994575003368,35.1596666846109,31.2790977672761,0.333430804007579,1.00024962123402,0,0.51624498025805,0.861252854251017,0.0213173670445118,0.125035368659602,17.3595655816729,0.0378989639837088,0.10508580317601,"P_Quarry_Close_2022_version2","2"
"GRCA",0,0.529383197044667,0.814410515118776,0.00138895161174753,98.972069683375,80.6038942532201,0.499999999999931,0.99999999999986,0,0.529383197044667,0.814003917553846,0.00802703735550074,1.886417129589,22.8221071793037,0.080282338127866,0.171497584541063,"P_Quarry_Close_2022_version2","2"
"HEAR",0,0.543392729709573,0.8788475788676,0.00312481355796189,72.8327013640934,64.1734690665439,0.598321349512114,2.99191079754767,0,0.543392729709573,0.875750247387286,0.00650046056748937,0.4738104909795,32.4105049003278,0.14726396188288,0.757102868236554,"P_Quarry_Close_2022_version2","2"
"HECO",0,0.501608228800636,0.774721913544732,0.001389376515779,96.426652612966,74.7038408300771,0.749999999996549,2.99999999998716,0,0.501608228800636,0.774708675715256,0.00312579451763722,63.0047477918452,51.6530210157781,0.540960883062015,2.17555555555556,"P_Quarry_Close_2022_version2","2"
"HEEX",0,0.529501452287427,0.908031379670259,0.000121933525124365,150.464431799618,358.898317490964,0.32744056573428,0.961794429309788,0,0.529501452287427,0.907997797830296,0.000293489285179578,8.47217050436707,149.328949725948,0.250032669202167,0.730127360562143,"P_Quarry_Close_2022_version2","2"
"LERA",0,0.530908594783819,0.854354994401275,0.000150535421677633,89.5947693204975,267.153882485002,0.346190845862785,1.04643871613914,0,0.530908594783819,0.85430514298559,0.000318498346544519,6.48056295791741,126.389723180873,0.178792371788514,0.536811594202898,"P_Quarry_Close_2022_version2","2"
"PEKE",0,0.480752531639651,0.818008454190978,6.37784218212869e-05,479.6888078359,392.389500190784,0.446031040028552,6.68920353975556,0,0.480752531639651,0.818008243807519,7.28135796845556e-05,315.212566591069,411.021101257127,0.510336802988992,7.6318127434442,"P_Quarry_Close_2022_version2","2"
"TRLA",0,0.50779926760951,0.785600837630828,1.71475498653434e-05,790.843229820724,621.425860866999,0.354061205115927,3.2208138508721,0,0.50779926760951,0.785598536891208,5.63322151596833e-05,48.2237847789339,293.942809312414,0.357177452954947,3.30884062075448,"P_Quarry_Close_2022_version2","2"
"ZETR",0,0.482290713038431,0.852121394061678,4.37041003738145e-07,5316.00389108252,4734.52316408562,0.639702732096001,21.089589045155,0,0.482290713038431,0.852121393945372,4.28733077547822e-07,5318.84086855553,5148.93393457917,0.803159617099622,26.411668284986,"P_Quarry_Close_2022_version2","2"
"ASFA",1,0,0,0,0,0,NA,0,1,0,0,0,0,0,NA,0,"P_Quarry_Close_2022_version3","3"
"CAPA",1,0,0,0,0,0,NA,1,1,0,0,0,0,0,NA,1,"P_Quarry_Close_2022_version3","3"
"CESO",0,0.541874342501105,0.904920405767055,0.0125005813268718,37.5359329049464,33.9670316351891,1,1.0000000012567,1,0.541874342501105,0,0,0,0,NA,0.00483091787439614,"P_Quarry_Close_2022_version3","3"
"ERLU",1,0,0,0,0,0,NA,0.166666666666667,1,0,0,0,0,0,NA,0.166666666666667,"P_Quarry_Close_2022_version3","3"
"ERNU",1,0,0,0,0,0,NA,2,1,0,0,0,0,0,NA,2,"P_Quarry_Close_2022_version3","3"
"ESCA",1,0,0,0,0,0,NA,0.100254885295517,1,0,0,0,0,0,NA,0.10508580317601,"P_Quarry_Close_2022_version3","3"
"GRCA",1,0,0,0,0,0,NA,0.16666666666057,1,0,0,0,0,0,NA,0.171497584541063,"P_Quarry_Close_2022_version3","3"
"HEAR",1,0,0,0,0,0,NA,0.747441032475568,1,0,0,0,0,0,NA,0.757102868236554,"P_Quarry_Close_2022_version3","3"
"HECO",1,0,0,0,0,0,NA,2.17555555555556,1,0,0,0,0,0,NA,2.17555555555556,"P_Quarry_Close_2022_version3","3"
"HEEX",1,0,0,0,0,0,NA,0.681818181757213,1,0,0,0,0,0,NA,0.730127360562143,"P_Quarry_Close_2022_version3","3"
"LERA",1,0,0,0,0,0,NA,0.493333333278461,1,0,0,0,0,0,NA,0.536811594202898,"P_Quarry_Close_2022_version3","3"
"PEKE",1,0,0,0,0,0,NA,7.59799631828074,1,0,0,0,0,0,NA,7.6318127434442,"P_Quarry_Close_2022_version3","3"
"TRLA",1,0,0,0,0,0,NA,3.23637685254708,1,0,0,0,0,0,NA,3.30884062075448,"P_Quarry_Close_2022_version3","3"
"ZETR",1,0,0,0,0,0,NA,25.6338905062267,1,0,0,0,0,0,NA,26.411668284986,"P_Quarry_Close_2022_version3","3"
"CAPA",0,0.515988757352339,0.515988757352339,0.482342888010825,7.64017570879324e-40,3.88429627517679e-18,1.01491865981678e-22,1.78316232025189e-22,0,0.515988757352339,0.684373953082828,0.0110795989603685,0.0200642170484118,22.9280877959749,0.000598891091970785,0.000793021411578113,"P_Quarry_Close_2023_version1","1"
"CESO",0,0.523044820769245,0.869622022406645,0.0125005641246048,34.1294642090809,29.6797336891653,0.999999999999691,0.999999999999721,0,0.523044820769245,0.869413850903809,0.0250011943265013,8.04755033896052,14.7903328832723,0.473055730777437,0.5,"P_Quarry_Close_2023_version1","1"
"CUCA",0,0.514302668703861,0.73976137594012,0.0125005637638792,28.7401507714609,22.1695920512641,0.50046174720437,1.00103874936274,0,0.514302668703861,0.736857872105536,0.0113915318875727,0.782386215554362,24.1437550814091,0.0180445001807936,0.0415197806502154,"P_Quarry_Close_2023_version1","1"
"ESCA",0,0.484952905790393,0.853325601803405,1.1478926879334e-05,1181.36793828807,1009.0233343033,0.514987881544302,6.72778584989195,0,0.484952905790393,0.853337002943363,1.25533291767934e-05,964.579752830495,924.941522662644,0.505437425213547,6.61530541261575,"P_Quarry_Close_2023_version1","1"
"HECO",0,0.503487619130634,0.768530414498845,3.8581943023119e-07,756.507708099964,4576.25855356197,0.236615787625684,2.72385021590972,0,0.503487619130634,0.768540697563076,3.80971979431977e-07,776.536218287502,4635.65885119719,0.24185419538989,2.78854591973981,"P_Quarry_Close_2023_version1","1"
"HEEX",0,0.516414728558815,0.867525560723812,1.07172064009498e-08,31654.892989444,31458.078172621,0.838498984144439,32.5473251848367,0,0.516414728558815,0.867537167758683,1.07407900994815e-08,31539.0386030928,31503.1349172031,0.878440351300105,34.0538358655826,"P_Quarry_Close_2023_version1","1"
"CAPA",0,0.515988757352339,0.515988757352339,0.482342888010825,0,0,NA,0,1,0.515988757352339,1.91163389787181e-05,0.000107639634183925,0,0,NA,0,"P_Quarry_Close_2023_version2","2"
"CESO",1,0,0,0,0,0,NA,-3.96516572858231e-21,1,0,0,0,0,0,NA,0.000925069380203515,"P_Quarry_Close_2023_version2","2"
"CUCA",0,0.514302668703861,0.781133538641291,0.0125005791866428,31.6498196541048,24.7227356237451,1.00000000000099,1.00000000000082,0,0.514302668703861,0.780893504222662,0.025001209073284,7.17348768860857,12.3173782764525,0.45478265040903,0.5,"P_Quarry_Close_2023_version2","2"
"ESCA",0,0.484952905790393,0.90093872789348,0.0125005808284955,35.522117198368,33.9891654487819,0.501012497563335,1.00191251603373,0,0.484952905790393,0.898016166722036,0.0146053923328373,0.906898796315776,28.8886241207602,0.0212762026585351,0.0421785421785422,"P_Quarry_Close_2023_version2","2"
"HECO",0,0.503487619130634,0.811484924695929,1.1478939639082e-05,1150.34679518412,935.383228943775,0.513198525934533,6.73709906642572,0,0.503487619130634,0.811484906457846,1.24639055075062e-05,938.113422746542,863.700381519945,0.502663143647338,6.63049986396284,"P_Quarry_Close_2023_version2","2"
"HEEX",0,0.516414728558815,0.916013147043833,1.07172174140012e-08,38288.5902500442,35072.8520508148,0.880163953018549,34.2609884175387,0,0.516414728558815,0.916013147043764,1.0727144228352e-08,38286.7908879972,35158.451685221,0.922257540432269,35.8263965244784,"P_Quarry_Close_2023_version2","2"
"CAPA",1,0,0,0,0,0,NA,0,1,0,0,0,0,0,NA,0,"P_Quarry_Close_2023_version3","3"
"CESO",0,0.523044820769245,0.86961704404004,0.0125005784306563,34.1292021083022,29.6793358528669,1,0.999999999939237,1,0.523044820769245,0,0,0,0,NA,0.000925069380203515,"P_Quarry_Close_2023_version3","3"
"CUCA",1,0,0,0,0,0,NA,0.5,1,0,0,0,0,0,NA,0.5,"P_Quarry_Close_2023_version3","3"
"ESCA",1,0,0,0,0,0,NA,0.0421785421785422,1,0,0,0,0,0,NA,0.0421785421785422,"P_Quarry_Close_2023_version3","3"
"HECO",1,0,0,0,0,0,NA,6.63049986396284,1,0,0,0,0,0,NA,6.63049986396284,"P_Quarry_Close_2023_version3","3"
"HEEX",1,0,0,0,0,0,NA,34.8273215939194,1,0,0,0,0,0,NA,35.8263965244784,"P_Quarry_Close_2023_version3","3"
"ACAM",0,0.478010372877126,0.478010372877126,0.528300233547716,0,0,0.00317943402229788,0.00547589257401632,1,0.478010372877126,1.28820570009092e-05,6.71212125590185e-05,1.41597636671318e-08,2.7056567146049e-07,6.74168610137339e-07,0.0434782608695652,"P_Quarry_Close_2024_version1","1"
"CESO",0,0.520336945853353,0.781476637745416,0.0125005816619125,29.3011439656995,22.8981594742631,0.99999999974435,0.999999999753177,1,0.520336945853353,0,0,0,0,NA,0.037037037037037,"P_Quarry_Close_2024_version1","1"
"ERNU",0,0.503048957303655,0.730440246054422,0.0013889544765952,27.3533920881167,58.73476009948,0.450808111905897,1.37697648957762,0,0.503048957303655,0.768425705438266,0.00157709225312581,1.63295086814914,57.2461488044229,0.354287137067933,1.06877611940299,"P_Quarry_Close_2024_version1","1"
"GRCA",0,0.543825402527035,0.775933268212139,0.000781286593438879,83.6954309446429,100.155629321837,0.417900086686592,1.64586659823819,0,0.543825402527035,0.816230757722933,0.00189816298062015,2.378784746106,61.3321633081905,0.322971112756941,1.28370149253731,"P_Quarry_Close_2024_version1","1"
"HECO",0,0.473540271876166,0.757787535608767,0.000195321643143528,252.480451088575,191.326538836881,0.794818727168939,3.97552360197132,0,0.473540271876166,0.797547282673012,0.00123151579520251,6.20182517676578,51.9657860198461,0.543501484271081,2.73703225806452,"P_Quarry_Close_2024_version1","1"
"HEEX",0,0.491349422718095,0.788663128234054,2.47977750372699e-06,2237.29590553886,1764.47278764766,0.427134267471276,4.73123554741885,0,0.491349422718095,0.830120533834432,2.58448709614743e-06,2072.39536037571,2248.72250473117,0.478995438746481,5.33924199837777,"P_Quarry_Close_2024_version1","1"
"ZETR",0,0.509747623028116,0.79316988850325,1.44531861136565e-06,2807.53602026552,2228.71605027686,0.728582157416217,15.2649218704701,0,0.509747623028116,0.834864195285248,1.77433075673196e-06,1906.72324233407,2180.81088703323,0.84089505790634,17.4907328337108,"P_Quarry_Close_2024_version1","1"
"ACAM",0,0.478010372877126,0.478010372877126,0.528300233547716,0,0,NA,0,1,0.478010372877126,1.28154381856893e-05,6.67740990773695e-05,0,0,NA,0,"P_Quarry_Close_2024_version2","2"
"CESO",1,0,2.67870287073361e-25,1.17874530593144e-24,0,0,1.73752745819341e-27,0.00551363910365791,1,0,0,0,0,0,NA,0.0434782608695652,"P_Quarry_Close_2024_version2","2"
"ERNU",0,0.503048957303655,0.768790031053326,0.0125005848727405,28.1209668828583,21.6191190039424,0.999999999962062,0.999999999967634,1,0.503048957303655,0,0,0,0,NA,0.037037037037037,"P_Quarry_Close_2024_version2","2"
"GRCA",0,0.543825402527035,0.816712212983108,0.00138895438593664,42.9282537899718,83.2090524161204,0.479940801278369,1.42558145850223,0,0.543825402527035,0.816401473482681,0.00154879870491616,3.19176754507205,74.9297775726855,0.36190158747489,1.08555555555556,"P_Quarry_Close_2024_version2","2"
"HECO",0,0.473540271876166,0.797615973676757,0.000781286704332895,74.602188209397,105.96870193002,0.395988760861431,1.59792849651078,0,0.473540271876166,0.797285877533724,0.00151445070088149,3.1417775854273,73.3211791779303,0.324341285076569,1.30407407407407,"P_Quarry_Close_2024_version2","2"
"HEEX",0,0.491349422718095,0.83012171755643,0.000195321713608995,265.328097833389,220.254616296784,0.794957591932371,3.97525032539439,0,0.491349422718095,0.830075033287782,0.00101998624057446,8.35933717685964,65.3228460584458,0.549311715059442,2.76686274509804,"P_Quarry_Close_2024_version2","2"
"ZETR",0,0.509747623028116,0.834866637418079,1.4453193151581e-06,2953.6194577198,2469.20121353006,0.809592123480726,16.9957260805205,0,0.509747623028116,0.834866636576683,1.45003921019385e-06,2862.87555794284,2581.22090417054,0.946208167712945,19.7629923273657,"P_Quarry_Close_2024_version2","2"
"ACAM",1,0,0,0,0,0,NA,0,1,0,0,0,0,0,NA,0,"P_Quarry_Close_2024_version3","3"
"CESO",0,0.520336945853353,0.781476647955295,0.0124993000442547,29.3011348239487,22.8981526235056,1,0.999999998550309,0,0.520336945853353,0.779599833739777,0.287541293895093,1.16600796478351,0.90901961548448,1,0.0434782608695652,"P_Quarry_Close_2024_version3","3"
"ERNU",1,0,0,0,0,0,NA,0.037037037037037,1,0,0,0,0,0,NA,0.037037037037037,"P_Quarry_Close_2024_version3","3"
"GRCA",1,0,0,0,0,0,NA,1.08555555557996,1,0,0,0,0,0,NA,1.08555555555556,"P_Quarry_Close_2024_version3","3"
"HECO",1,0,0,0,0,0,NA,1.30407407411995,1,0,0,0,0,0,NA,1.30407407407407,"P_Quarry_Close_2024_version3","3"
"HEEX",1,0,0,0,0,0,NA,2.7668627450941,1,0,0,0,0,0,NA,2.76686274509804,"P_Quarry_Close_2024_version3","3"
"ZETR",1,0,0,0,0,0,NA,18.8064705896186,1,0,0,0,0,0,NA,19.7629923273657,"P_Quarry_Close_2024_version3","3"
"ACAM",0,0.505182942634068,0.505182942634068,0.519699574806588,1.89261003335227e-30,-4.84014659975901e-14,-1.97538294801911e-17,-3.25145134036451e-17,0,0.505182942634068,0.845128108769652,0.0154577271106088,0.239979702697632,22.2259922927512,0.00912506355678432,0.00900900900900901,"P_Quarry_Far_2022_version1","1"
"CESO",0,0.509716850779819,0.768516447003434,0.0125005740073561,32.4921415916047,24.9707452233864,0.999999999199826,1.99999999853165,0,0.509716850779819,0.766378251154446,0.0613243272590622,1.19356006625958,4.99817444240559,0.111831865548547,0.243478260869565,"P_Quarry_Far_2022_version1","1"
"ERNU",0,0.511111056414019,0.842287874069439,0.0125005712926778,34.4862491298427,29.0473494636165,1.00000000003454,2.00000000010119,0,0.511111056414019,0.84239756855917,0.0125008425499189,34.4897777869547,29.0542937946563,0.629195856636037,1.25,"P_Quarry_Far_2022_version1","1"
"ESCA",0,0.543525150415267,0.815003254153274,0.00312531561821314,59.215717080092,48.2610021169172,1.00000000000261,3.00000000000898,0,0.543525150415267,0.815047503074165,0.0125746368407341,28.0732997886918,23.3375890994728,0.742915000927944,2.22222222222222,"P_Quarry_Far_2022_version1","1"
"GRCA",0,0.527203029383534,0.781641400111815,0.00138911893532419,2.35039870445529,66.5617643717534,0.667447952740644,4.00800850988201,0,0.527203029383534,0.781688473864892,0.00145875932754121,3.21160894263443,67.6898786630571,0.442792711692478,2.68575718575719,"P_Quarry_Far_2022_version1","1"
"HECO",0,0.501314849057847,0.852177430480058,0.000125006621452542,36.6441429486209,270.317808671584,0.389440082555268,3.10764949967227,0,0.501314849057847,0.852287587557851,0.000146133953400113,32.9114492384669,252.771723734424,0.491973435619481,3.89882024882025,"P_Quarry_Far_2022_version1","1"
"HEEX",0,0.498668115236176,0.878725660025643,5.55581420802657e-05,555.364082508982,488.012849009899,0.312745912743233,1.54342199141857,0,0.498668115236176,0.878836380488361,0.000193978221994876,33.5928853774978,223.358794081371,0.38381023465313,1.86357786357786,"P_Quarry_Far_2022_version1","1"
"LERA",0,0.515012774413923,0.766194413136069,1.50955945228186e-06,2181.28531021697,1949.46690692753,0.554404137394751,8.34092000037231,0,0.515012774413923,0.766295845330462,1.51862950922385e-06,2143.93829577142,2064.1319631103,0.784565304060924,11.8271352097439,"P_Quarry_Far_2022_version1","1"
"ACAM",0,0.505182942634068,0.505182942634068,0.519699574806588,0,0,NA,0,1,0.505182942634068,1.61056694505914e-05,7.57661832315148e-05,0,0,NA,0,"P_Quarry_Far_2022_version2","2"
"CESO",1,0,2.32474450345933e-28,1.2125279401958e-27,8.03824050922093e-63,-7.167527457996e-44,-2.60715505462747e-47,-9.77896250337249e-20,1,0,0,0,0,0,NA,0.00952380952380952,"P_Quarry_Far_2022_version2","2"
"ERNU",0,0.511111056414019,0.882384333892555,0.0125005685123693,36.1323062572134,31.8825809889523,0.999999999990831,1.99999999997936,0,0.511111056414019,0.88070799336425,0.0612123297157728,1.55477127819913,6.42204244061508,0.131006352081007,0.243478260869565,"P_Quarry_Far_2022_version2","2"
"ESCA",0,0.543525150415267,0.853725444909964,0.012500569249326,30.9405744507546,26.414755688745,0.999999999999766,1.99999999999952,0,0.543525150415267,0.853729173826692,0.0125057421510665,30.9212300171474,26.4040249632871,0.746244838225083,1.5,"P_Quarry_Far_2022_version2","2"
"GRCA",0,0.527203029383534,0.819217012242467,0.00312531047764613,59.4674723196758,48.7167649993259,1.00000000000007,3.00000000000017,0,0.527203029383534,0.819151080849788,0.012582271836872,28.0195535365121,23.4717740624761,0.737051033556259,2.22222222222222,"P_Quarry_Far_2022_version2","2"
"HECO",0,0.501314849057847,0.892475207756647,0.00138915730079143,3.409221431295,88.9202975686754,0.66998202261089,4.01664112916255,0,0.501314849057847,0.89241752588577,0.00153809093964804,3.92845403858722,81.4271935015475,0.487214972224607,2.8827380952381,"P_Quarry_Far_2022_version2","2"
"HEEX",0,0.498668115236176,0.920532315290785,0.000125006992052295,50.9836619080112,357.027303940172,0.391474858789763,3.12333605414042,0,0.498668115236176,0.92052915898249,0.000160102340513048,37.9637063330799,290.820861960072,0.525888383594017,4.16884920634921,"P_Quarry_Far_2022_version2","2"
"LERA",0,0.515012774413923,0.802651725640173,1.50956425436893e-06,2225.20640843674,2139.39500979003,0.656553932935677,9.86002281671779,0,0.515012774413923,0.802651726304799,1.47423406757736e-06,2374.76450916008,2207.30738575679,0.860263174441284,12.9731884057971,"P_Quarry_Far_2022_version2","2"
"ACAM",1,0,0,0,0,0,NA,0,1,0,0,0,0,0,NA,0,"P_Quarry_Far_2022_version3","3"
"CESO",0,0.509716850779819,0.768513632040653,0.0125005893219975,32.4919822719549,24.9705313080206,1,0.999999999874383,0,0.509716850779819,0.754486706244788,1.32736062143696,0.197119308466813,0.148723897782376,1,0.00952380952380952,"P_Quarry_Far_2022_version3","3"
"ERNU",1,0,0,0,0,0,NA,0.243481905349869,1,0,0,0,0,0,NA,0.243478260869565,"P_Quarry_Far_2022_version3","3"
"ESCA",1,0,0,0,0,0,NA,1.5,1,0,0,0,0,0,NA,1.5,"P_Quarry_Far_2022_version3","3"
"GRCA",1,0,0,0,0,0,NA,2.22222222222222,1,0,0,0,0,0,NA,2.22222222222222,"P_Quarry_Far_2022_version3","3"
"HECO",1,0,0,0,0,0,NA,2.8541666666703,1,0,0,0,0,0,NA,2.8827380952381,"P_Quarry_Far_2022_version3","3"
"HEEX",1,0,0,0,0,0,NA,4.07360966481489,1,0,0,0,0,0,NA,4.16884920634921,"P_Quarry_Far_2022_version3","3"
"LERA",1,0,0,0,0,0,NA,12.1065195410687,1,0,0,0,0,0,NA,12.9731884057971,"P_Quarry_Far_2022_version3","3"
"CAPA",0,0.494872030077908,0.494872030077908,0.543065194316704,0,0,0.0155215361619088,0.0234185266643426,1,0.494872030077908,4.73588828347749e-05,0.000229700308552414,3.64168261815669e-08,7.96075118524385e-07,2.16645409988952e-06,0.0333333333333333,"P_Quarry_Far_2023_version1","1"
"CESO",0,0.514209519403153,0.803692878500691,0.0125005662666155,30.5598716251513,24.6134098671339,0.500102807461672,2.00043785649603,0,0.514209519403153,0.802223071470528,0.00998568940703174,1.49209981782477,30.7178341624804,0.280857065968991,1.12118055555556,"P_Quarry_Far_2023_version1","1"
"ERNU",0,0.519392608790376,0.869570122708283,0.000781286339920157,135.894201157274,118.217679491502,0.446842945683308,2.64741137726738,0,0.519392608790376,0.868393794468308,0.0120173852316542,1.1411683470272,8.16224449804258,0.226919546373911,1.32894128525196,"P_Quarry_Far_2023_version1","1"
"GRCA",0,0.531575939842302,0.744047663014278,1.22075815650502e-05,97.9536384596512,693.205220636661,0.583415302253968,8.75561729983204,0,0.531575939842302,0.74410996578789,1.26057799714172e-05,84.3624122121924,682.56270448022,0.587700039490624,8.82185367240819,"P_Quarry_Far_2023_version1","1"
"HECO",0,0.496820929575162,0.856261561380808,6.76071607907093e-06,1570.21645634677,1344.52136658549,0.535428862731565,5.31677702785408,0,0.496820929575162,0.856333434864175,6.95019738178644e-06,1462.05999899446,1377.07345847181,0.554500375645937,5.47355158623731,"P_Quarry_Far_2023_version1","1"
"HEEX",0,0.46936336975515,0.86226366004038,8.2186529799097e-06,1221.7818095264,1100.18860373718,0.326615437581213,3.17213343590819,0,0.46936336975515,0.862335501506567,9.53085299581009e-06,135.0855356633,961.62573385258,0.238972779456104,2.19157911635498,"P_Quarry_Far_2023_version1","1"
"PEKE",0,0.490155474813727,0.750370655387377,1.50710882868887e-07,7097.34343911872,5997.63722641265,0.735035184814586,28.0842044759769,0,0.490155474813727,0.750433643087206,1.48471186759752e-07,6412.51671453349,6188.74680392079,0.809600530211755,31.0295604508587,"P_Quarry_Far_2023_version1","1"
"CAPA",0,0.494872030077908,0.494872030077908,0.543065194316704,0,0,NA,0,1,0.494872030077908,4.73420287594277e-05,0.000229618562822068,0,0,NA,0,"P_Quarry_Far_2023_version2","2"
"CESO",1,0,0,0,0,0,NA,0.0239947871072492,1,0,0,0,0,0,NA,0.0344827586206897,"P_Quarry_Far_2023_version2","2"
"ERNU",0,0.519392608790376,0.909404086728553,0.0125005691948025,35.3482166387424,32.2466591817299,0.500236136632421,2.00083074643022,0,0.519392608790376,0.908666331606133,0.0115346726227448,3.71037336558816,34.8971086244704,0.283646730349989,1.1234126984127,"P_Quarry_Far_2023_version2","2"
"GRCA",0,0.531575939842302,0.778195583832049,0.000781288829261788,121.662240412543,94.7658354662069,0.618521020885348,3.70632542071883,0,0.531575939842302,0.777369834802361,0.0104961217021944,1.17799029147109,7.52123691177653,0.234691547339491,1.40823412698413,"P_Quarry_Far_2023_version2","2"
"HECO",0,0.496820929575162,0.89556330741149,1.22075833301465e-05,173.996334877016,1094.53193616449,0.612994002282661,9.03680108418652,0,0.496820929575162,0.895562987233019,1.57049137535524e-05,110.522271349313,864.603687539583,0.617052298313637,9.08758661359281,"P_Quarry_Far_2023_version2","2"
"HEEX",0,0.46936336975515,0.901841361831903,6.7607168459618e-06,1471.35776593596,1326.94100204794,0.535631131791416,5.3171073748662,0,0.46936336975515,0.90184135768877,6.93108005599402e-06,1371.65240429755,1370.71281961132,0.555981959664048,5.48324625902993,"P_Quarry_Far_2023_version2","2"
"PEKE",0,0.490155474813727,0.784812484227003,1.50710905003686e-07,7169.61874354507,6560.85216812495,0.782544946736951,29.9149405866839,0,0.490155474813727,0.784812484272666,1.47475447655516e-07,7587.65343093019,6809.73573553136,0.858991045347844,32.8630375433598,"P_Quarry_Far_2023_version2","2"
"CAPA",1,0,0,0,0,0,NA,0,1,0,0,0,0,0,NA,0,"P_Quarry_Far_2023_version3","3"
"CESO",0,0.514209519403153,0.803696747751495,0.0125005453974019,30.6254949290189,24.6136106727324,1,0.999999998530115,0,0.514209519403153,0.801644453865359,0.362588354241768,0.96546549571292,0.773960060036632,1,0.0344827586206897,"P_Quarry_Far_2023_version3","3"
"ERNU",1,0,0,0,0,0,NA,1.1234126984127,1,0,0,0,0,0,NA,1.1234126984127,"P_Quarry_Far_2023_version3","3"
"GRCA",1,0,0,0,0,0,NA,1.40823412698413,1,0,0,0,0,0,NA,1.40823412698413,"P_Quarry_Far_2023_version3","3"
"HECO",1,0,0,0,0,0,NA,9.08758661359281,1,0,0,0,0,0,NA,9.08758661359281,"P_Quarry_Far_2023_version3","3"
"HEEX",1,0,0,0,0,0,NA,5.48324625902993,1,0,0,0,0,0,NA,5.48324625902993,"P_Quarry_Far_2023_version3","3"
"PEKE",1,0,0,0,0,0,NA,31.8975203034579,1,0,0,0,0,0,NA,32.8630375433598,"P_Quarry_Far_2023_version3","3"
"CESO",0,0.459099033665424,0.459099033665424,0.450299960095575,1.26499060038062e-26,-1.58713948134433e-12,0.61517101131063,3.95470550816315,0,0.459099033665424,0.890615840108957,0.000755173269032041,38.8326514744965,132.196990993188,0.749476823157226,4.38888888888889,"P_Quarry_Far_2024_version1","1"
"HEEX",0,0.477458814777182,0.895340738287939,6.37785248156486e-05,545.578538428925,488.478691391007,0.913621741517027,7.0452944918369,0,0.477458814777182,0.848604924090712,6.43873906337977e-05,385.106296433623,436.732124680194,0.81289238263208,6.61111111111111,"P_Quarry_Far_2024_version1","1"
"CESO",1,0,0,0,0,0,NA,0,1,0,2.02845765178235e-24,0,0,0,NA,0,"P_Quarry_Far_2024_version2","2"
"HEEX",0,0.477458814777182,0.895340738288284,6.37784594088742e-05,545.578573864914,488.478723118482,1,8,0,0.477458814777182,0.895340738137638,6.38063100652594e-05,549.04040746849,491.578243690228,1,8,"P_Quarry_Far_2024_version2","2"
"CESO",0,0.459099033665424,0.459099033665424,0.450299960095575,0,0,NA,0,1,0.459099033665424,2.22246459888423e-05,0.000111504813215803,0,0,NA,0,"P_Quarry_Far_2024_version3","3"
"HEEX",1,0,0,1.03908255010244e-23,0,0,NA,8,1,0,0,0,0,0,NA,8,"P_Quarry_Far_2024_version3","3"
"ACBR",0,0.549735279474284,0.549735279474284,0.473007470426619,0,0,1,1,1,0.549735279474284,2.81301735147083e-05,0.00015911527957318,0.458647450436208,1.29018323628491e-05,1,1,"P_Quarry1_2023_version1","1"
"AGHE",0,0.50084212429395,0.743518772987378,0.0125005750908031,28.9528566026727,21.5269924344423,0.999999999129298,0.999999999199358,0,0.50084212429395,0.734134712662769,0.124351587794098,0.267867258568259,2.04715424034701,0.0960604965786257,0.0909090909090909,"P_Quarry1_2023_version1","1"
"ALAM",0,0.453583008425116,0.698366365789321,0.0125005851398354,28.8790613295238,20.1681651081718,0.99999999999676,0.999999999996625,0,0.453583008425116,0.691786872719799,0.106142461281912,0.360137906366795,2.27126744636921,0.109691474859822,0.111111111111111,"P_Quarry1_2023_version1","1"
"ANFI",0,0.469622600925911,0.780159275959315,0.0125005849708874,29.572867153196,23.0715466264183,0.999999999993933,0.999999999994083,0,0.469622600925911,0.77729732297977,0.0721426535769893,0.893083642952672,3.91000349697351,0.177542430691293,0.166666666666667,"P_Quarry1_2023_version1","1"
"CARU",0,0.54705376177889,0.685097350757369,0.012501042412242,0.280899810177716,17.656929007193,0.010899047943309,0.0125984315366669,0,0.54705376177889,0.684840889152712,0.0124585390466302,0.273528300836331,17.7040915769298,0.0105807950630624,0.0123456790123457,"P_Quarry1_2023_version1","1"
"CASU",0,0.532574217804975,0.802088937647138,0.0125005795269116,32.3099202524145,25.9154296107229,1,1,0,0.532574217804975,0.802088887182979,0.0125005791046249,32.3099184875119,25.9154265646212,1,1,"P_Quarry1_2023_version1","1"
"CRHI",0,0.474878648214451,0.70233458641187,0.0125005909681616,12.5807422110117,20.4505011054058,0.432062291871645,0.449846328906794,0,0.474878648214451,0.702211713895446,0.0155201463576218,7.43836443254046,16.4515645205654,0.317496043019114,0.333333333333333,"P_Quarry1_2023_version1","1"
"DEUL",0,0.485440540283658,0.828485010839845,0.0125010369687317,0.703556636535316,29.688881335869,0.0196331455217945,0.0175171228571748,0,0.485440540283658,0.824538104688818,0.0172292137241689,0.352814134385565,21.3154593209808,0.0136477799184631,0.0123456790123457,"P_Quarry1_2023_version1","1"
"DICA",0,0.499160547437687,0.765993850548449,0.0125010382282316,0.485529343426499,24.0220297395549,0.0154821426564605,0.0153298538591324,0,0.499160547437687,0.763440503126052,0.0151042422756432,0.318372651687644,19.7360011572952,0.0123154926597755,0.0123456790123457,"P_Quarry1_2023_version1","1"
"ERGU",0,0.491320785200838,0.733092436977417,0.0125005903515689,21.5314311019677,20.0587451309423,0.551882008837181,1.1005031365528,0,0.491320785200838,0.732895972259581,0.0145841708460362,7.99640555364334,17.1736234265701,0.324999893469023,0.666666666666667,"P_Quarry1_2023_version1","1"
"ERLA",0,0.528436870490404,0.70813426478578,0.0125005697433731,28.6006514025194,20.2531012538416,0.999999999958342,1.9999999999352,0,0.528436870490404,0.708132650614771,0.0125008761094592,28.5996605803385,20.2525100089711,0.581910199109256,1.2,"P_Quarry1_2023_version1","1"
"ESCA",0,0.538482332224251,0.796445273384215,0.0125005914039019,13.5098764475483,23.2123037171812,0.232096532130446,0.449669924215742,0,0.538482332224251,0.796316825216003,0.00740190320780303,8.31076732263516,39.2421788770179,0.176734540896181,0.345679012345679,"P_Quarry1_2023_version1","1"
"EUSP",0,0.47255769298531,0.811407003061841,0.00138895302921881,93.3008868863534,75.7049930265174,0.958504141221918,1.90739747748532,0,0.47255769298531,0.81139423116301,0.00208160552020467,41.3383198575371,50.6316185789485,0.513466460722629,0.933333333333333,"P_Quarry1_2023_version1","1"
"LACA",0,0.477146004106452,0.743696866357614,0.000781314664229988,6.92353845685018,93.0480769907406,0.311287671122567,1.62982153141334,0,0.477146004106452,0.743737049217224,0.000787411743958251,18.6865821510893,108.036022565969,0.223358949556714,1.27630579297246,"P_Quarry1_2023_version1","1"
"LAMI",0,0.492891017134716,0.822878896848907,0.00138896631630214,6.33163041453873,85.9264934188518,0.654546532267022,3.94075206081923,0,0.492891017134716,0.82294473285813,0.00081931958351231,12.3517565440679,146.546186648156,0.358947256769353,2.21412037037037,"P_Quarry1_2023_version1","1"
"LUMI",0,0.519324983176461,0.703948280458286,0.000195328641007614,27.496155697365,172.418731699466,0.27808145027572,1.11980344926725,0,0.519324983176461,0.703943309211745,0.000231327818530475,19.4416078033938,145.908499973605,0.364336736274121,1.50902184235518,"P_Quarry1_2023_version1","1"
"LUSU",0,0.494992246779144,0.717328419957143,0.00050003574414775,17.5074823883169,94.1754420174352,0.614706429586751,5.00230078988336,0,0.494992246779144,0.717331030179124,0.000457813700545555,21.895331756887,118.364432698536,0.466453292400727,3.95623732251521,"P_Quarry1_2023_version1","1"
"MIDO",0,0.534691617071951,0.763218432742235,0.00138956697943843,3.91380521905358,63.6176199074095,0.71926923595842,7.90165211236379,0,0.534691617071951,0.763196234289694,0.00146075884767003,6.21082765293982,64.6890323567758,0.650761240370327,7.07037037037037,"P_Quarry1_2023_version1","1"
"RHAR",0,0.462008128274236,0.797741085800497,0.000255123241009934,22.4080241436457,164.321723772217,0.44518030083539,3.10309129828303,0,0.462008128274236,0.797733450298573,0.000290397083039194,17.913284013762,145.515318493403,0.440568106990654,3.03641975308642,"P_Quarry1_2023_version1","1"
"SEVU",0,0.470611905083345,0.854161013249168,0.000781291334125458,20.1480423689501,124.131907702896,0.396538517075318,3.14596852201591,0,0.470611905083345,0.854162058871138,0.000545402593720478,22.9097660507684,181.474658913926,0.497938327515996,3.90796857463524,"P_Quarry1_2023_version1","1"
"Sidalcea",0,0.474288735782862,0.724929954776577,0.000255113807462492,196.102400677958,142.160506251205,0.389651955097167,3.14957485427779,0,0.474288735782862,0.724922261212563,0.000564932666080078,37.9679320164794,71.6594647073447,0.444800858031267,3.77638888888889,"P_Quarry1_2023_version1","1"
"SOAP",0,0.470782302562512,0.752283664617515,0.000500603378838592,150.208179387759,112.999161248007,0.808952442909173,10.5411432504006,0,0.470782302562512,0.752280497639313,0.000699362111651914,79.4782322563606,86.4201601525031,0.647618827348349,8.42539682539683,"P_Quarry1_2023_version1","1"
"TOVE",0,0.538159168133586,0.779923575345841,2.58278319466011e-05,584.537236216974,526.012184900421,0.38383065159737,2.61085373019789,0,0.538159168133586,0.779923478084698,2.86130791702142e-05,479.138599936044,475.671932821223,0.526431449905571,3.53362068965517,"P_Quarry1_2023_version1","1"
"TRFU",0,0.541138821184234,0.724495353882245,1.59446332840834e-05,663.627413965074,572.770312771688,0.495100248710112,4.53244177566453,0,0.541138821184234,0.724495293195685,1.71981529651397e-05,613.380394035441,634.639422654326,0.618556976260688,5.73044167161814,"P_Quarry1_2023_version1","1"
"unk_aster",0,0.52016764342327,0.820451378392966,1.48639695848562e-05,930.103860940062,823.276992571013,0.374997331454664,5.26697568300595,0,0.52016764342327,0.820451321325297,1.54945374687913e-05,881.523814350789,809.170392981046,0.571641161733329,7.99184218559219,"P_Quarry1_2023_version1","1"
"URCI",0,0.457583014903396,0.790975112147155,6.37791796581955e-05,475.907824913221,376.43124528902,0.500923391708514,15.3222810956395,0,0.457583014903396,0.790974837145039,7.72286466158992e-05,321.227842564494,446.981702545801,0.573633641687373,17.3184566216344,"P_Quarry1_2023_version1","1"
"VIVI",0,0.497731481375048,0.821338196531784,7.43666443183621e-06,763.888108264156,1027.8460613828,0.345978675260982,2.78047757223581,0,0.497731481375048,0.821338109793119,8.561212536404e-06,611.459804890012,979.042628423039,0.67100387511731,5.36867283950617,"P_Quarry1_2023_version1","1"
"ACBR",0,0.549735279474284,0.549735279474284,0.473007470426619,0,0,NA,0,1,0.549735279474284,2.81342619905223e-05,0.000159138405592622,0,0,NA,0,"P_Quarry1_2023_version2","2"
"AGHE",1,0.50084212429395,4.94693255691475e-05,0.000261389851899958,0,0,NA,0,1,0.50084212429395,0,0,0,0,NA,0,"P_Quarry1_2023_version2","2"
"ALAM",0,0.453583008425116,0.77237164859017,0.0125005799756401,31.949672421925,24.6770211604381,1,1,0,0.453583008425116,0.77237164859529,0.0125005791350846,31.9496745518259,24.6770228056768,1,1,"P_Quarry1_2023_version2","2"
"ANFI",0,0.469622600925911,0.862838058719958,0.0125005780723823,32.7165574117856,28.2290908997548,0.999999999483879,0.999999999373582,0,0.469622600925911,0.854764280282339,0.124134984790572,0.298882949460235,2.71981097665175,0.093930964827028,0.0909090909090909,"P_Quarry1_2023_version2","2"
"CARU",0,0.54705376177889,0.768126468976202,0.0125005835457436,28.908345066048,22.2052650196236,0.99999999999574,0.99999999999498,0,0.54705376177889,0.765844712300503,0.107842195848509,0.939983658447721,2.4976999202449,0.288217775336472,0.111111111111111,"P_Quarry1_2023_version2","2"
"CASU",0,0.532574217804975,0.88708711000862,0.0125005853210998,35.7445546345269,31.708533669437,0.999999999995291,0.999999999994957,0,0.532574217804975,0.88480657840495,0.0705610014326747,1.10389693390949,5.51483511522578,0.177110511664715,0.166666666666667,"P_Quarry1_2023_version2","2"
"CRHI",0,0.474878648214451,0.775397307146455,0.0125015796713131,1.58621657874566,24.9331870419889,0.0493297572283539,0.0508049176149854,0,0.474878648214451,0.762189879665969,0.0660087943666844,0.165952255233272,4.497405181658,0.0281244682961639,0.0123456790123457,"P_Quarry1_2023_version2","2"
"DEUL",0,0.485440540283658,0.920513355920076,0.0125005909609023,19.3038007838249,36.6616803293501,0.484686088632595,0.486360733032193,0,0.485440540283658,0.920425336217324,0.0148356897099868,11.753271089466,30.8719051341624,0.350415967111924,0.333333333333333,"P_Quarry1_2023_version2","2"
"DICA",0,0.499160547437687,0.851368376876049,0.0125015791155416,2.03955671852467,29.6835460661469,0.0584975288709629,0.0550871763141719,0,0.499160547437687,0.839558194096688,0.0718246142019948,0.182079621211506,4.95392745714315,0.0308576254474054,0.0123456790123457,"P_Quarry1_2023_version2","2"
"ERGU",0,0.491320785200838,0.809015165176551,0.0125015797254905,1.5037120331544,24.4348641866113,0.0497864784346522,0.0477205578301962,0,0.491320785200838,0.794894641995249,0.0620540618085445,0.178237813554549,4.69038408558816,0.0302065418119575,0.0123456790123457,"P_Quarry1_2023_version2","2"
"ERLA",0,0.528436870490404,0.783149297231896,0.0125005902734901,24.3415503800868,24.7799368350807,0.5384419670292,1.09656807685209,0,0.528436870490404,0.783007193863689,0.0117915694384203,9.39006074612885,26.2652969320922,0.297614008074887,0.666666666666667,"P_Quarry1_2023_version2","2"
"ESCA",0,0.538482332224251,0.880972690858878,0.0125005652161722,32.2483949856343,28.409955307489,0.999999999938858,1.99999999989468,0,0.538482332224251,0.880975490923763,0.0125008891523399,32.2473997858243,28.4093977748679,0.589370531701654,1.2,"P_Quarry1_2023_version2","2"
"EUSP",0,0.47255769298531,0.897211217979293,0.0125005955989382,14.9739184944949,30.7765294328807,0.21936129705727,0.417306660876208,0,0.47255769298531,0.897178596073506,0.0108754775422457,12.614662028338,35.3861127563717,0.203136692462622,0.345679012345679,"P_Quarry1_2023_version2","2"
"LACA",0,0.477146004106452,0.822590653646188,0.00138895332828068,103.782156944029,85.3702323331715,0.999999999907629,1.94039614151109,0,0.477146004106452,0.822581733973534,0.00164072377670486,50.9159577168139,72.4036051680975,0.788823236173464,0.933333333333333,"P_Quarry1_2023_version2","2"
"LAMI",0,0.492891017134716,0.910202582920457,0.000781348606336853,38.9165417533263,140.185031272964,0.375663797409289,1.89255804000254,0,0.492891017134716,0.910175064635956,0.00227473496901631,28.1111221403563,75.3187547229429,0.374086410448951,1.79938271604938,"P_Quarry1_2023_version2","2"
"LUMI",0,0.519324983176461,0.778532849755441,0.00138896583156283,100.797173318639,79.0623766288476,0.825975905550235,4.87477924442816,0,0.519324983176461,0.778531408498074,0.00138875887519816,86.6899613155827,80.1923089833394,0.756050926551982,3.78703703703704,"P_Quarry1_2023_version2","2"
"LUSU",0,0.494992246779144,0.793349182185842,0.000195337127987073,79.1319367312084,184.313103145787,0.335167042072038,1.3671370674493,0,0.494992246779144,0.793327591659096,0.000961139423719302,10.8680560489438,37.8806729805848,0.395240067214027,1.5320987654321,"P_Quarry1_2023_version2","2"
"MIDO",0,0.534691617071951,0.844311528760345,0.00050003774622502,32.9303421264785,129.782796198859,0.636625286373301,5.03214152663048,0,0.534691617071951,0.844309362494544,0.000512138908951573,32.0715055319831,148.288986916329,0.577641080176098,4.49790398918188,"P_Quarry1_2023_version2","2"
"RHAR",0,0.462008128274236,0.882214499846391,0.00138940927278285,17.0727423402949,86.1041305634832,0.72869358843462,8.00080338609097,0,0.462008128274236,0.882244204803441,0.00312527360549582,40.6339017658941,54.5803100238838,0.657961854359949,7.07037037037037,"P_Quarry1_2023_version2","2"
"SEVU",1,0,0,0,0,0,NA,2.25949897110923,1,0,0,0,0,0,NA,3.03641975308642,"P_Quarry1_2023_version2","2"
"Sidalcea",0,0.474288735782862,0.801653516466396,0.000781313958299658,7.64771529810807,99.3234799892295,0.390875726465466,3.14424186765599,0,0.474288735782862,0.801699210526757,0.000578144922881581,19.4629003358993,138.021932761084,0.48852989780504,3.9714606381273,"P_Quarry1_2023_version2","2"
"SOAP",0,0.470782302562512,0.831987137085177,0.00025511377143627,232.741387928021,193.637843417184,0.393244252839399,3.1525231842995,0,0.470782302562512,0.831985293483082,0.000583193805953381,105.695242780731,93.9808812450135,0.613612922129065,3.77638888888889,"P_Quarry1_2023_version2","2"
"TOVE",0,0.538159168133586,0.862549756814087,0.000500666170838275,169.382678000886,146.100989388367,0.811195136933822,10.552236761351,0,0.538159168133586,0.862548059702231,0.000599539410543204,120.313461363715,129.123696306371,0.692065126593844,8.93809523809524,"P_Quarry1_2023_version2","2"
"TRFU",0,0.541138821184234,0.80125259111229,2.58278881705566e-05,539.837042625959,550.437845131885,0.351788672002714,2.59122072711658,0,0.541138821184234,0.80125255515519,2.79753680758995e-05,456.795159999282,509.096165877358,0.474910349433407,3.57528735632184,"P_Quarry1_2023_version2","2"
"unk_aster",0,0.52016764342327,0.907374827306714,1.59446802837287e-05,1014.1526136633,972.238512720032,0.510561173371924,4.60462407991973,0,0.52016764342327,0.907374810276924,1.71026741713086e-05,883.521971784515,999.353759527924,0.64315634925321,5.73044167161814,"P_Quarry1_2023_version2","2"
"URCI",0,0.457583014903396,0.87477576233702,6.37792203802593e-05,526.328878466789,460.419745998919,0.570404883488531,17.5447949997069,0,0.457583014903396,0.874775586214159,7.72094556459389e-05,367.341311484871,497.028708216261,0.660324886915889,20.0317044848823,"P_Quarry1_2023_version2","2"
"VIVI",1,0,0,0,0,0,NA,2.88919588094708,1,0,0,0,0,0,NA,5.36867283950617,"P_Quarry1_2023_version2","2"
"ACBR",1,0,0,0,0,0,NA,0,1,0,0,0,0,0,NA,0,"P_Quarry1_2023_version3","3"
"AGHE",1,0,0,0,0,0,NA,0,1,0,0,0,0,0,NA,0,"P_Quarry1_2023_version3","3"
"ALAM",1,0,0,0,0,0,NA,1,1,0,0,0,0,0,NA,1,"P_Quarry1_2023_version3","3"
"ANFI",1,0,0,0,0,0,NA,0.0909090909090909,1,0,0,0,0,0,NA,0.0909090909090909,"P_Quarry1_2023_version3","3"
"CARU",1,0,0,0,0,0,NA,0.0621098734625393,1,0,0,0,0,0,NA,0.111111111111111,"P_Quarry1_2023_version3","3"
"CASU",1,0,0,0,0,0,NA,0.166666666666667,1,0,0,0,0,0,NA,0.166666666666667,"P_Quarry1_2023_version3","3"
"CRHI",1,0,0,0,0,0,NA,-8.88601199605463e-17,1,0,0,0,0,0,NA,0.0123456790123457,"P_Quarry1_2023_version3","3"
"DEUL",1,0,0,0,0,0,NA,0.333333333333333,1,0,0,0,0,0,NA,0.333333333333333,"P_Quarry1_2023_version3","3"
"DICA",1,0,0,0,0,0,NA,-8.88601199605463e-17,1,0,0,0,0,0,NA,0.0123456790123457,"P_Quarry1_2023_version3","3"
"ERGU",1,0,0,0,0,0,NA,-8.88601199605463e-17,1,0,0,0,0,0,NA,0.0123456790123457,"P_Quarry1_2023_version3","3"
"ERLA",1,0,0,0,0,0,NA,0.666666666666667,1,0,0,0,0,0,NA,0.666666666666667,"P_Quarry1_2023_version3","3"
"ESCA",1,0,0,0,0,0,NA,1.2,1,0,0,0,0,0,NA,1.2,"P_Quarry1_2023_version3","3"
"EUSP",1,0,0,0,0,0,NA,0.333333333333333,1,0,0,0,0,0,NA,0.345679012345679,"P_Quarry1_2023_version3","3"
"LACA",1,0,0,0,0,0,NA,0.841883164231034,1,0,0,0,0,0,NA,0.933333333333333,"P_Quarry1_2023_version3","3"
"LAMI",1,0,0,0,0,0,NA,1.75,1,0,0,0,0,0,NA,1.79938271604938,"P_Quarry1_2023_version3","3"
"LUMI",1,0,0,0,0,0,NA,3.68890781333416,1,0,0,0,0,0,NA,3.78703703703704,"P_Quarry1_2023_version3","3"
"LUSU",1,0,0,0,0,0,NA,1.43333333333333,1,0,0,0,0,0,NA,1.5320987654321,"P_Quarry1_2023_version3","3"
"MIDO",1,0,0,0,0,0,NA,4.49790398918188,1,0,0,0,0,0,NA,4.49790398918188,"P_Quarry1_2023_version3","3"
"RHAR",1,0,0,0,0,0,NA,6.98120208104211,1,0,0,0,0,0,NA,7.07037037037037,"P_Quarry1_2023_version3","3"
"SEVU",0,0.470611905083345,0.854188994267937,0.000255113752268863,47.2394126431121,217.272529157718,0.759568017549409,4.27789681907381,0,0.470611905083345,0.854177163714699,0.000498599481032974,22.182869349699,112.440589270852,0.609720269869405,3.03641975308642,"P_Quarry1_2023_version3","3"
"Sidalcea",1,0,0,0,0,0,NA,3.92207792207792,1,0,0,0,0,0,NA,3.9714606381273,"P_Quarry1_2023_version3","3"
"SOAP",1,0,0,0,0,0,NA,3.28102684301823,1,0,0,0,0,0,NA,3.77638888888889,"P_Quarry1_2023_version3","3"
"TOVE",1,0,0,0,0,0,NA,8.93809523809524,1,0,0,0,0,0,NA,8.93809523809524,"P_Quarry1_2023_version3","3"
"TRFU",1,0,0,0,0,0,NA,3.57528735632184,1,0,0,0,0,0,NA,3.57528735632184,"P_Quarry1_2023_version3","3"
"unk_aster",1,0,0,0,0,0,NA,5.69340463458111,1,0,0,0,0,0,NA,5.73044167161814,"P_Quarry1_2023_version3","3"
"URCI",1,0,0,0,0,0,NA,19.9823217688329,1,0,0,0,0,0,NA,20.0317044848823,"P_Quarry1_2023_version3","3"
"VIVI",0,0.497731481375048,0.821336790100577,7.43638872807533e-06,1019.05195236313,1027.88063896912,0.710377984644267,5.28364007250451,0,0.497731481375048,0.821337356234974,1.22093998075447e-05,641.747349207483,627.968339155373,0.84149476386427,5.36867283950617,"P_Quarry1_2023_version3","3"
"ASFA",0,0.518859422611473,0.518859422611473,0.535715579281429,8.32288369686062e-34,1.36369151815321e-15,3.1667034457058e-19,4.95001334505055e-19,0,0.518859422611473,0.800628057736648,0.0148270402158611,0.141662263735463,22.1720397384051,0.00511539688757833,0.00518134715025907,"P_Randy_2022_version1","1"
"CAPA",0,0.470315831024347,0.735998258051504,0.0125005852241717,25.5654773238299,22.2206304500968,0.846787260102789,0.837911855179435,0,0.470315831024347,0.735853100481116,0.0175183273817213,11.1139344045699,15.8285956142316,0.516673954497479,0.5,"P_Randy_2022_version1","1"
"CESO",0,0.498172026196575,0.84297288658743,0.0125005777043688,35.6331705815386,30.0377966633819,1,1,0,0.498172026196575,0.842972886566148,0.0125005809734994,35.6331718555928,30.0377977366167,1,1,"P_Randy_2022_version1","1"
"ERNU",0,0.477244285832739,0.729363516973041,0.0125005902190314,22.6359649386978,20.6783786989168,0.386638525112238,1.16887644581932,0,0.477244285832739,0.729313673753878,0.00749408344070008,15.5804647047796,34.5399019753116,0.560427515952789,1.7,"P_Randy_2022_version1","1"
"GRCA",0,0.544711990838271,0.825213113451758,0.00312515606097227,0.777992486249841,52.8804259660317,0.505883643061881,1.01174424701327,0,0.544711990838271,0.824441183405729,0.00361183189502827,0.57603126440831,45.6630079443513,0.098654135705611,0.210362694300518,"P_Randy_2022_version1","1"
"HECO",0,0.474430018814481,0.724955156886069,0.00078129297445671,112.636958828745,82.2077690156435,0.747873080266941,3.77856087027642,0,0.474430018814481,0.724952780193202,0.000859620629530177,82.7476794131062,74.9725872894086,0.493563403820734,2.5,"P_Randy_2022_version1","1"
"HEEX",0,0.54532621498002,0.855965990100935,0.000195321439651912,15.1385745799234,226.666706751182,0.473321074063193,2.77966447505644,0,0.54532621498002,0.855955191402309,0.000233457210076049,10.76440905141,190.15897046505,0.273117945784652,1.52478411053541,"P_Randy_2022_version1","1"
"LULU",0,0.497695169200979,0.803966734033381,0.000195321478324296,267.204330876801,214.823393214598,0.596638940713366,5.33483369194245,0,0.497695169200979,0.80396593091342,0.000244082609438937,162.91943141964,206.899277340296,0.534721113006126,4.77248390642173,"P_Randy_2022_version1","1"
"PEKE",0,0.462708760850462,0.740636003434324,4.45018516593919e-06,429.947580567834,1080.26720986237,0.575455862686418,10.8989734966314,0,0.462708760850462,0.740636004193551,4.41668130276239e-06,448.13267792793,1128.83130877342,0.735012025541918,13.938680663033,"P_Randy_2022_version1","1"
"Sidalcea",0,0.546143613707341,0.723530746055775,7.75036828710335e-07,2239.8444730864,2548.36494687793,0.419765235052127,2.18943491806911,0,0.546143613707341,0.723530745981047,7.76155123490031e-07,2219.66439144207,2545.4930727128,0.543075326636436,2.84850727855909,"P_Randy_2022_version1","1"
"ASFA",0,0.518859422611473,0.518859422611473,0.535715579281429,0,0,NA,0,1,0.518859422611473,1.51041178791727e-05,8.26521748029152e-05,0,0,NA,0,"P_Randy_2022_version2","2"
"CAPA",0,0.470315831024347,0.761742748532467,0.0125005275992643,0.192867673587682,23.8051171095096,0.00617159542235792,0.00585042516413304,0,0.470315831024347,0.759224020684349,0.013475363139742,0.163967821514237,21.9314564441901,0.00567624448607341,0.00540540540540541,"P_Randy_2022_version2","2"
"CESO",1,0,3.25774463139096e-29,1.76059049017795e-28,9.39427323409401e-48,-5.40702059186398e-38,-5.66007520671181e-39,-1.25066970314806e-10,1,0,0,0,0,0,NA,0.5,"P_Randy_2022_version2","2"
"ERNU",0,0.477244285832739,0.76896142891269,0.0125005802876732,29.8962835282977,22.9890889010988,1,1,0,0.477244285832739,0.768961428905936,0.0125005812459692,29.8962815206372,22.9890873570833,1,1,"P_Randy_2022_version2","2"
"GRCA",0,0.544711990838271,0.872198033626775,0.0125005789691897,33.1631798300388,29.4669021148709,0.667970572228567,2.00445033812877,0,0.544711990838271,0.871916640293879,0.0114685625202002,8.83551832762172,32.1062830830009,0.726675883702348,1.7,"P_Randy_2022_version2","2"
"HECO",0,0.474430018814481,0.76215789588048,0.00312515821808028,0.675683869689442,45.4026236190713,0.505545922931854,1.01093710246558,0,0.474430018814481,0.762017320745168,0.00322169056750416,0.633120993157715,44.0242911824025,0.124662111652989,0.260810810810811,"P_Randy_2022_version2","2"
"HEEX",0,0.54532621498002,0.90240990830253,0.000781291825028372,139.023385154058,125.948755885514,0.880483383580454,4.36659655099279,0,0.54532621498002,0.902408572039222,0.000798698252662907,112.071627300891,123.572070202299,0.540071869712721,2.63333333333333,"P_Randy_2022_version2","2"
"LULU",0,0.497695169200979,0.847570145031566,0.000195321465500319,281.697007745842,238.757973710067,0.605651099093304,5.41440038711718,0,0.497695169200979,0.847569397415147,0.000244081845599283,171.799822051814,229.451240738171,0.538076900915844,4.8007098007098,"P_Randy_2022_version2","2"
"PEKE",0,0.462708760850462,0.780804531522204,4.4501859405194e-06,478.492064721304,1200.62161946091,0.631775079862257,11.9919580451799,0,0.462708760850462,0.780804530592081,4.46379670391386e-06,490.047631445615,1241.82284942009,0.771307499079703,14.6394446394446,"P_Randy_2022_version2","2"
"Sidalcea",0,0.546143613707341,0.762771552249969,7.75036971214549e-07,2492.7401416762,2832.28231508853,0.62436430298067,3.2058071510476,0,0.546143613707341,0.76277155206086,7.84446297402513e-07,2430.27379729129,2799.35439321709,0.673415588356069,3.46029601029601,"P_Randy_2022_version2","2"
"ASFA",1,0,0,0,0,0,NA,0,1,0,0,0,0,0,NA,0,"P_Randy_2022_version3","3"
"CAPA",1,0,0,0,0,0,NA,0.00540540177691384,1,0,0,0,0,0,NA,0.00540540540540541,"P_Randy_2022_version3","3"
"CESO",0,0.498172026196575,0.842965007009892,0.0125005758960739,35.6328417326643,30.0372386809577,1,0.999999999997692,0,0.498172026196575,0.842879261764581,0.0249975124258833,17.7642032710478,14.9730785389367,1,0.5,"P_Randy_2022_version3","3"
"ERNU",1,0,0,0,0,0,NA,1,1,0,0,0,0,0,NA,1,"P_Randy_2022_version3","3"
"GRCA",1,0,0,0,0,0,NA,1.20000000000231,1,0,0,0,0,0,NA,1.7,"P_Randy_2022_version3","3"
"HECO",1,0,0,0,0,0,NA,0.260814385348047,1,0,0,0,0,0,NA,0.260810810810811,"P_Randy_2022_version3","3"
"HEEX",1,0,0,0,0,0,NA,2.63333333333333,1,0,0,0,0,0,NA,2.63333333333333,"P_Randy_2022_version3","3"
"LULU",1,0,0,0,0,0,NA,4.80070979345282,1,0,0,0,0,0,NA,4.8007098007098,"P_Randy_2022_version3","3"
"PEKE",1,0,0,0,0,0,NA,14.6394415366113,1,0,0,0,0,0,NA,14.6394446394446,"P_Randy_2022_version3","3"
"Sidalcea",1,0,0,0,0,0,NA,3.46029554947758,1,0,0,0,0,0,NA,3.46029601029601,"P_Randy_2022_version3","3"
"ASFA",0,0.519093158873307,0.519093158873307,0.544711990838271,0,0,0.00318013891583075,0.00387661128361426,1,0.519093158873307,4.31176675388425e-05,0.000226852404418833,2.00881024676395e-08,5.11203848107349e-07,1.69433803538974e-06,0.024390243902439,"P_Randy_2023_version1","1"
"CAPA",0,0.498721183672883,0.77082251857878,0.0125005916358253,32.8761568932775,25.3416820574749,1.00000000000759,1.00000000000825,0,0.498721183672883,0.751769991211602,0.173761323296323,0.165641266701243,1.65788080351361,0.0751104261225313,0.0714285714285714,"P_Randy_2023_version1","1"
"CESO",0,0.5069339901474,0.859114116345134,0.0125005791841163,36.4652528564722,31.3289782050618,0.500000140045165,1.00000022450589,0,0.5069339901474,0.858811462273286,0.0122614394589305,7.3208632037273,31.9190101056498,0.503081513816297,1.0049504950495,"P_Randy_2023_version1","1"
"ERNU",0,0.539572407346951,0.787425818066299,0.00138897524494159,17.366698887917,78.7398306932869,0.0868365283397193,0.189134453965242,0,0.539572407346951,0.787439007294707,0.00140104182598888,17.0657101599488,78.0644883082298,0.0908102281209382,0.196195652173913,"P_Randy_2023_version1","1"
"GRCA",0,0.493450280206022,0.767742169138777,0.00312532559488222,59.8138552047918,45.9216189715366,0.799883896860425,3.99938309529074,0,0.493450280206022,0.767750573343167,0.00312490733274693,51.6000933026144,56.728658425652,0.730466395270398,3.66666666666667,"P_Randy_2023_version1","1"
"HECO",0,0.518859422611473,0.82199734557051,0.000349878017091101,177.170684849901,145.633835972367,0.714266703290115,4.99982167448186,0,0.518859422611473,0.822010018474159,0.000575071767248717,111.582728464092,107.850071891368,0.430037035544613,2.80693581780538,"P_Randy_2023_version1","1"
"HEEX",0,0.470315831024347,0.738445333251472,2.17023747092269e-05,98.359381894819,521.345655539303,0.139318369243134,0.116913418234583,0,0.470315831024347,0.738458609844533,2.12591389230374e-05,101.863049436344,532.23446871503,0.141331781954849,0.118811881188119,"P_Randy_2023_version1","1"
"LULU",0,0.498172026196575,0.802217113823925,7.39696728967746e-05,354.266228649142,343.927727281025,0.645506641986614,5.10296582078298,0,0.498172026196575,0.80223150112137,7.38201266650389e-05,356.68579236718,345.549910733182,0.628493491438887,4.94939024390244,"P_Randy_2023_version1","1"
"PEKE",0,0.477244285832739,0.731797938019281,3.99009477622287e-07,4589.74564547724,3902.45054125069,0.705476755083538,15.5879047015493,0,0.477244285832739,0.731811059994444,4.00172713748354e-07,4560.93395677703,3914.92030442865,0.859328793501579,19.161230427883,"P_Randy_2023_version1","1"
"ASFA",0,0.519093158873307,0.519093158873307,0.544711990838271,0,0,NA,0,1,0.519093158873307,4.33233841299726e-05,0.000227934728809719,0,0,NA,0,"P_Randy_2023_version2","2"
"CAPA",0,0.498721183672883,0.770822518736382,0.0125005796008491,32.8761887393219,25.3417066104936,1.00000000000012,1.00000000000013,0,0.498721183672883,0.792060057551687,0.173756886580443,0.175379950966677,1.84502533864956,0.0752897270005801,0.0714285714285714,"P_Randy_2023_version2","2"
"CESO",0,0,0.859114114936152,0.0125008105476419,36.4645730569809,31.3283948579357,0.500000140132753,1.0000002246463,1,0,0,0,0,0,NA,1.0049504950495,"P_Randy_2023_version2","2"
"ERNU",0,0.539572407346951,0.787425818184021,0.00138897386745192,17.3667160343978,78.7399090343275,0.0868365276914261,0.189134452569653,0,0.539572407346951,0.827509773213658,0.00140106552896698,17.93421983447,86.2115663466346,0.0908107121181099,0.196195652173913,"P_Randy_2023_version2","2"
"GRCA",0,0.493450280206022,0.767742169228485,0.00312532225074372,59.8139212601311,45.9216696922655,0.799883856453534,3.99938288070766,0,0.493450280206022,0.8068171552187,0.00312491238112892,54.1725607513461,62.6006457546576,0.730466648838639,3.66666666666667,"P_Randy_2023_version2","2"
"HECO",0,0.518859422611473,0.821997345654079,0.000349875689588807,177.171390752986,145.634416691043,0.714266660570208,4.99982127479149,0,0.518859422611473,0.863834889058616,0.000575070912659916,117.232842354816,119.0899842544,0.430034464347006,2.80693581780538,"P_Randy_2023_version2","2"
"HEEX",0,0.470315831024347,0.738445333314113,2.17023533589635e-05,98.3594789561496,521.346169683115,0.139318369340901,0.116913418323206,0,0.470315831024347,0.77603198417978,2.1362457242825e-05,107.188852307673,584.93082500216,0.142208230756123,0.118811881188119,"P_Randy_2023_version2","2"
"LULU",0,0.498172026196575,0.802217113891532,7.39695995026586e-05,354.266578604859,343.928067565989,0.645508937128723,5.10298409560489,0,0.498172026196575,0.843049649057136,7.38197973215866e-05,374.782719284779,381.561464744181,0.62849338179823,4.95,"P_Randy_2023_version2","2"
"PEKE",0,0.477244285832739,0.731797938080359,3.99009085450119e-07,4589.75016530537,3902.45438635487,0.705620495078259,15.5917636533559,0,0.477244285832739,0.769046102976229,4.02116032276583e-07,4799.10416041378,4302.48729725896,0.859561775863591,19.1850109156878,"P_Randy_2023_version2","2"
"ASFA",1,0,0,0,0,0,NA,0,1,0,0,0,0,0,NA,0,"P_Randy_2023_version3","3"
"CAPA",1,0,0,0,0,0,NA,0.0612397277828747,1,0,0,0,0,0,NA,0.0714285714285714,"P_Randy_2023_version3","3"
"CESO",0,0.5069339901474,0.859114114675289,0.012500765211346,36.4644500460161,31.3285107196984,0.500000193809685,1.00000030281288,0,0.5069339901474,0.859114119173903,0.0125005777982474,36.4666122034432,31.3289814224174,1,1.0049504950495,"P_Randy_2023_version3","3"
"ERNU",0,0,0.787425807534073,0.00138925373758792,17.3632097671326,78.7240392146962,0.0868366270820949,0.189134623118196,1,0,0,0,0,0,NA,0.196195652173913,"P_Randy_2023_version3","3"
"GRCA",1,0,0,0,0,0,NA,3.6663586834066,1,0,0,0,0,0,NA,3.66666666666667,"P_Randy_2023_version3","3"
"HECO",1,0,0,0,0,0,NA,2.61413437145066,1,0,0,0,0,0,NA,2.80693581780538,"P_Randy_2023_version3","3"
"HEEX",1,0,0,0,0,0,NA,1.69538031779183e-18,1,0,0,0,0,0,NA,0.118811881188119,"P_Randy_2023_version3","3"
"LULU",0,0,0.802217113770626,7.39844919204263e-05,354.195228134959,343.858795191527,0.658697717330907,5.17092731137133,1,0,0,0,0,0,NA,4.95,"P_Randy_2023_version3","3"
"PEKE",0,0,0.731797938540425,3.99094953449854e-07,5331.55622589589,3901.62336766781,0.93439748270769,19.2982049795478,1,0,0,0,0,0,NA,19.1850109156878,"P_Randy_2023_version3","3"
"ERGU",0,0.491679636035897,0.491679636035897,0.539652397292504,0,0,0.0165316600379774,0.0269311559117811,1,0.491679636035897,3.05060732826676e-05,0.000170540913431002,3.4636685069235e-06,5.08399709738861e-06,2.07834354101716e-05,0.333333333333333,"P_Rock_2022_version1","1"
"LUMI",0,0.459642855315303,0.854400851080521,0.0125005806081424,32.5334886949736,27.7966404297753,0.999999999993837,0.999999999993372,0,0.459642855315303,0.853450586433364,0.0462111650132351,2.47430749216179,7.44577711196622,0.28361031339606,0.25,"P_Rock_2022_version1","1"
"LUSU",0,0.517469284295789,0.720242664481745,0.00312514134359434,57.9324626368856,41.7254312495837,0.999999999999903,0.999999999999903,0,0.517469284295789,0.720212725997001,0.00468743349124156,23.6501851649641,27.8051333772092,0.612590635582207,0.666666666666667,"P_Rock_2022_version1","1"
"MIGU",0,0.506261159319552,0.734979346947746,0.00312520942989228,61.0790908003914,44.8918702686337,1,2,0,0.506261159319552,0.734979347448969,0.00312514222739039,61.578627084149,45.2590191511112,1,2,"P_Rock_2022_version1","1"
"Sidalcea",0,0.53130468371385,0.789873710094122,0.00138972320128366,97.8816447420482,77.3141386409107,0.884527011273833,7.94523661310324,0,0.53130468371385,0.789862449720968,0.00312905166578219,64.0904566419486,55.8137421368929,0.533158951778067,4.50454545454545,"P_Rock_2022_version1","1"
"TRFU",0,0.537819178676148,0.81007520775587,0.00050069012034013,148.83123470126,120.564495247748,0.600005666636559,9.00009174268614,0,0.537819178676148,0.810003676246862,0.000654818670121992,12.2441626737557,122.726368540119,0.594716421308177,8.86653069153069,"P_Rock_2022_version1","1"
"TRLA",0,0.52693601002774,0.743267778983271,9.64549675265324e-06,258.605272536073,803.239575124369,0.285986398564854,3.81095478212575,0,0.52693601002774,0.743267841153654,8.45046733565357e-06,333.50481983897,925.005945786489,0.461915846847307,6.20262237762238,"P_Rock_2022_version1","1"
"VIVI",0,0.513520536228791,0.893711806064639,2.10837641531694e-06,2140.21321236034,2514.42976925192,0.367201895290256,3.21678570618022,0,0.513520536228791,0.893711803576764,2.24865487863408e-06,1850.15299422726,2375.35154469399,0.597743930327341,5.17630147630148,"P_Rock_2022_version1","1"
"ERGU",0,0.491679636035897,0.491679636035897,0.539652397292504,0,0,NA,0,1,0.491679636035897,3.04899301306004e-05,0.000170450666880023,0,0,NA,0,"P_Rock_2022_version2","2"
"LUMI",0,0.459642855315303,0.902873788855863,0.012500580072715,34.3843933568988,31.0447675077061,0.999999999998309,0.999999999997601,0,0.459642855315303,0.902688557801271,0.0218884124137705,10.5533387383744,17.687244066614,0.53860160971676,0.5,"P_Rock_2022_version2","2"
"LUSU",0,0.517469284295789,0.761044080451111,0.0125005803231439,30.5386975676949,23.2412950087066,0.999999999994592,0.999999999990513,0,0.517469284295789,0.760406257659472,0.0338882941349641,3.46328593744116,8.51414655506759,0.309309251592206,0.333333333333333,"P_Rock_2022_version2","2"
"MIGU",0,0.506261159319552,0.776678134268794,0.00312514167248065,64.5490954681781,50.1338710369628,1,0.999999999999603,0,0.506261159319552,0.776669570787792,0.00468771450712602,43.0156756298876,33.4089663286117,1,0.666666666666667,"P_Rock_2022_version2","2"
"Sidalcea",0,0.53130468371385,0.834674262991541,0.00312521005953429,68.9519267742918,57.5523986621787,1,2,0,0.53130468371385,0.834674262988224,0.00312521055040491,68.9519127632858,57.5523869673239,1,2,"P_Rock_2022_version2","2"
"TRFU",0,0.537819178676148,0.856027657948371,0.00138971429278554,94.3812350177348,80.7929483746231,0.777767371993883,6.99988471630191,0,0.537819178676148,0.856012616705272,0.00311236174526565,50.4963966999127,62.4480976203746,0.710698992980126,5.02857142857143,"P_Rock_2022_version2","2"
"TRLA",0,0.52693601002774,0.785432349357149,0.000500693037263909,158.472021772727,124.46905322387,0.666672910137477,10.0001079760929,0,0.52693601002774,0.785432274478213,0.000500529533436289,162.574473087301,138.05976941389,0.78371988012466,10.1350970017637,"P_Rock_2022_version2","2"
"VIVI",1,0,2.54073173507519e-14,9.20275639593215e-14,6.65832410379232e-27,2.2631622550114e-21,0.333333333333333,3.00000730761472,1,0,0,0,0,0,NA,6.3363315696649,"P_Rock_2022_version2","2"
"ERGU",1,0,0,0,0,0,NA,0,1,0,0,0,0,0,NA,0,"P_Rock_2022_version3","3"
"LUMI",1,0,0,0,0,0,NA,0.499999999963308,1,0,0,0,0,0,NA,0.5,"P_Rock_2022_version3","3"
"LUSU",1,0,0,0,0,0,NA,0.333333333333318,1,0,0,0,0,0,NA,0.333333333333333,"P_Rock_2022_version3","3"
"MIGU",1,0,0,0,0,0,NA,0.665262133664998,1,0,0,0,0,0,NA,0.666666666666667,"P_Rock_2022_version3","3"
"Sidalcea",1,0,0,0,0,0,NA,2,1,0,0,0,0,0,NA,2,"P_Rock_2022_version3","3"
"TRFU",1,0,0,0,0,0,NA,4.93938930240856,1,0,0,0,0,0,NA,5.02857142857143,"P_Rock_2022_version3","3"
"TRLA",1,0,0,0,0,0,NA,10.0198365269069,1,0,0,0,0,0,NA,10.1350970017637,"P_Rock_2022_version3","3"
"VIVI",0,0.513520536228791,0.893711809743378,2.10837865953026e-06,2813.4680014403,2514.4295792223,1,6.54217870373593,0,0.513520536228791,0.893711809135895,2.21790133762319e-06,2677.26054459186,2392.69936483535,1,6.3363315696649,"P_Rock_2022_version3","3"
"AMME",0,0.47302697497561,0.47302697497561,0.545243094067668,5.30683773211775e-26,2.08576986888079e-12,1.20352558379659e-14,2.07821094677703e-14,0,0.47302697497561,0.786401075322233,0.0158840262558725,2.50330668156898,17.5657111151133,0.112070786849808,0.111111111111111,"P_Rock_2023_version1","1"
"DICA",0,0.464368415071801,0.759899672080262,0.0125006095168019,4.80566147042976,24.1955572336814,0.15092938510318,0.150068146251376,0,0.464368415071801,0.723355255400253,0.0169413082499703,2.48926330894099,16.1574670339221,0.111442077698016,0.111111111111111,"P_Rock_2023_version1","1"
"ERGU",0,0.53995211175175,0.765007575558706,0.0125005716706219,31.0593334502579,23.7606253817716,0.999999999978098,0.99999999998078,0,0.53995211175175,0.72191515665025,0.0956374361678504,0.414563051517429,2.70235844448238,0.110747466121185,0.125,"P_Rock_2023_version1","1"
"EUSP",0,0.475142211665,0.859818354513004,0.0125005666768408,36.5074428599564,31.3897694473252,1,1,0,0.475142211665,0.819084518501692,0.0125005755152371,34.7729481381381,28.4819834826111,1,1,"P_Rock_2023_version1","1"
"HIIN",0,0.515151453653887,0.782491777346364,0.012500609544858,4.15643009208893,23.5848535977669,0.137900892905374,0.142056970465814,0,0.515151453653887,0.745010092050929,0.0160432095730225,2.40312893080686,16.6411675485671,0.10758591912049,0.111111111111111,"P_Rock_2023_version1","1"
"LACA",0,0.450481560873092,0.77344384035248,0.0125005615884705,29.1876089497941,22.5749763843976,0.999999998779074,0.999999998783136,0,0.450481560873092,0.736577254763511,0.0214968913516638,8.04634854755344,11.8759315679593,0.499056203726988,0.5,"P_Rock_2023_version1","1"
"PLER",0,0.543593594056365,0.764886728468421,0.0125005717805357,29.9062930423829,23.4951159894706,0.501935426628736,1.00383637042583,0,0.543593594056365,0.727947094442356,0.0159414978874592,2.77886065732595,16.6686633231295,0.307149984915653,0.611111111111111,"P_Rock_2023_version1","1"
"TRFU",0,0.477535305324725,0.791358337407082,0.00312516251011607,18.3009490460628,49.3635831792471,0.323176852090184,1.29332036269381,0,0.477535305324725,0.753848183591086,0.00350230829922604,18.2945657209266,46.37187980166,0.388050050705252,1.55555555555556,"P_Rock_2023_version1","1"
"TRLA",0,0.535876592661197,0.779476681389044,0.00138895611837316,36.0296078677834,71.4769802397649,0.209006042543652,0.414110486906059,0,0.535876592661197,0.742551592627132,0.000736079077513609,30.9482944377718,122.416868091377,0.211060665017683,0.419047619047619,"P_Rock_2023_version1","1"
"VIVI",0,0.477892856731961,0.818777355811646,1.2207573278183e-05,1145.41165836973,941.697818668923,0.874786211033047,13.9966076644928,0,0.477892856731961,0.779994945328036,1.27449022848195e-05,983.003436862226,839.347860987584,0.96690475273724,15.4559523809524,"P_Rock_2023_version1","1"
"AMME",1,0,0,0,0,0,NA,0,1,0,9.3812993306897e-20,4.35408709344828e-19,0,0,NA,0,"P_Rock_2023_version2","2"
"DICA",1,0.464368415071801,0,0,0,0,NA,0,0,0.464368415071801,0.464368415071801,0.5006819952981,0,0,NA,0,"P_Rock_2023_version2","2"
"ERGU",0,0.53995211175175,0.806014321741509,0.012500728875711,7.46326150117458,26.3801914070036,0.228030781279764,0.2518417426617,0,0.53995211175175,0.805478543425927,0.0237997903669811,3.08519505161211,13.7990772127414,0.180088739126904,0.125,"P_Rock_2023_version2","2"
"EUSP",0,0.475142211665,0.90622496061174,0.0125005811056569,38.4834726668405,34.8746835017105,1,1,0,0.475142211665,0.906224960626153,0.0125005787488533,38.4834832893375,34.8746931286371,1,1,"P_Rock_2023_version2","2"
"HIIN",0,0.515151453653887,0.825213362328547,0.0125005796393662,31.7913527277821,26.2346490774659,1,1,0,0.515151453653887,0.825213362342974,0.0125005772106631,31.7913614800774,26.2346563004355,1,1,"P_Rock_2023_version2","2"
"LACA",0,0.450481560873092,0.814928089171839,0.0125007287822411,7.4347005965613,25.0652290353522,0.241719169698196,0.236670932601972,0,0.450481560873092,0.81453178581506,0.0223796231238047,3.48065172817487,13.9541730768994,0.20317230210108,0.125,"P_Rock_2023_version2","2"
"PLER",0,0.543593594056365,0.806181488233707,0.0125005793579658,32.3809002128792,26.1048823331774,0.999999999647142,0.999999999645512,0,0.543593594056365,0.806025725201475,0.0206316204713065,9.78515890841203,15.778770925029,0.499854509761189,0.5,"P_Rock_2023_version2","2"
"TRFU",0,0.477535305324725,0.834063263232998,0.0125006197353815,30.7679825388612,27.3585575449171,0.508154161496943,1.01590704361701,0,0.477535305324725,0.833673204184676,0.0192973029190841,5.51840927585601,17.6777071943755,0.35048741241178,0.625,"P_Rock_2023_version2","2"
"TRLA",0,0.535876592661197,0.82153495592356,0.00312520052948971,33.1018500248613,52.91224881593,0.378485431595253,1.49558028147299,0,0.535876592661197,0.82151107134645,0.00436578378613143,25.9878699397417,47.5795611365424,0.603977406046816,2.25,"P_Rock_2023_version2","2"
"VIVI",1,0,0,0,0,0,NA,0.999999999999945,1,0,0,0,0,0,NA,1.375,"P_Rock_2023_version2","2"
"AMME",0,0.47302697497561,0.47302697497561,0.545243094067668,0,0,NA,0,1,0.47302697497561,1.10294665051456e-05,5.19771500866856e-05,0,0,NA,0,"P_Rock_2023_version3","3"
"DICA",1,0,0,0,0,0,NA,0,1,0,0,0,0,0,NA,0,"P_Rock_2023_version3","3"
"ERGU",1,0,0,0,0,0,NA,1.48394166314216e-12,1,0,0,0,0,0,NA,0.125,"P_Rock_2023_version3","3"
"EUSP",1,0,0,0,0,0,NA,1,1,0,0,0,0,0,NA,1,"P_Rock_2023_version3","3"
"HIIN",1,0,0,0,0,0,NA,1,1,0,0,0,0,0,NA,1,"P_Rock_2023_version3","3"
"LACA",1,0,0,0,0,0,NA,1.48394166314216e-12,1,0,0,0,0,0,NA,0.125,"P_Rock_2023_version3","3"
"PLER",1,0,0,0,0,0,NA,0.5,1,0,0,0,0,0,NA,0.5,"P_Rock_2023_version3","3"
"TRFU",1,0,0,0,0,0,NA,0.500000000001484,1,0,0,0,0,0,NA,0.625,"P_Rock_2023_version3","3"
"TRLA",1,0,0,0,0,0,NA,2.00000000000297,1,0,0,0,0,0,NA,2.25,"P_Rock_2023_version3","3"
"VIVI",0,0.477892856731961,0.818769188032724,0.00138895339608226,107.791884816542,88.256674007757,1,1.99999999999258,0,0.477892856731961,0.818768673241815,0.00138902304623459,107.786336669496,88.2520758684789,1,1.375,"P_Rock_2023_version3","3"
"CRHI",0,0.485752568038065,0.485752568038065,0.494485011764097,0,0,0.302386042742752,0.431646336633136,1,0.485752568038065,2.5169879482704e-05,0.000129094691677172,7.63587826439964e-06,6.49904824045935e-06,2.95726587260959e-05,0.5,"P_Rock_2024_version1","1"
"DICA",0,0.543411015762673,0.873754784664654,0.0125005479999664,37.0320384877042,32.3569208151309,0.999999999973776,3.99999999989731,0,0.543411015762673,0.873753862296846,0.0125070130199644,36.9995878631639,32.3400834141192,0.873676028590948,3.5,"P_Rock_2024_version1","1"
"ERGU",0,0.50894192324902,0.79119516998122,0.00138895297312775,6.91962491998865,75.4735141426934,0.536269503791925,1.0768851259138,0,0.50894192324902,0.791187394021159,0.00143360402551553,7.08880176987194,73.5531691859862,0.535393400572141,1.075,"P_Rock_2024_version1","1"
"MIDO",0,0.486904046282593,0.766783372785645,0.00312546668042351,66.685209163488,51.1331095974767,0.999999999999292,4.99999999999655,0,0.486904046282593,0.766724978796522,0.012515028145546,33.1552263698491,25.4489291552817,0.827758173672605,4.14285714285714,"P_Rock_2024_version1","1"
"PHIM",0,0.496305871543617,0.765661328955427,0.00138895618311128,24.5002383483602,69.1955366469423,0.52914826554189,3.16750586031687,0,0.496305871543617,0.765631749894682,0.00195121394881253,13.8295064419345,49.992806501765,0.437663746129854,2.60476190476191,"P_Rock_2024_version1","1"
"RACA",0,0.512783033569708,0.76592624899885,0.000195321412355089,47.7730850796448,190.705618115417,0.595934928975218,1.20068176844841,0,0.512783033569708,0.765926158496928,0.000197331842274362,47.6596960392723,189.157762295038,0.595645555859161,1.2,"P_Rock_2024_version1","1"
"TRFU",0,0.544445206082633,0.743652013384295,0.000195321782137445,182.080120826237,185.765100175726,0.353670111342775,1.77484380967674,0,0.544445206082633,0.743650187641554,0.000261074375929428,94.4142941091408,173.916447862531,0.42863741046564,2.1547619047619,"P_Rock_2024_version1","1"
"TRLA",0,0.490578630818324,0.807945492576845,0.000103656424418456,381.84083072577,308.506578066684,0.904658718038494,7.11723415031658,0,0.490578630818324,0.807945493751201,0.000103656908184752,383.447986065868,309.996461359432,0.893686631351606,6.66666666666667,"P_Rock_2024_version1","1"
"VIVI",0,0.455048163563501,0.857749583266487,1.7147558666351e-05,659.329878358661,768.823733998819,0.525269519755824,5.23120294880105,0,0.455048163563501,0.85774956146517,1.81988229805006e-05,596.903876182604,789.13751286815,0.718573495183168,7.15595238095238,"P_Rock_2024_version1","1"
"CRHI",0,0.485752568038065,0.485752568038065,0.494485011764097,0,0,NA,0,1,0.485752568038065,2.53660086051612e-05,0.000130100625323292,0,0,NA,0,"P_Rock_2024_version2","2"
"DICA",0,0.543411015762673,0.923878533397604,0.0125005838581244,39.1618491823764,36.180791787752,1,1,0,0.543411015762673,0.923878533442984,0.0125005763557231,39.1618676342664,36.1808088368343,1,1,"P_Rock_2024_version2","2"
"ERGU",0,0.50894192324902,0.836634492789831,0.0125005539077296,33.5318304832415,28.0538859919355,0.999999999838288,3.99999999936084,0,0.50894192324902,0.836635206884822,0.0125068700361057,33.5035373508739,28.0397120095727,0.874176411492273,3.5,"P_Rock_2024_version2","2"
"MIDO",0,0.486904046282593,0.810755802449517,0.00138895435699061,29.7938937665644,85.7891264439632,0.64078457987671,1.2860268142874,0,0.486904046282593,0.810651058149028,0.00527086952601131,6.86041689745986,23.000706679227,0.613874363774,1.075,"P_Rock_2024_version2","2"
"PHIM",0,0.496305871543617,0.809592926887028,0.00312548589470025,63.6762109913934,51.5518100298471,0.999999999999034,4.99999999999129,0,0.496305871543617,0.809529126987583,0.0125039403219472,31.7484998016898,25.7036936337114,0.903296845966482,4.14285714285714,"P_Rock_2024_version2","2"
"RACA",0,0.512783033569708,0.809833481044698,0.00138895656115547,24.2997003067438,79.9247789208003,0.534243453855368,3.16476846849124,0,0.512783033569708,0.809828151101255,0.00177370631345392,21.5017092134567,63.3734097047466,0.583761420646008,2.60476190476191,"P_Rock_2024_version2","2"
"TRFU",0,0.544445206082633,0.7863051040515,0.000195321627154312,189.758963581854,207.686576418023,0.859215420123286,1.71397318571254,0,0.544445206082633,0.786300060821519,0.000694389798920555,46.6043292647049,58.7901214702557,0.810436480955446,1.2,"P_Rock_2024_version2","2"
"TRLA",0,0.490578630818324,0.854284965577817,0.000195321843472339,221.736402151729,251.300004051763,0.358907855503895,1.78850245766799,0,0.490578630818324,0.854284219362959,0.000272700431653303,154.38472086343,192.545378206004,0.527123982172712,2.1547619047619,"P_Rock_2024_version2","2"
"VIVI",1,0,1.5049943625354e-23,8.08387161893804e-23,1.25607909393362e-44,3.51433240980214e-33,0.6,6.04672907448738,1,0,0,0,0,0,NA,8.32261904761905,"P_Rock_2024_version2","2"
"CRHI",1,0,0,0,0,0,NA,0,1,0,0,0,0,0,NA,0,"P_Rock_2024_version3","3"
"DICA",1,0,0,0,0,0,NA,1,1,0,0,0,0,0,NA,1,"P_Rock_2024_version3","3"
"ERGU",1,0,0,0,0,0,NA,3.5,1,0,0,0,0,0,NA,3.5,"P_Rock_2024_version3","3"
"MIDO",1,0,0,0,0,0,NA,1,1,0,0,0,0,0,NA,1.075,"P_Rock_2024_version3","3"
"PHIM",1,0,0,0,0,0,NA,4.00154588328469,1,0,0,0,0,0,NA,4.14285714285714,"P_Rock_2024_version3","3"
"RACA",1,0,0,0,0,0,NA,2.4446272468072,1,0,0,0,0,0,NA,2.60476190476191,"P_Rock_2024_version3","3"
"TRFU",1,0,0,0,0,0,NA,1,1,0,0,0,0,0,NA,1.2,"P_Rock_2024_version3","3"
"TRLA",1,0,0,0,0,0,NA,1.90674938452011,1,0,0,0,0,0,NA,2.1547619047619,"P_Rock_2024_version3","3"
"VIVI",0,0.455048163563501,0.857749622845342,1.71475613893533e-05,896.326338827629,768.823579075745,1,9.14707748539023,0,0.455048163563501,0.857749569829637,2.54037663685254e-05,608.940739278012,522.318657167456,1,8.32261904761905,"P_Rock_2024_version3","3"
"ESCA",0,0.537819178676148,0.537819178676148,0.461307059466516,0,0,0.295896583838706,0.828636654584946,1,0.537819178676148,3.41477162441557e-05,0.000185470905153194,1.20654414566464e-05,1.42365628596954e-05,2.73559721858134e-05,0.833333333333333,"P_South_Goatgrass_2024_version1","1"
"LACA",0,0.52693601002774,0.733436130038506,0.00312521750304576,58.6947862376241,43.0488768715575,1.00000000000003,2.00000000000006,0,0.52693601002774,0.733412312191169,0.00468751574260983,26.2362983735893,29.0645760349608,0.828806366190223,1.66666666666667,"P_South_Goatgrass_2024_version1","1"
"LUBI",0,0.513520536228791,0.787536352005244,0.00138895190825398,1.38950085581484,79.328387077657,0.199670602995486,0.670977151340267,0,0.513520536228791,0.787653110159436,0.00126755294418055,1.67377692361679,86.9806331253826,0.0221277495384779,0.0862238142526127,"P_South_Goatgrass_2024_version1","1"
"TRAL",0,0.539652397292504,0.808375761263262,0.000500023761069781,175.202878896717,141.629760603649,0.482911250510877,2.89269130793304,0,0.539652397292504,0.808368305450237,0.000899206305249373,49.7655151676778,122.304290166483,0.274158345736445,1.62892601353571,"P_South_Goatgrass_2024_version1","1"
"TRFU",0,0.537841295119301,0.741708399603482,1.61422580967106e-06,2663.76351057659,1975.73577035191,0.789634087280224,18.8865385244041,0,0.537841295119301,0.741708399381523,1.63125186081966e-06,2642.71285849819,2050.35895684675,0.843381669310153,19.958655361285,"P_South_Goatgrass_2024_version1","1"
"VIVI",0,0.498647070093382,0.893711817943996,5.78488849405803e-07,5414.29822622956,4906.50427985835,0.854322101824672,11.7211563617355,0,0.498647070093382,0.893711817846668,5.87108484977129e-07,5273.47870913837,4839.90901346176,0.956417083514101,12.8261948109267,"P_South_Goatgrass_2024_version1","1"
"ESCA",0,0.537819178676148,0.537819178676148,0.461307059466516,0,0,NA,0,1,0.537819178676148,3.43068183562242e-05,0.000186335057019949,0,0,NA,0,"P_South_Goatgrass_2024_version2","2"
"LACA",0,0.52693601002774,0.776623184031498,0.0125005709771079,31.0094415063727,24.0826511977177,1,1.99999999977105,0,0.52693601002774,0.776620109488925,0.0125013132753856,31.0074718116538,24.0810261533413,1,1.33333333333333,"P_South_Goatgrass_2024_version2","2"
"LUBI",0,0.513520536228791,0.83467601985531,0.00312520846662076,71.1472159647851,59.384875045273,1,1.99999999999629,0,0.513520536228791,0.834666301404042,0.00468823668866198,47.4139749510532,39.5748471072595,1,1.66666666666667,"P_South_Goatgrass_2024_version2","2"
"TRAL",0,0.539652397292504,0.856027915367942,0.0013889578259734,111.297698317042,95.2739366756904,0.999999999999642,2.9705115593904,0,0.539652397292504,0.856018400777171,0.00228158550348345,52.8800671156544,58.6213128416307,0.923230496695814,2.1,"P_South_Goatgrass_2024_version2","2"
"TRFU",0,0.537841295119301,0.785432713844076,0.000500024846888691,160.252110658212,125.867250173625,0.833333333333512,3.8225084804603,0,0.537841295119301,0.785430247892444,0.000900040746515412,90.9116199986807,85.0554052272356,0.871718084985426,3.26679151061174,"P_South_Goatgrass_2024_version2","2"
"VIVI",1,0,1.89797423974325e-23,6.59811641784355e-23,1.66100401159015e-41,6.15924115111888e-32,0.708333333333333,18.2069799603795,1,0,0,0,0,0,NA,20.6332084893883,"P_South_Goatgrass_2024_version2","2"
"ESCA",1,0,0,0,0,0,NA,0,1,0,0,0,0,0,NA,0,"P_South_Goatgrass_2024_version3","3"
"LACA",1,0,0,0,0,0,NA,1.32903063816125,1,0,0,0,0,0,NA,1.33333333333333,"P_South_Goatgrass_2024_version3","3"
"LUBI",1,0,0,0,0,0,NA,1.66558660434914,1,0,0,0,0,0,NA,1.66666666666667,"P_South_Goatgrass_2024_version3","3"
"TRAL",1,0,0,0,0,0,NA,2.09820230151369,1,0,0,0,0,0,NA,2.1,"P_South_Goatgrass_2024_version3","3"
"TRFU",1,0,0,0,0,0,NA,3.23488787920111,1,0,0,0,0,0,NA,3.26679151061174,"P_South_Goatgrass_2024_version3","3"
"VIVI",0,0.498647070093382,0.893711811823124,1.61422576814699e-06,3286.54783017352,2937.22661594774,1,20.6722925767747,0,0.498647070093382,0.893711811713878,1.63256842518598e-06,3259.48647619286,2913.04156389521,1,20.6332084893883,"P_South_Goatgrass_2024_version3","3"
"ACWR",0,0.483117495539187,0.483117495539187,0.452935547988366,9.59109145588751e-35,4.23713210294806e-16,1.0935755532455e-19,2.10719057117686e-19,0,0.483117495539187,0.777011875494261,0.0118641494594038,0.226045432041592,26.2613632831485,0.00668815183750394,0.008,"P_Upper_Grid_2_2024_version1","1"
"DEHE",0,0.455747527119586,0.865513332520958,0.00138895144597542,2.49193938588864,90.1103164554703,0.0239351813106387,0.0250141256952805,0,0.455747527119586,0.865486013377728,0.00142613112435956,2.33214774519061,87.7548078631559,0.0230009193084944,0.024,"P_Upper_Grid_2_2024_version1","1"
"DICA",0,0.548688298882306,0.783916746745101,0.0125005697202798,32.6836184969234,25.6220559424895,0.666666747583875,2.00000025133626,0,0.548688298882306,0.782909859608202,0.0113642386786004,2.38004053751067,28.1197319015058,0.445581365805074,1.34133333333333,"P_Upper_Grid_2_2024_version1","1"
"LUSU",0,0.50423931491293,0.808733538988563,5.65892375965497e-06,587.697708808554,1283.84601797123,0.185104585407976,0.381410555774887,0,0.50423931491293,0.80873353784854,5.65527744315119e-06,580.665534630808,1284.67422540597,0.213635095315518,0.4385,"P_Upper_Grid_2_2024_version1","1"
"TRFU",0,0.450165741611349,0.838557215993331,1.84922132932068e-05,949.618037245919,796.30905758146,0.848211660220374,9.33856812407946,0,0.450165741611349,0.838557216012511,1.84921425164975e-05,952.25979987694,798.627794861368,0.896855369387607,9.87083333333333,"P_Upper_Grid_2_2024_version1","1"
"VIVI",0,0.535619261947283,0.852816862412071,2.34576141823759e-06,1496.79003067093,2106.91624141913,0.784440892837209,6.25500694311413,0,0.535619261947283,0.852816862054698,2.34889129940858e-06,1475.73248791064,2106.50517177099,0.792610947193008,6.31733333333333,"P_Upper_Grid_2_2024_version1","1"
"ACWR",0,0.483117495539187,0.483117495539187,0.452935547988366,0,0,NA,0,1,0.483117495539187,9.74107886558938e-06,5.05051742936068e-05,0,0,NA,0,"P_Upper_Grid_2_2024_version2","2"
"DEHE",0,0.455747527119586,0.907830197761821,0.0125009384802544,0.65619243788815,32.9622286762524,0.0180725434711576,0.0186327630491024,0,0.455747527119586,0.902141721662161,0.0286021145734144,0.291363486486929,14.173927331453,0.0185446948599434,0.008,"P_Upper_Grid_2_2024_version2","2"
"DICA",0,0.548688298882306,0.825913925607845,0.00138894229342387,5.41664654767797,85.5660445144652,0.0522834009589704,0.0531657549815111,0,0.548688298882306,0.825763946813682,0.00305118076469598,2.6749671174362,38.9217721363321,0.0567520768775329,0.024,"P_Upper_Grid_2_2024_version2","2"
"LUSU",0,0.50423931491293,0.852041954973992,0.0125005201421067,35.4826400790929,30.2339302453646,0.666666911146513,2.00000074215493,0,0.50423931491293,0.85197787640314,0.0124958750932355,20.0820959844051,30.2407832530287,0.673004245203984,2.008,"P_Upper_Grid_2_2024_version2","2"
"TRFU",0,0.450165741611349,0.883549691662976,5.65888675901985e-06,1681.48480157898,1598.11332217885,0.964821661065166,1.92820073981778,0,0.450165741611349,0.883549642304698,1.38611928439785e-05,669.300413643181,652.891955713779,0.952845246325285,1.376,"P_Upper_Grid_2_2024_version2","2"
"VIVI",1,0,0,0,0,0,NA,6.99999999999997,1,0,0,0,0,0,NA,7.584,"P_Upper_Grid_2_2024_version2","2"
"ACWR",1,0,0,0,0,0,NA,0,1,0,0,0,0,0,NA,0,"P_Upper_Grid_2_2024_version3","3"
"DEHE",1,0,0,0,0,0,NA,1.30094023564766e-15,1,0,0,0,0,0,NA,0.008,"P_Upper_Grid_2_2024_version3","3"
"DICA",1,0,0,0,0,0,NA,3.90282071741086e-15,1,0,0,0,0,0,NA,0.024,"P_Upper_Grid_2_2024_version3","3"
"LUSU",1,0,0,0,0,0,NA,2,1,0,0,0,0,0,NA,2.008,"P_Upper_Grid_2_2024_version3","3"
"TRFU",1,0,0,0,0,0,NA,1.00000000000006,1,0,0,0,0,0,NA,1.376,"P_Upper_Grid_2_2024_version3","3"
"VIVI",0,0.535619261947283,0.852816871148765,2.34576095355338e-06,2470.53860228375,2106.91700085187,1,7.99999999999999,0,0.535619261947283,0.852816861581779,4.01685847972146e-06,1446.31532779216,1233.44209870533,1,7.584,"P_Upper_Grid_2_2024_version3","3"
"ASFA",0,0.462344429740843,0.462344429740843,0.521920428179167,1.28693815630277e-35,1.97156806606561e-16,3.01794646722451e-20,4.98482111586453e-20,0,0.462344429740843,0.832274295210775,0.0126953134899119,0.143669254173237,28.1006201499925,0.00425514549580217,0.00390625,"P_Vineyard_2022_version1","1"
"CESO",0,0.522830654342114,0.925900815880243,0.00312514135859721,66.7818904883516,61.8334068891898,1,1,0,0.522830654342114,0.925900815873997,0.00312514251728659,66.781865707517,61.8333839441777,1,1,"P_Vineyard_2022_version1","1"
"CLPU",0,0.514807527915019,0.753547255955946,0.00312514456391877,0.433116573353489,48.0691812748114,0.0067896684882916,0.00745692310884044,0,0.514807527915019,0.753896306986129,0.00295369206775858,0.480342540643321,50.9085859722106,0.00711330830671684,0.0078125,"P_Vineyard_2022_version1","1"
"GRCA",0,0.470121667729747,0.764004070620799,0.0124912370983863,30.8269681691702,23.5689778825658,0.665781445226506,1.99740531374263,0,0.470121667729747,0.762400097712833,0.010959424772074,1.41402371064639,26.761547314875,0.389722891103615,1.17057291666667,"P_Vineyard_2022_version1","1"
"HECO",0,0.534869533863323,0.790752442544469,0.000500023012216682,2.86687034587607,119.751170162343,0.0189307939570572,0.0177028282625331,0,0.534869533863323,0.790788812102906,0.000448575351759929,3.52441618248322,133.499593557313,0.0208769840569263,0.01953125,"P_Vineyard_2022_version1","1"
"HEEX",0,0.452255640878461,0.772271985738203,0.000347237852629944,182.190496143183,140.700616239127,0.5,1,0,0.452255640878461,0.772271170047624,0.00034723026641906,132.694078563406,179.815436484723,0.50565338185442,1.01171875,"P_Vineyard_2022_version1","1"
"HOMA",0,0.460556244296281,0.864637242092283,0.000500137762182397,166.641304688106,144.102955279711,0.501327845084289,1.00259471019123,0,0.460556244296281,0.864635653224425,0.000600572826992618,117.55133058089,120.052808073606,0.761909742748095,1.5,"P_Vineyard_2022_version1","1"
"STAL",0,0.468797887591085,0.807759848571352,0.000782030352773087,129.519000854929,104.620248636732,0.887633350883711,8.87251013764747,0,0.468797887591085,0.807759882166907,0.000781840755567645,131.205524853392,106.128313855537,0.714261425811079,7.1352380952381,"P_Vineyard_2022_version1","1"
"TRLA",0,0.486096743371383,0.731778487320048,7.3968284541286e-05,18.8278973243867,290.646427491657,0.577212311052224,6.91462090148642,0,0.486096743371383,0.731780158357863,6.69323276181685e-05,24.9391479823111,322.967527819932,0.588635102807843,7.04816220238095,"P_Vineyard_2022_version1","1"
"ZETR",0,0.52796584282907,0.804540557664426,2.34264258522452e-07,7361.50236883518,6389.77105355318,0.611426551349517,9.18770918555683,0,0.52796584282907,0.804540557580432,2.3854773197776e-07,7030.95030637228,6300.60871091244,0.737148276521318,11.1030580357143,"P_Vineyard_2022_version1","1"
"ASFA",0,0.462344429740843,0.462344429740843,0.521920428179167,0,0,NA,0,1,0.462344429740843,3.84005388395624e-05,0.000196644856329543,0,0,NA,0,"P_Vineyard_2022_version2","2"
"CESO",1,0,7.63595837106957e-21,3.25630527398941e-20,5.22879046064252e-48,-4.75786962092833e-33,-8.39174451373923e-36,-8.87110769140262e-16,1,0,0,0,0,0,NA,0.04,"P_Vineyard_2022_version2","2"
"CLPU",0,0.514807527915019,0.804964334351344,0.00312514344547971,68.1463129250722,54.8553514222292,1,1,0,0.514807527915019,0.804964334368605,0.00312514109581366,68.1463641959907,54.8553926946662,1,1,"P_Vineyard_2022_version2","2"
"GRCA",0,0.470121667729747,0.812243767966477,0.00312516069622759,6.6502353899042,53.376853104022,0.101197652855874,0.0935611270081412,0,0.470121667729747,0.81220233015482,0.00340848544594816,5.34327336928574,48.9314543113517,0.0886918065744322,0.08,"P_Vineyard_2022_version2","2"
"HECO",0,0.534869533863323,0.840890887394906,0.0124894227803799,32.0943420542238,27.0309234106863,0.665681212173153,1.99693782338669,0,0.534869533863323,0.840429429533409,0.0118629582800441,5.00531930155278,28.431344751502,0.405208700463415,1.20666666666667,"P_Vineyard_2022_version2","2"
"HEEX",0,0.452255640878461,0.82110851937141,0.000500025690918933,35.8676706807127,132.543558401194,0.222200537854852,0.22981953114957,0,0.452255640878461,0.821105423224148,0.000535896637371013,29.8532148603241,123.669561787753,0.198210750229369,0.2,"P_Vineyard_2022_version2","2"
"HOMA",0,0.460556244296281,0.919331187818508,0.00034723810819855,212.698120191455,195.540015482443,0.500000000000059,1.00000000000011,0,0.460556244296281,0.919330676275698,0.000347168669550149,179.864122866623,237.11799472059,0.568097179024517,1.12,"P_Vineyard_2022_version2","2"
"STAL",0,0.468797887591085,0.858856937792215,0.000500162676789291,172.17634070802,147.898360356282,0.501497072702131,1.00309744591438,0,0.468797887591085,0.858856937301592,0.000500206232127394,172.167591896585,147.900561578759,0.832148799591683,1.66666666666667,"P_Vineyard_2022_version2","2"
"TRLA",0,0.486096743371383,0.778072479440672,0.000781921125871561,129.853662685263,101.035561330689,0.89999999401897,8.99999993885655,0,0.486096743371383,0.778072598377646,0.000782240987399308,132.086020703697,102.846178546506,0.813803356241004,8.13030303030303,"P_Vineyard_2022_version2","2"
"ZETR",0,0.52796584282907,0.855430596154932,7.39684573054255e-05,321.518811447515,406.518938348454,0.806380340597978,9.67658413369146,0,0.52796584282907,0.855430212033387,8.97388734381387e-05,212.856250708311,338.58058312781,0.879912151846959,10.5563636363636,"P_Vineyard_2022_version2","2"
"ASFA",1,0,0,0,0,0,NA,0,1,0,0,0,0,0,NA,0,"P_Vineyard_2022_version3","3"
"CESO",0,0.522830654342114,0.925846967485364,0.0125009235781885,33.3128002063774,30.8425550495203,1,1.00000000145127,0,0.522830654342114,0.924006917574061,0.312540884801452,1.23227762952569,1.1386330540535,1,0.04,"P_Vineyard_2022_version3","3"
"CLPU",1,0,0,0,0,0,NA,1,1,0,0,0,0,0,NA,1,"P_Vineyard_2022_version3","3"
"GRCA",1,0,0,0,0,0,NA,-1.20257909497593e-10,1,0,0,0,0,0,NA,0.08,"P_Vineyard_2022_version3","3"
"HECO",1,0,0,0,0,0,NA,1.16666666660654,1,0,0,0,0,0,NA,1.20666666666667,"P_Vineyard_2022_version3","3"
"HEEX",1,0,0,0,0,0,NA,-3.00644718461132e-10,1,0,0,0,0,0,NA,0.2,"P_Vineyard_2022_version3","3"
"HOMA",1,0,0,0,0,0,NA,0.999999999819613,1,0,0,0,0,0,NA,1.12,"P_Vineyard_2022_version3","3"
"STAL",1,0,0,0,0,0,NA,1.66666666666665,1,0,0,0,0,0,NA,1.66666666666667,"P_Vineyard_2022_version3","3"
"TRLA",1,0,0,0,0,0,NA,8.13030303030304,1,0,0,0,0,0,NA,8.13030303030303,"P_Vineyard_2022_version3","3"
"ZETR",1,0,0,0,0,0,NA,10.036363635582,1,0,0,0,0,0,NA,10.5563636363636,"P_Vineyard_2022_version3","3"
"ASFA",0,0.535460311819548,0.535460311819548,0.470281730974224,0,0,0.196547067987728,0.268838707624963,1,0.535460311819548,3.7613501269001e-05,0.000190068764771877,1.14857416915388e-05,9.24084657018239e-06,4.67510153327419e-05,0.5,"P_Vineyard_2024_version1","1"
"CESO",0,0.481460751142102,0.845991694526746,0.000503173162734086,36.3995974004254,132.632817424919,0.517200376384528,1.98067580239329,0,0.481460751142102,0.845974849985667,0.000686579187074549,16.8791789908192,97.8028450001583,0.447824071603937,1.67613636363636,"P_Vineyard_2024_version1","1"
"CIVU",0,0.510844445303476,0.750717345184356,0.000347237987427652,59.2469302914781,144.327849268741,0.370547293023225,1.06885903648568,0,0.510844445303476,0.750428114797985,0.00196822901320262,1.64713569947562,25.6164547056096,0.369515147394115,0.608653846153846,"P_Vineyard_2024_version1","1"
"HEEX",0,0.462592215515949,0.839855769223487,0.000103310473428862,260.874263585602,316.692194776916,0.183666678909515,0.707044633900504,0,0.462592215515949,0.839811557163425,0.000626384791019576,5.43216270271297,52.7273287888967,0.0839546662416821,0.333450788342093,"P_Vineyard_2024_version1","1"
"HOMA",0,0.487366176553707,0.802346527363943,4.34840677530165e-05,557.440862997449,447.263069117235,0.483293001906626,6.29984439354683,0,0.487366176553707,0.80234630046104,4.7875130182837e-05,128.461376228388,567.035329974282,0.479956338189841,6.27752027647475,"P_Vineyard_2024_version1","1"
"SOCA",0,0.463329338148855,0.873296196646243,1.38895255319854e-05,187.788071138412,977.117767076115,0.824103184520398,15.5970222469842,0,0.463329338148855,0.873296876168515,1.67389696989999e-05,140.05640569369,844.276550919362,0.816098361566399,15.3824746807102,"P_Vineyard_2024_version1","1"
"STAL",0,0.47618626781096,0.729137275415579,2.02597289162219e-05,590.302918326247,546.550108689466,0.690284649163695,13.2390050377389,0,0.47618626781096,0.729137898476634,2.15098717465911e-05,334.939931472343,666.829537241429,0.700730586209266,13.5643739401489,"P_Vineyard_2024_version1","1"
"ZETR",0,0.462603098811863,0.859462557896927,4.1767417822818e-07,4841.71915425316,5000.54255430166,0.366432993396506,1.83871014134365,0,0.462603098811863,0.859463456406128,4.35768787597466e-07,4527.75869787664,5003.88858768022,0.541022090242855,2.6573901045338,"P_Vineyard_2024_version1","1"
"ASFA",0,0.535460311819548,0.535460311819548,0.470281730974224,0,0,NA,0,1,0.535460311819548,3.74782604407821e-05,0.000189385365027268,0,0,NA,0,"P_Vineyard_2024_version2","2"
"CESO",1,0,0,0,0,0,NA,0.268200173482703,1,0,0,0,0,0,NA,0.5,"P_Vineyard_2024_version2","2"
"CIVU",0,0.510844445303476,0.79014271490308,0.000502917952027841,34.155309248207,132.466066262119,0.503370660315159,1.98028336839316,0,0.510844445303476,0.790136803522625,0.000614818504081836,25.5187207176924,108.920891115926,0.445044145695876,1.73333333333333,"P_Vineyard_2024_version2","2"
"HEEX",0,0.462592215515949,0.88396775683303,0.000347237884191944,86.8632360708737,191.354030853736,0.467096665530273,1.09430609411436,0,0.462592215515949,0.883726438013744,0.00202060649377655,2.0739240002474,33.0546157485135,0.37743842085245,0.61505376344086,"P_Vineyard_2024_version2","2"
"HOMA",0,0.487366176553707,0.844491886566482,0.000103310443278927,227.94286076856,321.506085749197,0.201702499174863,0.88132866760621,0,0.487366176553707,0.844455557284457,0.000576977078074836,5.29083958783404,57.7106155946419,0.0982967002194215,0.460733486943164,"P_Vineyard_2024_version2","2"
"SOCA",0,0.463329338148855,0.919169051580371,1.38895216237878e-05,197.652380018106,1082.46716744678,0.868672623671759,16.4680311159831,0,0.463329338148855,0.919168879249301,1.63023574404105e-05,158.098420691551,960.161971977364,0.854705875013489,16.1384372373417,"P_Vineyard_2024_version2","2"
"STAL",0,0.47618626781096,0.767437668315117,2.02387521307e-05,641.082686007189,605.775503300309,0.788178083665579,15.0112223470985,0,0.47618626781096,0.767437654043399,1.9199478629097e-05,598.771329174916,812.433776589843,0.801012050482392,15.3694689592209,"P_Vineyard_2024_version2","2"
"ZETR",0,0.462603098811863,0.904608699184194,4.17674059349368e-07,5096.04788403861,5539.68218350268,0.459650785207932,2.29662823332162,0,0.462603098811863,0.904608699051304,4.24116666735456e-07,5117.73277248751,5697.73299999372,0.647136153871943,3.18297321972002,"P_Vineyard_2024_version2","2"
"ASFA",1,0,0,0,0,0,NA,0,1,0,0,0,0,0,NA,0,"P_Vineyard_2024_version3","3"
"CESO",0,0.481460751142102,0.845935555168097,0.0125006717479699,31.4553897035557,26.6092325519062,1,1.00000000028437,0,0.481460751142102,0.845865341889827,0.0250021941601506,15.676530688153,13.2602339901809,1,0.5,"P_Vineyard_2024_version3","3"
"CIVU",1,0,0,0,0,0,NA,1.73333333333333,1,0,0,0,0,0,NA,1.73333333333333,"P_Vineyard_2024_version3","3"
"HEEX",1,0,0,0,0,0,NA,0.11505376314888,1,0,0,0,0,0,NA,0.61505376344086,"P_Vineyard_2024_version3","3"
"HOMA",1,0,0,0,0,0,NA,0.460733486943164,1,0,0,0,0,0,NA,0.460733486943164,"P_Vineyard_2024_version3","3"
"SOCA",1,0,0,0,0,0,NA,16.1384372373417,1,0,0,0,0,0,NA,16.1384372373417,"P_Vineyard_2024_version3","3"
"STAL",1,0,0,0,0,0,NA,15.3694689592209,1,0,0,0,0,0,NA,15.3694689592209,"P_Vineyard_2024_version3","3"
"ZETR",1,0,0,0,0,0,NA,3.18297321972002,1,0,0,0,0,0,NA,3.18297321972002,"P_Vineyard_2024_version3","3"
