"ARTH","extinct_level_A_run1","animal_abundance_run1","sum_extract_run1","extinct_level_A_run2","animal_abundance_run2","sum_extract_run2","source_dataframe","version"
"Acmaeodera_sp.",1,2.36614159936271e-05,0.219302011448565,0,32.7604807715619,0.00500020254248331,"A__2023_spring_full_network_case3_version1","1"
"Apis_mellifera",0,35.5089115987571,0.00499978634079697,0,35.5093076147049,0.00500020403799134,"A__2023_spring_full_network_case3_version1","1"
"Acmaeodera_sp.",1,2.34730311738152e-05,0,1,2.34730311737188e-05,0,"A__2023_spring_nonserpentine_network_case3_version3","3"
"Apis_mellifera",1,0,0,0,0.515151857475355,0,"A__2023_spring_nonserpentine_network_case3_version3","3"
"Acmaeodera_sp.",1,2.36614159936271e-05,0.219302011448565,0,32.7604807715619,0.00500020254248331,"A__2023_spring_serpentine_network_case3_version2","2"
"Apis_mellifera",0,35.5089115987571,0.00499978634079697,0,35.5093076147049,0.00500020403799134,"A__2023_spring_serpentine_network_case3_version2","2"
"Adela_eldorada",0,3.44426064353436,0.005000175469689,0,0.00156962212592311,0.00163669431388906,"A_Aikawa_2022_spring_full_network_case3_version1","1"
"Adela_flammeusella",0,3.92924602534387,0.005000175469689,0,0.00179064018037694,0.00163669431388906,"A_Aikawa_2022_spring_full_network_case3_version1","1"
"Adela_trigrapha",0,4.0118562740297,0.00500017553509273,0,0.109020293199245,0.00374510831416793,"A_Aikawa_2022_spring_full_network_case3_version1","1"
"Andrena_baeriae",0,5.78935742017656,0.00500018325606368,0,0.00883187252010541,0.00227320804831681,"A_Aikawa_2022_spring_full_network_case3_version1","1"
"Andrena_dissona",0,5.45655506485461,0.00500018325606368,0,0.00832417058244353,0.00227320804831681,"A_Aikawa_2022_spring_full_network_case3_version1","1"
"Andrena_pensilis",0,3.27633166492316,0.005000175469689,0,0.00149309335235963,0.00163669431388906,"A_Aikawa_2022_spring_full_network_case3_version1","1"
"Andrena_sp.",0,25.7425078779916,0.00500019123606445,0,25.7439272067103,0.00500022807166216,"A_Aikawa_2022_spring_full_network_case3_version1","1"
"Andrena_subchalybea",0,3.76983300879616,0.005000175469689,0,0.0017179923097944,0.00163669431388906,"A_Aikawa_2022_spring_full_network_case3_version1","1"
"Anthophora_californica",0,9.09122211966506,0.00500018438090536,0,1.1010097822806,0.00457580462757219,"A_Aikawa_2022_spring_full_network_case3_version1","1"
"Apis_mellifera",0,3.753734265258,0.005000175469689,0,0.00171065577409024,0.00163669431388906,"A_Aikawa_2022_spring_full_network_case3_version1","1"
"APME-mimic_Syrphid",0,10.86012312426,0.00500018409832398,0,0.0115266743762038,0.00213616214361017,"A_Aikawa_2022_spring_full_network_case3_version1","1"
"black_white_moth_Lepidoptera",0,4.18305286211426,0.00500017553509273,0,0.113672479345385,0.00374510831416793,"A_Aikawa_2022_spring_full_network_case3_version1","1"
"Bombus_californicus",0,8.9403271057058,0.00500018438090536,0,1.08273535456964,0.00457580462757219,"A_Aikawa_2022_spring_full_network_case3_version1","1"
"Bombus_crotchii",0,5.95576909200479,0.00500018325606368,0,0.00908573950918517,0.00227320804831681,"A_Aikawa_2022_spring_full_network_case3_version1","1"
"Bombus_melanopygus",0,3.63271229017788,0.005000175469689,0,0.00165550351121098,0.00163669431388906,"A_Aikawa_2022_spring_full_network_case3_version1","1"
"Bombus_sp.",0,5.40555039263076,0.00500018325606368,0,0.00824636112655775,0.00227320804831681,"A_Aikawa_2022_spring_full_network_case3_version1","1"
"Bombus_vosnesenskii",0,4.01349205597839,0.00500017553509273,0,0.109064744742067,0.00374510831416793,"A_Aikawa_2022_spring_full_network_case3_version1","1"
"Bombylius_major",0,3.80620520146078,0.00500017553509273,0,0.103431822712063,0.00374510831416793,"A_Aikawa_2022_spring_full_network_case3_version1","1"
"Braconidae",0,24.3519716282352,0.00500018960099291,0,22.2454644807817,0.00500832835411135,"A_Aikawa_2022_spring_full_network_case3_version1","1"
"brown_moth_Lepidoptera",0,10.3193015232955,0.00500018409832398,0,0.0109526592931145,0.00213616214361017,"A_Aikawa_2022_spring_full_network_case3_version1","1"
"Chrysis_angolensis",0,4.03017337443777,0.00500017553509273,0,0.109518051702322,0.00374510831416793,"A_Aikawa_2022_spring_full_network_case3_version1","1"
"Colias_eurytheme",0,3.40646211962446,0.005000175469689,0,0.00155239654258477,0.00163669431388906,"A_Aikawa_2022_spring_full_network_case3_version1","1"
"Conophorus_fenestratus",0,24.4957960078238,0.00500018928549331,0,15.1825778475551,0.00496304648156565,"A_Aikawa_2022_spring_full_network_case3_version1","1"
"Cylindromyia sp.",0,31.5053001401571,0.00500018795450691,0,49.6777607302356,0.00500646825483403,"A_Aikawa_2022_spring_full_network_case3_version1","1"
"Diadasia_nigrifrons",0,3.620911751451,0.00500017550677526,0,0.012692004893749,0.00269090131402849,"A_Aikawa_2022_spring_full_network_case3_version1","1"
"Elateridae",0,3.77300545253035,0.00500017550675835,0,0.0132251230998081,0.00269090131402849,"A_Aikawa_2022_spring_full_network_case3_version1","1"
"Eristalis_hirta",0,17.7445161947793,0.00500018972347785,0,0.378665628615501,0.00355752236799308,"A_Aikawa_2022_spring_full_network_case3_version1","1"
"Eucera_actuosa",0,3.52664288652266,0.00500017550675835,0,0.0123615740611291,0.00269090131402849,"A_Aikawa_2022_spring_full_network_case3_version1","1"
"Eucera_frater_albopilosa",0,30.6800750986953,0.00500019038052505,0,40.6136361965174,0.0050282522164388,"A_Aikawa_2022_spring_full_network_case3_version1","1"
"Euopeodes_fumipennis",0,25.0718178579293,0.00500019043262984,0,4.74004360142957,0.00455827203609309,"A_Aikawa_2022_spring_full_network_case3_version1","1"
"Glaucophysche_lygdamus",0,10.0766086217089,0.00500018495486506,0,0.348333004232306,0.00389047584089229,"A_Aikawa_2022_spring_full_network_case3_version1","1"
"Habropoda_trissema",0,10.1261426066917,0.0050001852010315,0,0.588308477423301,0.00410264708570154,"A_Aikawa_2022_spring_full_network_case3_version1","1"
"Heliolonche_modiella",0,9.59796983932213,0.0050001852010686,0,0.55762270447425,0.00410264708570154,"A_Aikawa_2022_spring_full_network_case3_version1","1"
"Helithodes_dimutiva",0,6.13677564257945,0.00500018218137335,0,0.0115447972048031,0.00250598825722238,"A_Aikawa_2022_spring_full_network_case3_version1","1"
"Hippodamia_convergens",0,18.1248228351021,0.00500018860511643,0,2.0461913427647,0.00442360914441382,"A_Aikawa_2022_spring_full_network_case3_version1","1"
"Junonia_grisea",0,5.97984346845224,0.00500018290391407,0,0.0931728016452305,0.00353137366335231,"A_Aikawa_2022_spring_full_network_case3_version1","1"
"Listrus_sp._1",0,43.6826051975471,0.0050001905505471,0,53.0253639536214,0.00499188038670166,"A_Aikawa_2022_spring_full_network_case3_version1","1"
"Muscidae",0,12.1763365753956,0.00500018687714683,0,0.0642563943308904,0.0030677194171127,"A_Aikawa_2022_spring_full_network_case3_version1","1"
"Osmia_cara",0,19.5345353545344,0.00500018991128708,0,4.03526348785551,0.00454085472827569,"A_Aikawa_2022_spring_full_network_case3_version1","1"
"Osmia_sp.",0,61.0755314751642,0.00500019338671355,0,86.1282118717555,0.00500785910095103,"A_Aikawa_2022_spring_full_network_case3_version1","1"
"Panurginus_sp.",0,30.4238921498871,0.00500018880128262,0,62.3719100460911,0.0050435223815522,"A_Aikawa_2022_spring_full_network_case3_version1","1"
"Polistes_aurifer",0,32.4359178125196,0.00500019081802239,0,34.9669847889915,0.00499980698391538,"A_Aikawa_2022_spring_full_network_case3_version1","1"
"Prosperpinus_clarkiae",0,37.9360246963523,0.00500019042558539,0,66.948922096592,0.00501624871822957,"A_Aikawa_2022_spring_full_network_case3_version1","1"
"Scaeva_affinis",0,64.9406492640481,0.00500019324035367,0,117.208160805427,0.00501535278931986,"A_Aikawa_2022_spring_full_network_case3_version1","1"
"silver_moth_Lepidoptera",0,20.629305776033,0.00500018825544544,0,12.0809593617587,0.00494024531309154,"A_Aikawa_2022_spring_full_network_case3_version1","1"
"small_gray_black_moth_Lepidoptera",0,66.6702529301799,0.00500019187050331,0,171.543531397343,0.0050190142124616,"A_Aikawa_2022_spring_full_network_case3_version1","1"
"Adela_eldorada",1,2.17005231473004e-05,0,1,2.16944738028205e-05,0,"A_Aikawa_2022_spring_nonserpentine_network_case3_version3","3"
"Adela_flammeusella",1,0,0,0,0.54873502389469,0,"A_Aikawa_2022_spring_nonserpentine_network_case3_version3","3"
"Adela_trigrapha",1,0,0,0,0.489546598046807,0,"A_Aikawa_2022_spring_nonserpentine_network_case3_version3","3"
"Andrena_baeriae",1,0,0,0,0.509673372683895,0,"A_Aikawa_2022_spring_nonserpentine_network_case3_version3","3"
"Andrena_dissona",1,0,0,0,0.480374698215339,0,"A_Aikawa_2022_spring_nonserpentine_network_case3_version3","3"
"Andrena_pensilis",1,0,0,0,0.457552905197978,0,"A_Aikawa_2022_spring_nonserpentine_network_case3_version3","3"
"Andrena_sp.",1,0,0,0,0.491677662423662,0,"A_Aikawa_2022_spring_nonserpentine_network_case3_version3","3"
"Andrena_subchalybea",1,0,0,0,0.526472354483079,0,"A_Aikawa_2022_spring_nonserpentine_network_case3_version3","3"
"Anthophora_californica",1,0,0,0,0.520861797114304,0,"A_Aikawa_2022_spring_nonserpentine_network_case3_version3","3"
"Apis_mellifera",1,0,0,0,0.524224100110225,0,"A_Aikawa_2022_spring_nonserpentine_network_case3_version3","3"
"APME-mimic_Syrphid",1,0,0,0,0.534450552558736,0,"A_Aikawa_2022_spring_nonserpentine_network_case3_version3","3"
"black_white_moth_Lepidoptera",1,0,0,0,0.510436854679341,0,"A_Aikawa_2022_spring_nonserpentine_network_case3_version3","3"
"Bombus_californicus",1,0,0,0,0.512216595682416,0,"A_Aikawa_2022_spring_nonserpentine_network_case3_version3","3"
"Bombus_crotchii",1,0,0,0,0.524323634372243,0,"A_Aikawa_2022_spring_nonserpentine_network_case3_version3","3"
"Bombus_melanopygus",1,0,0,0,0.507322894296294,0,"A_Aikawa_2022_spring_nonserpentine_network_case3_version3","3"
"Bombus_sp.",1,0,0,0,0.475884437805919,0,"A_Aikawa_2022_spring_nonserpentine_network_case3_version3","3"
"Bombus_vosnesenskii",1,0,0,0,0.489746204083667,0,"A_Aikawa_2022_spring_nonserpentine_network_case3_version3","3"
"Bombylius_major",1,0,0,0,0.464452034195164,0,"A_Aikawa_2022_spring_nonserpentine_network_case3_version3","3"
"Braconidae",1,0,0,0,0.545338718125289,0,"A_Aikawa_2022_spring_nonserpentine_network_case3_version3","3"
"brown_moth_Lepidoptera",1,0,0,0,0.507835531727334,0,"A_Aikawa_2022_spring_nonserpentine_network_case3_version3","3"
"Chrysis_angolensis",1,0,0,0,0.491781741307015,0,"A_Aikawa_2022_spring_nonserpentine_network_case3_version3","3"
"Colias_eurytheme",1,0,0,0,0.475726147008001,0,"A_Aikawa_2022_spring_nonserpentine_network_case3_version3","3"
"Conophorus_fenestratus",1,0,0,0,0.529352763471824,0,"A_Aikawa_2022_spring_nonserpentine_network_case3_version3","3"
"Cylindromyia sp.",1,0,0,0,0.531895670938257,0,"A_Aikawa_2022_spring_nonserpentine_network_case3_version3","3"
"Diadasia_nigrifrons",1,0,0,0,0.470541459284975,0,"A_Aikawa_2022_spring_nonserpentine_network_case3_version3","3"
"Elateridae",1,0,0,0,0.490306202573844,0,"A_Aikawa_2022_spring_nonserpentine_network_case3_version3","3"
"Eristalis_hirta",1,0,0,0,0.476346658601587,0,"A_Aikawa_2022_spring_nonserpentine_network_case3_version3","3"
"Eucera_actuosa",1,0,0,0,0.458291116872938,0,"A_Aikawa_2022_spring_nonserpentine_network_case3_version3","3"
"Eucera_frater_albopilosa",0,2.47255690249137,0.00500035355386243,0,2.59087598561877,0.00500068529066837,"A_Aikawa_2022_spring_nonserpentine_network_case3_version3","3"
"Euopeodes_fumipennis",0,2.24636890156664,0.00500035355386243,0,2.35386422694177,0.00500068529066837,"A_Aikawa_2022_spring_nonserpentine_network_case3_version3","3"
"Glaucophysche_lygdamus",0,2.72200787849249,0.00500035355386243,0,2.85226392074996,0.00500068529066837,"A_Aikawa_2022_spring_nonserpentine_network_case3_version3","3"
"Habropoda_trissema",0,2.6358192510216,0.00500035355386243,0,2.76195091527457,0.00500068529066837,"A_Aikawa_2022_spring_nonserpentine_network_case3_version3","3"
"Heliolonche_modiella",1,0,0,0,0.504001970893704,0,"A_Aikawa_2022_spring_nonserpentine_network_case3_version3","3"
"Helithodes_dimutiva",0,2.28579470597225,0.00500035355386243,0,2.39517667147615,0.00500068529066837,"A_Aikawa_2022_spring_nonserpentine_network_case3_version3","3"
"Hippodamia_convergens",0,2.60088662050501,0.00500035355386243,0,2.72534665618645,0.00500068529066837,"A_Aikawa_2022_spring_nonserpentine_network_case3_version3","3"
"Junonia_grisea",0,2.29416399087523,0.00500035355386243,0,2.40394645115751,0.00500068529066837,"A_Aikawa_2022_spring_nonserpentine_network_case3_version3","3"
"Listrus_sp._1",0,2.48471828962856,0.00500035355386243,0,2.60361933072351,0.00500068529066837,"A_Aikawa_2022_spring_nonserpentine_network_case3_version3","3"
"Muscidae",0,2.41449017589898,0.00500035355386243,0,2.53003059623019,0.00500068529066837,"A_Aikawa_2022_spring_nonserpentine_network_case3_version3","3"
"Osmia_cara",0,2.35177668047547,0.00500035355386243,0,2.46431607652893,0.00500068529066837,"A_Aikawa_2022_spring_nonserpentine_network_case3_version3","3"
"Osmia_sp.",1,0,0,0,0.540550432396378,0,"A_Aikawa_2022_spring_nonserpentine_network_case3_version3","3"
"Panurginus_sp.",0,2.63274725798435,0.00500035355386243,0,2.75873191838253,0.00500068529066837,"A_Aikawa_2022_spring_nonserpentine_network_case3_version3","3"
"Polistes_aurifer",0,2.42012751208479,0.00500035355386243,0,2.53593769547156,0.00500068529066837,"A_Aikawa_2022_spring_nonserpentine_network_case3_version3","3"
"Prosperpinus_clarkiae",0,2.41982661967129,0.00500035355386243,0,2.53562240446522,0.00500068529066837,"A_Aikawa_2022_spring_nonserpentine_network_case3_version3","3"
"Scaeva_affinis",0,2.31972578469416,0.00500035355386243,0,2.43073145162099,0.00500068529066837,"A_Aikawa_2022_spring_nonserpentine_network_case3_version3","3"
"silver_moth_Lepidoptera",0,1.64745731635707,0.00500035353721385,0,0.00718532602363975,0.00250034264533419,"A_Aikawa_2022_spring_nonserpentine_network_case3_version3","3"
"small_gray_black_moth_Lepidoptera",1,0,0,0,0.547250737434836,0,"A_Aikawa_2022_spring_nonserpentine_network_case3_version3","3"
"Adela_eldorada",1,2.18046075344602e-05,0,1,2.17921068337689e-05,0,"A_Aikawa_2022_spring_serpentine_network_case3_version2","2"
"Adela_flammeusella",1,0,0,0,0.54873502389469,0,"A_Aikawa_2022_spring_serpentine_network_case3_version2","2"
"Adela_trigrapha",1,0,0,0,0.489546598046807,0,"A_Aikawa_2022_spring_serpentine_network_case3_version2","2"
"Andrena_baeriae",1,0,0,0,0.509673372683895,0,"A_Aikawa_2022_spring_serpentine_network_case3_version2","2"
"Andrena_dissona",1,0,0,0,0.480374698215339,0,"A_Aikawa_2022_spring_serpentine_network_case3_version2","2"
"Andrena_pensilis",1,0,0,0,0.457552905197978,0,"A_Aikawa_2022_spring_serpentine_network_case3_version2","2"
"Andrena_sp.",1,0,0,0,0.491677662423662,0,"A_Aikawa_2022_spring_serpentine_network_case3_version2","2"
"Andrena_subchalybea",0,6.66204648613781,0.00500022801428865,0,0.0236310099893622,0.00277669983202636,"A_Aikawa_2022_spring_serpentine_network_case3_version2","2"
"Anthophora_californica",0,6.59104979718042,0.00500022801428865,0,0.023379176942214,0.00277669983202636,"A_Aikawa_2022_spring_serpentine_network_case3_version2","2"
"Apis_mellifera",1,0,0,0,0.524224100110225,0,"A_Aikawa_2022_spring_serpentine_network_case3_version2","2"
"APME-mimic_Syrphid",0,32.9993167558416,0.00500023303321108,0,32.9993176557986,0.00500023290035245,"A_Aikawa_2022_spring_serpentine_network_case3_version2","2"
"black_white_moth_Lepidoptera",1,0,0,0,0.510436854679341,0,"A_Aikawa_2022_spring_serpentine_network_case3_version2","2"
"Bombus_californicus",0,9.6113012814134,0.00500022933624245,0,0.697096094740874,0.00437698915495232,"A_Aikawa_2022_spring_serpentine_network_case3_version2","2"
"Bombus_crotchii",1,0,0,0,0.524323634372243,0,"A_Aikawa_2022_spring_serpentine_network_case3_version2","2"
"Bombus_melanopygus",0,11.7636782270662,0.00500022823191038,0,0.570121225366296,0.004046084240235,"A_Aikawa_2022_spring_serpentine_network_case3_version2","2"
"Bombus_sp.",0,8.92955977117186,0.00500022933624245,0,0.647650204897681,0.00437698915495232,"A_Aikawa_2022_spring_serpentine_network_case3_version2","2"
"Bombus_vosnesenskii",0,6.19730922287407,0.00500022801428865,0,0.0219825359152573,0.00277669983202636,"A_Aikawa_2022_spring_serpentine_network_case3_version2","2"
"Bombylius_major",1,0,0,0,0.464452034195164,0,"A_Aikawa_2022_spring_serpentine_network_case3_version2","2"
"Braconidae",0,6.9007837922133,0.00500022801428865,0,0.0244778374131537,0.00277669983202636,"A_Aikawa_2022_spring_serpentine_network_case3_version2","2"
"brown_moth_Lepidoptera",1,0,0,0,0.507835531727334,0,"A_Aikawa_2022_spring_serpentine_network_case3_version2","2"
"Chrysis_angolensis",1,0,0,0,0.491781741307015,0,"A_Aikawa_2022_spring_serpentine_network_case3_version2","2"
"Colias_eurytheme",1,0,0,0,0.475726147008001,0,"A_Aikawa_2022_spring_serpentine_network_case3_version2","2"
"Conophorus_fenestratus",0,25.0640390322803,0.00500023212004824,0,29.1039925646328,0.00504866895302014,"A_Aikawa_2022_spring_serpentine_network_case3_version2","2"
"Cylindromyia sp.",0,12.3334657150841,0.00500022823191038,0,0.597735712502211,0.004046084240235,"A_Aikawa_2022_spring_serpentine_network_case3_version2","2"
"Diadasia_nigrifrons",1,0,0,0,0.470541459284975,0,"A_Aikawa_2022_spring_serpentine_network_case3_version2","2"
"Elateridae",1,0,0,0,0.490306202573844,0,"A_Aikawa_2022_spring_serpentine_network_case3_version2","2"
"Eristalis_hirta",0,28.0766048566143,0.00500023212432891,0,29.7164332668999,0.00503056333730884,"A_Aikawa_2022_spring_serpentine_network_case3_version2","2"
"Eucera_actuosa",0,7.5140792113201,0.00500022823192516,0,0.00327204692678909,0.0020230421201175,"A_Aikawa_2022_spring_serpentine_network_case3_version2","2"
"Eucera_frater_albopilosa",0,37.5614730791804,0.00500023069626061,0,72.1949076876631,0.00501075933719575,"A_Aikawa_2022_spring_serpentine_network_case3_version2","2"
"Euopeodes_fumipennis",0,7.25229035661348,0.00500022892294518,0,0.112002676551557,0.00357684449348934,"A_Aikawa_2022_spring_serpentine_network_case3_version2","2"
"Glaucophysche_lygdamus",0,18.3340076651081,0.00500023205849409,0,0.0373458832397576,0.00273901094873507,"A_Aikawa_2022_spring_serpentine_network_case3_version2","2"
"Habropoda_trissema",0,25.7948546914159,0.00500022964604488,0,62.475766504511,0.00502985884813431,"A_Aikawa_2022_spring_serpentine_network_case3_version2","2"
"Heliolonche_modiella",0,31.0489310433173,0.0050002339298934,0,5.15016964925948,0.00454934914754442,"A_Aikawa_2022_spring_serpentine_network_case3_version2","2"
"Helithodes_dimutiva",0,10.3862234043792,0.00500022999012371,0,0.0875619035428131,0.00331632004934161,"A_Aikawa_2022_spring_serpentine_network_case3_version2","2"
"Hippodamia_convergens",0,12.4242120448895,0.00500022980197399,0,0.992912884976707,0.00424188666001706,"A_Aikawa_2022_spring_serpentine_network_case3_version2","2"
"Junonia_grisea",0,10.9590243818408,0.00500022980197317,0,0.875818641558227,0.00424188666001706,"A_Aikawa_2022_spring_serpentine_network_case3_version2","2"
"Listrus_sp._1",0,16.4310965262329,0.00500022865225929,0,1.57070510344438,0.0041170588131818,"A_Aikawa_2022_spring_serpentine_network_case3_version2","2"
"Muscidae",0,18.5524951402263,0.00500023045374956,0,0.0362552075845611,0.00267493894091826,"A_Aikawa_2022_spring_serpentine_network_case3_version2","2"
"Osmia_cara",0,19.5090989507962,0.00500023076383902,0,0.888346614992195,0.00375980151864726,"A_Aikawa_2022_spring_serpentine_network_case3_version2","2"
"Osmia_sp.",0,66.7261333160956,0.00500023589626161,0,82.56096094453,0.00500820632087421,"A_Aikawa_2022_spring_serpentine_network_case3_version2","2"
"Panurginus_sp.",0,15.4474633057685,0.00500022862205667,0,0.575740470558801,0.00378196906789294,"A_Aikawa_2022_spring_serpentine_network_case3_version2","2"
"Polistes_aurifer",0,37.3793658533824,0.00500023321523726,0,8.27618453036489,0.00446040647594562,"A_Aikawa_2022_spring_serpentine_network_case3_version2","2"
"Prosperpinus_clarkiae",0,35.2087542977216,0.00500023081949454,0,65.9103411483952,0.00503011846646233,"A_Aikawa_2022_spring_serpentine_network_case3_version2","2"
"Scaeva_affinis",0,23.4801180539847,0.00500023083641985,0,2.08770401011274,0.00416985796257274,"A_Aikawa_2022_spring_serpentine_network_case3_version2","2"
"silver_moth_Lepidoptera",0,76.8035803424984,0.00500023449167748,0,142.464221546696,0.00502809217891121,"A_Aikawa_2022_spring_serpentine_network_case3_version2","2"
"small_gray_black_moth_Lepidoptera",0,107.590511614324,0.00500023656958468,0,191.895285359135,0.00502263304841167,"A_Aikawa_2022_spring_serpentine_network_case3_version2","2"
"Anthophora_sp.",0,3.02097641995115,0.00500015027131357,0,0.177390600331437,0.00421109254298043,"A_Aikawa_2022_summer_full_network_case3_version1","1"
"Apis_mellifera",0,9.57184638191105,0.00500014081527779,0,3.73088389645128,0.00461974694271642,"A_Aikawa_2022_summer_full_network_case3_version1","1"
"Autographa_californica",0,3.08313377626436,0.00500015027131357,0,0.18104045702414,0.00421109254298043,"A_Aikawa_2022_summer_full_network_case3_version1","1"
"Bombus_californicus",0,3.13459179605995,0.00500015027131357,0,0.184062052573836,0.00421109254298043,"A_Aikawa_2022_summer_full_network_case3_version1","1"
"Bombus_vosnesenskii",0,2.80677718724732,0.00500015027131357,0,0.164812901906486,0.00421109254298043,"A_Aikawa_2022_summer_full_network_case3_version1","1"
"Bombylius_major",0,3.10561279457893,0.00500015027131357,0,0.182360416460881,0.00421109254298043,"A_Aikawa_2022_summer_full_network_case3_version1","1"
"Braconidae",0,7.76907482288992,0.00500013954319205,0,2.81968689354441,0.004866019190963,"A_Aikawa_2022_summer_full_network_case3_version1","1"
"Ceratina_punctigena",0,2.71729544420201,0.00500015027131357,0,0.159558567540377,0.00421109254298043,"A_Aikawa_2022_summer_full_network_case3_version1","1"
"Colias_eurytheme",0,17.3813491719094,0.00500013409278979,0,1.63989168462949,0.0042624711545267,"A_Aikawa_2022_summer_full_network_case3_version1","1"
"Danaus_plexippus",0,3.23008610711498,0.00500015027131357,0,0.189669442630932,0.00421109254298043,"A_Aikawa_2022_summer_full_network_case3_version1","1"
"Dianthidium_dubium",0,2.69215639827491,0.00500015027131357,0,0.158082412082932,0.00421109254298043,"A_Aikawa_2022_summer_full_network_case3_version1","1"
"Epicauta_puncticollis",0,10.9013355137507,0.00500013820154153,0,4.53351097809833,0.00480705888720923,"A_Aikawa_2022_summer_full_network_case3_version1","1"
"Eristalis_stipador",0,3.14142845276379,0.00500015027131357,0,0.184463498440385,0.00421109254298043,"A_Aikawa_2022_summer_full_network_case3_version1","1"
"Erynnis_tristus",0,3.01934207683005,0.00500015027131357,0,0.177294632329259,0.00421109254298043,"A_Aikawa_2022_summer_full_network_case3_version1","1"
"Geron_sp.",0,9.03791695463539,0.00500013954319205,0,3.280197008042,0.004866019190963,"A_Aikawa_2022_summer_full_network_case3_version1","1"
"Halictidae",0,2.89983447333587,0.00500015027131357,0,0.170277190690517,0.00421109254298043,"A_Aikawa_2022_summer_full_network_case3_version1","1"
"Halictus_ligatus",0,9.03982982341981,0.00500013954319205,0,3.2808912586302,0.004866019190963,"A_Aikawa_2022_summer_full_network_case3_version1","1"
"Halictus_tripartitus",0,11.7283569739283,0.00500013820154153,0,4.87744231267917,0.00480705888720923,"A_Aikawa_2022_summer_full_network_case3_version1","1"
"Heliolonche_modicella",0,11.8449735255106,0.00500013756579646,0,5.01641941115037,0.0048400358437088,"A_Aikawa_2022_summer_full_network_case3_version1","1"
"Heliopetes_ericetorum",0,11.5283082482917,0.00500013756579646,0,4.88230971104448,0.0048400358437088,"A_Aikawa_2022_summer_full_network_case3_version1","1"
"Heliothodes_diminutivus",0,24.6549514386226,0.00500013396379156,0,11.9562152437193,0.0048010674843599,"A_Aikawa_2022_summer_full_network_case3_version1","1"
"Icaricia_acmon",0,21.0131759625225,0.00500013396379156,0,10.1901662773635,0.0048010674843599,"A_Aikawa_2022_summer_full_network_case3_version1","1"
"Junonia_grisea",0,8.35510624048096,0.00500013827112223,0,0.8908552081026,0.00452556419334462,"A_Aikawa_2022_summer_full_network_case3_version1","1"
"Lasioglossum_incompletum",0,8.09747122080935,0.00500014025118602,0,3.03584559039608,0.00474288306683971,"A_Aikawa_2022_summer_full_network_case3_version1","1"
"Lasioglossum_titusi",0,18.1953380464059,0.00500013375902597,0,5.15968187582001,0.00516363318972596,"A_Aikawa_2022_summer_full_network_case3_version1","1"
"Megachile_apicalis",0,7.35803958746438,0.00500013899899874,0,0.809787856408169,0.00450907571509483,"A_Aikawa_2022_summer_full_network_case3_version1","1"
"Megachile-mimic_Syrphidae",0,7.52285266546582,0.0050001416763637,0,0.862726166693719,0.00441541974284843,"A_Aikawa_2022_summer_full_network_case3_version1","1"
"Melissodes_lupina",0,9.38459171407738,0.00500014025119518,0,3.51840353635231,0.00474288306683971,"A_Aikawa_2022_summer_full_network_case3_version1","1"
"Melissodes_robustior",0,19.0913008913842,0.00500013409676563,0,2.82193144217153,0.00449860501067959,"A_Aikawa_2022_summer_full_network_case3_version1","1"
"Nomada_vegana",0,20.7076975233866,0.00500013335281909,0,6.38243946406365,0.00468428215903385,"A_Aikawa_2022_summer_full_network_case3_version1","1"
"Strymon_melinus",0,36.0701933756581,0.00500013245201357,0,40.9355891736593,0.00496675882151652,"A_Aikawa_2022_summer_full_network_case3_version1","1"
"Villa_sp.",0,19.1106132853935,0.00500013393575249,0,3.91054921394605,0.00483111910020277,"A_Aikawa_2022_summer_full_network_case3_version1","1"
"white_moth_Lepidoptera",0,30.4708059938914,0.0050001319051412,0,9.5737360077592,0.00461893360130045,"A_Aikawa_2022_summer_full_network_case3_version1","1"
"Xeromelecta_californica",0,42.1752316739421,0.00500013134390158,0,57.1989808673462,0.00494574573945214,"A_Aikawa_2022_summer_full_network_case3_version1","1"
"Xylocopa_sp.",0,49.0614238599139,0.00500013125015426,0,293.780160002383,0.00509428950335152,"A_Aikawa_2022_summer_full_network_case3_version1","1"
"Anthophora_sp.",1,2.31601188300942e-05,0,1,2.2940579876269e-05,0,"A_Aikawa_2022_summer_nonserpentine_network_case3_version3","3"
"Apis_mellifera",1,0,0,0,0.514709597204211,0,"A_Aikawa_2022_summer_nonserpentine_network_case3_version3","3"
"Autographa_californica",1,0,0,0,0.524200211173948,0,"A_Aikawa_2022_summer_nonserpentine_network_case3_version3","3"
"Bombus_californicus",1,0,0,0,0.532949200544017,0,"A_Aikawa_2022_summer_nonserpentine_network_case3_version3","3"
"Bombus_vosnesenskii",1,0,0,0,0.477213543293631,0,"A_Aikawa_2022_summer_nonserpentine_network_case3_version3","3"
"Bombylius_major",1,0,0,0,0.528022136063325,0,"A_Aikawa_2022_summer_nonserpentine_network_case3_version3","3"
"Braconidae",1,0,0,0,0.468040816308018,0,"A_Aikawa_2022_summer_nonserpentine_network_case3_version3","3"
"Ceratina_punctigena",1,0,0,0,0.461999688861891,0,"A_Aikawa_2022_summer_nonserpentine_network_case3_version3","3"
"Colias_eurytheme",1,0,0,0,0.528770701810145,0,"A_Aikawa_2022_summer_nonserpentine_network_case3_version3","3"
"Danaus_plexippus",1,0,0,0,0.549185323109471,0,"A_Aikawa_2022_summer_nonserpentine_network_case3_version3","3"
"Dianthidium_dubium",1,0,0,0,0.457725500877819,0,"A_Aikawa_2022_summer_nonserpentine_network_case3_version3","3"
"Epicauta_puncticollis",1,0,0,0,0.49249325350043,0,"A_Aikawa_2022_summer_nonserpentine_network_case3_version3","3"
"Eristalis_stipador",1,0,0,0,0.534111581735365,0,"A_Aikawa_2022_summer_nonserpentine_network_case3_version3","3"
"Erynnis_tristus",1,0,0,0,0.51335422627784,0,"A_Aikawa_2022_summer_nonserpentine_network_case3_version3","3"
"Geron_sp.",1,0,0,0,0.544481051664092,0,"A_Aikawa_2022_summer_nonserpentine_network_case3_version3","3"
"Halictidae",1,0,0,0,0.493035318396536,0,"A_Aikawa_2022_summer_nonserpentine_network_case3_version3","3"
"Halictus_ligatus",1,0,0,0,0.544596290585863,0,"A_Aikawa_2022_summer_nonserpentine_network_case3_version3","3"
"Halictus_tripartitus",1,0,0,0,0.529855876592852,0,"A_Aikawa_2022_summer_nonserpentine_network_case3_version3","3"
"Heliolonche_modicella",1,0,0,0,0.487717896065543,0,"A_Aikawa_2022_summer_nonserpentine_network_case3_version3","3"
"Heliopetes_ericetorum",1,0,0,0,0.474679173587206,0,"A_Aikawa_2022_summer_nonserpentine_network_case3_version3","3"
"Heliothodes_diminutivus",1,0,0,0,0.532870480177398,0,"A_Aikawa_2022_summer_nonserpentine_network_case3_version3","3"
"Icaricia_acmon",1,0,0,0,0.45416034152925,0,"A_Aikawa_2022_summer_nonserpentine_network_case3_version3","3"
"Junonia_grisea",1,0,0,0,0.472860082109859,0,"A_Aikawa_2022_summer_nonserpentine_network_case3_version3","3"
"Lasioglossum_incompletum",1,0,0,0,0.459400020404439,0,"A_Aikawa_2022_summer_nonserpentine_network_case3_version3","3"
"Lasioglossum_titusi",1,0,0,0,0.536142937413483,0,"A_Aikawa_2022_summer_nonserpentine_network_case3_version3","3"
"Megachile_apicalis",1,0,0,0,0.454349108414887,0,"A_Aikawa_2022_summer_nonserpentine_network_case3_version3","3"
"Megachile-mimic_Syrphidae",1,0,0,0,0.545465129006405,0,"A_Aikawa_2022_summer_nonserpentine_network_case3_version3","3"
"Melissodes_lupina",1,0,0,0,0.532423210648086,0,"A_Aikawa_2022_summer_nonserpentine_network_case3_version3","3"
"Melissodes_robustior",1,0,0,0,0.536901362373913,0,"A_Aikawa_2022_summer_nonserpentine_network_case3_version3","3"
"Nomada_vegana",1,0,0,0,0.501197418361529,0,"A_Aikawa_2022_summer_nonserpentine_network_case3_version3","3"
"Strymon_melinus",1,0,0,0,0.525010402209596,0,"A_Aikawa_2022_summer_nonserpentine_network_case3_version3","3"
"Villa_sp.",1,0,0,0,0.549829936679374,0,"A_Aikawa_2022_summer_nonserpentine_network_case3_version3","3"
"white_moth_Lepidoptera",1,0,0,0,0.49174577022984,0,"A_Aikawa_2022_summer_nonserpentine_network_case3_version3","3"
"Xeromelecta_californica",1,0,0,0,0.471160252914373,0,"A_Aikawa_2022_summer_nonserpentine_network_case3_version3","3"
"Xylocopa_sp.",1,0,0,0,0.49037073186616,0,"A_Aikawa_2022_summer_nonserpentine_network_case3_version3","3"
"Anthophora_sp.",1,2.30471259580613e-05,0,1,2.32207259163438e-05,0,"A_Aikawa_2022_summer_serpentine_network_case3_version2","2"
"Apis_mellifera",0,2.944665959436,0.00500028351795391,0,0.397673260209585,0.00468140778419671,"A_Aikawa_2022_summer_serpentine_network_case3_version2","2"
"Autographa_californica",0,2.99896198981559,0.00500028351795391,0,0.4050058676067,0.00468140778419671,"A_Aikawa_2022_summer_serpentine_network_case3_version2","2"
"Bombus_californicus",0,3.04901516792598,0.00500028351795391,0,0.411765483404269,0.00468140778419671,"A_Aikawa_2022_summer_serpentine_network_case3_version2","2"
"Bombus_vosnesenskii",0,2.73015013507019,0.00500028351795391,0,0.368703180605223,0.00468140778419671,"A_Aikawa_2022_summer_serpentine_network_case3_version2","2"
"Bombylius_major",0,3.02082731376662,0.00500028351795391,0,0.407958750823975,0.00468140778419671,"A_Aikawa_2022_summer_serpentine_network_case3_version2","2"
"Braconidae",0,6.51384055808765,0.00500050437337903,0,3.86377583842223,0.00494953529584489,"A_Aikawa_2022_summer_serpentine_network_case3_version2","2"
"Ceratina_punctigena",0,2.64311130877548,0.00500028351795391,0,0.356948701722745,0.00468140778419671,"A_Aikawa_2022_summer_serpentine_network_case3_version2","2"
"Colias_eurytheme",0,18.1830731520326,0.00500066954207689,0,2.67205810115454,0.00455219969286909,"A_Aikawa_2022_summer_serpentine_network_case3_version2","2"
"Danaus_plexippus",0,3.1419024149544,0.00500028351795391,0,0.424309783783741,0.00468140778419671,"A_Aikawa_2022_summer_serpentine_network_case3_version2","2"
"Dianthidium_dubium",0,2.61865857664878,0.00500028351795391,0,0.353646392458107,0.00468140778419671,"A_Aikawa_2022_summer_serpentine_network_case3_version2","2"
"Epicauta_puncticollis",0,11.2837156040232,0.00500059178132308,0,8.5096239490814,0.00495046741288626,"A_Aikawa_2022_summer_serpentine_network_case3_version2","2"
"Eristalis_stipador",0,3.0556651788038,0.00500028351795391,0,0.412663558589912,0.00468140778419671,"A_Aikawa_2022_summer_serpentine_network_case3_version2","2"
"Erynnis_tristus",0,7.14447856552335,0.00500050437337903,0,4.23784761278707,0.00494953529584489,"A_Aikawa_2022_summer_serpentine_network_case3_version2","2"
"Geron_sp.",0,3.11498916497524,0.00500028351795391,0,0.420675184828756,0.00468140778419671,"A_Aikawa_2022_summer_serpentine_network_case3_version2","2"
"Halictidae",0,2.82066689024273,0.00500028351795391,0,0.380927349191214,0.00468140778419671,"A_Aikawa_2022_summer_serpentine_network_case3_version2","2"
"Halictus_ligatus",0,7.5792821516076,0.00500050437337903,0,4.49575745525902,0.00494953529584489,"A_Aikawa_2022_summer_serpentine_network_case3_version2","2"
"Halictus_tripartitus",0,3.03131818731538,0.00500028351795391,0,0.409375529484781,0.00468140778419671,"A_Aikawa_2022_summer_serpentine_network_case3_version2","2"
"Heliolonche_modicella",0,6.78769137591408,0.00500050437337903,0,4.02621428973123,0.00494953529584489,"A_Aikawa_2022_summer_serpentine_network_case3_version2","2"
"Heliopetes_ericetorum",0,10.875569888614,0.00500059178132308,0,8.20182050214277,0.00495046741288626,"A_Aikawa_2022_summer_serpentine_network_case3_version2","2"
"Heliothodes_diminutivus",0,7.4160911289365,0.00500050437337903,0,4.39895841259806,0.00494953529584489,"A_Aikawa_2022_summer_serpentine_network_case3_version2","2"
"Icaricia_acmon",0,11.8632551350019,0.00500061112846926,0,8.29388549672244,0.00495007422828289,"A_Aikawa_2022_summer_serpentine_network_case3_version2","2"
"Junonia_grisea",0,12.3517165289125,0.00500061112846926,0,8.63538054375534,0.00495007422828289,"A_Aikawa_2022_summer_serpentine_network_case3_version2","2"
"Lasioglossum_incompletum",0,23.5395106694358,0.00500067410016068,0,19.5719584932865,0.0049401271224458,"A_Aikawa_2022_summer_serpentine_network_case3_version2","2"
"Lasioglossum_titusi",0,27.4717932839928,0.00500067410016068,0,22.8414602772566,0.0049401271224458,"A_Aikawa_2022_summer_serpentine_network_case3_version2","2"
"Megachile_apicalis",0,8.59079849901967,0.0050005961044567,0,1.7066506239208,0.0048157410062398,"A_Aikawa_2022_summer_serpentine_network_case3_version2","2"
"Megachile-mimic_Syrphidae",0,18.1610469193695,0.00500066416911006,0,2.23519776219168,0.0047487582535009,"A_Aikawa_2022_summer_serpentine_network_case3_version2","2"
"Melissodes_lupina",0,8.89035053179275,0.00500057365960011,0,1.9453340004246,0.00481593759854149,"A_Aikawa_2022_summer_serpentine_network_case3_version2","2"
"Melissodes_robustior",0,20.0723287196533,0.00500067093177602,0,3.3831621480312,0.00457537717911186,"A_Aikawa_2022_summer_serpentine_network_case3_version2","2"
"Nomada_vegana",0,18.5328361734604,0.00500065221447264,0,6.75768739226635,0.00468863030079393,"A_Aikawa_2022_summer_serpentine_network_case3_version2","2"
"Strymon_melinus",0,39.6106761525057,0.00500067967872082,0,57.8562660286192,0.00499032980696475,"A_Aikawa_2022_summer_serpentine_network_case3_version2","2"
"Villa_sp.",0,19.4634810052493,0.00500066794040008,0,2.79393979720001,0.00466206771630638,"A_Aikawa_2022_summer_serpentine_network_case3_version2","2"
"white_moth_Lepidoptera",0,28.2204389227895,0.00500067321111741,0,12.7953345803335,0.00477673189522282,"A_Aikawa_2022_summer_serpentine_network_case3_version2","2"
"Xeromelecta_californica",0,40.6460736087274,0.00500068078573519,0,70.0927081126213,0.0049835176112495,"A_Aikawa_2022_summer_serpentine_network_case3_version2","2"
"Xylocopa_sp.",0,51.3071870228676,0.00500068265416242,0,175.293947493636,0.00510494586016476,"A_Aikawa_2022_summer_serpentine_network_case3_version2","2"
"Adela_eldorada",0,3.75332668588791,0.00500017847504612,0,0.402958705397981,0.00432963000723086,"A_Aikawa_2024_spring_full_network_case3_version1","1"
"Adela_sp.",0,16.4488916005484,0.00500018607097304,0,16.4488711419195,0.0050002046558908,"A_Aikawa_2024_spring_full_network_case3_version1","1"
"Andrena_baeriae",0,8.71820660997019,0.00500017948770509,0,2.43760121473913,0.00472233286803326,"A_Aikawa_2024_spring_full_network_case3_version1","1"
"Andrena_dissona",0,15.9688142046869,0.00500018607097304,0,15.9687943433122,0.0050002046558908,"A_Aikawa_2024_spring_full_network_case3_version1","1"
"Andrena_pensilis",0,3.53515497942009,0.00500017847504612,0,0.379535700791532,0.00432963000723086,"A_Aikawa_2024_spring_full_network_case3_version1","1"
"Andrena_sp.",0,5.00244994968187,0.00500017768234235,0,0.747952119961255,0.00451052869536601,"A_Aikawa_2024_spring_full_network_case3_version1","1"
"Andrena_subchalybea",0,8.18327528913519,0.00500017948770509,0,2.28803499197153,0.00472233286803326,"A_Aikawa_2024_spring_full_network_case3_version1","1"
"Anthophora_crotchii",0,4.25283537633507,0.00500017768234235,0,0.635871876263131,0.00451052869536601,"A_Aikawa_2024_spring_full_network_case3_version1","1"
"Anthrenus_sp.",0,7.62171915238076,0.00500017948770509,0,2.13102449779547,0.00472233286803326,"A_Aikawa_2024_spring_full_network_case3_version1","1"
"Apis_mellifera",0,4.01475695597352,0.00500017847504612,0,0.431025967367987,0.00432963000723086,"A_Aikawa_2024_spring_full_network_case3_version1","1"
"BF1_Diptera",0,7.79405019409444,0.00500017987808128,0,1.36454721865972,0.00445772923144575,"A_Aikawa_2024_spring_full_network_case3_version1","1"
"Bombus_californicus",0,7.73891650481728,0.00500017987808128,0,1.35489466062759,0.00445772923144575,"A_Aikawa_2024_spring_full_network_case3_version1","1"
"Bombus_melanopygus",0,3.97694872345765,0.00500017847504612,0,0.426966859970528,0.00432963000723086,"A_Aikawa_2024_spring_full_network_case3_version1","1"
"Bombus_vosnesenskii",0,3.80285135848222,0.00500017847504612,0,0.40827569473562,0.00432963000723086,"A_Aikawa_2024_spring_full_network_case3_version1","1"
"Brachysomida_californica",0,4.70993279711638,0.00500017768234235,0,0.704215785474847,0.00451052869536601,"A_Aikawa_2024_spring_full_network_case3_version1","1"
"Diadasia_bituberculata",0,8.57175788781278,0.00500017948770509,0,2.39665430862411,0.00472233286803326,"A_Aikawa_2024_spring_full_network_case3_version1","1"
"Diadasia_nigrifrons",0,4.75443334656927,0.00500017768234235,0,0.710869381312763,0.00451052869536601,"A_Aikawa_2024_spring_full_network_case3_version1","1"
"Halictus_ligatus",0,3.64570383992227,0.00500017847504612,0,0.391404272151953,0.00432963000723086,"A_Aikawa_2024_spring_full_network_case3_version1","1"
"Helithodes_dimutiva",0,8.91449518143461,0.00500017987808128,0,1.56070968269324,0.00445772923144575,"A_Aikawa_2024_spring_full_network_case3_version1","1"
"Hippodamia_convergens",0,9.71198913659468,0.00500017959608533,0,1.81046067226803,0.00442609281123198,"A_Aikawa_2024_spring_full_network_case3_version1","1"
"Listrus_sp._1",0,8.67499581171676,0.00500017959608533,0,1.61714953844111,0.00442609281123198,"A_Aikawa_2024_spring_full_network_case3_version1","1"
"Malachius_sp.",0,4.137006311624,0.00500017768234235,0,0.618553443229417,0.00451052869536601,"A_Aikawa_2024_spring_full_network_case3_version1","1"
"Muscidae",0,7.40007149711051,0.0050001794436944,0,0.86662627473214,0.00437786140923142,"A_Aikawa_2024_spring_full_network_case3_version1","1"
"Osmia_cara",0,16.4633148968336,0.00500018116689266,0,28.3839177732842,0.00503506262507029,"A_Aikawa_2024_spring_full_network_case3_version1","1"
"Osmia_sp.",0,4.14622035185063,0.00500017799675759,0,0.519599051597539,0.00442007935129844,"A_Aikawa_2024_spring_full_network_case3_version1","1"
"red_Braconidae",0,16.2886675196844,0.00500018116698375,0,28.0828133446214,0.00503506262507029,"A_Aikawa_2024_spring_full_network_case3_version1","1"
"silver_moth_Lepidoptera",0,3.79283653250886,0.00500017799674694,0,0.475313441680325,0.00442007935129844,"A_Aikawa_2024_spring_full_network_case3_version1","1"
"Sphaerophoria_sp.",0,6.24107756699906,0.00500017964249072,0,0.739712583500123,0.0043936796193383,"A_Aikawa_2024_spring_full_network_case3_version1","1"
"Tachnidae",0,7.98239018415555,0.00500017946070268,0,1.24556407420251,0.00449268522883204,"A_Aikawa_2024_spring_full_network_case3_version1","1"
"Xylocopa_sonorina",0,35.4496037629411,0.00500018659257887,0,173.686346704906,0.00506009520313475,"A_Aikawa_2024_spring_full_network_case3_version1","1"
"Adela_eldorada",1,2.26839688712642e-05,0,1,2.24833651593335e-05,0,"A_Aikawa_2024_spring_nonserpentine_network_case3_version3","3"
"Adela_sp.",1,0,0,0,0.531810732968995,0,"A_Aikawa_2024_spring_nonserpentine_network_case3_version3","3"
"Andrena_baeriae",1,0,0,0,0.542989009894891,0,"A_Aikawa_2024_spring_nonserpentine_network_case3_version3","3"
"Andrena_dissona",1,0,0,0,0.516289303436079,0,"A_Aikawa_2024_spring_nonserpentine_network_case3_version3","3"
"Andrena_pensilis",1,0,0,0,0.474322850175352,0,"A_Aikawa_2024_spring_nonserpentine_network_case3_version3","3"
"Andrena_sp.",1,0,0,0,0.544142897144958,0,"A_Aikawa_2024_spring_nonserpentine_network_case3_version3","3"
"Andrena_subchalybea",1,0,0,0,0.509672315306809,0,"A_Aikawa_2024_spring_nonserpentine_network_case3_version3","3"
"Anthophora_crotchii",1,0,0,0,0.462603361537961,0,"A_Aikawa_2024_spring_nonserpentine_network_case3_version3","3"
"Anthrenus_sp.",1,0,0,0,0.474697368510392,0,"A_Aikawa_2024_spring_nonserpentine_network_case3_version3","3"
"Apis_mellifera",1,0,0,0,0.538672554161713,0,"A_Aikawa_2024_spring_nonserpentine_network_case3_version3","3"
"BF1_Diptera",1,0,0,0,0.469617795906783,0,"A_Aikawa_2024_spring_nonserpentine_network_case3_version3","3"
"Bombus_californicus",1,0,0,0,0.466295805301655,0,"A_Aikawa_2024_spring_nonserpentine_network_case3_version3","3"
"Bombus_melanopygus",1,0,0,0,0.533599704915471,0,"A_Aikawa_2024_spring_nonserpentine_network_case3_version3","3"
"Bombus_vosnesenskii",1,0,0,0,0.51024051432509,0,"A_Aikawa_2024_spring_nonserpentine_network_case3_version3","3"
"Brachysomida_californica",1,0,0,0,0.512324261787498,0,"A_Aikawa_2024_spring_nonserpentine_network_case3_version3","3"
"Diadasia_bituberculata",1,0,0,0,0.53386786248715,0,"A_Aikawa_2024_spring_nonserpentine_network_case3_version3","3"
"Diadasia_nigrifrons",1,0,0,0,0.51716482153496,0,"A_Aikawa_2024_spring_nonserpentine_network_case3_version3","3"
"Halictus_ligatus",1,0,0,0,0.489155538072416,0,"A_Aikawa_2024_spring_nonserpentine_network_case3_version3","3"
"Helithodes_dimutiva",1,0,0,0,0.53712838310149,0,"A_Aikawa_2024_spring_nonserpentine_network_case3_version3","3"
"Hippodamia_convergens",1,0,0,0,0.516734786735258,0,"A_Aikawa_2024_spring_nonserpentine_network_case3_version3","3"
"Listrus_sp._1",1,0,0,0,0.461560659488458,0,"A_Aikawa_2024_spring_nonserpentine_network_case3_version3","3"
"Malachius_sp.",1,0,0,0,0.4500040225219,0,"A_Aikawa_2024_spring_nonserpentine_network_case3_version3","3"
"Muscidae",1,0,0,0,0.517606525573696,0,"A_Aikawa_2024_spring_nonserpentine_network_case3_version3","3"
"Osmia_cara",1,0,0,0,0.51287531711295,0,"A_Aikawa_2024_spring_nonserpentine_network_case3_version3","3"
"Osmia_sp.",1,0,0,0,0.495454717355526,0,"A_Aikawa_2024_spring_nonserpentine_network_case3_version3","3"
"red_Braconidae",1,0,0,0,0.507434594331977,0,"A_Aikawa_2024_spring_nonserpentine_network_case3_version3","3"
"silver_moth_Lepidoptera",1,0,0,0,0.453226937541378,0,"A_Aikawa_2024_spring_nonserpentine_network_case3_version3","3"
"Sphaerophoria_sp.",1,0,0,0,0.485139257942857,0,"A_Aikawa_2024_spring_nonserpentine_network_case3_version3","3"
"Tachnidae",1,0,0,0,0.535508245595502,0,"A_Aikawa_2024_spring_nonserpentine_network_case3_version3","3"
"Xylocopa_sonorina",1,0,0,0,0.487083723599596,0,"A_Aikawa_2024_spring_nonserpentine_network_case3_version3","3"
"Adela_eldorada",1,2.2782305142846e-05,0,1,2.29132374895315e-05,0,"A_Aikawa_2024_spring_serpentine_network_case3_version2","2"
"Adela_sp.",1,0,0,0,0.531810732968995,0,"A_Aikawa_2024_spring_serpentine_network_case3_version2","2"
"Andrena_baeriae",1,0,0,0,0.542989009894891,0,"A_Aikawa_2024_spring_serpentine_network_case3_version2","2"
"Andrena_dissona",1,0,0,0,0.516289303436079,0,"A_Aikawa_2024_spring_serpentine_network_case3_version2","2"
"Andrena_pensilis",1,0,0,0,0.474322850175352,0,"A_Aikawa_2024_spring_serpentine_network_case3_version2","2"
"Andrena_sp.",0,3.66180357601418,0.00500016099158487,0,0.92524360433514,0.00479683739913709,"A_Aikawa_2024_spring_serpentine_network_case3_version2","2"
"Andrena_subchalybea",0,17.0459041838937,0.00499995338536293,0,17.0458996974467,0.00500022908069666,"A_Aikawa_2024_spring_serpentine_network_case3_version2","2"
"Anthophora_crotchii",1,0,2.81098941751442e-15,0,0.462603361537961,0,"A_Aikawa_2024_spring_serpentine_network_case3_version2","2"
"Anthrenus_sp.",0,15.8761730178775,0.00499995338536293,0,15.8761688390736,0.00500022908069666,"A_Aikawa_2024_spring_serpentine_network_case3_version2","2"
"Apis_mellifera",0,3.62499096371169,0.00500016099158487,0,0.915942003819067,0.00479683739913709,"A_Aikawa_2024_spring_serpentine_network_case3_version2","2"
"BF1_Diptera",1,0,2.81098941751442e-15,0,0.469617795906783,0,"A_Aikawa_2024_spring_serpentine_network_case3_version2","2"
"Bombus_californicus",1,0,2.81098941751442e-15,0,0.466295805301655,0,"A_Aikawa_2024_spring_serpentine_network_case3_version2","2"
"Bombus_melanopygus",0,15.7258218686648,0.00499996571774975,0,15.7258176602387,0.00500022882646303,"A_Aikawa_2024_spring_serpentine_network_case3_version2","2"
"Bombus_vosnesenskii",0,3.43365786778348,0.00500016099158487,0,0.867597050384893,0.00479683739913709,"A_Aikawa_2024_spring_serpentine_network_case3_version2","2"
"Brachysomida_californica",0,15.0988090979264,0.00499996571774975,0,15.098805058806,0.00500022882646303,"A_Aikawa_2024_spring_serpentine_network_case3_version2","2"
"Diadasia_bituberculata",0,3.59265784451504,0.00500016099158487,0,0.907772255997591,0.00479683739913709,"A_Aikawa_2024_spring_serpentine_network_case3_version2","2"
"Diadasia_nigrifrons",0,10.6475517226646,0.00500001034990729,0,5.27229818559751,0.00492066433932691,"A_Aikawa_2024_spring_serpentine_network_case3_version2","2"
"Halictus_ligatus",0,10.0708877997983,0.00500001034990729,0,4.98675421903547,0.00492066433932691,"A_Aikawa_2024_spring_serpentine_network_case3_version2","2"
"Helithodes_dimutiva",0,3.61459948173795,0.00500016099158487,0,0.913316343523362,0.00479683739913709,"A_Aikawa_2024_spring_serpentine_network_case3_version2","2"
"Hippodamia_convergens",0,3.4773610017495,0.00500016099158487,0,0.878639708563462,0.00479683739913709,"A_Aikawa_2024_spring_serpentine_network_case3_version2","2"
"Listrus_sp._1",1,0,2.81098941751442e-15,0,0.461560659488458,0,"A_Aikawa_2024_spring_serpentine_network_case3_version2","2"
"Malachius_sp.",0,3.02829706597552,0.00500016099158487,0,0.765172799185582,0.00479683739913709,"A_Aikawa_2024_spring_serpentine_network_case3_version2","2"
"Muscidae",0,3.48322735856031,0.00500016099158487,0,0.880121986087608,0.00479683739913709,"A_Aikawa_2024_spring_serpentine_network_case3_version2","2"
"Osmia_cara",0,10.5592380580963,0.00500001034990729,0,5.22856832336776,0.00492066433932691,"A_Aikawa_2024_spring_serpentine_network_case3_version2","2"
"Osmia_sp.",0,9.6667153175687,0.0050000317345013,0,4.48003956753667,0.00485667789879805,"A_Aikawa_2024_spring_serpentine_network_case3_version2","2"
"red_Braconidae",0,9.90045223847136,0.0050000317345013,0,4.58836495229321,0.00485667789879805,"A_Aikawa_2024_spring_serpentine_network_case3_version2","2"
"silver_moth_Lepidoptera",0,6.6142307132586,0.00500004548757196,0,1.77710825828966,0.00482675764896757,"A_Aikawa_2024_spring_serpentine_network_case3_version2","2"
"Sphaerophoria_sp.",0,7.43035271288746,0.00500002490361457,0,2.01981281847343,0.004858750869232,"A_Aikawa_2024_spring_serpentine_network_case3_version2","2"
"Tachnidae",0,6.380815121628,0.00500004549203991,0,0.0474827537301906,0.00321783843264505,"A_Aikawa_2024_spring_serpentine_network_case3_version2","2"
"Xylocopa_sonorina",0,70.5083973933987,0.00499979579222588,0,134.086278561245,0.00503493245637972,"A_Aikawa_2024_spring_serpentine_network_case3_version2","2"
"Acmaeodera_sp.",0,3.65595975868174,0.00500028743781228,0,0.0023504880807821,0.00185444063278414,"A_Anu_2024_spring_full_network_case3_version1","1"
"Adela_flammeusella",0,3.12314922945287,0.00500028743781228,0,0.0020079337639475,0.00185444063278414,"A_Anu_2024_spring_full_network_case3_version1","1"
"Adela_trigrapha",0,5.08225728575182,0.00500027939901822,0,1.39428996090596,0.00478544682227373,"A_Anu_2024_spring_full_network_case3_version1","1"
"Andrena_dissona",0,3.53356959089139,0.00500028743781228,0,0.00227180104670573,0.00185444063278414,"A_Anu_2024_spring_full_network_case3_version1","1"
"Andrena_pallidifovea",0,2.96406084759975,0.0050002840499199,0,0.0297155344458915,0.00331317976805402,"A_Anu_2024_spring_full_network_case3_version1","1"
"Andrena_pensilis",0,11.8586905955263,0.00500028701550439,0,7.66041543059658,0.00484794223826855,"A_Anu_2024_spring_full_network_case3_version1","1"
"Andrena_sp.",0,3.3640583818209,0.0050002840499199,0,0.033725620975999,0.00331317976805402,"A_Anu_2024_spring_full_network_case3_version1","1"
"Andrena_subchalybea",0,3.13470114320839,0.00500028743781228,0,0.00201536071467639,0.00185444063278414,"A_Anu_2024_spring_full_network_case3_version1","1"
"Anthophora_californica",0,3.15747290500824,0.0050002840499199,0,0.0316545441091855,0.00331317976805402,"A_Anu_2024_spring_full_network_case3_version1","1"
"Anthophora_crotchii",0,3.51397985910897,0.00500028743781228,0,0.00225920642433819,0.00185444063278414,"A_Anu_2024_spring_full_network_case3_version1","1"
"Anthrenus_sp.",0,3.33650274835737,0.00500028743781228,0,0.00214510291654666,0.00185444063278414,"A_Anu_2024_spring_full_network_case3_version1","1"
"Apis_mellifera",0,3.38033024378623,0.0050002840499199,0,0.0338887509203796,0.00331317976805402,"A_Anu_2024_spring_full_network_case3_version1","1"
"BF1_Diptera",0,5.09847623321067,0.00500027939901822,0,1.39873954182312,0.00478544682227373,"A_Anu_2024_spring_full_network_case3_version1","1"
"Bombus_californicus",0,5.02301287774088,0.00500027939901822,0,1.37803657590275,0.00478544682227373,"A_Anu_2024_spring_full_network_case3_version1","1"
"Bombus_melanopygus",0,3.43638864865444,0.0050002840499199,0,0.0344507520317973,0.00331317976805402,"A_Anu_2024_spring_full_network_case3_version1","1"
"Bombus_sp.",0,8.98290078409158,0.00500028704927302,0,0.13458869511635,0.00335119143552634,"A_Anu_2024_spring_full_network_case3_version1","1"
"Bombus_vosnesenskii",0,4.63085200301234,0.00500028203835444,0,0.00701567634490969,0.00216349450592408,"A_Anu_2024_spring_full_network_case3_version1","1"
"Bombylius_major",0,19.0877691901566,0.00500030152973339,0,0.224154068157657,0.00308678333570603,"A_Anu_2024_spring_full_network_case3_version1","1"
"Braconidae",0,3.95833704015187,0.00500028088144113,0,0.200351453082647,0.00404931329516388,"A_Anu_2024_spring_full_network_case3_version1","1"
"Coenonympha_californica",0,3.03692400975002,0.0050002858341911,0,0.00770300978501008,0.00258381020041908,"A_Anu_2024_spring_full_network_case3_version1","1"
"Cyrtopogon_sp.",0,31.3408691221479,0.00500031416468919,0,38.1728639200704,0.00500210827570674,"A_Anu_2024_spring_full_network_case3_version1","1"
"Elateridae",0,5.0087830528959,0.00500028115692611,0,0.0295440200382033,0.00289286407355902,"A_Anu_2024_spring_full_network_case3_version1","1"
"Erynnis_propertius",0,25.7313497473655,0.00500030463905849,0,7.30577969220702,0.00453447485342257,"A_Anu_2024_spring_full_network_case3_version1","1"
"Eucera_actuosa",0,6.89805902301129,0.00500028684822992,0,0.0773782200038786,0.00333852087970223,"A_Anu_2024_spring_full_network_case3_version1","1"
"Eucera_frater_albopilosa",0,5.0065659788179,0.00500028059367323,0,0.106155516636624,0.00352372498979726,"A_Anu_2024_spring_full_network_case3_version1","1"
"Glaucophysche_lygdamus",0,4.63943711387658,0.00500028059367323,0,0.0983711881227237,0.00352372498979726,"A_Anu_2024_spring_full_network_case3_version1","1"
"Heliolonche_modiella",0,12.6881831109601,0.00500028520938856,0,23.6778761440062,0.00517617420016498,"A_Anu_2024_spring_full_network_case3_version1","1"
"Helithodes_dimutiva",0,3.58390173803682,0.00500028259772268,0,0.0420363135404031,0.00331768907437063,"A_Anu_2024_spring_full_network_case3_version1","1"
"Ichneumonidae",0,4.77252257715969,0.00500028059367323,0,0.101193033690187,0.00352372498979726,"A_Anu_2024_spring_full_network_case3_version1","1"
"Listrus_sp._1",0,26.2562835313355,0.0050003028123292,0,24.741953638639,0.00494808783135275,"A_Anu_2024_spring_full_network_case3_version1","1"
"Malachius_sp.",0,4.77489588146689,0.00500028239451394,0,0.0131105909989205,0.00254672292663406,"A_Anu_2024_spring_full_network_case3_version1","1"
"Muscidae",0,3.81905568383983,0.00500028259767958,0,0.0447944820702603,0.00331768907437063,"A_Anu_2024_spring_full_network_case3_version1","1"
"Nomada_hesperia",0,5.03763225295753,0.00500028059367323,0,0.106814222917678,0.00352372498979726,"A_Anu_2024_spring_full_network_case3_version1","1"
"Osmia_cara",0,5.18437434404527,0.00500028059367323,0,0.109925633534046,0.00352372498979726,"A_Anu_2024_spring_full_network_case3_version1","1"
"Osmia_nemoris",0,20.2893009682371,0.00500029388991632,0,33.7123170120367,0.00501997891681464,"A_Anu_2024_spring_full_network_case3_version1","1"
"Osmia_sp.",0,13.0771517267019,0.00500028548760873,0,13.5740359601595,0.00488057638270591,"A_Anu_2024_spring_full_network_case3_version1","1"
"Panurginus_sp.",0,35.6756879326074,0.00500030500949197,0,53.8955599212967,0.00498655961760295,"A_Anu_2024_spring_full_network_case3_version1","1"
"Polistes_aurifer",0,4.99961284536876,0.00500028157196744,0,0.0433509419503992,0.00310640390054398,"A_Anu_2024_spring_full_network_case3_version1","1"
"reddish_Sphaerophoria_sp.",0,4.42262621540743,0.00500028157199501,0,0.0383479717983335,0.00310640390054398,"A_Anu_2024_spring_full_network_case3_version1","1"
"Scaeva_affinis",0,23.1445687612577,0.00500030225021032,0,6.17851232863751,0.00450798955594665,"A_Anu_2024_spring_full_network_case3_version1","1"
"Sphaerophoria_sp.",0,3.88966978112129,0.00500027737118725,0,69.1650789913276,0.00503171955744252,"A_Anu_2024_spring_full_network_case3_version1","1"
"Sphex_sp.",0,10.7230666524855,0.00500028552796342,0,2.1927944601783,0.00427534923272156,"A_Anu_2024_spring_full_network_case3_version1","1"
"Xylocopa_sonorina",0,26.684846454026,0.00500030263969567,0,123.15491647108,0.00507615632388726,"A_Anu_2024_spring_full_network_case3_version1","1"
"Xylocopa_tabaniformis",0,20.9514837356089,0.0050002942202843,0,37.5375907826793,0.00499572582936594,"A_Anu_2024_spring_full_network_case3_version1","1"
"Acmaeodera_sp.",1,2.37337162030137e-05,0,1,2.3732569328534e-05,0,"A_Anu_2024_spring_nonserpentine_network_case3_version3","3"
"Adela_flammeusella",1,0,0,0,0.451236374024877,0,"A_Anu_2024_spring_nonserpentine_network_case3_version3","3"
"Adela_trigrapha",1,0,0,0,0.529738236116123,0,"A_Anu_2024_spring_nonserpentine_network_case3_version3","3"
"Andrena_dissona",1,0,0,0,0.510534403687592,0,"A_Anu_2024_spring_nonserpentine_network_case3_version3","3"
"Andrena_pallidifovea",1,0,0,0,0.451722777356265,0,"A_Anu_2024_spring_nonserpentine_network_case3_version3","3"
"Andrena_pensilis",1,0,0,0,0.504719026738181,0,"A_Anu_2024_spring_nonserpentine_network_case3_version3","3"
"Andrena_sp.",1,0,0,0,0.512682388612387,0,"A_Anu_2024_spring_nonserpentine_network_case3_version3","3"
"Andrena_subchalybea",1,0,0,0,0.452905408387494,0,"A_Anu_2024_spring_nonserpentine_network_case3_version3","3"
"Anthophora_californica",1,0,0,0,0.481198768611624,0,"A_Anu_2024_spring_nonserpentine_network_case3_version3","3"
"Anthophora_crotchii",1,0,0,0,0.507704055568997,0,"A_Anu_2024_spring_nonserpentine_network_case3_version3","3"
"Anthrenus_sp.",1,0,0,0,0.482061948129936,0,"A_Anu_2024_spring_nonserpentine_network_case3_version3","3"
"Apis_mellifera",1,0,0,0,0.515162219835987,0,"A_Anu_2024_spring_nonserpentine_network_case3_version3","3"
"BF1_Diptera",1,0,0,0,0.531428783424864,0,"A_Anu_2024_spring_nonserpentine_network_case3_version3","3"
"Bombus_californicus",1,0,0,0,0.523563021688519,0,"A_Anu_2024_spring_nonserpentine_network_case3_version3","3"
"Bombus_melanopygus",1,0,0,0,0.523705518931945,0,"A_Anu_2024_spring_nonserpentine_network_case3_version3","3"
"Bombus_sp.",1,0,0,0,0.518656689193406,0,"A_Anu_2024_spring_nonserpentine_network_case3_version3","3"
"Bombus_vosnesenskii",1,0,0,0,0.462975273566775,0,"A_Anu_2024_spring_nonserpentine_network_case3_version3","3"
"Bombylius_major",1,0,0,0,0.525422836782142,0,"A_Anu_2024_spring_nonserpentine_network_case3_version3","3"
"Braconidae",1,0,0,0,0.481617797460229,0,"A_Anu_2024_spring_nonserpentine_network_case3_version3","3"
"Coenonympha_californica",1,0,0,0,0.450321914069504,0,"A_Anu_2024_spring_nonserpentine_network_case3_version3","3"
"Cyrtopogon_sp.",1,0,0,0,0.460409766161074,0,"A_Anu_2024_spring_nonserpentine_network_case3_version3","3"
"Elateridae",1,0,0,0,0.506939869167721,0,"A_Anu_2024_spring_nonserpentine_network_case3_version3","3"
"Erynnis_propertius",1,0,0,0,0.538381101884125,0,"A_Anu_2024_spring_nonserpentine_network_case3_version3","3"
"Eucera_actuosa",1,0,0,0,0.471179366494147,0,"A_Anu_2024_spring_nonserpentine_network_case3_version3","3"
"Eucera_frater_albopilosa",1,0,0,0,0.511612667125469,0,"A_Anu_2024_spring_nonserpentine_network_case3_version3","3"
"Glaucophysche_lygdamus",1,0,0,0,0.474096377763942,0,"A_Anu_2024_spring_nonserpentine_network_case3_version3","3"
"Heliolonche_modiella",1,0,0,0,0.537821078574202,0,"A_Anu_2024_spring_nonserpentine_network_case3_version3","3"
"Helithodes_dimutiva",0,1.57971392099813,0.00500016433551128,0,1.5797139234503,0.00500016432777781,"A_Anu_2024_spring_nonserpentine_network_case3_version3","3"
"Ichneumonidae",0,1.67896016065677,0.00500016433551128,0,1.67896016325675,0.00500016432777781,"A_Anu_2024_spring_nonserpentine_network_case3_version3","3"
"Listrus_sp._1",0,1.75356480288404,0.00500016433551128,0,1.75356480561742,0.00500016432777781,"A_Anu_2024_spring_nonserpentine_network_case3_version3","3"
"Malachius_sp.",0,1.82590349233167,0.00500016433551128,0,1.82590349515954,0.00500016432777781,"A_Anu_2024_spring_nonserpentine_network_case3_version3","3"
"Muscidae",0,1.68336518983915,0.00500016433551128,0,1.68336519244579,0.00500016432777781,"A_Anu_2024_spring_nonserpentine_network_case3_version3","3"
"Nomada_hesperia",0,1.77222500682806,0.00500016433551128,0,1.77222500957866,0.00500016432777781,"A_Anu_2024_spring_nonserpentine_network_case3_version3","3"
"Osmia_cara",0,1.82384846625499,0.00500016433551128,0,1.82384846909746,0.00500016432777781,"A_Anu_2024_spring_nonserpentine_network_case3_version3","3"
"Osmia_nemoris",0,1.5708979712264,0.00500016433551128,0,1.57089797367058,0.00500016432777781,"A_Anu_2024_spring_nonserpentine_network_case3_version3","3"
"Osmia_sp.",0,1.88688654730287,0.00500016433551128,0,1.88688655021968,0.00500016432777781,"A_Anu_2024_spring_nonserpentine_network_case3_version3","3"
"Panurginus_sp.",0,1.75295353459732,0.00500016433551128,0,1.75295353731214,0.00500016432777781,"A_Anu_2024_spring_nonserpentine_network_case3_version3","3"
"Polistes_aurifer",0,1.88022412236116,0.00500016433551128,0,1.88022412527317,0.00500016432777781,"A_Anu_2024_spring_nonserpentine_network_case3_version3","3"
"reddish_Sphaerophoria_sp.",0,1.66323448501112,0.00500016433551128,0,1.66323448759843,0.00500016432777781,"A_Anu_2024_spring_nonserpentine_network_case3_version3","3"
"Scaeva_affinis",0,1.84654785448727,0.00500016433551128,0,1.84654785735322,0.00500016432777781,"A_Anu_2024_spring_nonserpentine_network_case3_version3","3"
"Sphaerophoria_sp.",0,1.63549202782972,0.00500016433551128,0,1.6354920303681,0.00500016432777781,"A_Anu_2024_spring_nonserpentine_network_case3_version3","3"
"Sphex_sp.",0,1.71192943772531,0.00500016433551128,0,1.71192944037646,0.00500016432777781,"A_Anu_2024_spring_nonserpentine_network_case3_version3","3"
"Xylocopa_sonorina",0,1.60387389781914,0.00500016433551128,0,1.60387390030845,0.00500016432777781,"A_Anu_2024_spring_nonserpentine_network_case3_version3","3"
"Xylocopa_tabaniformis",0,1.84895391135417,0.00500016433551128,0,1.84895391421212,0.00500016432777781,"A_Anu_2024_spring_nonserpentine_network_case3_version3","3"
"Acmaeodera_sp.",1,2.36588661935916e-05,0,1,2.39230173658013e-05,0,"A_Anu_2024_spring_serpentine_network_case3_version2","2"
"Adela_flammeusella",1,0,0,0,0.451236374024877,0,"A_Anu_2024_spring_serpentine_network_case3_version2","2"
"Adela_trigrapha",1,0,0,0,0.529738236116123,0,"A_Anu_2024_spring_serpentine_network_case3_version2","2"
"Andrena_dissona",0,3.26075964472713,0.00500021312644968,0,0.00184797484290672,0.00177176869428445,"A_Anu_2024_spring_serpentine_network_case3_version2","2"
"Andrena_pallidifovea",0,2.88513250501416,0.00500021312644968,0,0.00163509515181375,0.00177176869428445,"A_Anu_2024_spring_serpentine_network_case3_version2","2"
"Andrena_pensilis",1,0,0,0,0.504719026738181,0,"A_Anu_2024_spring_serpentine_network_case3_version2","2"
"Andrena_sp.",0,3.27447872519223,0.00500021312644968,0,0.0018557498763273,0.00177176869428445,"A_Anu_2024_spring_serpentine_network_case3_version2","2"
"Andrena_subchalybea",1,0,0,0,0.452905408387494,0,"A_Anu_2024_spring_serpentine_network_case3_version2","2"
"Anthophora_californica",0,11.740684852059,0.00500022064712822,0,9.94427439347373,0.00482328118456567,"A_Anu_2024_spring_serpentine_network_case3_version2","2"
"Anthophora_crotchii",1,0,0,0,0.507704055568997,0,"A_Anu_2024_spring_serpentine_network_case3_version2","2"
"Anthrenus_sp.",0,3.07890738678858,0.00500021312644968,0,0.00174491345970991,0.00177176869428445,"A_Anu_2024_spring_serpentine_network_case3_version2","2"
"Apis_mellifera",1,0,0,0,0.515162219835987,0,"A_Anu_2024_spring_serpentine_network_case3_version2","2"
"BF1_Diptera",0,3.39421108259514,0.00500021312644968,0,0.00192360596113065,0.00177176869428445,"A_Anu_2024_spring_serpentine_network_case3_version2","2"
"Bombus_californicus",0,3.34397282586249,0.00500021312644968,0,0.00189513436365191,0.00177176869428445,"A_Anu_2024_spring_serpentine_network_case3_version2","2"
"Bombus_melanopygus",1,0,0,0,0.523705518931945,0,"A_Anu_2024_spring_serpentine_network_case3_version2","2"
"Bombus_sp.",1,0,0,0,0.518656689193406,0,"A_Anu_2024_spring_serpentine_network_case3_version2","2"
"Bombus_vosnesenskii",0,8.25657494959434,0.00500022016445429,0,0.126577648831618,0.00329752493942506,"A_Anu_2024_spring_serpentine_network_case3_version2","2"
"Bombylius_major",0,4.64918107839844,0.00500021269021741,0,0.0137535375968944,0.00238662389724058,"A_Anu_2024_spring_serpentine_network_case3_version2","2"
"Braconidae",0,18.2449409529627,0.0050002257365834,0,0.160820635310841,0.00291809303945267,"A_Anu_2024_spring_serpentine_network_case3_version2","2"
"Coenonympha_californica",0,3.42647222545762,0.00500021253612741,0,0.00131913549660498,0.00150073955009836,"A_Anu_2024_spring_serpentine_network_case3_version2","2"
"Cyrtopogon_sp.",0,3.50323008228284,0.00500021253612741,0,0.00134868600914235,0.00150073955009836,"A_Anu_2024_spring_serpentine_network_case3_version2","2"
"Elateridae",0,2.28942869527973,0.00500021312827772,1,0,0.000885884347142226,"A_Anu_2024_spring_serpentine_network_case3_version2","2"
"Erynnis_propertius",0,16.0526059629241,0.00500022078266153,0,33.7192905434542,0.00507930810364555,"A_Anu_2024_spring_serpentine_network_case3_version2","2"
"Eucera_actuosa",0,2.12792804015128,0.00500021312827772,1,0,0.000885884347142226,"A_Anu_2024_spring_serpentine_network_case3_version2","2"
"Eucera_frater_albopilosa",0,3.89282986087855,0.00500021253612741,0,0.00149867552284563,0.00150073955009836,"A_Anu_2024_spring_serpentine_network_case3_version2","2"
"Glaucophysche_lygdamus",0,26.1651805965481,0.00500022701400335,0,2.25498292320316,0.00371432720200244,"A_Anu_2024_spring_serpentine_network_case3_version2","2"
"Heliolonche_modiella",0,32.4201860094223,0.00500022896859913,0,39.0636784056943,0.00500303923406215,"A_Anu_2024_spring_serpentine_network_case3_version2","2"
"Helithodes_dimutiva",0,2.07232594415806,0.00500021312827772,1,0,0.000885884347142226,"A_Anu_2024_spring_serpentine_network_case3_version2","2"
"Ichneumonidae",0,3.71085060638012,0.00500021253612741,0,0.00142861649983396,0.00150073955009836,"A_Anu_2024_spring_serpentine_network_case3_version2","2"
"Listrus_sp._1",0,3.87574235803092,0.00500021253612741,0,0.00149209711513726,0.00150073955009836,"A_Anu_2024_spring_serpentine_network_case3_version2","2"
"Malachius_sp.",0,4.03562588349848,0.00500021253612741,0,0.00155364964442872,0.00150073955009836,"A_Anu_2024_spring_serpentine_network_case3_version2","2"
"Muscidae",0,28.8838647540023,0.00500022647966828,0,9.30505499339411,0.00443588533732768,"A_Anu_2024_spring_serpentine_network_case3_version2","2"
"Nomada_hesperia",0,3.71914739716615,0.00500021269012783,0,0.00161820514436576,0.00159108259816039,"A_Anu_2024_spring_serpentine_network_case3_version2","2"
"Osmia_cara",0,7.71417573165233,0.005000220163712,0,0.0079566664583061,0.00219834995961671,"A_Anu_2024_spring_serpentine_network_case3_version2","2"
"Osmia_nemoris",0,3.29664747896833,0.00500021269012783,0,0.00143437496246352,0.00159108259816039,"A_Anu_2024_spring_serpentine_network_case3_version2","2"
"Osmia_sp.",0,3.9597732590705,0.00500021269012783,0,0.00172290172332831,0.00159108259816039,"A_Anu_2024_spring_serpentine_network_case3_version2","2"
"Panurginus_sp.",0,22.2374556322194,0.00500022358123644,0,29.5420667963614,0.00503383910841557,"A_Anu_2024_spring_serpentine_network_case3_version2","2"
"Polistes_aurifer",0,25.1620123649798,0.00500022653139246,0,0.740972246596848,0.0030985994315383,"A_Anu_2024_spring_serpentine_network_case3_version2","2"
"reddish_Sphaerophoria_sp.",0,11.9527228803296,0.00500022048691181,0,1.7987926268035,0.00405290194944226,"A_Anu_2024_spring_serpentine_network_case3_version2","2"
"Scaeva_affinis",0,38.1801811502566,0.00500022673103924,0,58.5150550483425,0.00497781154923501,"A_Anu_2024_spring_serpentine_network_case3_version2","2"
"Sphaerophoria_sp.",0,33.1130538643987,0.00500022897174306,0,42.8701089397457,0.00499731035454457,"A_Anu_2024_spring_serpentine_network_case3_version2","2"
"Sphex_sp.",0,11.0951428080336,0.00500022036617973,0,0.462368512462041,0.0035966752984107,"A_Anu_2024_spring_serpentine_network_case3_version2","2"
"Xylocopa_sonorina",0,26.6689223271946,0.00500022636871024,0,148.449792120853,0.00510194747833914,"A_Anu_2024_spring_serpentine_network_case3_version2","2"
"Xylocopa_tabaniformis",0,21.2171639462604,0.00500022357119269,0,25.1098806085506,0.00487826172881776,"A_Anu_2024_spring_serpentine_network_case3_version2","2"
"Anthidium_edwardsii",0,11.7316415247333,0.00499935504024884,0,12.3208578414508,0.00496706080810544,"A_Banana_2022_summer_full_network_case3_version1","1"
"Anthophorula_chionura",0,22.1803519044275,0.00499909888276981,0,33.2739338350284,0.00500746584469354,"A_Banana_2022_summer_full_network_case3_version1","1"
"Apis_mellifera",0,3.79080210360912,0.00499972821642453,0,0.0800833307738616,0.0033994611628448,"A_Banana_2022_summer_full_network_case3_version1","1"
"Ashmeadiella_aridula_astragali",0,14.2597002196577,0.00499915009368505,0,0.419682847316765,0.00347213320048203,"A_Banana_2022_summer_full_network_case3_version1","1"
"BF1_Diptera",0,3.80588293827361,0.00499972821642453,0,0.0804019238885108,0.0033994611628448,"A_Banana_2022_summer_full_network_case3_version1","1"
"Bombus_vosnesenskii",0,28.8588866863858,0.00499919660279107,0,11.3704099236301,0.00484815304649267,"A_Banana_2022_summer_full_network_case3_version1","1"
"Brachysomida_californica",0,4.47330155215061,0.00499956409668449,0,0.264220820871345,0.00401016278940856,"A_Banana_2022_summer_full_network_case3_version1","1"
"Braconidae",0,7.25161325077467,0.00499946958810963,0,0.831271625387794,0.00423918959807147,"A_Banana_2022_summer_full_network_case3_version1","1"
"Curculionidae",0,3.48285092090129,0.00499972821642453,0,0.0735776478757229,0.0033994611628448,"A_Banana_2022_summer_full_network_case3_version1","1"
"Diabrotica_undecimpunctata",0,5.08245027771704,0.00499956409668449,0,0.300200907269994,0.00401016278940856,"A_Banana_2022_summer_full_network_case3_version1","1"
"Eristalis_stipador",0,5.00140449714804,0.00499956409668449,0,0.295413842862816,0.00401016278940856,"A_Banana_2022_summer_full_network_case3_version1","1"
"Geron_sp.",0,3.60801545500171,0.00499972821642453,0,0.076221835689526,0.0033994611628448,"A_Banana_2022_summer_full_network_case3_version1","1"
"gray_Bombyliidae",0,3.41844392555976,0.00499972821642453,0,0.0722170053092906,0.0033994611628448,"A_Banana_2022_summer_full_network_case3_version1","1"
"Halictidae",0,4.89148157095516,0.00499956409668449,0,0.288921115847435,0.00401016278940856,"A_Banana_2022_summer_full_network_case3_version1","1"
"Halictus_farinosus",0,4.58371607182097,0.00499956409668449,0,0.270742584413503,0.00401016278940856,"A_Banana_2022_summer_full_network_case3_version1","1"
"Halictus_ligatus",0,6.72133699577341,0.00499946958810963,0,0.770484654332451,0.00423918959807147,"A_Banana_2022_summer_full_network_case3_version1","1"
"Halictus_tripartitus",0,3.73057783899166,0.00499972821642453,0,0.0788110512782356,0.0033994611628448,"A_Banana_2022_summer_full_network_case3_version1","1"
"Heliothodes_diminutivus",1,2.24100856393216e-05,0.188901595198038,0,31.8229593568047,0.00500022087792434,"A_Banana_2022_summer_full_network_case3_version1","1"
"Icaricia_acmon",0,7.11887041823237,0.00499946958810963,0,0.816054963031269,0.00423918959807147,"A_Banana_2022_summer_full_network_case3_version1","1"
"Lasioglossum (Sphecodogastra) sp.",0,12.6763245206237,0.00499915009368505,0,0.373081894078079,0.00347213320048203,"A_Banana_2022_summer_full_network_case3_version1","1"
"Lasioglossum_incompletum",0,8.59501122675174,0.0049993877396664,0,1.82343000309947,0.004488611798757,"A_Banana_2022_summer_full_network_case3_version1","1"
"Megachile_apicalis",0,4.92727783758633,0.00499953131936064,0,0.223766970573162,0.00381932538045814,"A_Banana_2022_summer_full_network_case3_version1","1"
"Melissodes_lupina",0,4.18958828018069,0.00499962304043543,0,0.144936715511018,0.00370481197612668,"A_Banana_2022_summer_full_network_case3_version1","1"
"Melissodes_robustior",0,5.577509569778,0.00499954110868552,0,0.276102360430034,0.00388293785010828,"A_Banana_2022_summer_full_network_case3_version1","1"
"Peponapis_sp.",0,5.65199333308649,0.00499954110868874,0,0.279789515472101,0.00388293785010828,"A_Banana_2022_summer_full_network_case3_version1","1"
"Polistes_aurifer",0,13.1436149993785,0.00499915835894238,0,0.934865298779251,0.00416406984875459,"A_Banana_2022_summer_full_network_case3_version1","1"
"Sphaerophoria_sp.",0,7.99420562434936,0.00499942630416593,0,0.738569378256482,0.00415396858960757,"A_Banana_2022_summer_full_network_case3_version1","1"
"Sphex_ichneumoneus",0,7.76474087133066,0.00499942630415833,0,0.717369568207909,0.00415396858960757,"A_Banana_2022_summer_full_network_case3_version1","1"
"Strymon_melinus",0,7.7422242327359,0.00499942630414365,0,0.715289299286579,0.00415396858960757,"A_Banana_2022_summer_full_network_case3_version1","1"
"Tachinidae",0,41.689915033177,0.00499910891565921,0,99.3791936682804,0.00504014071986795,"A_Banana_2022_summer_full_network_case3_version1","1"
"Villa_sp.",0,65.0187691928209,0.00499926217966626,0,161.432877290839,0.00504829304196126,"A_Banana_2022_summer_full_network_case3_version1","1"
"Anthidium_edwardsii",1,2.2845600829321e-05,0,1,2.28183048473141e-05,0,"A_Banana_2022_summer_nonserpentine_network_case3_version3","3"
"Anthophorula_chionura",1,0,0,0,0.483180365354372,0,"A_Banana_2022_summer_nonserpentine_network_case3_version3","3"
"Apis_mellifera",1,0,0,0,0.512400510936231,0,"A_Banana_2022_summer_nonserpentine_network_case3_version3","3"
"Ashmeadiella_aridula_astragali",1,0,0,0,0.515387305228686,0,"A_Banana_2022_summer_nonserpentine_network_case3_version3","3"
"BF1_Diptera",1,0,0,0,0.514438978519495,0,"A_Banana_2022_summer_nonserpentine_network_case3_version3","3"
"Bombus_vosnesenskii",1,0,0,0,0.475911977154162,0,"A_Banana_2022_summer_nonserpentine_network_case3_version3","3"
"Brachysomida_californica",1,0,0,0,0.452600029996876,0,"A_Banana_2022_summer_nonserpentine_network_case3_version3","3"
"Braconidae",1,0,0,0,0.54870415748968,0,"A_Banana_2022_summer_nonserpentine_network_case3_version3","3"
"Curculionidae",1,0,0,0,0.470774929048854,0,"A_Banana_2022_summer_nonserpentine_network_case3_version3","3"
"Diabrotica_undecimpunctata",1,0,0,0,0.514232524095211,0,"A_Banana_2022_summer_nonserpentine_network_case3_version3","3"
"Eristalis_stipador",1,0,0,0,0.506032468218371,0,"A_Banana_2022_summer_nonserpentine_network_case3_version3","3"
"Geron_sp.",1,0,0,0,0.487693346169634,0,"A_Banana_2022_summer_nonserpentine_network_case3_version3","3"
"gray_Bombyliidae",1,0,0,0,0.462069073045658,0,"A_Banana_2022_summer_nonserpentine_network_case3_version3","3"
"Halictidae",1,0,0,0,0.494910678381524,0,"A_Banana_2022_summer_nonserpentine_network_case3_version3","3"
"Halictus_farinosus",1,0,0,0,0.463771558279997,0,"A_Banana_2022_summer_nonserpentine_network_case3_version3","3"
"Halictus_ligatus",1,0,0,0,0.508580011901716,0,"A_Banana_2022_summer_nonserpentine_network_case3_version3","3"
"Halictus_tripartitus",1,0,0,0,0.504260032137046,0,"A_Banana_2022_summer_nonserpentine_network_case3_version3","3"
"Heliothodes_diminutivus",1,0,0,0,0.498360127326269,0,"A_Banana_2022_summer_nonserpentine_network_case3_version3","3"
"Icaricia_acmon",1,0,0,0,0.538659972599083,0,"A_Banana_2022_summer_nonserpentine_network_case3_version3","3"
"Lasioglossum (Sphecodogastra) sp.",1,0,0,0,0.45815947279714,0,"A_Banana_2022_summer_nonserpentine_network_case3_version3","3"
"Lasioglossum_incompletum",1,0,0,0,0.486259301535906,0,"A_Banana_2022_summer_nonserpentine_network_case3_version3","3"
"Megachile_apicalis",1,0,0,0,0.460080913971216,0,"A_Banana_2022_summer_nonserpentine_network_case3_version3","3"
"Melissodes_lupina",1,0,0,0,0.479921114225835,0,"A_Banana_2022_summer_nonserpentine_network_case3_version3","3"
"Melissodes_robustior",1,0,0,0,0.534166793610978,0,"A_Banana_2022_summer_nonserpentine_network_case3_version3","3"
"Peponapis_sp.",1,0,0,0,0.541300219712453,0,"A_Banana_2022_summer_nonserpentine_network_case3_version3","3"
"Polistes_aurifer",1,0,0,0,0.532792707198669,0,"A_Banana_2022_summer_nonserpentine_network_case3_version3","3"
"Sphaerophoria_sp.",1,0,0,0,0.547029888023171,0,"A_Banana_2022_summer_nonserpentine_network_case3_version3","3"
"Sphex_ichneumoneus",1,0,0,0,0.531328005428113,0,"A_Banana_2022_summer_nonserpentine_network_case3_version3","3"
"Strymon_melinus",1,0,0,0,0.529787230295961,0,"A_Banana_2022_summer_nonserpentine_network_case3_version3","3"
"Tachinidae",1,0,0,0,0.53397958422265,0,"A_Banana_2022_summer_nonserpentine_network_case3_version3","3"
"Villa_sp.",1,0,0,0,0.494872030077908,0,"A_Banana_2022_summer_nonserpentine_network_case3_version3","3"
"Anthidium_edwardsii",0,11.7316415247333,0.00499935504024884,0,12.3208578414508,0.00496706080810544,"A_Banana_2022_summer_serpentine_network_case3_version2","2"
"Anthophorula_chionura",0,22.1803519044275,0.00499909888276981,0,33.2739338350284,0.00500746584469354,"A_Banana_2022_summer_serpentine_network_case3_version2","2"
"Apis_mellifera",0,3.79080210360912,0.00499972821642453,0,0.0800833307738616,0.0033994611628448,"A_Banana_2022_summer_serpentine_network_case3_version2","2"
"Ashmeadiella_aridula_astragali",0,14.2597002196577,0.00499915009368505,0,0.419682847316765,0.00347213320048203,"A_Banana_2022_summer_serpentine_network_case3_version2","2"
"BF1_Diptera",0,3.80588293827361,0.00499972821642453,0,0.0804019238885108,0.0033994611628448,"A_Banana_2022_summer_serpentine_network_case3_version2","2"
"Bombus_vosnesenskii",0,28.8588866863858,0.00499919660279107,0,11.3704099236301,0.00484815304649267,"A_Banana_2022_summer_serpentine_network_case3_version2","2"
"Brachysomida_californica",0,4.47330155215061,0.00499956409668449,0,0.264220820871345,0.00401016278940856,"A_Banana_2022_summer_serpentine_network_case3_version2","2"
"Braconidae",0,7.25161325077467,0.00499946958810963,0,0.831271625387794,0.00423918959807147,"A_Banana_2022_summer_serpentine_network_case3_version2","2"
"Curculionidae",0,3.48285092090129,0.00499972821642453,0,0.0735776478757229,0.0033994611628448,"A_Banana_2022_summer_serpentine_network_case3_version2","2"
"Diabrotica_undecimpunctata",0,5.08245027771704,0.00499956409668449,0,0.300200907269994,0.00401016278940856,"A_Banana_2022_summer_serpentine_network_case3_version2","2"
"Eristalis_stipador",0,5.00140449714804,0.00499956409668449,0,0.295413842862816,0.00401016278940856,"A_Banana_2022_summer_serpentine_network_case3_version2","2"
"Geron_sp.",0,3.60801545500171,0.00499972821642453,0,0.076221835689526,0.0033994611628448,"A_Banana_2022_summer_serpentine_network_case3_version2","2"
"gray_Bombyliidae",0,3.41844392555976,0.00499972821642453,0,0.0722170053092906,0.0033994611628448,"A_Banana_2022_summer_serpentine_network_case3_version2","2"
"Halictidae",0,4.89148157095516,0.00499956409668449,0,0.288921115847435,0.00401016278940856,"A_Banana_2022_summer_serpentine_network_case3_version2","2"
"Halictus_farinosus",0,4.58371607182097,0.00499956409668449,0,0.270742584413503,0.00401016278940856,"A_Banana_2022_summer_serpentine_network_case3_version2","2"
"Halictus_ligatus",0,6.72133699577341,0.00499946958810963,0,0.770484654332451,0.00423918959807147,"A_Banana_2022_summer_serpentine_network_case3_version2","2"
"Halictus_tripartitus",0,3.73057783899166,0.00499972821642453,0,0.0788110512782356,0.0033994611628448,"A_Banana_2022_summer_serpentine_network_case3_version2","2"
"Heliothodes_diminutivus",1,2.24100856393216e-05,0.188901595198038,0,31.8229593568047,0.00500022087792434,"A_Banana_2022_summer_serpentine_network_case3_version2","2"
"Icaricia_acmon",0,7.11887041823237,0.00499946958810963,0,0.816054963031269,0.00423918959807147,"A_Banana_2022_summer_serpentine_network_case3_version2","2"
"Lasioglossum (Sphecodogastra) sp.",0,12.6763245206237,0.00499915009368505,0,0.373081894078079,0.00347213320048203,"A_Banana_2022_summer_serpentine_network_case3_version2","2"
"Lasioglossum_incompletum",0,8.59501122675174,0.0049993877396664,0,1.82343000309947,0.004488611798757,"A_Banana_2022_summer_serpentine_network_case3_version2","2"
"Megachile_apicalis",0,4.92727783758633,0.00499953131936064,0,0.223766970573162,0.00381932538045814,"A_Banana_2022_summer_serpentine_network_case3_version2","2"
"Melissodes_lupina",0,4.18958828018069,0.00499962304043543,0,0.144936715511018,0.00370481197612668,"A_Banana_2022_summer_serpentine_network_case3_version2","2"
"Melissodes_robustior",0,5.577509569778,0.00499954110868552,0,0.276102360430034,0.00388293785010828,"A_Banana_2022_summer_serpentine_network_case3_version2","2"
"Peponapis_sp.",0,5.65199333308649,0.00499954110868874,0,0.279789515472101,0.00388293785010828,"A_Banana_2022_summer_serpentine_network_case3_version2","2"
"Polistes_aurifer",0,13.1436149993785,0.00499915835894238,0,0.934865298779251,0.00416406984875459,"A_Banana_2022_summer_serpentine_network_case3_version2","2"
"Sphaerophoria_sp.",0,7.99420562434936,0.00499942630416593,0,0.738569378256482,0.00415396858960757,"A_Banana_2022_summer_serpentine_network_case3_version2","2"
"Sphex_ichneumoneus",0,7.76474087133066,0.00499942630415833,0,0.717369568207909,0.00415396858960757,"A_Banana_2022_summer_serpentine_network_case3_version2","2"
"Strymon_melinus",0,7.7422242327359,0.00499942630414365,0,0.715289299286579,0.00415396858960757,"A_Banana_2022_summer_serpentine_network_case3_version2","2"
"Tachinidae",0,41.689915033177,0.00499910891565921,0,99.3791936682804,0.00504014071986795,"A_Banana_2022_summer_serpentine_network_case3_version2","2"
"Villa_sp.",0,65.0187691928209,0.00499926217966626,0,161.432877290839,0.00504829304196126,"A_Banana_2022_summer_serpentine_network_case3_version2","2"
"Adela_eldorada",0,2.40558103493425,0.00500029455169157,0,0.00233592457376547,0.00205336474846603,"A_Bertha_2022_spring_full_network_case3_version1","1"
"Adela_flammeusella",0,2.30202494031359,0.00500029455169157,0,0.00223536706978679,0.00205336474846603,"A_Bertha_2022_spring_full_network_case3_version1","1"
"Adela_sp.",0,2.38081982939036,0.00500029455169157,0,0.00231188035807735,0.00205336474846603,"A_Bertha_2022_spring_full_network_case3_version1","1"
"Adela_trigrapha",0,2.1283147439056,0.00500029455169157,0,0.00206668685802513,0.00205336474846603,"A_Bertha_2022_spring_full_network_case3_version1","1"
"Andrena_baeriae",0,5.14448312018214,0.00500030332945493,0,0.0130244585117826,0.00251737227915264,"A_Bertha_2022_spring_full_network_case3_version1","1"
"Andrena_dissona",0,2.40571812637898,0.00500029455169157,0,0.00233605769610599,0.00205336474846603,"A_Bertha_2022_spring_full_network_case3_version1","1"
"Andrena_pensilis",0,2.40513217932766,0.00500029455169157,0,0.00233548871505055,0.00205336474846603,"A_Bertha_2022_spring_full_network_case3_version1","1"
"Andrena_sp.",0,2.2414896093682,0.00500029455169157,0,0.00217658461055641,0.00205336474846603,"A_Bertha_2022_spring_full_network_case3_version1","1"
"Andrena_subchalybea",0,8.69413688086626,0.00500030561073042,0,12.6710438515736,0.00506928011437688,"A_Bertha_2022_spring_full_network_case3_version1","1"
"Andrena-mimic_Syrpid",0,11.2491890683163,0.00500030658984823,0,0.256669735350292,0.00348486881689824,"A_Bertha_2022_spring_full_network_case3_version1","1"
"Anthidium_illustre",0,5.06978373790651,0.00500030332945493,0,0.0128353396088225,0.00251737227915264,"A_Bertha_2022_spring_full_network_case3_version1","1"
"Anthophora_californica",0,5.12756718898704,0.00500030332945493,0,0.0129816318882826,0.00251737227915264,"A_Bertha_2022_spring_full_network_case3_version1","1"
"Apis_mellifera",0,2.31062571552383,0.00500029455169157,0,0.00224371879804331,0.00205336474846603,"A_Bertha_2022_spring_full_network_case3_version1","1"
"Bombus_californicus",0,2.10864020599656,0.00500029455169157,0,0.00204758201937846,0.00205336474846603,"A_Bertha_2022_spring_full_network_case3_version1","1"
"Bombus_melanopygus",0,2.15136126177011,0.00500029455169157,0,0.00208906603624205,0.00205336474846603,"A_Bertha_2022_spring_full_network_case3_version1","1"
"Bombus_vosnesenskii",0,2.19989247199691,0.00500029455169157,0,0.00213619196782604,0.00205336474846603,"A_Bertha_2022_spring_full_network_case3_version1","1"
"Bombylius_major",0,22.6622289955407,0.00500031010886067,0,0.25633771702838,0.00335137482188999,"A_Bertha_2022_spring_full_network_case3_version1","1"
"Braconidae",0,3.75549707818355,0.0050003019377683,0,0.00503313399562858,0.00228536851380933,"A_Bertha_2022_spring_full_network_case3_version1","1"
"Chrysoperla_sp.",0,11.853459029299,0.00500030550540575,0,3.6734790723704,0.00478625993770873,"A_Bertha_2022_spring_full_network_case3_version1","1"
"Coenonympha_californica",0,5.56972918624587,0.00500030490791767,0,0.14654339600337,0.00356132243142145,"A_Bertha_2022_spring_full_network_case3_version1","1"
"Colias_eurytheme",0,11.2790007349809,0.00500030642762455,0,0.0909900193511336,0.00301305416375174,"A_Bertha_2022_spring_full_network_case3_version1","1"
"Conophorus_fenestratus",0,4.10829395927888,0.00500030193780735,0,0.00550595395334885,0.00228536851380933,"A_Bertha_2022_spring_full_network_case3_version1","1"
"Cyrtopogon_sp.",0,10.7202861551112,0.00500030599091371,0,0.682883342156115,0.00380525981249106,"A_Bertha_2022_spring_full_network_case3_version1","1"
"Diadasia_nigrifrons",0,3.85438213678544,0.0050003019377683,0,0.0051656601935542,0.00228536851380933,"A_Bertha_2022_spring_full_network_case3_version1","1"
"Elateridae",0,12.5259096954086,0.00500030579085026,0,5.52435788437732,0.00488439505049439,"A_Bertha_2022_spring_full_network_case3_version1","1"
"Erynnis_sp.",0,9.83797738142074,0.00500030591833237,0,0.216490550957687,0.00349307893970839,"A_Bertha_2022_spring_full_network_case3_version1","1"
"Eucera_actuosa",0,9.15229973538059,0.00500030570644711,0,0.0215733307801014,0.00252930589487894,"A_Bertha_2022_spring_full_network_case3_version1","1"
"Eucera_frater_albopilosa",0,20.4087102024713,0.00500030636346375,0,29.0296981149886,0.0050118388745347,"A_Bertha_2022_spring_full_network_case3_version1","1"
"Euopeodes_fumipennis",0,11.6049880512877,0.00500030608758268,0,14.7043156464231,0.00515684372058396,"A_Bertha_2022_spring_full_network_case3_version1","1"
"Habropoda_sp.",0,5.76231380882087,0.00500030451000082,0,0.0689215099340834,0.00321333904733185,"A_Bertha_2022_spring_full_network_case3_version1","1"
"Heliolonche_modiella",0,12.1543076854047,0.00500030582671352,0,6.54578113326623,0.00483510433545607,"A_Bertha_2022_spring_full_network_case3_version1","1"
"Helithodes_dimutiva",0,11.709343923675,0.00500030619072411,0,0.155828102964311,0.00325306655173007,"A_Bertha_2022_spring_full_network_case3_version1","1"
"Hippodamia_convergens",0,23.9996350268277,0.00500030704567943,0,3.09793197989265,0.00426175122514715,"A_Bertha_2022_spring_full_network_case3_version1","1"
"Junonia_grisea",0,12.6901999481404,0.00500030582510069,0,1.90028114577648,0.00430473887777305,"A_Bertha_2022_spring_full_network_case3_version1","1"
"Listrus_sp.",0,10.0276382272332,0.00500030592393184,0,2.443655334148,0.00449697586022613,"A_Bertha_2022_spring_full_network_case3_version1","1"
"Listrus_sp._1",0,8.99134051850249,0.00500030536095806,0,1.13910646386056,0.00428979306723674,"A_Bertha_2022_spring_full_network_case3_version1","1"
"Muscidae",0,16.6462474983334,0.00500030631582183,0,0.125436796501642,0.00304622218627025,"A_Bertha_2022_spring_full_network_case3_version1","1"
"Nomada_hesperia",0,29.875345680143,0.00500030699549533,0,71.4284946608211,0.00504638665695267,"A_Bertha_2022_spring_full_network_case3_version1","1"
"Osmia_cara",0,17.2206225566576,0.00500030659562789,0,2.72111253278198,0.00429739544239386,"A_Bertha_2022_spring_full_network_case3_version1","1"
"Panurginus_sp.",0,16.3858191391247,0.005000306454279,0,1.12229187992504,0.00398217739185802,"A_Bertha_2022_spring_full_network_case3_version1","1"
"Polistes_aurifer",0,11.8354226410869,0.00500030574386553,0,3.1768756396,0.00456930618867916,"A_Bertha_2022_spring_full_network_case3_version1","1"
"red_Braconidae",0,34.5110591440374,0.00500030612709378,0,97.0269012726706,0.00504673257299908,"A_Bertha_2022_spring_full_network_case3_version1","1"
"Scaeva_affinis",0,42.338947135309,0.00500030715626089,0,103.938879395487,0.00502203781378704,"A_Bertha_2022_spring_full_network_case3_version1","1"
"silver_moth_Lepidoptera",0,59.8268329235804,0.00500031113269402,0,124.967890399069,0.00500569481678743,"A_Bertha_2022_spring_full_network_case3_version1","1"
"Xylocopa_sp.",0,35.9928022499021,0.00500030770965668,0,89.3595653576369,0.00501798822340578,"A_Bertha_2022_spring_full_network_case3_version1","1"
"Adela_eldorada",1,2.46290293524121e-05,0,1,2.46174127070749e-05,0,"A_Bertha_2022_spring_nonserpentine_network_case3_version3","3"
"Adela_flammeusella",1,0,0,0,0.522951201942261,0,"A_Bertha_2022_spring_nonserpentine_network_case3_version3","3"
"Adela_sp.",1,0,0,0,0.540851043579565,0,"A_Bertha_2022_spring_nonserpentine_network_case3_version3","3"
"Adela_trigrapha",1,0,0,0,0.483489441747539,0,"A_Bertha_2022_spring_nonserpentine_network_case3_version3","3"
"Andrena_baeriae",1,0,0,0,0.507047450894978,0,"A_Bertha_2022_spring_nonserpentine_network_case3_version3","3"
"Andrena_dissona",1,0,0,0,0.546507191889224,0,"A_Bertha_2022_spring_nonserpentine_network_case3_version3","3"
"Andrena_pensilis",1,0,0,0,0.54637408219109,0,"A_Bertha_2022_spring_nonserpentine_network_case3_version3","3"
"Andrena_sp.",1,0,0,0,0.509199385651946,0,"A_Bertha_2022_spring_nonserpentine_network_case3_version3","3"
"Andrena_subchalybea",1,0,0,0,0.514074652252754,0,"A_Bertha_2022_spring_nonserpentine_network_case3_version3","3"
"Andrena-mimic_Syrpid",1,0,0,0,0.452680412029233,0,"A_Bertha_2022_spring_nonserpentine_network_case3_version3","3"
"Anthidium_illustre",1,0,0,0,0.499684975319395,0,"A_Bertha_2022_spring_nonserpentine_network_case3_version3","3"
"Anthophora_californica",1,0,0,0,0.505380193076739,0,"A_Bertha_2022_spring_nonserpentine_network_case3_version3","3"
"Apis_mellifera",1,0,0,0,0.524905040755358,0,"A_Bertha_2022_spring_nonserpentine_network_case3_version3","3"
"Bombus_californicus",1,0,0,0,0.479019975303216,0,"A_Bertha_2022_spring_nonserpentine_network_case3_version3","3"
"Bombus_melanopygus",1,0,0,0,0.488724921149539,0,"A_Bertha_2022_spring_nonserpentine_network_case3_version3","3"
"Bombus_vosnesenskii",1,0,0,0,0.499749760306324,0,"A_Bertha_2022_spring_nonserpentine_network_case3_version3","3"
"Bombylius_major",1,0,0,0,0.494221468383549,0,"A_Bertha_2022_spring_nonserpentine_network_case3_version3","3"
"Braconidae",1,0,0,0,0.480219122315859,0,"A_Bertha_2022_spring_nonserpentine_network_case3_version3","3"
"Chrysoperla_sp.",1,0,0,0,0.542788762642438,0,"A_Bertha_2022_spring_nonserpentine_network_case3_version3","3"
"Coenonympha_californica",1,0,0,0,0.45073373145458,0,"A_Bertha_2022_spring_nonserpentine_network_case3_version3","3"
"Colias_eurytheme",1,0,0,0,0.481824557125487,0,"A_Bertha_2022_spring_nonserpentine_network_case3_version3","3"
"Conophorus_fenestratus",1,0,0,0,0.525331608054848,0,"A_Bertha_2022_spring_nonserpentine_network_case3_version3","3"
"Cyrtopogon_sp.",1,0,0,0,0.548336577833787,0,"A_Bertha_2022_spring_nonserpentine_network_case3_version3","3"
"Diadasia_nigrifrons",1,0,0,0,0.492863652456023,0,"A_Bertha_2022_spring_nonserpentine_network_case3_version3","3"
"Elateridae",1,0,0,0,0.459406828372463,0,"A_Bertha_2022_spring_nonserpentine_network_case3_version3","3"
"Erynnis_sp.",1,0,0,0,0.450564455986286,0,"A_Bertha_2022_spring_nonserpentine_network_case3_version3","3"
"Eucera_actuosa",1,0,0,0,0.536811761505348,0,"A_Bertha_2022_spring_nonserpentine_network_case3_version3","3"
"Eucera_frater_albopilosa",1,0,0,0,0.495275620392186,0,"A_Bertha_2022_spring_nonserpentine_network_case3_version3","3"
"Euopeodes_fumipennis",1,0,0,0,0.497351931476664,0,"A_Bertha_2022_spring_nonserpentine_network_case3_version3","3"
"Habropoda_sp.",1,0,0,0,0.493912328287918,0,"A_Bertha_2022_spring_nonserpentine_network_case3_version3","3"
"Heliolonche_modiella",0,2.90472636840725,0.00500033035923936,0,3.92393414579058,0.00500314543039599,"A_Bertha_2022_spring_nonserpentine_network_case3_version3","3"
"Helithodes_dimutiva",0,3.10135937112193,0.00500033035923936,0,4.18956155974047,0.00500314543039599,"A_Bertha_2022_spring_nonserpentine_network_case3_version3","3"
"Hippodamia_convergens",0,2.70981365030901,0.00500033035923936,0,3.66063062824352,0.00500314543039599,"A_Bertha_2022_spring_nonserpentine_network_case3_version3","3"
"Junonia_grisea",0,3.02881424570816,0.00500033035923936,0,4.091561866065,0.00500314543039599,"A_Bertha_2022_spring_nonserpentine_network_case3_version3","3"
"Listrus_sp.",1,0,0,0,0.481298907814221,0,"A_Bertha_2022_spring_nonserpentine_network_case3_version3","3"
"Listrus_sp._1",0,2.94214954873999,0.00500033035923936,0,3.97448833809725,0.00500314543039599,"A_Bertha_2022_spring_nonserpentine_network_case3_version3","3"
"Muscidae",0,3.16701167478573,0.00500033035923936,0,4.27824988510911,0.00500314543039599,"A_Bertha_2022_spring_nonserpentine_network_case3_version3","3"
"Nomada_hesperia",0,2.99504152981043,0.00500033035923936,0,4.04593900976526,0.00500314543039599,"A_Bertha_2022_spring_nonserpentine_network_case3_version3","3"
"Osmia_cara",1,0,0,0,0.503943565000754,0,"A_Bertha_2022_spring_nonserpentine_network_case3_version3","3"
"Panurginus_sp.",0,2.87472254437219,0.00500033035923936,0,3.88340260713637,0.00500314543039599,"A_Bertha_2022_spring_nonserpentine_network_case3_version3","3"
"Polistes_aurifer",1,0,0,0,0.505535571675531,0,"A_Bertha_2022_spring_nonserpentine_network_case3_version3","3"
"red_Braconidae",0,2.27360895031965,0.00500033074709567,0,0.0102702822321598,0.00250157271519799,"A_Bertha_2022_spring_nonserpentine_network_case3_version3","3"
"Scaeva_affinis",0,2.0661088333704,0.00500033074709567,0,0.00933296855527144,0.00250157271519799,"A_Bertha_2022_spring_nonserpentine_network_case3_version3","3"
"silver_moth_Lepidoptera",0,2.04913002954373,0.00500033074709567,0,0.00925627238128355,0.00250157271519799,"A_Bertha_2022_spring_nonserpentine_network_case3_version3","3"
"Xylocopa_sp.",0,1.97207045834216,0.00500033074709567,0,0.00890818105979382,0.00250157271519799,"A_Bertha_2022_spring_nonserpentine_network_case3_version3","3"
"Adela_eldorada",1,2.50193279833186e-05,0,1,2.48157106838517e-05,0,"A_Bertha_2022_spring_serpentine_network_case3_version2","2"
"Adela_flammeusella",1,0,0,0,0.522951201942261,0,"A_Bertha_2022_spring_serpentine_network_case3_version2","2"
"Adela_sp.",1,0,0,0,0.540851043579565,0,"A_Bertha_2022_spring_serpentine_network_case3_version2","2"
"Adela_trigrapha",1,0,0,0,0.483489441747539,0,"A_Bertha_2022_spring_serpentine_network_case3_version2","2"
"Andrena_baeriae",0,5.10454656803918,0.00500022720768845,0,0.0103777924747898,0.00235520276028199,"A_Bertha_2022_spring_serpentine_network_case3_version2","2"
"Andrena_dissona",1,0,0,0,0.546507191889224,0,"A_Bertha_2022_spring_serpentine_network_case3_version2","2"
"Andrena_pensilis",0,11.1938645713879,0.00500022037712466,0,0.0570222732931068,0.00273929386890097,"A_Bertha_2022_spring_serpentine_network_case3_version2","2"
"Andrena_sp.",0,8.3901846547147,0.00500022358026737,0,6.61962097258341,0.00495308457705048,"A_Bertha_2022_spring_serpentine_network_case3_version2","2"
"Andrena_subchalybea",1,0,0,0,0.514074652252754,0,"A_Bertha_2022_spring_serpentine_network_case3_version2","2"
"Andrena-mimic_Syrpid",1,0,0,0,0.452680412029233,0,"A_Bertha_2022_spring_serpentine_network_case3_version2","2"
"Anthidium_illustre",0,8.23341372788961,0.00500022358026737,0,6.49593309713428,0.00495308457705048,"A_Bertha_2022_spring_serpentine_network_case3_version2","2"
"Anthophora_californica",0,10.3540003502194,0.00500022037712466,0,0.0527439503921877,0.00273929386890097,"A_Bertha_2022_spring_serpentine_network_case3_version2","2"
"Apis_mellifera",0,5.28432244277903,0.00500022720768845,0,0.0107432856084513,0.00235520276028199,"A_Bertha_2022_spring_serpentine_network_case3_version2","2"
"Bombus_californicus",0,4.82238845034935,0.00500022720768845,0,0.00980415124100867,0.00235520276028199,"A_Bertha_2022_spring_serpentine_network_case3_version2","2"
"Bombus_melanopygus",1,0,0,0,0.488724921149539,0,"A_Bertha_2022_spring_serpentine_network_case3_version2","2"
"Bombus_vosnesenskii",0,5.03107927943878,0.00500022720768845,0,0.0102284298888696,0.00235520276028199,"A_Bertha_2022_spring_serpentine_network_case3_version2","2"
"Bombylius_major",1,0,0,0,0.494221468383549,0,"A_Bertha_2022_spring_serpentine_network_case3_version2","2"
"Braconidae",1,0,0,0,0.480219122315859,0,"A_Bertha_2022_spring_serpentine_network_case3_version2","2"
"Chrysoperla_sp.",1,0,0,0,0.542788762642438,0,"A_Bertha_2022_spring_serpentine_network_case3_version2","2"
"Coenonympha_californica",1,0,0,0,0.45073373145458,0,"A_Bertha_2022_spring_serpentine_network_case3_version2","2"
"Colias_eurytheme",0,25.0988055622607,0.00500021657840338,0,0.141784213293265,0.00291919182846981,"A_Bertha_2022_spring_serpentine_network_case3_version2","2"
"Conophorus_fenestratus",0,3.73953920864985,0.00500022720654744,1,0,0.00117760138014099,"A_Bertha_2022_spring_serpentine_network_case3_version2","2"
"Cyrtopogon_sp.",0,10.9579271239335,0.00500021979262993,0,0.273860412290107,0.00355876104881509,"A_Bertha_2022_spring_serpentine_network_case3_version2","2"
"Diadasia_nigrifrons",0,5.74230204751395,0.00500022358056543,0,0.0119699259755688,0.00247654228852524,"A_Bertha_2022_spring_serpentine_network_case3_version2","2"
"Elateridae",0,6.6552234140709,0.00500022037986513,0,0.00100024193988099,0.00136964693445048,"A_Bertha_2022_spring_serpentine_network_case3_version2","2"
"Erynnis_sp.",0,3.20731405343421,0.00500022720654744,1,0,0.00117760138014099,"A_Bertha_2022_spring_serpentine_network_case3_version2","2"
"Eucera_actuosa",0,3.82125994138092,0.00500022720654744,1,0,0.00117760138014099,"A_Bertha_2022_spring_serpentine_network_case3_version2","2"
"Eucera_frater_albopilosa",0,12.1210559787968,0.00500021634129086,0,0.413388273668682,0.00373577824295462,"A_Bertha_2022_spring_serpentine_network_case3_version2","2"
"Euopeodes_fumipennis",0,9.93905283785724,0.00500021979262993,0,0.248396715661228,0.00355876104881509,"A_Bertha_2022_spring_serpentine_network_case3_version2","2"
"Habropoda_sp.",0,19.4528795946335,0.00500021228770649,0,27.6462539179706,0.00498061978270078,"A_Bertha_2022_spring_serpentine_network_case3_version2","2"
"Heliolonche_modiella",0,13.2003558466482,0.005000215456247,0,18.3634630802578,0.0051976518417587,"A_Bertha_2022_spring_serpentine_network_case3_version2","2"
"Helithodes_dimutiva",0,25.4066973371081,0.00500020745544211,0,19.3266738863254,0.00493268055292939,"A_Bertha_2022_spring_serpentine_network_case3_version2","2"
"Hippodamia_convergens",0,9.4061871246045,0.005000217189074,0,0.109596610330279,0.00327558641539707,"A_Bertha_2022_spring_serpentine_network_case3_version2","2"
"Junonia_grisea",0,5.63197693996714,0.00500022456641034,0,0.0115893136446266,0.00243609577911082,"A_Bertha_2022_spring_serpentine_network_case3_version2","2"
"Listrus_sp.",0,13.6542939115111,0.00500021257347478,0,0.0216039095960895,0.00234912125726492,"A_Bertha_2022_spring_serpentine_network_case3_version2","2"
"Listrus_sp._1",0,36.2110054014317,0.00500020570230428,0,86.0786785261297,0.00502469665198323,"A_Bertha_2022_spring_serpentine_network_case3_version2","2"
"Muscidae",0,12.7445576727678,0.00500021596792087,0,3.05183328232083,0.00448703957138952,"A_Bertha_2022_spring_serpentine_network_case3_version2","2"
"Nomada_hesperia",0,35.0996964986802,0.00500020521247173,0,84.6264594393475,0.00503122582684099,"A_Bertha_2022_spring_serpentine_network_case3_version2","2"
"Osmia_cara",0,28.7355243285174,0.0050002083291611,0,53.1996768711974,0.00502995035371015,"A_Bertha_2022_spring_serpentine_network_case3_version2","2"
"Panurginus_sp.",0,8.2061529861726,0.00500022131183144,0,0.243357383899255,0.00360645235874066,"A_Bertha_2022_spring_serpentine_network_case3_version2","2"
"Polistes_aurifer",0,17.6781132179724,0.00500021203318312,0,1.25654418577507,0.00398525680788746,"A_Bertha_2022_spring_serpentine_network_case3_version2","2"
"red_Braconidae",0,11.6759283637901,0.00500021879874611,0,2.14343617797683,0.00437947318417438,"A_Bertha_2022_spring_serpentine_network_case3_version2","2"
"Scaeva_affinis",0,16.9803994471522,0.00500021249942446,0,3.6621377339011,0.00436972711255344,"A_Bertha_2022_spring_serpentine_network_case3_version2","2"
"silver_moth_Lepidoptera",0,65.7610574993957,0.00500022121774277,0,85.5682499059207,0.00500076781938225,"A_Bertha_2022_spring_serpentine_network_case3_version2","2"
"Xylocopa_sp.",0,43.3826662442722,0.00500020845905719,0,102.286720517567,0.00501619738233067,"A_Bertha_2022_spring_serpentine_network_case3_version2","2"
"Anthidium_illustre",0,1.98089971185141,0.00500023770207441,0,0.0952416474799121,0.00405370348970314,"A_Bertha_2022_summer_full_network_case3_version1","1"
"Apis_mellifera",0,2.31699448200831,0.00500023770207441,0,0.111401082210052,0.00405370348970314,"A_Bertha_2022_summer_full_network_case3_version1","1"
"Argynnis",0,2.33070277752313,0.00500023770207441,0,0.112060176967456,0.00405370348970314,"A_Bertha_2022_summer_full_network_case3_version1","1"
"Autographa_californica",0,6.44479928796512,0.0050002841917598,0,1.30229268522596,0.00477930356351887,"A_Bertha_2022_summer_full_network_case3_version1","1"
"Bombus_californicus",0,2.01386166731356,0.00500023770207441,0,0.0968264581003581,0.00405370348970314,"A_Bertha_2022_summer_full_network_case3_version1","1"
"Bombus_crotchii",0,10.9784829666296,0.00500028843741722,0,3.55208254589353,0.00477095329906302,"A_Bertha_2022_summer_full_network_case3_version1","1"
"Bombus_vosnesenskii",0,2.23776933542479,0.00500023770207441,0,0.107591937561904,0.00405370348970314,"A_Bertha_2022_summer_full_network_case3_version1","1"
"Braconidae",0,2.12544178904489,0.00500023770207441,0,0.102191229777621,0.00405370348970314,"A_Bertha_2022_summer_full_network_case3_version1","1"
"Chrysochus_colbaltinus",0,10.6455172518507,0.00500028843741722,0,3.44435165780189,0.00477095329906302,"A_Bertha_2022_summer_full_network_case3_version1","1"
"Coelixys_editus",0,8.8860511173957,0.00500028919524003,0,0.816185006717092,0.00436742577287162,"A_Bertha_2022_summer_full_network_case3_version1","1"
"Curculionidae",0,2.16503612008499,0.00500023770207441,0,0.104094924964449,0.00405370348970314,"A_Bertha_2022_summer_full_network_case3_version1","1"
"Danaus_plexippus",0,18.0156708754999,0.00500029776262596,0,26.1468087017241,0.00502848431153242,"A_Bertha_2022_summer_full_network_case3_version1","1"
"Dianthidium_dubium",0,7.23539180899574,0.0050002841917598,0,1.46204674604896,0.00477930356351887,"A_Bertha_2022_summer_full_network_case3_version1","1"
"Eristalis_stipador",0,6.82072263546061,0.0050002841917598,0,1.37825505478827,0.00477930356351887,"A_Bertha_2022_summer_full_network_case3_version1","1"
"Erynnis_tristus",0,2.06197483428199,0.00500023770207441,0,0.0991397389239122,0.00405370348970314,"A_Bertha_2022_summer_full_network_case3_version1","1"
"Euodyneras_hidalgo",0,1.968022801803,0.00500023770207441,0,0.0946225256931543,0.00405370348970314,"A_Bertha_2022_summer_full_network_case3_version1","1"
"Geron_sp.",0,2.21991845649299,0.00500023770207441,0,0.106733667422968,0.00405370348970314,"A_Bertha_2022_summer_full_network_case3_version1","1"
"gray_Bombyliidae",0,2.09973664117654,0.00500023770207441,0,0.10095532639088,0.00405370348970314,"A_Bertha_2022_summer_full_network_case3_version1","1"
"Halictus_ligatus",0,1.96130480897843,0.00500023770207441,0,0.0942995246495354,0.00405370348970314,"A_Bertha_2022_summer_full_network_case3_version1","1"
"Heliothodes_diminutivus",0,13.003488691969,0.00500029605429332,0,4.24327096447276,0.00469795504220202,"A_Bertha_2022_summer_full_network_case3_version1","1"
"Icaricia_acmon",0,8.85722195199194,0.00500028622658394,0,2.6024292391769,0.00474619836406338,"A_Bertha_2022_summer_full_network_case3_version1","1"
"Junonia_grisea",0,8.53335031407347,0.00500028622655875,0,2.50726926436516,0.00474619836406338,"A_Bertha_2022_summer_full_network_case3_version1","1"
"Lasioglossum_incompletum",0,30.323388224573,0.00500030642208871,0,5.70453067129267,0.00464676357252238,"A_Bertha_2022_summer_full_network_case3_version1","1"
"Lasioglossum_titusi",0,10.0047131190865,0.00500028797451594,0,2.06128330136748,0.00454025946873975,"A_Bertha_2022_summer_full_network_case3_version1","1"
"Megachile-mimic_Syrphidae",0,6.0577133563482,0.00500029647164636,0,52.6127348816699,0.00503569498070969,"A_Bertha_2022_summer_full_network_case3_version1","1"
"Melissodes_lupina",0,7.07867013362239,0.00500028574461556,0,0.759445989674702,0.00453465345076168,"A_Bertha_2022_summer_full_network_case3_version1","1"
"Phycoides_mytilla",0,8.49116623573565,0.00500028723457616,0,1.69310371082624,0.00461994083366613,"A_Bertha_2022_summer_full_network_case3_version1","1"
"Polistes_aurifer",0,8.05435185793607,0.00500028787399159,0,1.41672641243584,0.00463922754515117,"A_Bertha_2022_summer_full_network_case3_version1","1"
"Strymon_melinus",0,7.30445832412418,0.00500028475276841,0,0.891827905307608,0.00451536673927663,"A_Bertha_2022_summer_full_network_case3_version1","1"
"Tachinidae",0,7.99777539134852,0.00500028627954972,0,1.20951437524071,0.00457926337922323,"A_Bertha_2022_summer_full_network_case3_version1","1"
"Xeromelecta_californica",0,120.801471513744,0.00500031791019629,0,245.871973924607,0.00503926099335517,"A_Bertha_2022_summer_full_network_case3_version1","1"
"Anthidium_illustre",1,2.06543128285222e-05,0,1,2.0414693999761e-05,0,"A_Bertha_2022_summer_nonserpentine_network_case3_version3","3"
"Apis_mellifera",1,0,0,0,0.534464070100553,0,"A_Bertha_2022_summer_nonserpentine_network_case3_version3","3"
"Argynnis",1,0,0,0,0.537626180000429,0,"A_Bertha_2022_summer_nonserpentine_network_case3_version3","3"
"Autographa_californica",1,0,0,0,0.483207267212312,0,"A_Bertha_2022_summer_nonserpentine_network_case3_version3","3"
"Bombus_californicus",1,0,0,0,0.464540037333285,0,"A_Bertha_2022_summer_nonserpentine_network_case3_version3","3"
"Bombus_crotchii",1,0,0,0,0.524407460528616,0,"A_Bertha_2022_summer_nonserpentine_network_case3_version3","3"
"Bombus_vosnesenskii",1,0,0,0,0.516189104442573,0,"A_Bertha_2022_summer_nonserpentine_network_case3_version3","3"
"Braconidae",1,0,0,0,0.490278366319965,0,"A_Bertha_2022_summer_nonserpentine_network_case3_version3","3"
"Chrysochus_colbaltinus",1,0,0,0,0.508502739648569,0,"A_Bertha_2022_summer_nonserpentine_network_case3_version3","3"
"Coelixys_editus",1,0,0,0,0.505545273495626,0,"A_Bertha_2022_summer_nonserpentine_network_case3_version3","3"
"Curculionidae",1,0,0,0,0.499411640991183,0,"A_Bertha_2022_summer_nonserpentine_network_case3_version3","3"
"Danaus_plexippus",1,0,0,0,0.511450138809835,0,"A_Bertha_2022_summer_nonserpentine_network_case3_version3","3"
"Dianthidium_dubium",1,0,0,0,0.542482976891325,0,"A_Bertha_2022_summer_nonserpentine_network_case3_version3","3"
"Eristalis_stipador",1,0,0,0,0.51139261250449,0,"A_Bertha_2022_summer_nonserpentine_network_case3_version3","3"
"Erynnis_tristus",1,0,0,0,0.475638362963516,0,"A_Bertha_2022_summer_nonserpentine_network_case3_version3","3"
"Euodyneras_hidalgo",1,0,0,0,0.453966327805056,0,"A_Bertha_2022_summer_nonserpentine_network_case3_version3","3"
"Geron_sp.",1,0,0,0,0.512071419582735,0,"A_Bertha_2022_summer_nonserpentine_network_case3_version3","3"
"gray_Bombyliidae",1,0,0,0,0.484348927035159,0,"A_Bertha_2022_summer_nonserpentine_network_case3_version3","3"
"Halictus_ligatus",1,0,0,0,0.452416679916166,0,"A_Bertha_2022_summer_nonserpentine_network_case3_version3","3"
"Heliothodes_diminutivus",1,0,0,0,0.467139351003403,0,"A_Bertha_2022_summer_nonserpentine_network_case3_version3","3"
"Icaricia_acmon",1,0,0,0,0.511072314186521,0,"A_Bertha_2022_summer_nonserpentine_network_case3_version3","3"
"Junonia_grisea",1,0,0,0,0.492384532858797,0,"A_Bertha_2022_summer_nonserpentine_network_case3_version3","3"
"Lasioglossum_incompletum",1,0,0,0,0.506843757795563,0,"A_Bertha_2022_summer_nonserpentine_network_case3_version3","3"
"Lasioglossum_titusi",1,0,0,0,0.523037270024902,0,"A_Bertha_2022_summer_nonserpentine_network_case3_version3","3"
"Megachile-mimic_Syrphidae",0,4.76119916288981,0.00500054352362548,1,0,0,"A_Bertha_2022_summer_nonserpentine_network_case3_version3","3"
"Melissodes_lupina",0,4.75306264981969,0.00500054352362548,1,0,0,"A_Bertha_2022_summer_nonserpentine_network_case3_version3","3"
"Phycoides_mytilla",0,4.76344970567537,0.00500054352362548,1,0,0,"A_Bertha_2022_summer_nonserpentine_network_case3_version3","3"
"Polistes_aurifer",0,4.48048095492216,0.00500054352362548,1,0,0,"A_Bertha_2022_summer_nonserpentine_network_case3_version3","3"
"Strymon_melinus",0,4.9655022091868,0.00500054352362548,1,0,0,"A_Bertha_2022_summer_nonserpentine_network_case3_version3","3"
"Tachinidae",0,4.80436925918166,0.00500054352362548,1,0,0,"A_Bertha_2022_summer_nonserpentine_network_case3_version3","3"
"Xeromelecta_californica",0,37.8717651628378,0.00500067604454682,0,37.4887701052464,0.00500020985478818,"A_Bertha_2022_summer_nonserpentine_network_case3_version3","3"
"Anthidium_illustre",0,2.1165585694325,0.00500019138381112,0,0.326117400936525,0.00450617706305105,"A_Bertha_2022_summer_serpentine_network_case3_version2","2"
"Apis_mellifera",0,2.47567027071451,0.00500019138381112,0,0.381449002129783,0.00450617706305105,"A_Bertha_2022_summer_serpentine_network_case3_version2","2"
"Argynnis",0,2.49031735722532,0.00500019138381112,0,0.383705811767331,0.00450617706305105,"A_Bertha_2022_summer_serpentine_network_case3_version2","2"
"Autographa_californica",1,2.18849136937792e-05,0,1,2.18762603018147e-05,0,"A_Bertha_2022_summer_serpentine_network_case3_version2","2"
"Bombus_californicus",1,0,0,0,0.464540037333285,0,"A_Bertha_2022_summer_serpentine_network_case3_version2","2"
"Bombus_crotchii",0,2.42908743991619,0.00500019138381112,0,0.374271562330363,0.00450617706305105,"A_Bertha_2022_summer_serpentine_network_case3_version2","2"
"Bombus_vosnesenskii",0,9.26744722097935,0.00500021850604811,0,10.5608353890079,0.00500530844342231,"A_Bertha_2022_summer_serpentine_network_case3_version2","2"
"Braconidae",1,0,0,0,0.490278366319965,0,"A_Bertha_2022_summer_serpentine_network_case3_version2","2"
"Chrysochus_colbaltinus",0,2.35541579976237,0.00500019138381112,0,0.36292030366151,0.00450617706305105,"A_Bertha_2022_summer_serpentine_network_case3_version2","2"
"Coelixys_editus",0,2.34171663561172,0.00500019138381112,0,0.360809549027434,0.00450617706305105,"A_Bertha_2022_summer_serpentine_network_case3_version2","2"
"Curculionidae",0,8.96623153134096,0.00500021850604811,0,10.2175812827173,0.00500530844342231,"A_Bertha_2022_summer_serpentine_network_case3_version2","2"
"Danaus_plexippus",0,10.3294536861228,0.00500022488294175,0,1.64015870179528,0.00456996960183175,"A_Bertha_2022_summer_serpentine_network_case3_version2","2"
"Dianthidium_dubium",0,2.51281433755517,0.00500019138381112,0,0.387172125839487,0.00450617706305105,"A_Bertha_2022_summer_serpentine_network_case3_version2","2"
"Eristalis_stipador",0,23.7528105684868,0.00500022643333561,0,35.0659837606068,0.00502510514649501,"A_Bertha_2022_summer_serpentine_network_case3_version2","2"
"Erynnis_tristus",1,0,0,0,0.475638362963516,0,"A_Bertha_2022_summer_serpentine_network_case3_version2","2"
"Euodyneras_hidalgo",0,9.16848740913309,0.00500022488294175,0,1.45581507633243,0.00456996960183175,"A_Bertha_2022_summer_serpentine_network_case3_version2","2"
"Geron_sp.",1,0,0,0,0.512071419582735,0,"A_Bertha_2022_summer_serpentine_network_case3_version2","2"
"gray_Bombyliidae",0,2.24353386203582,0.00500019138381112,0,0.345681637430562,0.00450617706305105,"A_Bertha_2022_summer_serpentine_network_case3_version2","2"
"Halictus_ligatus",0,2.09562173979042,0.00500019138381112,0,0.322891473451075,0.00450617706305105,"A_Bertha_2022_summer_serpentine_network_case3_version2","2"
"Heliothodes_diminutivus",0,2.16381805298726,0.00500019138381112,0,0.333399098767746,0.00450617706305105,"A_Bertha_2022_summer_serpentine_network_case3_version2","2"
"Icaricia_acmon",0,2.36731822623254,0.00500019138381112,0,0.364754218603757,0.00450617706305105,"A_Bertha_2022_summer_serpentine_network_case3_version2","2"
"Junonia_grisea",0,2.28075527981891,0.00500019138381112,0,0.351416679303534,0.00450617706305105,"A_Bertha_2022_summer_serpentine_network_case3_version2","2"
"Lasioglossum_incompletum",0,18.1519446077894,0.00500022618672291,0,7.51574106267666,0.00479753737416338,"A_Bertha_2022_summer_serpentine_network_case3_version2","2"
"Lasioglossum_titusi",0,27.7434975198314,0.00500023165157167,0,36.9527699233083,0.00506366148972339,"A_Bertha_2022_summer_serpentine_network_case3_version2","2"
"Megachile-mimic_Syrphidae",0,6.96030215668127,0.00500022488395974,0,0.00587753666596254,0.00228498480091587,"A_Bertha_2022_summer_serpentine_network_case3_version2","2"
"Melissodes_lupina",0,35.8792409048482,0.00500023021594541,0,62.8035976937545,0.00503305160370534,"A_Bertha_2022_summer_serpentine_network_case3_version2","2"
"Phycoides_mytilla",0,1.59712773359601,0.0050001913850246,0,0.00277490890944788,0.00225308853152552,"A_Bertha_2022_summer_serpentine_network_case3_version2","2"
"Polistes_aurifer",0,4.90980116248065,0.00500021681273593,0,0.0399728016992164,0.00317049516882445,"A_Bertha_2022_summer_serpentine_network_case3_version2","2"
"Strymon_melinus",0,5.44129722088635,0.00500021681273591,0,0.0442999395689659,0.00317049516882445,"A_Bertha_2022_summer_serpentine_network_case3_version2","2"
"Tachinidae",0,7.67293241739253,0.00500022206844402,0,0.0707253545723043,0.00319175934841802,"A_Bertha_2022_summer_serpentine_network_case3_version2","2"
"Xeromelecta_californica",0,37.8103581477185,0.00500023207059924,0,64.5878491929252,0.00499876091763385,"A_Bertha_2022_summer_serpentine_network_case3_version2","2"
"Acmaeodera_sp.",0,8.67618790119519,0.00500023550698761,0,8.63288847556383,0.00503217158664449,"A_Bertha_2023_spring_full_network_case3_version1","1"
"Adela_eldorada",0,4.05600232332982,0.00500023462731849,0,0.0124548832001971,0.00260700158417367,"A_Bertha_2023_spring_full_network_case3_version1","1"
"Andrena_dissona",0,4.05387464731478,0.00500023462731849,0,0.0124483496840981,0.00260700158417367,"A_Bertha_2023_spring_full_network_case3_version1","1"
"Andrena_pensilis",0,3.66897876695828,0.00500023462731849,0,0.0112664388141454,0.00260700158417367,"A_Bertha_2023_spring_full_network_case3_version1","1"
"Andrena_plana",0,13.7251545300042,0.00500023780474855,0,24.5495779755358,0.00502381658531569,"A_Bertha_2023_spring_full_network_case3_version1","1"
"Andrena_sp.",0,6.43813643058858,0.0050002360168258,0,0.405693609282544,0.0040634350806122,"A_Bertha_2023_spring_full_network_case3_version1","1"
"Andrena_subchalybea",0,5.14469475463296,0.00500023487974519,0,0.00756784921302113,0.00222112668969156,"A_Bertha_2023_spring_full_network_case3_version1","1"
"Anthophora_californica",0,5.58292703368922,0.00500023605793535,0,0.02223287029483,0.00272969190777799,"A_Bertha_2023_spring_full_network_case3_version1","1"
"Apis_mellifera",0,4.818943268861,0.00500023487974519,0,0.00708866857354975,0.00222112668969156,"A_Bertha_2023_spring_full_network_case3_version1","1"
"Autographa_californica",0,9.63365089977239,0.00500023550698761,0,9.58557315507385,0.00503217158664449,"A_Bertha_2023_spring_full_network_case3_version1","1"
"Bombus_californicus",0,4.53640438115978,0.00500023487974519,0,0.00667305369167497,0.00222112668969156,"A_Bertha_2023_spring_full_network_case3_version1","1"
"Bombus_melanopygus",0,4.04987214773561,0.00500023462731849,0,0.0124360590935199,0.00260700158417367,"A_Bertha_2023_spring_full_network_case3_version1","1"
"Bombus_vosnesenskii",0,6.90662263964533,0.0050002360168258,0,0.435214863312174,0.0040634350806122,"A_Bertha_2023_spring_full_network_case3_version1","1"
"Bombylius_major",0,8.24859018509102,0.00500023619698414,0,10.3673104817532,0.00516447175156788,"A_Bertha_2023_spring_full_network_case3_version1","1"
"Coenonympha_californica",0,4.1938536595178,0.00500023462731849,0,0.012878187269577,0.00260700158417367,"A_Bertha_2023_spring_full_network_case3_version1","1"
"Cyrtopogon_sp.",0,6.01048778197833,0.00500023605793535,0,0.0239355439280186,0.00272969190777799,"A_Bertha_2023_spring_full_network_case3_version1","1"
"Diadasia_bituberculata",0,10.9319451376566,0.00500023926336321,0,1.06636106427353,0.00436184039466109,"A_Bertha_2023_spring_full_network_case3_version1","1"
"Elateridae",0,11.1572676417555,0.00500023926336321,0,1.08834024016222,0.00436184039466109,"A_Bertha_2023_spring_full_network_case3_version1","1"
"Eristalis_hirta",0,26.5182447058512,0.00500024624745067,0,33.479266610088,0.00500201027903771,"A_Bertha_2023_spring_full_network_case3_version1","1"
"Eucera_actuosa",0,4.04077923246441,0.00500023478025215,0,0.00849046210837074,0.00241406413693262,"A_Bertha_2023_spring_full_network_case3_version1","1"
"Eucera_frater_albopilosa",0,31.6992248019694,0.00500024475953594,0,40.1729663240059,0.00500199474393366,"A_Bertha_2023_spring_full_network_case3_version1","1"
"Euopeodes_fumipennis",0,6.04742507739197,0.0050002360333232,0,0.0948557865527,0.0033965634941951,"A_Bertha_2023_spring_full_network_case3_version1","1"
"Heliolonche_modiella",0,6.44427003124795,0.0050002360333232,0,0.101080425924114,0.0033965634941951,"A_Bertha_2023_spring_full_network_case3_version1","1"
"Helithodes_dimutiva",0,7.82616609040859,0.00500023538021049,0,0.362480419223028,0.00381958658540908,"A_Bertha_2023_spring_full_network_case3_version1","1"
"Junonia_grisea",0,12.1653582720816,0.00500024113785644,0,0.433058571811216,0.00362800114382677,"A_Bertha_2023_spring_full_network_case3_version1","1"
"Listrus_sp._1",0,5.61096127112524,0.00500023562938745,0,0.0526060606485091,0.00314228088515188,"A_Bertha_2023_spring_full_network_case3_version1","1"
"Lycaenidae_sp.",0,4.7819092683058,0.00500023478025215,0,0.010047720280822,0.00241406413693262,"A_Bertha_2023_spring_full_network_case3_version1","1"
"Malachius_sp.",0,10.3126400557631,0.00500023759755071,0,0.536851018607521,0.00381540908474468,"A_Bertha_2023_spring_full_network_case3_version1","1"
"Mordellidae",0,27.2334945211234,0.0050002453526656,0,36.3844164548923,0.00500498158166853,"A_Bertha_2023_spring_full_network_case3_version1","1"
"Muscidae",0,5.06634951537495,0.00500023558032065,0,0.0172058271991609,0.00266834674597583,"A_Bertha_2023_spring_full_network_case3_version1","1"
"Nomada_hesperia",0,8.03468216408565,0.00500023615790833,0,0.538892551454215,0.00394708182967294,"A_Bertha_2023_spring_full_network_case3_version1","1"
"Nomada-mimic_Syrphidae",0,13.1690740315608,0.0050002411378466,0,0.46878852748316,0.00362800114382677,"A_Bertha_2023_spring_full_network_case3_version1","1"
"Osmia_nemoris",0,4.47936774486839,0.00500023478025215,0,0.00941202177051594,0.00241406413693262,"A_Bertha_2023_spring_full_network_case3_version1","1"
"Osmia_sanctaerosae",0,4.47046103551848,0.00500023478025714,0,0.0093933070444746,0.00241406413693262,"A_Bertha_2023_spring_full_network_case3_version1","1"
"Osmia_sp.",0,34.691433880326,0.00500024269358978,0,58.0121566028952,0.00502782838155061,"A_Bertha_2023_spring_full_network_case3_version1","1"
"Panurginus_sp.",0,8.11703200850909,0.00500023763102957,0,1.55132777233072,0.00452991574228039,"A_Bertha_2023_spring_full_network_case3_version1","1"
"Scaeva_affinis",0,29.5048526289206,0.00500024395371956,0,51.7277878327315,0.00502348236531859,"A_Bertha_2023_spring_full_network_case3_version1","1"
"silver_moth_Lepidoptera",0,6.82421778521749,0.00500023596897061,0,0.152006519739721,0.00350038841450652,"A_Bertha_2023_spring_full_network_case3_version1","1"
"Sphaerophoria_sp.",0,8.0239022627457,0.00500023572640333,0,1.10719364999523,0.00426788164079535,"A_Bertha_2023_spring_full_network_case3_version1","1"
"Sphex_sp.",0,13.65978421016,0.00500023756044286,0,1.49715384392058,0.0041286600803497,"A_Bertha_2023_spring_full_network_case3_version1","1"
"Syrphidae",0,10.9846341597486,0.00500023736698129,0,2.1709783786146,0.00438761299815425,"A_Bertha_2023_spring_full_network_case3_version1","1"
"Tachnidae",0,28.709436355793,0.00500024101738167,0,68.5342495581277,0.00503759130158118,"A_Bertha_2023_spring_full_network_case3_version1","1"
"Vanessa_cardui",0,8.20921791735006,0.00500023589029022,0,1.04497043251205,0.00424744258165064,"A_Bertha_2023_spring_full_network_case3_version1","1"
"Xylocopa_sonorina",0,12.2167770814642,0.00500023728099151,0,8.75950443559273,0.00490812475924963,"A_Bertha_2023_spring_full_network_case3_version1","1"
"Xylocopa_sp.",0,35.6726543866116,0.00500024319317481,0,77.8543414731721,0.00502008742876932,"A_Bertha_2023_spring_full_network_case3_version1","1"
"Xylocopa_tabaniformis",0,27.4858301892238,0.00500024423546089,0,106.414957077415,0.00501749787229173,"A_Bertha_2023_spring_full_network_case3_version1","1"
"Acmaeodera_sp.",1,2.05188810363549e-05,0,1,2.03893610879962e-05,0,"A_Bertha_2023_spring_nonserpentine_network_case3_version3","3"
"Adela_eldorada",1,0,0,0,0.515958570114318,0,"A_Bertha_2023_spring_nonserpentine_network_case3_version3","3"
"Andrena_dissona",1,0,0,0,0.515687911336165,0,"A_Bertha_2023_spring_nonserpentine_network_case3_version3","3"
"Andrena_pensilis",1,0,0,0,0.466725826923142,0,"A_Bertha_2023_spring_nonserpentine_network_case3_version3","3"
"Andrena_plana",1,0,0,0,0.460973097249387,0,"A_Bertha_2023_spring_nonserpentine_network_case3_version3","3"
"Andrena_sp.",1,0,0,0,0.474845470453075,0,"A_Bertha_2023_spring_nonserpentine_network_case3_version3","3"
"Andrena_subchalybea",1,0,0,0,0.52782190482962,0,"A_Bertha_2023_spring_nonserpentine_network_case3_version3","3"
"Anthophora_californica",1,0,0,0,0.502754471429044,0,"A_Bertha_2023_spring_nonserpentine_network_case3_version3","3"
"Apis_mellifera",1,0,0,0,0.494401307936945,0,"A_Bertha_2023_spring_nonserpentine_network_case3_version3","3"
"Autographa_californica",1,0,0,0,0.502782496229178,0,"A_Bertha_2023_spring_nonserpentine_network_case3_version3","3"
"Bombus_californicus",1,0,0,0,0.465414123803104,0,"A_Bertha_2023_spring_nonserpentine_network_case3_version3","3"
"Bombus_melanopygus",1,0,0,0,0.515178758774502,0,"A_Bertha_2023_spring_nonserpentine_network_case3_version3","3"
"Bombus_vosnesenskii",1,0,0,0,0.509398723048809,0,"A_Bertha_2023_spring_nonserpentine_network_case3_version3","3"
"Bombylius_major",1,0,0,0,0.464338281338261,0,"A_Bertha_2023_spring_nonserpentine_network_case3_version3","3"
"Coenonympha_californica",1,0,0,0,0.533494452146578,0,"A_Bertha_2023_spring_nonserpentine_network_case3_version3","3"
"Cyrtopogon_sp.",1,0,0,0,0.541257227534082,0,"A_Bertha_2023_spring_nonserpentine_network_case3_version3","3"
"Diadasia_bituberculata",1,0,0,0,0.510223165322199,0,"A_Bertha_2023_spring_nonserpentine_network_case3_version3","3"
"Elateridae",1,0,0,0,0.520739570199856,0,"A_Bertha_2023_spring_nonserpentine_network_case3_version3","3"
"Eristalis_hirta",1,0,0,0,0.469956348985413,0,"A_Bertha_2023_spring_nonserpentine_network_case3_version3","3"
"Eucera_actuosa",1,0,0,0,0.456357397840525,0,"A_Bertha_2023_spring_nonserpentine_network_case3_version3","3"
"Eucera_frater_albopilosa",1,0,0,0,0.49878550569936,0,"A_Bertha_2023_spring_nonserpentine_network_case3_version3","3"
"Euopeodes_fumipennis",1,0,0,0,0.487994289136489,0,"A_Bertha_2023_spring_nonserpentine_network_case3_version3","3"
"Heliolonche_modiella",1,0,0,0,0.520017516971574,0,"A_Bertha_2023_spring_nonserpentine_network_case3_version3","3"
"Helithodes_dimutiva",1,0,0,0,0.53440774124321,0,"A_Bertha_2023_spring_nonserpentine_network_case3_version3","3"
"Junonia_grisea",1,0,0,0,0.490907074623232,0,"A_Bertha_2023_spring_nonserpentine_network_case3_version3","3"
"Listrus_sp._1",1,0,0,0,0.475203192664871,0,"A_Bertha_2023_spring_nonserpentine_network_case3_version3","3"
"Lycaenidae_sp.",1,0,0,0,0.540059118480449,0,"A_Bertha_2023_spring_nonserpentine_network_case3_version3","3"
"Malachius_sp.",1,0,0,0,0.47360430090856,0,"A_Bertha_2023_spring_nonserpentine_network_case3_version3","3"
"Mordellidae",1,0,0,0,0.467485370169154,0,"A_Bertha_2023_spring_nonserpentine_network_case3_version3","3"
"Muscidae",1,0,0,0,0.526616432972539,0,"A_Bertha_2023_spring_nonserpentine_network_case3_version3","3"
"Nomada_hesperia",1,0,0,0,0.542388969469997,0,"A_Bertha_2023_spring_nonserpentine_network_case3_version3","3"
"Nomada-mimic_Syrphidae",1,0,0,0,0.531409882233203,0,"A_Bertha_2023_spring_nonserpentine_network_case3_version3","3"
"Osmia_nemoris",0,3.01731536321315,0.005000346262739,0,4.15811322526545,0.00500335064583101,"A_Bertha_2023_spring_nonserpentine_network_case3_version3","3"
"Osmia_sanctaerosae",0,3.0113157777366,0.005000346262739,0,4.14984529392313,0.00500335064583101,"A_Bertha_2023_spring_nonserpentine_network_case3_version3","3"
"Osmia_sp.",0,2.97400275689187,0.005000346262739,0,4.09842482708531,0.00500335064583101,"A_Bertha_2023_spring_nonserpentine_network_case3_version3","3"
"Panurginus_sp.",0,2.70853917934633,0.005000346262739,0,3.73259378861562,0.00500335064583101,"A_Bertha_2023_spring_nonserpentine_network_case3_version3","3"
"Scaeva_affinis",0,3.00160274816487,0.005000346262739,0,4.13645992602702,0.00500335064583101,"A_Bertha_2023_spring_nonserpentine_network_case3_version3","3"
"silver_moth_Lepidoptera",0,3.15064299676493,0.005000346262739,0,4.34184986830123,0.00500335064583101,"A_Bertha_2023_spring_nonserpentine_network_case3_version3","3"
"Sphaerophoria_sp.",0,3.03794653758106,0.005000346262739,0,4.18654471087636,0.00500335064583101,"A_Bertha_2023_spring_nonserpentine_network_case3_version3","3"
"Sphex_sp.",0,3.23001279839315,0.005000346262739,0,4.45122810072909,0.00500335064583101,"A_Bertha_2023_spring_nonserpentine_network_case3_version3","3"
"Syrphidae",0,2.7783607495612,0.005000346262739,0,3.82881375887033,0.00500335064583101,"A_Bertha_2023_spring_nonserpentine_network_case3_version3","3"
"Tachnidae",0,1.91361088124051,0.0050003462863759,0,0.00876716856315209,0.0025016753229155,"A_Bertha_2023_spring_nonserpentine_network_case3_version3","3"
"Vanessa_cardui",0,2.20090117466746,0.0050003462863759,0,0.0100833830834268,0.0025016753229155,"A_Bertha_2023_spring_nonserpentine_network_case3_version3","3"
"Xylocopa_sonorina",0,2.11324696789123,0.0050003462863759,0,0.0096817971533939,0.0025016753229155,"A_Bertha_2023_spring_nonserpentine_network_case3_version3","3"
"Xylocopa_sp.",0,2.06950024983639,0.0050003462863759,0,0.00948137247261459,0.0025016753229155,"A_Bertha_2023_spring_nonserpentine_network_case3_version3","3"
"Xylocopa_tabaniformis",0,1.92255150723649,0.0050003462863759,0,0.00880812985551317,0.0025016753229155,"A_Bertha_2023_spring_nonserpentine_network_case3_version3","3"
"Acmaeodera_sp.",1,2.04954088825551e-05,0,1,2.0706798653179e-05,0,"A_Bertha_2023_spring_serpentine_network_case3_version2","2"
"Adela_eldorada",1,0,0,0,0.515958570114318,0,"A_Bertha_2023_spring_serpentine_network_case3_version2","2"
"Andrena_dissona",0,9.06554398037527,0.00500018820222476,0,16.0549379342805,0.0050422967793057,"A_Bertha_2023_spring_serpentine_network_case3_version2","2"
"Andrena_pensilis",1,0,0,0,0.466725826923142,0,"A_Bertha_2023_spring_serpentine_network_case3_version2","2"
"Andrena_plana",1,0,0,0,0.460973097249387,0,"A_Bertha_2023_spring_serpentine_network_case3_version2","2"
"Andrena_sp.",1,0,0,0,0.474845470453075,0,"A_Bertha_2023_spring_serpentine_network_case3_version2","2"
"Andrena_subchalybea",0,15.2913474897508,0.00500017987363223,0,29.5722056721083,0.0050169756171264,"A_Bertha_2023_spring_serpentine_network_case3_version2","2"
"Anthophora_californica",0,6.23664634229727,0.00500020608651422,0,0.194904960965497,0.00370858533505706,"A_Bertha_2023_spring_serpentine_network_case3_version2","2"
"Apis_mellifera",0,6.13302572938782,0.00500020608651422,0,0.191666654602718,0.00370858533505706,"A_Bertha_2023_spring_serpentine_network_case3_version2","2"
"Autographa_californica",0,6.23699398892826,0.00500020608651422,0,0.194915825459697,0.00370858533505706,"A_Bertha_2023_spring_serpentine_network_case3_version2","2"
"Bombus_californicus",0,3.83597757794418,0.00500022260288603,0,0.027726816822769,0.00288470778057134,"A_Bertha_2023_spring_serpentine_network_case3_version2","2"
"Bombus_melanopygus",0,4.24614137436602,0.00500022260288603,0,0.0306915204008613,0.00288470778057134,"A_Bertha_2023_spring_serpentine_network_case3_version2","2"
"Bombus_vosnesenskii",0,8.95498309336777,0.00500018820222476,0,15.8591363165657,0.0050422967793057,"A_Bertha_2023_spring_serpentine_network_case3_version2","2"
"Bombylius_major",0,3.82711040489587,0.00500022260288603,0,0.0276627240387034,0.00288470778057134,"A_Bertha_2023_spring_serpentine_network_case3_version2","2"
"Coenonympha_californica",1,0,0,0,0.533494452146578,0,"A_Bertha_2023_spring_serpentine_network_case3_version2","2"
"Cyrtopogon_sp.",1,0,0,0,0.541257227534082,0,"A_Bertha_2023_spring_serpentine_network_case3_version2","2"
"Diadasia_bituberculata",0,6.32929515038836,0.00500020608651422,0,0.197800381242582,0.00370858533505706,"A_Bertha_2023_spring_serpentine_network_case3_version2","2"
"Elateridae",0,7.68298743712409,0.00500019371780595,0,10.0325214422718,0.00503977757495855,"A_Bertha_2023_spring_serpentine_network_case3_version2","2"
"Eristalis_hirta",0,3.87341493333841,0.00500022260288603,0,0.0279974176474126,0.00288470778057134,"A_Bertha_2023_spring_serpentine_network_case3_version2","2"
"Eucera_actuosa",0,6.73309338286533,0.00500019371780595,0,8.79214033512215,0.00503977757495855,"A_Bertha_2023_spring_serpentine_network_case3_version2","2"
"Eucera_frater_albopilosa",1,0,0,0,0.49878550569936,0,"A_Bertha_2023_spring_serpentine_network_case3_version2","2"
"Euopeodes_fumipennis",1,0,0,0,0.487994289136489,0,"A_Bertha_2023_spring_serpentine_network_case3_version2","2"
"Heliolonche_modiella",1,0,0,0,0.520017516971574,0,"A_Bertha_2023_spring_serpentine_network_case3_version2","2"
"Helithodes_dimutiva",0,31.7427291930359,0.00500050109571794,0,44.0816132898524,0.00500310568411562,"A_Bertha_2023_spring_serpentine_network_case3_version2","2"
"Junonia_grisea",0,2.86095752379247,0.00500022267581425,1,0,0.00144235389028567,"A_Bertha_2023_spring_serpentine_network_case3_version2","2"
"Listrus_sp._1",0,29.9855795531835,0.0050005819158886,0,41.6755198754219,0.0050031380703903,"A_Bertha_2023_spring_serpentine_network_case3_version2","2"
"Lycaenidae_sp.",0,6.45377065892806,0.00500020058924411,0,0.578490708161739,0.00396224267776495,"A_Bertha_2023_spring_serpentine_network_case3_version2","2"
"Malachius_sp.",0,39.6115999333483,0.00500066290437806,0,61.9113068058681,0.00501569711061882,"A_Bertha_2023_spring_serpentine_network_case3_version2","2"
"Mordellidae",0,5.81097284559164,0.00500018825451364,0,0.0175708485764588,0.00252114838965285,"A_Bertha_2023_spring_serpentine_network_case3_version2","2"
"Muscidae",0,12.3795285505537,0.00500023663197636,0,4.35707948879366,0.00480608335626923,"A_Bertha_2023_spring_serpentine_network_case3_version2","2"
"Nomada_hesperia",0,5.71202967640018,0.00500021114529946,0,0.0824251793937787,0.0032966465578142,"A_Bertha_2023_spring_serpentine_network_case3_version2","2"
"Nomada-mimic_Syrphidae",0,3.09700385140877,0.00500022267581425,1,0,0.00144235389028567,"A_Bertha_2023_spring_serpentine_network_case3_version2","2"
"Osmia_nemoris",0,36.4916547255782,0.00500065862862998,0,36.3889804385219,0.00500024313788869,"A_Bertha_2023_spring_serpentine_network_case3_version2","2"
"Osmia_sanctaerosae",0,10.3425003547557,0.0050001799065169,0,0.025456060059223,0.0025084878085632,"A_Bertha_2023_spring_serpentine_network_case3_version2","2"
"Osmia_sp.",0,30.7586130642636,0.0050006192213288,0,30.6570271927145,0.00500024504144934,"A_Bertha_2023_spring_serpentine_network_case3_version2","2"
"Panurginus_sp.",0,4.7375616443155,0.00500019377128454,0,0.0134289757856077,0.00251988878747928,"A_Bertha_2023_spring_serpentine_network_case3_version2","2"
"Scaeva_affinis",0,11.8303855657981,0.00500023663197636,0,4.16380398351139,0.00480608335626923,"A_Bertha_2023_spring_serpentine_network_case3_version2","2"
"silver_moth_Lepidoptera",0,3.07855771939677,0.00500022267581425,1,0,0.00144235389028567,"A_Bertha_2023_spring_serpentine_network_case3_version2","2"
"Sphaerophoria_sp.",0,2.96843970387302,0.00500022267581425,1,0,0.00144235389028567,"A_Bertha_2023_spring_serpentine_network_case3_version2","2"
"Sphex_sp.",0,33.3476922807488,0.00500061321977671,0,33.2412370668614,0.0050002444274706,"A_Bertha_2023_spring_serpentine_network_case3_version2","2"
"Syrphidae",0,5.1840970960731,0.0050001988709477,0,0.0324785646628869,0.0029161209700052,"A_Bertha_2023_spring_serpentine_network_case3_version2","2"
"Tachnidae",0,6.83420555360567,0.00500019401025479,0,2.79003805954784,0.00459688656310711,"A_Bertha_2023_spring_serpentine_network_case3_version2","2"
"Vanessa_cardui",0,6.91465666826373,0.00500019050887817,0,0.156940816417752,0.00336069145142142,"A_Bertha_2023_spring_serpentine_network_case3_version2","2"
"Xylocopa_sonorina",0,9.7673135182393,0.00500018620470154,0,5.35302475077131,0.00470190882661193,"A_Bertha_2023_spring_serpentine_network_case3_version2","2"
"Xylocopa_sp.",0,9.44576281500211,0.00500022588733948,0,1.64700069942071,0.00438479281810388,"A_Bertha_2023_spring_serpentine_network_case3_version2","2"
"Xylocopa_tabaniformis",0,35.3884417248617,0.00500063048014037,0,84.1138777175408,0.00504875003184457,"A_Bertha_2023_spring_serpentine_network_case3_version2","2"
"Anastrangalia_laetifca",0,5.45826042237954,0.00500023100947312,0,2.46777711061035,0.00504779501231757,"A_Bertha_2023_summer_full_network_case3_version1","1"
"Anthrenus_sp.",0,5.99628026058752,0.00500023100947312,0,2.71102549778943,0.00504779501231757,"A_Bertha_2023_summer_full_network_case3_version1","1"
"Apis_mellifera",0,3.06058220118599,0.00500023028361223,0,0.0450639455397848,0.00326879285959061,"A_Bertha_2023_summer_full_network_case3_version1","1"
"Ashmeadiella_aridula_astragali",0,2.8343340422184,0.00500023028361223,0,0.0417326725614304,0.00326879285959061,"A_Bertha_2023_summer_full_network_case3_version1","1"
"Autographa_californica",0,2.71207616831049,0.00500023028361223,0,0.039932550310862,0.00326879285959061,"A_Bertha_2023_summer_full_network_case3_version1","1"
"Bombus_californicus",0,2.86871427870152,0.00500023106422664,0,0.00247363186724495,0.00190493852659986,"A_Bertha_2023_summer_full_network_case3_version1","1"
"Bombus_crotchii",0,3.0002433631574,0.00500023106422664,0,0.00258704662435682,0.00190493852659986,"A_Bertha_2023_summer_full_network_case3_version1","1"
"Bombus_sp.",0,5.47705431391507,0.00500023105061058,0,3.09355691177835,0.00499332362142448,"A_Bertha_2023_summer_full_network_case3_version1","1"
"Bombus_vosnesenskii",0,2.94685698964901,0.00500023028361223,0,0.0433894579974408,0.00326879285959061,"A_Bertha_2023_summer_full_network_case3_version1","1"
"Bombus-melanopygus",0,5.35845118728193,0.00500023105061058,0,3.0265673403335,0.00499332362142448,"A_Bertha_2023_summer_full_network_case3_version1","1"
"Braconidae",0,5.31262253128644,0.00500023105061058,0,3.00068233995406,0.00499332362142448,"A_Bertha_2023_summer_full_network_case3_version1","1"
"Buprestidae",0,2.75806390647823,0.00500023028361223,0,0.0406096727673796,0.00326879285959061,"A_Bertha_2023_summer_full_network_case3_version1","1"
"Ceratina_punctigena",0,11.198719255981,0.00500023044395528,0,1.50606550642201,0.00435543930188485,"A_Bertha_2023_summer_full_network_case3_version1","1"
"Coenonympha_californica",0,11.3233396282763,0.00500023044395528,0,1.52282514182367,0.00435543930188485,"A_Bertha_2023_summer_full_network_case3_version1","1"
"Colias_eurytheme",0,3.1356124800178,0.00500023106422664,0,0.00270377256211053,0.00190493852659986,"A_Bertha_2023_summer_full_network_case3_version1","1"
"Curculionidae",0,3.02026495512547,0.00500023106422664,0,0.0026043108215063,0.00190493852659986,"A_Bertha_2023_summer_full_network_case3_version1","1"
"Dianthidium_dubium",0,17.5812565317519,0.00500023127112874,0,27.5694356987321,0.0050130326751816,"A_Bertha_2023_summer_full_network_case3_version1","1"
"Epicauta_puncticollis",0,3.04528095558414,0.00500023028361223,0,0.0448386503255606,0.00326879285959061,"A_Bertha_2023_summer_full_network_case3_version1","1"
"Eristalis_stipador",0,5.58206579020657,0.00500023100947312,0,2.52375173075125,0.00504779501231757,"A_Bertha_2023_summer_full_network_case3_version1","1"
"Erynnis_tristus",0,6.3157272363887,0.00500023100947312,0,2.85545318570314,0.00504779501231757,"A_Bertha_2023_summer_full_network_case3_version1","1"
"Euodyneras_hidalgo",0,5.63722254674006,0.00500023105061058,0,3.18402333984386,0.00499332362142448,"A_Bertha_2023_summer_full_network_case3_version1","1"
"gray_Bombyliidae",0,2.97743141718976,0.00500023028361223,0,0.0438396352050859,0.00326879285959061,"A_Bertha_2023_summer_full_network_case3_version1","1"
"Halictidae",0,27.1676227929966,0.0050002297667592,0,10.4171340884654,0.00492157689101622,"A_Bertha_2023_summer_full_network_case3_version1","1"
"Halictus_farinosus",0,3.14166994507202,0.00500023070738005,0,0.011160918392676,0.00258686569309524,"A_Bertha_2023_summer_full_network_case3_version1","1"
"Halictus_ligatus",0,3.22481071677678,0.00500023070738005,0,0.0114562795838781,0.00258686569309524,"A_Bertha_2023_summer_full_network_case3_version1","1"
"Halictus_tripartitus",0,11.7402229245154,0.00500023080648321,0,9.041093890942,0.00498644395294673,"A_Bertha_2023_summer_full_network_case3_version1","1"
"Heliolonche_modicella",0,3.14237174080863,0.00500023070738005,0,0.0111634115524645,0.00258686569309524,"A_Bertha_2023_summer_full_network_case3_version1","1"
"Heliopetes_ericetorum",0,4.86650467205651,0.00500023087039066,0,0.352144820351634,0.00415829393595409,"A_Bertha_2023_summer_full_network_case3_version1","1"
"Heliothis_phloxiphaga",0,2.85306709382556,0.00500023070738005,0,0.0101356442774822,0.00258686569309524,"A_Bertha_2023_summer_full_network_case3_version1","1"
"Heliothodes_diminutivus",0,3.01357826667618,0.00500023070738005,0,0.0107058671674906,0.00258686569309524,"A_Bertha_2023_summer_full_network_case3_version1","1"
"Hippodamia_convergens",0,2.86219556391005,0.00500023070738005,0,0.0101680735620423,0.00258686569309524,"A_Bertha_2023_summer_full_network_case3_version1","1"
"Icaricia_acmon",0,2.72999272044088,0.00500023070738005,0,0.00969841724030394,0.00258686569309524,"A_Bertha_2023_summer_full_network_case3_version1","1"
"Junonia_grisea",0,2.70568627623215,0.00500023070738005,0,0.00961206754779286,0.00258686569309524,"A_Bertha_2023_summer_full_network_case3_version1","1"
"Lasioglossum_incompletum",0,37.5461971997573,0.00500022891046252,0,53.8044487277181,0.00500741291753518,"A_Bertha_2023_summer_full_network_case3_version1","1"
"Megachile_apicalis",0,9.10669941872568,0.00500023079673871,0,1.52070327317445,0.00439573645819699,"A_Bertha_2023_summer_full_network_case3_version1","1"
"Megachile-mimic_Syrphidae",0,4.09973660734411,0.00500023093383547,0,0.0705419529874096,0.00338901833587165,"A_Bertha_2023_summer_full_network_case3_version1","1"
"Melissodes_lupina",0,17.4889985900852,0.00500023038111822,0,1.13819085872358,0.00404150554559976,"A_Bertha_2023_summer_full_network_case3_version1","1"
"Nemognatha_scutellaris",0,19.9496359522024,0.00500022983130298,0,0.35697907267851,0.00354700387884833,"A_Bertha_2023_summer_full_network_case3_version1","1"
"Panurginus_sp.",0,4.67026517736371,0.00500023096383928,0,0.177633914675211,0.00380371250498313,"A_Bertha_2023_summer_full_network_case3_version1","1"
"Polistes_aurifer",0,11.176825260971,0.00500023101274821,0,0.461051976263131,0.0039179996751149,"A_Bertha_2023_summer_full_network_case3_version1","1"
"silver_moth_Lepidoptera",0,8.25220647561106,0.00500023082640676,0,0.505804147001408,0.00402798858270168,"A_Bertha_2023_summer_full_network_case3_version1","1"
"Strymon_melinus",0,10.2338296153463,0.0050002310495037,0,2.85355810922979,0.00464960741241803,"A_Bertha_2023_summer_full_network_case3_version1","1"
"Tachinidae",0,41.7432216502265,0.00500022991476123,0,88.7351445233923,0.00499896682077933,"A_Bertha_2023_summer_full_network_case3_version1","1"
"Triepeolus_utahensis",0,14.1826889696382,0.00500023047905054,0,1.36284158011893,0.00421862100189838,"A_Bertha_2023_summer_full_network_case3_version1","1"
"Villa_sp.",0,8.71854341475671,0.00500023141716975,0,87.9603272109294,0.00504928188596075,"A_Bertha_2023_summer_full_network_case3_version1","1"
"white_moth_Lepidoptera",0,52.0430833292811,0.00500022981931351,0,120.984366036712,0.00503760897544602,"A_Bertha_2023_summer_full_network_case3_version1","1"
"Anastrangalia_laetifca",1,2.12552060503873e-05,0,1,2.12561190443627e-05,0,"A_Bertha_2023_summer_nonserpentine_network_case3_version3","3"
"Anthrenus_sp.",1,0,0,0,0.514466553490826,0,"A_Bertha_2023_summer_nonserpentine_network_case3_version3","3"
"Apis_mellifera",1,0,0,0,0.539364520315716,0,"A_Bertha_2023_summer_nonserpentine_network_case3_version3","3"
"Ashmeadiella_aridula_astragali",1,0,0,0,0.499492946243609,0,"A_Bertha_2023_summer_nonserpentine_network_case3_version3","3"
"Autographa_californica",1,0,0,0,0.477947516333287,0,"A_Bertha_2023_summer_nonserpentine_network_case3_version3","3"
"Bombus_californicus",1,0,0,0,0.463907013560602,0,"A_Bertha_2023_summer_nonserpentine_network_case3_version3","3"
"Bombus_crotchii",1,0,0,0,0.485176913037513,0,"A_Bertha_2023_summer_nonserpentine_network_case3_version3","3"
"Bombus_sp.",1,0,0,0,0.468377421478917,0,"A_Bertha_2023_summer_nonserpentine_network_case3_version3","3"
"Bombus_vosnesenskii",1,0,0,0,0.519322796151658,0,"A_Bertha_2023_summer_nonserpentine_network_case3_version3","3"
"Bombus-melanopygus",1,0,0,0,0.458234920915326,0,"A_Bertha_2023_summer_nonserpentine_network_case3_version3","3"
"Braconidae",1,0,0,0,0.454315823877377,0,"A_Bertha_2023_summer_nonserpentine_network_case3_version3","3"
"Buprestidae",1,0,0,0,0.486051907081181,0,"A_Bertha_2023_summer_nonserpentine_network_case3_version3","3"
"Ceratina_punctigena",1,0,0,0,0.474402313411423,0,"A_Bertha_2023_summer_nonserpentine_network_case3_version3","3"
"Coenonympha_californica",1,0,0,0,0.479681505788901,0,"A_Bertha_2023_summer_nonserpentine_network_case3_version3","3"
"Colias_eurytheme",1,0,0,0,0.507067794053381,0,"A_Bertha_2023_summer_nonserpentine_network_case3_version3","3"
"Curculionidae",1,0,0,0,0.488414655178047,0,"A_Bertha_2023_summer_nonserpentine_network_case3_version3","3"
"Dianthidium_dubium",1,0,0,0,0.485109577437448,0,"A_Bertha_2023_summer_nonserpentine_network_case3_version3","3"
"Epicauta_puncticollis",1,0,0,0,0.536667991190529,0,"A_Bertha_2023_summer_nonserpentine_network_case3_version3","3"
"Eristalis_stipador",1,0,0,0,0.478927939212382,0,"A_Bertha_2023_summer_nonserpentine_network_case3_version3","3"
"Erynnis_tristus",1,0,0,0,0.541874342501105,0,"A_Bertha_2023_summer_nonserpentine_network_case3_version3","3"
"Euodyneras_hidalgo",1,0,0,0,0.482074416071211,0,"A_Bertha_2023_summer_nonserpentine_network_case3_version3","3"
"gray_Bombyliidae",1,0,0,0,0.524710908846329,0,"A_Bertha_2023_summer_nonserpentine_network_case3_version3","3"
"Halictidae",1,0,0,0,0.51624498025805,0,"A_Bertha_2023_summer_nonserpentine_network_case3_version3","3"
"Halictus_farinosus",1,0,0,0,0.529383197044667,0,"A_Bertha_2023_summer_nonserpentine_network_case3_version3","3"
"Halictus_ligatus",1,0,0,0,0.543392729709573,0,"A_Bertha_2023_summer_nonserpentine_network_case3_version3","3"
"Halictus_tripartitus",1,0,0,0,0.501608228800636,0,"A_Bertha_2023_summer_nonserpentine_network_case3_version3","3"
"Heliolonche_modicella",1,0,0,0,0.529501452287427,0,"A_Bertha_2023_summer_nonserpentine_network_case3_version3","3"
"Heliopetes_ericetorum",1,0,0,0,0.530908594783819,0,"A_Bertha_2023_summer_nonserpentine_network_case3_version3","3"
"Heliothis_phloxiphaga",1,0,0,0,0.480752531639651,0,"A_Bertha_2023_summer_nonserpentine_network_case3_version3","3"
"Heliothodes_diminutivus",1,0,0,0,0.50779926760951,0,"A_Bertha_2023_summer_nonserpentine_network_case3_version3","3"
"Hippodamia_convergens",1,0,0,0,0.482290713038431,0,"A_Bertha_2023_summer_nonserpentine_network_case3_version3","3"
"Icaricia_acmon",1,0,0,0,0.460014036907821,0,"A_Bertha_2023_summer_nonserpentine_network_case3_version3","3"
"Junonia_grisea",1,0,0,0,0.455918309747203,0,"A_Bertha_2023_summer_nonserpentine_network_case3_version3","3"
"Lasioglossum_incompletum",1,0,0,0,0.519031921247501,0,"A_Bertha_2023_summer_nonserpentine_network_case3_version3","3"
"Megachile_apicalis",1,0,0,0,0.469500406747451,0,"A_Bertha_2023_summer_nonserpentine_network_case3_version3","3"
"Megachile-mimic_Syrphidae",1,0,0,0,0.493336204413016,0,"A_Bertha_2023_summer_nonserpentine_network_case3_version3","3"
"Melissodes_lupina",1,0,0,0,0.50158756955135,0,"A_Bertha_2023_summer_nonserpentine_network_case3_version3","3"
"Nemognatha_scutellaris",1,0,0,0,0.482281449545306,0,"A_Bertha_2023_summer_nonserpentine_network_case3_version3","3"
"Panurginus_sp.",1,0,0,0,0.504322507956215,0,"A_Bertha_2023_summer_nonserpentine_network_case3_version3","3"
"Polistes_aurifer",1,0,0,0,0.548391220112513,0,"A_Bertha_2023_summer_nonserpentine_network_case3_version3","3"
"silver_moth_Lepidoptera",1,0,0,0,0.511236431012506,0,"A_Bertha_2023_summer_nonserpentine_network_case3_version3","3"
"Strymon_melinus",1,0,0,0,0.450696027186092,0,"A_Bertha_2023_summer_nonserpentine_network_case3_version3","3"
"Tachinidae",1,0,0,0,0.548128916648277,0,"A_Bertha_2023_summer_nonserpentine_network_case3_version3","3"
"Triepeolus_utahensis",1,0,0,0,0.502702107584431,0,"A_Bertha_2023_summer_nonserpentine_network_case3_version3","3"
"Villa_sp.",1,0,0,0,0.514322171529905,0,"A_Bertha_2023_summer_nonserpentine_network_case3_version3","3"
"white_moth_Lepidoptera",1,0,0,0,0.512736903113656,0,"A_Bertha_2023_summer_nonserpentine_network_case3_version3","3"
"Anastrangalia_laetifca",1,2.12611669270563e-05,0,1,2.16165660164806e-05,0,"A_Bertha_2023_summer_serpentine_network_case3_version2","2"
"Anthrenus_sp.",1,0,0,0,0.514466553490826,0,"A_Bertha_2023_summer_serpentine_network_case3_version2","2"
"Apis_mellifera",1,0,0,0,0.539364520315716,0,"A_Bertha_2023_summer_serpentine_network_case3_version2","2"
"Ashmeadiella_aridula_astragali",1,0,0,0,0.499492946243609,0,"A_Bertha_2023_summer_serpentine_network_case3_version2","2"
"Autographa_californica",1,0,0,0,0.477947516333287,0,"A_Bertha_2023_summer_serpentine_network_case3_version2","2"
"Bombus_californicus",1,0,0,0,0.463907013560602,0,"A_Bertha_2023_summer_serpentine_network_case3_version2","2"
"Bombus_crotchii",0,4.81159855557859,0.00500021842685173,0,0.377489441844026,0.00432898879579793,"A_Bertha_2023_summer_serpentine_network_case3_version2","2"
"Bombus_sp.",0,4.64499456609934,0.00500021842685173,0,0.36441868245463,0.00432898879579793,"A_Bertha_2023_summer_serpentine_network_case3_version2","2"
"Bombus_vosnesenskii",0,26.9197876546965,0.00500023074961496,0,15.9541431391181,0.00499247545074446,"A_Bertha_2023_summer_serpentine_network_case3_version2","2"
"Bombus-melanopygus",0,2.0810875588109,0.00500020159441848,0,0.0342426492500365,0.00340965147839422,"A_Bertha_2023_summer_serpentine_network_case3_version2","2"
"Braconidae",0,2.06328886266786,0.00500020159441848,0,0.0339497857882308,0.00340965147839422,"A_Bertha_2023_summer_serpentine_network_case3_version2","2"
"Buprestidae",0,2.207419230943,0.00500020159441848,0,0.0363213369645154,0.00340965147839422,"A_Bertha_2023_summer_serpentine_network_case3_version2","2"
"Ceratina_punctigena",0,2.15451225395094,0.00500020159441848,0,0.0354507945161812,0.00340965147839422,"A_Bertha_2023_summer_serpentine_network_case3_version2","2"
"Coenonympha_californica",0,2.17848786359133,0.00500020159441848,0,0.0358452942033533,0.00340965147839422,"A_Bertha_2023_summer_serpentine_network_case3_version2","2"
"Colias_eurytheme",0,6.08464172589952,0.00500021718232322,0,7.77437055661111,0.00504420268586435,"A_Bertha_2023_summer_serpentine_network_case3_version2","2"
"Curculionidae",0,2.21814972191053,0.00500020159441848,0,0.0364978987031464,0.00340965147839422,"A_Bertha_2023_summer_serpentine_network_case3_version2","2"
"Dianthidium_dubium",0,2.20313961279229,0.00500020159441848,0,0.0362509192329904,0.00340965147839422,"A_Bertha_2023_summer_serpentine_network_case3_version2","2"
"Epicauta_puncticollis",0,6.43983406239779,0.00500021718232322,0,8.22820119604285,0.00504420268586435,"A_Bertha_2023_summer_serpentine_network_case3_version2","2"
"Eristalis_stipador",0,5.74697300203277,0.00500021718232322,0,7.34292990635343,0.00504420268586435,"A_Bertha_2023_summer_serpentine_network_case3_version2","2"
"Erynnis_tristus",0,2.46093848618032,0.00500020159441848,0,0.0404927957274613,0.00340965147839422,"A_Bertha_2023_summer_serpentine_network_case3_version2","2"
"Euodyneras_hidalgo",0,2.18935533696873,0.00500020159441848,0,0.0360241098800878,0.00340965147839422,"A_Bertha_2023_summer_serpentine_network_case3_version2","2"
"gray_Bombyliidae",0,2.38299024037142,0.00500020159441848,0,0.0392102190147547,0.00340965147839422,"A_Bertha_2023_summer_serpentine_network_case3_version2","2"
"Halictidae",0,2.34454197318698,0.00500020159441848,0,0.038577583198459,0.00340965147839422,"A_Bertha_2023_summer_serpentine_network_case3_version2","2"
"Halictus_farinosus",0,2.404209576592,0.00500020159441848,0,0.0395593664031106,0.00340965147839422,"A_Bertha_2023_summer_serpentine_network_case3_version2","2"
"Halictus_ligatus",0,19.4963309261461,0.00500022120769422,0,34.0082947949199,0.00501242371284799,"A_Bertha_2023_summer_serpentine_network_case3_version2","2"
"Halictus_tripartitus",0,2.27806872998188,0.00500020159441848,0,0.0374838185737849,0.00340965147839422,"A_Bertha_2023_summer_serpentine_network_case3_version2","2"
"Heliolonche_modicella",0,5.25117406567073,0.00500021842685173,0,0.411975925295295,0.00432898879579793,"A_Bertha_2023_summer_serpentine_network_case3_version2","2"
"Heliopetes_ericetorum",0,5.26512898525043,0.00500021842685173,0,0.413070745392643,0.00432898879579793,"A_Bertha_2023_summer_serpentine_network_case3_version2","2"
"Heliothis_phloxiphaga",0,5.76886749289435,0.00500021718232322,0,7.37090458306991,0.00504420268586435,"A_Bertha_2023_summer_serpentine_network_case3_version2","2"
"Heliothodes_diminutivus",0,2.30618551739025,0.00500020159441848,0,0.0379464580644398,0.00340965147839422,"A_Bertha_2023_summer_serpentine_network_case3_version2","2"
"Hippodamia_convergens",0,2.19033765609961,0.00500020159441848,0,0.0360402731641614,0.00340965147839422,"A_Bertha_2023_summer_serpentine_network_case3_version2","2"
"Icaricia_acmon",0,21.585055867375,0.00500023028942741,0,0.882856644571879,0.00391389483766392,"A_Bertha_2023_summer_serpentine_network_case3_version2","2"
"Junonia_grisea",0,8.86659876129001,0.00500022024927872,0,11.8738586500476,0.00526395370599108,"A_Bertha_2023_summer_serpentine_network_case3_version2","2"
"Lasioglossum_incompletum",0,35.5556943627719,0.00500023172835278,0,53.4294046762992,0.00502122818445422,"A_Bertha_2023_summer_serpentine_network_case3_version2","2"
"Megachile_apicalis",0,3.62117400948051,0.00500021550778045,0,0.113201016434707,0.00386932013709607,"A_Bertha_2023_summer_serpentine_network_case3_version2","2"
"Megachile-mimic_Syrphidae",0,4.47571623962619,0.005000215228265,0,0.527936306031912,0.00422692708212928,"A_Bertha_2023_summer_serpentine_network_case3_version2","2"
"Melissodes_lupina",0,20.3388486129161,0.00500022704814994,0,5.0687529653735,0.00463060549206711,"A_Bertha_2023_summer_serpentine_network_case3_version2","2"
"Nemognatha_scutellaris",0,10.4416397634891,0.0050002207249168,0,0.741656203663673,0.00425035466234671,"A_Bertha_2023_summer_serpentine_network_case3_version2","2"
"Panurginus_sp.",0,8.35150604499005,0.00500021946203535,0,5.04056956905715,0.00488425759348094,"A_Bertha_2023_summer_serpentine_network_case3_version2","2"
"Polistes_aurifer",0,5.1342771556372,0.00500021642451154,0,0.527694195473665,0.00426094765335216,"A_Bertha_2023_summer_serpentine_network_case3_version2","2"
"silver_moth_Lepidoptera",0,7.75766513484958,0.00500021935152203,0,2.69891986286841,0.00474544039406018,"A_Bertha_2023_summer_serpentine_network_case3_version2","2"
"Strymon_melinus",0,6.46346783380532,0.00500021946287211,0,0.207908112506399,0.0036631931951107,"A_Bertha_2023_summer_serpentine_network_case3_version2","2"
"Tachinidae",0,38.0012581475881,0.00500022968298302,0,76.3137359124897,0.00498950928674899,"A_Bertha_2023_summer_serpentine_network_case3_version2","2"
"Triepeolus_utahensis",0,10.5646482027626,0.00500022043325386,0,4.35165104644517,0.00479883705781774,"A_Bertha_2023_summer_serpentine_network_case3_version2","2"
"Villa_sp.",0,14.7479911510225,0.00500022552949486,0,5.16319925499769,0.0047827967529154,"A_Bertha_2023_summer_serpentine_network_case3_version2","2"
"white_moth_Lepidoptera",0,53.1542924775214,0.00500023036379366,0,123.257515622994,0.00503857445457277,"A_Bertha_2023_summer_serpentine_network_case3_version2","2"
"Agapostemon_subtilior",0,4.79690924759131,0.00500020979180677,0,8.47056857044259,0.00507358197878672,"A_Bertha_2024_summer_full_network_case3_version1","1"
"Anthrenus_sp.",0,2.53904546612435,0.0050002063435668,0,0.159088109182115,0.00407131071200182,"A_Bertha_2024_summer_full_network_case3_version1","1"
"Apis_mellifera",0,2.63411806601775,0.0050002063435668,0,0.165045040773317,0.00407131071200182,"A_Bertha_2024_summer_full_network_case3_version1","1"
"Asilidae",0,4.2569589861713,0.00500021121840467,0,0.24422831274347,0.00400788157879906,"A_Bertha_2024_summer_full_network_case3_version1","1"
"BF1_Diptera",1,2.4963582887107e-05,0.191065878593859,0,35.2265612997134,0.00500025366581306,"A_Bertha_2024_summer_full_network_case3_version1","1"
"Bombus_crotchii",0,2.67753271218563,0.0050002063435668,0,0.167765257508382,0.00407131071200182,"A_Bertha_2024_summer_full_network_case3_version1","1"
"Bombus_vosnesenskii",0,4.28771978896138,0.00500021121840467,0,0.245993107520254,0.00400788157879906,"A_Bertha_2024_summer_full_network_case3_version1","1"
"Danaus_plexippus",0,4.05100917681665,0.00500021121840467,0,0.23241265404548,0.00400788157879906,"A_Bertha_2024_summer_full_network_case3_version1","1"
"Dianthidium_dubium",0,3.81157588801203,0.00500021121840467,0,0.218675996424209,0.00400788157879906,"A_Bertha_2024_summer_full_network_case3_version1","1"
"Dianthidium-mimic_Syprhid",0,4.70399937839805,0.00500020979180677,0,8.30650471658938,0.00507358197878672,"A_Bertha_2024_summer_full_network_case3_version1","1"
"Euodyneras_hidalgo",0,2.79019959694931,0.0050002063435668,0,0.174824588236344,0.00407131071200182,"A_Bertha_2024_summer_full_network_case3_version1","1"
"Eupeodes_fumipennis",0,3.82862012773903,0.00500021121840467,0,0.219653850784386,0.00400788157879906,"A_Bertha_2024_summer_full_network_case3_version1","1"
"Halictidae",0,2.66204233137245,0.0050002063435668,0,0.166794681979283,0.00407131071200182,"A_Bertha_2024_summer_full_network_case3_version1","1"
"Halictus_ligatus",0,3.62990853852839,0.00500021121840467,0,0.20825345995899,0.00400788157879906,"A_Bertha_2024_summer_full_network_case3_version1","1"
"Halictus_tripartitus",0,2.80901693704875,0.0050002063435668,0,0.17600361991346,0.00407131071200182,"A_Bertha_2024_summer_full_network_case3_version1","1"
"Junonia_grisea",0,2.46766108975227,0.0050002063435668,0,0.154615402558227,0.00407131071200182,"A_Bertha_2024_summer_full_network_case3_version1","1"
"Lasioglossum_incompletum",0,2.76913937432028,0.0050002063435668,0,0.17350502501734,0.00407131071200182,"A_Bertha_2024_summer_full_network_case3_version1","1"
"Lasioglossum_titusi",0,2.46950873463568,0.0050002063435668,0,0.154731169820309,0.00407131071200182,"A_Bertha_2024_summer_full_network_case3_version1","1"
"Listrus_sp.",0,2.81754071935087,0.0050002063435668,0,0.176537691647173,0.00407131071200182,"A_Bertha_2024_summer_full_network_case3_version1","1"
"Megachile_apicalis",0,5.07185182758435,0.00500020979180677,0,8.95607285125475,0.00507358197878672,"A_Bertha_2024_summer_full_network_case3_version1","1"
"Melissodes_lupina",0,2.3889067665577,0.0050002063435668,0,0.149680919689686,0.00407131071200182,"A_Bertha_2024_summer_full_network_case3_version1","1"
"Melissodes_robustior",0,13.279307845491,0.00500021711947674,0,23.4749203969797,0.00505987354432274,"A_Bertha_2024_summer_full_network_case3_version1","1"
"Mordellidae",0,4.76165953097241,0.00500021034470634,0,1.49512951244743,0.00454073177879289,"A_Bertha_2024_summer_full_network_case3_version1","1"
"Nomada_vegana",0,3.96945076601493,0.00500020907946011,0,1.18719546612813,0.00457244634539427,"A_Bertha_2024_summer_full_network_case3_version1","1"
"Polistes_aurifer",0,12.6074551275419,0.0050002170558838,0,26.2933641952449,0.00502815897772137,"A_Bertha_2024_summer_full_network_case3_version1","1"
"red_Pterophoridae",0,4.23750266749205,0.00500020979442025,0,0.730763411176432,0.00438425808986253,"A_Bertha_2024_summer_full_network_case3_version1","1"
"Sphex_ashmeadi",0,3.70134747179247,0.00500020979442041,0,0.638302678846377,0.00438425808986253,"A_Bertha_2024_summer_full_network_case3_version1","1"
"Sphex_ichneumoneus",0,3.97605954070566,0.00500020979442041,0,0.685677169071047,0.00438425808986253,"A_Bertha_2024_summer_full_network_case3_version1","1"
"Sphex_sp.",0,32.781428671566,0.00500022571694774,0,65.0604398693445,0.00505389496051013,"A_Bertha_2024_summer_full_network_case3_version1","1"
"Villa_sp.",0,3.8600261134206,0.00500020979442034,0,0.665667038137707,0.00438425808986253,"A_Bertha_2024_summer_full_network_case3_version1","1"
"Xeromelecta_californica",0,4.23061984336257,0.00500020979442023,0,0.729576458256932,0.00438425808986253,"A_Bertha_2024_summer_full_network_case3_version1","1"
"Xylocopa_sp.",0,9.75699629337621,0.00500021642104139,0,5.66742716264233,0.00480030266155782,"A_Bertha_2024_summer_full_network_case3_version1","1"
"Agapostemon_subtilior",1,2.13553048242656e-05,0,1,2.1331247943329e-05,0,"A_Bertha_2024_summer_nonserpentine_network_case3_version3","3"
"Anthrenus_sp.",1,0,0,0,0.491349422718095,0,"A_Bertha_2024_summer_nonserpentine_network_case3_version3","3"
"Apis_mellifera",1,0,0,0,0.509747623028116,0,"A_Bertha_2024_summer_nonserpentine_network_case3_version3","3"
"Asilidae",1,0,0,0,0.528300233547716,0,"A_Bertha_2024_summer_nonserpentine_network_case3_version3","3"
"BF1_Diptera",1,0,0,0,0.542025236455735,0,"A_Bertha_2024_summer_nonserpentine_network_case3_version3","3"
"Bombus_crotchii",1,0,0,0,0.518149111544783,0,"A_Bertha_2024_summer_nonserpentine_network_case3_version3","3"
"Bombus_vosnesenskii",1,0,0,0,0.532117733164745,0,"A_Bertha_2024_summer_nonserpentine_network_case3_version3","3"
"Danaus_plexippus",1,0,0,0,0.502741299873563,0,"A_Bertha_2024_summer_nonserpentine_network_case3_version3","3"
"Dianthidium_dubium",1,0,0,0,0.47302697497561,0,"A_Bertha_2024_summer_nonserpentine_network_case3_version3","3"
"Dianthidium-mimic_Syprhid",1,0,0,0,0.464368415071801,0,"A_Bertha_2024_summer_nonserpentine_network_case3_version3","3"
"Euodyneras_hidalgo",1,0,0,0,0.53995211175175,0,"A_Bertha_2024_summer_nonserpentine_network_case3_version3","3"
"Eupeodes_fumipennis",1,0,0,0,0.475142211665,0,"A_Bertha_2024_summer_nonserpentine_network_case3_version3","3"
"Halictidae",1,0,0,0,0.515151453653887,0,"A_Bertha_2024_summer_nonserpentine_network_case3_version3","3"
"Halictus_ligatus",1,0,0,0,0.450481560873092,0,"A_Bertha_2024_summer_nonserpentine_network_case3_version3","3"
"Halictus_tripartitus",1,0,0,0,0.543593594056365,0,"A_Bertha_2024_summer_nonserpentine_network_case3_version3","3"
"Junonia_grisea",1,0,0,0,0.477535305324725,0,"A_Bertha_2024_summer_nonserpentine_network_case3_version3","3"
"Lasioglossum_incompletum",1,0,0,0,0.535876592661197,0,"A_Bertha_2024_summer_nonserpentine_network_case3_version3","3"
"Lasioglossum_titusi",1,0,0,0,0.477892856731961,0,"A_Bertha_2024_summer_nonserpentine_network_case3_version3","3"
"Listrus_sp.",1,0,0,0,0.545243094067668,0,"A_Bertha_2024_summer_nonserpentine_network_case3_version3","3"
"Megachile_apicalis",1,0,0,0,0.5006819952981,0,"A_Bertha_2024_summer_nonserpentine_network_case3_version3","3"
"Melissodes_lupina",1,0,0,0,0.46229497516169,0,"A_Bertha_2024_summer_nonserpentine_network_case3_version3","3"
"Melissodes_robustior",1,0,0,0,0.491647542520262,0,"A_Bertha_2024_summer_nonserpentine_network_case3_version3","3"
"Mordellidae",1,0,0,0,0.520247138044912,0,"A_Bertha_2024_summer_nonserpentine_network_case3_version3","3"
"Nomada_vegana",1,0,0,0,0.493649120835424,0,"A_Bertha_2024_summer_nonserpentine_network_case3_version3","3"
"Polistes_aurifer",1,0,0,0,0.460773880971025,0,"A_Bertha_2024_summer_nonserpentine_network_case3_version3","3"
"red_Pterophoridae",1,0,0,0,0.526617480011944,0,"A_Bertha_2024_summer_nonserpentine_network_case3_version3","3"
"Sphex_ashmeadi",1,0,0,0,0.459986560749815,0,"A_Bertha_2024_summer_nonserpentine_network_case3_version3","3"
"Sphex_ichneumoneus",1,0,0,0,0.494126522142499,0,"A_Bertha_2024_summer_nonserpentine_network_case3_version3","3"
"Sphex_sp.",1,0,0,0,0.484457648980644,0,"A_Bertha_2024_summer_nonserpentine_network_case3_version3","3"
"Villa_sp.",1,0,0,0,0.479706417689895,0,"A_Bertha_2024_summer_nonserpentine_network_case3_version3","3"
"Xeromelecta_californica",1,0,0,0,0.525762114057207,0,"A_Bertha_2024_summer_nonserpentine_network_case3_version3","3"
"Xylocopa_sp.",1,0,0,0,0.483850959471357,0,"A_Bertha_2024_summer_nonserpentine_network_case3_version3","3"
"Agapostemon_subtilior",1,2.14400322820261e-05,0,1,2.11172107833974e-05,0,"A_Bertha_2024_summer_serpentine_network_case3_version2","2"
"Anthrenus_sp.",1,0,0,0,0.491349422718095,0,"A_Bertha_2024_summer_serpentine_network_case3_version2","2"
"Apis_mellifera",1,0,0,0,0.509747623028116,0,"A_Bertha_2024_summer_serpentine_network_case3_version2","2"
"Asilidae",1,0,0,0,0.528300233547716,0,"A_Bertha_2024_summer_serpentine_network_case3_version2","2"
"BF1_Diptera",0,2.5579875197639,0.00500019490051224,0,1.29394761468091,0.00494875057594616,"A_Bertha_2024_summer_serpentine_network_case3_version2","2"
"Bombus_crotchii",0,2.44530857893981,0.00500019490051224,0,1.23694942935907,0.00494875057594616,"A_Bertha_2024_summer_serpentine_network_case3_version2","2"
"Bombus_vosnesenskii",0,3.56977940611009,0.00500019716696388,0,1.92582905213455,0.00493229535873291,"A_Bertha_2024_summer_serpentine_network_case3_version2","2"
"Danaus_plexippus",0,2.37259427098738,0.00500019490051224,0,1.20016719152583,0.00494875057594616,"A_Bertha_2024_summer_serpentine_network_case3_version2","2"
"Dianthidium_dubium",0,3.17336154869654,0.00500019716696388,0,1.7119690513361,0.00493229535873291,"A_Bertha_2024_summer_serpentine_network_case3_version2","2"
"Dianthidium-mimic_Syprhid",0,3.11527449971569,0.00500019716696388,0,1.68063217759754,0.00493229535873291,"A_Bertha_2024_summer_serpentine_network_case3_version2","2"
"Euodyneras_hidalgo",0,3.62233733003798,0.00500019716696388,0,1.95418306656428,0.00493229535873291,"A_Bertha_2024_summer_serpentine_network_case3_version2","2"
"Eupeodes_fumipennis",0,3.18755188271428,0.00500019716696388,0,1.71962447044781,0.00493229535873291,"A_Bertha_2024_summer_serpentine_network_case3_version2","2"
"Halictidae",0,2.43116168878967,0.00500019490051224,0,1.2297932823478,0.00494875057594616,"A_Bertha_2024_summer_serpentine_network_case3_version2","2"
"Halictus_ligatus",0,3.02211277431861,0.00500019716696388,0,1.63037317363499,0.00493229535873291,"A_Bertha_2024_summer_serpentine_network_case3_version2","2"
"Halictus_tripartitus",0,2.56538909241242,0.00500019490051224,0,1.29769167020739,0.00494875057594616,"A_Bertha_2024_summer_serpentine_network_case3_version2","2"
"Junonia_grisea",0,2.2536392571976,0.00500019490051224,0,1.13999428014171,0.00494875057594616,"A_Bertha_2024_summer_serpentine_network_case3_version2","2"
"Lasioglossum_incompletum",0,3.59499619252862,0.00500019716696388,0,1.93943303554759,0.00493229535873291,"A_Bertha_2024_summer_serpentine_network_case3_version2","2"
"Lasioglossum_titusi",0,2.25532665470579,0.00500019490051224,0,1.14084784333665,0.00494875057594616,"A_Bertha_2024_summer_serpentine_network_case3_version2","2"
"Listrus_sp.",0,2.57317360161322,0.00500019490051224,0,1.30162943261945,0.00494875057594616,"A_Bertha_2024_summer_serpentine_network_case3_version2","2"
"Megachile_apicalis",0,2.36287576518355,0.00500019490051224,0,1.19525112477536,0.00494875057594616,"A_Bertha_2024_summer_serpentine_network_case3_version2","2"
"Melissodes_lupina",0,2.1817153471404,0.00500019490051224,0,1.10361186187879,0.00494875057594616,"A_Bertha_2024_summer_serpentine_network_case3_version2","2"
"Melissodes_robustior",0,2.32023934183197,0.00500019490051224,0,1.17368366290098,0.00494875057594616,"A_Bertha_2024_summer_serpentine_network_case3_version2","2"
"Mordellidae",0,2.4552098256788,0.00500019490051224,0,1.24195793487102,0.00494875057594616,"A_Bertha_2024_summer_serpentine_network_case3_version2","2"
"Nomada_vegana",0,12.0543483410931,0.00500021482366425,0,26.0958600258111,0.00504010072341006,"A_Bertha_2024_summer_serpentine_network_case3_version2","2"
"Polistes_aurifer",0,2.67243780942484,0.00500019641654376,0,1.3543830464051,0.00494052296733954,"A_Bertha_2024_summer_serpentine_network_case3_version2","2"
"red_Pterophoridae",0,3.05432343890104,0.00500019641654419,0,1.54792147802326,0.00494052296733954,"A_Bertha_2024_summer_serpentine_network_case3_version2","2"
"Sphex_ashmeadi",0,2.66787143876935,0.00500019641654336,0,1.35206882416331,0.00494052296733954,"A_Bertha_2024_summer_serpentine_network_case3_version2","2"
"Sphex_ichneumoneus",0,2.86587945834292,0.00500019641654419,0,1.45241866346626,0.00494052296733954,"A_Bertha_2024_summer_serpentine_network_case3_version2","2"
"Sphex_sp.",0,2.80980105789894,0.00500019641654305,0,1.42399830712678,0.00494052296733954,"A_Bertha_2024_summer_serpentine_network_case3_version2","2"
"Villa_sp.",0,11.8251204295869,0.00500021453465811,0,31.2235207925133,0.00503187311480344,"A_Bertha_2024_summer_serpentine_network_case3_version2","2"
"Xeromelecta_californica",0,10.6779504525332,0.00500021418012265,0,11.370487610044,0.00500416560185101,"A_Bertha_2024_summer_serpentine_network_case3_version2","2"
"Xylocopa_sp.",0,2.29124346265155,0.00500019641646104,0,0.0354237236943803,0.00329368197822636,"A_Bertha_2024_summer_serpentine_network_case3_version2","2"
"Andrena_dissona",0,10.1225244368375,0.00500017547576696,0,12.7757845288423,0.00501576676986961,"A_Coyote_2024_spring_full_network_case3_version1","1"
"Andrena_pallidifovea",0,5.93618850160885,0.00500017207770456,0,0.197324702569023,0.00369644333079854,"A_Coyote_2024_spring_full_network_case3_version1","1"
"Andrena_pensilis",0,5.6987759981475,0.00500017207770456,0,0.189432879082573,0.00369644333079854,"A_Coyote_2024_spring_full_network_case3_version1","1"
"Andrena_subchalybea",0,4.74107626069893,0.00500017394153095,0,0.348332711367686,0.00436305296148432,"A_Coyote_2024_spring_full_network_case3_version1","1"
"Anthophora_crotchii",0,6.03503062344472,0.00500017365105983,0,2.49786506471744,0.00492540039983636,"A_Coyote_2024_spring_full_network_case3_version1","1"
"Anthrenus_sp.",0,4.6734103657635,0.00500017394153095,0,0.343361214595843,0.00436305296148432,"A_Coyote_2024_spring_full_network_case3_version1","1"
"Apis_mellifera",0,5.11629958261213,0.00500017394153095,0,0.375900830601053,0.00436305296148432,"A_Coyote_2024_spring_full_network_case3_version1","1"
"BF1_Diptera",0,15.2969103255486,0.00500017997078838,0,13.389548376056,0.00498955155757932,"A_Coyote_2024_spring_full_network_case3_version1","1"
"Bombus_californicus",0,5.32916793436725,0.00500017394153095,0,0.391540530724793,0.00436305296148432,"A_Coyote_2024_spring_full_network_case3_version1","1"
"Bombus_crotchii",0,5.02528963297214,0.00500017394153095,0,0.369214217775888,0.00436305296148432,"A_Coyote_2024_spring_full_network_case3_version1","1"
"Bombus_melanopygus",0,34.4682642137665,0.00500018287085991,0,34.4680703348027,0.00500024796211881,"A_Coyote_2024_spring_full_network_case3_version1","1"
"Bombus_vosnesenskii",0,6.38160166795001,0.00500017365105983,0,2.64130886060229,0.00492540039983636,"A_Coyote_2024_spring_full_network_case3_version1","1"
"Calypte_anna",0,6.72076357342019,0.00500017365105983,0,2.78168605618149,0.00492540039983636,"A_Coyote_2024_spring_full_network_case3_version1","1"
"Coenonympha_californica",0,6.52735152109971,0.00500017207770456,0,0.21697553850033,0.00369644333079854,"A_Coyote_2024_spring_full_network_case3_version1","1"
"Eucera_actuosa",0,10.5429138480512,0.00500017547576696,0,13.3063640895288,0.00501576676986961,"A_Coyote_2024_spring_full_network_case3_version1","1"
"Euopeodes_fumipennis",0,5.29212396847233,0.00500017394153095,0,0.388818864990779,0.00436305296148432,"A_Coyote_2024_spring_full_network_case3_version1","1"
"Heliolonche_modiella",0,5.85181347716639,0.00500017207770456,0,0.19451999426694,0.00369644333079854,"A_Coyote_2024_spring_full_network_case3_version1","1"
"Helithodes_dimutiva",0,5.48401076066586,0.00500017375836508,0,0.939462320779484,0.00464422668066034,"A_Coyote_2024_spring_full_network_case3_version1","1"
"Listrus_sp._1",0,10.8043018815535,0.00500017941891577,0,2.07971760757975,0.00467630225953182,"A_Coyote_2024_spring_full_network_case3_version1","1"
"Malachius_sp.",0,6.33507090753008,0.00500017290743777,0,0.742272423907524,0.00431092186531745,"A_Coyote_2024_spring_full_network_case3_version1","1"
"Panurginus_sp.",0,14.0441828731397,0.00500018086250101,0,0.326495884884737,0.00369014207799689,"A_Coyote_2024_spring_full_network_case3_version1","1"
"Polistes_aurifer",0,4.75757425012003,0.00500017387100892,0,48.6672084494994,0.00501241120375019,"A_Coyote_2024_spring_full_network_case3_version1","1"
"red_Pterophoridae",0,8.25779428043335,0.00500017517214511,0,2.24386834363151,0.00468940986567697,"A_Coyote_2024_spring_full_network_case3_version1","1"
"Scaeva_affinis",0,14.2688098799243,0.00500018055904821,0,1.11117620961774,0.00412327857119103,"A_Coyote_2024_spring_full_network_case3_version1","1"
"Silvius_gigantulus",0,33.8295342943821,0.0050001824378283,0,57.9559218750448,0.00502367970256511,"A_Coyote_2024_spring_full_network_case3_version1","1"
"Sphaerophoria_sp.",0,32.0692016597032,0.00500018238961421,0,68.2987793394938,0.00503839434127735,"A_Coyote_2024_spring_full_network_case3_version1","1"
"white_moth_Lepidoptera",0,34.6356139018704,0.00500018135789205,0,71.6335065697604,0.00502624896238112,"A_Coyote_2024_spring_full_network_case3_version1","1"
"Andrena_dissona",1,2.27023636612573e-05,0,1,2.27375946792644e-05,0,"A_Coyote_2024_spring_nonserpentine_network_case3_version3","3"
"Andrena_pallidifovea",1,0,0,0,0.485117255633286,0,"A_Coyote_2024_spring_nonserpentine_network_case3_version3","3"
"Andrena_pensilis",1,0,0,0,0.465715428635345,0,"A_Coyote_2024_spring_nonserpentine_network_case3_version3","3"
"Andrena_subchalybea",1,0,0,0,0.479209074251917,0,"A_Coyote_2024_spring_nonserpentine_network_case3_version3","3"
"Anthophora_crotchii",1,0,0,0,0.466910951964981,0,"A_Coyote_2024_spring_nonserpentine_network_case3_version3","3"
"Anthrenus_sp.",1,0,0,0,0.472369675441817,0,"A_Coyote_2024_spring_nonserpentine_network_case3_version3","3"
"Apis_mellifera",1,0,0,0,0.517135150622174,0,"A_Coyote_2024_spring_nonserpentine_network_case3_version3","3"
"BF1_Diptera",1,0,0,0,0.490476506874187,0,"A_Coyote_2024_spring_nonserpentine_network_case3_version3","3"
"Bombus_californicus",1,0,0,0,0.5386510344635,0,"A_Coyote_2024_spring_nonserpentine_network_case3_version3","3"
"Bombus_crotchii",1,0,0,0,0.507936228047095,0,"A_Coyote_2024_spring_nonserpentine_network_case3_version3","3"
"Bombus_melanopygus",1,0,0,0,0.484184787531469,0,"A_Coyote_2024_spring_nonserpentine_network_case3_version3","3"
"Bombus_vosnesenskii",1,0,0,0,0.493724041405937,0,"A_Coyote_2024_spring_nonserpentine_network_case3_version3","3"
"Calypte_anna",1,0,0,0,0.519963909578493,0,"A_Coyote_2024_spring_nonserpentine_network_case3_version3","3"
"Coenonympha_californica",1,0,0,0,0.533428285728874,0,"A_Coyote_2024_spring_nonserpentine_network_case3_version3","3"
"Eucera_actuosa",0,2.98085474188234,0.0049999573912639,0,2.98085455817888,0.00499998131998341,"A_Coyote_2024_spring_nonserpentine_network_case3_version3","3"
"Euopeodes_fumipennis",0,3.01300962526922,0.0049999573912639,0,3.01300943958409,0.00499998131998341,"A_Coyote_2024_spring_nonserpentine_network_case3_version3","3"
"Heliolonche_modiella",0,2.69371678262068,0.0049999573912639,0,2.69371661661282,0.00499998131998341,"A_Coyote_2024_spring_nonserpentine_network_case3_version3","3"
"Helithodes_dimutiva",0,2.68382684324493,0.0049999573912639,0,2.68382667784686,0.00499998131998341,"A_Coyote_2024_spring_nonserpentine_network_case3_version3","3"
"Listrus_sp._1",0,2.63048400885139,0.0049999573912639,0,2.63048384674065,0.00499998131998341,"A_Coyote_2024_spring_nonserpentine_network_case3_version3","3"
"Malachius_sp.",0,2.83527544164531,0.0049999573912639,0,2.83527526691349,0.00499998131998341,"A_Coyote_2024_spring_nonserpentine_network_case3_version3","3"
"Panurginus_sp.",0,2.57597157454731,0.0049999573912639,0,2.575971415796,0.00499998131998341,"A_Coyote_2024_spring_nonserpentine_network_case3_version3","3"
"Polistes_aurifer",0,3.09731417365101,0.0049999573912639,0,3.0973139827703,0.00499998131998341,"A_Coyote_2024_spring_nonserpentine_network_case3_version3","3"
"red_Pterophoridae",0,2.95730323152589,0.0049999573912639,0,2.95730304927389,0.00499998131998341,"A_Coyote_2024_spring_nonserpentine_network_case3_version3","3"
"Scaeva_affinis",0,2.60359304783666,0.0049999573912639,0,2.60359288738349,0.00499998131998341,"A_Coyote_2024_spring_nonserpentine_network_case3_version3","3"
"Silvius_gigantulus",0,2.62746407373295,0.0049999573912639,0,2.62746391180821,0.00499998131998341,"A_Coyote_2024_spring_nonserpentine_network_case3_version3","3"
"Sphaerophoria_sp.",0,2.77420204298604,0.0049999573912639,0,2.7742018720181,0.00499998131998341,"A_Coyote_2024_spring_nonserpentine_network_case3_version3","3"
"white_moth_Lepidoptera",0,2.97027638876619,0.0049999573912639,0,2.97027620571451,0.00499998131998341,"A_Coyote_2024_spring_nonserpentine_network_case3_version3","3"
"Andrena_dissona",1,2.27296586646431e-05,0,1,2.29847457321092e-05,0,"A_Coyote_2024_spring_serpentine_network_case3_version2","2"
"Andrena_pallidifovea",1,0,0,0,0.485117255633286,0,"A_Coyote_2024_spring_serpentine_network_case3_version2","2"
"Andrena_pensilis",1,0,0,0,0.465715428635345,0,"A_Coyote_2024_spring_serpentine_network_case3_version2","2"
"Andrena_subchalybea",1,0,0,0,0.479209074251917,0,"A_Coyote_2024_spring_serpentine_network_case3_version2","2"
"Anthophora_crotchii",1,0,0,0,0.466910951964981,0,"A_Coyote_2024_spring_serpentine_network_case3_version2","2"
"Anthrenus_sp.",1,0,0,0,0.472369675441817,0,"A_Coyote_2024_spring_serpentine_network_case3_version2","2"
"Apis_mellifera",0,11.7418818230149,0.00500022322100065,0,11.7418760062396,0.00500022393462754,"A_Coyote_2024_spring_serpentine_network_case3_version2","2"
"BF1_Diptera",1,0,0,0,0.490476506874187,0,"A_Coyote_2024_spring_serpentine_network_case3_version2","2"
"Bombus_californicus",1,0,0,0,0.5386510344635,0,"A_Coyote_2024_spring_serpentine_network_case3_version2","2"
"Bombus_crotchii",0,7.13701467244493,0.00500021740813946,0,5.428516978591,0.00499473890239086,"A_Coyote_2024_spring_serpentine_network_case3_version2","2"
"Bombus_melanopygus",0,6.80328305388716,0.00500021740813946,0,5.17467586412624,0.00499473890239086,"A_Coyote_2024_spring_serpentine_network_case3_version2","2"
"Bombus_vosnesenskii",0,13.0192369781666,0.00500022948619547,0,6.56729325547606,0.00497535625640864,"A_Coyote_2024_spring_serpentine_network_case3_version2","2"
"Calypte_anna",0,13.7111681650527,0.00500022948619547,0,6.91632407993119,0.00497535625640864,"A_Coyote_2024_spring_serpentine_network_case3_version2","2"
"Coenonympha_californica",0,14.6547441608395,0.00500023074038202,0,0.0346449723075585,0.00258846102715081,"A_Coyote_2024_spring_serpentine_network_case3_version2","2"
"Eucera_actuosa",0,28.3079403728298,0.00500023245687936,0,28.3079257958821,0.00500023332031173,"A_Coyote_2024_spring_serpentine_network_case3_version2","2"
"Euopeodes_fumipennis",0,7.51597801825434,0.00500021740813946,0,5.71676200132353,0.00499473890239086,"A_Coyote_2024_spring_serpentine_network_case3_version2","2"
"Heliolonche_modiella",0,6.71949931914932,0.00500021740813946,0,5.11094873913444,0.00499473890239086,"A_Coyote_2024_spring_serpentine_network_case3_version2","2"
"Helithodes_dimutiva",1,0,0,0,0.476466174575717,0,"A_Coyote_2024_spring_serpentine_network_case3_version2","2"
"Listrus_sp._1",0,10.603442720673,0.00500022322100065,0,10.6034374681264,0.00500022393462754,"A_Coyote_2024_spring_serpentine_network_case3_version2","2"
"Malachius_sp.",0,11.4289540027138,0.00500022322100065,0,11.4289483411092,0.00500022393462754,"A_Coyote_2024_spring_serpentine_network_case3_version2","2"
"Panurginus_sp.",1,0,0,0,0.45731837172402,0,"A_Coyote_2024_spring_serpentine_network_case3_version2","2"
"Polistes_aurifer",0,5.46316542470334,0.00500021740385844,0,0.0121038721636847,0.00249736945119543,"A_Coyote_2024_spring_serpentine_network_case3_version2","2"
"red_Pterophoridae",0,14.1370042246068,0.00500023013901265,0,0.487992079234672,0.00378190864177972,"A_Coyote_2024_spring_serpentine_network_case3_version2","2"
"Scaeva_affinis",0,36.596739477106,0.00500023213323508,0,36.4900417192376,0.00500024283827292,"A_Coyote_2024_spring_serpentine_network_case3_version2","2"
"Silvius_gigantulus",0,31.5773505531808,0.00500023071780574,0,39.0251145334577,0.00500034448460566,"A_Coyote_2024_spring_serpentine_network_case3_version2","2"
"Sphaerophoria_sp.",0,35.5846425269789,0.00500023059542159,0,64.6142940456277,0.00501546269435317,"A_Coyote_2024_spring_serpentine_network_case3_version2","2"
"white_moth_Lepidoptera",0,33.5956264837172,0.00500023086456277,0,50.5909510878323,0.00500424447799664,"A_Coyote_2024_spring_serpentine_network_case3_version2","2"
"Anthophora_californica",0,8.23842578991026,0.00500019814351509,0,6.23108445796947,0.00504723135154564,"A_Far_Gate_2022_spring_full_network_case3_version1","1"
"Apis_mellifera",0,17.8927570741449,0.00500019789596251,0,21.9724344036848,0.0049944994686126,"A_Far_Gate_2022_spring_full_network_case3_version1","1"
"Bombus_crotchii",0,9.71954228362373,0.00500019814351509,0,7.35131812896457,0.00504723135154564,"A_Far_Gate_2022_spring_full_network_case3_version1","1"
"Bombus_vosnesenskii",0,8.47409903356889,0.00500019821438957,0,0.815202532300892,0.00450804803126422,"A_Far_Gate_2022_spring_full_network_case3_version1","1"
"Coenonympha_californica",0,15.02597491554,0.00500019852158443,0,18.3496936581504,0.00502362229865464,"A_Far_Gate_2022_spring_full_network_case3_version1","1"
"Colias_eurytheme",0,7.91819484012834,0.00500019821438957,0,0.761724928981739,0.00450804803126422,"A_Far_Gate_2022_spring_full_network_case3_version1","1"
"Eucera_actuosa",0,7.22832548424863,0.00500019821438957,0,0.69535996870126,0.00450804803126422,"A_Far_Gate_2022_spring_full_network_case3_version1","1"
"Euopeodes_fumipennis",0,8.66554476689215,0.00500019817493667,0,2.32908248248993,0.00477763969140493,"A_Far_Gate_2022_spring_full_network_case3_version1","1"
"Hippodamia_convergens",0,16.4222088710901,0.00500019911751653,0,1.79748525531076,0.00438034895123566,"A_Far_Gate_2022_spring_full_network_case3_version1","1"
"Junonia_grisea",0,13.6850377067281,0.0050001979405861,0,11.5628790809358,0.00502086541007912,"A_Far_Gate_2022_spring_full_network_case3_version1","1"
"Osmia_cara",0,12.0623437105197,0.00500019841464518,0,11.002670798715,0.00503542682510014,"A_Far_Gate_2022_spring_full_network_case3_version1","1"
"Osmia_sp.",0,15.5350127837001,0.00500019892874019,0,7.73309353102798,0.00477450117380246,"A_Far_Gate_2022_spring_full_network_case3_version1","1"
"Scaeva_affinis",0,31.6947592276074,0.00500020050570493,0,108.935277434531,0.00502731019677689,"A_Far_Gate_2022_spring_full_network_case3_version1","1"
"Anthophora_californica",1,2.08254864792972e-05,0,1,2.05896531659593e-05,0,"A_Far_Gate_2022_spring_nonserpentine_network_case3_version3","3"
"Apis_mellifera",1,0,0,0,0.4663081055583,0,"A_Far_Gate_2022_spring_nonserpentine_network_case3_version3","3"
"Bombus_crotchii",1,0,0,0,0.540330118355495,0,"A_Far_Gate_2022_spring_nonserpentine_network_case3_version3","3"
"Bombus_vosnesenskii",1,0,0,0,0.528299200804112,0,"A_Far_Gate_2022_spring_nonserpentine_network_case3_version3","3"
"Coenonympha_californica",1,0,0,0,0.524667914712181,0,"A_Far_Gate_2022_spring_nonserpentine_network_case3_version3","3"
"Colias_eurytheme",0,6.30652013981881,0.00500027558860751,0,10.8077925961798,0.00500392189534321,"A_Far_Gate_2022_spring_nonserpentine_network_case3_version3","3"
"Eucera_actuosa",0,5.75706725702919,0.00500027558860751,0,9.86616826599576,0.00500392189534321,"A_Far_Gate_2022_spring_nonserpentine_network_case3_version3","3"
"Euopeodes_fumipennis",1,0,0,0,0.508478720047734,0,"A_Far_Gate_2022_spring_nonserpentine_network_case3_version3","3"
"Hippodamia_convergens",0,6.41134645141517,0.00500027558860751,0,10.9874385836563,0.00500392189534321,"A_Far_Gate_2022_spring_nonserpentine_network_case3_version3","3"
"Junonia_grisea",1,0,0,0,0.456684976633026,0,"A_Far_Gate_2022_spring_nonserpentine_network_case3_version3","3"
"Osmia_cara",0,4.55615992552863,0.00500027559211531,0,0.015876169960572,0.0025019609476716,"A_Far_Gate_2022_spring_nonserpentine_network_case3_version3","3"
"Osmia_sp.",0,4.416791829222,0.00500027559211815,0,0.0153905347700579,0.0025019609476716,"A_Far_Gate_2022_spring_nonserpentine_network_case3_version3","3"
"Scaeva_affinis",0,4.25970662127261,0.00500027559211532,0,0.0148431634102269,0.0025019609476716,"A_Far_Gate_2022_spring_nonserpentine_network_case3_version3","3"
"Anthophora_californica",1,2.09597095416453e-05,0,1,2.071874908115e-05,0,"A_Far_Gate_2022_spring_serpentine_network_case3_version2","2"
"Apis_mellifera",1,0,0,0,0.4663081055583,0,"A_Far_Gate_2022_spring_serpentine_network_case3_version2","2"
"Bombus_crotchii",1,0,0,0,0.540330118355495,0,"A_Far_Gate_2022_spring_serpentine_network_case3_version2","2"
"Bombus_vosnesenskii",1,0,0,0,0.528299200804112,0,"A_Far_Gate_2022_spring_serpentine_network_case3_version2","2"
"Coenonympha_californica",1,0,0,0,0.524667914712181,0,"A_Far_Gate_2022_spring_serpentine_network_case3_version2","2"
"Colias_eurytheme",1,0,0,0,0.493642567630691,0,"A_Far_Gate_2022_spring_serpentine_network_case3_version2","2"
"Eucera_actuosa",1,0,0,0,0.450634169020054,0,"A_Far_Gate_2022_spring_serpentine_network_case3_version2","2"
"Euopeodes_fumipennis",0,18.7229172233266,0.00500025702057651,0,12.696085363788,0.00498371856323685,"A_Far_Gate_2022_spring_serpentine_network_case3_version2","2"
"Hippodamia_convergens",1,0,0,0,0.501847842266712,0,"A_Far_Gate_2022_spring_serpentine_network_case3_version2","2"
"Junonia_grisea",1,0,0,0,0.456684976633026,0,"A_Far_Gate_2022_spring_serpentine_network_case3_version2","2"
"Osmia_cara",1,0,0,0,0.50440227126442,0,"A_Far_Gate_2022_spring_serpentine_network_case3_version2","2"
"Osmia_sp.",0,12.7310064863761,0.00500025702108148,0,0.0164473048897578,0.00249185928161843,"A_Far_Gate_2022_spring_serpentine_network_case3_version2","2"
"Scaeva_affinis",0,61.6871103809785,0.00500027630837914,0,80.3122254977074,0.00500338313937013,"A_Far_Gate_2022_spring_serpentine_network_case3_version2","2"
"Acmaeodera_sp.",0,3.65875482944552,0.0050001466509416,0,0.67635290221471,0.00458844537432406,"A_Felch_2024_spring_full_network_case3_version1","1"
"Adela_eldorada",0,4.21836907000952,0.0050001466509416,0,0.779802500134951,0.00458844537432406,"A_Felch_2024_spring_full_network_case3_version1","1"
"Adela_trigrapha",0,4.11823213615129,0.0050001466509416,0,0.761291310091453,0.00458844537432406,"A_Felch_2024_spring_full_network_case3_version1","1"
"Andrena_pallidifovea",0,3.62761375582741,0.0050001466509416,0,0.670596201680482,0.00458844537432406,"A_Felch_2024_spring_full_network_case3_version1","1"
"Andrena_pensilis",0,5.22993513828871,0.005000147674422,0,0.437828433757543,0.00427448487814054,"A_Felch_2024_spring_full_network_case3_version1","1"
"Andrena_subchalybea",0,3.62624512529301,0.0050001466509416,0,0.670343198245769,0.00458844537432406,"A_Felch_2024_spring_full_network_case3_version1","1"
"Anthophora_crotchii",0,4.23210568527485,0.00500014733232688,0,1.04430537309371,0.00468732922613084,"A_Felch_2024_spring_full_network_case3_version1","1"
"Anthrenus_sp.",0,4.43899190918164,0.00500014733232688,0,1.09535617554431,0.00468732922613084,"A_Felch_2024_spring_full_network_case3_version1","1"
"Apis_mellifera",0,3.81461888704009,0.0050001466509416,0,0.705165739050914,0.00458844537432406,"A_Felch_2024_spring_full_network_case3_version1","1"
"BF1_Diptera",0,5.74529739493195,0.005000147674422,0,0.480972419588212,0.00427448487814054,"A_Felch_2024_spring_full_network_case3_version1","1"
"Bombus_californicus",0,13.3165597407816,0.00500015267329176,0,21.2173759917925,0.00505095405237542,"A_Felch_2024_spring_full_network_case3_version1","1"
"Bombus_melanopygus",0,3.75897371312109,0.0050001466509416,0,0.694879241499631,0.00458844537432406,"A_Felch_2024_spring_full_network_case3_version1","1"
"Bombus_vosnesenskii",0,4.26988475307325,0.00500014733232688,0,1.05362765521921,0.00468732922613084,"A_Felch_2024_spring_full_network_case3_version1","1"
"Bombylius_major",0,4.46037795052404,0.00500014733232688,0,1.10063335087896,0.00468732922613084,"A_Felch_2024_spring_full_network_case3_version1","1"
"Diadasia_nigrifrons",0,4.31112544289739,0.00500014733232688,0,1.06380411955336,0.00468732922613084,"A_Felch_2024_spring_full_network_case3_version1","1"
"Elateridae",0,11.2185330262554,0.00500015236257117,0,4.37382033739462,0.00474388731039231,"A_Felch_2024_spring_full_network_case3_version1","1"
"Erynnis_propertius",0,13.4916714604479,0.00500015211276775,0,21.7165402705048,0.0050762739183251,"A_Felch_2024_spring_full_network_case3_version1","1"
"Eucera_actuosa",0,14.070373913868,0.00500015253526637,0,11.0544396145706,0.00489742068138387,"A_Felch_2024_spring_full_network_case3_version1","1"
"Euopeodes_fumipennis",0,10.3201264750228,0.00500015221725847,0,4.07210550387763,0.00481969971334974,"A_Felch_2024_spring_full_network_case3_version1","1"
"Glaucophysche_lygdamus",0,4.95283669311821,0.00500014754622871,0,0.700324598236724,0.00448090705213569,"A_Felch_2024_spring_full_network_case3_version1","1"
"Listrus_sp._1",0,5.4039378395164,0.00500014754621605,0,0.764109707895732,0.00448090705213569,"A_Felch_2024_spring_full_network_case3_version1","1"
"Malachius_sp.",0,5.37388277464271,0.00500014754621605,0,0.759859961453452,0.00448090705213569,"A_Felch_2024_spring_full_network_case3_version1","1"
"Muscidae",0,5.12178725860594,0.00500014734846209,0,0.614977962349833,0.0044314651262323,"A_Felch_2024_spring_full_network_case3_version1","1"
"Osmia_cara",0,3.89345417024765,0.00500014739391284,0,58.2353001576826,0.00503729478761209,"A_Felch_2024_spring_full_network_case3_version1","1"
"Osmia_sp.",0,4.55568762294437,0.00500014754622871,0,0.644168241775913,0.00448090705213569,"A_Felch_2024_spring_full_network_case3_version1","1"
"Panurginus_sp.",0,12.994773938546,0.00500015211276775,0,20.9167212721044,0.0050762739183251,"A_Felch_2024_spring_full_network_case3_version1","1"
"Polistes_aurifer",0,10.9446983638169,0.00500015132748724,0,6.83923710706836,0.00484157270219921,"A_Felch_2024_spring_full_network_case3_version1","1"
"Prosperpinus_clarkiae",0,11.4675419950727,0.00500015173220976,0,6.10142500984547,0.00480901090493025,"A_Felch_2024_spring_full_network_case3_version1","1"
"Sphaerophoria_sp.",0,29.383799494174,0.00500015797703156,0,69.2534014868598,0.0050724118078093,"A_Felch_2024_spring_full_network_case3_version1","1"
"Acmaeodera_sp.",1,2.124374536913e-05,0,1,2.13752660619472e-05,0,"A_Felch_2024_spring_nonserpentine_network_case3_version3","3"
"Adela_eldorada",1,0,0,0,0.54631601995617,0,"A_Felch_2024_spring_nonserpentine_network_case3_version3","3"
"Adela_trigrapha",1,0,0,0,0.533347403343463,0,"A_Felch_2024_spring_nonserpentine_network_case3_version3","3"
"Andrena_pallidifovea",1,0,0,0,0.469807993583292,0,"A_Felch_2024_spring_nonserpentine_network_case3_version3","3"
"Andrena_pensilis",1,0,0,0,0.462948154384712,0,"A_Felch_2024_spring_nonserpentine_network_case3_version3","3"
"Andrena_subchalybea",1,0,0,0,0.469630743851713,0,"A_Felch_2024_spring_nonserpentine_network_case3_version3","3"
"Anthophora_crotchii",1,0,0,0,0.483911915744614,0,"A_Felch_2024_spring_nonserpentine_network_case3_version3","3"
"Anthrenus_sp.",1,0,0,0,0.50756791972442,0,"A_Felch_2024_spring_nonserpentine_network_case3_version3","3"
"Apis_mellifera",1,0,0,0,0.494026808321488,0,"A_Felch_2024_spring_nonserpentine_network_case3_version3","3"
"BF1_Diptera",1,0,0,0,0.508567459256652,0,"A_Felch_2024_spring_nonserpentine_network_case3_version3","3"
"Bombus_californicus",1,0,0,0,0.493287726558413,0,"A_Felch_2024_spring_nonserpentine_network_case3_version3","3"
"Bombus_melanopygus",1,0,0,0,0.486820267251143,0,"A_Felch_2024_spring_nonserpentine_network_case3_version3","3"
"Bombus_vosnesenskii",1,0,0,0,0.488231689966392,0,"A_Felch_2024_spring_nonserpentine_network_case3_version3","3"
"Bombylius_major",1,0,0,0,0.510013265144086,0,"A_Felch_2024_spring_nonserpentine_network_case3_version3","3"
"Diadasia_nigrifrons",1,0,0,0,0.492947276655094,0,"A_Felch_2024_spring_nonserpentine_network_case3_version3","3"
"Elateridae",1,0,0,0,0.464878742170929,0,"A_Felch_2024_spring_nonserpentine_network_case3_version3","3"
"Erynnis_propertius",1,0,0,0,0.517019666809132,0,"A_Felch_2024_spring_nonserpentine_network_case3_version3","3"
"Eucera_actuosa",0,4.06469225674214,0.00500020114652783,0,1.06159418165139,0.00473033816825352,"A_Felch_2024_spring_nonserpentine_network_case3_version3","3"
"Euopeodes_fumipennis",0,3.84476800236003,0.00500020114652783,0,1.00415556289926,0.00473033816825352,"A_Felch_2024_spring_nonserpentine_network_case3_version3","3"
"Glaucophysche_lygdamus",0,3.6263286821211,0.00500020114652783,0,0.947104771172042,0.00473033816825352,"A_Felch_2024_spring_nonserpentine_network_case3_version3","3"
"Listrus_sp._1",0,3.95661234122772,0.00500020114652783,0,1.03336645808031,0.00473033816825352,"A_Felch_2024_spring_nonserpentine_network_case3_version3","3"
"Malachius_sp.",0,3.93460686226911,0.00500020114652783,0,1.02761918696904,0.00473033816825352,"A_Felch_2024_spring_nonserpentine_network_case3_version3","3"
"Muscidae",0,3.91526861654253,0.00500020114652783,0,1.02256852927569,0.00473033816825352,"A_Felch_2024_spring_nonserpentine_network_case3_version3","3"
"Osmia_cara",0,3.60525559145654,0.00500020114652783,0,0.941601016148506,0.00473033816825352,"A_Felch_2024_spring_nonserpentine_network_case3_version3","3"
"Osmia_sp.",1,0,0,0,0.4509607888297,0,"A_Felch_2024_spring_nonserpentine_network_case3_version3","3"
"Panurginus_sp.",0,3.6833106410086,0.00500020114652783,0,0.961987008789618,0.00473033816825352,"A_Felch_2024_spring_nonserpentine_network_case3_version3","3"
"Polistes_aurifer",1,0,0,0,0.513905792200894,0,"A_Felch_2024_spring_nonserpentine_network_case3_version3","3"
"Prosperpinus_clarkiae",0,2.69155636656733,0.00500020115253298,0,0.00481653945042198,0.00236516908412676,"A_Felch_2024_spring_nonserpentine_network_case3_version3","3"
"Sphaerophoria_sp.",0,29.660591926995,0.0050002325962422,0,54.9681015992084,0.0050398732395932,"A_Felch_2024_spring_nonserpentine_network_case3_version3","3"
"Acmaeodera_sp.",1,2.16447332020767e-05,0,1,2.13173022364756e-05,0,"A_Felch_2024_spring_serpentine_network_case3_version2","2"
"Adela_eldorada",1,0,0,0,0.54631601995617,0,"A_Felch_2024_spring_serpentine_network_case3_version2","2"
"Adela_trigrapha",1,0,0,0,0.533347403343463,0,"A_Felch_2024_spring_serpentine_network_case3_version2","2"
"Andrena_pallidifovea",1,0,0,0,0.469807993583292,0,"A_Felch_2024_spring_serpentine_network_case3_version2","2"
"Andrena_pensilis",0,3.69184250978343,0.00500021069171177,0,1.56995163628246,0.00495493893397713,"A_Felch_2024_spring_serpentine_network_case3_version2","2"
"Andrena_subchalybea",0,3.74513372114237,0.00500021069171177,0,1.59261366046098,0.00495493893397713,"A_Felch_2024_spring_serpentine_network_case3_version2","2"
"Anthophora_crotchii",0,3.85902085295789,0.00500021069171177,0,1.64104402781569,0.00495493893397713,"A_Felch_2024_spring_serpentine_network_case3_version2","2"
"Anthrenus_sp.",1,0,0,0,0.50756791972442,0,"A_Felch_2024_spring_serpentine_network_case3_version2","2"
"Apis_mellifera",0,13.5858576195777,0.00500023352775376,0,17.004382740352,0.00500287644215913,"A_Felch_2024_spring_serpentine_network_case3_version2","2"
"BF1_Diptera",0,4.05563981063359,0.00500021069171177,0,1.72465600576896,0.00495493893397713,"A_Felch_2024_spring_serpentine_network_case3_version2","2"
"Bombus_californicus",1,0,0,0,0.493287726558413,0,"A_Felch_2024_spring_serpentine_network_case3_version2","2"
"Bombus_melanopygus",0,3.88221389433755,0.00500021069171177,0,1.65090684109451,0.00495493893397713,"A_Felch_2024_spring_serpentine_network_case3_version2","2"
"Bombus_vosnesenskii",1,0,0,0,0.488231689966392,0,"A_Felch_2024_spring_serpentine_network_case3_version2","2"
"Bombylius_major",1,0,0,0,0.510013265144086,0,"A_Felch_2024_spring_serpentine_network_case3_version2","2"
"Diadasia_nigrifrons",1,0,0,0,0.492947276655094,0,"A_Felch_2024_spring_serpentine_network_case3_version2","2"
"Elateridae",0,3.70723824263829,0.00500021069171177,0,1.57649865331615,0.00495493893397713,"A_Felch_2024_spring_serpentine_network_case3_version2","2"
"Erynnis_propertius",1,0,0,0,0.517019666809132,0,"A_Felch_2024_spring_serpentine_network_case3_version2","2"
"Eucera_actuosa",0,4.3823813513881,0.00500021069171177,0,1.86360245727892,0.00495493893397713,"A_Felch_2024_spring_serpentine_network_case3_version2","2"
"Euopeodes_fumipennis",1,0,0,0,0.519806644492693,0,"A_Felch_2024_spring_serpentine_network_case3_version2","2"
"Glaucophysche_lygdamus",0,13.4826541650221,0.00500023352775376,0,16.8752108388416,0.00500287644215913,"A_Felch_2024_spring_serpentine_network_case3_version2","2"
"Listrus_sp._1",0,4.26585410233784,0.00500021069171177,0,1.8140493832905,0.00495493893397713,"A_Felch_2024_spring_serpentine_network_case3_version2","2"
"Malachius_sp.",1,0,0,0,0.5319527184041,0,"A_Felch_2024_spring_serpentine_network_case3_version2","2"
"Muscidae",1,0,0,0,0.529338217703317,0,"A_Felch_2024_spring_serpentine_network_case3_version2","2"
"Osmia_cara",1,0,0,0,0.487424939655431,0,"A_Felch_2024_spring_serpentine_network_case3_version2","2"
"Osmia_sp.",1,0,0,0,0.4509607888297,0,"A_Felch_2024_spring_serpentine_network_case3_version2","2"
"Panurginus_sp.",1,0,0,0,0.497977860759933,0,"A_Felch_2024_spring_serpentine_network_case3_version2","2"
"Polistes_aurifer",1,0,0,0,0.513905792200894,0,"A_Felch_2024_spring_serpentine_network_case3_version2","2"
"Prosperpinus_clarkiae",0,10.4197983036378,0.00500023175440288,0,5.56000579050223,0.00497890768806813,"A_Felch_2024_spring_serpentine_network_case3_version2","2"
"Sphaerophoria_sp.",0,33.8539441024405,0.00500026602572604,0,49.9469631673803,0.00501301381603625,"A_Felch_2024_spring_serpentine_network_case3_version2","2"
"Adela_eldorada",0,7.32352446045151,0.0050001179246381,0,0.0166428346596971,0.00242836492793529,"A_Goatgrass_2022_spring_full_network_case3_version1","1"
"Adela_flammeusella",0,2.89127585509224,0.00500011880761664,1,0.000661559134284589,0.00140825620902061,"A_Goatgrass_2022_spring_full_network_case3_version1","1"
"Adela_trigrapha",0,2.85493599181492,0.00500011880761664,1,0,0.00140825620902061,"A_Goatgrass_2022_spring_full_network_case3_version1","1"
"Andrena_baeriae",0,6.16933534811432,0.00500011782108709,0,0.0255176903530548,0.0027964120941822,"A_Goatgrass_2022_spring_full_network_case3_version1","1"
"Andrena_dissona",0,5.87155442153652,0.00500011782108709,0,0.0242860047611725,0.0027964120941822,"A_Goatgrass_2022_spring_full_network_case3_version1","1"
"Andrena_duboisi",0,2.64941774003471,0.00500011880761664,1,0,0.00140825620902061,"A_Goatgrass_2022_spring_full_network_case3_version1","1"
"Andrena_pensilis",0,14.6268054147554,0.00500012034500614,0,0.532545081581359,0.00379205333165582,"A_Goatgrass_2022_spring_full_network_case3_version1","1"
"Andrena_sp.",0,2.82083097118744,0.00500011880761664,1,0,0.00140825620902061,"A_Goatgrass_2022_spring_full_network_case3_version1","1"
"Andrena_subchalybea",0,12.7908006745554,0.00500012052139562,0,0.0201231674969675,0.00247672572354551,"A_Goatgrass_2022_spring_full_network_case3_version1","1"
"Anthophora_californica",0,2.69105290049006,0.00500011880761664,1,0,0.00140825620902061,"A_Goatgrass_2022_spring_full_network_case3_version1","1"
"Anthrenus_sp.",0,3.08017590426855,0.00500011880761664,1,0,0.00140825620902061,"A_Goatgrass_2022_spring_full_network_case3_version1","1"
"Apis_mellifera",0,2.63286737882759,0.00500011880761664,1,0,0.00140825620902061,"A_Goatgrass_2022_spring_full_network_case3_version1","1"
"BF1_Diptera",0,5.74149123001307,0.00500011782108709,0,0.0237480355856413,0.0027964120941822,"A_Goatgrass_2022_spring_full_network_case3_version1","1"
"Bombus_californicus",0,2.79312761452896,0.00500011880761664,1,0,0.00140825620902061,"A_Goatgrass_2022_spring_full_network_case3_version1","1"
"Bombus_melanopygus",0,26.7747268237886,0.00500012026795666,0,30.8470967097263,0.00500442682644044,"A_Goatgrass_2022_spring_full_network_case3_version1","1"
"Bombus_vosnesenskii",0,21.5402708968727,0.00500011966374227,0,4.0151659353334,0.00460382735418829,"A_Goatgrass_2022_spring_full_network_case3_version1","1"
"Bombylius_major",0,6.54891080405538,0.00500011788215421,0,0.0199156611240126,0.00261238851105874,"A_Goatgrass_2022_spring_full_network_case3_version1","1"
"Coenonympha_californica",0,5.84386351968499,0.00500011804434342,0,0.00348246168195505,0.00191831056847795,"A_Goatgrass_2022_spring_full_network_case3_version1","1"
"Colias_eurytheme",0,25.0198254544561,0.00500012009945999,0,10.7485854727975,0.00469150438535027,"A_Goatgrass_2022_spring_full_network_case3_version1","1"
"Conophorus_fenestratus",0,26.4964631931743,0.00500012017436571,0,1.60999957466266,0.0038115221547475,"A_Goatgrass_2022_spring_full_network_case3_version1","1"
"Cylindromyia sp.",0,20.7285236893877,0.0050001202139163,0,0.191333837293161,0.00309380426761022,"A_Goatgrass_2022_spring_full_network_case3_version1","1"
"Cyrtopogon_sp.",0,6.44775744127692,0.00500011788215421,0,0.0196080471978899,0.00261238851105874,"A_Goatgrass_2022_spring_full_network_case3_version1","1"
"Diadasia_nigrifrons",0,9.59714004918756,0.00500012001434133,0,0.00460726033351949,0.00193771047489464,"A_Goatgrass_2022_spring_full_network_case3_version1","1"
"Elateridae",0,5.19930645285648,0.00500011800222037,0,0.00444357531057307,0.00210233415160141,"A_Goatgrass_2022_spring_full_network_case3_version1","1"
"Eucera_actuosa",0,5.40610992355343,0.00500011804433682,0,0.00322159656911399,0.00191831056847795,"A_Goatgrass_2022_spring_full_network_case3_version1","1"
"Eucera_frater_albopilosa",0,17.8418560121331,0.0050001197858936,0,4.77263975624325,0.0047231535296533,"A_Goatgrass_2022_spring_full_network_case3_version1","1"
"Eucera_sp.",0,28.8088218877543,0.0050001198166346,0,18.6853443785155,0.0048350023957581,"A_Goatgrass_2022_spring_full_network_case3_version1","1"
"Euopeodes_fumipennis",0,15.368564411261,0.00500012052444289,0,0.0163284153447277,0.00227202909408908,"A_Goatgrass_2022_spring_full_network_case3_version1","1"
"Heliolonche_modiella",0,10.0148707925533,0.00500012001434133,0,0.00480779865012591,0.00193771047489464,"A_Goatgrass_2022_spring_full_network_case3_version1","1"
"Helithodes_dimutiva",0,26.9434019129534,0.00500012038288601,0,22.2215115543874,0.00496300101425027,"A_Goatgrass_2022_spring_full_network_case3_version1","1"
"Hippodamia_convergens",0,10.8436492362565,0.00500012038014318,0,0.0179662814069979,0.00255901175474065,"A_Goatgrass_2022_spring_full_network_case3_version1","1"
"Junonia_grisea",0,29.3879517073387,0.00500012012859356,0,36.9466228604585,0.00500460137062022,"A_Goatgrass_2022_spring_full_network_case3_version1","1"
"Listrus_sp._1",0,19.4935409882899,0.00500012043271896,0,2.16808588932335,0.0042885612240171,"A_Goatgrass_2022_spring_full_network_case3_version1","1"
"Malachius_sp.",0,20.946309618122,0.0050001203512571,0,0.393369345985664,0.00341734924786956,"A_Goatgrass_2022_spring_full_network_case3_version1","1"
"Mordellidae",0,53.7699784051644,0.00500012278135668,0,71.7350126586315,0.00499635899307942,"A_Goatgrass_2022_spring_full_network_case3_version1","1"
"Muscidae",0,15.2119524848772,0.00500012028971791,0,0.503207211069729,0.00363644134782516,"A_Goatgrass_2022_spring_full_network_case3_version1","1"
"Nomada_hesperia",0,26.4157460457346,0.00500011993125871,0,27.5658272533507,0.00501886317295193,"A_Goatgrass_2022_spring_full_network_case3_version1","1"
"Osmia_cara",0,20.0570185672249,0.00500012004995918,0,3.89866636541103,0.00451735484001109,"A_Goatgrass_2022_spring_full_network_case3_version1","1"
"Osmia_sp.",0,31.6723126029579,0.00500012005437609,0,14.4135335374836,0.00471996561704732,"A_Goatgrass_2022_spring_full_network_case3_version1","1"
"Panurginus_sp.",0,41.9682858219897,0.00500012042320544,0,79.6947485925001,0.00502160847999191,"A_Goatgrass_2022_spring_full_network_case3_version1","1"
"Polistes_aurifer",0,67.5645448658667,0.00500012085176571,0,127.905647031395,0.00501963226888128,"A_Goatgrass_2022_spring_full_network_case3_version1","1"
"Scaeva_affinis",0,19.3841789303502,0.00500012035739465,0,76.5216927536209,0.00500512013377573,"A_Goatgrass_2022_spring_full_network_case3_version1","1"
"Scathophaga_stercoraria",0,29.5225001456643,0.005000120007341,0,45.8709189703714,0.00500750465306892,"A_Goatgrass_2022_spring_full_network_case3_version1","1"
"silver_moth_Lepidoptera",0,38.9320598402438,0.00500012004679759,0,102.400392897995,0.00512698892869436,"A_Goatgrass_2022_spring_full_network_case3_version1","1"
"Tetraopes_basilus",0,53.3844587385477,0.00500012003952243,0,158.238024529325,0.005025396058969,"A_Goatgrass_2022_spring_full_network_case3_version1","1"
"Adela_eldorada",1,2.27023906296183e-05,0,1,2.2606333598725e-05,0,"A_Goatgrass_2022_spring_nonserpentine_network_case3_version3","3"
"Adela_flammeusella",1,0,0,0,0.499838969274349,0,"A_Goatgrass_2022_spring_nonserpentine_network_case3_version3","3"
"Adela_trigrapha",1,0,0,0,0.493556593984159,0,"A_Goatgrass_2022_spring_nonserpentine_network_case3_version3","3"
"Andrena_baeriae",1,0,0,0,0.505675091760082,0,"A_Goatgrass_2022_spring_nonserpentine_network_case3_version3","3"
"Andrena_dissona",1,0,0,0,0.481267211693929,0,"A_Goatgrass_2022_spring_nonserpentine_network_case3_version3","3"
"Andrena_duboisi",1,0,0,0,0.458026939867077,0,"A_Goatgrass_2022_spring_nonserpentine_network_case3_version3","3"
"Andrena_pensilis",1,0,0,0,0.458778345961486,0,"A_Goatgrass_2022_spring_nonserpentine_network_case3_version3","3"
"Andrena_sp.",1,0,0,0,0.487660574697731,0,"A_Goatgrass_2022_spring_nonserpentine_network_case3_version3","3"
"Andrena_subchalybea",1,0,0,0,0.51127894477047,0,"A_Goatgrass_2022_spring_nonserpentine_network_case3_version3","3"
"Anthophora_californica",1,0,0,0,0.465224757285428,0,"A_Goatgrass_2022_spring_nonserpentine_network_case3_version3","3"
"Anthrenus_sp.",1,0,0,0,0.532495696182594,0,"A_Goatgrass_2022_spring_nonserpentine_network_case3_version3","3"
"Apis_mellifera",1,0,0,0,0.455165740849993,0,"A_Goatgrass_2022_spring_nonserpentine_network_case3_version3","3"
"BF1_Diptera",1,0,0,0,0.470606465833544,0,"A_Goatgrass_2022_spring_nonserpentine_network_case3_version3","3"
"Bombus_californicus",1,0,0,0,0.482871264374289,0,"A_Goatgrass_2022_spring_nonserpentine_network_case3_version3","3"
"Bombus_melanopygus",1,0,0,0,0.517340338680586,0,"A_Goatgrass_2022_spring_nonserpentine_network_case3_version3","3"
"Bombus_vosnesenskii",1,0,0,0,0.53907220460897,0,"A_Goatgrass_2022_spring_nonserpentine_network_case3_version3","3"
"Bombylius_major",1,0,0,0,0.486542862950146,0,"A_Goatgrass_2022_spring_nonserpentine_network_case3_version3","3"
"Coenonympha_californica",1,0,0,0,0.525897603098255,0,"A_Goatgrass_2022_spring_nonserpentine_network_case3_version3","3"
"Colias_eurytheme",1,0,0,0,0.461015272378463,0,"A_Goatgrass_2022_spring_nonserpentine_network_case3_version3","3"
"Conophorus_fenestratus",1,0,0,0,0.483682864826956,0,"A_Goatgrass_2022_spring_nonserpentine_network_case3_version3","3"
"Cylindromyia sp.",1,0,0,0,0.457909146653446,0,"A_Goatgrass_2022_spring_nonserpentine_network_case3_version3","3"
"Cyrtopogon_sp.",1,0,0,0,0.479027804466443,0,"A_Goatgrass_2022_spring_nonserpentine_network_case3_version3","3"
"Diadasia_nigrifrons",1,0,0,0,0.520309667508262,0,"A_Goatgrass_2022_spring_nonserpentine_network_case3_version3","3"
"Elateridae",1,0,0,0,0.544581811360354,0,"A_Goatgrass_2022_spring_nonserpentine_network_case3_version3","3"
"Eucera_actuosa",1,0,0,0,0.486503533477198,0,"A_Goatgrass_2022_spring_nonserpentine_network_case3_version3","3"
"Eucera_frater_albopilosa",1,0,0,0,0.464887151268724,0,"A_Goatgrass_2022_spring_nonserpentine_network_case3_version3","3"
"Eucera_sp.",1,0,0,0,0.458351373443544,0,"A_Goatgrass_2022_spring_nonserpentine_network_case3_version3","3"
"Euopeodes_fumipennis",1,0,0,0,0.511533465637608,0,"A_Goatgrass_2022_spring_nonserpentine_network_case3_version3","3"
"Heliolonche_modiella",1,0,0,0,0.542956971280722,0,"A_Goatgrass_2022_spring_nonserpentine_network_case3_version3","3"
"Helithodes_dimutiva",1,0,0,0,0.477816315101374,0,"A_Goatgrass_2022_spring_nonserpentine_network_case3_version3","3"
"Hippodamia_convergens",1,0,0,0,0.458807908794288,0,"A_Goatgrass_2022_spring_nonserpentine_network_case3_version3","3"
"Junonia_grisea",1,0,0,0,0.484523105590848,0,"A_Goatgrass_2022_spring_nonserpentine_network_case3_version3","3"
"Listrus_sp._1",1,0,0,0,0.479835665379574,0,"A_Goatgrass_2022_spring_nonserpentine_network_case3_version3","3"
"Malachius_sp.",1,0,0,0,0.498028034506379,0,"A_Goatgrass_2022_spring_nonserpentine_network_case3_version3","3"
"Mordellidae",1,0,0,0,0.457175948707003,0,"A_Goatgrass_2022_spring_nonserpentine_network_case3_version3","3"
"Muscidae",1,0,0,0,0.45616991860148,0,"A_Goatgrass_2022_spring_nonserpentine_network_case3_version3","3"
"Nomada_hesperia",1,0,0,0,0.547821935078978,0,"A_Goatgrass_2022_spring_nonserpentine_network_case3_version3","3"
"Osmia_cara",1,0,0,0,0.543262872376136,0,"A_Goatgrass_2022_spring_nonserpentine_network_case3_version3","3"
"Osmia_sp.",1,0,0,0,0.519096025717024,0,"A_Goatgrass_2022_spring_nonserpentine_network_case3_version3","3"
"Panurginus_sp.",0,9.19703986474162,0.00500081396734439,0,32.7505907613188,0.00500812184025064,"A_Goatgrass_2022_spring_nonserpentine_network_case3_version3","3"
"Polistes_aurifer",1,0,0,0,0.51932669355037,0,"A_Goatgrass_2022_spring_nonserpentine_network_case3_version3","3"
"Scaeva_affinis",0,6.2272223973821,0.00500081376396569,0,0.0272266134512282,0.00250406092012532,"A_Goatgrass_2022_spring_nonserpentine_network_case3_version3","3"
"Scathophaga_stercoraria",0,5.62379535147991,0.00500081376396569,0,0.0245883143984199,0.00250406092012532,"A_Goatgrass_2022_spring_nonserpentine_network_case3_version3","3"
"silver_moth_Lepidoptera",0,5.94921227367549,0.00500081376396569,0,0.0260110997394919,0.00250406092012532,"A_Goatgrass_2022_spring_nonserpentine_network_case3_version3","3"
"Tetraopes_basilus",0,5.85635071828678,0.00500081376396569,0,0.0256050911688341,0.00250406092012532,"A_Goatgrass_2022_spring_nonserpentine_network_case3_version3","3"
"Adela_eldorada",1,2.2761368822505e-05,0,1,2.26783467531579e-05,0,"A_Goatgrass_2022_spring_serpentine_network_case3_version2","2"
"Adela_flammeusella",1,0,0,0,0.499838969274349,0,"A_Goatgrass_2022_spring_serpentine_network_case3_version2","2"
"Adela_trigrapha",1,0,0,0,0.493556593984159,0,"A_Goatgrass_2022_spring_serpentine_network_case3_version2","2"
"Andrena_baeriae",1,0,0,0,0.505675091760082,0,"A_Goatgrass_2022_spring_serpentine_network_case3_version2","2"
"Andrena_dissona",0,2.57725119834562,0.00500022391816615,1,0,0.00126932397308074,"A_Goatgrass_2022_spring_serpentine_network_case3_version2","2"
"Andrena_duboisi",0,2.45279639041231,0.00500022391816615,1,0,0.00126932397308074,"A_Goatgrass_2022_spring_serpentine_network_case3_version2","2"
"Andrena_pensilis",1,0,0,0,0.458778345961486,0,"A_Goatgrass_2022_spring_serpentine_network_case3_version2","2"
"Andrena_sp.",0,2.61148852450934,0.00500022391816615,1,0,0.00126932397308074,"A_Goatgrass_2022_spring_serpentine_network_case3_version2","2"
"Andrena_subchalybea",0,17.5919606675839,0.00500022250591569,0,0.111625107932431,0.0029238603877184,"A_Goatgrass_2022_spring_serpentine_network_case3_version2","2"
"Anthophora_californica",0,2.49134167895855,0.00500022391816615,1,0,0.00126932397308074,"A_Goatgrass_2022_spring_serpentine_network_case3_version2","2"
"Anthrenus_sp.",1,0,0,0,0.532495696182594,0,"A_Goatgrass_2022_spring_serpentine_network_case3_version2","2"
"Apis_mellifera",0,13.5018068789231,0.00500022190089401,0,0.127134986617493,0.00329202744208178,"A_Goatgrass_2022_spring_serpentine_network_case3_version2","2"
"BF1_Diptera",0,2.52016145823475,0.00500022391816615,1,0,0.00126932397308074,"A_Goatgrass_2022_spring_serpentine_network_case3_version2","2"
"Bombus_californicus",0,2.58584111803562,0.00500022391816615,1,0,0.00126932397308074,"A_Goatgrass_2022_spring_serpentine_network_case3_version2","2"
"Bombus_melanopygus",0,2.77042768647016,0.00500022391816615,1,0,0.00126932397308074,"A_Goatgrass_2022_spring_serpentine_network_case3_version2","2"
"Bombus_vosnesenskii",0,2.88680477618826,0.00500022391816615,1,0,0.00126932397308074,"A_Goatgrass_2022_spring_serpentine_network_case3_version2","2"
"Bombylius_major",0,23.4103335545517,0.00500022126111333,0,23.8144463517411,0.00502017263285984,"A_Goatgrass_2022_spring_serpentine_network_case3_version2","2"
"Coenonympha_californica",0,2.81625299805214,0.00500022391816615,1,0,0.00126932397308074,"A_Goatgrass_2022_spring_serpentine_network_case3_version2","2"
"Colias_eurytheme",0,2.46879931629146,0.00500022391816615,1,0,0.00126932397308074,"A_Goatgrass_2022_spring_serpentine_network_case3_version2","2"
"Conophorus_fenestratus",0,31.9667299633898,0.00500021815097328,0,36.3886509684501,0.00500131855303884,"A_Goatgrass_2022_spring_serpentine_network_case3_version2","2"
"Cylindromyia sp.",0,22.7926965932697,0.00500021850581871,0,0.248670376723229,0.00333106109396131,"A_Goatgrass_2022_spring_serpentine_network_case3_version2","2"
"Cyrtopogon_sp.",0,1.81386819336967,0.00500022392745002,1,0,0.00063466198654037,"A_Goatgrass_2022_spring_serpentine_network_case3_version2","2"
"Diadasia_nigrifrons",0,27.0238553984037,0.00500021961125352,0,28.1052747674371,0.0050471003860629,"A_Goatgrass_2022_spring_serpentine_network_case3_version2","2"
"Elateridae",0,33.9995916050946,0.00500021910058827,0,33.8971037772115,0.00500024104024583,"A_Goatgrass_2022_spring_serpentine_network_case3_version2","2"
"Eucera_actuosa",0,25.8621307313344,0.00500021822342807,0,0.598086101880975,0.00347986070399507,"A_Goatgrass_2022_spring_serpentine_network_case3_version2","2"
"Eucera_frater_albopilosa",0,23.4902489259893,0.00500021752729771,0,0.170599888170575,0.00306888769418197,"A_Goatgrass_2022_spring_serpentine_network_case3_version2","2"
"Eucera_sp.",0,16.0400404192501,0.00500022146791867,0,1.0322355817618,0.00416216866180721,"A_Goatgrass_2022_spring_serpentine_network_case3_version2","2"
"Euopeodes_fumipennis",0,10.1034537316495,0.00500022333179271,0,0.00296404735139073,0.00176355873333877,"A_Goatgrass_2022_spring_serpentine_network_case3_version2","2"
"Heliolonche_modiella",0,2.05593990858428,0.00500022392745002,1,0,0.00063466198654037,"A_Goatgrass_2022_spring_serpentine_network_case3_version2","2"
"Helithodes_dimutiva",0,32.2533507386272,0.00500021805315177,0,31.4561275312333,0.00498412535419958,"A_Goatgrass_2022_spring_serpentine_network_case3_version2","2"
"Hippodamia_convergens",0,9.06205515288356,0.00500022333179271,0,0.0026585325462213,0.00176355873333877,"A_Goatgrass_2022_spring_serpentine_network_case3_version2","2"
"Junonia_grisea",0,33.4403240056118,0.00500021791846863,0,47.1094324152901,0.00504865758245793,"A_Goatgrass_2022_spring_serpentine_network_case3_version2","2"
"Listrus_sp._1",0,12.6724808611909,0.00500022227087544,0,0.0195278107486806,0.0024950706009603,"A_Goatgrass_2022_spring_serpentine_network_case3_version2","2"
"Malachius_sp.",0,37.1666043060287,0.0050002163542362,0,46.1028875553757,0.00500350266513154,"A_Goatgrass_2022_spring_serpentine_network_case3_version2","2"
"Mordellidae",0,31.265508804806,0.00500021861599422,0,49.845501017355,0.00504644580880733,"A_Goatgrass_2022_spring_serpentine_network_case3_version2","2"
"Muscidae",0,18.4223357504637,0.00500022116504156,0,6.00606517087046,0.00479291463498641,"A_Goatgrass_2022_spring_serpentine_network_case3_version2","2"
"Nomada_hesperia",0,26.0919183504997,0.00500021913363203,0,3.3064612641381,0.00436634392419316,"A_Goatgrass_2022_spring_serpentine_network_case3_version2","2"
"Osmia_cara",0,23.1493840089926,0.00500021917056871,0,0.354858529798349,0.00345340858562986,"A_Goatgrass_2022_spring_serpentine_network_case3_version2","2"
"Osmia_sp.",0,40.8176942904705,0.00500021720022295,0,80.2480340681785,0.00503551080491744,"A_Goatgrass_2022_spring_serpentine_network_case3_version2","2"
"Panurginus_sp.",0,41.2686517434521,0.00500021724629761,0,53.8112725048087,0.00499960729785988,"A_Goatgrass_2022_spring_serpentine_network_case3_version2","2"
"Polistes_aurifer",0,35.5497189858297,0.00500021791187596,0,10.3553464652948,0.00451440167502895,"A_Goatgrass_2022_spring_serpentine_network_case3_version2","2"
"Scaeva_affinis",0,46.2438479117091,0.00500021711806525,0,84.7682407557767,0.00499775443452127,"A_Goatgrass_2022_spring_serpentine_network_case3_version2","2"
"Scathophaga_stercoraria",0,32.3713205940267,0.00500021806515966,0,11.4582513034715,0.004546258050608,"A_Goatgrass_2022_spring_serpentine_network_case3_version2","2"
"silver_moth_Lepidoptera",0,41.6592620152717,0.00500021721616826,0,55.6970727019212,0.00503746738139067,"A_Goatgrass_2022_spring_serpentine_network_case3_version2","2"
"Tetraopes_basilus",0,62.8210079346496,0.00500021594676044,0,193.534107359504,0.00503369207919032,"A_Goatgrass_2022_spring_serpentine_network_case3_version2","2"
"Acmaeodera_sp.",0,9.12789183288916,0.00500013500046825,0,6.29560028305414,0.00493450392258392,"A_Goatgrass_2023_spring_full_network_case3_version1","1"
"Adela_eldorada",0,4.94151119633596,0.00500013509080826,0,0.00379961454637368,0.00204409448659724,"A_Goatgrass_2023_spring_full_network_case3_version1","1"
"Agapostemon_subtilior",0,5.49284816630902,0.00500013502284235,0,0.0229356328942952,0.0027118115439446,"A_Goatgrass_2023_spring_full_network_case3_version1","1"
"Andrena_pensilis",0,28.0328699971135,0.00500014226618385,0,28.0328393670264,0.00500022733821878,"A_Goatgrass_2023_spring_full_network_case3_version1","1"
"Andrena_plana",0,17.6526825555432,0.00500013670007123,0,28.8389491219721,0.00504493693036499,"A_Goatgrass_2023_spring_full_network_case3_version1","1"
"Andrena_sp.",0,9.09100037280161,0.00500013500046825,0,6.27015586650886,0.00493450392258392,"A_Goatgrass_2023_spring_full_network_case3_version1","1"
"Andrena_subchalybea",0,5.03371088044014,0.00500013509080826,0,0.00387050849910579,0.00204409448659724,"A_Goatgrass_2023_spring_full_network_case3_version1","1"
"Anthidium_illustre",0,6.38320536958433,0.00500013337680471,0,3.28341149305225,0.00489863415457882,"A_Goatgrass_2023_spring_full_network_case3_version1","1"
"Anthophora_californica",0,15.8734874081116,0.00500013865407351,0,15.8734770415194,0.00500022153733165,"A_Goatgrass_2023_spring_full_network_case3_version1","1"
"Apis_mellifera",0,6.57581645443565,0.00500013337680471,0,3.38248733746632,0.00489863415457882,"A_Goatgrass_2023_spring_full_network_case3_version1","1"
"Asilidae",0,10.2138743466641,0.00500013628315571,0,11.6250627800277,0.0050951955023036,"A_Goatgrass_2023_spring_full_network_case3_version1","1"
"BF1_Diptera",0,10.6184961601994,0.00500013628315571,0,12.0855887090686,0.0050951955023036,"A_Goatgrass_2023_spring_full_network_case3_version1","1"
"Bombus_californicus",0,5.84194675630209,0.00500013502284235,0,0.024393309653248,0.0027118115439446,"A_Goatgrass_2023_spring_full_network_case3_version1","1"
"Bombus_melanopygus",0,10.0517984308987,0.00500013597691325,0,0.230943660295247,0.00358936660242161,"A_Goatgrass_2023_spring_full_network_case3_version1","1"
"Bombus_vosnesenskii",0,27.6277812714419,0.00500014127609321,0,27.6277544246709,0.00500022574818314,"A_Goatgrass_2023_spring_full_network_case3_version1","1"
"Bombylius_major",0,5.43447688713099,0.00500013502284235,0,0.022691901007215,0.0027118115439446,"A_Goatgrass_2023_spring_full_network_case3_version1","1"
"Chrysis_angolensis",0,5.98029244613147,0.00500013337680471,0,3.07615998864492,0.00489863415457882,"A_Goatgrass_2023_spring_full_network_case3_version1","1"
"Diabrotica_undecimpunctata",0,4.85173305146607,0.00500013509080826,0,0.00373058255754346,0.00204409448659724,"A_Goatgrass_2023_spring_full_network_case3_version1","1"
"Elateridae",0,7.07472620496312,0.00500013337680471,0,3.63911796419718,0.00489863415457882,"A_Goatgrass_2023_spring_full_network_case3_version1","1"
"Eristalis_hirta",0,17.0544470046493,0.00500013865407351,0,17.0544358868814,0.00500022153733165,"A_Goatgrass_2023_spring_full_network_case3_version1","1"
"Eucera_actuosa",0,5.69042443690315,0.00500013505156055,0,0.0101320505661803,0.00237795301527092,"A_Goatgrass_2023_spring_full_network_case3_version1","1"
"Halictus_tripartitus",0,5.60035743710001,0.00500013505156055,0,0.00997168232406639,0.00237795301527092,"A_Goatgrass_2023_spring_full_network_case3_version1","1"
"Heliolonche_modiella",0,11.851302903603,0.00500013707769102,0,0.0792026472156323,0.00303268824735618,"A_Goatgrass_2023_spring_full_network_case3_version1","1"
"Helithodes_dimutiva",0,5.27253258225707,0.00500013505156055,0,0.0093879757748326,0.00237795301527092,"A_Goatgrass_2023_spring_full_network_case3_version1","1"
"Listrus_sp._1",0,6.88968475773846,0.00500013502188082,0,0.146191760543448,0.00348929920459058,"A_Goatgrass_2023_spring_full_network_case3_version1","1"
"Malachius_sp.",0,6.73787235171296,0.00500013502192517,0,0.142970463245571,0.00348929920459058,"A_Goatgrass_2023_spring_full_network_case3_version1","1"
"Nomada_hesperia",0,7.08111485404674,0.00500013597904534,0,47.6760453303307,0.00500935839010246,"A_Goatgrass_2023_spring_full_network_case3_version1","1"
"Nomada-mimic_Syrphidae",0,5.66997068255858,0.00500013399929475,0,0.110636958947081,0.00347136432058803,"A_Goatgrass_2023_spring_full_network_case3_version1","1"
"Osmia_atrocyanea",0,27.1519120236012,0.00500014069446462,0,33.5132251652971,0.0050054771804473,"A_Goatgrass_2023_spring_full_network_case3_version1","1"
"Osmia_sanctaerosae",0,23.7648038642651,0.00500013909812241,0,3.08561655109578,0.00408838256869876,"A_Goatgrass_2023_spring_full_network_case3_version1","1"
"Panurginus_sp.",0,11.668904426394,0.00500013647647998,0,3.78317477128571,0.0045764996783634,"A_Goatgrass_2023_spring_full_network_case3_version1","1"
"Scaeva_affinis",0,9.41948774523212,0.00500013578690677,0,2.46774760078861,0.00453968867576971,"A_Goatgrass_2023_spring_full_network_case3_version1","1"
"silver_moth_Lepidoptera",0,7.05651394605646,0.00500013510090895,0,0.248007600614244,0.00373327076698168,"A_Goatgrass_2023_spring_full_network_case3_version1","1"
"Sphaerophoria_sp.",0,14.7088723161176,0.00500013683850145,0,2.18733170477935,0.00421852851363391,"A_Goatgrass_2023_spring_full_network_case3_version1","1"
"Sphex_sp.",0,21.1570921446004,0.00500013741671143,0,50.2593032193094,0.00508616352069249,"A_Goatgrass_2023_spring_full_network_case3_version1","1"
"Strymon_melinus",0,52.5050572534232,0.00500014411558559,0,62.4532712253133,0.00500351720820729,"A_Goatgrass_2023_spring_full_network_case3_version1","1"
"Syrphidae",0,10.0424440499478,0.00500013672106383,0,0.325097100899862,0.00368748464985939,"A_Goatgrass_2023_spring_full_network_case3_version1","1"
"Tachnidae",0,19.6733508289975,0.00500013739291876,0,13.1443993934401,0.00470210348713917,"A_Goatgrass_2023_spring_full_network_case3_version1","1"
"Tetraopes_basilus",0,39.1579718343257,0.00500013927511172,0,112.977083669805,0.00505617546377919,"A_Goatgrass_2023_spring_full_network_case3_version1","1"
"Thysanoptera",0,71.0661032289196,0.00500014414931586,0,105.243382833856,0.00500489035378303,"A_Goatgrass_2023_spring_full_network_case3_version1","1"
"Acmaeodera_sp.",1,2.30608139621556e-05,0,1,2.26730684359857e-05,0,"A_Goatgrass_2023_spring_nonserpentine_network_case3_version3","3"
"Adela_eldorada",1,0,0,0,0.495601161031798,0,"A_Goatgrass_2023_spring_nonserpentine_network_case3_version3","3"
"Agapostemon_subtilior",1,0,0,0,0.468713461430144,0,"A_Goatgrass_2023_spring_nonserpentine_network_case3_version3","3"
"Andrena_pensilis",1,0,0,0,0.467146256434334,0,"A_Goatgrass_2023_spring_nonserpentine_network_case3_version3","3"
"Andrena_plana",1,0,0,0,0.527131891845321,0,"A_Goatgrass_2023_spring_nonserpentine_network_case3_version3","3"
"Andrena_sp.",1,0,0,0,0.505706244313953,0,"A_Goatgrass_2023_spring_nonserpentine_network_case3_version3","3"
"Andrena_subchalybea",1,0,0,0,0.504848184601799,0,"A_Goatgrass_2023_spring_nonserpentine_network_case3_version3","3"
"Anthidium_illustre",1,0,0,0,0.483438602431416,0,"A_Goatgrass_2023_spring_nonserpentine_network_case3_version3","3"
"Anthophora_californica",1,0,0,0,0.452591064806371,0,"A_Goatgrass_2023_spring_nonserpentine_network_case3_version3","3"
"Apis_mellifera",1,0,0,0,0.498026200685662,0,"A_Goatgrass_2023_spring_nonserpentine_network_case3_version3","3"
"Asilidae",1,0,0,0,0.526354923926459,0,"A_Goatgrass_2023_spring_nonserpentine_network_case3_version3","3"
"BF1_Diptera",1,0,0,0,0.547206431998502,0,"A_Goatgrass_2023_spring_nonserpentine_network_case3_version3","3"
"Bombus_californicus",1,0,0,0,0.498502598818626,0,"A_Goatgrass_2023_spring_nonserpentine_network_case3_version3","3"
"Bombus_melanopygus",1,0,0,0,0.533178344640498,0,"A_Goatgrass_2023_spring_nonserpentine_network_case3_version3","3"
"Bombus_vosnesenskii",1,0,0,0,0.528438372853416,0,"A_Goatgrass_2023_spring_nonserpentine_network_case3_version3","3"
"Bombylius_major",1,0,0,0,0.463732547365936,0,"A_Goatgrass_2023_spring_nonserpentine_network_case3_version3","3"
"Chrysis_angolensis",1,0,0,0,0.452923579282557,0,"A_Goatgrass_2023_spring_nonserpentine_network_case3_version3","3"
"Diabrotica_undecimpunctata",1,0,0,0,0.486597001942153,0,"A_Goatgrass_2023_spring_nonserpentine_network_case3_version3","3"
"Elateridae",1,0,0,0,0.535811641759151,0,"A_Goatgrass_2023_spring_nonserpentine_network_case3_version3","3"
"Eristalis_hirta",1,0,0,0,0.486263046058017,0,"A_Goatgrass_2023_spring_nonserpentine_network_case3_version3","3"
"Eucera_actuosa",1,0,0,0,0.523015097097035,0,"A_Goatgrass_2023_spring_nonserpentine_network_case3_version3","3"
"Halictus_tripartitus",1,0,0,0,0.514736909868539,0,"A_Goatgrass_2023_spring_nonserpentine_network_case3_version3","3"
"Heliolonche_modiella",1,0,0,0,0.483244160531668,0,"A_Goatgrass_2023_spring_nonserpentine_network_case3_version3","3"
"Helithodes_dimutiva",1,0,0,0,0.484606055745206,0,"A_Goatgrass_2023_spring_nonserpentine_network_case3_version3","3"
"Listrus_sp._1",1,0,0,0,0.473978909675022,0,"A_Goatgrass_2023_spring_nonserpentine_network_case3_version3","3"
"Malachius_sp.",1,0,0,0,0.463534908096089,0,"A_Goatgrass_2023_spring_nonserpentine_network_case3_version3","3"
"Nomada_hesperia",1,0,0,0,0.531200370975398,0,"A_Goatgrass_2023_spring_nonserpentine_network_case3_version3","3"
"Nomada-mimic_Syrphidae",1,0,0,0,0.484634983509143,0,"A_Goatgrass_2023_spring_nonserpentine_network_case3_version3","3"
"Osmia_atrocyanea",1,0,0,0,0.460167838172134,0,"A_Goatgrass_2023_spring_nonserpentine_network_case3_version3","3"
"Osmia_sanctaerosae",1,0,0,0,0.540856159055073,0,"A_Goatgrass_2023_spring_nonserpentine_network_case3_version3","3"
"Panurginus_sp.",1,0,0,0,0.469465238610034,0,"A_Goatgrass_2023_spring_nonserpentine_network_case3_version3","3"
"Scaeva_affinis",1,0,0,0,0.502265318833415,0,"A_Goatgrass_2023_spring_nonserpentine_network_case3_version3","3"
"silver_moth_Lepidoptera",1,0,0,0,0.473213633207238,0,"A_Goatgrass_2023_spring_nonserpentine_network_case3_version3","3"
"Sphaerophoria_sp.",1,0,0,0,0.501533314050889,0,"A_Goatgrass_2023_spring_nonserpentine_network_case3_version3","3"
"Sphex_sp.",1,0,0,0,0.470409253295702,0,"A_Goatgrass_2023_spring_nonserpentine_network_case3_version3","3"
"Strymon_melinus",1,0,0,0,0.468320140856467,0,"A_Goatgrass_2023_spring_nonserpentine_network_case3_version3","3"
"Syrphidae",1,0,0,0,0.456607374645121,0,"A_Goatgrass_2023_spring_nonserpentine_network_case3_version3","3"
"Tachnidae",1,0,0,0,0.500145660550401,0,"A_Goatgrass_2023_spring_nonserpentine_network_case3_version3","3"
"Tetraopes_basilus",1,0,0,0,0.548116870596128,0,"A_Goatgrass_2023_spring_nonserpentine_network_case3_version3","3"
"Thysanoptera",1,0,0,0,0.500244109123128,0,"A_Goatgrass_2023_spring_nonserpentine_network_case3_version3","3"
"Acmaeodera_sp.",1,2.32263992944703e-05,0,1,2.30011201923298e-05,0,"A_Goatgrass_2023_spring_serpentine_network_case3_version2","2"
"Adela_eldorada",1,0,0,0,0.495601161031798,0,"A_Goatgrass_2023_spring_serpentine_network_case3_version2","2"
"Agapostemon_subtilior",0,8.49385142765798,0.00500005111039342,0,6.85981802515731,0.00497499522900019,"A_Goatgrass_2023_spring_serpentine_network_case3_version2","2"
"Andrena_pensilis",0,4.93138992809389,0.00500007054133711,0,0.00592426082353018,0.00225992706675287,"A_Goatgrass_2023_spring_serpentine_network_case3_version2","2"
"Andrena_plana",0,6.28265509696946,0.00500009816360172,0,0.101506449151031,0.00338075159889747,"A_Goatgrass_2023_spring_serpentine_network_case3_version2","2"
"Andrena_sp.",0,34.0688596765413,0.00499973949810435,0,34.0688716357787,0.00500023242071721,"A_Goatgrass_2023_spring_serpentine_network_case3_version2","2"
"Andrena_subchalybea",0,16.7626804202197,0.00499994314642073,0,24.2342967490872,0.00504832824295843,"A_Goatgrass_2023_spring_serpentine_network_case3_version2","2"
"Anthidium_illustre",0,8.76069496959423,0.00500005111039342,0,7.07532663756449,0.00497499522900019,"A_Goatgrass_2023_spring_serpentine_network_case3_version2","2"
"Anthophora_californica",0,4.777739279323,0.00500007054133711,0,0.00573967462542741,0.00225992706675287,"A_Goatgrass_2023_spring_serpentine_network_case3_version2","2"
"Apis_mellifera",1,0,0,0,0.498026200685662,0,"A_Goatgrass_2023_spring_serpentine_network_case3_version2","2"
"Asilidae",0,17.3015565869567,0.0049999236808684,0,17.3015631923394,0.00500022654052945,"A_Goatgrass_2023_spring_serpentine_network_case3_version2","2"
"BF1_Diptera",1,0,0,0,0.547206431998502,0,"A_Goatgrass_2023_spring_serpentine_network_case3_version2","2"
"Bombus_californicus",0,10.1860080172842,0.00499998719839954,0,10.2388451652515,0.00503097388290698,"A_Goatgrass_2023_spring_serpentine_network_case3_version2","2"
"Bombus_melanopygus",0,10.8945447956074,0.00499998719839954,0,10.9510572850674,0.00503097388290698,"A_Goatgrass_2023_spring_serpentine_network_case3_version2","2"
"Bombus_vosnesenskii",0,6.29822647456071,0.00500009816360172,0,0.101758029931434,0.00338075159889747,"A_Goatgrass_2023_spring_serpentine_network_case3_version2","2"
"Bombylius_major",0,34.5035173009115,0.00499973093986558,0,34.5035297736354,0.00500023174171982,"A_Goatgrass_2023_spring_serpentine_network_case3_version2","2"
"Chrysis_angolensis",0,5.39819858778281,0.00500009816360172,0,0.0872166244951498,0.00338075159889747,"A_Goatgrass_2023_spring_serpentine_network_case3_version2","2"
"Diabrotica_undecimpunctata",1,0,0,0,0.486597001942153,0,"A_Goatgrass_2023_spring_serpentine_network_case3_version2","2"
"Elateridae",0,5.65625025824965,0.00500007054133711,0,0.00679506230547558,0.00225992706675287,"A_Goatgrass_2023_spring_serpentine_network_case3_version2","2"
"Eristalis_hirta",1,0,0,0,0.486263046058017,0,"A_Goatgrass_2023_spring_serpentine_network_case3_version2","2"
"Eucera_actuosa",0,17.1917747614801,0.0049999236808684,0,17.1917813284513,0.00500022654052945,"A_Goatgrass_2023_spring_serpentine_network_case3_version2","2"
"Halictus_tripartitus",0,5.79496510649668,0.00500008602036784,0,0.0254361489970561,0.00282033933282517,"A_Goatgrass_2023_spring_serpentine_network_case3_version2","2"
"Heliolonche_modiella",0,13.3220654354719,0.00499995524803074,0,15.1736722454601,0.0050396510629327,"A_Goatgrass_2023_spring_serpentine_network_case3_version2","2"
"Helithodes_dimutiva",0,9.35873364462732,0.00500001533742162,0,8.40202053425338,0.00500298455595358,"A_Goatgrass_2023_spring_serpentine_network_case3_version2","2"
"Listrus_sp._1",0,5.33610702958101,0.00500008602036784,0,0.0234220587949072,0.00282033933282517,"A_Goatgrass_2023_spring_serpentine_network_case3_version2","2"
"Malachius_sp.",0,3.90640345078457,0.00500009801197209,0,0.00136981833543698,0.00169037579944874,"A_Goatgrass_2023_spring_serpentine_network_case3_version2","2"
"Nomada_hesperia",0,17.2988698783454,0.00499993545320242,0,6.5151108350846,0.00460244672607314,"A_Goatgrass_2023_spring_serpentine_network_case3_version2","2"
"Nomada-mimic_Syrphidae",0,11.5197066247027,0.00499994127753996,0,0.0965971327899464,0.00320824613797037,"A_Goatgrass_2023_spring_serpentine_network_case3_version2","2"
"Osmia_atrocyanea",0,5.18062045802888,0.00500008602036784,0,0.0227395733047679,0.00282033933282517,"A_Goatgrass_2023_spring_serpentine_network_case3_version2","2"
"Osmia_sanctaerosae",0,8.02064995346414,0.00500005603437673,0,0.23297296318436,0.00361746114787653,"A_Goatgrass_2023_spring_serpentine_network_case3_version2","2"
"Panurginus_sp.",0,6.96195519130956,0.00500005603437673,0,0.202221433406877,0.00361746114787653,"A_Goatgrass_2023_spring_serpentine_network_case3_version2","2"
"Scaeva_affinis",0,25.0002227135744,0.00499990918513199,0,53.9582726388043,0.00504664503454442,"A_Goatgrass_2023_spring_serpentine_network_case3_version2","2"
"silver_moth_Lepidoptera",0,3.53218586675053,0.00500007031383001,1,0,0.00112996353337643,"A_Goatgrass_2023_spring_serpentine_network_case3_version2","2"
"Sphaerophoria_sp.",0,39.5862354760763,0.00499969844222096,0,50.518603130221,0.00500657418640468,"A_Goatgrass_2023_spring_serpentine_network_case3_version2","2"
"Sphex_sp.",0,22.3130556659168,0.0049997635479002,0,7.93390183090196,0.00467152182183672,"A_Goatgrass_2023_spring_serpentine_network_case3_version2","2"
"Strymon_melinus",0,10.6365688612576,0.00499995366770193,0,0.437618292575156,0.00381582205294924,"A_Goatgrass_2023_spring_serpentine_network_case3_version2","2"
"Syrphidae",0,50.8085858271814,0.00499954104883984,0,74.4155331894725,0.0050071417356531,"A_Goatgrass_2023_spring_serpentine_network_case3_version2","2"
"Tachnidae",0,18.5190548180536,0.00499991840870884,0,3.70289312128508,0.00434604775468717,"A_Goatgrass_2023_spring_serpentine_network_case3_version2","2"
"Tetraopes_basilus",0,41.8207710308354,0.00499973619079907,0,88.6019086507332,0.00503829046589124,"A_Goatgrass_2023_spring_serpentine_network_case3_version2","2"
"Thysanoptera",0,48.7753352869462,0.00499955447716767,0,65.6153283090354,0.00501284919371799,"A_Goatgrass_2023_spring_serpentine_network_case3_version2","2"
"Acmaeodera_sp.",0,2.10140768086561,0.00500015379755672,0,0.00644270618477983,0.00256111450748012,"A_Goatgrass_2024_spring_full_network_case3_version1","1"
"Adela_eldorada",0,2.35733026670592,0.00500015379755672,0,0.0072273392855243,0.00256111450748012,"A_Goatgrass_2024_spring_full_network_case3_version1","1"
"Andrena_dissona",0,6.17167037490551,0.00500013704023567,0,0.336118004967963,0.00408066559006247,"A_Goatgrass_2024_spring_full_network_case3_version1","1"
"Andrena_pallidifovea",0,2.15923996658042,0.00500015379755672,0,0.00662001420128567,0.00256111450748012,"A_Goatgrass_2024_spring_full_network_case3_version1","1"
"Andrena_pensilis",0,2.11898035049302,0.00500015379755672,0,0.0064965822361947,0.00256111450748012,"A_Goatgrass_2024_spring_full_network_case3_version1","1"
"Andrena_sp.",0,29.597404861468,0.00500011190028393,0,29.5973652160285,0.00500024124661312,"A_Goatgrass_2024_spring_full_network_case3_version1","1"
"Andrena_subchalybea",0,6.09083996277559,0.00500013704023567,0,0.331715865054961,0.00408066559006247,"A_Goatgrass_2024_spring_full_network_case3_version1","1"
"Anthophora_californica",0,2.25829491631037,0.00500015379755672,0,0.00692370678814472,0.00256111450748012,"A_Goatgrass_2024_spring_full_network_case3_version1","1"
"Anthrenus_sp.",0,6.05366509774687,0.00500014651936149,0,3.67999817369069,0.00475580444345856,"A_Goatgrass_2024_spring_full_network_case3_version1","1"
"Apis_mellifera",0,2.10353759104179,0.00500015379755672,0,0.00644923627641072,0.00256111450748012,"A_Goatgrass_2024_spring_full_network_case3_version1","1"
"BF1_Diptera",0,13.339180005787,0.00500012720072858,0,2.56900682771808,0.00454963484167304,"A_Goatgrass_2024_spring_full_network_case3_version1","1"
"BF3_Diptera",0,2.11757193866041,0.00500015379755672,0,0.00649226418603855,0.00256111450748012,"A_Goatgrass_2024_spring_full_network_case3_version1","1"
"blue_beetle_Coleoptera",0,2.21503593048099,0.00500015379755672,0,0.00679107905457766,0.00256111450748012,"A_Goatgrass_2024_spring_full_network_case3_version1","1"
"Bombus_californicus",0,2.44475495106207,0.00500015379755672,0,0.00749537464243031,0.00256111450748012,"A_Goatgrass_2024_spring_full_network_case3_version1","1"
"Bombus_melanopygus",0,2.26089173789483,0.00500015379755672,0,0.0069316683841703,0.00256111450748012,"A_Goatgrass_2024_spring_full_network_case3_version1","1"
"Bombus_vosnesenskii",0,2.22780255277339,0.00500015379755672,0,0.00683022024542605,0.00256111450748012,"A_Goatgrass_2024_spring_full_network_case3_version1","1"
"Bombylius_major",0,2.25171977079958,0.00500015379755672,0,0.00690354805073358,0.00256111450748012,"A_Goatgrass_2024_spring_full_network_case3_version1","1"
"Calypte_anna",0,6.56250538641613,0.00500013704023567,0,0.357403439467553,0.00408066559006247,"A_Goatgrass_2024_spring_full_network_case3_version1","1"
"Chrysoperla_sp.",0,6.14842673261252,0.00500013704023567,0,0.334852122808927,0.00408066559006247,"A_Goatgrass_2024_spring_full_network_case3_version1","1"
"Coenonympha_californica",0,5.02209505161856,0.00500014735881286,0,0.17294241634216,0.00365845947546934,"A_Goatgrass_2024_spring_full_network_case3_version1","1"
"Cyrtopogon_sp.",0,4.41003465112959,0.00500013921962928,0,0.0466877334155355,0.0033208900487713,"A_Goatgrass_2024_spring_full_network_case3_version1","1"
"Elateridae",0,4.49707188695183,0.00500014735881286,0,0.154862556417105,0.00365845947546934,"A_Goatgrass_2024_spring_full_network_case3_version1","1"
"Eucera_actuosa",0,4.84642598121682,0.00500014735881286,0,0.166893021864211,0.00365845947546934,"A_Goatgrass_2024_spring_full_network_case3_version1","1"
"Euopeodes_fumipennis",0,4.89420557970156,0.00500014735881286,0,0.168538374971672,0.00365845947546934,"A_Goatgrass_2024_spring_full_network_case3_version1","1"
"Glaucophysche_lygdamus",0,10.3141262844018,0.00500012900082694,0,0.928716532250586,0.00431515021586775,"A_Goatgrass_2024_spring_full_network_case3_version1","1"
"Heliolonche_modiella",0,9.83201234352042,0.00500013509941618,0,0.478070854152806,0.00372334791456447,"A_Goatgrass_2024_spring_full_network_case3_version1","1"
"Helithodes_dimutiva",0,33.1535808619204,0.00500011666243877,0,55.2431756634804,0.00502645939916193,"A_Goatgrass_2024_spring_full_network_case3_version1","1"
"Listrus_sp._1",0,31.3342487378854,0.0050001106972897,0,65.7461201443482,0.00500024416737058,"A_Goatgrass_2024_spring_full_network_case3_version1","1"
"Malachius_sp.",0,10.3929527051406,0.00500012900087573,0,0.935814311974743,0.00431515021586775,"A_Goatgrass_2024_spring_full_network_case3_version1","1"
"Nomada_hesperia",0,4.50418951388831,0.00500014735881781,0,0.155107661204297,0.00365845947546934,"A_Goatgrass_2024_spring_full_network_case3_version1","1"
"Nomada_obscurella",0,33.0607813828632,0.00500011245623753,0,54.4828876214454,0.00502563593546076,"A_Goatgrass_2024_spring_full_network_case3_version1","1"
"Osmia_nemoris",0,24.2087005398186,0.00500011109163337,0,5.8855177992455,0.00451424691646889,"A_Goatgrass_2024_spring_full_network_case3_version1","1"
"Panurginus_sp.",0,12.6728884283446,0.00500013177862598,0,20.9834642965034,0.00506406505844922,"A_Goatgrass_2024_spring_full_network_case3_version1","1"
"red_Pterophoridae",0,8.99394913867222,0.00500013542383054,0,0.435979098786527,0.00384245380639713,"A_Goatgrass_2024_spring_full_network_case3_version1","1"
"SAB_black_Syrphid",0,5.70503857771349,0.00500014286504897,0,0.226411099165088,0.00379919484700038,"A_Goatgrass_2024_spring_full_network_case3_version1","1"
"Scaeva_affinis",0,13.1144178456324,0.00500013272770459,0,24.1277702253893,0.00500457047951575,"A_Goatgrass_2024_spring_full_network_case3_version1","1"
"Sphaerophoria_sp.",0,11.1781139914411,0.00500013229801258,0,5.35197879962591,0.00473626523565363,"A_Goatgrass_2024_spring_full_network_case3_version1","1"
"Syrphidae",0,8.70901992359989,0.00500013723608989,0,0.953577987591627,0.0040675000908625,"A_Goatgrass_2024_spring_full_network_case3_version1","1"
"Tachnidae",0,18.188053612841,0.00500012752792502,0,32.3176466298904,0.00501709906669205,"A_Goatgrass_2024_spring_full_network_case3_version1","1"
"Xylocopa_sonorina",0,16.3573989835105,0.0050001283841462,0,34.6244113839027,0.00506864146713843,"A_Goatgrass_2024_spring_full_network_case3_version1","1"
"Xylocopa_sp.",0,35.5786994566121,0.00500011187166222,0,104.859128485817,0.00505135745400208,"A_Goatgrass_2024_spring_full_network_case3_version1","1"
"Acmaeodera_sp.",1,2.06031188459346e-05,0,1,2.01723709080159e-05,0,"A_Goatgrass_2024_spring_nonserpentine_network_case3_version3","3"
"Adela_eldorada",1,0,0,0,0.50821170730433,0,"A_Goatgrass_2024_spring_nonserpentine_network_case3_version3","3"
"Andrena_dissona",1,0,0,0,0.51416466388114,0,"A_Goatgrass_2024_spring_nonserpentine_network_case3_version3","3"
"Andrena_pallidifovea",1,0,0,0,0.465505850322314,0,"A_Goatgrass_2024_spring_nonserpentine_network_case3_version3","3"
"Andrena_pensilis",1,0,0,0,0.45682636713927,0,"A_Goatgrass_2024_spring_nonserpentine_network_case3_version3","3"
"Andrena_sp.",1,0,0,0,0.480752509707004,0,"A_Goatgrass_2024_spring_nonserpentine_network_case3_version3","3"
"Andrena_subchalybea",1,0,0,0,0.507430645617391,0,"A_Goatgrass_2024_spring_nonserpentine_network_case3_version3","3"
"Anthophora_californica",1,0,0,0,0.486860891495301,0,"A_Goatgrass_2024_spring_nonserpentine_network_case3_version3","3"
"Anthrenus_sp.",1,0,0,0,0.471003361521756,0,"A_Goatgrass_2024_spring_nonserpentine_network_case3_version3","3"
"Apis_mellifera",1,0,0,0,0.453497096152742,0,"A_Goatgrass_2024_spring_nonserpentine_network_case3_version3","3"
"BF1_Diptera",1,0,0,0,0.525695039134331,0,"A_Goatgrass_2024_spring_nonserpentine_network_case3_version3","3"
"BF3_Diptera",1,0,0,0,0.456522730694396,0,"A_Goatgrass_2024_spring_nonserpentine_network_case3_version3","3"
"blue_beetle_Coleoptera",1,0,0,0,0.477534780710719,0,"A_Goatgrass_2024_spring_nonserpentine_network_case3_version3","3"
"Bombus_californicus",1,0,0,0,0.527059405053528,0,"A_Goatgrass_2024_spring_nonserpentine_network_case3_version3","3"
"Bombus_melanopygus",1,0,0,0,0.487420734640872,0,"A_Goatgrass_2024_spring_nonserpentine_network_case3_version3","3"
"Bombus_vosnesenskii",1,0,0,0,0.480287109143234,0,"A_Goatgrass_2024_spring_nonserpentine_network_case3_version3","3"
"Bombylius_major",1,0,0,0,0.485443370340133,0,"A_Goatgrass_2024_spring_nonserpentine_network_case3_version3","3"
"Calypte_anna",1,0,0,0,0.546725306611846,0,"A_Goatgrass_2024_spring_nonserpentine_network_case3_version3","3"
"Chrysoperla_sp.",1,0,0,0,0.512228225293676,0,"A_Goatgrass_2024_spring_nonserpentine_network_case3_version3","3"
"Coenonympha_californica",1,0,0,0,0.519782510804843,0,"A_Goatgrass_2024_spring_nonserpentine_network_case3_version3","3"
"Cyrtopogon_sp.",1,0,0,0,0.484659096987294,0,"A_Goatgrass_2024_spring_nonserpentine_network_case3_version3","3"
"Elateridae",1,0,0,0,0.465443065443748,0,"A_Goatgrass_2024_spring_nonserpentine_network_case3_version3","3"
"Eucera_actuosa",1,0,0,0,0.501600913075544,0,"A_Goatgrass_2024_spring_nonserpentine_network_case3_version3","3"
"Euopeodes_fumipennis",1,0,0,0,0.506546060674147,0,"A_Goatgrass_2024_spring_nonserpentine_network_case3_version3","3"
"Glaucophysche_lygdamus",1,0,0,0,0.519641750384887,0,"A_Goatgrass_2024_spring_nonserpentine_network_case3_version3","3"
"Heliolonche_modiella",1,0,0,0,0.518898718789638,0,"A_Goatgrass_2024_spring_nonserpentine_network_case3_version3","3"
"Helithodes_dimutiva",1,0,0,0,0.530766697451829,0,"A_Goatgrass_2024_spring_nonserpentine_network_case3_version3","3"
"Listrus_sp._1",1,0,0,0,0.495884072895108,0,"A_Goatgrass_2024_spring_nonserpentine_network_case3_version3","3"
"Malachius_sp.",1,0,0,0,0.523613148077211,0,"A_Goatgrass_2024_spring_nonserpentine_network_case3_version3","3"
"Nomada_hesperia",1,0,0,0,0.46617973368437,0,"A_Goatgrass_2024_spring_nonserpentine_network_case3_version3","3"
"Nomada_obscurella",1,0,0,0,0.482784033209451,0,"A_Goatgrass_2024_spring_nonserpentine_network_case3_version3","3"
"Osmia_nemoris",1,0,0,0,0.451246151235535,0,"A_Goatgrass_2024_spring_nonserpentine_network_case3_version3","3"
"Panurginus_sp.",1,0,0,0,0.494063815634727,0,"A_Goatgrass_2024_spring_nonserpentine_network_case3_version3","3"
"red_Pterophoridae",1,0,0,0,0.53054937286328,0,"A_Goatgrass_2024_spring_nonserpentine_network_case3_version3","3"
"SAB_black_Syrphid",1,0,0,0,0.543309713151916,0,"A_Goatgrass_2024_spring_nonserpentine_network_case3_version3","3"
"Scaeva_affinis",1,0,0,0,0.506348944248794,0,"A_Goatgrass_2024_spring_nonserpentine_network_case3_version3","3"
"Sphaerophoria_sp.",1,0,0,0,0.50670598948221,0,"A_Goatgrass_2024_spring_nonserpentine_network_case3_version3","3"
"Syrphidae",1,0,0,0,0.507565227503686,0,"A_Goatgrass_2024_spring_nonserpentine_network_case3_version3","3"
"Tachnidae",1,0,0,0,0.548778654448119,0,"A_Goatgrass_2024_spring_nonserpentine_network_case3_version3","3"
"Xylocopa_sonorina",1,0,0,0,0.522845309541023,0,"A_Goatgrass_2024_spring_nonserpentine_network_case3_version3","3"
"Xylocopa_sp.",1,0,0,0,0.46111745597381,0,"A_Goatgrass_2024_spring_nonserpentine_network_case3_version3","3"
"Acmaeodera_sp.",1,2.06950064476374e-05,0,1,2.05233596020146e-05,0,"A_Goatgrass_2024_spring_serpentine_network_case3_version2","2"
"Adela_eldorada",0,2.30021816691046,0.00500013575610539,0,0.00896403636663324,0.00271032754193645,"A_Goatgrass_2024_spring_serpentine_network_case3_version2","2"
"Andrena_dissona",0,2.32716185721543,0.00500013575610539,0,0.0090690369372852,0.00271032754193645,"A_Goatgrass_2024_spring_serpentine_network_case3_version2","2"
"Andrena_pallidifovea",1,0,0,0,0.465505850322314,0,"A_Goatgrass_2024_spring_serpentine_network_case3_version2","2"
"Andrena_pensilis",0,2.06764286161599,0.00500013575610539,0,0.00805768168937183,0.00271032754193645,"A_Goatgrass_2024_spring_serpentine_network_case3_version2","2"
"Andrena_sp.",1,0,0,0,0.480752509707004,0,"A_Goatgrass_2024_spring_serpentine_network_case3_version2","2"
"Andrena_subchalybea",0,2.29668300179021,0.00500013575610539,0,0.00895025969590513,0.00271032754193645,"A_Goatgrass_2024_spring_serpentine_network_case3_version2","2"
"Anthophora_californica",0,32.0857295850361,0.00499984807112334,0,32.0857408342824,0.00500023256328813,"A_Goatgrass_2024_spring_serpentine_network_case3_version2","2"
"Anthrenus_sp.",1,0,0,0,0.471003361521756,0,"A_Goatgrass_2024_spring_serpentine_network_case3_version2","2"
"Apis_mellifera",0,34.3376234171802,0.00499984287002794,0,34.3376355862564,0.00500023203113369,"A_Goatgrass_2024_spring_serpentine_network_case3_version2","2"
"BF1_Diptera",0,2.37934951494851,0.00500013575610539,0,0.00927241419438413,0.00271032754193645,"A_Goatgrass_2024_spring_serpentine_network_case3_version2","2"
"BF3_Diptera",0,5.96750676639518,0.00500004681249619,0,4.97608214817764,0.00493708707598937,"A_Goatgrass_2024_spring_serpentine_network_case3_version2","2"
"blue_beetle_Coleoptera",1,0,0,0,0.477534780710719,0,"A_Goatgrass_2024_spring_serpentine_network_case3_version2","2"
"Bombus_californicus",0,2.38552477464539,0.00500013575610539,0,0.00929647941277175,0.00271032754193645,"A_Goatgrass_2024_spring_serpentine_network_case3_version2","2"
"Bombus_melanopygus",0,2.20611609815072,0.00500013575610539,0,0.00859731707949006,0.00271032754193645,"A_Goatgrass_2024_spring_serpentine_network_case3_version2","2"
"Bombus_vosnesenskii",0,2.17382857948683,0.00500013575610539,0,0.0084714914098122,0.00271032754193645,"A_Goatgrass_2024_spring_serpentine_network_case3_version2","2"
"Bombylius_major",0,2.19716634506384,0.00500013575610539,0,0.00856243955648171,0.00271032754193645,"A_Goatgrass_2024_spring_serpentine_network_case3_version2","2"
"Calypte_anna",0,2.47453465652373,0.00500013575610539,0,0.00964335425699421,0.00271032754193645,"A_Goatgrass_2024_spring_serpentine_network_case3_version2","2"
"Chrysoperla_sp.",0,2.31839733810211,0.00500013575610539,0,0.00903488127795803,0.00271032754193645,"A_Goatgrass_2024_spring_serpentine_network_case3_version2","2"
"Coenonympha_californica",0,2.35258880695308,0.00500013575610539,0,0.0091681267130122,0.00271032754193645,"A_Goatgrass_2024_spring_serpentine_network_case3_version2","2"
"Cyrtopogon_sp.",1,0,0,0,0.484659096987294,0,"A_Goatgrass_2024_spring_serpentine_network_case3_version2","2"
"Elateridae",1,0,0,0,0.465443065443748,0,"A_Goatgrass_2024_spring_serpentine_network_case3_version2","2"
"Eucera_actuosa",0,4.90635705771397,0.00500005633885843,0,0.219927416700341,0.00382370730896291,"A_Goatgrass_2024_spring_serpentine_network_case3_version2","2"
"Euopeodes_fumipennis",0,1.62114402528572,0.00500013556447355,1,0,0.00135516377096823,"A_Goatgrass_2024_spring_serpentine_network_case3_version2","2"
"Glaucophysche_lygdamus",0,5.08282162782464,0.00500005633885843,0,0.227837439669282,0.00382370730896291,"A_Goatgrass_2024_spring_serpentine_network_case3_version2","2"
"Heliolonche_modiella",0,5.07555374199673,0.00500005633885843,0,0.227511656731701,0.00382370730896291,"A_Goatgrass_2024_spring_serpentine_network_case3_version2","2"
"Helithodes_dimutiva",0,5.19163913828957,0.00500005633885843,0,0.232715183719511,0.00382370730896291,"A_Goatgrass_2024_spring_serpentine_network_case3_version2","2"
"Listrus_sp._1",0,11.3187556322619,0.00499995115903922,0,0.979507885812451,0.00391364453669758,"A_Goatgrass_2024_spring_serpentine_network_case3_version2","2"
"Malachius_sp.",0,62.2366438455623,0.00499980002788492,0,62.2363726191169,0.00500023564421291,"A_Goatgrass_2024_spring_serpentine_network_case3_version2","2"
"Nomada_hesperia",0,4.55988848293808,0.00500005633885843,0,0.204396965545107,0.00382370730896291,"A_Goatgrass_2024_spring_serpentine_network_case3_version2","2"
"Nomada_obscurella",0,32.6721751104871,0.0049998408456294,0,32.5761007626864,0.00500024131024843,"A_Goatgrass_2024_spring_serpentine_network_case3_version2","2"
"Osmia_nemoris",0,24.9227585509261,0.00499983708337279,0,4.17789698128152,0.00435665111075626,"A_Goatgrass_2024_spring_serpentine_network_case3_version2","2"
"Panurginus_sp.",0,12.6227608996405,0.00499993706783976,0,18.7506779993898,0.00499946939990218,"A_Goatgrass_2024_spring_serpentine_network_case3_version2","2"
"red_Pterophoridae",0,17.8418924066726,0.00499990972584828,0,26.0802549987931,0.00501693261015793,"A_Goatgrass_2024_spring_serpentine_network_case3_version2","2"
"SAB_black_Syrphid",0,10.1255323704767,0.00499995115363308,0,0.0305042808721545,0.00260909635779839,"A_Goatgrass_2024_spring_serpentine_network_case3_version2","2"
"Scaeva_affinis",0,4.04389571279251,0.00500005631149957,0,0.0104228309276077,0.00254913820597527,"A_Goatgrass_2024_spring_serpentine_network_case3_version2","2"
"Sphaerophoria_sp.",0,14.1122037499169,0.00499994162602651,0,34.6105563107286,0.00503863344375436,"A_Goatgrass_2024_spring_serpentine_network_case3_version2","2"
"Syrphidae",0,10.5880622320386,0.00499993706348034,0,0.204430954355514,0.00333297959993479,"A_Goatgrass_2024_spring_serpentine_network_case3_version2","2"
"Tachnidae",0,11.0342877986787,0.00499996463811894,0,1.91553961635521,0.00425479204979484,"A_Goatgrass_2024_spring_serpentine_network_case3_version2","2"
"Xylocopa_sonorina",0,15.6060212706624,0.00499991630293779,0,17.6367428953737,0.00499697122661579,"A_Goatgrass_2024_spring_serpentine_network_case3_version2","2"
"Xylocopa_sp.",0,39.1492644757465,0.00499983718556661,0,120.382242048128,0.00504847722376098,"A_Goatgrass_2024_spring_serpentine_network_case3_version2","2"
"Anthophora_californica",0,6.58951964572105,0.00500016477464586,0,0.577376546810506,0.00440701788858395,"A_Hill_Base_2022_spring_full_network_case3_version1","1"
"Apis_mellifera",0,7.31837916052351,0.00500016477464586,0,0.641239531130548,0.00440701788858395,"A_Hill_Base_2022_spring_full_network_case3_version1","1"
"Bombus_vosnesenskii",0,7.26609140878061,0.00500016477464586,0,0.636658055845085,0.00440701788858395,"A_Hill_Base_2022_spring_full_network_case3_version1","1"
"Hippodamia_convergens",0,13.0475645354623,0.00500016396179421,0,3.90570000048334,0.00464505967873522,"A_Hill_Base_2022_spring_full_network_case3_version1","1"
"Scaeva_affinis",0,12.5523205653257,0.00500016396181294,0,3.75745207548124,0.00464505967873522,"A_Hill_Base_2022_spring_full_network_case3_version1","1"
"Trichodes_ornatus",0,9.87114663845452,0.00500016358111507,0,77.3363978450774,0.00504970613047704,"A_Hill_Base_2022_spring_full_network_case3_version1","1"
"Anthophora_californica",1,2.07005591109773e-05,0,1,2.0890394822806e-05,0,"A_Hill_Base_2022_spring_nonserpentine_network_case3_version3","3"
"Apis_mellifera",1,0,0,0,0.50344498411447,0,"A_Hill_Base_2022_spring_nonserpentine_network_case3_version3","3"
"Bombus_vosnesenskii",1,0,0,0,0.499848011904325,0,"A_Hill_Base_2022_spring_nonserpentine_network_case3_version3","3"
"Hippodamia_convergens",0,9.59817718915324,0.00500029023894226,0,9.59817360795039,0.00500030650667487,"A_Hill_Base_2022_spring_nonserpentine_network_case3_version3","3"
"Scaeva_affinis",0,9.23386097096656,0.00500029023894226,0,9.23385752569111,0.00500030650667487,"A_Hill_Base_2022_spring_nonserpentine_network_case3_version3","3"
"Trichodes_ornatus",0,8.89304915432789,0.00500029023894226,0,8.89304583621559,0.00500030650667487,"A_Hill_Base_2022_spring_nonserpentine_network_case3_version3","3"
"Anthophora_californica",1,2.03958989546731e-05,5.08486775727628e-15,1,2.06207154555578e-05,0,"A_Hill_Base_2022_spring_serpentine_network_case3_version2","2"
"Apis_mellifera",1,0,5.08486775727628e-15,0,0.50344498411447,0,"A_Hill_Base_2022_spring_serpentine_network_case3_version2","2"
"Bombus_vosnesenskii",1,0,5.08486775727628e-15,0,0.499848011904325,0,"A_Hill_Base_2022_spring_serpentine_network_case3_version2","2"
"Hippodamia_convergens",1,0,5.08486775727628e-15,0,0.545536075996019,0,"A_Hill_Base_2022_spring_serpentine_network_case3_version2","2"
"Scaeva_affinis",1,0,5.08486775727628e-15,0,0.524829265091023,0,"A_Hill_Base_2022_spring_serpentine_network_case3_version2","2"
"Trichodes_ornatus",0,30.304075681771,0.00500023103103032,0,30.2058692109578,0.00500023858095335,"A_Hill_Base_2022_spring_serpentine_network_case3_version2","2"
"Adela_trigrapha",0,3.3576189262969,0.00500028061634763,0,0.00753997979338395,0.00241456518074182,"A_Long_2022_spring_full_network_case3_version1","1"
"Andrena chalybioides",0,2.9223116585534,0.00500028061634763,0,0.00656243943423353,0.00241456518074182,"A_Long_2022_spring_full_network_case3_version1","1"
"Andrena_baeriae",0,3.115069607226,0.00500028061634763,0,0.00699530304465857,0.00241456518074182,"A_Long_2022_spring_full_network_case3_version1","1"
"Andrena_duboisi",0,2.87352679019635,0.00500028061634763,0,0.00645288652797938,0.00241456518074182,"A_Long_2022_spring_full_network_case3_version1","1"
"Andrena_pensilis",0,2.85990702200398,0.00500028061634763,0,0.00642230152669176,0.00241456518074182,"A_Long_2022_spring_full_network_case3_version1","1"
"Andrena_sp.",0,3.82967242251343,0.00500028079285637,0,0.0119783601889821,0.00256364360133074,"A_Long_2022_spring_full_network_case3_version1","1"
"Andrena_subchalybea",0,3.34204418046861,0.00500028079285637,0,0.0104531679365548,0.00256364360133074,"A_Long_2022_spring_full_network_case3_version1","1"
"Anthophora_californica",0,37.7442816631179,0.00500027715896983,0,37.7456017464417,0.00500024218322093,"A_Long_2022_spring_full_network_case3_version1","1"
"Apis_mellifera",0,2.93507617310286,0.00500028061634763,0,0.00659110385233456,0.00241456518074182,"A_Long_2022_spring_full_network_case3_version1","1"
"blue_red_stripe_moth_Lepidoptera",0,18.8101032501704,0.00500027828635346,0,4.63500478644038,0.0047245349390519,"A_Long_2022_spring_full_network_case3_version1","1"
"Bombus_melanopygus",0,3.85276909705125,0.00500028079285637,0,0.0120506014299224,0.00256364360133074,"A_Long_2022_spring_full_network_case3_version1","1"
"Bombus_vosnesenskii",0,3.29769123574466,0.00500028079285637,0,0.0103144418275025,0.00256364360133074,"A_Long_2022_spring_full_network_case3_version1","1"
"Bombylius_major",0,3.56280616123198,0.00500028079285637,0,0.0111436621179266,0.00256364360133074,"A_Long_2022_spring_full_network_case3_version1","1"
"Chrysis_angolensis",0,5.44313272575507,0.00500028007669471,0,0.0150231981469615,0.00260634513562698,"A_Long_2022_spring_full_network_case3_version1","1"
"Chrysoperla_sp.",0,2.91977774523521,0.00500028061634763,0,0.00655674919783547,0.00241456518074182,"A_Long_2022_spring_full_network_case3_version1","1"
"Colias_eurytheme",0,7.40133616993497,0.00500027923924905,0,15.3770089037787,0.00503192372536848,"A_Long_2022_spring_full_network_case3_version1","1"
"Conophorus_fenestratus",0,4.94568869323739,0.00500028007669471,0,0.0136502387457995,0.00260634513562698,"A_Long_2022_spring_full_network_case3_version1","1"
"Curculionidae",0,30.261166310702,0.00500027932747468,0,30.2622264136911,0.00500024377201274,"A_Long_2022_spring_full_network_case3_version1","1"
"Cyrtopogon_sp.",0,7.36714330840222,0.00500027923924905,0,15.3059698427181,0.00503192372536848,"A_Long_2022_spring_full_network_case3_version1","1"
"Diabrotica_undecimpunctata",0,3.22767858910483,0.00500028079285637,0,0.0100954579062992,0.00256364360133074,"A_Long_2022_spring_full_network_case3_version1","1"
"Diadasia_nigrifrons",0,3.10411767116564,0.00500028061634763,0,0.00697070901447158,0.00241456518074182,"A_Long_2022_spring_full_network_case3_version1","1"
"Elateridae",0,27.0355096432834,0.00500028015462637,0,27.0364561717346,0.00500024404408021,"A_Long_2022_spring_full_network_case3_version1","1"
"Eucera_actuosa",0,15.3126769701514,0.00500027813089023,0,0.338545704046587,0.0034956117678494,"A_Long_2022_spring_full_network_case3_version1","1"
"Eucera_frater_albopilosa",0,2.95133406116094,0.00500028061634763,0,0.00662761309944145,0.00241456518074182,"A_Long_2022_spring_full_network_case3_version1","1"
"Euopeodes_fumipennis",0,5.98365292061435,0.00500027943849695,0,0.342032990811005,0.00372324445305515,"A_Long_2022_spring_full_network_case3_version1","1"
"Glaucophysche_lygdamus",0,16.6693198927042,0.00500027862334686,0,37.6273712141426,0.00508613148760566,"A_Long_2022_spring_full_network_case3_version1","1"
"Habropoda_depressa",0,4.98251766958821,0.00500028028432437,0,0.0139454769442741,0.00258499436847886,"A_Long_2022_spring_full_network_case3_version1","1"
"Habropoda_trissema",0,4.89672518134039,0.00500028028425482,0,0.0137053539295712,0.00258499436847886,"A_Long_2022_spring_full_network_case3_version1","1"
"Heliolonche_modiella",0,4.93097704453985,0.00500028028453791,0,0.0138012208345719,0.00258499436847886,"A_Long_2022_spring_full_network_case3_version1","1"
"Helithodes_dimutiva",0,4.37576820275606,0.00500028028453791,0,0.0122472570351138,0.00258499436847886,"A_Long_2022_spring_full_network_case3_version1","1"
"Hippodamia_convergens",0,32.1825819204362,0.00500027816589643,0,42.1241901531892,0.00500577930624063,"A_Long_2022_spring_full_network_case3_version1","1"
"Junonia_grisea",0,34.2232800708486,0.00500027813377802,0,45.6223999007277,0.00500604374275409,"A_Long_2022_spring_full_network_case3_version1","1"
"Listrus_sp._1",0,5.76444203746235,0.00500027943832641,0,0.329502626368535,0.00372324445305515,"A_Long_2022_spring_full_network_case3_version1","1"
"Muscidae",0,12.7070943777153,0.00500027955943966,0,61.4240896482252,0.005011331723069,"A_Long_2022_spring_full_network_case3_version1","1"
"Nomada_hesperia",0,26.3043609524343,0.00500027775087704,0,3.34326167837031,0.0042410460643353,"A_Long_2022_spring_full_network_case3_version1","1"
"Osmia_cara",0,13.5381759842933,0.00500027866000854,0,0.33889578024294,0.00361963968198005,"A_Long_2022_spring_full_network_case3_version1","1"
"Osmia_sp.",0,27.3343506842905,0.0050002777846476,0,47.1913843227403,0.00505196817988135,"A_Long_2022_spring_full_network_case3_version1","1"
"Panurginus_sp.",0,15.1605202405768,0.00500027850698018,0,7.23284493662647,0.00455595824768691,"A_Long_2022_spring_full_network_case3_version1","1"
"Polistes_aurifer",0,18.6222243305156,0.00500027778821842,0,13.5307949366078,0.00477348917484264,"A_Long_2022_spring_full_network_case3_version1","1"
"Prosperpinus_clarkiae",0,22.3660001593756,0.00500027781209784,0,45.83150856473,0.00508414523034886,"A_Long_2022_spring_full_network_case3_version1","1"
"red_Braconidae",0,5.81421968198756,0.00500027968214054,0,0.138532871418591,0.00340063748744207,"A_Long_2022_spring_full_network_case3_version1","1"
"red_Diptera",0,5.38322808381362,0.0050002797652769,0,0.0671382071643137,0.00315411941076701,"A_Long_2022_spring_full_network_case3_version1","1"
"Rhaphidioptera",0,43.9291474111707,0.00500027731827751,0,102.246940337603,0.00504815715198468,"A_Long_2022_spring_full_network_case3_version1","1"
"Scaeva_affinis",0,16.4312993901962,0.00500027851961845,0,0.715526873266064,0.00389586349624801,"A_Long_2022_spring_full_network_case3_version1","1"
"silver_moth_Lepidoptera",0,44.5048544893652,0.00500027746002123,0,85.6578719735829,0.00502232099138233,"A_Long_2022_spring_full_network_case3_version1","1"
"small_brown_moth_Lepidoptera",0,28.7253539757756,0.005000277636602,0,15.905931175649,0.00478731606049842,"A_Long_2022_spring_full_network_case3_version1","1"
"Sphex_sp.",0,14.3756962717259,0.00500027861928368,0,1.81474517688179,0.00419288303022347,"A_Long_2022_spring_full_network_case3_version1","1"
"Adela_trigrapha",1,2.43834542024417e-05,0,1,2.40040283654095e-05,0,"A_Long_2022_spring_nonserpentine_network_case3_version3","3"
"Andrena chalybioides",1,0,0,0,0.467400382606965,0,"A_Long_2022_spring_nonserpentine_network_case3_version3","3"
"Andrena_baeriae",1,0,0,0,0.498230475256327,0,"A_Long_2022_spring_nonserpentine_network_case3_version3","3"
"Andrena_duboisi",1,0,0,0,0.459597633085026,0,"A_Long_2022_spring_nonserpentine_network_case3_version3","3"
"Andrena_pensilis",1,0,0,0,0.45741926003593,0,"A_Long_2022_spring_nonserpentine_network_case3_version3","3"
"Andrena_sp.",1,0,0,0,0.545503423873104,0,"A_Long_2022_spring_nonserpentine_network_case3_version3","3"
"Andrena_subchalybea",1,0,0,0,0.476045035257025,0,"A_Long_2022_spring_nonserpentine_network_case3_version3","3"
"Anthophora_californica",1,0,0,0,0.488907564822076,0,"A_Long_2022_spring_nonserpentine_network_case3_version3","3"
"Apis_mellifera",1,0,0,0,0.469441964626052,0,"A_Long_2022_spring_nonserpentine_network_case3_version3","3"
"blue_red_stripe_moth_Lepidoptera",1,0,0,0,0.511099470062693,0,"A_Long_2022_spring_nonserpentine_network_case3_version3","3"
"Bombus_melanopygus",1,0,0,0,0.548793343686868,0,"A_Long_2022_spring_nonserpentine_network_case3_version3","3"
"Bombus_vosnesenskii",1,0,0,0,0.469727345192678,0,"A_Long_2022_spring_nonserpentine_network_case3_version3","3"
"Bombylius_major",1,0,0,0,0.507490653338605,0,"A_Long_2022_spring_nonserpentine_network_case3_version3","3"
"Chrysis_angolensis",1,0,0,0,0.495410661932738,0,"A_Long_2022_spring_nonserpentine_network_case3_version3","3"
"Chrysoperla_sp.",1,0,0,0,0.466995103525461,0,"A_Long_2022_spring_nonserpentine_network_case3_version3","3"
"Colias_eurytheme",1,0,0,0,0.486704952426583,0,"A_Long_2022_spring_nonserpentine_network_case3_version3","3"
"Conophorus_fenestratus",1,0,0,0,0.450135433580789,0,"A_Long_2022_spring_nonserpentine_network_case3_version3","3"
"Curculionidae",1,0,0,0,0.526232192328308,0,"A_Long_2022_spring_nonserpentine_network_case3_version3","3"
"Cyrtopogon_sp.",1,0,0,0,0.484456461870324,0,"A_Long_2022_spring_nonserpentine_network_case3_version3","3"
"Diabrotica_undecimpunctata",1,0,0,0,0.459754654536841,0,"A_Long_2022_spring_nonserpentine_network_case3_version3","3"
"Diadasia_nigrifrons",1,0,0,0,0.496478800683505,0,"A_Long_2022_spring_nonserpentine_network_case3_version3","3"
"Elateridae",1,0,0,0,0.519203087673151,0,"A_Long_2022_spring_nonserpentine_network_case3_version3","3"
"Eucera_actuosa",1,0,0,0,0.546294522656265,0,"A_Long_2022_spring_nonserpentine_network_case3_version3","3"
"Eucera_frater_albopilosa",1,0,0,0,0.472042283845154,0,"A_Long_2022_spring_nonserpentine_network_case3_version3","3"
"Euopeodes_fumipennis",1,0,0,0,0.514664585499402,0,"A_Long_2022_spring_nonserpentine_network_case3_version3","3"
"Glaucophysche_lygdamus",1,0,0,0,0.467688488456276,0,"A_Long_2022_spring_nonserpentine_network_case3_version3","3"
"Habropoda_depressa",1,0,0,0,0.540425484623027,0,"A_Long_2022_spring_nonserpentine_network_case3_version3","3"
"Habropoda_trissema",1,0,0,0,0.531120059211329,0,"A_Long_2022_spring_nonserpentine_network_case3_version3","3"
"Heliolonche_modiella",1,0,0,0,0.534835164800675,0,"A_Long_2022_spring_nonserpentine_network_case3_version3","3"
"Helithodes_dimutiva",1,0,0,0,0.474614804948035,0,"A_Long_2022_spring_nonserpentine_network_case3_version3","3"
"Hippodamia_convergens",1,0,0,0,0.45102676162544,0,"A_Long_2022_spring_nonserpentine_network_case3_version3","3"
"Junonia_grisea",1,0,0,0,0.506782638773687,0,"A_Long_2022_spring_nonserpentine_network_case3_version3","3"
"Listrus_sp._1",1,0,0,0,0.495809869349846,0,"A_Long_2022_spring_nonserpentine_network_case3_version3","3"
"Muscidae",1,0,0,0,0.476474162855406,0,"A_Long_2022_spring_nonserpentine_network_case3_version3","3"
"Nomada_hesperia",1,0,0,0,0.501255110814821,0,"A_Long_2022_spring_nonserpentine_network_case3_version3","3"
"Osmia_cara",1,0,0,0,0.494647464689169,0,"A_Long_2022_spring_nonserpentine_network_case3_version3","3"
"Osmia_sp.",1,0,0,0,0.539939030860522,0,"A_Long_2022_spring_nonserpentine_network_case3_version3","3"
"Panurginus_sp.",1,0,0,0,0.455291672798475,0,"A_Long_2022_spring_nonserpentine_network_case3_version3","3"
"Polistes_aurifer",1,0,0,0,0.487144723970976,0,"A_Long_2022_spring_nonserpentine_network_case3_version3","3"
"Prosperpinus_clarkiae",1,0,0,0,0.541375780194707,0,"A_Long_2022_spring_nonserpentine_network_case3_version3","3"
"red_Braconidae",1,0,0,0,0.502737732442439,0,"A_Long_2022_spring_nonserpentine_network_case3_version3","3"
"red_Diptera",1,0,0,0,0.51306916007915,0,"A_Long_2022_spring_nonserpentine_network_case3_version3","3"
"Rhaphidioptera",1,0,0,0,0.453373450275219,0,"A_Long_2022_spring_nonserpentine_network_case3_version3","3"
"Scaeva_affinis",1,0,0,0,0.547578775602197,0,"A_Long_2022_spring_nonserpentine_network_case3_version3","3"
"silver_moth_Lepidoptera",1,0,0,0,0.456481546120011,0,"A_Long_2022_spring_nonserpentine_network_case3_version3","3"
"small_brown_moth_Lepidoptera",1,0,0,0,0.485345639025488,0,"A_Long_2022_spring_nonserpentine_network_case3_version3","3"
"Sphex_sp.",1,0,0,0,0.504155101372933,0,"A_Long_2022_spring_nonserpentine_network_case3_version3","3"
"Adela_trigrapha",1,2.42631640922808e-05,0,1,2.44877248679728e-05,0,"A_Long_2022_spring_serpentine_network_case3_version2","2"
"Andrena chalybioides",1,0,0,0,0.467400382606965,0,"A_Long_2022_spring_serpentine_network_case3_version2","2"
"Andrena_baeriae",1,0,0,0,0.498230475256327,0,"A_Long_2022_spring_serpentine_network_case3_version2","2"
"Andrena_duboisi",1,0,0,0,0.459597633085026,0,"A_Long_2022_spring_serpentine_network_case3_version2","2"
"Andrena_pensilis",1,0,0,0,0.45741926003593,0,"A_Long_2022_spring_serpentine_network_case3_version2","2"
"Andrena_sp.",1,0,0,0,0.545503423873104,0,"A_Long_2022_spring_serpentine_network_case3_version2","2"
"Andrena_subchalybea",0,3.09780414275696,0.00500022014623197,0,0.00775044880645178,0.0024580758596263,"A_Long_2022_spring_serpentine_network_case3_version2","2"
"Anthophora_californica",0,3.1815054618037,0.00500022014623197,0,0.00795986255834263,0.0024580758596263,"A_Long_2022_spring_serpentine_network_case3_version2","2"
"Apis_mellifera",0,3.05483547778984,0.00500022014623197,0,0.00764294477413363,0.0024580758596263,"A_Long_2022_spring_serpentine_network_case3_version2","2"
"blue_red_stripe_moth_Lepidoptera",1,0,0,0,0.511099470062693,0,"A_Long_2022_spring_serpentine_network_case3_version2","2"
"Bombus_melanopygus",1,0,0,0,0.548793343686868,0,"A_Long_2022_spring_serpentine_network_case3_version2","2"
"Bombus_vosnesenskii",0,3.05669255649543,0.00500022014623197,0,0.00764759103074223,0.0024580758596263,"A_Long_2022_spring_serpentine_network_case3_version2","2"
"Bombylius_major",1,0,0,0,0.507490653338605,0,"A_Long_2022_spring_serpentine_network_case3_version2","2"
"Chrysis_angolensis",1,0,0,0,0.495410661932738,0,"A_Long_2022_spring_serpentine_network_case3_version2","2"
"Chrysoperla_sp.",0,3.03891283211001,0.00500022014623197,0,0.00760310763623703,0.0024580758596263,"A_Long_2022_spring_serpentine_network_case3_version2","2"
"Colias_eurytheme",0,37.6643575507362,0.00500023128431482,0,37.6643427653372,0.00500023333616074,"A_Long_2022_spring_serpentine_network_case3_version2","2"
"Conophorus_fenestratus",0,2.92920061687024,0.00500022014623197,0,0.00732861678122452,0.0024580758596263,"A_Long_2022_spring_serpentine_network_case3_version2","2"
"Curculionidae",0,19.7662915771665,0.00500022866680407,0,1.30295822614935,0.00417007334078609,"A_Long_2022_spring_serpentine_network_case3_version2","2"
"Cyrtopogon_sp.",0,33.5531598264732,0.0050002319612466,0,33.5531468842668,0.00500023401333563,"A_Long_2022_spring_serpentine_network_case3_version2","2"
"Diabrotica_undecimpunctata",1,0,0,0,0.459754654536841,0,"A_Long_2022_spring_serpentine_network_case3_version2","2"
"Diadasia_nigrifrons",0,3.23077434212582,0.00500022014623197,0,0.00808312920674928,0.0024580758596263,"A_Long_2022_spring_serpentine_network_case3_version2","2"
"Elateridae",0,8.4196743429432,0.00500021739878607,0,18.4801259464744,0.00502577917476107,"A_Long_2022_spring_serpentine_network_case3_version2","2"
"Eucera_actuosa",1,0,0,0,0.546294522656265,0,"A_Long_2022_spring_serpentine_network_case3_version2","2"
"Eucera_frater_albopilosa",0,34.9376602865468,0.00500023172317859,0,34.9376466597572,0.00500023377756955,"A_Long_2022_spring_serpentine_network_case3_version2","2"
"Euopeodes_fumipennis",0,8.34607556896128,0.00500021739878607,0,18.318585898477,0.00502577917476107,"A_Long_2022_spring_serpentine_network_case3_version2","2"
"Glaucophysche_lygdamus",0,3.04342494878859,0.00500022014623197,0,0.00761439657741132,0.0024580758596263,"A_Long_2022_spring_serpentine_network_case3_version2","2"
"Habropoda_depressa",0,39.5028423303537,0.00500023028528975,0,39.5028268709227,0.00500023234242737,"A_Long_2022_spring_serpentine_network_case3_version2","2"
"Habropoda_trissema",0,13.8184365705059,0.00500022848805275,0,1.7107922594615,0.00466088322708139,"A_Long_2022_spring_serpentine_network_case3_version2","2"
"Heliolonche_modiella",0,3.48037363373771,0.00500022014623197,0,0.00870760591489964,0.0024580758596263,"A_Long_2022_spring_serpentine_network_case3_version2","2"
"Helithodes_dimutiva",0,5.86412368544984,0.00500021777998952,0,0.361124345468097,0.00374192751719368,"A_Long_2022_spring_serpentine_network_case3_version2","2"
"Hippodamia_convergens",0,15.0180704981266,0.00500022616154082,0,32.5696519215316,0.00505210398406904,"A_Long_2022_spring_serpentine_network_case3_version2","2"
"Junonia_grisea",0,28.4876554655384,0.00500023056087438,0,37.3969053594877,0.00500417788415235,"A_Long_2022_spring_serpentine_network_case3_version2","2"
"Listrus_sp._1",0,19.7486087613451,0.00500022668411579,0,27.2761399742637,0.00503027150139339,"A_Long_2022_spring_serpentine_network_case3_version2","2"
"Muscidae",0,5.46349963487305,0.00500021740800073,0,0.01913585554852,0.00251288958738053,"A_Long_2022_spring_serpentine_network_case3_version2","2"
"Nomada_hesperia",0,6.19327913323019,0.00500021778013102,0,0.381394389587005,0.00374192751719368,"A_Long_2022_spring_serpentine_network_case3_version2","2"
"Osmia_cara",0,42.3958246414231,0.00500022616871388,0,67.8372128886539,0.00500983916312396,"A_Long_2022_spring_serpentine_network_case3_version2","2"
"Osmia_sp.",0,24.0645194198149,0.0050002338388624,0,0.062255530525217,0.00260398020394243,"A_Long_2022_spring_serpentine_network_case3_version2","2"
"Panurginus_sp.",0,14.551913653412,0.00500022794445094,0,0.501315622081091,0.00396273534202356,"A_Long_2022_spring_serpentine_network_case3_version2","2"
"Polistes_aurifer",0,25.4903619964352,0.00500023113351134,0,22.1165382915112,0.00504463023164786,"A_Long_2022_spring_serpentine_network_case3_version2","2"
"Prosperpinus_clarkiae",0,16.8157223298591,0.00500022670542196,0,13.8637590341551,0.00492169706507316,"A_Long_2022_spring_serpentine_network_case3_version2","2"
"red_Braconidae",0,5.07168282978583,0.00500021778682442,0,0.0149426576500705,0.00249461834479579,"A_Long_2022_spring_serpentine_network_case3_version2","2"
"red_Diptera",0,18.3800503521453,0.00500022700066362,0,10.9597771807562,0.00490714207662272,"A_Long_2022_spring_serpentine_network_case3_version2","2"
"Rhaphidioptera",0,42.0188987673084,0.00500023090455231,0,87.8577507294164,0.00501627606350918,"A_Long_2022_spring_serpentine_network_case3_version2","2"
"Scaeva_affinis",0,18.316355849826,0.00500022817233839,0,0.738329771174107,0.00401456984171419,"A_Long_2022_spring_serpentine_network_case3_version2","2"
"silver_moth_Lepidoptera",0,47.3388950768953,0.00500023442684875,0,77.8945074440014,0.00501890753342387,"A_Long_2022_spring_serpentine_network_case3_version2","2"
"small_brown_moth_Lepidoptera",0,35.0472712388358,0.00500023262417405,0,42.8599721568555,0.00499060441051499,"A_Long_2022_spring_serpentine_network_case3_version2","2"
"Sphex_sp.",0,15.8440554819825,0.0050002271685925,0,1.45990167792557,0.00410431295001852,"A_Long_2022_spring_serpentine_network_case3_version2","2"
"Apis_mellifera",0,3.13427644061991,0.00500034681389601,0,0.293291286683671,0.00415197245307564,"A_Lower_Banana_2022_summer_full_network_case3_version1","1"
"Argynnis",0,1.72408570678224,0.00500028092071925,0,0.28024772023604,0.00458298344605052,"A_Lower_Banana_2022_summer_full_network_case3_version1","1"
"Bombus_californicus",0,6.76904572678488,0.00500050650144573,0,0.0160453013445612,0.00232904895761548,"A_Lower_Banana_2022_summer_full_network_case3_version1","1"
"Bombus_vosnesenskii",0,1.76996394179172,0.00500028092071925,0,0.287705163172725,0.00458298344605052,"A_Lower_Banana_2022_summer_full_network_case3_version1","1"
"Brachysomida_californica",0,3.46008628849134,0.00500034681389601,0,0.323779085497726,0.00415197245307564,"A_Lower_Banana_2022_summer_full_network_case3_version1","1"
"Braconidae",0,1.88638328829281,0.00500028092071925,0,0.306628965128314,0.00458298344605052,"A_Lower_Banana_2022_summer_full_network_case3_version1","1"
"brown_moth_Lepidoptera",0,1.98046342365114,0.00500028092071925,0,0.321921559542373,0.00458298344605052,"A_Lower_Banana_2022_summer_full_network_case3_version1","1"
"Calypte_anna",0,1.68839264052627,0.00500028092071925,0,0.274445862258742,0.00458298344605052,"A_Lower_Banana_2022_summer_full_network_case3_version1","1"
"Ceratina_punctigena",0,25.6430296057509,0.00500065969172743,0,15.827985165088,0.00493109585522466,"A_Lower_Banana_2022_summer_full_network_case3_version1","1"
"Colias_eurytheme",0,2.01642487291704,0.00500028092071925,0,0.327767042813243,0.00458298344605052,"A_Lower_Banana_2022_summer_full_network_case3_version1","1"
"Curculionidae",0,1.83780286070569,0.00500028092071925,0,0.298732284566272,0.00458298344605052,"A_Lower_Banana_2022_summer_full_network_case3_version1","1"
"Danaus_plexippus",0,1.76955636101054,0.00500028092071925,0,0.287638911489618,0.00458298344605052,"A_Lower_Banana_2022_summer_full_network_case3_version1","1"
"Epicauta_puncticollis",0,3.13594176259688,0.00500034681389601,0,0.293447119918636,0.00415197245307564,"A_Lower_Banana_2022_summer_full_network_case3_version1","1"
"Eristalis_stipador",0,1.82453990887331,0.00500028092071925,0,0.296576410295394,0.00458298344605052,"A_Lower_Banana_2022_summer_full_network_case3_version1","1"
"Erynnis_tristus",0,3.39255030429946,0.00500034681389601,0,0.31745937628185,0.00415197245307564,"A_Lower_Banana_2022_summer_full_network_case3_version1","1"
"Eupeodes_fumipennis",0,2.9705418822837,0.00500034681389601,0,0.277969753899831,0.00415197245307564,"A_Lower_Banana_2022_summer_full_network_case3_version1","1"
"Halictidae",0,32.7190545536984,0.00500066871464828,0,18.7810813625036,0.00495656306306944,"A_Lower_Banana_2022_summer_full_network_case3_version1","1"
"Halictus_farinosus",0,1.94604652801073,0.00500028092071925,0,0.316327141308241,0.00458298344605052,"A_Lower_Banana_2022_summer_full_network_case3_version1","1"
"Halictus_ligatus",0,1.96640845744869,0.00500028092071925,0,0.319636944450753,0.00458298344605052,"A_Lower_Banana_2022_summer_full_network_case3_version1","1"
"Halictus_tripartitus",0,7.54755527896057,0.00500050650144573,0,0.0178906752851754,0.00232904895761548,"A_Lower_Banana_2022_summer_full_network_case3_version1","1"
"Heliopetes_ericetorum",0,1.93212936809128,0.00500028092071925,0,0.314064926409022,0.00458298344605052,"A_Lower_Banana_2022_summer_full_network_case3_version1","1"
"Heliothodes_diminutivus",0,1.91798679407382,0.00500028092071925,0,0.311766070792794,0.00458298344605052,"A_Lower_Banana_2022_summer_full_network_case3_version1","1"
"Icaricia_acmon",0,3.04347143316981,0.00500034681389601,0,0.284794168476089,0.00415197245307564,"A_Lower_Banana_2022_summer_full_network_case3_version1","1"
"Junonia_grisea",0,2.95148190956246,0.00500034681389601,0,0.276186208636932,0.00415197245307564,"A_Lower_Banana_2022_summer_full_network_case3_version1","1"
"Lasioglossum_helianthi",0,9.3406943522879,0.00500051743374061,0,0.134109266108648,0.00297543706139544,"A_Lower_Banana_2022_summer_full_network_case3_version1","1"
"Lasioglossum_incompletum",0,2.0058944739341,0.00500028092071925,0,0.326055341177534,0.00458298344605052,"A_Lower_Banana_2022_summer_full_network_case3_version1","1"
"Megachile_apicalis",0,1.7264604830075,0.00500028092071925,0,0.280633736796053,0.00458298344605052,"A_Lower_Banana_2022_summer_full_network_case3_version1","1"
"Melissodes_lupina",0,2.33290478851042,0.00500032999844277,0,0.268662225409679,0.00436747794956308,"A_Lower_Banana_2022_summer_full_network_case3_version1","1"
"Melissodes_robustior",0,6.07768880077344,0.00500050783635107,0,0.184390935723481,0.00377921025372298,"A_Lower_Banana_2022_summer_full_network_case3_version1","1"
"Muscidae",0,33.6840363744497,0.00500065810761097,0,42.9869394963018,0.00499459519062064,"A_Lower_Banana_2022_summer_full_network_case3_version1","1"
"Nemognatha_scutellaris",0,5.00053422389068,0.00500049285761895,0,0.067684416466707,0.003456016201833,"A_Lower_Banana_2022_summer_full_network_case3_version1","1"
"Phycoides_mytilla",0,2.67708177700655,0.00500032999844277,0,0.308298371766254,0.00436747794956308,"A_Lower_Banana_2022_summer_full_network_case3_version1","1"
"Strymon_melinus",0,8.47924852917068,0.00500051309966298,0,0.0489028907629009,0.00265224300950546,"A_Lower_Banana_2022_summer_full_network_case3_version1","1"
"Tharsalea_xanthoides",0,2.59897428132015,0.00500032999844277,0,0.299303348195943,0.00436747794956308,"A_Lower_Banana_2022_summer_full_network_case3_version1","1"
"Trichodes_ornatus",0,6.53524581631405,0.00500050732011691,0,0.0844432042588687,0.00329582315502048,"A_Lower_Banana_2022_summer_full_network_case3_version1","1"
"Vanessa_virginiensis",0,4.68190768637246,0.00500047095474641,0,0.114576694006952,0.00368800161891388,"A_Lower_Banana_2022_summer_full_network_case3_version1","1"
"Villa_sp.",0,5.65657554967205,0.00500050285649495,0,61.4249696400682,0.00501939680783889,"A_Lower_Banana_2022_summer_full_network_case3_version1","1"
"white_moth_Lepidoptera",0,44.5317648159159,0.00500066693583758,0,92.5670850730152,0.00502154604841016,"A_Lower_Banana_2022_summer_full_network_case3_version1","1"
"Xeromelecta_californica",0,34.4080424375023,0.00500065520313913,0,80.0306625859895,0.00505463231952766,"A_Lower_Banana_2022_summer_full_network_case3_version1","1"
"Apis_mellifera",1,2.21658512309608e-05,0,1,2.21261089287947e-05,0,"A_Lower_Banana_2022_summer_nonserpentine_network_case3_version3","3"
"Argynnis",1,0,0,0,0.465934665229141,0,"A_Lower_Banana_2022_summer_nonserpentine_network_case3_version3","3"
"Bombus_californicus",1,0,0,0,0.46391850617431,0,"A_Lower_Banana_2022_summer_nonserpentine_network_case3_version3","3"
"Bombus_vosnesenskii",1,0,0,0,0.478333271633989,0,"A_Lower_Banana_2022_summer_nonserpentine_network_case3_version3","3"
"Brachysomida_californica",1,0,0,0,0.547296352450408,0,"A_Lower_Banana_2022_summer_nonserpentine_network_case3_version3","3"
"Braconidae",1,0,0,0,0.509795634010711,0,"A_Lower_Banana_2022_summer_nonserpentine_network_case3_version3","3"
"brown_moth_Lepidoptera",1,0,0,0,0.535220818028422,0,"A_Lower_Banana_2022_summer_nonserpentine_network_case3_version3","3"
"Calypte_anna",1,0,0,0,0.456288603696175,0,"A_Lower_Banana_2022_summer_nonserpentine_network_case3_version3","3"
"Ceratina_punctigena",1,0,0,0,0.542562321616599,0,"A_Lower_Banana_2022_summer_nonserpentine_network_case3_version3","3"
"Colias_eurytheme",1,0,0,0,0.544939410171909,0,"A_Lower_Banana_2022_summer_nonserpentine_network_case3_version3","3"
"Curculionidae",1,0,0,0,0.496666759274279,0,"A_Lower_Banana_2022_summer_nonserpentine_network_case3_version3","3"
"Danaus_plexippus",1,0,0,0,0.478223122809186,0,"A_Lower_Banana_2022_summer_nonserpentine_network_case3_version3","3"
"Epicauta_puncticollis",1,0,0,0,0.496025053991948,0,"A_Lower_Banana_2022_summer_nonserpentine_network_case3_version3","3"
"Eristalis_stipador",1,0,0,0,0.493082442666908,0,"A_Lower_Banana_2022_summer_nonserpentine_network_case3_version3","3"
"Erynnis_tristus",1,0,0,0,0.536613902722771,0,"A_Lower_Banana_2022_summer_nonserpentine_network_case3_version3","3"
"Eupeodes_fumipennis",1,0,0,0,0.469863061616133,0,"A_Lower_Banana_2022_summer_nonserpentine_network_case3_version3","3"
"Halictidae",1,0,0,0,0.488476582355088,0,"A_Lower_Banana_2022_summer_nonserpentine_network_case3_version3","3"
"Halictus_farinosus",1,0,0,0,0.525919641962238,0,"A_Lower_Banana_2022_summer_nonserpentine_network_case3_version3","3"
"Halictus_ligatus",1,0,0,0,0.531422459325484,0,"A_Lower_Banana_2022_summer_nonserpentine_network_case3_version3","3"
"Halictus_tripartitus",1,0,0,0,0.517273883413185,0,"A_Lower_Banana_2022_summer_nonserpentine_network_case3_version3","3"
"Heliopetes_ericetorum",1,0,0,0,0.522158525405525,0,"A_Lower_Banana_2022_summer_nonserpentine_network_case3_version3","3"
"Heliothodes_diminutivus",1,0,0,0,0.51833649066665,0,"A_Lower_Banana_2022_summer_nonserpentine_network_case3_version3","3"
"Icaricia_acmon",1,0,0,0,0.481398634394351,0,"A_Lower_Banana_2022_summer_nonserpentine_network_case3_version3","3"
"Junonia_grisea",1,0,0,0,0.466848265853174,0,"A_Lower_Banana_2022_summer_nonserpentine_network_case3_version3","3"
"Lasioglossum_helianthi",1,0,0,0,0.518804194298016,0,"A_Lower_Banana_2022_summer_nonserpentine_network_case3_version3","3"
"Lasioglossum_incompletum",1,0,0,0,0.542093566754876,0,"A_Lower_Banana_2022_summer_nonserpentine_network_case3_version3","3"
"Megachile_apicalis",1,0,0,0,0.46657644920823,0,"A_Lower_Banana_2022_summer_nonserpentine_network_case3_version3","3"
"Melissodes_lupina",1,0,0,0,0.450381842721431,0,"A_Lower_Banana_2022_summer_nonserpentine_network_case3_version3","3"
"Melissodes_robustior",1,0,0,0,0.46763061909826,0,"A_Lower_Banana_2022_summer_nonserpentine_network_case3_version3","3"
"Muscidae",1,0,0,0,0.467815184461798,0,"A_Lower_Banana_2022_summer_nonserpentine_network_case3_version3","3"
"Nemognatha_scutellaris",1,0,0,0,0.469805249441324,0,"A_Lower_Banana_2022_summer_nonserpentine_network_case3_version3","3"
"Phycoides_mytilla",1,0,0,0,0.516827360338917,0,"A_Lower_Banana_2022_summer_nonserpentine_network_case3_version3","3"
"Strymon_melinus",1,0,0,0,0.517445216173048,0,"A_Lower_Banana_2022_summer_nonserpentine_network_case3_version3","3"
"Tharsalea_xanthoides",1,0,0,0,0.501748220413806,0,"A_Lower_Banana_2022_summer_nonserpentine_network_case3_version3","3"
"Trichodes_ornatus",1,0,0,0,0.48234049483777,0,"A_Lower_Banana_2022_summer_nonserpentine_network_case3_version3","3"
"Vanessa_virginiensis",1,0,0,0,0.496696738408272,0,"A_Lower_Banana_2022_summer_nonserpentine_network_case3_version3","3"
"Villa_sp.",1,0,0,0,0.482082427820229,0,"A_Lower_Banana_2022_summer_nonserpentine_network_case3_version3","3"
"white_moth_Lepidoptera",1,0,0,0,0.459364374591673,0,"A_Lower_Banana_2022_summer_nonserpentine_network_case3_version3","3"
"Xeromelecta_californica",1,0,0,0,0.537043762247564,0,"A_Lower_Banana_2022_summer_nonserpentine_network_case3_version3","3"
"Apis_mellifera",0,3.13427644061991,0.00500034681389601,0,0.293291286683671,0.00415197245307564,"A_Lower_Banana_2022_summer_serpentine_network_case3_version2","2"
"Argynnis",0,1.72408570678224,0.00500028092071925,0,0.28024772023604,0.00458298344605052,"A_Lower_Banana_2022_summer_serpentine_network_case3_version2","2"
"Bombus_californicus",0,6.76904572678488,0.00500050650144573,0,0.0160453013445612,0.00232904895761548,"A_Lower_Banana_2022_summer_serpentine_network_case3_version2","2"
"Bombus_vosnesenskii",0,1.76996394179172,0.00500028092071925,0,0.287705163172725,0.00458298344605052,"A_Lower_Banana_2022_summer_serpentine_network_case3_version2","2"
"Brachysomida_californica",0,3.46008628849134,0.00500034681389601,0,0.323779085497726,0.00415197245307564,"A_Lower_Banana_2022_summer_serpentine_network_case3_version2","2"
"Braconidae",0,1.88638328829281,0.00500028092071925,0,0.306628965128314,0.00458298344605052,"A_Lower_Banana_2022_summer_serpentine_network_case3_version2","2"
"brown_moth_Lepidoptera",0,1.98046342365114,0.00500028092071925,0,0.321921559542373,0.00458298344605052,"A_Lower_Banana_2022_summer_serpentine_network_case3_version2","2"
"Calypte_anna",0,1.68839264052627,0.00500028092071925,0,0.274445862258742,0.00458298344605052,"A_Lower_Banana_2022_summer_serpentine_network_case3_version2","2"
"Ceratina_punctigena",0,25.6430296057509,0.00500065969172743,0,15.827985165088,0.00493109585522466,"A_Lower_Banana_2022_summer_serpentine_network_case3_version2","2"
"Colias_eurytheme",0,2.01642487291704,0.00500028092071925,0,0.327767042813243,0.00458298344605052,"A_Lower_Banana_2022_summer_serpentine_network_case3_version2","2"
"Curculionidae",0,1.83780286070569,0.00500028092071925,0,0.298732284566272,0.00458298344605052,"A_Lower_Banana_2022_summer_serpentine_network_case3_version2","2"
"Danaus_plexippus",0,1.76955636101054,0.00500028092071925,0,0.287638911489618,0.00458298344605052,"A_Lower_Banana_2022_summer_serpentine_network_case3_version2","2"
"Epicauta_puncticollis",0,3.13594176259688,0.00500034681389601,0,0.293447119918636,0.00415197245307564,"A_Lower_Banana_2022_summer_serpentine_network_case3_version2","2"
"Eristalis_stipador",0,1.82453990887331,0.00500028092071925,0,0.296576410295394,0.00458298344605052,"A_Lower_Banana_2022_summer_serpentine_network_case3_version2","2"
"Erynnis_tristus",0,3.39255030429946,0.00500034681389601,0,0.31745937628185,0.00415197245307564,"A_Lower_Banana_2022_summer_serpentine_network_case3_version2","2"
"Eupeodes_fumipennis",0,2.9705418822837,0.00500034681389601,0,0.277969753899831,0.00415197245307564,"A_Lower_Banana_2022_summer_serpentine_network_case3_version2","2"
"Halictidae",0,32.7190545536984,0.00500066871464828,0,18.7810813625036,0.00495656306306944,"A_Lower_Banana_2022_summer_serpentine_network_case3_version2","2"
"Halictus_farinosus",0,1.94604652801073,0.00500028092071925,0,0.316327141308241,0.00458298344605052,"A_Lower_Banana_2022_summer_serpentine_network_case3_version2","2"
"Halictus_ligatus",0,1.96640845744869,0.00500028092071925,0,0.319636944450753,0.00458298344605052,"A_Lower_Banana_2022_summer_serpentine_network_case3_version2","2"
"Halictus_tripartitus",0,7.54755527896057,0.00500050650144573,0,0.0178906752851754,0.00232904895761548,"A_Lower_Banana_2022_summer_serpentine_network_case3_version2","2"
"Heliopetes_ericetorum",0,1.93212936809128,0.00500028092071925,0,0.314064926409022,0.00458298344605052,"A_Lower_Banana_2022_summer_serpentine_network_case3_version2","2"
"Heliothodes_diminutivus",0,1.91798679407382,0.00500028092071925,0,0.311766070792794,0.00458298344605052,"A_Lower_Banana_2022_summer_serpentine_network_case3_version2","2"
"Icaricia_acmon",0,3.04347143316981,0.00500034681389601,0,0.284794168476089,0.00415197245307564,"A_Lower_Banana_2022_summer_serpentine_network_case3_version2","2"
"Junonia_grisea",0,2.95148190956246,0.00500034681389601,0,0.276186208636932,0.00415197245307564,"A_Lower_Banana_2022_summer_serpentine_network_case3_version2","2"
"Lasioglossum_helianthi",0,9.3406943522879,0.00500051743374061,0,0.134109266108648,0.00297543706139544,"A_Lower_Banana_2022_summer_serpentine_network_case3_version2","2"
"Lasioglossum_incompletum",0,2.0058944739341,0.00500028092071925,0,0.326055341177534,0.00458298344605052,"A_Lower_Banana_2022_summer_serpentine_network_case3_version2","2"
"Megachile_apicalis",0,1.7264604830075,0.00500028092071925,0,0.280633736796053,0.00458298344605052,"A_Lower_Banana_2022_summer_serpentine_network_case3_version2","2"
"Melissodes_lupina",0,2.33290478851042,0.00500032999844277,0,0.268662225409679,0.00436747794956308,"A_Lower_Banana_2022_summer_serpentine_network_case3_version2","2"
"Melissodes_robustior",0,6.07768880077344,0.00500050783635107,0,0.184390935723481,0.00377921025372298,"A_Lower_Banana_2022_summer_serpentine_network_case3_version2","2"
"Muscidae",0,33.6840363744497,0.00500065810761097,0,42.9869394963018,0.00499459519062064,"A_Lower_Banana_2022_summer_serpentine_network_case3_version2","2"
"Nemognatha_scutellaris",0,5.00053422389068,0.00500049285761895,0,0.067684416466707,0.003456016201833,"A_Lower_Banana_2022_summer_serpentine_network_case3_version2","2"
"Phycoides_mytilla",0,2.67708177700655,0.00500032999844277,0,0.308298371766254,0.00436747794956308,"A_Lower_Banana_2022_summer_serpentine_network_case3_version2","2"
"Strymon_melinus",0,8.47924852917068,0.00500051309966298,0,0.0489028907629009,0.00265224300950546,"A_Lower_Banana_2022_summer_serpentine_network_case3_version2","2"
"Tharsalea_xanthoides",0,2.59897428132015,0.00500032999844277,0,0.299303348195943,0.00436747794956308,"A_Lower_Banana_2022_summer_serpentine_network_case3_version2","2"
"Trichodes_ornatus",0,6.53524581631405,0.00500050732011691,0,0.0844432042588687,0.00329582315502048,"A_Lower_Banana_2022_summer_serpentine_network_case3_version2","2"
"Vanessa_virginiensis",0,4.68190768637246,0.00500047095474641,0,0.114576694006952,0.00368800161891388,"A_Lower_Banana_2022_summer_serpentine_network_case3_version2","2"
"Villa_sp.",0,5.65657554967205,0.00500050285649495,0,61.4249696400682,0.00501939680783889,"A_Lower_Banana_2022_summer_serpentine_network_case3_version2","2"
"white_moth_Lepidoptera",0,44.5317648159159,0.00500066693583758,0,92.5670850730152,0.00502154604841016,"A_Lower_Banana_2022_summer_serpentine_network_case3_version2","2"
"Xeromelecta_californica",0,34.4080424375023,0.00500065520313913,0,80.0306625859895,0.00505463231952766,"A_Lower_Banana_2022_summer_serpentine_network_case3_version2","2"
"Acmaeodera_sp.",0,2.81437316228351,0.00500016373940638,0,0.734662289596361,0.0046444513867733,"A_Lower_Grid_1_2023_spring_full_network_case3_version1","1"
"Anthophora_californica",0,2.72796788569163,0.00500016373940638,0,0.712107107955472,0.0046444513867733,"A_Lower_Grid_1_2023_spring_full_network_case3_version1","1"
"Anthophora_edwardsii",0,7.41929687278333,0.00500018027103265,0,9.46813058497518,0.00503269707753562,"A_Lower_Grid_1_2023_spring_full_network_case3_version1","1"
"Apis_mellifera",0,3.03590940205004,0.00500016373940638,0,0.792491977510519,0.0046444513867733,"A_Lower_Grid_1_2023_spring_full_network_case3_version1","1"
"Autographa_californica",0,3.12912435941793,0.00500016373940638,0,0.816824754310635,0.0046444513867733,"A_Lower_Grid_1_2023_spring_full_network_case3_version1","1"
"Bombus_californicus",0,2.66009396832625,0.00500016373940638,0,0.694389340813683,0.0046444513867733,"A_Lower_Grid_1_2023_spring_full_network_case3_version1","1"
"Bombus_melanopygus",0,3.03078692564222,0.00500016373940638,0,0.791154809249779,0.0046444513867733,"A_Lower_Grid_1_2023_spring_full_network_case3_version1","1"
"Bombus_vosnesenskii",0,3.12906505298732,0.00500016373940638,0,0.816809272872877,0.0046444513867733,"A_Lower_Grid_1_2023_spring_full_network_case3_version1","1"
"Bombylius_major",0,2.82676056119263,0.00500016373940638,0,0.737895888602293,0.0046444513867733,"A_Lower_Grid_1_2023_spring_full_network_case3_version1","1"
"Coenonympha_californica",0,2.66997379770048,0.00500016373940638,0,0.696968365874454,0.0046444513867733,"A_Lower_Grid_1_2023_spring_full_network_case3_version1","1"
"Diadasia_nigrifrons",0,7.4471312289064,0.00500018124730563,0,0.0131791462414188,0.00259902792744824,"A_Lower_Grid_1_2023_spring_full_network_case3_version1","1"
"Elateridae",0,2.86016070075914,0.00500016373940638,0,0.746614641040473,0.0046444513867733,"A_Lower_Grid_1_2023_spring_full_network_case3_version1","1"
"Eucera_actuosa",0,2.67379881976229,0.00500016373940638,0,0.697966847333212,0.0046444513867733,"A_Lower_Grid_1_2023_spring_full_network_case3_version1","1"
"Eucera_frater_albopilosa",0,3.01018224451298,0.00500016373940638,0,0.785776175376177,0.0046444513867733,"A_Lower_Grid_1_2023_spring_full_network_case3_version1","1"
"Euopeodes_fumipennis",0,7.16385955062724,0.00500018027103265,0,9.14215442037966,0.00503269707753562,"A_Lower_Grid_1_2023_spring_full_network_case3_version1","1"
"Habropoda_sp.",0,9.33792787574937,0.00500017956628226,0,23.3180332237898,0.00515886562215169,"A_Lower_Grid_1_2023_spring_full_network_case3_version1","1"
"Hoplitus_hypocrita",0,7.61042198986932,0.00500018027103265,0,9.712034769753,0.00503269707753562,"A_Lower_Grid_1_2023_spring_full_network_case3_version1","1"
"Listrus_sp._1",0,36.8934656577096,0.00500018880110909,0,48.2238930831477,0.00501924249287881,"A_Lower_Grid_1_2023_spring_full_network_case3_version1","1"
"Malachius_sp.",0,20.5319407715758,0.00500018315967105,0,54.6639437289214,0.00511191744928541,"A_Lower_Grid_1_2023_spring_full_network_case3_version1","1"
"Muscidae",0,9.06371580772349,0.00500018032688439,0,0.600066425299497,0.00387894677479997,"A_Lower_Grid_1_2023_spring_full_network_case3_version1","1"
"Osmia_sanctaerosae",0,8.11691520516363,0.00500018081810437,0,0.383674847612109,0.00381586250249193,"A_Lower_Grid_1_2023_spring_full_network_case3_version1","1"
"Osmia_sp.",0,6.52763622677632,0.00500017800184176,0,4.07036048251242,0.0049016585044625,"A_Lower_Grid_1_2023_spring_full_network_case3_version1","1"
"Panurginus_sp.",0,16.2612280353633,0.00500018290754505,0,9.67461620772258,0.00444575902046582,"A_Lower_Grid_1_2023_spring_full_network_case3_version1","1"
"Scaeva_affinis",0,6.88634916891336,0.00500017938703074,0,0.601708926636111,0.00413411497879108,"A_Lower_Grid_1_2023_spring_full_network_case3_version1","1"
"Strymon_melinus",0,7.7939279057171,0.00500018031226174,0,1.37480098212314,0.00426353020904518,"A_Lower_Grid_1_2023_spring_full_network_case3_version1","1"
"Xylocopa_sonorina",0,29.6248138436123,0.00500018897483446,0,67.3283533271478,0.00501146385441398,"A_Lower_Grid_1_2023_spring_full_network_case3_version1","1"
"Xylocopa_sp.",0,6.52895537980027,0.00500017960878716,0,1.11517930472703,0.00435876050347721,"A_Lower_Grid_1_2023_spring_full_network_case3_version1","1"
"Acmaeodera_sp.",1,2.18154374522525e-05,0,1,2.18137315965172e-05,0,"A_Lower_Grid_1_2023_spring_nonserpentine_network_case3_version3","3"
"Anthophora_californica",1,0,0,0,0.468954858844613,0,"A_Lower_Grid_1_2023_spring_nonserpentine_network_case3_version3","3"
"Anthophora_edwardsii",1,0,0,0,0.524312601412792,0,"A_Lower_Grid_1_2023_spring_nonserpentine_network_case3_version3","3"
"Apis_mellifera",1,0,0,0,0.521891944795797,0,"A_Lower_Grid_1_2023_spring_nonserpentine_network_case3_version3","3"
"Autographa_californica",1,0,0,0,0.537916182953825,0,"A_Lower_Grid_1_2023_spring_nonserpentine_network_case3_version3","3"
"Bombus_californicus",1,0,0,0,0.457286904941912,0,"A_Lower_Grid_1_2023_spring_nonserpentine_network_case3_version3","3"
"Bombus_melanopygus",1,0,0,0,0.521011358718859,0,"A_Lower_Grid_1_2023_spring_nonserpentine_network_case3_version3","3"
"Bombus_vosnesenskii",1,0,0,0,0.537905987858728,0,"A_Lower_Grid_1_2023_spring_nonserpentine_network_case3_version3","3"
"Bombylius_major",1,0,0,0,0.4859379416499,0,"A_Lower_Grid_1_2023_spring_nonserpentine_network_case3_version3","3"
"Coenonympha_californica",1,0,0,0,0.458985309865785,0,"A_Lower_Grid_1_2023_spring_nonserpentine_network_case3_version3","3"
"Diadasia_nigrifrons",1,0,0,0,0.466102914240259,0,"A_Lower_Grid_1_2023_spring_nonserpentine_network_case3_version3","3"
"Elateridae",0,2.19693577125838,0.00500017985453607,0,2.19693577731743,0.00500017984047123,"A_Lower_Grid_1_2023_spring_nonserpentine_network_case3_version3","3"
"Eucera_actuosa",0,2.05378819226297,0.00500017985453607,0,2.0537881980611,0.00500017984047123,"A_Lower_Grid_1_2023_spring_nonserpentine_network_case3_version3","3"
"Eucera_frater_albopilosa",0,2.31216974998194,0.00500017985453607,0,2.31216975665263,0.00500017984047123,"A_Lower_Grid_1_2023_spring_nonserpentine_network_case3_version3","3"
"Euopeodes_fumipennis",0,2.26208931381158,0.00500017985453607,0,2.2620893203407,0.00500017984047123,"A_Lower_Grid_1_2023_spring_nonserpentine_network_case3_version3","3"
"Habropoda_sp.",0,2.37398944249018,0.00500017985453607,0,2.37398944919149,0.00500017984047123,"A_Lower_Grid_1_2023_spring_nonserpentine_network_case3_version3","3"
"Hoplitus_hypocrita",0,2.40309767897972,0.00500017985453607,0,2.40309768562067,0.00500017984047123,"A_Lower_Grid_1_2023_spring_nonserpentine_network_case3_version3","3"
"Listrus_sp._1",0,2.35446922090715,0.00500017985453607,0,2.35446922755364,0.00500017984047123,"A_Lower_Grid_1_2023_spring_nonserpentine_network_case3_version3","3"
"Malachius_sp.",0,2.29452585109729,0.00500017985453607,0,2.29452585743198,0.00500017984047123,"A_Lower_Grid_1_2023_spring_nonserpentine_network_case3_version3","3"
"Muscidae",0,2.41128891407096,0.00500017985453607,0,2.41128892087822,0.00500017984047123,"A_Lower_Grid_1_2023_spring_nonserpentine_network_case3_version3","3"
"Osmia_sanctaerosae",0,2.40319650018474,0.00500017985453607,0,2.40319650682622,0.00500017984047123,"A_Lower_Grid_1_2023_spring_nonserpentine_network_case3_version3","3"
"Osmia_sp.",0,2.22806784178229,0.00500017985453607,0,2.22806784807232,0.00500017984047123,"A_Lower_Grid_1_2023_spring_nonserpentine_network_case3_version3","3"
"Panurginus_sp.",0,2.06122423257592,0.00500017985453607,0,2.06122423839486,0.00500017984047123,"A_Lower_Grid_1_2023_spring_nonserpentine_network_case3_version3","3"
"Scaeva_affinis",0,2.17937036001202,0.00500017985453607,0,2.17937036616455,0.00500017984047123,"A_Lower_Grid_1_2023_spring_nonserpentine_network_case3_version3","3"
"Strymon_melinus",0,2.1816648208568,0.00500017985453607,0,2.18166482701546,0.00500017984047123,"A_Lower_Grid_1_2023_spring_nonserpentine_network_case3_version3","3"
"Xylocopa_sonorina",0,2.31792708425346,0.00500017985453607,0,2.31792709079763,0.00500017984047123,"A_Lower_Grid_1_2023_spring_nonserpentine_network_case3_version3","3"
"Xylocopa_sp.",0,2.06509772321678,0.00500017985453607,0,2.0650977291901,0.00500017984047123,"A_Lower_Grid_1_2023_spring_nonserpentine_network_case3_version3","3"
"Acmaeodera_sp.",1,2.18126944597418e-05,0,1,2.18965003112586e-05,0,"A_Lower_Grid_1_2023_spring_serpentine_network_case3_version2","2"
"Anthophora_californica",1,0,0,0,0.468954858844613,0,"A_Lower_Grid_1_2023_spring_serpentine_network_case3_version2","2"
"Anthophora_edwardsii",1,0,0,0,0.524312601412792,0,"A_Lower_Grid_1_2023_spring_serpentine_network_case3_version2","2"
"Apis_mellifera",1,0,0,0,0.521891944795797,0,"A_Lower_Grid_1_2023_spring_serpentine_network_case3_version2","2"
"Autographa_californica",1,0,0,0,0.537916182953825,0,"A_Lower_Grid_1_2023_spring_serpentine_network_case3_version2","2"
"Bombus_californicus",1,0,0,0,0.457286904941912,0,"A_Lower_Grid_1_2023_spring_serpentine_network_case3_version2","2"
"Bombus_melanopygus",1,0,0,0,0.521011358718859,0,"A_Lower_Grid_1_2023_spring_serpentine_network_case3_version2","2"
"Bombus_vosnesenskii",1,0,0,0,0.537905987858728,0,"A_Lower_Grid_1_2023_spring_serpentine_network_case3_version2","2"
"Bombylius_major",1,0,0,0,0.4859379416499,0,"A_Lower_Grid_1_2023_spring_serpentine_network_case3_version2","2"
"Coenonympha_californica",1,0,0,0,0.458985309865785,0,"A_Lower_Grid_1_2023_spring_serpentine_network_case3_version2","2"
"Diadasia_nigrifrons",1,0,0,0,0.466102914240259,0,"A_Lower_Grid_1_2023_spring_serpentine_network_case3_version2","2"
"Elateridae",1,0,0,0,0.491679636035897,0,"A_Lower_Grid_1_2023_spring_serpentine_network_case3_version2","2"
"Eucera_actuosa",0,6.49547703992384,0.00500029971965726,0,9.82944558464744,0.00500898926277429,"A_Lower_Grid_1_2023_spring_serpentine_network_case3_version2","2"
"Eucera_frater_albopilosa",0,20.4572577539468,0.00500075407323067,0,30.9778320480366,0.00500562681540812,"A_Lower_Grid_1_2023_spring_serpentine_network_case3_version2","2"
"Euopeodes_fumipennis",1,0,0,0,0.506261159319552,0,"A_Lower_Grid_1_2023_spring_serpentine_network_case3_version2","2"
"Habropoda_sp.",0,6.66734024638149,0.00500032795021877,0,13.9444582387997,0.00501828144353199,"A_Lower_Grid_1_2023_spring_serpentine_network_case3_version2","2"
"Hoplitus_hypocrita",0,7.6002315413294,0.00500029971965726,0,11.5012433890462,0.00500898926277429,"A_Lower_Grid_1_2023_spring_serpentine_network_case3_version2","2"
"Listrus_sp._1",0,6.61251777863743,0.00500032795021877,0,13.829799380308,0.00501828144353199,"A_Lower_Grid_1_2023_spring_serpentine_network_case3_version2","2"
"Malachius_sp.",0,7.25685347663223,0.00500029971965726,0,10.9816178118439,0.00500898926277429,"A_Lower_Grid_1_2023_spring_serpentine_network_case3_version2","2"
"Muscidae",0,30.4545162572783,0.00500101258878327,0,30.3584697118047,0.00500024104393821,"A_Lower_Grid_1_2023_spring_serpentine_network_case3_version2","2"
"Osmia_sanctaerosae",0,4.77242022968135,0.00500032807808702,0,0.0185381946014816,0.002509140721766,"A_Lower_Grid_1_2023_spring_serpentine_network_case3_version2","2"
"Osmia_sp.",0,4.98263952324532,0.00500029983026165,0,0.0155217013935348,0.00250449463138714,"A_Lower_Grid_1_2023_spring_serpentine_network_case3_version2","2"
"Panurginus_sp.",0,4.09330998320871,0.00500032807808702,0,0.0159002295232067,0.002509140721766,"A_Lower_Grid_1_2023_spring_serpentine_network_case3_version2","2"
"Scaeva_affinis",0,5.32197090491661,0.00500031222583345,0,0.143400400598533,0.00334242356876876,"A_Lower_Grid_1_2023_spring_serpentine_network_case3_version2","2"
"Strymon_melinus",0,11.6921353396725,0.00500071508367012,0,0.202305837753453,0.00334130275298004,"A_Lower_Grid_1_2023_spring_serpentine_network_case3_version2","2"
"Xylocopa_sonorina",0,5.6603231504204,0.00500031222583113,0,0.152517295161622,0.00334242356876876,"A_Lower_Grid_1_2023_spring_serpentine_network_case3_version2","2"
"Xylocopa_sp.",0,73.9263043938499,0.00500087092829776,0,73.8199651409123,0.0050002410295231,"A_Lower_Grid_1_2023_spring_serpentine_network_case3_version2","2"
"Anthophora_californica",0,9.6504341996595,0.00500032055931176,0,6.61646767067572,0.00498365283514061,"A_Oak_2022_spring_full_network_case3_version1","1"
"Apis_mellifera",0,13.7836373736431,0.00500031983676971,0,15.8443997260387,0.00502001528679072,"A_Oak_2022_spring_full_network_case3_version1","1"
"Colias_eurytheme",0,8.29326662002645,0.00500032055931176,0,5.68597529889203,0.00498365283514061,"A_Oak_2022_spring_full_network_case3_version1","1"
"Eucera_actuosa",0,9.73228254800693,0.00500032055931176,0,6.67258400160647,0.00498365283514061,"A_Oak_2022_spring_full_network_case3_version1","1"
"Eucera_frater_albopilosa",0,11.5260425158288,0.0050003200461589,0,9.74588180184958,0.00500183406096566,"A_Oak_2022_spring_full_network_case3_version1","1"
"Hippodamia_convergens",0,9.16180252801015,0.005000320109084,0,20.5835887737242,0.00497531374166693,"A_Oak_2022_spring_full_network_case3_version1","1"
"Osmia_cara",0,18.8698824224262,0.00500032347580914,0,48.5713263340608,0.00500029007868341,"A_Oak_2022_spring_full_network_case3_version1","1"
"silver_moth_Lepidoptera",0,17.1044254836258,0.00500032306091444,0,18.4943509140717,0.00502681039798215,"A_Oak_2022_spring_full_network_case3_version1","1"
"Anthophora_californica",1,2.43196146016457e-05,0,1,2.43179299616325e-05,0,"A_Oak_2022_spring_nonserpentine_network_case3_version3","3"
"Apis_mellifera",1,0,0,0,0.49264974130441,0,"A_Oak_2022_spring_nonserpentine_network_case3_version3","3"
"Colias_eurytheme",1,0,0,0,0.464202103211639,0,"A_Oak_2022_spring_nonserpentine_network_case3_version3","3"
"Eucera_actuosa",1,0,0,0,0.544748678009374,0,"A_Oak_2022_spring_nonserpentine_network_case3_version3","3"
"Eucera_frater_albopilosa",1,0,0,0,0.491031303555254,0,"A_Oak_2022_spring_nonserpentine_network_case3_version3","3"
"Hippodamia_convergens",0,10.4569747032298,0.00500099418075797,0,10.4569747554003,0.00500097381293382,"A_Oak_2022_spring_nonserpentine_network_case3_version3","3"
"Osmia_cara",0,12.1605044568918,0.00500099418075797,0,12.1605045175615,0.00500097381293382,"A_Oak_2022_spring_nonserpentine_network_case3_version3","3"
"silver_moth_Lepidoptera",0,10.3688811532858,0.00500099418075797,0,10.3688812050169,0.00500097381293382,"A_Oak_2022_spring_nonserpentine_network_case3_version3","3"
"Anthophora_californica",1,2.42762029758029e-05,0,1,2.45597338348927e-05,0,"A_Oak_2022_spring_serpentine_network_case3_version2","2"
"Apis_mellifera",1,0,0,0,0.49264974130441,0,"A_Oak_2022_spring_serpentine_network_case3_version2","2"
"Colias_eurytheme",1,0,0,0,0.464202103211639,0,"A_Oak_2022_spring_serpentine_network_case3_version2","2"
"Eucera_actuosa",0,24.5378395931713,0.00500021737037076,0,7.56888099899091,0.00470644148504076,"A_Oak_2022_spring_serpentine_network_case3_version2","2"
"Eucera_frater_albopilosa",1,0,0,0,0.491031303555254,0,"A_Oak_2022_spring_serpentine_network_case3_version2","2"
"Hippodamia_convergens",1,0,0,0,0.463118853146731,0,"A_Oak_2022_spring_serpentine_network_case3_version2","2"
"Osmia_cara",0,26.5034762128778,0.00500021738016821,0,60.5995234413456,0.00504054293484552,"A_Oak_2022_spring_serpentine_network_case3_version2","2"
"silver_moth_Lepidoptera",0,17.2258159552256,0.00500021738677495,0,0.093356812106283,0.00268732219232514,"A_Oak_2022_spring_serpentine_network_case3_version2","2"
"Andrena_nigrocaerulea",0,3.31846453231583,0.00500008989515334,0,0.579596237588497,0.00465999700145878,"A_Owl_Seep_2023_spring_full_network_case3_version1","1"
"Andrena_sp.",0,5.79693152103202,0.00500009030927992,0,9.36661465014783,0.00505581228708436,"A_Owl_Seep_2023_spring_full_network_case3_version1","1"
"Annaphila_decia",0,6.49906035633986,0.00500009087680864,0,10.7872232453202,0.00503822123461762,"A_Owl_Seep_2023_spring_full_network_case3_version1","1"
"Anthophora_californica",0,16.8936991257571,0.00500009679583598,0,16.2271723773247,0.00500021708578171,"A_Owl_Seep_2023_spring_full_network_case3_version1","1"
"Anthrenus_sp.",0,3.44761699724054,0.00500009029085907,0,0.310415453732189,0.00430142119360999,"A_Owl_Seep_2023_spring_full_network_case3_version1","1"
"Apis_mellifera",0,6.33483218100268,0.00500008996490261,0,8.80649025808654,0.00502417362159088,"A_Owl_Seep_2023_spring_full_network_case3_version1","1"
"BF1_Diptera",0,6.16381958430514,0.00500009030927992,0,9.95942812598194,0.00505581228708436,"A_Owl_Seep_2023_spring_full_network_case3_version1","1"
"Bombus_californicus",0,3.57151531709886,0.00500009029085907,0,0.321570971568773,0.00430142119360999,"A_Owl_Seep_2023_spring_full_network_case3_version1","1"
"Bombus_crotchii",0,5.69223045396623,0.00500008996490261,0,7.91316495903068,0.00502417362159088,"A_Owl_Seep_2023_spring_full_network_case3_version1","1"
"Bombus_melanopygus",0,3.1924943514861,0.00500008989515334,0,0.557594543017574,0.00465999700145878,"A_Owl_Seep_2023_spring_full_network_case3_version1","1"
"Bombus_sp.",0,2.99162686217907,0.00500008989515334,0,0.522511437734194,0.00465999700145878,"A_Owl_Seep_2023_spring_full_network_case3_version1","1"
"Bombus_vosnesenskii",0,7.30289875222154,0.00500009087680864,0,12.1214444590507,0.00503822123461762,"A_Owl_Seep_2023_spring_full_network_case3_version1","1"
"Braconidae",0,3.25280373704821,0.00500008989515334,0,0.568128057189637,0.00465999700145878,"A_Owl_Seep_2023_spring_full_network_case3_version1","1"
"Coenonympha_californica",0,18.9061093329414,0.00500009531859601,0,27.6596999518986,0.00500858885775246,"A_Owl_Seep_2023_spring_full_network_case3_version1","1"
"Colias_eurytheme",0,3.47470562726189,0.00500008989515334,0,0.606884988287661,0.00465999700145878,"A_Owl_Seep_2023_spring_full_network_case3_version1","1"
"Conophorus_fenestratus",0,3.35523046907486,0.00500009029085907,0,0.302097184554909,0.00430142119360999,"A_Owl_Seep_2023_spring_full_network_case3_version1","1"
"Diadasia_bituberculata",0,5.99022995976515,0.00500008996490261,0,8.32743477159701,0.00502417362159088,"A_Owl_Seep_2023_spring_full_network_case3_version1","1"
"Eucera_actuosa",0,21.0990952884966,0.00500009419646626,0,27.9923847544084,0.00500543561802085,"A_Owl_Seep_2023_spring_full_network_case3_version1","1"
"Eucera_frater_albopilosa",0,3.09580195627092,0.00500008989515334,0,0.540706446735178,0.00465999700145878,"A_Owl_Seep_2023_spring_full_network_case3_version1","1"
"Glaucophysche_lygdamus",0,3.91185342116056,0.00500009029085907,0,0.352214226746995,0.00430142119360999,"A_Owl_Seep_2023_spring_full_network_case3_version1","1"
"Halictus_tripartitus",0,3.491736931434,0.00500008989515334,0,0.609859641002148,0.00465999700145878,"A_Owl_Seep_2023_spring_full_network_case3_version1","1"
"Hippodamia_convergens",0,6.48977749326819,0.00500009030927992,0,10.4861071301482,0.00505581228708436,"A_Owl_Seep_2023_spring_full_network_case3_version1","1"
"Junonia_grisea",0,16.8421511209972,0.00500009679583598,0,16.1776581547178,0.00500021708578171,"A_Owl_Seep_2023_spring_full_network_case3_version1","1"
"Lasioglossum_incompletum",0,5.33974540939152,0.0050000903042966,0,1.91532176883449,0.00467861674034717,"A_Owl_Seep_2023_spring_full_network_case3_version1","1"
"Listrus_sp._1",0,5.32426091520982,0.00500009030438709,0,1.9097676097849,0.00467861674034717,"A_Owl_Seep_2023_spring_full_network_case3_version1","1"
"Malachius_sp.",0,5.94368564377737,0.00500009071195794,0,2.76772265753243,0.0048491091180382,"A_Owl_Seep_2023_spring_full_network_case3_version1","1"
"Muscidae",0,4.97336979084914,0.00500009030438709,0,1.78390591538862,0.00467861674034717,"A_Owl_Seep_2023_spring_full_network_case3_version1","1"
"Nomada_hesperia",0,5.05608624800121,0.00500008995001975,0,2.25920895418638,0.00484208531152483,"A_Owl_Seep_2023_spring_full_network_case3_version1","1"
"Osmia_aglaia",0,5.10705019273922,0.00500008994983935,0,2.28198115398106,0.00484208531152483,"A_Owl_Seep_2023_spring_full_network_case3_version1","1"
"Osmia_nemoris",0,3.66828321103976,0.00500009011805559,0,0.458204699165803,0.00448070909753438,"A_Owl_Seep_2023_spring_full_network_case3_version1","1"
"Osmia_sanctaerosae",0,11.2350662508925,0.00500009499471605,0,1.71684429332382,0.00465666901760708,"A_Owl_Seep_2023_spring_full_network_case3_version1","1"
"Osmia_sp.",0,4.2295499747103,0.00500009023447184,0,1.14823808016919,0.00467241016071771,"A_Owl_Seep_2023_spring_full_network_case3_version1","1"
"Panurginus_sp.",0,4.91319912176203,0.00500009063683623,0,1.27806801182741,0.00466654647656213,"A_Owl_Seep_2023_spring_full_network_case3_version1","1"
"Polistes_aurifer",0,4.92761708248511,0.00500009002374514,0,1.26827637097084,0.00466186393888655,"A_Owl_Seep_2023_spring_full_network_case3_version1","1"
"Pseudomasaris_coquilletti",0,2.7986298245283,0.00500009032358154,0,66.2395456189373,0.00508194329809743,"A_Owl_Seep_2023_spring_full_network_case3_version1","1"
"Scaeva_affinis",0,5.17318180267113,0.00500009052879042,0,2.10873427972598,0.00476386292919269,"A_Owl_Seep_2023_spring_full_network_case3_version1","1"
"Sphaerophoria_sp.",0,5.3207397433794,0.00500009052910546,0,2.16888304081429,0.00476386292919269,"A_Owl_Seep_2023_spring_full_network_case3_version1","1"
"Trichodes_ornatus",0,10.6820863718079,0.00500009354907242,0,3.46801575038172,0.00481217746695832,"A_Owl_Seep_2023_spring_full_network_case3_version1","1"
"Andrena_nigrocaerulea",1,2.37542804755707e-05,0,1,2.3375284578849e-05,0,"A_Owl_Seep_2023_spring_nonserpentine_network_case3_version3","3"
"Andrena_sp.",1,0,0,0,0.475911977154162,0,"A_Owl_Seep_2023_spring_nonserpentine_network_case3_version3","3"
"Annaphila_decia",1,0,0,0,0.452600029996876,0,"A_Owl_Seep_2023_spring_nonserpentine_network_case3_version3","3"
"Anthophora_californica",1,0,0,0,0.54870415748968,0,"A_Owl_Seep_2023_spring_nonserpentine_network_case3_version3","3"
"Anthrenus_sp.",1,0,0,0,0.470774929048854,0,"A_Owl_Seep_2023_spring_nonserpentine_network_case3_version3","3"
"Apis_mellifera",1,0,0,0,0.514232524095211,0,"A_Owl_Seep_2023_spring_nonserpentine_network_case3_version3","3"
"BF1_Diptera",1,0,0,0,0.506032468218371,0,"A_Owl_Seep_2023_spring_nonserpentine_network_case3_version3","3"
"Bombus_californicus",1,0,0,0,0.487693346169634,0,"A_Owl_Seep_2023_spring_nonserpentine_network_case3_version3","3"
"Bombus_crotchii",1,0,0,0,0.462069073045658,0,"A_Owl_Seep_2023_spring_nonserpentine_network_case3_version3","3"
"Bombus_melanopygus",1,0,0,0,0.494910678381524,0,"A_Owl_Seep_2023_spring_nonserpentine_network_case3_version3","3"
"Bombus_sp.",1,0,0,0,0.463771558279997,0,"A_Owl_Seep_2023_spring_nonserpentine_network_case3_version3","3"
"Bombus_vosnesenskii",1,0,0,0,0.508580011901716,0,"A_Owl_Seep_2023_spring_nonserpentine_network_case3_version3","3"
"Braconidae",1,0,0,0,0.504260032137046,0,"A_Owl_Seep_2023_spring_nonserpentine_network_case3_version3","3"
"Coenonympha_californica",1,0,0,0,0.498360127326269,0,"A_Owl_Seep_2023_spring_nonserpentine_network_case3_version3","3"
"Colias_eurytheme",1,0,0,0,0.538659972599083,0,"A_Owl_Seep_2023_spring_nonserpentine_network_case3_version3","3"
"Conophorus_fenestratus",1,0,0,0,0.45815947279714,0,"A_Owl_Seep_2023_spring_nonserpentine_network_case3_version3","3"
"Diadasia_bituberculata",1,0,0,0,0.486259301535906,0,"A_Owl_Seep_2023_spring_nonserpentine_network_case3_version3","3"
"Eucera_actuosa",1,0,0,0,0.460080913971216,0,"A_Owl_Seep_2023_spring_nonserpentine_network_case3_version3","3"
"Eucera_frater_albopilosa",1,0,0,0,0.479921114225835,0,"A_Owl_Seep_2023_spring_nonserpentine_network_case3_version3","3"
"Glaucophysche_lygdamus",1,0,0,0,0.534166793610978,0,"A_Owl_Seep_2023_spring_nonserpentine_network_case3_version3","3"
"Halictus_tripartitus",1,0,0,0,0.541300219712453,0,"A_Owl_Seep_2023_spring_nonserpentine_network_case3_version3","3"
"Hippodamia_convergens",0,2.2741997051155,0.00500018266894614,0,0.325644306104055,0.00442343193775737,"A_Owl_Seep_2023_spring_nonserpentine_network_case3_version3","3"
"Junonia_grisea",0,2.33497041764914,0.00500018266894614,0,0.334346108527545,0.00442343193775737,"A_Owl_Seep_2023_spring_nonserpentine_network_case3_version3","3"
"Lasioglossum_incompletum",0,2.26794769700546,0.00500018266894614,0,0.324749076527345,0.00442343193775737,"A_Owl_Seep_2023_spring_nonserpentine_network_case3_version3","3"
"Listrus_sp._1",0,2.26137097345374,0.00500018266894614,0,0.323807350706684,0.00442343193775737,"A_Owl_Seep_2023_spring_nonserpentine_network_case3_version3","3"
"Malachius_sp.",0,2.27926583190585,0.00500018266894614,0,0.326369728465628,0.00442343193775737,"A_Owl_Seep_2023_spring_nonserpentine_network_case3_version3","3"
"Muscidae",0,2.11233714291327,0.00500018266894614,0,0.302467088360307,0.00442343193775737,"A_Owl_Seep_2023_spring_nonserpentine_network_case3_version3","3"
"Nomada_hesperia",0,2.1948782736884,0.00500018266894614,0,0.314286212780076,0.00442343193775737,"A_Owl_Seep_2023_spring_nonserpentine_network_case3_version3","3"
"Osmia_aglaia",0,2.21700203815861,0.00500018266894614,0,0.31745413066966,0.00442343193775737,"A_Owl_Seep_2023_spring_nonserpentine_network_case3_version3","3"
"Osmia_nemoris",0,2.26900599296875,0.00500018266894614,0,0.324900614691179,0.00442343193775737,"A_Owl_Seep_2023_spring_nonserpentine_network_case3_version3","3"
"Osmia_sanctaerosae",0,2.12065592545522,0.00500018266894614,0,0.303658260865828,0.00442343193775737,"A_Owl_Seep_2023_spring_nonserpentine_network_case3_version3","3"
"Osmia_sp.",1,0,0,0,0.46936336975515,0,"A_Owl_Seep_2023_spring_nonserpentine_network_case3_version3","3"
"Panurginus_sp.",0,2.0922047566244,0.00500018266894614,0,0.299584317357681,0.00442343193775737,"A_Owl_Seep_2023_spring_nonserpentine_network_case3_version3","3"
"Polistes_aurifer",0,2.31804731580296,0.00500018266894614,0,0.331922877290275,0.00442343193775737,"A_Owl_Seep_2023_spring_nonserpentine_network_case3_version3","3"
"Pseudomasaris_coquilletti",0,2.12022887233158,0.00500018266894614,0,0.303597110828707,0.00442343193775737,"A_Owl_Seep_2023_spring_nonserpentine_network_case3_version3","3"
"Scaeva_affinis",0,2.08234028229443,0.00500018266894614,0,0.298171816118108,0.00442343193775737,"A_Owl_Seep_2023_spring_nonserpentine_network_case3_version3","3"
"Sphaerophoria_sp.",0,1.51439102678297,0.00500018269562893,0,0.00264269980740207,0.00221171596887868,"A_Owl_Seep_2023_spring_nonserpentine_network_case3_version3","3"
"Trichodes_ornatus",0,36.6483846775385,0.00500023588906888,0,64.6671706147338,0.00503977712242066,"A_Owl_Seep_2023_spring_nonserpentine_network_case3_version3","3"
"Andrena_nigrocaerulea",1,2.33786887308097e-05,0,1,2.31397207720913e-05,0,"A_Owl_Seep_2023_spring_serpentine_network_case3_version2","2"
"Andrena_sp.",1,0,0,0,0.475911977154162,0,"A_Owl_Seep_2023_spring_serpentine_network_case3_version2","2"
"Annaphila_decia",1,0,0,0,0.452600029996876,0,"A_Owl_Seep_2023_spring_serpentine_network_case3_version2","2"
"Anthophora_californica",1,0,0,0,0.54870415748968,0,"A_Owl_Seep_2023_spring_serpentine_network_case3_version2","2"
"Anthrenus_sp.",1,0,0,0,0.470774929048854,0,"A_Owl_Seep_2023_spring_serpentine_network_case3_version2","2"
"Apis_mellifera",1,0,0,0,0.514232524095211,0,"A_Owl_Seep_2023_spring_serpentine_network_case3_version2","2"
"BF1_Diptera",1,0,0,0,0.506032468218371,0,"A_Owl_Seep_2023_spring_serpentine_network_case3_version2","2"
"Bombus_californicus",0,3.62761300345176,0.00500020211430485,0,4.8120411718704,0.00500210374772462,"A_Owl_Seep_2023_spring_serpentine_network_case3_version2","2"
"Bombus_crotchii",1,0,0,0,0.462069073045658,0,"A_Owl_Seep_2023_spring_serpentine_network_case3_version2","2"
"Bombus_melanopygus",0,15.7296226005646,0.00500022933766459,0,15.7296298133364,0.00500022602949209,"A_Owl_Seep_2023_spring_serpentine_network_case3_version2","2"
"Bombus_sp.",0,5.57356170106756,0.00500021261048848,0,9.52225279072778,0.00500395139739984,"A_Owl_Seep_2023_spring_serpentine_network_case3_version2","2"
"Bombus_vosnesenskii",0,3.78297444268204,0.00500020211430485,0,5.01812865789032,0.00500210374772462,"A_Owl_Seep_2023_spring_serpentine_network_case3_version2","2"
"Braconidae",0,6.06014826116177,0.00500021261048848,0,10.3535704435443,0.00500395139739984,"A_Owl_Seep_2023_spring_serpentine_network_case3_version2","2"
"Coenonympha_californica",0,3.70695580019251,0.00500020211430485,0,4.91728966608546,0.00500210374772462,"A_Owl_Seep_2023_spring_serpentine_network_case3_version2","2"
"Colias_eurytheme",1,0,0,0,0.538659972599083,0,"A_Owl_Seep_2023_spring_serpentine_network_case3_version2","2"
"Conophorus_fenestratus",1,0,0,0,0.45815947279714,0,"A_Owl_Seep_2023_spring_serpentine_network_case3_version2","2"
"Diadasia_bituberculata",1,0,0,0,0.486259301535906,0,"A_Owl_Seep_2023_spring_serpentine_network_case3_version2","2"
"Eucera_actuosa",1,0,0,0,0.460080913971216,0,"A_Owl_Seep_2023_spring_serpentine_network_case3_version2","2"
"Eucera_frater_albopilosa",0,3.56980075345141,0.00500020211430485,0,4.73535302286771,0.00500210374772462,"A_Owl_Seep_2023_spring_serpentine_network_case3_version2","2"
"Glaucophysche_lygdamus",1,0,0,0,0.534166793610978,0,"A_Owl_Seep_2023_spring_serpentine_network_case3_version2","2"
"Halictus_tripartitus",1,0,0,0,0.541300219712453,0,"A_Owl_Seep_2023_spring_serpentine_network_case3_version2","2"
"Hippodamia_convergens",0,6.40305118849152,0.00500021261048848,0,10.939409179315,0.00500395139739984,"A_Owl_Seep_2023_spring_serpentine_network_case3_version2","2"
"Junonia_grisea",0,22.9427293384174,0.00500022723769131,0,32.6984672954829,0.00500083059019952,"A_Owl_Seep_2023_spring_serpentine_network_case3_version2","2"
"Lasioglossum_incompletum",1,0,0,0,0.531328005428113,0,"A_Owl_Seep_2023_spring_serpentine_network_case3_version2","2"
"Listrus_sp._1",0,3.94072025133936,0.00500020211430485,0,5.22737901785565,0.00500210374772462,"A_Owl_Seep_2023_spring_serpentine_network_case3_version2","2"
"Malachius_sp.",1,0,0,0,0.53397958422265,0,"A_Owl_Seep_2023_spring_serpentine_network_case3_version2","2"
"Muscidae",1,0,0,0,0.494872030077908,0,"A_Owl_Seep_2023_spring_serpentine_network_case3_version2","2"
"Nomada_hesperia",0,3.82484844977374,0.00500020211430485,0,5.07367467281128,0.00500210374772462,"A_Owl_Seep_2023_spring_serpentine_network_case3_version2","2"
"Osmia_aglaia",0,16.5077256859688,0.00500022933766459,0,16.5077332557862,0.00500022602949209,"A_Owl_Seep_2023_spring_serpentine_network_case3_version2","2"
"Osmia_nemoris",0,2.79586396292455,0.00500020211130409,0,0.0112360364111643,0.00250105187386231,"A_Owl_Seep_2023_spring_serpentine_network_case3_version2","2"
"Osmia_sanctaerosae",1,0,0,0,0.496820929575162,0,"A_Owl_Seep_2023_spring_serpentine_network_case3_version2","2"
"Osmia_sp.",0,3.98861807301876,0.0050002126084581,0,0.0143060090161767,0.00250197569869992,"A_Owl_Seep_2023_spring_serpentine_network_case3_version2","2"
"Panurginus_sp.",1,0,0,0,0.490155474813727,0,"A_Owl_Seep_2023_spring_serpentine_network_case3_version2","2"
"Polistes_aurifer",0,4.61493117797156,0.0050002126084581,0,0.0165524113453752,0.00250197569869992,"A_Owl_Seep_2023_spring_serpentine_network_case3_version2","2"
"Pseudomasaris_coquilletti",0,4.22110034628705,0.0050002126084581,0,0.0151398550835349,0.00250197569869992,"A_Owl_Seep_2023_spring_serpentine_network_case3_version2","2"
"Scaeva_affinis",0,2.09497471325055,0.00500020210830081,0,0.0013290146142628,0.00166736791590821,"A_Owl_Seep_2023_spring_serpentine_network_case3_version2","2"
"Sphaerophoria_sp.",0,2.15473100167705,0.00500020210830081,0,0.00136692293848242,0.00166736791590821,"A_Owl_Seep_2023_spring_serpentine_network_case3_version2","2"
"Trichodes_ornatus",0,10.0706768841904,0.00500022647080654,0,0.0156773585313289,0.00250073358448103,"A_Owl_Seep_2023_spring_serpentine_network_case3_version2","2"
"Anthrenus_sp.",0,3.0927634222101,0.00500013384375567,0,0.112215867051844,0.00373303652970102,"A_Pond_2022_summer_full_network_case3_version1","1"
"Apis_mellifera",0,2.98578900910458,0.00500013384375567,0,0.108334475284283,0.00373303652970102,"A_Pond_2022_summer_full_network_case3_version1","1"
"Ashmeadiella_aridula_astragali",0,3.35940232599592,0.00500013379176199,0,0.112058663724913,0.00359292285707102,"A_Pond_2022_summer_full_network_case3_version1","1"
"Bombus_californicus",0,3.27965580713031,0.00500013379176199,0,0.10939858092647,0.00359292285707102,"A_Pond_2022_summer_full_network_case3_version1","1"
"Bombus_crotchii",0,2.88893975040788,0.00500013379176199,0,0.0963655723887297,0.00359292285707102,"A_Pond_2022_summer_full_network_case3_version1","1"
"Bombus_sp.",0,2.91715027168044,0.00500013384375567,0,0.105844030825337,0.00373303652970102,"A_Pond_2022_summer_full_network_case3_version1","1"
"Bombus_vosnesenskii",0,2.95925891283724,0.00500013384375567,0,0.107371874096195,0.00373303652970102,"A_Pond_2022_summer_full_network_case3_version1","1"
"Braconidae",0,3.04924809220306,0.00500013384375567,0,0.11063698440598,0.00373303652970102,"A_Pond_2022_summer_full_network_case3_version1","1"
"Ceratina_punctigena",0,7.20195828197394,0.0050001396537369,0,8.13089676029046,0.0050153909222538,"A_Pond_2022_summer_full_network_case3_version1","1"
"Chrysochus_colbaltinus",0,3.1129845198516,0.00500013384375567,0,0.112949556527983,0.00373303652970102,"A_Pond_2022_summer_full_network_case3_version1","1"
"Danaus_plexippus",0,3.20460874031297,0.00500013384375567,0,0.116273991649866,0.00373303652970102,"A_Pond_2022_summer_full_network_case3_version1","1"
"Dianthidium_dubium",0,5.04946451402832,0.0050001333387959,0,4.4570519611751,0.00499242170258628,"A_Pond_2022_summer_full_network_case3_version1","1"
"Eristalis_stipador",0,4.98326135473517,0.0050001333387959,0,4.39861587883039,0.00499242170258628,"A_Pond_2022_summer_full_network_case3_version1","1"
"Erynnis_tristus",0,4.9977091679243,0.0050001333387959,0,4.41136864765184,0.00499242170258628,"A_Pond_2022_summer_full_network_case3_version1","1"
"Euodyneras_hidalgo",0,17.1669386155518,0.00500014720866063,0,13.908344329434,0.00492385798182907,"A_Pond_2022_summer_full_network_case3_version1","1"
"Halictidae",0,3.03122765500303,0.00500013379176199,0,0.101111831048293,0.00359292285707102,"A_Pond_2022_summer_full_network_case3_version1","1"
"Halictus_ligatus",0,2.85862883525354,0.00500013379176199,0,0.0953544994821281,0.00359292285707102,"A_Pond_2022_summer_full_network_case3_version1","1"
"Halictus_tripartitus",0,7.33607055605661,0.0050001396537369,0,8.28230739284185,0.0050153909222538,"A_Pond_2022_summer_full_network_case3_version1","1"
"Heliopetes_ericetorum",0,7.79750736817905,0.0050001396537369,0,8.80326224108019,0.0050153909222538,"A_Pond_2022_summer_full_network_case3_version1","1"
"Heliothis_phloxiphaga",0,3.19639107570057,0.00500013379176199,0,0.106621142066172,0.00359292285707102,"A_Pond_2022_summer_full_network_case3_version1","1"
"Heliothodes_diminutivus",0,3.01478909247936,0.00500013379176199,0,0.10056349443186,0.00359292285707102,"A_Pond_2022_summer_full_network_case3_version1","1"
"Icaricia_acmon",0,4.54669658240484,0.00500013347768125,0,0.768252251786825,0.00436272911614365,"A_Pond_2022_summer_full_network_case3_version1","1"
"Junonia_grisea",0,4.52140923460092,0.00500013347768125,0,0.76397946564581,0.00436272911614365,"A_Pond_2022_summer_full_network_case3_version1","1"
"Lasioglossum_incompletum",0,12.8172536497262,0.00500014675524689,0,1.32069225168396,0.00432844725576505,"A_Pond_2022_summer_full_network_case3_version1","1"
"Megachile_apicalis",0,3.03455339914577,0.00500013381852437,0,0.1055542669342,0.00366297969338602,"A_Pond_2022_summer_full_network_case3_version1","1"
"Melissodes_lupina",0,3.83300659003577,0.00500013347761463,0,0.647660535480302,0.00436272911614365,"A_Pond_2022_summer_full_network_case3_version1","1"
"Muscidae",0,3.10025254587435,0.00500013381852437,0,0.107839553881442,0.00366297969338602,"A_Pond_2022_summer_full_network_case3_version1","1"
"Polistes_aurifer",0,4.33930507995409,0.0050001334589637,0,0.699052793565212,0.00429267227982865,"A_Pond_2022_summer_full_network_case3_version1","1"
"Polistes_dorsalis",0,5.62759130431798,0.00500013872614181,0,0.93198394677725,0.00430415688966241,"A_Pond_2022_summer_full_network_case3_version1","1"
"Sphex_ichneumoneus",0,4.01060652069204,0.00500013354284219,0,0.386119759727134,0.00410612702978611,"A_Pond_2022_summer_full_network_case3_version1","1"
"Sphex_sp.",0,2.69355007234451,0.00500013431694443,0,64.9558380155932,0.00502669778091853,"A_Pond_2022_summer_full_network_case3_version1","1"
"Strymon_melinus",0,3.80205564096974,0.00500013354282105,0,0.366041595578747,0.00410612702978611,"A_Pond_2022_summer_full_network_case3_version1","1"
"Tachinidae",0,29.0810069621608,0.0050001486378994,0,78.8110563633097,0.00506945569790048,"A_Pond_2022_summer_full_network_case3_version1","1"
"Anthrenus_sp.",1,2.22918680696282e-05,0,1,2.22811931801506e-05,0,"A_Pond_2022_summer_nonserpentine_network_case3_version3","3"
"Apis_mellifera",1,0,0,0,0.47384103742607,0,"A_Pond_2022_summer_nonserpentine_network_case3_version3","3"
"Ashmeadiella_aridula_astragali",1,0,0,0,0.54631601995617,0,"A_Pond_2022_summer_nonserpentine_network_case3_version3","3"
"Bombus_californicus",1,0,0,0,0.533347403343463,0,"A_Pond_2022_summer_nonserpentine_network_case3_version3","3"
"Bombus_crotchii",1,0,0,0,0.469807993583292,0,"A_Pond_2022_summer_nonserpentine_network_case3_version3","3"
"Bombus_sp.",1,0,0,0,0.462948154384712,0,"A_Pond_2022_summer_nonserpentine_network_case3_version3","3"
"Bombus_vosnesenskii",1,0,0,0,0.469630743851713,0,"A_Pond_2022_summer_nonserpentine_network_case3_version3","3"
"Braconidae",1,0,0,0,0.483911915744614,0,"A_Pond_2022_summer_nonserpentine_network_case3_version3","3"
"Ceratina_punctigena",1,0,0,0,0.50756791972442,0,"A_Pond_2022_summer_nonserpentine_network_case3_version3","3"
"Chrysochus_colbaltinus",1,0,0,0,0.494026808321488,0,"A_Pond_2022_summer_nonserpentine_network_case3_version3","3"
"Danaus_plexippus",1,0,0,0,0.508567459256652,0,"A_Pond_2022_summer_nonserpentine_network_case3_version3","3"
"Dianthidium_dubium",1,0,0,0,0.493287726558413,0,"A_Pond_2022_summer_nonserpentine_network_case3_version3","3"
"Eristalis_stipador",1,0,0,0,0.486820267251143,0,"A_Pond_2022_summer_nonserpentine_network_case3_version3","3"
"Erynnis_tristus",1,0,0,0,0.488231689966392,0,"A_Pond_2022_summer_nonserpentine_network_case3_version3","3"
"Euodyneras_hidalgo",1,0,0,0,0.510013265144086,0,"A_Pond_2022_summer_nonserpentine_network_case3_version3","3"
"Halictidae",1,0,0,0,0.492947276655094,0,"A_Pond_2022_summer_nonserpentine_network_case3_version3","3"
"Halictus_ligatus",1,0,0,0,0.464878742170929,0,"A_Pond_2022_summer_nonserpentine_network_case3_version3","3"
"Halictus_tripartitus",1,0,0,0,0.517019666809132,0,"A_Pond_2022_summer_nonserpentine_network_case3_version3","3"
"Heliopetes_ericetorum",1,0,0,0,0.549540061084339,0,"A_Pond_2022_summer_nonserpentine_network_case3_version3","3"
"Heliothis_phloxiphaga",1,0,0,0,0.519806644492693,0,"A_Pond_2022_summer_nonserpentine_network_case3_version3","3"
"Heliothodes_diminutivus",1,0,0,0,0.490273988684767,0,"A_Pond_2022_summer_nonserpentine_network_case3_version3","3"
"Icaricia_acmon",1,0,0,0,0.534927824877635,0,"A_Pond_2022_summer_nonserpentine_network_case3_version3","3"
"Junonia_grisea",1,0,0,0,0.5319527184041,0,"A_Pond_2022_summer_nonserpentine_network_case3_version3","3"
"Lasioglossum_incompletum",1,0,0,0,0.529338217703317,0,"A_Pond_2022_summer_nonserpentine_network_case3_version3","3"
"Megachile_apicalis",1,0,0,0,0.487424939655431,0,"A_Pond_2022_summer_nonserpentine_network_case3_version3","3"
"Melissodes_lupina",1,0,0,0,0.4509607888297,0,"A_Pond_2022_summer_nonserpentine_network_case3_version3","3"
"Muscidae",1,0,0,0,0.497977860759933,0,"A_Pond_2022_summer_nonserpentine_network_case3_version3","3"
"Polistes_aurifer",1,0,0,0,0.513905792200894,0,"A_Pond_2022_summer_nonserpentine_network_case3_version3","3"
"Polistes_dorsalis",1,0,0,0,0.514649520425428,0,"A_Pond_2022_summer_nonserpentine_network_case3_version3","3"
"Sphex_ichneumoneus",1,0,0,0,0.514489790175338,0,"A_Pond_2022_summer_nonserpentine_network_case3_version3","3"
"Sphex_sp.",1,0,0,0,0.529903476908758,0,"A_Pond_2022_summer_nonserpentine_network_case3_version3","3"
"Strymon_melinus",1,0,0,0,0.487736405496363,0,"A_Pond_2022_summer_nonserpentine_network_case3_version3","3"
"Tachinidae",1,0,0,0,0.485767177369337,0,"A_Pond_2022_summer_nonserpentine_network_case3_version3","3"
"Anthrenus_sp.",1,2.22195844784295e-05,0,1,2.21494845880555e-05,0,"A_Pond_2022_summer_serpentine_network_case3_version2","2"
"Apis_mellifera",1,0,0,0,0.47384103742607,0,"A_Pond_2022_summer_serpentine_network_case3_version2","2"
"Ashmeadiella_aridula_astragali",1,0,0,0,0.54631601995617,0,"A_Pond_2022_summer_serpentine_network_case3_version2","2"
"Bombus_californicus",0,2.8101929102055,0.00500017653990474,0,2.45651070658285,0.00500288117452952,"A_Pond_2022_summer_serpentine_network_case3_version2","2"
"Bombus_crotchii",0,2.47540549451735,0.00500017653990474,0,2.16385860132942,0.00500288117452952,"A_Pond_2022_summer_serpentine_network_case3_version2","2"
"Bombus_sp.",0,2.439261189026,0.00500017653990474,0,2.13226330655741,0.00500288117452952,"A_Pond_2022_summer_serpentine_network_case3_version2","2"
"Bombus_vosnesenskii",0,2.66200236594129,0.00500017510197391,0,2.57377854222815,0.0050037628130878,"A_Pond_2022_summer_serpentine_network_case3_version2","2"
"Braconidae",0,2.54971867540674,0.00500017653990474,0,2.22881895473118,0.00500288117452952,"A_Pond_2022_summer_serpentine_network_case3_version2","2"
"Ceratina_punctigena",0,2.87704120921922,0.00500017510197391,0,2.78169058915093,0.0050037628130878,"A_Pond_2022_summer_serpentine_network_case3_version2","2"
"Chrysochus_colbaltinus",0,2.80028628833818,0.00500017510197391,0,2.70747947244675,0.0050037628130878,"A_Pond_2022_summer_serpentine_network_case3_version2","2"
"Danaus_plexippus",0,2.67962806118906,0.00500017653990474,0,2.34237834622863,0.00500288117452952,"A_Pond_2022_summer_serpentine_network_case3_version2","2"
"Dianthidium_dubium",0,2.59911956666924,0.00500017653990474,0,2.27200240230998,0.00500288117452952,"A_Pond_2022_summer_serpentine_network_case3_version2","2"
"Eristalis_stipador",0,2.56504270011637,0.00500017653990474,0,2.24221434509389,0.00500288117452952,"A_Pond_2022_summer_serpentine_network_case3_version2","2"
"Erynnis_tristus",0,8.9984193108059,0.00500012122481438,0,10.1199654673473,0.00500001312322085,"A_Pond_2022_summer_serpentine_network_case3_version2","2"
"Euodyneras_hidalgo",0,2.68724597294758,0.00500017653990474,0,2.34903749122503,0.00500288117452952,"A_Pond_2022_summer_serpentine_network_case3_version2","2"
"Halictidae",0,2.59732574542608,0.00500017653990474,0,2.27043434586659,0.00500288117452952,"A_Pond_2022_summer_serpentine_network_case3_version2","2"
"Halictus_ligatus",0,12.7014242404421,0.00500011515939843,0,24.5641075945053,0.00500357199996273,"A_Pond_2022_summer_serpentine_network_case3_version2","2"
"Halictus_tripartitus",0,2.93061643493864,0.00500017510197391,0,2.83349023000432,0.0050037628130878,"A_Pond_2022_summer_serpentine_network_case3_version2","2"
"Heliopetes_ericetorum",0,2.89551158184601,0.00500017653990474,0,2.53109143365908,0.00500288117452952,"A_Pond_2022_summer_serpentine_network_case3_version2","2"
"Heliothis_phloxiphaga",0,2.94641382742952,0.00500017510197391,0,2.84876406672176,0.0050037628130878,"A_Pond_2022_summer_serpentine_network_case3_version2","2"
"Heliothodes_diminutivus",0,9.03606016969838,0.00500012122481438,0,10.1622978123041,0.00500001312322085,"A_Pond_2022_summer_serpentine_network_case3_version2","2"
"Icaricia_acmon",0,9.85905865612395,0.00500012122481438,0,11.0878732913253,0.00500001312322085,"A_Pond_2022_summer_serpentine_network_case3_version2","2"
"Junonia_grisea",0,3.01526127388391,0.00500017510197391,0,2.91532977772825,0.0050037628130878,"A_Pond_2022_summer_serpentine_network_case3_version2","2"
"Lasioglossum_incompletum",0,3.00044153062068,0.00500017510197391,0,2.90100118927573,0.0050037628130878,"A_Pond_2022_summer_serpentine_network_case3_version2","2"
"Megachile_apicalis",0,2.76286499461609,0.00500017510197391,0,2.67129839157993,0.0050037628130878,"A_Pond_2022_summer_serpentine_network_case3_version2","2"
"Melissodes_lupina",0,2.46778080168437,0.00500017576852452,0,2.26568730268743,0.00500332199380866,"A_Pond_2022_summer_serpentine_network_case3_version2","2"
"Muscidae",0,9.79717845390949,0.00500011736695172,0,7.76763659911344,0.00500322658724612,"A_Pond_2022_summer_serpentine_network_case3_version2","2"
"Polistes_aurifer",0,2.81223307941917,0.00500017576852452,0,2.58193141621323,0.00500332199380866,"A_Pond_2022_summer_serpentine_network_case3_version2","2"
"Polistes_dorsalis",0,2.81630296372252,0.00500017576852452,0,2.58566800626284,0.00500332199380866,"A_Pond_2022_summer_serpentine_network_case3_version2","2"
"Sphex_ichneumoneus",0,2.81542887610176,0.00500017576852452,0,2.58486550026475,0.00500332199380866,"A_Pond_2022_summer_serpentine_network_case3_version2","2"
"Sphex_sp.",0,2.8997767864896,0.00500017576850475,0,2.66230592322428,0.00500332199380866,"A_Pond_2022_summer_serpentine_network_case3_version2","2"
"Strymon_melinus",0,6.64994229433398,0.0050001258866332,0,5.19809902232637,0.00500188796815433,"A_Pond_2022_summer_serpentine_network_case3_version2","2"
"Tachinidae",0,6.8965809148739,0.00500011964791988,0,0.241011245926494,0.00375255399689501,"A_Pond_2022_summer_serpentine_network_case3_version2","2"
"Andrena_dissona",0,6.21872701495283,0.00500014688284143,0,0.0730243547152184,0.00317527538470345,"A_Pond_2023_spring_full_network_case3_version1","1"
"Andrena_pensilis",0,15.3126805080415,0.00500014932003155,0,6.65655106638228,0.00482415095435393,"A_Pond_2023_spring_full_network_case3_version1","1"
"Andrena_subchalybea",0,12.6224567574123,0.00500014932003155,0,5.48708816563192,0.00482415095435393,"A_Pond_2023_spring_full_network_case3_version1","1"
"Apis_mellifera",0,7.47160518257737,0.00500014721883902,0,0.943964018828642,0.00452276162695607,"A_Pond_2023_spring_full_network_case3_version1","1"
"Bombus_californicus",0,5.65947402825412,0.00500014688284143,0,0.0664572408399865,0.00317527538470345,"A_Pond_2023_spring_full_network_case3_version1","1"
"Bombus_melanopygus",0,4.38573557762902,0.00500014392414066,0,4.54414660578127,0.00503040629782641,"A_Pond_2023_spring_full_network_case3_version1","1"
"Bombus_vosnesenskii",0,6.05535520558987,0.00500014688284143,0,0.0711059362094604,0.00317527538470345,"A_Pond_2023_spring_full_network_case3_version1","1"
"Bombylius_major",0,3.83313745862035,0.00500014392414066,0,3.97158886219881,0.00503040629782641,"A_Pond_2023_spring_full_network_case3_version1","1"
"Brachysomida_californica",0,4.18686881499094,0.00500014392414066,0,4.3380968547791,0.00503040629782641,"A_Pond_2023_spring_full_network_case3_version1","1"
"Coenonympha_californica",0,4.08312648505705,0.00500014392414066,0,4.23060739324498,0.00503040629782641,"A_Pond_2023_spring_full_network_case3_version1","1"
"Cyrtopogon_sp.",0,4.28094640028362,0.00500014392414066,0,4.43557248514117,0.00503040629782641,"A_Pond_2023_spring_full_network_case3_version1","1"
"Diadasia_bituberculata",0,6.43101451587665,0.00500014688284143,0,0.0755171732127192,0.00317527538470345,"A_Pond_2023_spring_full_network_case3_version1","1"
"Diadasia_nigrifrons",0,4.13881644449221,0.00500014392414066,0,4.28830885125596,0.00503040629782641,"A_Pond_2023_spring_full_network_case3_version1","1"
"Eristalis_hirta",0,7.208344448756,0.00500014721883902,0,0.910703607811385,0.00452276162695607,"A_Pond_2023_spring_full_network_case3_version1","1"
"Erynnis_sp.",0,7.08786444272209,0.00500014721883902,0,0.895482140942768,0.00452276162695607,"A_Pond_2023_spring_full_network_case3_version1","1"
"Eucera_actuosa",0,3.88987363119031,0.00500014392414066,0,4.03037432246267,0.00503040629782641,"A_Pond_2023_spring_full_network_case3_version1","1"
"Helithodes_dimutiva",0,9.65067434298416,0.00500014725236801,0,2.77380146706438,0.00465538835954184,"A_Pond_2023_spring_full_network_case3_version1","1"
"Listrus_sp._1",0,9.89845664760636,0.00500014725236801,0,2.84501917686779,0.00465538835954184,"A_Pond_2023_spring_full_network_case3_version1","1"
"Malachius_sp.",0,10.2035864990424,0.00500014769544396,0,4.88073843860561,0.00481684548255442,"A_Pond_2023_spring_full_network_case3_version1","1"
"Nymphalis_californica",0,15.2280282145487,0.00500014759205208,0,26.776184929158,0.0050512552083245,"A_Pond_2023_spring_full_network_case3_version1","1"
"Osmia_sp.",0,14.0174929575246,0.00500014759200336,0,24.6476417252743,0.0050512552083245,"A_Pond_2023_spring_full_network_case3_version1","1"
"Panurginus_sp.",0,7.96023766294731,0.00500014675612306,0,3.66594928256821,0.00484289732868413,"A_Pond_2023_spring_full_network_case3_version1","1"
"Polistes_aurifer",0,10.1046665936489,0.00500014769544396,0,4.83342152860994,0.00481684548255442,"A_Pond_2023_spring_full_network_case3_version1","1"
"Scaeva_affinis",0,5.58189692789749,0.00500014597480293,0,0.590913139808002,0.00410284084126493,"A_Pond_2023_spring_full_network_case3_version1","1"
"silver_moth_Lepidoptera",0,9.5208646543154,0.0050001476628744,0,1.33132104354444,0.00414310236142811,"A_Pond_2023_spring_full_network_case3_version1","1"
"Sphaerophoria_sp.",0,5.5429629513796,0.00500014638498586,0,1.8698864423897,0.00477658396239124,"A_Pond_2023_spring_full_network_case3_version1","1"
"Xylocopa_sonorina",0,37.5853634430864,0.00500015292608474,0,54.1818316868287,0.00500140247089067,"A_Pond_2023_spring_full_network_case3_version1","1"
"Xylocopa_sp.",0,14.1427997897072,0.00500014760643115,0,16.3663884313066,0.0049672070285859,"A_Pond_2023_spring_full_network_case3_version1","1"
"Xylocopa_tabaniformis",0,9.66081946067253,0.00500014827758513,0,103.604766777327,0.00507086681692553,"A_Pond_2023_spring_full_network_case3_version1","1"
"Andrena_dissona",1,2.31528926844782e-05,0,1,2.31178294993141e-05,0,"A_Pond_2023_spring_nonserpentine_network_case3_version3","3"
"Andrena_pensilis",1,0,0,0,0.548203242196796,0,"A_Pond_2023_spring_nonserpentine_network_case3_version3","3"
"Andrena_subchalybea",1,0,0,0,0.451891601552205,0,"A_Pond_2023_spring_nonserpentine_network_case3_version3","3"
"Apis_mellifera",1,0,0,0,0.54214728790901,0,"A_Pond_2023_spring_nonserpentine_network_case3_version3","3"
"Bombus_californicus",1,0,0,0,0.469467886732643,0,"A_Pond_2023_spring_nonserpentine_network_case3_version3","3"
"Bombus_melanopygus",1,0,0,0,0.546772315537917,0,"A_Pond_2023_spring_nonserpentine_network_case3_version3","3"
"Bombus_vosnesenskii",1,0,0,0,0.502307245765024,0,"A_Pond_2023_spring_nonserpentine_network_case3_version3","3"
"Bombylius_major",1,0,0,0,0.477879572765846,0,"A_Pond_2023_spring_nonserpentine_network_case3_version3","3"
"Brachysomida_californica",1,0,0,0,0.521979475567108,0,"A_Pond_2023_spring_nonserpentine_network_case3_version3","3"
"Coenonympha_californica",1,0,0,0,0.509045856380391,0,"A_Pond_2023_spring_nonserpentine_network_case3_version3","3"
"Cyrtopogon_sp.",1,0,0,0,0.533708185229315,0,"A_Pond_2023_spring_nonserpentine_network_case3_version3","3"
"Diadasia_bituberculata",1,0,0,0,0.533469149090102,0,"A_Pond_2023_spring_nonserpentine_network_case3_version3","3"
"Diadasia_nigrifrons",1,0,0,0,0.515988757352339,0,"A_Pond_2023_spring_nonserpentine_network_case3_version3","3"
"Eristalis_hirta",1,0,0,0,0.523044820769245,0,"A_Pond_2023_spring_nonserpentine_network_case3_version3","3"
"Erynnis_sp.",1,0,0,0,0.514302668703861,0,"A_Pond_2023_spring_nonserpentine_network_case3_version3","3"
"Eucera_actuosa",1,0,0,0,0.484952905790393,0,"A_Pond_2023_spring_nonserpentine_network_case3_version3","3"
"Helithodes_dimutiva",1,0,0,0,0.503487619130634,0,"A_Pond_2023_spring_nonserpentine_network_case3_version3","3"
"Listrus_sp._1",1,0,0,0,0.516414728558815,0,"A_Pond_2023_spring_nonserpentine_network_case3_version3","3"
"Malachius_sp.",1,0,0,0,0.482342888010825,0,"A_Pond_2023_spring_nonserpentine_network_case3_version3","3"
"Nymphalis_californica",1,0,0,0,0.536918797943238,0,"A_Pond_2023_spring_nonserpentine_network_case3_version3","3"
"Osmia_sp.",0,3.57566742031289,0.00500019526467536,0,3.57566763764384,0.0050001971228304,"A_Pond_2023_spring_nonserpentine_network_case3_version3","3"
"Panurginus_sp.",0,3.91974861476874,0.00500019526467536,0,3.91974885301511,0.0050001971228304,"A_Pond_2023_spring_nonserpentine_network_case3_version3","3"
"Polistes_aurifer",0,3.45578608665207,0.00500019526467536,0,3.45578629669584,0.0050001971228304,"A_Pond_2023_spring_nonserpentine_network_case3_version3","3"
"Scaeva_affinis",0,3.9441918137739,0.00500019526467536,0,3.94419205350326,0.0050001971228304,"A_Pond_2023_spring_nonserpentine_network_case3_version3","3"
"silver_moth_Lepidoptera",0,3.34044310113584,0.00500019526467536,0,3.34044330417053,0.0050001971228304,"A_Pond_2023_spring_nonserpentine_network_case3_version3","3"
"Sphaerophoria_sp.",0,3.55659458142824,0.00500019526467536,0,3.5565947976003,0.0050001971228304,"A_Pond_2023_spring_nonserpentine_network_case3_version3","3"
"Xylocopa_sonorina",0,3.86071918502941,0.00500019526467536,0,3.86071941968668,0.0050001971228304,"A_Pond_2023_spring_nonserpentine_network_case3_version3","3"
"Xylocopa_sp.",0,3.95199240342534,0.00500019526467536,0,3.95199264362874,0.0050001971228304,"A_Pond_2023_spring_nonserpentine_network_case3_version3","3"
"Xylocopa_tabaniformis",0,3.49648917403222,0.00500019526467536,0,3.49648938654928,0.0050001971228304,"A_Pond_2023_spring_nonserpentine_network_case3_version3","3"
"Andrena_dissona",1,2.31979698041811e-05,0,1,2.34290171914183e-05,0,"A_Pond_2023_spring_serpentine_network_case3_version2","2"
"Andrena_pensilis",1,0,0,0,0.548203242196796,0,"A_Pond_2023_spring_serpentine_network_case3_version2","2"
"Andrena_subchalybea",1,0,0,0,0.451891601552205,0,"A_Pond_2023_spring_serpentine_network_case3_version2","2"
"Apis_mellifera",0,7.4089166043318,0.00500024030780924,0,0.197769452203189,0.00350926110999826,"A_Pond_2023_spring_serpentine_network_case3_version2","2"
"Bombus_californicus",0,15.6767350139073,0.00500014488868034,0,5.38453076317337,0.00475916646870553,"A_Pond_2023_spring_serpentine_network_case3_version2","2"
"Bombus_melanopygus",0,18.2581278632218,0.00500014488868034,0,6.27116877784523,0.00475916646870553,"A_Pond_2023_spring_serpentine_network_case3_version2","2"
"Bombus_vosnesenskii",0,11.0291329243176,0.00500021809932232,0,3.54413789559568,0.00471353976919127,"A_Pond_2023_spring_serpentine_network_case3_version2","2"
"Bombylius_major",0,12.573525128687,0.00500020572011045,0,14.1282854063174,0.0050160417665635,"A_Pond_2023_spring_serpentine_network_case3_version2","2"
"Brachysomida_californica",0,13.7338409648305,0.00500020572011045,0,15.4320783463771,0.0050160417665635,"A_Pond_2023_spring_serpentine_network_case3_version2","2"
"Coenonympha_californica",0,6.95655660711392,0.00500024030780924,0,0.185694408891027,0.00350926110999826,"A_Pond_2023_spring_serpentine_network_case3_version2","2"
"Cyrtopogon_sp.",1,0,0,0,0.533708185229315,0,"A_Pond_2023_spring_serpentine_network_case3_version2","2"
"Diadasia_bituberculata",0,7.29032225137914,0.00500024030780924,0,0.194603761254279,0.00350926110999826,"A_Pond_2023_spring_serpentine_network_case3_version2","2"
"Diadasia_nigrifrons",1,0,0,0,0.515988757352339,0,"A_Pond_2023_spring_serpentine_network_case3_version2","2"
"Eristalis_hirta",1,0,0,0,0.523044820769245,0,"A_Pond_2023_spring_serpentine_network_case3_version2","2"
"Erynnis_sp.",1,0,0,0,0.514302668703861,0,"A_Pond_2023_spring_serpentine_network_case3_version2","2"
"Eucera_actuosa",1,0,0,0,0.484952905790393,0,"A_Pond_2023_spring_serpentine_network_case3_version2","2"
"Helithodes_dimutiva",0,11.0550503183506,0.00500021809932232,0,3.55246627637945,0.00471353976919127,"A_Pond_2023_spring_serpentine_network_case3_version2","2"
"Listrus_sp._1",0,7.05725868681464,0.00500024030780924,0,0.188382493564086,0.00350926110999826,"A_Pond_2023_spring_serpentine_network_case3_version2","2"
"Malachius_sp.",1,0,0,0,0.482342888010825,0,"A_Pond_2023_spring_serpentine_network_case3_version2","2"
"Nymphalis_californica",1,0,0,0,0.536918797943238,0,"A_Pond_2023_spring_serpentine_network_case3_version2","2"
"Osmia_sp.",1,0,0,0,0.494237031994498,0,"A_Pond_2023_spring_serpentine_network_case3_version2","2"
"Panurginus_sp.",0,11.1728252189488,0.00500021600982798,0,4.01386553564813,0.00468983016003993,"A_Pond_2023_spring_serpentine_network_case3_version2","2"
"Polistes_aurifer",0,9.85034953498656,0.00500021600982798,0,3.53876282300453,0.00468983016003993,"A_Pond_2023_spring_serpentine_network_case3_version2","2"
"Scaeva_affinis",0,7.94925333469657,0.00500021597181795,0,0.00999737490305577,0.00234491508001997,"A_Pond_2023_spring_serpentine_network_case3_version2","2"
"silver_moth_Lepidoptera",0,4.46155259286264,0.00500024024343292,0,0.0018791383149635,0.00175463055499913,"A_Pond_2023_spring_serpentine_network_case3_version2","2"
"Sphaerophoria_sp.",0,8.99010380234209,0.00500022430146873,0,0.78867781402824,0.00411140043959476,"A_Pond_2023_spring_serpentine_network_case3_version2","2"
"Xylocopa_sonorina",0,34.3084938645768,0.00500008619030358,0,51.6268975207963,0.00499871801242024,"A_Pond_2023_spring_serpentine_network_case3_version2","2"
"Xylocopa_sp.",0,12.6137504582723,0.00500021218681883,0,6.3154682847622,0.0048064705652649,"A_Pond_2023_spring_serpentine_network_case3_version2","2"
"Xylocopa_tabaniformis",0,41.6430756283661,0.00500007130451065,0,126.572134295269,0.00507849093348802,"A_Pond_2023_spring_serpentine_network_case3_version2","2"
"Agapostemon_subtilior",0,1.5345344459189,0.00500030768537272,0,0.0051237323965692,0.00239179222954873,"A_Pond_2023_summer_full_network_case3_version1","1"
"Anastrangalia_laetifca",0,26.8141977335981,0.00500038670689306,0,26.8155716917267,0.00500024652195551,"A_Pond_2023_summer_full_network_case3_version1","1"
"Anthrenus_sp.",0,1.68408630448637,0.00500030768537272,0,0.00562307843913818,0.00239179222954873,"A_Pond_2023_summer_full_network_case3_version1","1"
"Apis_mellifera",0,1.71453485406696,0.00500030768537272,0,0.00572474459593928,0.00239179222954873,"A_Pond_2023_summer_full_network_case3_version1","1"
"Ashmeadiella_aridula_astragali",0,2.80076059821571,0.00500030913236338,0,0.0138875628034336,0.00251752043622907,"A_Pond_2023_summer_full_network_case3_version1","1"
"Autographa_californica",0,9.43565413189418,0.00500037060602814,0,1.59755933292779,0.00463043687467308,"A_Pond_2023_summer_full_network_case3_version1","1"
"Bombus_californicus",0,1.55335153860012,0.00500030768537272,0,0.00518656171092891,0.00239179222954873,"A_Pond_2023_summer_full_network_case3_version1","1"
"Bombus_crotchii",0,1.55790130016065,0.00500030768537272,0,0.00520175313316941,0.00239179222954873,"A_Pond_2023_summer_full_network_case3_version1","1"
"Bombus_sp.",0,6.09720326186466,0.00500036222555984,0,3.45770576155799,0.00499688302886605,"A_Pond_2023_summer_full_network_case3_version1","1"
"Bombus_vosnesenskii",0,1.7457989981037,0.00500030768537272,0,0.0058291339815813,0.00239179222954873,"A_Pond_2023_summer_full_network_case3_version1","1"
"Bombylius_major",0,1.80280482884776,0.00500030768537272,0,0.0060194735484508,0.00239179222954873,"A_Pond_2023_summer_full_network_case3_version1","1"
"Brachynomada_melanantha",0,9.14768055057851,0.00500037060602814,0,1.54880225970872,0.00463043687467308,"A_Pond_2023_summer_full_network_case3_version1","1"
"Braconidae",0,1.730887748974,0.00500030768537272,0,0.00577934607944619,0.00239179222954873,"A_Pond_2023_summer_full_network_case3_version1","1"
"Ceratina_punctigena",0,5.47104183655712,0.00500036222555984,0,3.10261148786956,0.00499688302886605,"A_Pond_2023_summer_full_network_case3_version1","1"
"Chrysochus_colbaltinus",0,2.88755353696525,0.00500030913236338,0,0.014317925318034,0.00251752043622907,"A_Pond_2023_summer_full_network_case3_version1","1"
"Colias_eurytheme",0,1.49307127651671,0.00500030768537272,0,0.00498528898446929,0.00239179222954873,"A_Pond_2023_summer_full_network_case3_version1","1"
"Diabrotica_undecimpunctata",0,1.76348196533261,0.00500030768537272,0,0.00588817650917808,0.00239179222954873,"A_Pond_2023_summer_full_network_case3_version1","1"
"Dianthidium_dubium",0,26.652559108239,0.00500038827176797,0,26.6539276460596,0.0050002477048695,"A_Pond_2023_summer_full_network_case3_version1","1"
"Drosophilidae",0,18.9951722774532,0.00500037714777642,0,29.0030394980151,0.0050091358265772,"A_Pond_2023_summer_full_network_case3_version1","1"
"Eristalis_stipador",0,5.73318351407753,0.00500036222555984,0,3.25127124946941,0.00499688302886605,"A_Pond_2023_summer_full_network_case3_version1","1"
"Erynnis_tristus",0,1.57572461533506,0.00500030768537272,0,0.00526126427526026,0.00239179222954873,"A_Pond_2023_summer_full_network_case3_version1","1"
"Halictidae",0,6.03224425713698,0.00500036222555984,0,3.42086770416497,0.00499688302886605,"A_Pond_2023_summer_full_network_case3_version1","1"
"Halictus_ligatus",0,1.76238714307705,0.00500030768537272,0,0.00588452095294547,0.00239179222954873,"A_Pond_2023_summer_full_network_case3_version1","1"
"Halictus_tripartitus",0,3.89702115376097,0.0050003581657335,0,0.122469749130757,0.00369433762920739,"A_Pond_2023_summer_full_network_case3_version1","1"
"Heliothis_phloxiphaga",0,2.52029232405338,0.00500030880621935,0,0.00937362147423425,0.0024546563328889,"A_Pond_2023_summer_full_network_case3_version1","1"
"Heliothodes_diminutivus",0,2.52564394636306,0.00500030880621935,0,0.0093935255464986,0.0024546563328889,"A_Pond_2023_summer_full_network_case3_version1","1"
"Icaricia_acmon",0,2.43907650144087,0.00500030880621935,0,0.0090715587465115,0.0024546563328889,"A_Pond_2023_summer_full_network_case3_version1","1"
"Lasioglossum_incompletum",0,2.26776561174623,0.00500030880621935,0,0.00843440906758454,0.0024546563328889,"A_Pond_2023_summer_full_network_case3_version1","1"
"Listrus_sp_1",0,2.57068064132436,0.00500030880621935,0,0.00956102870533728,0.0024546563328889,"A_Pond_2023_summer_full_network_case3_version1","1"
"Megachile_apicalis",0,2.22250198271461,0.00500030880621935,0,0.00826606188993732,0.0024546563328889,"A_Pond_2023_summer_full_network_case3_version1","1"
"Megachile_sp.",0,2.41698870252261,0.00500030880621935,0,0.00898940848692424,0.0024546563328889,"A_Pond_2023_summer_full_network_case3_version1","1"
"Melissodes_lupina",0,2.47865200931963,0.00500030880621935,0,0.00921875033867525,0.0024546563328889,"A_Pond_2023_summer_full_network_case3_version1","1"
"Melissodes_robustior",0,2.26419194538165,0.00500030880621935,0,0.00842111768135746,0.0024546563328889,"A_Pond_2023_summer_full_network_case3_version1","1"
"Osmia_nemoris",0,2.52892176572543,0.00500030880621935,0,0.00940571661268219,0.0024546563328889,"A_Pond_2023_summer_full_network_case3_version1","1"
"small_narrow_ab_Syrphidae",0,2.42827274794365,0.00500030880620738,0,0.00903137678786523,0.0024546563328889,"A_Pond_2023_summer_full_network_case3_version1","1"
"Sphex_ashmeadi",0,6.74179771476747,0.00500036803942639,0,2.00568509679637,0.00481365995176956,"A_Pond_2023_summer_full_network_case3_version1","1"
"Thysanoptera",0,7.06144814053194,0.00500036803942639,0,2.10078111200096,0.00481365995176956,"A_Pond_2023_summer_full_network_case3_version1","1"
"Trichodes_ornatus",0,12.2790761371541,0.00500037571751201,0,0.608334178162347,0.004010454976933,"A_Pond_2023_summer_full_network_case3_version1","1"
"Villa_sp.",0,28.655439483108,0.00500038337195897,0,42.1903502801214,0.0050012384236842,"A_Pond_2023_summer_full_network_case3_version1","1"
"white_moth_Lepidoptera",0,1.95853283155612,0.00500030977223614,0,41.7935545293619,0.00500129195638731,"A_Pond_2023_summer_full_network_case3_version1","1"
"Xylocopa_sp.",0,42.7482752865813,0.00500039347668562,0,58.9838935950365,0.0050145559921678,"A_Pond_2023_summer_full_network_case3_version1","1"
"Xylocopa_tabiformis",0,60.5977268627306,0.00500039421883459,0,111.509556608757,0.00501868007659338,"A_Pond_2023_summer_full_network_case3_version1","1"
"Agapostemon_subtilior",1,2.10345167110506e-05,0,1,2.09075910737295e-05,0,"A_Pond_2023_summer_nonserpentine_network_case3_version3","3"
"Anastrangalia_laetifca",1,0,0,0,0.520384951387711,0,"A_Pond_2023_summer_nonserpentine_network_case3_version3","3"
"Anthrenus_sp.",1,0,0,0,0.509877973264026,0,"A_Pond_2023_summer_nonserpentine_network_case3_version3","3"
"Apis_mellifera",1,0,0,0,0.51909664849243,0,"A_Pond_2023_summer_nonserpentine_network_case3_version3","3"
"Ashmeadiella_aridula_astragali",1,0,0,0,0.457371212266093,0,"A_Pond_2023_summer_nonserpentine_network_case3_version3","3"
"Autographa_californica",1,0,0,0,0.537964556220902,0,"A_Pond_2023_summer_nonserpentine_network_case3_version3","3"
"Bombus_californicus",1,0,0,0,0.470296404706452,0,"A_Pond_2023_summer_nonserpentine_network_case3_version3","3"
"Bombus_crotchii",1,0,0,0,0.471673901342635,0,"A_Pond_2023_summer_nonserpentine_network_case3_version3","3"
"Bombus_sp.",1,0,0,0,0.523259865666395,0,"A_Pond_2023_summer_nonserpentine_network_case3_version3","3"
"Bombus_vosnesenskii",1,0,0,0,0.528562255100609,0,"A_Pond_2023_summer_nonserpentine_network_case3_version3","3"
"Bombylius_major",1,0,0,0,0.545821475934154,0,"A_Pond_2023_summer_nonserpentine_network_case3_version3","3"
"Brachynomada_melanantha",1,0,0,0,0.521546025328127,0,"A_Pond_2023_summer_nonserpentine_network_case3_version3","3"
"Braconidae",1,0,0,0,0.52404768982625,0,"A_Pond_2023_summer_nonserpentine_network_case3_version3","3"
"Ceratina_punctigena",1,0,0,0,0.469522909782605,0,"A_Pond_2023_summer_nonserpentine_network_case3_version3","3"
"Chrysochus_colbaltinus",1,0,0,0,0.471544716237832,0,"A_Pond_2023_summer_nonserpentine_network_case3_version3","3"
"Colias_eurytheme",1,0,0,0,0.45204580924569,0,"A_Pond_2023_summer_nonserpentine_network_case3_version3","3"
"Diabrotica_undecimpunctata",1,0,0,0,0.533915992306506,0,"A_Pond_2023_summer_nonserpentine_network_case3_version3","3"
"Dianthidium_dubium",1,0,0,0,0.526082695450672,0,"A_Pond_2023_summer_nonserpentine_network_case3_version3","3"
"Drosophilidae",1,0,0,0,0.471862439448881,0,"A_Pond_2023_summer_nonserpentine_network_case3_version3","3"
"Eristalis_stipador",1,0,0,0,0.492019817345785,0,"A_Pond_2023_summer_nonserpentine_network_case3_version3","3"
"Erynnis_tristus",1,0,0,0,0.47707013060668,0,"A_Pond_2023_summer_nonserpentine_network_case3_version3","3"
"Halictidae",1,0,0,0,0.51768510647476,0,"A_Pond_2023_summer_nonserpentine_network_case3_version3","3"
"Halictus_ligatus",1,0,0,0,0.533584521284133,0,"A_Pond_2023_summer_nonserpentine_network_case3_version3","3"
"Halictus_tripartitus",1,0,0,0,0.455049222430703,0,"A_Pond_2023_summer_nonserpentine_network_case3_version3","3"
"Heliothis_phloxiphaga",0,1.93330357349701,0.00500029328845695,0,0.887040427945663,0.00493909127251933,"A_Pond_2023_summer_nonserpentine_network_case3_version3","3"
"Heliothodes_diminutivus",1,0,0,0,0.513369177916725,0,"A_Pond_2023_summer_nonserpentine_network_case3_version3","3"
"Icaricia_acmon",0,1.87100332421863,0.00500029328845695,0,0.858455760460148,0.00493909127251933,"A_Pond_2023_summer_nonserpentine_network_case3_version3","3"
"Lasioglossum_incompletum",0,1.73959160182561,0.00500029328845695,0,0.79816129243299,0.00493909127251933,"A_Pond_2023_summer_nonserpentine_network_case3_version3","3"
"Listrus_sp_1",0,1.97195619820118,0.00500029328845695,0,0.904775066847206,0.00493909127251933,"A_Pond_2023_summer_nonserpentine_network_case3_version3","3"
"Megachile_apicalis",0,1.70487009930995,0.00500029328845695,0,0.782230335267935,0.00493909127251933,"A_Pond_2023_summer_nonserpentine_network_case3_version3","3"
"Megachile_sp.",0,1.8540598844934,0.00500029328845695,0,0.850681753182697,0.00493909127251933,"A_Pond_2023_summer_nonserpentine_network_case3_version3","3"
"Melissodes_lupina",0,1.90136149712046,0.00500029328845695,0,0.872384730032918,0.00493909127251933,"A_Pond_2023_summer_nonserpentine_network_case3_version3","3"
"Melissodes_robustior",0,1.73685026023698,0.00500029328845695,0,0.796903507146021,0.00493909127251933,"A_Pond_2023_summer_nonserpentine_network_case3_version3","3"
"Osmia_nemoris",0,1.93992317454646,0.00500029328845695,0,0.890077640420715,0.00493909127251933,"A_Pond_2023_summer_nonserpentine_network_case3_version3","3"
"small_narrow_ab_Syrphidae",0,1.86271581911099,0.00500029328845695,0,0.854653278436803,0.00493909127251933,"A_Pond_2023_summer_nonserpentine_network_case3_version3","3"
"Sphex_ashmeadi",0,1.70875088358703,0.00500029328845695,0,0.784010920890313,0.00493909127251933,"A_Pond_2023_summer_nonserpentine_network_case3_version3","3"
"Thysanoptera",0,1.7897682876821,0.00500029328845695,0,0.821183413499717,0.00493909127251933,"A_Pond_2023_summer_nonserpentine_network_case3_version3","3"
"Trichodes_ornatus",0,1.8227605673327,0.00500029328845695,0,0.836320966781916,0.00493909127251933,"A_Pond_2023_summer_nonserpentine_network_case3_version3","3"
"Villa_sp.",0,1.93671084936967,0.00500029328845695,0,0.888603757908428,0.00493909127251933,"A_Pond_2023_summer_nonserpentine_network_case3_version3","3"
"white_moth_Lepidoptera",0,1.84007094436502,0.00500029328845695,0,0.84426333260918,0.00493909127251933,"A_Pond_2023_summer_nonserpentine_network_case3_version3","3"
"Xylocopa_sp.",0,1.34616162210234,0.00500029328514186,0,0.00447050652868647,0.00246954563625966,"A_Pond_2023_summer_nonserpentine_network_case3_version3","3"
"Xylocopa_tabiformis",0,33.878658341848,0.00500035251262101,0,50.0600743635956,0.00501594273222376,"A_Pond_2023_summer_nonserpentine_network_case3_version3","3"
"Agapostemon_subtilior",1,2.10641892323796e-05,0,1,2.10339902202617e-05,0,"A_Pond_2023_summer_serpentine_network_case3_version2","2"
"Anastrangalia_laetifca",1,0,0,0,0.520384951387711,0,"A_Pond_2023_summer_serpentine_network_case3_version2","2"
"Anthrenus_sp.",1,0,0,0,0.509877973264026,0,"A_Pond_2023_summer_serpentine_network_case3_version2","2"
"Apis_mellifera",1,0,0,0,0.51909664849243,0,"A_Pond_2023_summer_serpentine_network_case3_version2","2"
"Ashmeadiella_aridula_astragali",1,0,0,0,0.457371212266093,0,"A_Pond_2023_summer_serpentine_network_case3_version2","2"
"Autographa_californica",1,0,0,0,0.537964556220902,0,"A_Pond_2023_summer_serpentine_network_case3_version2","2"
"Bombus_californicus",1,0,0,0,0.470296404706452,0,"A_Pond_2023_summer_serpentine_network_case3_version2","2"
"Bombus_crotchii",1,0,0,0,0.471673901342635,0,"A_Pond_2023_summer_serpentine_network_case3_version2","2"
"Bombus_sp.",1,0,0,0,0.523259865666395,0,"A_Pond_2023_summer_serpentine_network_case3_version2","2"
"Bombus_vosnesenskii",1,0,0,0,0.528562255100609,0,"A_Pond_2023_summer_serpentine_network_case3_version2","2"
"Bombylius_major",1,0,0,0,0.545821475934154,0,"A_Pond_2023_summer_serpentine_network_case3_version2","2"
"Brachynomada_melanantha",1,0,0,0,0.521546025328127,0,"A_Pond_2023_summer_serpentine_network_case3_version2","2"
"Braconidae",0,5.69474897119944,0.00500013215259878,0,5.71175880450444,0.00500341821831527,"A_Pond_2023_summer_serpentine_network_case3_version2","2"
"Ceratina_punctigena",1,0,0,0,0.469522909782605,0,"A_Pond_2023_summer_serpentine_network_case3_version2","2"
"Chrysochus_colbaltinus",1,0,0,0,0.471544716237832,0,"A_Pond_2023_summer_serpentine_network_case3_version2","2"
"Colias_eurytheme",1,0,0,0,0.45204580924569,0,"A_Pond_2023_summer_serpentine_network_case3_version2","2"
"Diabrotica_undecimpunctata",1,0,0,0,0.533915992306506,0,"A_Pond_2023_summer_serpentine_network_case3_version2","2"
"Dianthidium_dubium",1,0,0,0,0.526082695450672,0,"A_Pond_2023_summer_serpentine_network_case3_version2","2"
"Drosophilidae",1,0,0,0,0.471862439448881,0,"A_Pond_2023_summer_serpentine_network_case3_version2","2"
"Eristalis_stipador",1,0,0,0,0.492019817345785,0,"A_Pond_2023_summer_serpentine_network_case3_version2","2"
"Erynnis_tristus",1,0,0,0,0.47707013060668,0,"A_Pond_2023_summer_serpentine_network_case3_version2","2"
"Halictidae",1,0,0,0,0.51768510647476,0,"A_Pond_2023_summer_serpentine_network_case3_version2","2"
"Halictus_ligatus",0,5.79838431235869,0.00500013215259878,0,5.81570369705943,0.00500341821831527,"A_Pond_2023_summer_serpentine_network_case3_version2","2"
"Halictus_tripartitus",1,0,0,0,0.455049222430703,0,"A_Pond_2023_summer_serpentine_network_case3_version2","2"
"Heliothis_phloxiphaga",1,0,0,0,0.512281392823104,0,"A_Pond_2023_summer_serpentine_network_case3_version2","2"
"Heliothodes_diminutivus",1,0,0,0,0.513369177916725,0,"A_Pond_2023_summer_serpentine_network_case3_version2","2"
"Icaricia_acmon",1,0,0,0,0.495773246393433,0,"A_Pond_2023_summer_serpentine_network_case3_version2","2"
"Lasioglossum_incompletum",1,0,0,0,0.460952134435508,0,"A_Pond_2023_summer_serpentine_network_case3_version2","2"
"Listrus_sp_1",0,31.6922637584053,0.00500053610273438,0,31.6922656791851,0.00500023171443662,"A_Pond_2023_summer_serpentine_network_case3_version2","2"
"Megachile_apicalis",0,22.2897792793915,0.00500019773979309,0,36.6569535910099,0.00500048371034314,"A_Pond_2023_summer_serpentine_network_case3_version2","2"
"Megachile_sp.",0,5.33870666604493,0.00500013215259878,0,5.35465302487652,0.00500341821831527,"A_Pond_2023_summer_serpentine_network_case3_version2","2"
"Melissodes_lupina",1,0,0,0,0.50381747044335,0,"A_Pond_2023_summer_serpentine_network_case3_version2","2"
"Melissodes_robustior",0,5.00120526838289,0.00500013215259878,0,5.01614353250744,0.00500341821831527,"A_Pond_2023_summer_serpentine_network_case3_version2","2"
"Osmia_nemoris",1,0,0,0,0.514035436261462,0,"A_Pond_2023_summer_serpentine_network_case3_version2","2"
"small_narrow_ab_Syrphidae",0,3.79256860152885,0.00500013224086455,0,0.0109696246227874,0.00250170910915764,"A_Pond_2023_summer_serpentine_network_case3_version2","2"
"Sphex_ashmeadi",0,31.1993655179666,0.00500072539290023,0,31.0966584202216,0.00500024324842986,"A_Pond_2023_summer_serpentine_network_case3_version2","2"
"Thysanoptera",0,29.7062661313428,0.00500068410718919,0,29.598556349783,0.00500024461374646,"A_Pond_2023_summer_serpentine_network_case3_version2","2"
"Trichodes_ornatus",0,3.71121801025278,0.00500013224086455,0,0.010734326190114,0.00250170910915764,"A_Pond_2023_summer_serpentine_network_case3_version2","2"
"Villa_sp.",0,3.94322562901737,0.00500013224086455,0,0.011405384977904,0.00250170910915764,"A_Pond_2023_summer_serpentine_network_case3_version2","2"
"white_moth_Lepidoptera",1,0,0,0,0.487576870591183,0,"A_Pond_2023_summer_serpentine_network_case3_version2","2"
"Xylocopa_sp.",0,14.3698879851275,0.00500019778296026,0,0.0027798889397214,0.00166682790344771,"A_Pond_2023_summer_serpentine_network_case3_version2","2"
"Xylocopa_tabiformis",0,35.1966399368436,0.00500075851418287,0,46.3079637698309,0.00500053108041641,"A_Pond_2023_summer_serpentine_network_case3_version2","2"
"Anastrangalia_laetifca",0,3.07712528928497,0.0050002317304329,0,0.796021595671659,0.00463155318536968,"A_Pond_2024_summer_full_network_case3_version1","1"
"Apis_mellifera",0,2.61045610749844,0.00500023192832118,0,0.508925054133186,0.00457774111904266,"A_Pond_2024_summer_full_network_case3_version1","1"
"Bombus_sp.",0,3.20989072086215,0.0050002317304329,0,0.830366688970611,0.00463155318536968,"A_Pond_2024_summer_full_network_case3_version1","1"
"Bombus_vosnesenskii",0,2.5298733850744,0.00500023192832118,0,0.493214939162406,0.00457774111904266,"A_Pond_2024_summer_full_network_case3_version1","1"
"Chrysochus_colbaltinus",0,2.58083244394353,0.00500023192832118,0,0.50314972933651,0.00457774111904266,"A_Pond_2024_summer_full_network_case3_version1","1"
"Colias_eurytheme",0,2.86697992703714,0.0050002317304329,0,0.741659091681855,0.00463155318536968,"A_Pond_2024_summer_full_network_case3_version1","1"
"Danaus_plexippus",0,2.76573395912719,0.00500023192832118,0,0.539197460677133,0.00457774111904266,"A_Pond_2024_summer_full_network_case3_version1","1"
"Dianthidium_dubium",0,2.46932412789449,0.00500023192832118,0,0.481410476343227,0.00457774111904266,"A_Pond_2024_summer_full_network_case3_version1","1"
"Euodyneras_hidalgo",0,2.56242624880943,0.00500023192832118,0,0.499561325539592,0.00457774111904266,"A_Pond_2024_summer_full_network_case3_version1","1"
"Halictus_ligatus",0,3.16878814854608,0.0050002317304329,0,0.819733864065802,0.00463155318536968,"A_Pond_2024_summer_full_network_case3_version1","1"
"Halictus_tripartitus",0,2.70267767545379,0.00500023192832118,0,0.526904237266664,0.00457774111904266,"A_Pond_2024_summer_full_network_case3_version1","1"
"Lasioglossum_incompletum",0,2.84761114717939,0.0050002317304329,0,0.73664858135134,0.00463155318536968,"A_Pond_2024_summer_full_network_case3_version1","1"
"Listrus_sp_2",0,8.98643721036897,0.00500024132092541,0,15.5211533140757,0.00502466514345326,"A_Pond_2024_summer_full_network_case3_version1","1"
"Listrus_sp.",0,3.02956191290102,0.0050002317304329,0,0.783717431967207,0.00463155318536968,"A_Pond_2024_summer_full_network_case3_version1","1"
"Megachile_apicalis",0,3.31596717856537,0.0050002317304329,0,0.857807611486632,0.00463155318536968,"A_Pond_2024_summer_full_network_case3_version1","1"
"Melissodes_lupina",0,2.53374572162133,0.00500023192832118,0,0.493969873519838,0.00457774111904266,"A_Pond_2024_summer_full_network_case3_version1","1"
"Melissodes_robustior",0,2.99938477084816,0.00500023192832118,0,0.584749174255476,0.00457774111904266,"A_Pond_2024_summer_full_network_case3_version1","1"
"Nemognatha_scutellaris",0,7.84693091853506,0.00500024132092541,0,13.5530260748921,0.00502466514345326,"A_Pond_2024_summer_full_network_case3_version1","1"
"Polistes_aurifer",0,2.68342139079234,0.00500023181703337,0,0.600249797985734,0.00460464715220617,"A_Pond_2024_summer_full_network_case3_version1","1"
"Prionyx_sp.",0,6.41648856537332,0.00500024046526248,0,2.82270967681751,0.00480120313124796,"A_Pond_2024_summer_full_network_case3_version1","1"
"red_Prionyx_sp.",0,3.08712466707585,0.00500023181699693,0,0.69055346740189,0.00460464715220617,"A_Pond_2024_summer_full_network_case3_version1","1"
"Sphex_sp.",0,3.18355230510993,0.00500023181700218,0,0.71212319464682,0.00460464715220617,"A_Pond_2024_summer_full_network_case3_version1","1"
"Strymon_melinus",0,2.78290080250997,0.00500023181703337,0,0.622502168959259,0.00460464715220617,"A_Pond_2024_summer_full_network_case3_version1","1"
"Tachinidae",0,2.84705339036059,0.00500023181700215,0,0.636852348343738,0.00460464715220617,"A_Pond_2024_summer_full_network_case3_version1","1"
"Tetraopes_basalis",0,3.08693524725639,0.00500023181701258,0,0.690511098234161,0.00460464715220617,"A_Pond_2024_summer_full_network_case3_version1","1"
"Villa_sp.",0,5.54323649048508,0.00500023955000436,0,1.85835069532939,0.00474465314928853,"A_Pond_2024_summer_full_network_case3_version1","1"
"white_moth_Lepidoptera",0,5.81962061193685,0.00500023955001702,0,1.9510075136578,0.00474465314928853,"A_Pond_2024_summer_full_network_case3_version1","1"
"Xylocopa_tabiformis",0,2.47386955717943,0.00500023189655487,0,83.8232537419545,0.00507656610525118,"A_Pond_2024_summer_full_network_case3_version1","1"
"Anastrangalia_laetifca",1,2.25548561218998e-05,0,1,2.20998049161211e-05,0,"A_Pond_2024_summer_nonserpentine_network_case3_version3","3"
"Apis_mellifera",1,0,0,0,0.47636202477215,0,"A_Pond_2024_summer_nonserpentine_network_case3_version3","3"
"Bombus_sp.",1,0,0,0,0.51655034551702,0,"A_Pond_2024_summer_nonserpentine_network_case3_version3","3"
"Bombus_vosnesenskii",1,0,0,0,0.461657104553495,0,"A_Pond_2024_summer_nonserpentine_network_case3_version3","3"
"Chrysochus_colbaltinus",1,0,0,0,0.470956230592428,0,"A_Pond_2024_summer_nonserpentine_network_case3_version3","3"
"Colias_eurytheme",1,0,0,0,0.461367566935424,0,"A_Pond_2024_summer_nonserpentine_network_case3_version3","3"
"Danaus_plexippus",1,0,0,0,0.504697483663772,0,"A_Pond_2024_summer_nonserpentine_network_case3_version3","3"
"Dianthidium_dubium",1,0,0,0,0.450607937015876,0,"A_Pond_2024_summer_nonserpentine_network_case3_version3","3"
"Euodyneras_hidalgo",1,0,0,0,0.467597425830363,0,"A_Pond_2024_summer_nonserpentine_network_case3_version3","3"
"Halictus_ligatus",1,0,0,0,0.509935930911422,0,"A_Pond_2024_summer_nonserpentine_network_case3_version3","3"
"Halictus_tripartitus",1,0,0,0,0.493190828265245,0,"A_Pond_2024_summer_nonserpentine_network_case3_version3","3"
"Lasioglossum_incompletum",1,0,0,0,0.458250653980417,0,"A_Pond_2024_summer_nonserpentine_network_case3_version3","3"
"Listrus_sp_2",1,0,0,0,0.518741448860961,0,"A_Pond_2024_summer_nonserpentine_network_case3_version3","3"
"Listrus_sp.",1,0,0,0,0.487531006167424,0,"A_Pond_2024_summer_nonserpentine_network_case3_version3","3"
"Megachile_apicalis",1,0,0,0,0.533620655901553,0,"A_Pond_2024_summer_nonserpentine_network_case3_version3","3"
"Melissodes_lupina",1,0,0,0,0.462363737408241,0,"A_Pond_2024_summer_nonserpentine_network_case3_version3","3"
"Melissodes_robustior",1,0,0,0,0.547334620308752,0,"A_Pond_2024_summer_nonserpentine_network_case3_version3","3"
"Nemognatha_scutellaris",1,0,0,0,0.452963529202604,0,"A_Pond_2024_summer_nonserpentine_network_case3_version3","3"
"Polistes_aurifer",1,0,0,0,0.458035308172943,0,"A_Pond_2024_summer_nonserpentine_network_case3_version3","3"
"Prionyx_sp.",1,0,0,0,0.499424462648772,0,"A_Pond_2024_summer_nonserpentine_network_case3_version3","3"
"red_Prionyx_sp.",1,0,0,0,0.526943737909637,0,"A_Pond_2024_summer_nonserpentine_network_case3_version3","3"
"Sphex_sp.",1,0,0,0,0.543403047273589,0,"A_Pond_2024_summer_nonserpentine_network_case3_version3","3"
"Strymon_melinus",1,0,0,0,0.475015527207877,0,"A_Pond_2024_summer_nonserpentine_network_case3_version3","3"
"Tachinidae",1,0,0,0,0.485965782793223,0,"A_Pond_2024_summer_nonserpentine_network_case3_version3","3"
"Tetraopes_basalis",1,0,0,0,0.526911405696027,0,"A_Pond_2024_summer_nonserpentine_network_case3_version3","3"
"Villa_sp.",1,0,0,0,0.499995533120816,0,"A_Pond_2024_summer_nonserpentine_network_case3_version3","3"
"white_moth_Lepidoptera",1,0,0,0,0.524925161560497,0,"A_Pond_2024_summer_nonserpentine_network_case3_version3","3"
"Xylocopa_tabiformis",1,0,0,0,0.517190347270663,0,"A_Pond_2024_summer_nonserpentine_network_case3_version3","3"
"Anastrangalia_laetifca",0,3.05442526143528,0.00500018910238138,0,3.51101212974131,0.00500294199230398,"A_Pond_2024_summer_serpentine_network_case3_version2","2"
"Apis_mellifera",0,2.54222086415685,0.00500018902183631,0,2.70124659414478,0.00500395383753426,"A_Pond_2024_summer_serpentine_network_case3_version2","2"
"Bombus_sp.",0,3.18621127923608,0.00500018910238138,0,3.66249801245032,0.00500294199230398,"A_Pond_2024_summer_serpentine_network_case3_version2","2"
"Bombus_vosnesenskii",0,2.46374450987661,0.00500018902183631,0,2.61786124101482,0.00500395383753426,"A_Pond_2024_summer_serpentine_network_case3_version2","2"
"Chrysochus_colbaltinus",0,2.51337153925902,0.00500018902183631,0,2.67059263276256,0.00500395383753426,"A_Pond_2024_summer_serpentine_network_case3_version2","2"
"Colias_eurytheme",0,2.84583014696822,0.00500018910238138,0,3.27123544022183,0.00500294199230398,"A_Pond_2024_summer_serpentine_network_case3_version2","2"
"Danaus_plexippus",0,2.69343987612879,0.00500018902183631,0,2.86192493927585,0.00500395383753426,"A_Pond_2024_summer_serpentine_network_case3_version2","2"
"Dianthidium_dubium",0,2.40477796172148,0.00500018902183631,0,2.55520610766262,0.00500395383753426,"A_Pond_2024_summer_serpentine_network_case3_version2","2"
"Euodyneras_hidalgo",0,2.49544646741997,0.00500018902183631,0,2.65154627840216,0.00500395383753426,"A_Pond_2024_summer_serpentine_network_case3_version2","2"
"Halictus_ligatus",0,3.14541192125195,0.00500018910238138,0,3.61559981451491,0.00500294199230398,"A_Pond_2024_summer_serpentine_network_case3_version2","2"
"Halictus_tripartitus",0,2.63203183357653,0.00500018902183631,0,2.79667558670508,0.00500395383753426,"A_Pond_2024_summer_serpentine_network_case3_version2","2"
"Lasioglossum_incompletum",0,2.82660425096733,0.00500018910238138,0,3.24913558566856,0.00500294199230398,"A_Pond_2024_summer_serpentine_network_case3_version2","2"
"Listrus_sp_2",1,2.3262529315477e-05,2.23727324189959e-25,1,2.36492725993607e-05,0,"A_Pond_2024_summer_serpentine_network_case3_version2","2"
"Listrus_sp.",0,3.00721276106982,0.00500018910238138,0,3.45674212900477,0.00500294199230398,"A_Pond_2024_summer_serpentine_network_case3_version2","2"
"Megachile_apicalis",0,3.29150520862154,0.00500018910238138,0,3.78353167044701,0.00500294199230398,"A_Pond_2024_summer_serpentine_network_case3_version2","2"
"Melissodes_lupina",0,2.46751562645363,0.00500018902183631,0,2.62186825560879,0.00500395383753426,"A_Pond_2024_summer_serpentine_network_case3_version2","2"
"Melissodes_robustior",0,2.92098324172992,0.00500018902183631,0,3.10370202090829,0.00500395383753426,"A_Pond_2024_summer_serpentine_network_case3_version2","2"
"Nemognatha_scutellaris",1,0,2.23727324189959e-25,0,0.452963529202604,0,"A_Pond_2024_summer_serpentine_network_case3_version2","2"
"Polistes_aurifer",0,2.64171316920519,0.00500018906789548,0,2.90431783487383,0.00500344791491912,"A_Pond_2024_summer_serpentine_network_case3_version2","2"
"Prionyx_sp.",0,1.88437356962703,0.00500018911714126,0,0.00802962655212379,0.00250197691876713,"A_Pond_2024_summer_serpentine_network_case3_version2","2"
"red_Prionyx_sp.",0,3.03914171492418,0.00500018906789548,0,3.34125354241545,0.00500344791491912,"A_Pond_2024_summer_serpentine_network_case3_version2","2"
"Sphex_sp.",0,3.13407058505916,0.00500018906789928,0,3.44561900263476,0.00500344791491912,"A_Pond_2024_summer_serpentine_network_case3_version2","2"
"Strymon_melinus",0,2.73964637956907,0.00500018906789548,0,3.01198628771849,0.00500344791491912,"A_Pond_2024_summer_serpentine_network_case3_version2","2"
"Tachinidae",0,2.80280184802268,0.00500018906789548,0,3.08141984891377,0.00500344791491912,"A_Pond_2024_summer_serpentine_network_case3_version2","2"
"Tetraopes_basalis",0,3.03895523924632,0.00500018906789548,0,3.34104852978792,0.00500344791491912,"A_Pond_2024_summer_serpentine_network_case3_version2","2"
"Villa_sp.",0,2.88371826575383,0.00500018906789548,0,3.17037992113162,0.00500344791491912,"A_Pond_2024_summer_serpentine_network_case3_version2","2"
"white_moth_Lepidoptera",0,2.47164812181316,0.00500018911004526,0,0.0642120461169305,0.00333563194327941,"A_Pond_2024_summer_serpentine_network_case3_version2","2"
"Xylocopa_tabiformis",0,2.43522818913076,0.00500018911004526,0,0.0632658777484635,0.00333563194327941,"A_Pond_2024_summer_serpentine_network_case3_version2","2"
"Adela_eldorada",0,8.86876339128866,0.00500024128380486,0,0.0538936919139428,0.00284131153602638,"A_Quarry_1_2022_spring_full_network_case3_version1","1"
"Adela_trigrapha",0,8.49409317282618,0.00500024128380486,0,0.0516168963356479,0.00284131153602638,"A_Quarry_1_2022_spring_full_network_case3_version1","1"
"Andrena_baeriae",0,4.7084726029031,0.00500023781835157,0,0.0726286072373323,0.00363909148422697,"A_Quarry_1_2022_spring_full_network_case3_version1","1"
"Andrena_sp.",0,26.5184299716119,0.00500024812489727,0,26.5185267345514,0.00500025228409046,"A_Quarry_1_2022_spring_full_network_case3_version1","1"
"Andrena_subchalybea",0,3.74154583305332,0.0050002372127635,0,0.0203279241675472,0.00294810810900854,"A_Quarry_1_2022_spring_full_network_case3_version1","1"
"Annaphila_decia",0,4.02330895637841,0.0050002372127635,0,0.0218587511485911,0.00294810810900854,"A_Quarry_1_2022_spring_full_network_case3_version1","1"
"Anthophora_californica",0,3.80631765836822,0.0050002372127635,0,0.020679831304153,0.00294810810900854,"A_Quarry_1_2022_spring_full_network_case3_version1","1"
"Apis_mellifera",0,6.40915185685235,0.00500023674204921,0,2.88803705852261,0.00467784101221135,"A_Quarry_1_2022_spring_full_network_case3_version1","1"
"BF1_Diptera",0,3.93562520389072,0.0050002372127635,0,0.021382362860165,0.00294810810900854,"A_Quarry_1_2022_spring_full_network_case3_version1","1"
"Bombus_californicus",0,4.95849731722721,0.00500023781835157,0,0.0764852605482218,0.00363909148422697,"A_Quarry_1_2022_spring_full_network_case3_version1","1"
"Bombus_crotchii",0,4.47261261841821,0.00500023781835157,0,0.0689904460664445,0.00363909148422697,"A_Quarry_1_2022_spring_full_network_case3_version1","1"
"Bombus_melanopygus",0,28.7755241339744,0.00500024766975051,0,28.7756286137336,0.00500025191075609,"A_Quarry_1_2022_spring_full_network_case3_version1","1"
"Bombus_vosnesenskii",0,7.20151128236056,0.00500023968013563,0,8.41500163562496,0.00506303871791999,"A_Quarry_1_2022_spring_full_network_case3_version1","1"
"Bombylius_major",0,7.40093091110968,0.00500023968013563,0,8.64802446023432,0.00506303871791999,"A_Quarry_1_2022_spring_full_network_case3_version1","1"
"Chrysis_angolensis",0,6.66082856664741,0.00500023674204921,0,3.00144545904874,0.00467784101221135,"A_Quarry_1_2022_spring_full_network_case3_version1","1"
"Chrysoperla_sp.",0,12.391562004047,0.00500024364760544,0,9.78547044203095,0.00512003128785132,"A_Quarry_1_2022_spring_full_network_case3_version1","1"
"Coenonympha_californica",0,5.35589664805557,0.00500023781835157,0,0.0826151805212479,0.00363909148422697,"A_Quarry_1_2022_spring_full_network_case3_version1","1"
"Conophorus_fenestratus",0,6.86191721196395,0.00500023968013563,0,8.01818427902147,0.00506303871791999,"A_Quarry_1_2022_spring_full_network_case3_version1","1"
"Cylindromyia sp.",0,3.55942067163145,0.0050002372127635,0,0.0193384330116136,0.00294810810900854,"A_Quarry_1_2022_spring_full_network_case3_version1","1"
"Cyrtopogon_sp.",0,3.83732296835677,0.0050002372127635,0,0.0208482840473854,0.00294810810900854,"A_Quarry_1_2022_spring_full_network_case3_version1","1"
"Elateridae",0,3.77324374535464,0.0050002372127635,0,0.0205001398134532,0.00294810810900854,"A_Quarry_1_2022_spring_full_network_case3_version1","1"
"Eristalis_hirta",0,6.31027940018634,0.00500023713069909,0,0.515208143231023,0.00415846624821916,"A_Quarry_1_2022_spring_full_network_case3_version1","1"
"Erynnis_propertius",0,6.32422047655544,0.00500023713069909,0,0.516346374637998,0.00415846624821916,"A_Quarry_1_2022_spring_full_network_case3_version1","1"
"Eucera_actuosa",0,13.8440438786947,0.00500024380195611,0,1.24457426541159,0.00439449419212559,"A_Quarry_1_2022_spring_full_network_case3_version1","1"
"Eucera_frater_albopilosa",0,31.203075585937,0.00500024498213998,0,18.3334795401931,0.00491858691851669,"A_Quarry_1_2022_spring_full_network_case3_version1","1"
"Eucera_sp.",0,12.4969266083295,0.00500023719312094,0,7.17650140868356,0.00460131123606378,"A_Quarry_1_2022_spring_full_network_case3_version1","1"
"Euopeodes_fumipennis",0,12.5505045259736,0.00500023708326707,0,43.6397218474488,0.00512068600005597,"A_Quarry_1_2022_spring_full_network_case3_version1","1"
"Euphydryas_chalcedona",0,5.8110297471279,0.00500023909744502,0,0.750500718993758,0.00435106510107348,"A_Quarry_1_2022_spring_full_network_case3_version1","1"
"Glaucophysche_lygdamus",0,17.914302734116,0.00500024490825105,0,0.506359561858451,0.00375317661397727,"A_Quarry_1_2022_spring_full_network_case3_version1","1"
"Halictus_ligatus",0,13.6081588863556,0.00500024278423035,0,0.160693786024682,0.00330261601765256,"A_Quarry_1_2022_spring_full_network_case3_version1","1"
"Heliolonche_modiella",0,5.65051574870826,0.00500023714551691,0,0.180680202710805,0.00375501353514895,"A_Quarry_1_2022_spring_full_network_case3_version1","1"
"Helithodes_dimutiva",0,5.08269796022664,0.00500024118664059,0,50.1454221247133,0.00500981317427923,"A_Quarry_1_2022_spring_full_network_case3_version1","1"
"Junonia_grisea",0,7.79954990579084,0.00500024228501134,0,1.08646431658324,0.00437705937159328,"A_Quarry_1_2022_spring_full_network_case3_version1","1"
"Listrus_sp._1",0,11.9676531990852,0.00500024278426732,0,0.141321652551151,0.00330261601765256,"A_Quarry_1_2022_spring_full_network_case3_version1","1"
"Muscidae",0,17.6126106545104,0.00500024344799755,0,4.85031027896597,0.00465520118921977,"A_Quarry_1_2022_spring_full_network_case3_version1","1"
"Nomada_hesperia",0,30.1381861905938,0.00500024601650836,0,51.9605662546842,0.00504284137665596,"A_Quarry_1_2022_spring_full_network_case3_version1","1"
"Osmia_cara",0,9.75951631936079,0.00500023788132313,0,1.59005336781123,0.00418044375509132,"A_Quarry_1_2022_spring_full_network_case3_version1","1"
"Osmia_nemoris",0,11.8530778702653,0.00500024358862937,0,0.753212736961226,0.00421428194527776,"A_Quarry_1_2022_spring_full_network_case3_version1","1"
"Osmia_sp.",0,33.5895905585285,0.00500024399530036,0,71.190353754355,0.00502631279944179,"A_Quarry_1_2022_spring_full_network_case3_version1","1"
"Panurginus_sp.",0,53.432609441162,0.00500024542926913,0,114.621175986929,0.00501742405848524,"A_Quarry_1_2022_spring_full_network_case3_version1","1"
"Phychoides_mytilla",0,27.8505634907736,0.00500024495693532,0,6.35207514102811,0.00453555361576267,"A_Quarry_1_2022_spring_full_network_case3_version1","1"
"Prosperpinus_clarkiae",0,37.7487138873912,0.00500024506120317,0,108.216066610301,0.00505314571031857,"A_Quarry_1_2022_spring_full_network_case3_version1","1"
"Scaeva_affinis",0,17.2453634345365,0.00500024328616765,0,5.54703083935632,0.00457822033885879,"A_Quarry_1_2022_spring_full_network_case3_version1","1"
"Adela_eldorada",1,2.33021766444371e-05,0,1,2.33573632478695e-05,0,"A_Quarry_1_2022_spring_nonserpentine_network_case3_version3","3"
"Adela_trigrapha",1,0,0,0,0.496143337546915,0,"A_Quarry_1_2022_spring_nonserpentine_network_case3_version3","3"
"Andrena_baeriae",1,0,0,0,0.481074150992126,0,"A_Quarry_1_2022_spring_nonserpentine_network_case3_version3","3"
"Andrena_sp.",1,0,0,0,0.513255724666294,0,"A_Quarry_1_2022_spring_nonserpentine_network_case3_version3","3"
"Andrena_subchalybea",1,0,0,0,0.488964466396237,0,"A_Quarry_1_2022_spring_nonserpentine_network_case3_version3","3"
"Annaphila_decia",1,0,0,0,0.525786721555417,0,"A_Quarry_1_2022_spring_nonserpentine_network_case3_version3","3"
"Anthophora_californica",1,0,0,0,0.497429181890296,0,"A_Quarry_1_2022_spring_nonserpentine_network_case3_version3","3"
"Apis_mellifera",1,0,0,0,0.492260030211071,0,"A_Quarry_1_2022_spring_nonserpentine_network_case3_version3","3"
"BF1_Diptera",1,0,0,0,0.514327757463012,0,"A_Quarry_1_2022_spring_nonserpentine_network_case3_version3","3"
"Bombus_californicus",1,0,0,0,0.506619680838948,0,"A_Quarry_1_2022_spring_nonserpentine_network_case3_version3","3"
"Bombus_crotchii",1,0,0,0,0.456975860198483,0,"A_Quarry_1_2022_spring_nonserpentine_network_case3_version3","3"
"Bombus_melanopygus",1,0,0,0,0.49328235590052,0,"A_Quarry_1_2022_spring_nonserpentine_network_case3_version3","3"
"Bombus_vosnesenskii",1,0,0,0,0.496555620034484,0,"A_Quarry_1_2022_spring_nonserpentine_network_case3_version3","3"
"Bombylius_major",1,0,0,0,0.510305919572853,0,"A_Quarry_1_2022_spring_nonserpentine_network_case3_version3","3"
"Chrysis_angolensis",1,0,0,0,0.511590260947864,0,"A_Quarry_1_2022_spring_nonserpentine_network_case3_version3","3"
"Chrysoperla_sp.",1,0,0,0,0.497515750745086,0,"A_Quarry_1_2022_spring_nonserpentine_network_case3_version3","3"
"Coenonympha_californica",1,0,0,0,0.547222772658441,0,"A_Quarry_1_2022_spring_nonserpentine_network_case3_version3","3"
"Conophorus_fenestratus",1,0,0,0,0.473140070411908,0,"A_Quarry_1_2022_spring_nonserpentine_network_case3_version3","3"
"Cylindromyia sp.",1,0,0,0,0.465163412930054,0,"A_Quarry_1_2022_spring_nonserpentine_network_case3_version3","3"
"Cyrtopogon_sp.",1,0,0,0,0.501481115422901,0,"A_Quarry_1_2022_spring_nonserpentine_network_case3_version3","3"
"Elateridae",1,0,0,0,0.493106912701906,0,"A_Quarry_1_2022_spring_nonserpentine_network_case3_version3","3"
"Eristalis_hirta",1,0,0,0,0.547881780936328,0,"A_Quarry_1_2022_spring_nonserpentine_network_case3_version3","3"
"Erynnis_propertius",1,0,0,0,0.549092196858997,0,"A_Quarry_1_2022_spring_nonserpentine_network_case3_version3","3"
"Eucera_actuosa",1,0,0,0,0.492552609156143,0,"A_Quarry_1_2022_spring_nonserpentine_network_case3_version3","3"
"Eucera_frater_albopilosa",1,0,0,0,0.531702087298828,0,"A_Quarry_1_2022_spring_nonserpentine_network_case3_version3","3"
"Eucera_sp.",1,0,0,0,0.516981231405857,0,"A_Quarry_1_2022_spring_nonserpentine_network_case3_version3","3"
"Euopeodes_fumipennis",1,0,0,0,0.503556238232905,0,"A_Quarry_1_2022_spring_nonserpentine_network_case3_version3","3"
"Euphydryas_chalcedona",1,0,0,0,0.469695980436958,0,"A_Quarry_1_2022_spring_nonserpentine_network_case3_version3","3"
"Glaucophysche_lygdamus",1,0,0,0,0.480343203959215,0,"A_Quarry_1_2022_spring_nonserpentine_network_case3_version3","3"
"Halictus_ligatus",1,0,0,0,0.528228942527542,0,"A_Quarry_1_2022_spring_nonserpentine_network_case3_version3","3"
"Heliolonche_modiella",1,0,0,0,0.543837060403934,0,"A_Quarry_1_2022_spring_nonserpentine_network_case3_version3","3"
"Helithodes_dimutiva",1,0,0,0,0.469474208922812,0,"A_Quarry_1_2022_spring_nonserpentine_network_case3_version3","3"
"Junonia_grisea",1,0,0,0,0.453029365699286,0,"A_Quarry_1_2022_spring_nonserpentine_network_case3_version3","3"
"Listrus_sp._1",1,0,0,0,0.464549307904462,0,"A_Quarry_1_2022_spring_nonserpentine_network_case3_version3","3"
"Muscidae",1,0,0,0,0.480217950292964,0,"A_Quarry_1_2022_spring_nonserpentine_network_case3_version3","3"
"Nomada_hesperia",0,4.85793403031485,0.00499959921465522,0,4.85798424155807,0.00500018167956978,"A_Quarry_1_2022_spring_nonserpentine_network_case3_version3","3"
"Osmia_cara",0,4.4881651292871,0.00499959921465522,0,4.48821151862682,0.00500018167956978,"A_Quarry_1_2022_spring_nonserpentine_network_case3_version3","3"
"Osmia_nemoris",0,4.63224684762673,0.00499959921465522,0,4.63229472592106,0.00500018167956978,"A_Quarry_1_2022_spring_nonserpentine_network_case3_version3","3"
"Osmia_sp.",1,0,0,0,0.548814569925337,0,"A_Quarry_1_2022_spring_nonserpentine_network_case3_version3","3"
"Panurginus_sp.",0,4.88938125772182,0.00499959921465522,0,4.88943179383615,0.00500018167956978,"A_Quarry_1_2022_spring_nonserpentine_network_case3_version3","3"
"Phychoides_mytilla",0,4.59229850155481,0.00499959921465522,0,4.59234596692016,0.00500018167956978,"A_Quarry_1_2022_spring_nonserpentine_network_case3_version3","3"
"Prosperpinus_clarkiae",0,4.20526059011944,0.00499959921465522,0,4.20530405536931,0.00500018167956978,"A_Quarry_1_2022_spring_nonserpentine_network_case3_version3","3"
"Scaeva_affinis",0,4.79169922237561,0.00499959921465522,0,4.79174874899234,0.00500018167956978,"A_Quarry_1_2022_spring_nonserpentine_network_case3_version3","3"
"Adela_eldorada",1,2.35442895509452e-05,0,1,2.35650559573712e-05,0,"A_Quarry_1_2022_spring_serpentine_network_case3_version2","2"
"Adela_trigrapha",0,8.79836079994525,0.00500022828235501,0,0.577609783708397,0.00405952914942363,"A_Quarry_1_2022_spring_serpentine_network_case3_version2","2"
"Andrena_baeriae",0,8.5311312909395,0.00500022828235501,0,0.560066245539127,0.00405952914942363,"A_Quarry_1_2022_spring_serpentine_network_case3_version2","2"
"Andrena_sp.",0,5.44132438882719,0.00500022358799345,0,0.132199285899305,0.00390012220853127,"A_Quarry_1_2022_spring_serpentine_network_case3_version2","2"
"Andrena_subchalybea",0,32.4350817862344,0.00500023311588069,0,32.4350805243059,0.00500023321787616,"A_Quarry_1_2022_spring_serpentine_network_case3_version2","2"
"Annaphila_decia",1,0,0,0,0.525786721555417,0,"A_Quarry_1_2022_spring_serpentine_network_case3_version2","2"
"Anthophora_californica",1,0,0,0,0.497429181890296,0,"A_Quarry_1_2022_spring_serpentine_network_case3_version2","2"
"Apis_mellifera",1,0,0,0,0.492260030211071,0,"A_Quarry_1_2022_spring_serpentine_network_case3_version2","2"
"BF1_Diptera",0,7.5081968807176,0.00500022289450051,0,3.06832621178846,0.00467205215629807,"A_Quarry_1_2022_spring_serpentine_network_case3_version2","2"
"Bombus_californicus",1,0,0,0,0.506619680838948,0,"A_Quarry_1_2022_spring_serpentine_network_case3_version2","2"
"Bombus_crotchii",0,4.84466860030384,0.00500022358799345,0,0.117703280233205,0.00390012220853127,"A_Quarry_1_2022_spring_serpentine_network_case3_version2","2"
"Bombus_melanopygus",0,5.22957501456321,0.00500022358799345,0,0.127054744960772,0.00390012220853127,"A_Quarry_1_2022_spring_serpentine_network_case3_version2","2"
"Bombus_vosnesenskii",0,35.9172120776325,0.00500023211214908,0,35.9172106712944,0.00500023222642635,"A_Quarry_1_2022_spring_serpentine_network_case3_version2","2"
"Bombylius_major",0,6.80871396361258,0.00500022195879504,0,7.64514465820407,0.00505655195219527,"A_Quarry_1_2022_spring_serpentine_network_case3_version2","2"
"Chrysis_angolensis",0,6.82585018038853,0.00500022195879504,0,7.66438600988366,0.00505655195219527,"A_Quarry_1_2022_spring_serpentine_network_case3_version2","2"
"Chrysoperla_sp.",0,7.26277388998764,0.00500022289450051,0,2.96803078696464,0.00467205215629807,"A_Quarry_1_2022_spring_serpentine_network_case3_version2","2"
"Coenonympha_californica",0,5.80142894848653,0.00500022358799345,0,0.140948179034033,0.00390012220853127,"A_Quarry_1_2022_spring_serpentine_network_case3_version2","2"
"Conophorus_fenestratus",0,6.3128317356541,0.00500022195879504,0,7.08834474200536,0.00505655195219527,"A_Quarry_1_2022_spring_serpentine_network_case3_version2","2"
"Cylindromyia sp.",1,0,0,0,0.465163412930054,0,"A_Quarry_1_2022_spring_serpentine_network_case3_version2","2"
"Cyrtopogon_sp.",1,0,0,0,0.501481115422901,0,"A_Quarry_1_2022_spring_serpentine_network_case3_version2","2"
"Elateridae",1,0,0,0,0.493106912701906,0,"A_Quarry_1_2022_spring_serpentine_network_case3_version2","2"
"Eristalis_hirta",0,6.98949265586322,0.0050002231339808,0,0.679105897744591,0.00428608718241467,"A_Quarry_1_2022_spring_serpentine_network_case3_version2","2"
"Erynnis_propertius",0,7.0049342948345,0.00500022313397907,0,0.680606222478337,0.00428608718241467,"A_Quarry_1_2022_spring_serpentine_network_case3_version2","2"
"Eucera_actuosa",0,18.8170183618684,0.00500023057344287,0,0.0193777603356731,0.00209352605651743,"A_Quarry_1_2022_spring_serpentine_network_case3_version2","2"
"Eucera_frater_albopilosa",0,16.7255559573937,0.00500022865691103,0,1.0094899525163,0.00412905647481139,"A_Quarry_1_2022_spring_serpentine_network_case3_version2","2"
"Eucera_sp.",0,6.48249965322862,0.00500022828241526,0,0.00375672205165748,0.00202976457471181,"A_Quarry_1_2022_spring_serpentine_network_case3_version2","2"
"Euopeodes_fumipennis",0,4.75068597400782,0.00500022195883573,0,0.0131229896965473,0.00252827597609763,"A_Quarry_1_2022_spring_serpentine_network_case3_version2","2"
"Euphydryas_chalcedona",0,29.8235649793087,0.00500022980246826,0,36.6854896081719,0.00497291344223041,"A_Quarry_1_2022_spring_serpentine_network_case3_version2","2"
"Glaucophysche_lygdamus",0,13.4100080161713,0.00500022385099467,0,9.34477834131388,0.0047215432937491,"A_Quarry_1_2022_spring_serpentine_network_case3_version2","2"
"Halictus_ligatus",0,15.2158151225258,0.00500022374593927,0,49.4644713914314,0.0051075082676325,"A_Quarry_1_2022_spring_serpentine_network_case3_version2","2"
"Heliolonche_modiella",0,6.55333644160231,0.00500022258934304,0,1.06824749049972,0.00447833708036327,"A_Quarry_1_2022_spring_serpentine_network_case3_version2","2"
"Helithodes_dimutiva",0,11.3163435151781,0.00500022951467657,0,0.0646484485367838,0.00303238071515143,"A_Quarry_1_2022_spring_serpentine_network_case3_version2","2"
"Junonia_grisea",0,11.6356258283685,0.0050002286569707,0,0.02476658166391,0.00275270431654092,"A_Quarry_1_2022_spring_serpentine_network_case3_version2","2"
"Listrus_sp._1",0,4.83879984421894,0.00500022313400536,0,0.0191141551531743,0.00285739145494311,"A_Quarry_1_2022_spring_serpentine_network_case3_version2","2"
"Muscidae",0,11.5753137957533,0.00500022951467657,0,0.0661279040613715,0.00303238071515143,"A_Quarry_1_2022_spring_serpentine_network_case3_version2","2"
"Nomada_hesperia",0,17.1833117315559,0.00500022906322726,0,0.375318395883331,0.00348434702391345,"A_Quarry_1_2022_spring_serpentine_network_case3_version2","2"
"Osmia_cara",0,32.2944037176577,0.00500023249463624,0,42.8342715960712,0.00502332133098039,"A_Quarry_1_2022_spring_serpentine_network_case3_version2","2"
"Osmia_nemoris",0,11.3915405139062,0.0050002244213016,0,3.57137549761863,0.00454366697330497,"A_Quarry_1_2022_spring_serpentine_network_case3_version2","2"
"Osmia_sp.",0,35.4695899625895,0.00500023049834865,0,57.6970787080647,0.00501685170865242,"A_Quarry_1_2022_spring_serpentine_network_case3_version2","2"
"Panurginus_sp.",0,28.1892821151571,0.00500023021268655,0,29.6958048052095,0.00492963817634612,"A_Quarry_1_2022_spring_serpentine_network_case3_version2","2"
"Phychoides_mytilla",0,15.708864005101,0.00500022909044266,0,2.05468985595676,0.00414132259217173,"A_Quarry_1_2022_spring_serpentine_network_case3_version2","2"
"Prosperpinus_clarkiae",0,28.8898265596976,0.00500023023714393,0,50.1160776629624,0.00503589501458093,"A_Quarry_1_2022_spring_serpentine_network_case3_version2","2"
"Scaeva_affinis",0,40.9447324452738,0.00500023008713039,0,132.529361019628,0.00504431394085484,"A_Quarry_1_2022_spring_serpentine_network_case3_version2","2"
"Acmaeodera_sp.",0,8.46780022949246,0.00500013572100656,0,0.237882313161356,0.00367825902436298,"A_Quarry_1_2023_spring_full_network_case3_version1","1"
"Adela_eldorada",0,12.7307724364965,0.00500013543210318,0,0.108112418756791,0.00289667444444179,"A_Quarry_1_2023_spring_full_network_case3_version1","1"
"Agapostemon_subtilior",0,4.55360185566878,0.00500013631484586,0,2.00875344517493,0.00496364142569058,"A_Quarry_1_2023_spring_full_network_case3_version1","1"
"Andrena_nigrocaerulea",0,18.2014514672363,0.00500013709511837,0,1.13908097156157,0.00403762427072706,"A_Quarry_1_2023_spring_full_network_case3_version1","1"
"Andrena_pensilis",0,18.0518758637878,0.00500013807541073,0,0.188919016821907,0.00331096253069321,"A_Quarry_1_2023_spring_full_network_case3_version1","1"
"Andrena_sp.",0,4.55636916732077,0.00500013568138926,0,0.538516729897165,0.00477802864409733,"A_Quarry_1_2023_spring_full_network_case3_version1","1"
"Andrena_subchalybea",0,9.09804387913081,0.00500013435393864,0,9.89667242309941,0.00498955994593813,"A_Quarry_1_2023_spring_full_network_case3_version1","1"
"Anthophora_californica",0,19.9786751735924,0.005000134865775,0,15.0475390518116,0.00496229149490188,"A_Quarry_1_2023_spring_full_network_case3_version1","1"
"Anthrenus_sp.",0,3.97933764757604,0.00500013631484586,0,1.75542536709029,0.00496364142569058,"A_Quarry_1_2023_spring_full_network_case3_version1","1"
"Apis_mellifera",0,4.76391938172066,0.00500013631484586,0,2.10153188018184,0.00496364142569058,"A_Quarry_1_2023_spring_full_network_case3_version1","1"
"Asilidae",0,4.84733988354061,0.00500013568138926,0,0.572906524206487,0.00477802864409733,"A_Quarry_1_2023_spring_full_network_case3_version1","1"
"BF1_Diptera",0,7.35724348656379,0.00500013572100656,0,0.20668391455779,0.00367825902436298,"A_Quarry_1_2023_spring_full_network_case3_version1","1"
"Bombus_californicus",0,16.0513928110927,0.00500013460953678,0,25.485258350372,0.00501143132724265,"A_Quarry_1_2023_spring_full_network_case3_version1","1"
"Bombus_melanopygus",0,4.21570951563278,0.00500013631484586,0,1.85969728596753,0.00496364142569058,"A_Quarry_1_2023_spring_full_network_case3_version1","1"
"Bombus_vosnesenskii",0,10.4404161814244,0.00500013452980518,0,17.7850597610984,0.0050320469989483,"A_Quarry_1_2023_spring_full_network_case3_version1","1"
"Bombylius_major",0,5.54538112378196,0.00500013547309306,0,7.88886423799258,0.00522952279851645,"A_Quarry_1_2023_spring_full_network_case3_version1","1"
"Brachysomida_californica",0,9.08113161552427,0.00500013435393864,0,9.87827559650709,0.00498955994593813,"A_Quarry_1_2023_spring_full_network_case3_version1","1"
"Braconidae",0,9.99764212462655,0.00500013574991169,0,0.171077464737226,0.00338363471657765,"A_Quarry_1_2023_spring_full_network_case3_version1","1"
"Burnsius_communis",0,12.5067988934296,0.00500013469618652,0,3.99997078389781,0.00489472998566999,"A_Quarry_1_2023_spring_full_network_case3_version1","1"
"Cantharidae",0,8.43540434581757,0.00500013575252813,0,0.255271984010945,0.00393351952644483,"A_Quarry_1_2023_spring_full_network_case3_version1","1"
"Chlosyne_palla",0,5.34977048289395,0.00500013555212839,0,2.16149298117568,0.00500377572130689,"A_Quarry_1_2023_spring_full_network_case3_version1","1"
"Coenonympha_californica",0,26.4854405643555,0.00500013662696769,0,33.2545790151858,0.00502393414733931,"A_Quarry_1_2023_spring_full_network_case3_version1","1"
"Colias_eurytheme",0,5.79671005756569,0.00500013555212839,0,2.34207208407652,0.00500377572130689,"A_Quarry_1_2023_spring_full_network_case3_version1","1"
"Conophorus_fenestratus",0,9.23242125207888,0.00500013446660678,0,12.3103850158087,0.00501080347244321,"A_Quarry_1_2023_spring_full_network_case3_version1","1"
"Diabrotica_undecimpunctata",0,7.93973320582448,0.00500013536609597,0,39.1494454476212,0.00500258906799987,"A_Quarry_1_2023_spring_full_network_case3_version1","1"
"Diadasia_bituberculata",0,15.353554680372,0.00500013611955999,0,11.3280250889691,0.00491709162383019,"A_Quarry_1_2023_spring_full_network_case3_version1","1"
"Eristalis_hirta",0,12.8100376630952,0.00500013611959006,0,9.45138966562518,0.00491709162383019,"A_Quarry_1_2023_spring_full_network_case3_version1","1"
"Erynnis_propertius",0,5.74587657466279,0.00500013555212839,0,2.32153359235457,0.00500377572130689,"A_Quarry_1_2023_spring_full_network_case3_version1","1"
"Eucera_actuosa",0,5.39805410995134,0.00500013555212839,0,2.18100124285378,0.00500377572130689,"A_Quarry_1_2023_spring_full_network_case3_version1","1"
"Eucera_frater_albopilosa",0,4.74633124154923,0.00500013597502355,0,1.0823531091494,0.00487083503489396,"A_Quarry_1_2023_spring_full_network_case3_version1","1"
"Euopeodes_fumipennis",0,10.4848725827654,0.00500013574988511,0,0.179414845716623,0.00338363471657765,"A_Quarry_1_2023_spring_full_network_case3_version1","1"
"Euphydryas_chalcedona",0,4.76725835064806,0.00500013597502355,0,1.08712532573226,0.00487083503489396,"A_Quarry_1_2023_spring_full_network_case3_version1","1"
"Halictus_tripartitus",0,6.87210739960795,0.00500013473734944,0,8.32840444014619,0.00510954137222729,"A_Quarry_1_2023_spring_full_network_case3_version1","1"
"Helithodes_dimutiva",0,66.5047960380112,0.00500014034852714,0,70.9151682155595,0.00500800609254213,"A_Quarry_1_2023_spring_full_network_case3_version1","1"
"Hippodamia_convergens",0,8.87923608309,0.00500013517916246,0,0.774369184717873,0.00422142101149242,"A_Quarry_1_2023_spring_full_network_case3_version1","1"
"Lasioglossum_incompletum",0,35.0881739297052,0.00500013577543905,0,57.3524657073915,0.00500587472472974,"A_Quarry_1_2023_spring_full_network_case3_version1","1"
"Listrus_sp._1",0,10.4063343529201,0.0050001355237584,0,0.26780873015859,0.0037843207043007,"A_Quarry_1_2023_spring_full_network_case3_version1","1"
"Listrus_sp._2",0,4.64447455244653,0.00500013574038732,0,1.91425253006434,0.00499039762276812,"A_Quarry_1_2023_spring_full_network_case3_version1","1"
"Muscidae",0,7.98107080113008,0.00500013459139292,0,4.30584042813944,0.00493321186299459,"A_Quarry_1_2023_spring_full_network_case3_version1","1"
"Nomada_obscurella",0,27.5473146661328,0.00500013764729167,0,20.834988367496,0.00495044700583362,"A_Quarry_1_2023_spring_full_network_case3_version1","1"
"Osmia_aglaia",0,12.8727645674356,0.00500013555424992,0,3.11495585565876,0.00460761260576029,"A_Quarry_1_2023_spring_full_network_case3_version1","1"
"Osmia_nemoris",0,36.2565376810893,0.00500013755983305,0,59.5230266217358,0.00501967493989818,"A_Quarry_1_2023_spring_full_network_case3_version1","1"
"Osmia_sanctaerosae",0,5.08489019216996,0.00500013574061778,0,2.0957729015045,0.00499039762276812,"A_Quarry_1_2023_spring_full_network_case3_version1","1"
"Osmia_sp.",0,8.22282006229622,0.00500013471826854,0,5.54415740699382,0.00500728959687505,"A_Quarry_1_2023_spring_full_network_case3_version1","1"
"Panurginus_sp.",0,11.7215291665524,0.00500013516286637,0,1.18571486610695,0.00444824299337053,"A_Quarry_1_2023_spring_full_network_case3_version1","1"
"Phychoides_mytilla",0,5.81893451614167,0.00500013573144884,0,1.16709425790903,0.00466236297316684,"A_Quarry_1_2023_spring_full_network_case3_version1","1"
"Scaeva_affinis",0,15.0673866081184,0.00500013538946621,0,4.05381733402351,0.00474565127793772,"A_Quarry_1_2023_spring_full_network_case3_version1","1"
"silver_moth_Lepidoptera",0,12.8560108242293,0.00500013616267618,0,1.07116073244465,0.00419092246640357,"A_Quarry_1_2023_spring_full_network_case3_version1","1"
"Sphaerophoria_sp.",0,33.9425843255123,0.00500013623123197,0,75.1037283716054,0.00503195836735682,"A_Quarry_1_2023_spring_full_network_case3_version1","1"
"Tetraopes_basilus",0,27.8317507334963,0.00500013866187994,0,5.57549088435429,0.00445194289528953,"A_Quarry_1_2023_spring_full_network_case3_version1","1"
"Thysanoptera",0,17.9944351482777,0.00500013769124945,0,1.29922000464097,0.00428075660772747,"A_Quarry_1_2023_spring_full_network_case3_version1","1"
"Trichodes_ornatus",0,120.865859844281,0.00500014215771411,0,267.42588797725,0.00503092605063704,"A_Quarry_1_2023_spring_full_network_case3_version1","1"
"Acmaeodera_sp.",1,2.34535097672021e-05,0,1,2.32200718520852e-05,0,"A_Quarry_1_2023_spring_nonserpentine_network_case3_version3","3"
"Adela_eldorada",1,0,0,0,0.472703180891789,0,"A_Quarry_1_2023_spring_nonserpentine_network_case3_version3","3"
"Agapostemon_subtilior",1,0,0,0,0.522361248299648,0,"A_Quarry_1_2023_spring_nonserpentine_network_case3_version3","3"
"Andrena_nigrocaerulea",1,0,0,0,0.52550017217896,0,"A_Quarry_1_2023_spring_nonserpentine_network_case3_version3","3"
"Andrena_pensilis",1,0,0,0,0.481393811773226,0,"A_Quarry_1_2023_spring_nonserpentine_network_case3_version3","3"
"Andrena_sp.",1,0,0,0,0.485794472617933,0,"A_Quarry_1_2023_spring_nonserpentine_network_case3_version3","3"
"Andrena_subchalybea",1,0,0,0,0.547701289596828,0,"A_Quarry_1_2023_spring_nonserpentine_network_case3_version3","3"
"Anthophora_californica",1,0,0,0,0.515574253893259,0,"A_Quarry_1_2023_spring_nonserpentine_network_case3_version3","3"
"Anthrenus_sp.",1,0,0,0,0.456485184005688,0,"A_Quarry_1_2023_spring_nonserpentine_network_case3_version3","3"
"Apis_mellifera",1,0,0,0,0.546487583590898,0,"A_Quarry_1_2023_spring_nonserpentine_network_case3_version3","3"
"Asilidae",1,0,0,0,0.516817412230567,0,"A_Quarry_1_2023_spring_nonserpentine_network_case3_version3","3"
"BF1_Diptera",1,0,0,0,0.450247359136235,0,"A_Quarry_1_2023_spring_nonserpentine_network_case3_version3","3"
"Bombus_californicus",1,0,0,0,0.507365002696107,0,"A_Quarry_1_2023_spring_nonserpentine_network_case3_version3","3"
"Bombus_melanopygus",1,0,0,0,0.483600313464925,0,"A_Quarry_1_2023_spring_nonserpentine_network_case3_version3","3"
"Bombus_vosnesenskii",1,0,0,0,0.47046840499177,0,"A_Quarry_1_2023_spring_nonserpentine_network_case3_version3","3"
"Bombylius_major",1,0,0,0,0.462482696684302,0,"A_Quarry_1_2023_spring_nonserpentine_network_case3_version3","3"
"Brachysomida_californica",1,0,0,0,0.546683173066323,0,"A_Quarry_1_2023_spring_nonserpentine_network_case3_version3","3"
"Braconidae",1,0,0,0,0.504089725694661,0,"A_Quarry_1_2023_spring_nonserpentine_network_case3_version3","3"
"Burnsius_communis",1,0,0,0,0.536019750165762,0,"A_Quarry_1_2023_spring_nonserpentine_network_case3_version3","3"
"Cantharidae",1,0,0,0,0.483941035966361,0,"A_Quarry_1_2023_spring_nonserpentine_network_case3_version3","3"
"Chlosyne_palla",1,0,0,0,0.496991486636452,0,"A_Quarry_1_2023_spring_nonserpentine_network_case3_version3","3"
"Coenonympha_californica",1,0,0,0,0.53591589885108,0,"A_Quarry_1_2023_spring_nonserpentine_network_case3_version3","3"
"Colias_eurytheme",1,0,0,0,0.538511990098521,0,"A_Quarry_1_2023_spring_nonserpentine_network_case3_version3","3"
"Conophorus_fenestratus",1,0,0,0,0.471017585844275,0,"A_Quarry_1_2023_spring_nonserpentine_network_case3_version3","3"
"Diabrotica_undecimpunctata",1,0,0,0,0.492565284735786,0,"A_Quarry_1_2023_spring_nonserpentine_network_case3_version3","3"
"Diadasia_bituberculata",1,0,0,0,0.544740554361949,0,"A_Quarry_1_2023_spring_nonserpentine_network_case3_version3","3"
"Eristalis_hirta",1,0,0,0,0.45449716127687,0,"A_Quarry_1_2023_spring_nonserpentine_network_case3_version3","3"
"Erynnis_propertius",1,0,0,0,0.533789580354369,0,"A_Quarry_1_2023_spring_nonserpentine_network_case3_version3","3"
"Eucera_actuosa",1,0,0,0,0.501477015880624,0,"A_Quarry_1_2023_spring_nonserpentine_network_case3_version3","3"
"Eucera_frater_albopilosa",1,0,0,0,0.524205905652701,0,"A_Quarry_1_2023_spring_nonserpentine_network_case3_version3","3"
"Euopeodes_fumipennis",1,0,0,0,0.528656304943681,0,"A_Quarry_1_2023_spring_nonserpentine_network_case3_version3","3"
"Euphydryas_chalcedona",1,0,0,0,0.526517188444974,0,"A_Quarry_1_2023_spring_nonserpentine_network_case3_version3","3"
"Halictus_tripartitus",1,0,0,0,0.474386194685654,0,"A_Quarry_1_2023_spring_nonserpentine_network_case3_version3","3"
"Helithodes_dimutiva",1,0,0,0,0.508774081784661,0,"A_Quarry_1_2023_spring_nonserpentine_network_case3_version3","3"
"Hippodamia_convergens",1,0,0,0,0.465992554796856,0,"A_Quarry_1_2023_spring_nonserpentine_network_case3_version3","3"
"Lasioglossum_incompletum",1,0,0,0,0.536868470761398,0,"A_Quarry_1_2023_spring_nonserpentine_network_case3_version3","3"
"Listrus_sp._1",1,0,0,0,0.548388086817408,0,"A_Quarry_1_2023_spring_nonserpentine_network_case3_version3","3"
"Listrus_sp._2",0,2.35974159869066,0.00500023448287457,0,2.35976592816437,0.00500031514989856,"A_Quarry_1_2023_spring_nonserpentine_network_case3_version3","3"
"Muscidae",0,2.43078369581395,0.00500023448287457,0,2.43080875770978,0.00500031514989856,"A_Quarry_1_2023_spring_nonserpentine_network_case3_version3","3"
"Nomada_obscurella",0,2.60685545801367,0.00500023448287457,0,2.60688233524889,0.00500031514989856,"A_Quarry_1_2023_spring_nonserpentine_network_case3_version3","3"
"Osmia_aglaia",0,2.48830608666566,0.00500023448287457,0,2.48833174164606,0.00500031514989856,"A_Quarry_1_2023_spring_nonserpentine_network_case3_version3","3"
"Osmia_nemoris",0,2.48754636924159,0.00500023448287457,0,2.48757201633449,0.00500031514989856,"A_Quarry_1_2023_spring_nonserpentine_network_case3_version3","3"
"Osmia_sanctaerosae",0,2.58350579108913,0.00500023448287457,0,2.58353242757837,0.00500031514989856,"A_Quarry_1_2023_spring_nonserpentine_network_case3_version3","3"
"Osmia_sp.",0,2.67593307844446,0.00500023448287457,0,2.67596066789452,0.00500031514989856,"A_Quarry_1_2023_spring_nonserpentine_network_case3_version3","3"
"Panurginus_sp.",0,2.58061719857285,0.00500023448287457,0,2.58064380527096,0.00500031514989856,"A_Quarry_1_2023_spring_nonserpentine_network_case3_version3","3"
"Phychoides_mytilla",0,2.49799420439505,0.00500023448287457,0,2.49801995922877,0.00500031514989856,"A_Quarry_1_2023_spring_nonserpentine_network_case3_version3","3"
"Scaeva_affinis",0,2.70807211658294,0.00500023448287457,0,2.70810003738119,0.00500031514989856,"A_Quarry_1_2023_spring_nonserpentine_network_case3_version3","3"
"silver_moth_Lepidoptera",1,0,0,0,0.472450019057118,0,"A_Quarry_1_2023_spring_nonserpentine_network_case3_version3","3"
"Sphaerophoria_sp.",0,2.40551438549717,0.00500023448287457,0,2.40553918684618,0.00500031514989856,"A_Quarry_1_2023_spring_nonserpentine_network_case3_version3","3"
"Tetraopes_basilus",0,2.43507170547724,0.00500023448287457,0,2.43509681158581,0.00500031514989856,"A_Quarry_1_2023_spring_nonserpentine_network_case3_version3","3"
"Thysanoptera",0,2.63406140421445,0.00500023448287457,0,2.63408856192239,0.00500031514989856,"A_Quarry_1_2023_spring_nonserpentine_network_case3_version3","3"
"Trichodes_ornatus",0,2.79051149836607,0.00500023448287457,0,2.79054026913454,0.00500031514989856,"A_Quarry_1_2023_spring_nonserpentine_network_case3_version3","3"
"Acmaeodera_sp.",1,2.34539088315513e-05,0,1,2.35337102235336e-05,0,"A_Quarry_1_2023_spring_serpentine_network_case3_version2","2"
"Adela_eldorada",0,9.4148104395143,0.00500023150495023,0,1.32752374186955,0.00444342968881441,"A_Quarry_1_2023_spring_serpentine_network_case3_version2","2"
"Agapostemon_subtilior",0,15.3941868654822,0.00500023426328246,0,0.320306128324835,0.00326817434454258,"A_Quarry_1_2023_spring_serpentine_network_case3_version2","2"
"Andrena_nigrocaerulea",1,0,0,0,0.52550017217896,0,"A_Quarry_1_2023_spring_serpentine_network_case3_version2","2"
"Andrena_pensilis",0,4.75240537436471,0.00500021731441703,0,4.76635862455981,0.00498662717360135,"A_Quarry_1_2023_spring_serpentine_network_case3_version2","2"
"Andrena_sp.",1,0,0,0,0.485794472617933,0,"A_Quarry_1_2023_spring_serpentine_network_case3_version2","2"
"Andrena_subchalybea",0,18.7476766709004,0.00500023836143121,0,3.81553464482988,0.00461793439921446,"A_Quarry_1_2023_spring_serpentine_network_case3_version2","2"
"Anthophora_californica",1,0,0,0,0.515574253893259,0,"A_Quarry_1_2023_spring_serpentine_network_case3_version2","2"
"Anthrenus_sp.",1,0,0,0,0.456485184005688,0,"A_Quarry_1_2023_spring_serpentine_network_case3_version2","2"
"Apis_mellifera",0,16.4822897366019,0.00500023772490604,0,8.59252209880128,0.00497640508839276,"A_Quarry_1_2023_spring_serpentine_network_case3_version2","2"
"Asilidae",0,7.81527470898218,0.00500022945830412,0,8.61116713164484,0.00501007497994203,"A_Quarry_1_2023_spring_serpentine_network_case3_version2","2"
"BF1_Diptera",0,16.3113849444485,0.00500023434995308,0,14.7303596814467,0.00496629140431227,"A_Quarry_1_2023_spring_serpentine_network_case3_version2","2"
"Bombus_californicus",0,15.3023366450747,0.00500023772490604,0,7.9773907565164,0.00497640508839276,"A_Quarry_1_2023_spring_serpentine_network_case3_version2","2"
"Bombus_melanopygus",1,0,0,0,0.483600313464925,0,"A_Quarry_1_2023_spring_serpentine_network_case3_version2","2"
"Bombus_vosnesenskii",0,4.64454781448729,0.00500021731441703,0,4.65818439057183,0.00498662717360135,"A_Quarry_1_2023_spring_serpentine_network_case3_version2","2"
"Bombylius_major",1,0,0,0,0.462482696684302,0,"A_Quarry_1_2023_spring_serpentine_network_case3_version2","2"
"Brachysomida_californica",0,5.39695356738816,0.00500021731441703,0,5.41279923648553,0.00498662717360135,"A_Quarry_1_2023_spring_serpentine_network_case3_version2","2"
"Braconidae",1,0,0,0,0.504089725694661,0,"A_Quarry_1_2023_spring_serpentine_network_case3_version2","2"
"Burnsius_communis",0,10.6758840295701,0.00500023150495023,0,1.50533986929051,0.00444342968881441,"A_Quarry_1_2023_spring_serpentine_network_case3_version2","2"
"Cantharidae",0,7.31812057715156,0.00500022945830412,0,8.06338378678753,0.00501007497994203,"A_Quarry_1_2023_spring_serpentine_network_case3_version2","2"
"Chlosyne_palla",0,18.8994574950333,0.00500023309289801,0,33.5168835511515,0.00500247977867318,"A_Quarry_1_2023_spring_serpentine_network_case3_version2","2"
"Coenonympha_californica",0,5.2906571203194,0.00500021731441703,0,5.30619069887492,0.00498662717360135,"A_Quarry_1_2023_spring_serpentine_network_case3_version2","2"
"Colias_eurytheme",0,12.721158522905,0.00500023005756844,0,27.2690202007375,0.00501337541266473,"A_Quarry_1_2023_spring_serpentine_network_case3_version2","2"
"Conophorus_fenestratus",0,7.12269311950316,0.00500022945830412,0,7.84805437611147,0.00501007497994203,"A_Quarry_1_2023_spring_serpentine_network_case3_version2","2"
"Diabrotica_undecimpunctata",0,10.7174429566074,0.00500023352982815,0,0.192967041439972,0.00346429718536942,"A_Quarry_1_2023_spring_serpentine_network_case3_version2","2"
"Diadasia_bituberculata",0,14.6476654504223,0.00500023309357322,0,0.0301222710802038,0.00250123988933659,"A_Quarry_1_2023_spring_serpentine_network_case3_version2","2"
"Eristalis_hirta",0,7.53797918099121,0.00500023499173287,1,0,0.00124258234096222,"A_Quarry_1_2023_spring_serpentine_network_case3_version2","2"
"Erynnis_propertius",0,27.503206317906,0.00500023752503794,0,46.2556187659425,0.00502972493318722,"A_Quarry_1_2023_spring_serpentine_network_case3_version2","2"
"Eucera_actuosa",0,9.94588508031912,0.00500022988336267,0,14.5662474107085,0.00501172519630338,"A_Quarry_1_2023_spring_serpentine_network_case3_version2","2"
"Eucera_frater_albopilosa",0,38.519859040526,0.00500023815467591,0,48.5802256705251,0.00499949745779223,"A_Quarry_1_2023_spring_serpentine_network_case3_version2","2"
"Euopeodes_fumipennis",0,3.69029848150237,0.00500021731889961,0,0.0112035136885175,0.00249331358680067,"A_Quarry_1_2023_spring_serpentine_network_case3_version2","2"
"Euphydryas_chalcedona",0,3.67536632564751,0.00500021731889961,0,0.0111581806040211,0.00249331358680067,"A_Quarry_1_2023_spring_serpentine_network_case3_version2","2"
"Halictus_tripartitus",0,3.31146462747945,0.00500021731889961,0,0.0100533979756781,0.00249331358680067,"A_Quarry_1_2023_spring_serpentine_network_case3_version2","2"
"Helithodes_dimutiva",0,11.0701207904599,0.00500023352982815,0,0.199316988724687,0.00346429718536942,"A_Quarry_1_2023_spring_serpentine_network_case3_version2","2"
"Hippodamia_convergens",0,3.25287261550877,0.00500021731889961,0,0.00987551631883983,0.00249331358680067,"A_Quarry_1_2023_spring_serpentine_network_case3_version2","2"
"Lasioglossum_incompletum",0,77.5325186422445,0.00500024581997071,0,86.0430339562714,0.00500127024612461,"A_Quarry_1_2023_spring_serpentine_network_case3_version2","2"
"Listrus_sp._1",0,10.4871982500346,0.00500023326250304,0,0.0424334973769993,0.00275941644149487,"A_Quarry_1_2023_spring_serpentine_network_case3_version2","2"
"Listrus_sp._2",0,36.4500700113048,0.0050002374316436,0,69.3547886200906,0.00501900562145215,"A_Quarry_1_2023_spring_serpentine_network_case3_version2","2"
"Muscidae",0,9.70072643645901,0.00500023339911906,0,0.0201930683695569,0.00257053467778566,"A_Quarry_1_2023_spring_serpentine_network_case3_version2","2"
"Nomada_obscurella",0,8.20359290402978,0.00500022988438276,0,0.170682508278334,0.00334115013086892,"A_Quarry_1_2023_spring_serpentine_network_case3_version2","2"
"Osmia_aglaia",0,6.20596238719196,0.00500022870713204,0,0.05224104016703,0.00314335228747192,"A_Quarry_1_2023_spring_serpentine_network_case3_version2","2"
"Osmia_nemoris",0,7.82813549555773,0.00500022988438279,0,0.162870807610491,0.00334115013086892,"A_Quarry_1_2023_spring_serpentine_network_case3_version2","2"
"Osmia_sanctaerosae",0,26.1435195675462,0.00500023916511718,0,9.9459758290267,0.00474395338831629,"A_Quarry_1_2023_spring_serpentine_network_case3_version2","2"
"Osmia_sp.",0,13.7631997779355,0.00500023421007792,0,0.1448215708992,0.00303330421671395,"A_Quarry_1_2023_spring_serpentine_network_case3_version2","2"
"Panurginus_sp.",0,31.7560805980898,0.00500023992356051,0,41.0720545243563,0.00501537431679067,"A_Quarry_1_2023_spring_serpentine_network_case3_version2","2"
"Phychoides_mytilla",0,14.9775247147376,0.00500023508591099,0,0.116874451271038,0.00301760954726314,"A_Quarry_1_2023_spring_serpentine_network_case3_version2","2"
"Scaeva_affinis",0,11.6494609600214,0.00500023368253779,0,0.0885777773051734,0.00310952081495951,"A_Quarry_1_2023_spring_serpentine_network_case3_version2","2"
"silver_moth_Lepidoptera",0,14.1411355727094,0.00500023622702406,0,0.0976152764259063,0.00299316149530854,"A_Quarry_1_2023_spring_serpentine_network_case3_version2","2"
"Sphaerophoria_sp.",0,34.882856327164,0.00500023821851141,0,80.318462622578,0.00502584911232685,"A_Quarry_1_2023_spring_serpentine_network_case3_version2","2"
"Tetraopes_basilus",0,27.1000143759519,0.00500024224826097,0,1.87337308451986,0.00419574497900056,"A_Quarry_1_2023_spring_serpentine_network_case3_version2","2"
"Thysanoptera",0,16.4390432522013,0.00500023884301338,0,0.176224857038492,0.00339144563179863,"A_Quarry_1_2023_spring_serpentine_network_case3_version2","2"
"Trichodes_ornatus",0,103.755497624256,0.00500024838106304,0,217.110635106364,0.00502482407506498,"A_Quarry_1_2023_spring_serpentine_network_case3_version2","2"
"Acmaeodera_sp.",0,2.29603576205813,0.00500013439175088,0,0.307175544940237,0.00442839751792891,"A_Quarry_1_2024_spring_full_network_case3_version1","1"
"Adela_eldorada",0,2.16202566384847,0.00500013439175088,0,0.289246980741439,0.00442839751792891,"A_Quarry_1_2024_spring_full_network_case3_version1","1"
"Adela_flammeusella",0,2.13344163466697,0.00500013439175088,0,0.285422861342771,0.00442839751792891,"A_Quarry_1_2024_spring_full_network_case3_version1","1"
"Adela_trigrapha",0,1.94996802492088,0.00500013439175088,0,0.260876812456171,0.00442839751792891,"A_Quarry_1_2024_spring_full_network_case3_version1","1"
"Andrena_pallidifovea",0,5.27144318261326,0.00500014049323865,0,3.59120363437797,0.00492584088446608,"A_Quarry_1_2024_spring_full_network_case3_version1","1"
"Andrena_pensilis",0,2.23908620802199,0.00500013439175088,0,0.299556538965759,0.00442839751792891,"A_Quarry_1_2024_spring_full_network_case3_version1","1"
"Andrena_sp.",0,2.10335526835988,0.00500013439175088,0,0.281397751564756,0.00442839751792891,"A_Quarry_1_2024_spring_full_network_case3_version1","1"
"Anthophora_crotchii",0,4.73445134359686,0.00500014472987555,0,0.565812234791407,0.0045780325602208,"A_Quarry_1_2024_spring_full_network_case3_version1","1"
"Anthrenus_sp.",0,5.69964125592074,0.00500014049323865,0,3.88291624967908,0.00492584088446608,"A_Quarry_1_2024_spring_full_network_case3_version1","1"
"Apis_mellifera",0,2.11370019913699,0.00500013439175088,0,0.28278174987587,0.00442839751792891,"A_Quarry_1_2024_spring_full_network_case3_version1","1"
"BF1_Diptera",0,1.94210601553807,0.00500013439175088,0,0.25982499215276,0.00442839751792891,"A_Quarry_1_2024_spring_full_network_case3_version1","1"
"Bombus_californicus",0,2.27206706214168,0.00500013439175088,0,0.303968888389625,0.00442839751792891,"A_Quarry_1_2024_spring_full_network_case3_version1","1"
"Bombus_melanopygus",0,2.17360263289702,0.00500013439175088,0,0.290795807499616,0.00442839751792891,"A_Quarry_1_2024_spring_full_network_case3_version1","1"
"Bombus_sp.",0,4.38707150127196,0.00500014472987555,0,0.524297019941592,0.0045780325602208,"A_Quarry_1_2024_spring_full_network_case3_version1","1"
"Bombus_vosnesenskii",0,5.56486531684874,0.00500014049323865,0,3.79109929722015,0.00492584088446608,"A_Quarry_1_2024_spring_full_network_case3_version1","1"
"Bombylius_major",0,2.05694711034712,0.00500013439175088,0,0.275189027978457,0.00442839751792891,"A_Quarry_1_2024_spring_full_network_case3_version1","1"
"Braconidae",0,4.89533897453967,0.00500014472987555,0,0.585039846092245,0.0045780325602208,"A_Quarry_1_2024_spring_full_network_case3_version1","1"
"Chrysis_angolensis",0,4.35531381311999,0.00500014472987555,0,0.520501672331548,0.0045780325602208,"A_Quarry_1_2024_spring_full_network_case3_version1","1"
"Coenonympha_californica",0,5.26506758710491,0.00500014049323865,0,3.58686021999926,0.00492584088446608,"A_Quarry_1_2024_spring_full_network_case3_version1","1"
"Cyrtopogon_sp.",0,4.80095072577616,0.00500014472987555,0,0.573759547322387,0.0045780325602208,"A_Quarry_1_2024_spring_full_network_case3_version1","1"
"Erynnis_propertius",0,2.16484363900102,0.00500013439175088,0,0.289623983879381,0.00442839751792891,"A_Quarry_1_2024_spring_full_network_case3_version1","1"
"Eucera_actuosa",0,5.35363291086184,0.00500014049323865,0,3.64719590000737,0.00492584088446608,"A_Quarry_1_2024_spring_full_network_case3_version1","1"
"Eucera_frater_albopilosa",0,11.0701341037324,0.00500014593445456,0,1.63778063281296,0.00446324336625981,"A_Quarry_1_2024_spring_full_network_case3_version1","1"
"Eucera_sp.",0,3.88204750756142,0.0050001397605794,0,0.944736459255675,0.0046771192011975,"A_Quarry_1_2024_spring_full_network_case3_version1","1"
"Glaucophysche_lygdamus",0,8.8974622411427,0.00500014531764845,0,1.69995628133081,0.00451981334420478,"A_Quarry_1_2024_spring_full_network_case3_version1","1"
"Listrus_sp._1",0,9.45253369963117,0.0050001454948737,0,2.41687262047178,0.00459463086535073,"A_Quarry_1_2024_spring_full_network_case3_version1","1"
"Listrus_sp._2",0,10.2632810927983,0.00500014552680595,0,11.1069890123806,0.00499360968028082,"A_Quarry_1_2024_spring_full_network_case3_version1","1"
"Muscidae",0,3.77047924990028,0.00500014293700262,0,0.41484281832818,0.00450321503907485,"A_Quarry_1_2024_spring_full_network_case3_version1","1"
"Nomada_hesperia",0,11.0196501744371,0.00500014552680595,0,11.9255365104566,0.00499360968028082,"A_Quarry_1_2024_spring_full_network_case3_version1","1"
"Osmia_cara",0,10.9080851497475,0.0050001455268062,0,11.8048001284109,0.00499360968028082,"A_Quarry_1_2024_spring_full_network_case3_version1","1"
"Osmia_nemoris",0,18.8301290373481,0.00500014620895461,0,16.9131813576263,0.00485086354530179,"A_Quarry_1_2024_spring_full_network_case3_version1","1"
"Osmia_sp.",0,17.6137729344277,0.00500014604552219,0,19.4661635500339,0.00490743352324676,"A_Quarry_1_2024_spring_full_network_case3_version1","1"
"Panurginus_sp.",0,10.0069477264109,0.00500014604593107,0,1.99178225393362,0.00453806088740575,"A_Quarry_1_2024_spring_full_network_case3_version1","1"
"Scaeva_affinis",0,7.9745854595941,0.00500014525812762,0,1.1805331087899,0.00453921974954345,"A_Quarry_1_2024_spring_full_network_case3_version1","1"
"silver_moth_Lepidoptera",0,9.48686532029665,0.00500014570353876,0,74.1840333699849,0.00508047177934704,"A_Quarry_1_2024_spring_full_network_case3_version1","1"
"Trichodes_ornatus",0,11.6070190414753,0.00500014583303267,0,74.8956399092842,0.00510418167933326,"A_Quarry_1_2024_spring_full_network_case3_version1","1"
"Acmaeodera_sp.",1,2.46220859761394e-05,0,1,2.46220859761332e-05,0,"A_Quarry_1_2024_spring_nonserpentine_network_case3_version3","3"
"Adela_eldorada",1,0,0,0,0.514137403464009,0,"A_Quarry_1_2024_spring_nonserpentine_network_case3_version3","3"
"Adela_flammeusella",1,0,0,0,0.507340019595502,0,"A_Quarry_1_2024_spring_nonserpentine_network_case3_version3","3"
"Adela_trigrapha",1,0,0,0,0.463709341601333,0,"A_Quarry_1_2024_spring_nonserpentine_network_case3_version3","3"
"Andrena_pallidifovea",1,0,0,0,0.462904293608342,0,"A_Quarry_1_2024_spring_nonserpentine_network_case3_version3","3"
"Andrena_pensilis",1,0,0,0,0.532462675395637,0,"A_Quarry_1_2024_spring_nonserpentine_network_case3_version3","3"
"Andrena_sp.",1,0,0,0,0.500185374473308,0,"A_Quarry_1_2024_spring_nonserpentine_network_case3_version3","3"
"Anthophora_crotchii",1,0,0,0,0.515588772886241,0,"A_Quarry_1_2024_spring_nonserpentine_network_case3_version3","3"
"Anthrenus_sp.",1,0,0,0,0.500505899056097,0,"A_Quarry_1_2024_spring_nonserpentine_network_case3_version3","3"
"Apis_mellifera",1,0,0,0,0.502645435814115,0,"A_Quarry_1_2024_spring_nonserpentine_network_case3_version3","3"
"BF1_Diptera",1,0,0,0,0.461839727830067,0,"A_Quarry_1_2024_spring_nonserpentine_network_case3_version3","3"
"Bombus_californicus",1,0,0,0,0.540305639938594,0,"A_Quarry_1_2024_spring_nonserpentine_network_case3_version3","3"
"Bombus_melanopygus",1,0,0,0,0.516890447943886,0,"A_Quarry_1_2024_spring_nonserpentine_network_case3_version3","3"
"Bombus_sp.",1,0,0,0,0.477758592892326,0,"A_Quarry_1_2024_spring_nonserpentine_network_case3_version3","3"
"Bombus_vosnesenskii",1,0,0,0,0.488670741319037,0,"A_Quarry_1_2024_spring_nonserpentine_network_case3_version3","3"
"Bombylius_major",1,0,0,0,0.489149349061376,0,"A_Quarry_1_2024_spring_nonserpentine_network_case3_version3","3"
"Braconidae",1,0,0,0,0.533109674548316,0,"A_Quarry_1_2024_spring_nonserpentine_network_case3_version3","3"
"Chrysis_angolensis",1,0,0,0,0.474300133541366,0,"A_Quarry_1_2024_spring_nonserpentine_network_case3_version3","3"
"Coenonympha_californica",1,0,0,0,0.462344429740843,0,"A_Quarry_1_2024_spring_nonserpentine_network_case3_version3","3"
"Cyrtopogon_sp.",1,0,0,0,0.522830654342114,0,"A_Quarry_1_2024_spring_nonserpentine_network_case3_version3","3"
"Erynnis_propertius",1,0,0,0,0.514807527915019,0,"A_Quarry_1_2024_spring_nonserpentine_network_case3_version3","3"
"Eucera_actuosa",1,0,0,0,0.470121667729747,0,"A_Quarry_1_2024_spring_nonserpentine_network_case3_version3","3"
"Eucera_frater_albopilosa",1,0,0,0,0.534869533863323,0,"A_Quarry_1_2024_spring_nonserpentine_network_case3_version3","3"
"Eucera_sp.",0,1.96779265181389,0.00499992721076901,0,1.9677926518139,0.00499992721076909,"A_Quarry_1_2024_spring_nonserpentine_network_case3_version3","3"
"Glaucophysche_lygdamus",0,2.00390909774785,0.00499992721076901,0,2.00390909774785,0.00499992721076909,"A_Quarry_1_2024_spring_nonserpentine_network_case3_version3","3"
"Listrus_sp._1",0,2.0397690044397,0.00499992721076901,0,2.0397690044397,0.00499992721076909,"A_Quarry_1_2024_spring_nonserpentine_network_case3_version3","3"
"Listrus_sp._2",0,2.11503741087901,0.00499992721076901,0,2.11503741087901,0.00499992721076909,"A_Quarry_1_2024_spring_nonserpentine_network_case3_version3","3"
"Muscidae",0,2.29721248790152,0.00499992721076901,0,2.29721248790152,0.00499992721076909,"A_Quarry_1_2024_spring_nonserpentine_network_case3_version3","3"
"Nomada_hesperia",0,2.27090850990967,0.00499992721076901,0,2.27090850990968,0.00499992721076909,"A_Quarry_1_2024_spring_nonserpentine_network_case3_version3","3"
"Osmia_cara",0,2.24791740336952,0.00499992721076901,0,2.24791740336952,0.00499992721076909,"A_Quarry_1_2024_spring_nonserpentine_network_case3_version3","3"
"Osmia_nemoris",0,2.21076160616293,0.00499992721076901,0,2.21076160616293,0.00499992721076909,"A_Quarry_1_2024_spring_nonserpentine_network_case3_version3","3"
"Osmia_sp.",0,2.11077559848534,0.00499992721076901,0,2.11077559848534,0.00499992721076909,"A_Quarry_1_2024_spring_nonserpentine_network_case3_version3","3"
"Panurginus_sp.",0,2.02635703234156,0.00499992721076901,0,2.02635703234156,0.00499992721076909,"A_Quarry_1_2024_spring_nonserpentine_network_case3_version3","3"
"Scaeva_affinis",0,2.08506873068443,0.00499992721076901,0,2.08506873068443,0.00499992721076909,"A_Quarry_1_2024_spring_nonserpentine_network_case3_version3","3"
"silver_moth_Lepidoptera",0,2.0315588294328,0.00499992721076901,0,2.0315588294328,0.00499992721076909,"A_Quarry_1_2024_spring_nonserpentine_network_case3_version3","3"
"Trichodes_ornatus",0,2.05531007751925,0.00499992721076901,0,2.05531007751925,0.00499992721076909,"A_Quarry_1_2024_spring_nonserpentine_network_case3_version3","3"
"Acmaeodera_sp.",1,2.52044585639885e-05,0,1,2.47161329405037e-05,0,"A_Quarry_1_2024_spring_serpentine_network_case3_version2","2"
"Adela_eldorada",1,0,0,0,0.514137403464009,0,"A_Quarry_1_2024_spring_serpentine_network_case3_version2","2"
"Adela_flammeusella",1,0,0,0,0.507340019595502,0,"A_Quarry_1_2024_spring_serpentine_network_case3_version2","2"
"Adela_trigrapha",1,0,0,0,0.463709341601333,0,"A_Quarry_1_2024_spring_serpentine_network_case3_version2","2"
"Andrena_pallidifovea",1,0,0,0,0.462904293608342,0,"A_Quarry_1_2024_spring_serpentine_network_case3_version2","2"
"Andrena_pensilis",1,0,0,0,0.532462675395637,0,"A_Quarry_1_2024_spring_serpentine_network_case3_version2","2"
"Andrena_sp.",1,0,0,0,0.500185374473308,0,"A_Quarry_1_2024_spring_serpentine_network_case3_version2","2"
"Anthophora_crotchii",1,0,0,0,0.515588772886241,0,"A_Quarry_1_2024_spring_serpentine_network_case3_version2","2"
"Anthrenus_sp.",1,0,0,0,0.500505899056097,0,"A_Quarry_1_2024_spring_serpentine_network_case3_version2","2"
"Apis_mellifera",0,5.86153581907646,0.00500029963005259,0,5.27495669666353,0.004985936346625,"A_Quarry_1_2024_spring_serpentine_network_case3_version2","2"
"BF1_Diptera",1,0,0,0,0.461839727830067,0,"A_Quarry_1_2024_spring_serpentine_network_case3_version2","2"
"Bombus_californicus",1,0,0,0,0.540305639938594,0,"A_Quarry_1_2024_spring_serpentine_network_case3_version2","2"
"Bombus_melanopygus",0,11.7068724761798,0.00500046729844366,0,6.18287197760508,0.00483284604815292,"A_Quarry_1_2024_spring_serpentine_network_case3_version2","2"
"Bombus_sp.",0,10.4983286913884,0.0050004364010691,0,8.06774079542541,0.00499042228563948,"A_Quarry_1_2024_spring_serpentine_network_case3_version2","2"
"Bombus_vosnesenskii",0,5.698571696651,0.00500029963005259,0,5.12830081742571,0.004985936346625,"A_Quarry_1_2024_spring_serpentine_network_case3_version2","2"
"Bombylius_major",1,0,0,0,0.489149349061376,0,"A_Quarry_1_2024_spring_serpentine_network_case3_version2","2"
"Braconidae",1,0,0,0,0.533109674548316,0,"A_Quarry_1_2024_spring_serpentine_network_case3_version2","2"
"Chrysis_angolensis",1,0,0,0,0.474300133541366,0,"A_Quarry_1_2024_spring_serpentine_network_case3_version2","2"
"Coenonympha_californica",1,0,0,0,0.462344429740843,0,"A_Quarry_1_2024_spring_serpentine_network_case3_version2","2"
"Cyrtopogon_sp.",1,0,0,0,0.522830654342114,0,"A_Quarry_1_2024_spring_serpentine_network_case3_version2","2"
"Erynnis_propertius",0,11.3124467481113,0.0050004364010691,0,8.69337309002431,0.00499042228563948,"A_Quarry_1_2024_spring_serpentine_network_case3_version2","2"
"Eucera_actuosa",0,10.33051391601,0.0050004364010691,0,7.93877873478643,0.00499042228563948,"A_Quarry_1_2024_spring_serpentine_network_case3_version2","2"
"Eucera_frater_albopilosa",0,6.23731303968571,0.00500029963005259,0,5.61312891430905,0.004985936346625,"A_Quarry_1_2024_spring_serpentine_network_case3_version2","2"
"Eucera_sp.",1,0,0,0,0.452255640878461,0,"A_Quarry_1_2024_spring_serpentine_network_case3_version2","2"
"Glaucophysche_lygdamus",0,14.5997540229705,0.00500050488150656,0,7.29871544956644,0.00483905201420312,"A_Quarry_1_2024_spring_serpentine_network_case3_version2","2"
"Listrus_sp._1",0,5.46682694053694,0.00500029963005259,0,4.91974736138972,0.004985936346625,"A_Quarry_1_2024_spring_serpentine_network_case3_version2","2"
"Listrus_sp._2",1,0,0,0,0.486096743371383,0,"A_Quarry_1_2024_spring_serpentine_network_case3_version2","2"
"Muscidae",0,6.15680652514911,0.00500029963005259,0,5.54067889572238,0.004985936346625,"A_Quarry_1_2024_spring_serpentine_network_case3_version2","2"
"Nomada_hesperia",0,11.6986062486179,0.00500050509247839,0,0.0139885341279084,0.00241952600710156,"A_Quarry_1_2024_spring_serpentine_network_case3_version2","2"
"Osmia_cara",0,4.25998752629437,0.00500030011330772,0,0.0112696454746324,0.0024929681733125,"A_Quarry_1_2024_spring_serpentine_network_case3_version2","2"
"Osmia_nemoris",0,8.13687790473786,0.00500046763361317,0,0.0118318599346996,0.00241642302407646,"A_Quarry_1_2024_spring_serpentine_network_case3_version2","2"
"Osmia_sp.",0,20.345414471675,0.00500049910325954,0,27.3572340348606,0.0050079289721117,"A_Quarry_1_2024_spring_serpentine_network_case3_version2","2"
"Panurginus_sp.",0,18.114464040993,0.00500049178865742,0,22.8167324609459,0.0050048259890866,"A_Quarry_1_2024_spring_serpentine_network_case3_version2","2"
"Scaeva_affinis",0,7.67425562171765,0.00500046763361317,0,0.0111591594072182,0.00241642302407646,"A_Quarry_1_2024_spring_serpentine_network_case3_version2","2"
"silver_moth_Lepidoptera",0,22.0794269264585,0.00500049548030464,0,42.3015296410877,0.00501712850863878,"A_Quarry_1_2024_spring_serpentine_network_case3_version2","2"
"Trichodes_ornatus",0,22.2787775928352,0.00500049586709098,0,45.1366428337416,0.00504299375569995,"A_Quarry_1_2024_spring_serpentine_network_case3_version2","2"
"Acmaeodera_sp.",0,3.22214991392832,0.00500018802878814,0,0.00811413968350887,0.00242019780249188,"A_Quarry_2_2023_spring_full_network_case3_version1","1"
"Adela_eldorada",0,3.83863687529059,0.00500018802878814,0,0.00966660044645502,0.00242019780249188,"A_Quarry_2_2023_spring_full_network_case3_version1","1"
"Andrena_pensilis",0,15.1918844183331,0.00500019880038168,0,11.4561873888114,0.00490709538165994,"A_Quarry_2_2023_spring_full_network_case3_version1","1"
"Andrena_sp.",0,9.71705611093494,0.00500019675722319,0,3.10435336341758,0.00484482659112386,"A_Quarry_2_2023_spring_full_network_case3_version1","1"
"Andrena_subchalybea",0,6.09321518195227,0.00500018667305529,0,0.392543631795253,0.00396449530264825,"A_Quarry_2_2023_spring_full_network_case3_version1","1"
"Andrena-mimic_Syrpid",0,6.55113368053972,0.00500018667305529,0,0.422044147550285,0.00396449530264825,"A_Quarry_2_2023_spring_full_network_case3_version1","1"
"Apis_mellifera",0,17.2040890473017,0.00500019844915109,0,25.7769389648387,0.00501832560644172,"A_Quarry_2_2023_spring_full_network_case3_version1","1"
"BF1_Diptera",0,3.4562733197891,0.00500018802878814,0,0.0087037180911857,0.00242019780249188,"A_Quarry_2_2023_spring_full_network_case3_version1","1"
"big_blue_butterfly_Lepidoptera",0,6.88771717121144,0.00500019478273163,0,1.20686822187231,0.00459523440245191,"A_Quarry_2_2023_spring_full_network_case3_version1","1"
"Bombus_melanopygus",0,22.2714295491615,0.00500019764844021,0,33.0775897064799,0.00501137604210326,"A_Quarry_2_2023_spring_full_network_case3_version1","1"
"Bombylius_major",0,6.81211997388739,0.00500019478273163,0,1.19362205458331,0.00459523440245191,"A_Quarry_2_2023_spring_full_network_case3_version1","1"
"brown_moth_Lepidoptera",0,3.84213005074975,0.00500018802878814,0,0.0096753970926277,0.00242019780249188,"A_Quarry_2_2023_spring_full_network_case3_version1","1"
"Coenonympha_californica",0,3.52909814984153,0.00500018802878814,0,0.00888710832772573,0.00242019780249188,"A_Quarry_2_2023_spring_full_network_case3_version1","1"
"Conophorus_fenestratus",0,6.08932681535547,0.00500018667305529,0,0.392293131342727,0.00396449530264825,"A_Quarry_2_2023_spring_full_network_case3_version1","1"
"Diadasia_nigrifrons",0,7.04012128290798,0.00500018667305529,0,0.453546230382407,0.00396449530264825,"A_Quarry_2_2023_spring_full_network_case3_version1","1"
"Elateridae",0,5.96258894779343,0.00500019478273163,0,1.0447669295303,0.00459523440245191,"A_Quarry_2_2023_spring_full_network_case3_version1","1"
"Eristalis_hirta",0,6.56528289997903,0.00500019478273163,0,1.15037117548394,0.00459523440245191,"A_Quarry_2_2023_spring_full_network_case3_version1","1"
"Eucera_actuosa",0,9.63774523951323,0.00500019675722319,0,3.0790155482283,0.00484482659112386,"A_Quarry_2_2023_spring_full_network_case3_version1","1"
"Euopeodes_fumipennis",0,3.82536727279922,0.00500018802878814,0,0.00963318443070535,0.00242019780249188,"A_Quarry_2_2023_spring_full_network_case3_version1","1"
"gray_Bombyliidae",0,3.4650163172548,0.00500018802878814,0,0.0087257350372204,0.00242019780249188,"A_Quarry_2_2023_spring_full_network_case3_version1","1"
"Heliolonche_modiella",0,12.6431367762947,0.00500019810280611,0,0.46327779355623,0.0037192617044668,"A_Quarry_2_2023_spring_full_network_case3_version1","1"
"Helithodes_dimutiva",0,10.1675055877957,0.00500019567325004,0,9.99853804122615,0.00516385237971208,"A_Quarry_2_2023_spring_full_network_case3_version1","1"
"Listrus_sp._1",0,9.84885946665143,0.00500019540207688,0,0.913376752724861,0.00407633407973207,"A_Quarry_2_2023_spring_full_network_case3_version1","1"
"Malachius_sp.",0,11.9529313116224,0.00500019824802694,0,0.344837560720386,0.00366364659207591,"A_Quarry_2_2023_spring_full_network_case3_version1","1"
"Muscidae",0,8.14856872651946,0.00500019613260497,0,1.85926108233748,0.00472003049678788,"A_Quarry_2_2023_spring_full_network_case3_version1","1"
"Nomada_hesperia",0,11.0201713583136,0.00500019540207688,0,1.0220034477024,0.00407633407973207,"A_Quarry_2_2023_spring_full_network_case3_version1","1"
"Osmia_atrocyanea",0,21.8861737580413,0.00500019907922372,0,41.6604972030679,0.00504393929514732,"A_Quarry_2_2023_spring_full_network_case3_version1","1"
"Osmia_sanctaerosae",0,15.7993697410105,0.00500019734381837,0,5.21998364734398,0.00481714567855968,"A_Quarry_2_2023_spring_full_network_case3_version1","1"
"Panurginus_sp.",0,24.7813233876592,0.0050001979389156,0,50.0513914818533,0.00501922865555704,"A_Quarry_2_2023_spring_full_network_case3_version1","1"
"Scaeva_affinis",0,4.27476311337742,0.0050001862995078,0,56.0930834556244,0.00501402919564838,"A_Quarry_2_2023_spring_full_network_case3_version1","1"
"silver_moth_Lepidoptera",0,33.2197762067276,0.00500020258340518,0,83.3814990211213,0.00505544466765568,"A_Quarry_2_2023_spring_full_network_case3_version1","1"
"Trichodes_ornatus",0,22.2211970169074,0.00500019842689341,0,35.5795300914671,0.00498571632912259,"A_Quarry_2_2023_spring_full_network_case3_version1","1"
"Acmaeodera_sp.",1,2.07579395913976e-05,0,1,2.07483296853003e-05,0,"A_Quarry_2_2023_spring_nonserpentine_network_case3_version3","3"
"Adela_eldorada",1,0,0,0,0.549217882519224,0,"A_Quarry_2_2023_spring_nonserpentine_network_case3_version3","3"
"Andrena_pensilis",1,0,0,0,0.504951500592265,0,"A_Quarry_2_2023_spring_nonserpentine_network_case3_version3","3"
"Andrena_sp.",1,0,0,0,0.519870454198621,0,"A_Quarry_2_2023_spring_nonserpentine_network_case3_version3","3"
"Andrena_subchalybea",1,0,0,0,0.462723716214636,0,"A_Quarry_2_2023_spring_nonserpentine_network_case3_version3","3"
"Andrena-mimic_Syrpid",1,0,0,0,0.497498419390758,0,"A_Quarry_2_2023_spring_nonserpentine_network_case3_version3","3"
"Apis_mellifera",1,0,0,0,0.455934700465731,0,"A_Quarry_2_2023_spring_nonserpentine_network_case3_version3","3"
"BF1_Diptera",1,0,0,0,0.494510727536171,0,"A_Quarry_2_2023_spring_nonserpentine_network_case3_version3","3"
"big_blue_butterfly_Lepidoptera",1,0,0,0,0.541797700427378,0,"A_Quarry_2_2023_spring_nonserpentine_network_case3_version3","3"
"Bombus_melanopygus",1,0,0,0,0.493951082948572,0,"A_Quarry_2_2023_spring_nonserpentine_network_case3_version3","3"
"Bombylius_major",1,0,0,0,0.535851116658119,0,"A_Quarry_2_2023_spring_nonserpentine_network_case3_version3","3"
"brown_moth_Lepidoptera",1,0,0,0,0.549717673007267,0,"A_Quarry_2_2023_spring_nonserpentine_network_case3_version3","3"
"Coenonympha_californica",1,0,0,0,0.504930233142772,0,"A_Quarry_2_2023_spring_nonserpentine_network_case3_version3","3"
"Conophorus_fenestratus",1,0,0,0,0.462428430566764,0,"A_Quarry_2_2023_spring_nonserpentine_network_case3_version3","3"
"Diadasia_nigrifrons",1,0,0,0,0.534632535597604,0,"A_Quarry_2_2023_spring_nonserpentine_network_case3_version3","3"
"Elateridae",1,0,0,0,0.469025788930722,0,"A_Quarry_2_2023_spring_nonserpentine_network_case3_version3","3"
"Eristalis_hirta",1,0,0,0,0.516434558651612,0,"A_Quarry_2_2023_spring_nonserpentine_network_case3_version3","3"
"Eucera_actuosa",1,0,0,0,0.515627257649613,0,"A_Quarry_2_2023_spring_nonserpentine_network_case3_version3","3"
"Euopeodes_fumipennis",1,0,0,0,0.54731931704903,0,"A_Quarry_2_2023_spring_nonserpentine_network_case3_version3","3"
"gray_Bombyliidae",1,0,0,0,0.495761643045471,0,"A_Quarry_2_2023_spring_nonserpentine_network_case3_version3","3"
"Heliolonche_modiella",1,0,0,0,0.465934665229141,0,"A_Quarry_2_2023_spring_nonserpentine_network_case3_version3","3"
"Helithodes_dimutiva",1,0,0,0,0.46391850617431,0,"A_Quarry_2_2023_spring_nonserpentine_network_case3_version3","3"
"Listrus_sp._1",1,0,0,0,0.478333271633989,0,"A_Quarry_2_2023_spring_nonserpentine_network_case3_version3","3"
"Malachius_sp.",1,0,0,0,0.547296352450408,0,"A_Quarry_2_2023_spring_nonserpentine_network_case3_version3","3"
"Muscidae",1,0,0,0,0.509795634010711,0,"A_Quarry_2_2023_spring_nonserpentine_network_case3_version3","3"
"Nomada_hesperia",1,0,0,0,0.535220818028422,0,"A_Quarry_2_2023_spring_nonserpentine_network_case3_version3","3"
"Osmia_atrocyanea",1,0,0,0,0.456288603696175,0,"A_Quarry_2_2023_spring_nonserpentine_network_case3_version3","3"
"Osmia_sanctaerosae",1,0,0,0,0.542562321616599,0,"A_Quarry_2_2023_spring_nonserpentine_network_case3_version3","3"
"Panurginus_sp.",1,0,0,0,0.544939410171909,0,"A_Quarry_2_2023_spring_nonserpentine_network_case3_version3","3"
"Scaeva_affinis",1,0,0,0,0.496666759274279,0,"A_Quarry_2_2023_spring_nonserpentine_network_case3_version3","3"
"silver_moth_Lepidoptera",0,14.0923494895453,0.00500025843330947,0,14.0923499737941,0.00500021821067399,"A_Quarry_2_2023_spring_nonserpentine_network_case3_version3","3"
"Trichodes_ornatus",0,14.6169394222191,0.00500025843330947,0,14.6169399244861,0.00500021821067399,"A_Quarry_2_2023_spring_nonserpentine_network_case3_version3","3"
"Acmaeodera_sp.",1,2.0707418850887e-05,0,1,2.0754224933762e-05,0,"A_Quarry_2_2023_spring_serpentine_network_case3_version2","2"
"Adela_eldorada",1,0,0,0,0.549217882519224,0,"A_Quarry_2_2023_spring_serpentine_network_case3_version2","2"
"Andrena_pensilis",1,0,0,0,0.504951500592265,0,"A_Quarry_2_2023_spring_serpentine_network_case3_version2","2"
"Andrena_sp.",0,15.9636933081297,0.00500002499064296,0,14.9333978252501,0.00494924078947589,"A_Quarry_2_2023_spring_serpentine_network_case3_version2","2"
"Andrena_subchalybea",0,8.33480890341214,0.00500008848916036,0,1.6040358663709,0.00460784411146724,"A_Quarry_2_2023_spring_serpentine_network_case3_version2","2"
"Andrena-mimic_Syrpid",0,7.61426626199567,0.00500009690283075,0,1.0364191977503,0.0045120190687317,"A_Quarry_2_2023_spring_serpentine_network_case3_version2","2"
"Apis_mellifera",0,6.97812911972322,0.00500009690283075,0,0.94983111115616,0.0045120190687317,"A_Quarry_2_2023_spring_serpentine_network_case3_version2","2"
"BF1_Diptera",0,18.624176814784,0.00500001471566356,0,28.0384638599246,0.00500857819377481,"A_Quarry_2_2023_spring_serpentine_network_case3_version2","2"
"big_blue_butterfly_Lepidoptera",1,0,0,0,0.541797700427378,0,"A_Quarry_2_2023_spring_serpentine_network_case3_version2","2"
"Bombus_melanopygus",0,6.34409522185092,0.00500010544094623,0,1.06892019248938,0.00443860434776267,"A_Quarry_2_2023_spring_serpentine_network_case3_version2","2"
"Bombylius_major",0,6.88224122924294,0.00500010544094623,0,1.15959271786285,0.00443860434776267,"A_Quarry_2_2023_spring_serpentine_network_case3_version2","2"
"brown_moth_Lepidoptera",1,0,0,0,0.549717673007267,0,"A_Quarry_2_2023_spring_serpentine_network_case3_version2","2"
"Coenonympha_californica",1,0,0,0,0.504930233142772,0,"A_Quarry_2_2023_spring_serpentine_network_case3_version2","2"
"Conophorus_fenestratus",0,7.07751635013231,0.00500009690283075,0,0.963359247685839,0.0045120190687317,"A_Quarry_2_2023_spring_serpentine_network_case3_version2","2"
"Diadasia_nigrifrons",0,8.18260786330864,0.00500009690283075,0,1.11377926449737,0.0045120190687317,"A_Quarry_2_2023_spring_serpentine_network_case3_version2","2"
"Elateridae",0,6.02396546770395,0.00500010544094623,0,1.01498134915573,0.00443860434776267,"A_Quarry_2_2023_spring_serpentine_network_case3_version2","2"
"Eristalis_hirta",0,6.63286331118019,0.00500010544094623,0,1.11757489131633,0.00443860434776267,"A_Quarry_2_2023_spring_serpentine_network_case3_version2","2"
"Eucera_actuosa",0,9.28773371053228,0.00500008848916036,0,1.78742646197761,0.00460784411146724,"A_Quarry_2_2023_spring_serpentine_network_case3_version2","2"
"Euopeodes_fumipennis",1,0,0,0,0.54731931704903,0,"A_Quarry_2_2023_spring_serpentine_network_case3_version2","2"
"gray_Bombyliidae",1,0,0,0,0.495761643045471,0,"A_Quarry_2_2023_spring_serpentine_network_case3_version2","2"
"Heliolonche_modiella",0,12.4079391803027,0.00500001471166866,0,0.0236424606161056,0.0025042890968874,"A_Quarry_2_2023_spring_serpentine_network_case3_version2","2"
"Helithodes_dimutiva",0,10.7431898893699,0.00500004915710545,0,24.2120252402029,0.00520716443085983,"A_Quarry_2_2023_spring_serpentine_network_case3_version2","2"
"Listrus_sp._1",0,10.1894240060669,0.00500003891667937,0,0.114374038905124,0.0029878622569785,"A_Quarry_2_2023_spring_serpentine_network_case3_version2","2"
"Malachius_sp.",0,11.8832005325175,0.00500002498486741,0,0.0197663372533683,0.00247462039473795,"A_Quarry_2_2023_spring_serpentine_network_case3_version2","2"
"Muscidae",0,7.97473146603907,0.00500009420344753,0,1.39627841380932,0.00452322422961495,"A_Quarry_2_2023_spring_serpentine_network_case3_version2","2"
"Nomada_hesperia",0,8.37245753783262,0.00500009420344753,0,1.46591540801209,0.00452322422961495,"A_Quarry_2_2023_spring_serpentine_network_case3_version2","2"
"Osmia_atrocyanea",0,9.7198299340245,0.00500003891666506,0,0.109102948939461,0.0029878622569785,"A_Quarry_2_2023_spring_serpentine_network_case3_version2","2"
"Osmia_sanctaerosae",0,28.7392851223813,0.00500000584544738,0,55.743757703699,0.00504370901583532,"A_Quarry_2_2023_spring_serpentine_network_case3_version2","2"
"Panurginus_sp.",0,24.16946748503,0.00500000785918191,0,33.0928768396413,0.0049531911192851,"A_Quarry_2_2023_spring_serpentine_network_case3_version2","2"
"Scaeva_affinis",0,33.5097322311727,0.00499994654333626,0,46.6722060188813,0.00501892674480477,"A_Quarry_2_2023_spring_serpentine_network_case3_version2","2"
"silver_moth_Lepidoptera",0,34.5374326501591,0.00499995405737573,0,72.2586517536461,0.00503694032076592,"A_Quarry_2_2023_spring_serpentine_network_case3_version2","2"
"Trichodes_ornatus",0,22.885243646094,0.00500000694761869,0,32.8045736073013,0.00496438830326603,"A_Quarry_2_2023_spring_serpentine_network_case3_version2","2"
"Acmaeodera_sp.",0,3.17917137180339,0.0050001891473452,0,0.920682088846037,0.00490796614624929,"A_Quarry_2_2024_spring_full_network_case3_version1","1"
"Adela_flammeusella",0,2.94133827178144,0.0050001891473452,0,0.851806067676318,0.00490796614624929,"A_Quarry_2_2024_spring_full_network_case3_version1","1"
"Andrena_pallidifovea",0,13.5266769290389,0.00500020170312946,0,16.1739886680176,0.00500833005790646,"A_Quarry_2_2024_spring_full_network_case3_version1","1"
"Andrena_pensilis",0,13.9593306669002,0.00500020170312946,0,16.6913172892212,0.00500833005790646,"A_Quarry_2_2024_spring_full_network_case3_version1","1"
"Andrena_sp.",0,2.56133067988514,0.00500018905582185,0,0.807030846909419,0.00488417208154185,"A_Quarry_2_2024_spring_full_network_case3_version1","1"
"Andrena_subchalybea",0,3.35569864993953,0.0050001891473452,0,0.971804058796237,0.00490796614624929,"A_Quarry_2_2024_spring_full_network_case3_version1","1"
"Anthrenus_sp.",0,2.6372472506991,0.00500018905582185,0,0.830950841323124,0.00488417208154185,"A_Quarry_2_2024_spring_full_network_case3_version1","1"
"Apis_mellifera",0,2.42738828952579,0.00500018905582185,0,0.764827924729462,0.00488417208154185,"A_Quarry_2_2024_spring_full_network_case3_version1","1"
"BF1_Diptera",0,3.16835881380855,0.0050001891473452,0,0.917550792311712,0.00490796614624929,"A_Quarry_2_2024_spring_full_network_case3_version1","1"
"Bombus_californicus",0,7.95222381902797,0.0050001970911467,0,2.34197929549359,0.00445897533406287,"A_Quarry_2_2024_spring_full_network_case3_version1","1"
"Bombus_melanopygus",0,3.15311925552542,0.0050001891473452,0,0.913137444833252,0.00490796614624929,"A_Quarry_2_2024_spring_full_network_case3_version1","1"
"Bombus_vosnesenskii",0,18.9996859773793,0.00500020693525231,0,22.5311125024002,0.0049816061705373,"A_Quarry_2_2024_spring_full_network_case3_version1","1"
"Bombylius_major",0,3.02957928731082,0.0050001891473452,0,0.877360500891474,0.00490796614624929,"A_Quarry_2_2024_spring_full_network_case3_version1","1"
"Cantharidae",0,2.3846677088903,0.00500018905582185,0,0.751367412069004,0.00488417208154185,"A_Quarry_2_2024_spring_full_network_case3_version1","1"
"Chrysis_angolensis",0,2.57146409653431,0.00500018905582185,0,0.810223711091913,0.00488417208154185,"A_Quarry_2_2024_spring_full_network_case3_version1","1"
"Coenonympha_californica",0,2.66478431015578,0.00500018905582185,0,0.839627291545989,0.00488417208154185,"A_Quarry_2_2024_spring_full_network_case3_version1","1"
"Colias_eurytheme",0,2.39620080778856,0.00500018905582185,0,0.755001290357877,0.00488417208154185,"A_Quarry_2_2024_spring_full_network_case3_version1","1"
"Cyrtopogon_sp.",0,3.02908684781472,0.0050001891473452,0,0.877217891316442,0.00490796614624929,"A_Quarry_2_2024_spring_full_network_case3_version1","1"
"Erynnis_propertius",0,2.53931022845414,0.00500018905582185,0,0.800092586116999,0.00488417208154185,"A_Quarry_2_2024_spring_full_network_case3_version1","1"
"Eucera_actuosa",0,2.93871647601267,0.0050001891473452,0,0.851046800451306,0.00490796614624929,"A_Quarry_2_2024_spring_full_network_case3_version1","1"
"Eucera_frater_albopilosa",0,2.69786261163039,0.00500018905582185,0,0.850049689661833,0.00488417208154185,"A_Quarry_2_2024_spring_full_network_case3_version1","1"
"Euopeodes_fumipennis",0,2.42967309723033,0.00500018905582185,0,0.765547828288774,0.00488417208154185,"A_Quarry_2_2024_spring_full_network_case3_version1","1"
"Glaucophysche_lygdamus",0,2.49664975041012,0.00500018905582185,0,0.786651009377579,0.00488417208154185,"A_Quarry_2_2024_spring_full_network_case3_version1","1"
"Lasioglossum_titusi",0,2.4110102293697,0.00500018905582185,0,0.759667482899465,0.00488417208154185,"A_Quarry_2_2024_spring_full_network_case3_version1","1"
"Listrus_sp._1",0,2.76382181084117,0.00500018911369457,0,0.819924941748978,0.00489606911389557,"A_Quarry_2_2024_spring_full_network_case3_version1","1"
"Osmia_cara",0,2.20955808768843,0.00500018646697104,0,21.6659719496203,0.0049698490702329,"A_Quarry_2_2024_spring_full_network_case3_version1","1"
"Osmia_nemoris",0,6.41453172215443,0.00500019640263074,0,1.46176224617098,0.00467157370780236,"A_Quarry_2_2024_spring_full_network_case3_version1","1"
"Osmia_sp.",0,12.0722749406228,0.00500020660964837,0,3.81388165998196,0.00493288912603958,"A_Quarry_2_2024_spring_full_network_case3_version1","1"
"Panurginus_sp.",0,6.17516909450233,0.00500019640263849,0,1.4072155930813,0.00467157370780236,"A_Quarry_2_2024_spring_full_network_case3_version1","1"
"Polistes_aurifer",0,5.47050785739446,0.00500019640270396,0,1.24663532815003,0.00467157370780236,"A_Quarry_2_2024_spring_full_network_case3_version1","1"
"Scaeva_affinis",0,9.25292533903981,0.00500020002371086,0,3.29603147657322,0.00479175717940621,"A_Quarry_2_2024_spring_full_network_case3_version1","1"
"silver_moth_Lepidoptera",0,5.12891509123595,0.0050001954720648,0,1.18062162456431,0.00475037118728467,"A_Quarry_2_2024_spring_full_network_case3_version1","1"
"Sphaerophoria_sp.",0,18.5031739196303,0.00500020503963335,0,79.84908865201,0.00505607957263929,"A_Quarry_2_2024_spring_full_network_case3_version1","1"
"Vanessa_cardui",0,23.0205773646418,0.00500020534977817,0,42.2401225204383,0.00504949663289635,"A_Quarry_2_2024_spring_full_network_case3_version1","1"
"Acmaeodera_sp.",1,2.18887950882741e-05,0,1,2.18553731498114e-05,0,"A_Quarry_2_2024_spring_nonserpentine_network_case3_version3","3"
"Adela_flammeusella",1,0,0,0,0.4509607888297,0,"A_Quarry_2_2024_spring_nonserpentine_network_case3_version3","3"
"Andrena_pallidifovea",1,0,0,0,0.497977860759933,0,"A_Quarry_2_2024_spring_nonserpentine_network_case3_version3","3"
"Andrena_pensilis",1,0,0,0,0.513905792200894,0,"A_Quarry_2_2024_spring_nonserpentine_network_case3_version3","3"
"Andrena_sp.",1,0,0,0,0.514649520425428,0,"A_Quarry_2_2024_spring_nonserpentine_network_case3_version3","3"
"Andrena_subchalybea",1,0,0,0,0.514489790175338,0,"A_Quarry_2_2024_spring_nonserpentine_network_case3_version3","3"
"Anthrenus_sp.",1,0,0,0,0.529903476908758,0,"A_Quarry_2_2024_spring_nonserpentine_network_case3_version3","3"
"Apis_mellifera",1,0,0,0,0.487736405496363,0,"A_Quarry_2_2024_spring_nonserpentine_network_case3_version3","3"
"BF1_Diptera",1,0,0,0,0.485767177369337,0,"A_Quarry_2_2024_spring_nonserpentine_network_case3_version3","3"
"Bombus_californicus",1,0,0,0,0.488950046449411,0,"A_Quarry_2_2024_spring_nonserpentine_network_case3_version3","3"
"Bombus_melanopygus",1,0,0,0,0.483430675246488,0,"A_Quarry_2_2024_spring_nonserpentine_network_case3_version3","3"
"Bombus_vosnesenskii",1,0,0,0,0.51935886771854,0,"A_Quarry_2_2024_spring_nonserpentine_network_case3_version3","3"
"Bombylius_major",1,0,0,0,0.464489745495138,0,"A_Quarry_2_2024_spring_nonserpentine_network_case3_version3","3"
"Cantharidae",1,0,0,0,0.479152536778316,0,"A_Quarry_2_2024_spring_nonserpentine_network_case3_version3","3"
"Chrysis_angolensis",1,0,0,0,0.516685633159562,0,"A_Quarry_2_2024_spring_nonserpentine_network_case3_version3","3"
"Coenonympha_californica",0,1.91545123578415,0.00500016622581666,0,1.91545133152284,0.00500016597651574,"A_Quarry_2_2024_spring_nonserpentine_network_case3_version3","3"
"Colias_eurytheme",0,1.72239298372848,0.00500016622581666,0,1.72239306990468,0.00500016597651574,"A_Quarry_2_2024_spring_nonserpentine_network_case3_version3","3"
"Cyrtopogon_sp.",0,1.66137874331049,0.00500016622581666,0,1.66137882640679,0.00500016597651574,"A_Quarry_2_2024_spring_nonserpentine_network_case3_version3","3"
"Erynnis_propertius",0,1.82526026478901,0.00500016622581666,0,1.82526035601833,0.00500016597651574,"A_Quarry_2_2024_spring_nonserpentine_network_case3_version3","3"
"Eucera_actuosa",0,1.61181284349807,0.00500016622581666,0,1.61181292405539,0.00500016597651574,"A_Quarry_2_2024_spring_nonserpentine_network_case3_version3","3"
"Eucera_frater_albopilosa",0,1.93922797214975,0.00500016622581666,0,1.93922806907689,0.00500016597651574,"A_Quarry_2_2024_spring_nonserpentine_network_case3_version3","3"
"Euopeodes_fumipennis",0,1.74645291935643,0.00500016622581666,0,1.74645300667563,0.00500016597651574,"A_Quarry_2_2024_spring_nonserpentine_network_case3_version3","3"
"Glaucophysche_lygdamus",0,1.7945958450614,0.00500016622581666,0,1.7945959347275,0.00500016597651574,"A_Quarry_2_2024_spring_nonserpentine_network_case3_version3","3"
"Lasioglossum_titusi",0,1.73303801978994,0.00500016622581666,0,1.73303810649899,0.00500016597651574,"A_Quarry_2_2024_spring_nonserpentine_network_case3_version3","3"
"Listrus_sp._1",0,1.70430389041987,0.00500016622581666,0,1.70430397569138,0.00500016597651574,"A_Quarry_2_2024_spring_nonserpentine_network_case3_version3","3"
"Osmia_cara",0,1.71391495939487,0.00500016622581666,0,1.71391504508742,0.00500016597651574,"A_Quarry_2_2024_spring_nonserpentine_network_case3_version3","3"
"Osmia_nemoris",0,1.90804001777876,0.00500016622581666,0,1.90804011317764,0.00500016597651574,"A_Quarry_2_2024_spring_nonserpentine_network_case3_version3","3"
"Osmia_sp.",0,1.6543128244467,0.00500016622581666,0,1.65431290715863,0.00500016597651574,"A_Quarry_2_2024_spring_nonserpentine_network_case3_version3","3"
"Panurginus_sp.",0,1.83684020278082,0.00500016622581666,0,1.83684029461902,0.00500016597651574,"A_Quarry_2_2024_spring_nonserpentine_network_case3_version3","3"
"Polistes_aurifer",0,1.62723459198113,0.00500016622581666,0,1.62723467336953,0.00500016597651574,"A_Quarry_2_2024_spring_nonserpentine_network_case3_version3","3"
"Scaeva_affinis",0,1.77367341406458,0.00500016622581666,0,1.77367350271465,0.00500016597651574,"A_Quarry_2_2024_spring_nonserpentine_network_case3_version3","3"
"silver_moth_Lepidoptera",0,1.74461473574829,0.00500016622581666,0,1.7446148229458,0.00500016597651574,"A_Quarry_2_2024_spring_nonserpentine_network_case3_version3","3"
"Sphaerophoria_sp.",0,1.66557515062775,0.00500016622581666,0,1.66557523393352,0.00500016597651574,"A_Quarry_2_2024_spring_nonserpentine_network_case3_version3","3"
"Vanessa_cardui",0,1.88021081268431,0.00500016622581666,0,1.88021090663102,0.00500016597651574,"A_Quarry_2_2024_spring_nonserpentine_network_case3_version3","3"
"Acmaeodera_sp.",1,2.20897601888438e-05,0,1,2.20360857349944e-05,0,"A_Quarry_2_2024_spring_serpentine_network_case3_version2","2"
"Adela_flammeusella",1,0,0,0,0.4509607888297,0,"A_Quarry_2_2024_spring_serpentine_network_case3_version2","2"
"Andrena_pallidifovea",1,0,0,0,0.497977860759933,0,"A_Quarry_2_2024_spring_serpentine_network_case3_version2","2"
"Andrena_pensilis",1,0,0,0,0.513905792200894,0,"A_Quarry_2_2024_spring_serpentine_network_case3_version2","2"
"Andrena_sp.",1,0,0,0,0.514649520425428,0,"A_Quarry_2_2024_spring_serpentine_network_case3_version2","2"
"Andrena_subchalybea",1,0,0,0,0.514489790175338,0,"A_Quarry_2_2024_spring_serpentine_network_case3_version2","2"
"Anthrenus_sp.",1,0,0,0,0.529903476908758,0,"A_Quarry_2_2024_spring_serpentine_network_case3_version2","2"
"Apis_mellifera",1,0,0,0,0.487736405496363,0,"A_Quarry_2_2024_spring_serpentine_network_case3_version2","2"
"BF1_Diptera",1,0,0,0,0.485767177369337,0,"A_Quarry_2_2024_spring_serpentine_network_case3_version2","2"
"Bombus_californicus",1,0,0,0,0.488950046449411,0,"A_Quarry_2_2024_spring_serpentine_network_case3_version2","2"
"Bombus_melanopygus",1,0,0,0,0.483430675246488,0,"A_Quarry_2_2024_spring_serpentine_network_case3_version2","2"
"Bombus_vosnesenskii",1,0,0,0,0.51935886771854,0,"A_Quarry_2_2024_spring_serpentine_network_case3_version2","2"
"Bombylius_major",1,0,0,0,0.464489745495138,0,"A_Quarry_2_2024_spring_serpentine_network_case3_version2","2"
"Cantharidae",1,0,0,0,0.479152536778316,0,"A_Quarry_2_2024_spring_serpentine_network_case3_version2","2"
"Chrysis_angolensis",0,15.1205702948153,0.00500037855780346,0,19.0112155512627,0.00500201308589742,"A_Quarry_2_2024_spring_serpentine_network_case3_version2","2"
"Coenonympha_californica",1,0,0,0,0.535436512755899,0,"A_Quarry_2_2024_spring_serpentine_network_case3_version2","2"
"Colias_eurytheme",0,14.0899975247327,0.00500037855780346,0,17.7154680565978,0.00500201308589742,"A_Quarry_2_2024_spring_serpentine_network_case3_version2","2"
"Cyrtopogon_sp.",1,0,0,0,0.464414245548851,0,"A_Quarry_2_2024_spring_serpentine_network_case3_version2","2"
"Erynnis_propertius",1,0,0,0,0.510224939538271,0,"A_Quarry_2_2024_spring_serpentine_network_case3_version2","2"
"Eucera_actuosa",0,5.76075649924706,0.00500026452330842,0,0.585340852508233,0.00430088463886854,"A_Quarry_2_2024_spring_serpentine_network_case3_version2","2"
"Eucera_frater_albopilosa",1,0,0,0,0.542082953263113,0,"A_Quarry_2_2024_spring_serpentine_network_case3_version2","2"
"Euopeodes_fumipennis",0,6.24197160710148,0.00500026452330842,0,0.634236316433948,0.00430088463886854,"A_Quarry_2_2024_spring_serpentine_network_case3_version2","2"
"Glaucophysche_lygdamus",0,16.0071579496713,0.0050005021228823,0,17.4112081673212,0.00501155009277477,"A_Quarry_2_2024_spring_serpentine_network_case3_version2","2"
"Lasioglossum_titusi",1,0,0,0,0.484445553242436,0,"A_Quarry_2_2024_spring_serpentine_network_case3_version2","2"
"Listrus_sp._1",0,15.2017857660232,0.0050005021228823,0,16.5351936504675,0.00501155009277477,"A_Quarry_2_2024_spring_serpentine_network_case3_version2","2"
"Osmia_cara",1,0,0,0,0.479099980056798,0,"A_Quarry_2_2024_spring_serpentine_network_case3_version2","2"
"Osmia_nemoris",0,6.81949767214571,0.00500026452330842,0,0.692917775968287,0.00430088463886854,"A_Quarry_2_2024_spring_serpentine_network_case3_version2","2"
"Osmia_sp.",0,5.91265505347985,0.00500026452330842,0,0.600775011093745,0.00430088463886854,"A_Quarry_2_2024_spring_serpentine_network_case3_version2","2"
"Panurginus_sp.",1,0,0,0,0.513461942627775,0,"A_Quarry_2_2024_spring_serpentine_network_case3_version2","2"
"Polistes_aurifer",0,24.1275187136652,0.00500062617318179,0,0.161622869518007,0.00276751776089768,"A_Quarry_2_2024_spring_serpentine_network_case3_version2","2"
"Scaeva_affinis",0,4.4824161155347,0.00500026452687546,0,0.00380504891331903,0.00215044231943427,"A_Quarry_2_2024_spring_serpentine_network_case3_version2","2"
"silver_moth_Lepidoptera",0,8.99169776503606,0.0050003602808163,0,0.0630941360360159,0.00310096590825532,"A_Quarry_2_2024_spring_serpentine_network_case3_version2","2"
"Sphaerophoria_sp.",0,30.0148831194634,0.00500060427687067,0,101.814838966536,0.00502886108309349,"A_Quarry_2_2024_spring_serpentine_network_case3_version2","2"
"Vanessa_cardui",0,23.2961981998514,0.00500057536480391,0,0.818596141984954,0.00364077445506497,"A_Quarry_2_2024_spring_serpentine_network_case3_version2","2"
"Anthophora_californica",0,5.91332125434156,0.00500021246787885,0,0.606578858486928,0.00449407483640592,"A_Quarry_3_2024_spring_full_network_case3_version1","1"
"Apis_mellifera",0,5.63670768878556,0.00500021246787885,0,0.578204289679564,0.00449407483640592,"A_Quarry_3_2024_spring_full_network_case3_version1","1"
"BF1_Diptera",0,6.66745463464735,0.00500021263714003,0,1.71411006609986,0.0046767606354526,"A_Quarry_3_2024_spring_full_network_case3_version1","1"
"Bombus_californicus",0,8.43020515722803,0.00500021325762193,0,1.49070688791561,0.0044155649396094,"A_Quarry_3_2024_spring_full_network_case3_version1","1"
"Bombus_melanopygus",0,7.53433646429414,0.00500021325762193,0,1.33229109539207,0.0044155649396094,"A_Quarry_3_2024_spring_full_network_case3_version1","1"
"Bombus_vosnesenskii",0,5.3609094519197,0.00500021246787885,0,0.549913355911203,0.00449407483640592,"A_Quarry_3_2024_spring_full_network_case3_version1","1"
"Bombylius_major",0,6.45758302057303,0.00500021263714003,0,1.66015498612229,0.0046767606354526,"A_Quarry_3_2024_spring_full_network_case3_version1","1"
"Coenonympha_californica",0,5.74498718684273,0.00500021246787885,0,0.589311424147908,0.00449407483640592,"A_Quarry_3_2024_spring_full_network_case3_version1","1"
"Erynnis_propertius",0,11.4389879216854,0.00500021388066011,0,26.241662702124,0.00504443092030619,"A_Quarry_3_2024_spring_full_network_case3_version1","1"
"Eucera_actuosa",0,5.96510622930591,0.00500021256970657,0,0.958415788293875,0.00458541773592926,"A_Quarry_3_2024_spring_full_network_case3_version1","1"
"Eucera_frater_albopilosa",0,7.17472260305708,0.00500021299914502,0,0.936058372703031,0.00445481988800766,"A_Quarry_3_2024_spring_full_network_case3_version1","1"
"Glaucophysche_lygdamus",0,9.70214537903026,0.00500021364396674,0,4.06539789615212,0.00476925287835606,"A_Quarry_3_2024_spring_full_network_case3_version1","1"
"Hippodamia_convergens",0,6.96672009312604,0.00500021299471226,0,1.47669805633753,0.004546162787531,"A_Quarry_3_2024_spring_full_network_case3_version1","1"
"Listrus_sp._1",0,37.1398319476252,0.00500022086869284,0,65.5309644228871,0.00504390544565296,"A_Quarry_3_2024_spring_full_network_case3_version1","1"
"Muscidae",0,6.21939745951742,0.00500021256979723,0,0.999272852601906,0.00458541773592926,"A_Quarry_3_2024_spring_full_network_case3_version1","1"
"Osmia_cara",0,6.80735975684983,0.00500021256986512,0,1.09374096883749,0.00458541773592926,"A_Quarry_3_2024_spring_full_network_case3_version1","1"
"Osmia_nemoris",0,8.31353882214401,0.00500021344073377,0,2.89114539762124,0.00473842213072157,"A_Quarry_3_2024_spring_full_network_case3_version1","1"
"Polistes_aurifer",0,6.7938482515063,0.00500021360291829,0,85.503802991736,0.00505683239919422,"A_Quarry_3_2024_spring_full_network_case3_version1","1"
"Trichodes_ornatus",0,8.14451822342124,0.00500021344057465,0,2.83236620149452,0.00473842213072157,"A_Quarry_3_2024_spring_full_network_case3_version1","1"
"Anthophora_californica",1,2.38511421160212e-05,0,1,2.38511421160272e-05,0,"A_Quarry_3_2024_spring_nonserpentine_network_case3_version3","3"
"Apis_mellifera",1,0,0,0,0.495185122985945,0,"A_Quarry_3_2024_spring_nonserpentine_network_case3_version3","3"
"BF1_Diptera",1,0,0,0,0.47636202477215,0,"A_Quarry_3_2024_spring_nonserpentine_network_case3_version3","3"
"Bombus_californicus",1,0,0,0,0.51655034551702,0,"A_Quarry_3_2024_spring_nonserpentine_network_case3_version3","3"
"Bombus_melanopygus",1,0,0,0,0.461657104553495,0,"A_Quarry_3_2024_spring_nonserpentine_network_case3_version3","3"
"Bombus_vosnesenskii",1,0,0,0,0.470956230592428,0,"A_Quarry_3_2024_spring_nonserpentine_network_case3_version3","3"
"Bombylius_major",1,0,0,0,0.461367566935424,0,"A_Quarry_3_2024_spring_nonserpentine_network_case3_version3","3"
"Coenonympha_californica",0,3.16040913432596,0.00500016939206011,0,3.16040913432596,0.00500016939206011,"A_Quarry_3_2024_spring_nonserpentine_network_case3_version3","3"
"Erynnis_propertius",0,2.82170109071579,0.00500016939206011,0,2.82170109071579,0.00500016939206011,"A_Quarry_3_2024_spring_nonserpentine_network_case3_version3","3"
"Eucera_actuosa",0,2.92808905059536,0.00500016939206011,0,2.92808905059536,0.00500016939206011,"A_Quarry_3_2024_spring_nonserpentine_network_case3_version3","3"
"Eucera_frater_albopilosa",0,3.19321222343313,0.00500016939206011,0,3.19321222343313,0.00500016939206011,"A_Quarry_3_2024_spring_nonserpentine_network_case3_version3","3"
"Glaucophysche_lygdamus",0,3.08835460661255,0.00500016939206011,0,3.08835460661255,0.00500016939206011,"A_Quarry_3_2024_spring_nonserpentine_network_case3_version3","3"
"Hippodamia_convergens",0,2.86955968582789,0.00500016939206011,0,2.86955968582789,0.00500016939206011,"A_Quarry_3_2024_spring_nonserpentine_network_case3_version3","3"
"Listrus_sp._1",0,3.24835226326041,0.00500016939206011,0,3.24835226326041,0.00500016939206011,"A_Quarry_3_2024_spring_nonserpentine_network_case3_version3","3"
"Muscidae",0,3.05291287362718,0.00500016939206011,0,3.05291287362718,0.00500016939206011,"A_Quarry_3_2024_spring_nonserpentine_network_case3_version3","3"
"Osmia_cara",0,3.34152566592123,0.00500016939206011,0,3.34152566592123,0.00500016939206011,"A_Quarry_3_2024_spring_nonserpentine_network_case3_version3","3"
"Osmia_nemoris",0,2.89531576120177,0.00500016939206011,0,2.89531576120177,0.00500016939206011,"A_Quarry_3_2024_spring_nonserpentine_network_case3_version3","3"
"Polistes_aurifer",0,3.42740233419062,0.00500016939206011,0,3.42740233419062,0.00500016939206011,"A_Quarry_3_2024_spring_nonserpentine_network_case3_version3","3"
"Trichodes_ornatus",0,2.83645177863574,0.00500016939206011,0,2.83645177863574,0.00500016939206011,"A_Quarry_3_2024_spring_nonserpentine_network_case3_version3","3"
"Anthophora_californica",1,2.36986761797097e-05,0,1,2.34854114149815e-05,0,"A_Quarry_3_2024_spring_serpentine_network_case3_version2","2"
"Apis_mellifera",1,0,0,0,0.495185122985945,0,"A_Quarry_3_2024_spring_serpentine_network_case3_version2","2"
"BF1_Diptera",1,0,0,0,0.47636202477215,0,"A_Quarry_3_2024_spring_serpentine_network_case3_version2","2"
"Bombus_californicus",1,0,0,0,0.51655034551702,0,"A_Quarry_3_2024_spring_serpentine_network_case3_version2","2"
"Bombus_melanopygus",1,0,0,0,0.461657104553495,0,"A_Quarry_3_2024_spring_serpentine_network_case3_version2","2"
"Bombus_vosnesenskii",1,0,0,0,0.470956230592428,0,"A_Quarry_3_2024_spring_serpentine_network_case3_version2","2"
"Bombylius_major",0,8.94918759066112,0.00500027461384871,0,5.39057523155636,0.00497767395366103,"A_Quarry_3_2024_spring_serpentine_network_case3_version2","2"
"Coenonympha_californica",0,9.78966182609808,0.00500027461384871,0,5.89683790087908,0.00497767395366103,"A_Quarry_3_2024_spring_serpentine_network_case3_version2","2"
"Erynnis_propertius",0,8.74048209505193,0.00500027461384871,0,5.26486072841884,0.00497767395366103,"A_Quarry_3_2024_spring_serpentine_network_case3_version2","2"
"Eucera_actuosa",0,8.55543220918552,0.00500026341614372,0,14.8450807863179,0.00500334302256139,"A_Quarry_3_2024_spring_serpentine_network_case3_version2","2"
"Eucera_frater_albopilosa",1,0,0,0,0.509935930911422,0,"A_Quarry_3_2024_spring_serpentine_network_case3_version2","2"
"Glaucophysche_lygdamus",0,32.1893083231583,0.00500039613190515,0,32.1893174852778,0.00500023189514726,"A_Quarry_3_2024_spring_serpentine_network_case3_version2","2"
"Hippodamia_convergens",1,0,0,0,0.458250653980417,0,"A_Quarry_3_2024_spring_serpentine_network_case3_version2","2"
"Listrus_sp._1",1,0,0,0,0.518741448860961,0,"A_Quarry_3_2024_spring_serpentine_network_case3_version2","2"
"Muscidae",0,8.92014849217418,0.00500026341614372,0,15.4779234822429,0.00500334302256139,"A_Quarry_3_2024_spring_serpentine_network_case3_version2","2"
"Osmia_cara",0,6.90362380081188,0.0050002633743256,0,0.0202406778324864,0.0025016715112807,"A_Quarry_3_2024_spring_serpentine_network_case3_version2","2"
"Osmia_nemoris",0,5.98174989459152,0.0050002633743256,0,0.0175378433100347,0.0025016715112807,"A_Quarry_3_2024_spring_serpentine_network_case3_version2","2"
"Polistes_aurifer",0,7.50694284857445,0.00500027455517246,0,0.0125948420270092,0.00248883697683051,"A_Quarry_3_2024_spring_serpentine_network_case3_version2","2"
"Trichodes_ornatus",0,39.4144405700794,0.00500042225337659,0,57.7245951493333,0.00500727082150565,"A_Quarry_3_2024_spring_serpentine_network_case3_version2","2"
"Agapostemon_subtilior",0,30.1619670072408,0.00500018016123958,0,30.1616660827734,0.00500024783196684,"A_Quarry_4_2024_spring_full_network_case3_version1","1"
"Andrena_dissona",0,16.7082593536987,0.00500017053930699,0,16.7081065636877,0.00500024141732932,"A_Quarry_4_2024_spring_full_network_case3_version1","1"
"Andrena_pallidifovea",0,15.657749479361,0.00500017053930699,0,15.6576062997944,0.00500024141732932,"A_Quarry_4_2024_spring_full_network_case3_version1","1"
"Anthophora_crotchii",0,4.33744402497506,0.00500015312028226,0,0.100558037128254,0.00348997934916475,"A_Quarry_4_2024_spring_full_network_case3_version1","1"
"Apis_mellifera",0,5.25322784474797,0.00500015687041149,0,1.46492546371748,0.00485655533616225,"A_Quarry_4_2024_spring_full_network_case3_version1","1"
"BF1_Diptera",0,5.14943033236387,0.00500015312028226,0,0.119382890835836,0.00348997934916475,"A_Quarry_4_2024_spring_full_network_case3_version1","1"
"Bombus_californicus",0,5.34485770576008,0.00500015687041149,0,1.49047754672966,0.00485655533616225,"A_Quarry_4_2024_spring_full_network_case3_version1","1"
"Bombus_melanopygus",0,4.63554058288343,0.00500015312028226,0,0.107469020758695,0.00348997934916475,"A_Quarry_4_2024_spring_full_network_case3_version1","1"
"Bombus_vosnesenskii",0,5.75730803262737,0.00500015687041149,0,1.6054942573763,0.00485655533616225,"A_Quarry_4_2024_spring_full_network_case3_version1","1"
"Coenonympha_californica",0,4.43340366242501,0.00500015312028226,0,0.102782737376408,0.00348997934916475,"A_Quarry_4_2024_spring_full_network_case3_version1","1"
"Erynnis_propertius",0,4.29949561583275,0.00500015312028226,0,0.0996782522753884,0.00348997934916475,"A_Quarry_4_2024_spring_full_network_case3_version1","1"
"Eucera_actuosa",0,28.399970418779,0.00500017951804523,0,28.3996884152425,0.00500024771236902,"A_Quarry_4_2024_spring_full_network_case3_version1","1"
"Eucera_frater_albopilosa",0,5.95690929732096,0.00500015687041149,0,1.6611554594793,0.00485655533616225,"A_Quarry_4_2024_spring_full_network_case3_version1","1"
"Glaucophysche_lygdamus",0,4.95240342912944,0.00500015312028226,0,0.114815076587852,0.00348997934916475,"A_Quarry_4_2024_spring_full_network_case3_version1","1"
"Hippodamia_convergens",0,4.78289202387431,0.00500015532102109,0,0.381488693768484,0.0041732673426635,"A_Quarry_4_2024_spring_full_network_case3_version1","1"
"Lasioglossum_titusi",0,5.31839275357393,0.00500015532102109,0,0.424200816927548,0.0041732673426635,"A_Quarry_4_2024_spring_full_network_case3_version1","1"
"Listrus_sp._1",0,20.3230789187355,0.00500017224979924,0,4.70562616812949,0.00472891015781405,"A_Quarry_4_2024_spring_full_network_case3_version1","1"
"Osmia_cara",0,29.9274731956338,0.00500017156522728,0,64.4627654548918,0.00504397880139016,"A_Quarry_4_2024_spring_full_network_case3_version1","1"
"Polistes_aurifer",0,33.6251706075096,0.00500017512016866,0,95.9294145003782,0.00501046238266399,"A_Quarry_4_2024_spring_full_network_case3_version1","1"
"Agapostemon_subtilior",1,2.12447868637007e-05,0,1,2.09309107204924e-05,0,"A_Quarry_4_2024_spring_nonserpentine_network_case3_version3","3"
"Andrena_dissona",1,0,0,0,0.517099100801674,0,"A_Quarry_4_2024_spring_nonserpentine_network_case3_version3","3"
"Andrena_pallidifovea",1,0,0,0,0.48458717373879,0,"A_Quarry_4_2024_spring_nonserpentine_network_case3_version3","3"
"Anthophora_crotchii",1,0,0,0,0.456629027848425,0,"A_Quarry_4_2024_spring_nonserpentine_network_case3_version3","3"
"Apis_mellifera",1,0,0,0,0.464071048476766,0,"A_Quarry_4_2024_spring_nonserpentine_network_case3_version3","3"
"BF1_Diptera",1,0,0,0,0.542111749012075,0,"A_Quarry_4_2024_spring_nonserpentine_network_case3_version3","3"
"Bombus_californicus",1,0,0,0,0.472165645948688,0,"A_Quarry_4_2024_spring_nonserpentine_network_case3_version3","3"
"Bombus_melanopygus",1,0,0,0,0.488011459604842,0,"A_Quarry_4_2024_spring_nonserpentine_network_case3_version3","3"
"Bombus_vosnesenskii",1,0,0,0,0.508601578585152,0,"A_Quarry_4_2024_spring_nonserpentine_network_case3_version3","3"
"Coenonympha_californica",1,0,0,0,0.466731280655009,0,"A_Quarry_4_2024_spring_nonserpentine_network_case3_version3","3"
"Erynnis_propertius",0,4.16281382445588,0.00500030536788287,0,4.57277494398616,0.0050009423186044,"A_Quarry_4_2024_spring_nonserpentine_network_case3_version3","3"
"Eucera_actuosa",0,4.77420928769857,0.00500030536788287,0,5.24438169200288,0.0050009423186044,"A_Quarry_4_2024_spring_nonserpentine_network_case3_version3","3"
"Eucera_frater_albopilosa",0,4.8397070019492,0.00500030536788287,0,5.3163297345763,0.0050009423186044,"A_Quarry_4_2024_spring_nonserpentine_network_case3_version3","3"
"Glaucophysche_lygdamus",0,4.7949655733917,0.00500030536788287,0,5.26718209236488,0.0050009423186044,"A_Quarry_4_2024_spring_nonserpentine_network_case3_version3","3"
"Hippodamia_convergens",0,4.20970370430678,0.00500030536788287,0,4.62428262039561,0.0050009423186044,"A_Quarry_4_2024_spring_nonserpentine_network_case3_version3","3"
"Lasioglossum_titusi",0,4.68102929279921,0.00500030536788287,0,5.1420251695078,0.0050009423186044,"A_Quarry_4_2024_spring_nonserpentine_network_case3_version3","3"
"Listrus_sp._1",1,0,0,0,0.542550304621714,0,"A_Quarry_4_2024_spring_nonserpentine_network_case3_version3","3"
"Osmia_cara",0,4.99362012281172,0.00500030536788287,0,5.4854004862485,0.0050009423186044,"A_Quarry_4_2024_spring_nonserpentine_network_case3_version3","3"
"Polistes_aurifer",0,3.20604852482828,0.00500030418601873,0,0.0105039017193597,0.0025004711593022,"A_Quarry_4_2024_spring_nonserpentine_network_case3_version3","3"
"Agapostemon_subtilior",1,2.12174321448662e-05,0,1,2.13256868548732e-05,0,"A_Quarry_4_2024_spring_serpentine_network_case3_version2","2"
"Andrena_dissona",1,0,0,0,0.517099100801674,0,"A_Quarry_4_2024_spring_serpentine_network_case3_version2","2"
"Andrena_pallidifovea",1,0,0,0,0.48458717373879,0,"A_Quarry_4_2024_spring_serpentine_network_case3_version2","2"
"Anthophora_crotchii",1,0,0,0,0.456629027848425,0,"A_Quarry_4_2024_spring_serpentine_network_case3_version2","2"
"Apis_mellifera",1,0,0,0,0.464071048476766,0,"A_Quarry_4_2024_spring_serpentine_network_case3_version2","2"
"BF1_Diptera",0,28.1728338965114,0.0050000331829366,0,28.1728226233996,0.00500022548574602,"A_Quarry_4_2024_spring_serpentine_network_case3_version2","2"
"Bombus_californicus",0,16.9142558627044,0.0050000751684318,0,16.9142502855399,0.00500022244026856,"A_Quarry_4_2024_spring_serpentine_network_case3_version2","2"
"Bombus_melanopygus",0,17.4818959375485,0.0050000751684318,0,17.481890181378,0.00500022244026856,"A_Quarry_4_2024_spring_serpentine_network_case3_version2","2"
"Bombus_vosnesenskii",1,0,0,0,0.508601578585152,0,"A_Quarry_4_2024_spring_serpentine_network_case3_version2","2"
"Coenonympha_californica",1,0,0,0,0.466731280655009,0,"A_Quarry_4_2024_spring_serpentine_network_case3_version2","2"
"Erynnis_propertius",1,0,0,0,0.452633968741928,0,"A_Quarry_4_2024_spring_serpentine_network_case3_version2","2"
"Eucera_actuosa",1,0,0,0,0.519112645587471,0,"A_Quarry_4_2024_spring_serpentine_network_case3_version2","2"
"Eucera_frater_albopilosa",1,0,0,0,0.52623438861977,0,"A_Quarry_4_2024_spring_serpentine_network_case3_version2","2"
"Glaucophysche_lygdamus",1,0,0,0,0.521369532482405,0,"A_Quarry_4_2024_spring_serpentine_network_case3_version2","2"
"Hippodamia_convergens",1,0,0,0,0.457732431780422,0,"A_Quarry_4_2024_spring_serpentine_network_case3_version2","2"
"Lasioglossum_titusi",0,31.7037389683213,0.00500000155289342,0,26.3857280369241,0.00499870337457043,"A_Quarry_4_2024_spring_serpentine_network_case3_version2","2"
"Listrus_sp._1",1,0,0,0,0.542550304621714,0,"A_Quarry_4_2024_spring_serpentine_network_case3_version2","2"
"Osmia_cara",1,0,0,0,0.542969777152394,0,"A_Quarry_4_2024_spring_serpentine_network_case3_version2","2"
"Polistes_aurifer",0,39.8664940605978,0.00499999474550656,0,44.9783000722103,0.0050010808264769,"A_Quarry_4_2024_spring_serpentine_network_case3_version2","2"
"Acmaeodera_sp.",0,3.22657614524588,0.0050002251031402,0,0.176136759150002,0.00393578120911889,"A_Quarry_5_2024_spring_full_network_case3_version1","1"
"Adela_flammeusella",0,3.0482545365496,0.0050002251031402,0,0.166402294853784,0.00393578120911889,"A_Quarry_5_2024_spring_full_network_case3_version1","1"
"Andrena_dissona",0,2.87073845003725,0.00500022616715856,0,0.752703452358455,0.004820673443368,"A_Quarry_5_2024_spring_full_network_case3_version1","1"
"Andrena_pallidifovea",0,3.1806196488222,0.00500022616715856,0,0.833953852624532,0.004820673443368,"A_Quarry_5_2024_spring_full_network_case3_version1","1"
"Andrena_pensilis",0,2.90919066426007,0.00500022616715856,0,0.762785567058219,0.004820673443368,"A_Quarry_5_2024_spring_full_network_case3_version1","1"
"Andrena_sp.",0,3.64547754135387,0.00500022641595658,0,0.0744204734227263,0.00330409260245047,"A_Quarry_5_2024_spring_full_network_case3_version1","1"
"Andrena_subchalybea",0,2.93870110559311,0.00500022616715856,0,0.770523162054273,0.004820673443368,"A_Quarry_5_2024_spring_full_network_case3_version1","1"
"Anthocharis_sara",0,7.08040539794179,0.00500023511399023,0,8.41216110221915,0.00501477978709792,"A_Quarry_5_2024_spring_full_network_case3_version1","1"
"Anthophora_californica",0,3.16223832851416,0.00500022616715856,0,0.829134297161695,0.004820673443368,"A_Quarry_5_2024_spring_full_network_case3_version1","1"
"Anthrenus_sp.",0,3.56275334905636,0.0050002251031402,0,0.194488460936394,0.00393578120911889,"A_Quarry_5_2024_spring_full_network_case3_version1","1"
"Apis_mellifera",0,3.46505066783509,0.00500022641595658,0,0.0707371553498865,0.00330409260245047,"A_Quarry_5_2024_spring_full_network_case3_version1","1"
"BF1_Diptera",0,3.70528571240852,0.00500022641595658,0,0.0756414252400305,0.00330409260245047,"A_Quarry_5_2024_spring_full_network_case3_version1","1"
"Bombus_californicus",0,7.7713765430447,0.00500023511399023,0,9.23309723004501,0.00501477978709792,"A_Quarry_5_2024_spring_full_network_case3_version1","1"
"Bombus_melanopygus",0,3.57117777395485,0.00500022641595658,0,0.0729036834372566,0.00330409260245047,"A_Quarry_5_2024_spring_full_network_case3_version1","1"
"Bombus_vosnesenskii",0,7.35225729678072,0.00500023511399023,0,8.73514571272563,0.00501477978709792,"A_Quarry_5_2024_spring_full_network_case3_version1","1"
"Bombylius_major",0,3.40304473122004,0.0050002251031402,0,0.18577006808651,0.00393578120911889,"A_Quarry_5_2024_spring_full_network_case3_version1","1"
"brown_moth_Lepidoptera",0,10.8344961634979,0.00500024359353999,0,0.154881189397547,0.00321717006060053,"A_Quarry_5_2024_spring_full_network_case3_version1","1"
"Coenonympha_californica",0,2.81356310346948,0.00500022616715856,0,0.737712159449512,0.004820673443368,"A_Quarry_5_2024_spring_full_network_case3_version1","1"
"Cyrtopogon_sp.",0,3.04761354010912,0.0050002251031402,0,0.166367303275496,0.00393578120911889,"A_Quarry_5_2024_spring_full_network_case3_version1","1"
"Erynnis_propertius",0,3.45062159693644,0.0050002251031402,0,0.188367259204953,0.00393578120911889,"A_Quarry_5_2024_spring_full_network_case3_version1","1"
"Eucera_actuosa",0,3.56807919371818,0.00500022641595658,0,0.0728404275625506,0.00330409260245047,"A_Quarry_5_2024_spring_full_network_case3_version1","1"
"Eucera_sp.",0,3.38864610501758,0.0050002251031402,0,0.184984056146808,0.00393578120911889,"A_Quarry_5_2024_spring_full_network_case3_version1","1"
"Glaucophysche_lygdamus",0,2.87488020967881,0.00500022616715856,0,0.753789415818612,0.004820673443368,"A_Quarry_5_2024_spring_full_network_case3_version1","1"
"Heliolonche_modiella",0,3.94933565398912,0.00500022641595658,0,0.0806235742192236,0.00330409260245047,"A_Quarry_5_2024_spring_full_network_case3_version1","1"
"Helithodes_dimutiva",0,3.39158935326305,0.0050002251031402,0,0.185144726198625,0.00393578120911889,"A_Quarry_5_2024_spring_full_network_case3_version1","1"
"Hoplitus_hypocrita",0,3.13957343040862,0.00500022558045896,0,0.374560126935282,0.00437822732624345,"A_Quarry_5_2024_spring_full_network_case3_version1","1"
"Lasioglossum_titusi",0,21.8547066416997,0.00500024555863667,0,27.1183150025113,0.00499854913321948,"A_Quarry_5_2024_spring_full_network_case3_version1","1"
"Listrus_sp._1",0,3.27656823823259,0.00500022558045896,0,0.390904001038336,0.00437822732624345,"A_Quarry_5_2024_spring_full_network_case3_version1","1"
"Malachius_sp.",0,3.15048018337631,0.00500022585101833,0,0.104650295648828,0.00361993690578468,"A_Quarry_5_2024_spring_full_network_case3_version1","1"
"Nomada_hesperia",0,3.17094753513729,0.00500022558032457,0,0.378303147949541,0.00437822732624345,"A_Quarry_5_2024_spring_full_network_case3_version1","1"
"Osmia_cara",0,20.6348340417279,0.00500024555870047,0,25.6046415461211,0.00499854913321948,"A_Quarry_5_2024_spring_full_network_case3_version1","1"
"Osmia_nemoris",0,3.33785364916302,0.00500022632130502,0,0.240541114438654,0.00406238302290924,"A_Quarry_5_2024_spring_full_network_case3_version1","1"
"Osmia_sp.",0,8.68988631684038,0.00500024260561764,0,0.361623726583752,0.00401892175198427,"A_Quarry_5_2024_spring_full_network_case3_version1","1"
"Phychoides_mytilla",0,5.80547904263381,0.005000233528391,0,1.26209736359291,0.00447528049810841,"A_Quarry_5_2024_spring_full_network_case3_version1","1"
"Polistes_aurifer",0,3.37329227022303,0.005000225850982,0,0.112051501000423,0.00361993690578468,"A_Quarry_5_2024_spring_full_network_case3_version1","1"
"Prosperpinus_clarkiae",0,34.289724533789,0.005000252897041,0,64.993214909228,0.00502461829013969,"A_Quarry_5_2024_spring_full_network_case3_version1","1"
"red_Braconidae",0,3.08022772021783,0.00500022593296223,0,0.202295693908784,0.00402018241831245,"A_Quarry_5_2024_spring_full_network_case3_version1","1"
"Trichodes_ornatus",0,6.4995208125019,0.00500024027125324,0,0.201049569418056,0.00381942932888447,"A_Quarry_5_2024_spring_full_network_case3_version1","1"
"Zerene_eurydice",0,32.8349751972792,0.00500025161505193,0,135.472539257399,0.00503249589758991,"A_Quarry_5_2024_spring_full_network_case3_version1","1"
"Acmaeodera_sp.",1,2.23927350807523e-05,0,1,2.23728926111411e-05,0,"A_Quarry_5_2024_spring_nonserpentine_network_case3_version3","3"
"Adela_flammeusella",1,0,0,0,0.46936336975515,0,"A_Quarry_5_2024_spring_nonserpentine_network_case3_version3","3"
"Andrena_dissona",1,0,0,0,0.490155474813727,0,"A_Quarry_5_2024_spring_nonserpentine_network_case3_version3","3"
"Andrena_pallidifovea",1,0,0,0,0.543065194316704,0,"A_Quarry_5_2024_spring_nonserpentine_network_case3_version3","3"
"Andrena_pensilis",1,0,0,0,0.496720880850554,0,"A_Quarry_5_2024_spring_nonserpentine_network_case3_version3","3"
"Andrena_sp.",1,0,0,0,0.48784445525978,0,"A_Quarry_5_2024_spring_nonserpentine_network_case3_version3","3"
"Andrena_subchalybea",1,0,0,0,0.501759551117085,0,"A_Quarry_5_2024_spring_nonserpentine_network_case3_version3","3"
"Anthocharis_sara",1,0,0,0,0.472775624842744,0,"A_Quarry_5_2024_spring_nonserpentine_network_case3_version3","3"
"Anthophora_californica",1,0,0,0,0.539926732000861,0,"A_Quarry_5_2024_spring_nonserpentine_network_case3_version3","3"
"Anthrenus_sp.",1,0,0,0,0.54858473846623,0,"A_Quarry_5_2024_spring_nonserpentine_network_case3_version3","3"
"Apis_mellifera",1,0,0,0,0.463699401921453,0,"A_Quarry_5_2024_spring_nonserpentine_network_case3_version3","3"
"BF1_Diptera",1,0,0,0,0.495848093855124,0,"A_Quarry_5_2024_spring_nonserpentine_network_case3_version3","3"
"Bombus_californicus",1,0,0,0,0.518913423069247,0,"A_Quarry_5_2024_spring_nonserpentine_network_case3_version3","3"
"Bombus_melanopygus",1,0,0,0,0.477901524830564,0,"A_Quarry_5_2024_spring_nonserpentine_network_case3_version3","3"
"Bombus_vosnesenskii",1,0,0,0,0.490927827284172,0,"A_Quarry_5_2024_spring_nonserpentine_network_case3_version3","3"
"Bombylius_major",1,0,0,0,0.523993165080432,0,"A_Quarry_5_2024_spring_nonserpentine_network_case3_version3","3"
"brown_moth_Lepidoptera",1,0,0,0,0.453125506827201,0,"A_Quarry_5_2024_spring_nonserpentine_network_case3_version3","3"
"Coenonympha_californica",1,0,0,0,0.480393244759363,0,"A_Quarry_5_2024_spring_nonserpentine_network_case3_version3","3"
"Cyrtopogon_sp.",1,0,0,0,0.469264670610085,0,"A_Quarry_5_2024_spring_nonserpentine_network_case3_version3","3"
"Erynnis_propertius",1,0,0,0,0.531318943706024,0,"A_Quarry_5_2024_spring_nonserpentine_network_case3_version3","3"
"Eucera_actuosa",1,0,0,0,0.477486867144465,0,"A_Quarry_5_2024_spring_nonserpentine_network_case3_version3","3"
"Eucera_sp.",1,0,0,0,0.521776097021893,0,"A_Quarry_5_2024_spring_nonserpentine_network_case3_version3","3"
"Glaucophysche_lygdamus",1,0,0,0,0.49086264695081,0,"A_Quarry_5_2024_spring_nonserpentine_network_case3_version3","3"
"Heliolonche_modiella",1,0,0,0,0.52850730227237,0,"A_Quarry_5_2024_spring_nonserpentine_network_case3_version3","3"
"Helithodes_dimutiva",1,0,0,0,0.52222929171856,0,"A_Quarry_5_2024_spring_nonserpentine_network_case3_version3","3"
"Hoplitus_hypocrita",1,0,0,0,0.507705913836931,0,"A_Quarry_5_2024_spring_nonserpentine_network_case3_version3","3"
"Lasioglossum_titusi",1,0,0,0,0.5132938572966,0,"A_Quarry_5_2024_spring_nonserpentine_network_case3_version3","3"
"Listrus_sp._1",1,0,0,0,0.529859583955193,0,"A_Quarry_5_2024_spring_nonserpentine_network_case3_version3","3"
"Malachius_sp.",1,0,0,0,0.45002753492446,0,"A_Quarry_5_2024_spring_nonserpentine_network_case3_version3","3"
"Nomada_hesperia",1,0,0,0,0.512779475405244,0,"A_Quarry_5_2024_spring_nonserpentine_network_case3_version3","3"
"Osmia_cara",1,0,0,0,0.484643135934436,0,"A_Quarry_5_2024_spring_nonserpentine_network_case3_version3","3"
"Osmia_nemoris",1,0,0,0,0.49718565007075,0,"A_Quarry_5_2024_spring_nonserpentine_network_case3_version3","3"
"Osmia_sp.",1,0,0,0,0.499220739095109,0,"A_Quarry_5_2024_spring_nonserpentine_network_case3_version3","3"
"Phychoides_mytilla",1,0,0,0,0.502961971495749,0,"A_Quarry_5_2024_spring_nonserpentine_network_case3_version3","3"
"Polistes_aurifer",1,0,0,0,0.481854929044775,0,"A_Quarry_5_2024_spring_nonserpentine_network_case3_version3","3"
"Prosperpinus_clarkiae",0,10.0416418314522,0.00500024484624111,0,10.0416425942385,0.0050001976821026,"A_Quarry_5_2024_spring_nonserpentine_network_case3_version3","3"
"red_Braconidae",0,8.69238716145818,0.00500024484624111,0,8.69238782179827,0.0050001976821026,"A_Quarry_5_2024_spring_nonserpentine_network_case3_version3","3"
"Trichodes_ornatus",0,9.18180782725558,0.00500024484624111,0,9.18180852479013,0.0050001976821026,"A_Quarry_5_2024_spring_nonserpentine_network_case3_version3","3"
"Zerene_eurydice",0,9.15888779147795,0.00500024484624111,0,9.15888848723774,0.0050001976821026,"A_Quarry_5_2024_spring_nonserpentine_network_case3_version3","3"
"Acmaeodera_sp.",1,2.24845540236315e-05,0,1,2.24539483933828e-05,0,"A_Quarry_5_2024_spring_serpentine_network_case3_version2","2"
"Adela_flammeusella",1,0,0,0,0.46936336975515,0,"A_Quarry_5_2024_spring_serpentine_network_case3_version2","2"
"Andrena_dissona",1,0,0,0,0.490155474813727,0,"A_Quarry_5_2024_spring_serpentine_network_case3_version2","2"
"Andrena_pallidifovea",1,0,0,0,0.543065194316704,0,"A_Quarry_5_2024_spring_serpentine_network_case3_version2","2"
"Andrena_pensilis",1,0,0,0,0.496720880850554,0,"A_Quarry_5_2024_spring_serpentine_network_case3_version2","2"
"Andrena_sp.",0,2.85916048679149,0.00500022600975682,0,1.15304645044413,0.00491373031968826,"A_Quarry_5_2024_spring_serpentine_network_case3_version2","2"
"Andrena_subchalybea",0,2.94071412918048,0.00500022600975682,0,1.18593552339978,0.00491373031968826,"A_Quarry_5_2024_spring_serpentine_network_case3_version2","2"
"Anthocharis_sara",0,2.77084503286383,0.00500022600975682,0,1.11743046416607,0.00491373031968826,"A_Quarry_5_2024_spring_serpentine_network_case3_version2","2"
"Anthophora_californica",0,3.89798458152956,0.00500023401610049,0,0.290695518605418,0.00408600082291494,"A_Quarry_5_2024_spring_serpentine_network_case3_version2","2"
"Anthrenus_sp.",0,3.21514735070036,0.00500022600975682,0,1.29660935701366,0.00491373031968826,"A_Quarry_5_2024_spring_serpentine_network_case3_version2","2"
"Apis_mellifera",0,2.71765107387804,0.00500022600975682,0,1.09597832606358,0.00491373031968826,"A_Quarry_5_2024_spring_serpentine_network_case3_version2","2"
"BF1_Diptera",1,0,0,0,0.495848093855124,0,"A_Quarry_5_2024_spring_serpentine_network_case3_version2","2"
"Bombus_californicus",0,3.74627963830553,0.00500023401610049,0,0.279381993314649,0.00408600082291494,"A_Quarry_5_2024_spring_serpentine_network_case3_version2","2"
"Bombus_melanopygus",0,3.4501954892486,0.00500023401610049,0,0.257301265832386,0.00408600082291494,"A_Quarry_5_2024_spring_serpentine_network_case3_version2","2"
"Bombus_vosnesenskii",0,3.54423848272809,0.00500023401610049,0,0.264314602128837,0.00408600082291494,"A_Quarry_5_2024_spring_serpentine_network_case3_version2","2"
"Bombylius_major",1,0,0,0,0.523993165080432,0,"A_Quarry_5_2024_spring_serpentine_network_case3_version2","2"
"brown_moth_Lepidoptera",0,10.9531391698983,0.00500034457144252,0,0.474151823022021,0.00374005066367416,"A_Quarry_5_2024_spring_serpentine_network_case3_version2","2"
"Coenonympha_californica",0,2.81549040625816,0.00500022600975682,0,1.13543511607522,0.00491373031968826,"A_Quarry_5_2024_spring_serpentine_network_case3_version2","2"
"Cyrtopogon_sp.",1,0,0,0,0.469264670610085,0,"A_Quarry_5_2024_spring_serpentine_network_case3_version2","2"
"Erynnis_propertius",1,0,0,0,0.531318943706024,0,"A_Quarry_5_2024_spring_serpentine_network_case3_version2","2"
"Eucera_actuosa",1,0,0,0,0.477486867144465,0,"A_Quarry_5_2024_spring_serpentine_network_case3_version2","2"
"Eucera_sp.",0,3.76694662562264,0.00500023401610049,0,0.280923251488427,0.00408600082291494,"A_Quarry_5_2024_spring_serpentine_network_case3_version2","2"
"Glaucophysche_lygdamus",1,0,0,0,0.49086264695081,0,"A_Quarry_5_2024_spring_serpentine_network_case3_version2","2"
"Heliolonche_modiella",0,3.09747744254477,0.00500022600975682,0,1.24915526319622,0.00491373031968826,"A_Quarry_5_2024_spring_serpentine_network_case3_version2","2"
"Helithodes_dimutiva",0,3.77021845095102,0.00500023401610049,0,0.281167250647652,0.00408600082291494,"A_Quarry_5_2024_spring_serpentine_network_case3_version2","2"
"Hoplitus_hypocrita",1,0,0,0,0.507705913836931,0,"A_Quarry_5_2024_spring_serpentine_network_case3_version2","2"
"Lasioglossum_titusi",0,2.12715747755255,0.00500022617401854,0,0.00531489553340633,0.00245686515984413,"A_Quarry_5_2024_spring_serpentine_network_case3_version2","2"
"Listrus_sp._1",0,19.064626054257,0.00500035521687891,0,23.5165494120639,0.00500569906011603,"A_Quarry_5_2024_spring_serpentine_network_case3_version2","2"
"Malachius_sp.",0,1.86497348918539,0.00500022617401854,0,0.00465980510242881,0.00245686515984413,"A_Quarry_5_2024_spring_serpentine_network_case3_version2","2"
"Nomada_hesperia",0,2.61764845288505,0.00500023416759572,0,0.00253388977936592,0.00204300041145747,"A_Quarry_5_2024_spring_serpentine_network_case3_version2","2"
"Osmia_cara",0,2.00842510755423,0.00500022617401854,0,0.00501823195788056,0.00245686515984413,"A_Quarry_5_2024_spring_serpentine_network_case3_version2","2"
"Osmia_nemoris",0,17.8890007561631,0.00500035521676778,0,22.0663950609772,0.00500569906011603,"A_Quarry_5_2024_spring_serpentine_network_case3_version2","2"
"Osmia_sp.",0,3.28253714691996,0.00500023083556384,0,0.563155860096813,0.0044998655713016,"A_Quarry_5_2024_spring_serpentine_network_case3_version2","2"
"Phychoides_mytilla",0,8.84584453828876,0.00500033798404118,0,0.790993811190123,0.00432689049168121,"A_Quarry_5_2024_spring_serpentine_network_case3_version2","2"
"Polistes_aurifer",0,2.45978411778723,0.00500023416759572,0,0.00238107673652148,0.00204300041145747,"A_Quarry_5_2024_spring_serpentine_network_case3_version2","2"
"Prosperpinus_clarkiae",0,33.926156334614,0.00500042470926798,0,46.0905978960874,0.00501365417118524,"A_Quarry_5_2024_spring_serpentine_network_case3_version2","2"
"red_Braconidae",0,2.48998076150844,0.00500023091646617,0,0.0179241652693083,0.00299991038086773,"A_Quarry_5_2024_spring_serpentine_network_case3_version2","2"
"Trichodes_ornatus",0,6.34411104124638,0.00500032994045611,0,0.0431872235931418,0.00318494545156934,"A_Quarry_5_2024_spring_serpentine_network_case3_version2","2"
"Zerene_eurydice",0,74.0819275897987,0.00500048999290965,0,126.768090146899,0.00502346270199097,"A_Quarry_5_2024_spring_serpentine_network_case3_version2","2"
"Agapostemon_subtilior",0,2.44921660481957,0.00500019578128351,0,0.0170704456512679,0.00316226066164984,"A_Quarry_Close_2022_summer_full_network_case3_version1","1"
"Anastrangalia_laetifca",0,6.23408614869296,0.0050002040725045,0,0.1619868693033,0.0036515659227818,"A_Quarry_Close_2022_summer_full_network_case3_version1","1"
"Anthophorula_chionura",0,2.44315314591624,0.00500019578128351,0,0.0170281848101105,0.00316226066164984,"A_Quarry_Close_2022_summer_full_network_case3_version1","1"
"Apis_mellifera",0,5.59210573481,0.0050002040725045,0,0.145305611705086,0.0036515659227818,"A_Quarry_Close_2022_summer_full_network_case3_version1","1"
"Ashmeadiella_aridula_astragali",0,2.53195585340597,0.00500019578128351,0,0.0176471181489927,0.00316226066164984,"A_Quarry_Close_2022_summer_full_network_case3_version1","1"
"Bombus_californicus",0,13.7262078262293,0.00500021157227772,0,1.22521763542144,0.00404615834228175,"A_Quarry_Close_2022_summer_full_network_case3_version1","1"
"Bombus_vosnesenskii",0,2.21995572332111,0.00500019578128351,0,0.0154725529075184,0.00316226066164984,"A_Quarry_Close_2022_summer_full_network_case3_version1","1"
"Brachynomada_melanantha",0,6.28002589834522,0.00500020329678667,0,0.0470686340766166,0.00316051071206877,"A_Quarry_Close_2022_summer_full_network_case3_version1","1"
"Braconidae",0,2.48770347468029,0.00500019578128351,0,0.0173386897996079,0.00316226066164984,"A_Quarry_Close_2022_summer_full_network_case3_version1","1"
"Colias_eurytheme",0,2.56893482122462,0.00500019578128351,0,0.0179048525863006,0.00316226066164984,"A_Quarry_Close_2022_summer_full_network_case3_version1","1"
"Curculionidae",0,6.37674702862261,0.0050002040725045,0,0.165693778247381,0.0036515659227818,"A_Quarry_Close_2022_summer_full_network_case3_version1","1"
"Danaus_plexippus",0,2.46645545818221,0.00500019578128351,0,0.0171905962784176,0.00316226066164984,"A_Quarry_Close_2022_summer_full_network_case3_version1","1"
"Dianthidium_dubium",0,18.1226445849336,0.00500021030041133,0,28.7194934354568,0.00502739143914017,"A_Quarry_Close_2022_summer_full_network_case3_version1","1"
"Epicauta_puncticollis",0,2.21934770713909,0.00500019578128351,0,0.0154683151901917,0.00316226066164984,"A_Quarry_Close_2022_summer_full_network_case3_version1","1"
"Eristalis_stipador",0,2.12757517112957,0.00500019578128351,0,0.014828682872653,0.00316226066164984,"A_Quarry_Close_2022_summer_full_network_case3_version1","1"
"Erynnis_tristus",0,13.8203242316524,0.00500021109310303,0,15.807877242678,0.00501858393679765,"A_Quarry_Close_2022_summer_full_network_case3_version1","1"
"Halictidae",0,13.6175606832737,0.00500021109310303,0,15.5759534999908,0.00501858393679765,"A_Quarry_Close_2022_summer_full_network_case3_version1","1"
"Halictus_ligatus",0,2.220843086732,0.00500019578128351,0,0.015478737626483,0.00316226066164984,"A_Quarry_Close_2022_summer_full_network_case3_version1","1"
"Halictus_tripartitus",0,4.48509288656328,0.00500020229450963,0,0.0267262220094198,0.0031613856868593,"A_Quarry_Close_2022_summer_full_network_case3_version1","1"
"Heliothodes_diminutivus",0,4.34881639721967,0.00500020229450963,0,0.0259141639851395,0.0031613856868593,"A_Quarry_Close_2022_summer_full_network_case3_version1","1"
"Icaricia_acmon",0,18.7059589358598,0.00500021245079517,0,3.92185192928554,0.00437717895731149,"A_Quarry_Close_2022_summer_full_network_case3_version1","1"
"Junonia_grisea",0,4.52808737766839,0.00500020392128514,0,47.0446984744208,0.00502084401036265,"A_Quarry_Close_2022_summer_full_network_case3_version1","1"
"Lasioglossum_incompletum",0,4.14808094759393,0.00500020229450963,0,0.0247180014177993,0.0031613856868593,"A_Quarry_Close_2022_summer_full_network_case3_version1","1"
"Lasioglossum_titusi",0,4.74572074281677,0.00500020300183277,0,0.0522802001390639,0.00340691329221582,"A_Quarry_Close_2022_summer_full_network_case3_version1","1"
"Listrus_sp_1",0,13.5606655892473,0.00500020840643686,0,3.50447000759357,0.00433874961391837,"A_Quarry_Close_2022_summer_full_network_case3_version1","1"
"Megachile_apicalis",0,10.3636877319295,0.00500021117126062,0,0.144817315902623,0.0036042095019658,"A_Quarry_Close_2022_summer_full_network_case3_version1","1"
"Megachile_frugalis_pseudofrugalis",0,4.2018899778598,0.00500020229450963,0,0.0250386440790777,0.0031613856868593,"A_Quarry_Close_2022_summer_full_network_case3_version1","1"
"Melissodes_lupina",0,4.84060215053466,0.00500020300189298,0,0.0533254405086774,0.00340691329221582,"A_Quarry_Close_2022_summer_full_network_case3_version1","1"
"Melissodes_robustior",0,12.9332946981915,0.00500020973201563,0,1.99048910751859,0.00433947868096098,"A_Quarry_Close_2022_summer_full_network_case3_version1","1"
"Mordellidae",0,19.0062078488845,0.00500021374261986,0,1.64498516570071,0.00407996197223849,"A_Quarry_Close_2022_summer_full_network_case3_version1","1"
"Nemognatha_scutellaris",0,10.952072928066,0.00500020820882099,0,0.579834633605314,0.00394658662982886,"A_Quarry_Close_2022_summer_full_network_case3_version1","1"
"Ochlodes_sp.",0,4.72099811019696,0.00500020313638965,0,0.0450314455004746,0.00332477909883347,"A_Quarry_Close_2022_summer_full_network_case3_version1","1"
"Panurginus_sp.",0,32.8537284374128,0.00500021445908522,0,65.7471184487637,0.00504907474813626,"A_Quarry_Close_2022_summer_full_network_case3_version1","1"
"Polistes_aurifer",0,19.5213749291966,0.00500021313720191,0,1.6778675741541,0.00410347401137692,"A_Quarry_Close_2022_summer_full_network_case3_version1","1"
"red_Prionyx_sp.",0,13.2514166119815,0.00500021177092442,0,1.92941552868775,0.00429413322329684,"A_Quarry_Close_2022_summer_full_network_case3_version1","1"
"Strymon_melinus",0,11.498915059943,0.0050002098408738,0,1.23029982823562,0.0041809004337132,"A_Quarry_Close_2022_summer_full_network_case3_version1","1"
"Tachinidae",0,23.8827401096504,0.00500021347990963,0,7.69520434884538,0.00442291829368725,"A_Quarry_Close_2022_summer_full_network_case3_version1","1"
"Villa_sp.",0,23.9360389054767,0.00500021362669389,0,5.46566306388364,0.00433584425935218,"A_Quarry_Close_2022_summer_full_network_case3_version1","1"
"white_moth_Lepidoptera",0,44.7951397508041,0.00500021441006575,0,225.97084175161,0.00507754002348109,"A_Quarry_Close_2022_summer_full_network_case3_version1","1"
"Agapostemon_subtilior",1,2.36257276125922e-05,0,1,2.32478957806944e-05,0,"A_Quarry_Close_2022_summer_nonserpentine_network_case3_version3","3"
"Anastrangalia_laetifca",1,0,0,0,0.509877973264026,0,"A_Quarry_Close_2022_summer_nonserpentine_network_case3_version3","3"
"Anthophorula_chionura",1,0,0,0,0.51909664849243,0,"A_Quarry_Close_2022_summer_nonserpentine_network_case3_version3","3"
"Apis_mellifera",1,0,0,0,0.457371212266093,0,"A_Quarry_Close_2022_summer_nonserpentine_network_case3_version3","3"
"Ashmeadiella_aridula_astragali",1,0,0,0,0.537964556220902,0,"A_Quarry_Close_2022_summer_nonserpentine_network_case3_version3","3"
"Bombus_californicus",1,0,0,0,0.470296404706452,0,"A_Quarry_Close_2022_summer_nonserpentine_network_case3_version3","3"
"Bombus_vosnesenskii",1,0,0,0,0.471673901342635,0,"A_Quarry_Close_2022_summer_nonserpentine_network_case3_version3","3"
"Brachynomada_melanantha",1,0,0,0,0.523259865666395,0,"A_Quarry_Close_2022_summer_nonserpentine_network_case3_version3","3"
"Braconidae",1,0,0,0,0.528562255100609,0,"A_Quarry_Close_2022_summer_nonserpentine_network_case3_version3","3"
"Colias_eurytheme",1,0,0,0,0.545821475934154,0,"A_Quarry_Close_2022_summer_nonserpentine_network_case3_version3","3"
"Curculionidae",1,0,0,0,0.521546025328127,0,"A_Quarry_Close_2022_summer_nonserpentine_network_case3_version3","3"
"Danaus_plexippus",1,0,0,0,0.52404768982625,0,"A_Quarry_Close_2022_summer_nonserpentine_network_case3_version3","3"
"Dianthidium_dubium",1,0,0,0,0.469522909782605,0,"A_Quarry_Close_2022_summer_nonserpentine_network_case3_version3","3"
"Epicauta_puncticollis",1,0,0,0,0.471544716237832,0,"A_Quarry_Close_2022_summer_nonserpentine_network_case3_version3","3"
"Eristalis_stipador",1,0,0,0,0.45204580924569,0,"A_Quarry_Close_2022_summer_nonserpentine_network_case3_version3","3"
"Erynnis_tristus",1,0,0,0,0.533915992306506,0,"A_Quarry_Close_2022_summer_nonserpentine_network_case3_version3","3"
"Halictidae",1,0,0,0,0.526082695450672,0,"A_Quarry_Close_2022_summer_nonserpentine_network_case3_version3","3"
"Halictus_ligatus",1,0,0,0,0.471862439448881,0,"A_Quarry_Close_2022_summer_nonserpentine_network_case3_version3","3"
"Halictus_tripartitus",1,0,0,0,0.492019817345785,0,"A_Quarry_Close_2022_summer_nonserpentine_network_case3_version3","3"
"Heliothodes_diminutivus",1,0,0,0,0.47707013060668,0,"A_Quarry_Close_2022_summer_nonserpentine_network_case3_version3","3"
"Icaricia_acmon",1,0,0,0,0.51768510647476,0,"A_Quarry_Close_2022_summer_nonserpentine_network_case3_version3","3"
"Junonia_grisea",1,0,0,0,0.533584521284133,0,"A_Quarry_Close_2022_summer_nonserpentine_network_case3_version3","3"
"Lasioglossum_incompletum",1,0,0,0,0.455049222430703,0,"A_Quarry_Close_2022_summer_nonserpentine_network_case3_version3","3"
"Lasioglossum_titusi",1,0,0,0,0.512281392823104,0,"A_Quarry_Close_2022_summer_nonserpentine_network_case3_version3","3"
"Listrus_sp_1",1,0,0,0,0.513369177916725,0,"A_Quarry_Close_2022_summer_nonserpentine_network_case3_version3","3"
"Megachile_apicalis",1,0,0,0,0.495773246393433,0,"A_Quarry_Close_2022_summer_nonserpentine_network_case3_version3","3"
"Megachile_frugalis_pseudofrugalis",1,0,0,0,0.460952134435508,0,"A_Quarry_Close_2022_summer_nonserpentine_network_case3_version3","3"
"Melissodes_lupina",1,0,0,0,0.522523457590734,0,"A_Quarry_Close_2022_summer_nonserpentine_network_case3_version3","3"
"Melissodes_robustior",1,0,0,0,0.451751727471944,0,"A_Quarry_Close_2022_summer_nonserpentine_network_case3_version3","3"
"Mordellidae",1,0,0,0,0.491283620959746,0,"A_Quarry_Close_2022_summer_nonserpentine_network_case3_version3","3"
"Nemognatha_scutellaris",1,0,0,0,0.50381747044335,0,"A_Quarry_Close_2022_summer_nonserpentine_network_case3_version3","3"
"Ochlodes_sp.",1,0,0,0,0.460225741383725,0,"A_Quarry_Close_2022_summer_nonserpentine_network_case3_version3","3"
"Panurginus_sp.",1,0,0,0,0.514035436261462,0,"A_Quarry_Close_2022_summer_nonserpentine_network_case3_version3","3"
"Polistes_aurifer",1,0,0,0,0.493577246388224,0,"A_Quarry_Close_2022_summer_nonserpentine_network_case3_version3","3"
"red_Prionyx_sp.",1,0,0,0,0.452780046874089,0,"A_Quarry_Close_2022_summer_nonserpentine_network_case3_version3","3"
"Strymon_melinus",1,0,0,0,0.474247812816989,0,"A_Quarry_Close_2022_summer_nonserpentine_network_case3_version3","3"
"Tachinidae",1,0,0,0,0.482990015127226,0,"A_Quarry_Close_2022_summer_nonserpentine_network_case3_version3","3"
"Villa_sp.",1,0,0,0,0.513184243283786,0,"A_Quarry_Close_2022_summer_nonserpentine_network_case3_version3","3"
"white_moth_Lepidoptera",1,0,0,0,0.487576870591183,0,"A_Quarry_Close_2022_summer_nonserpentine_network_case3_version3","3"
"Agapostemon_subtilior",1,2.41065611765623e-05,0,1,2.36424482087069e-05,0,"A_Quarry_Close_2022_summer_serpentine_network_case3_version2","2"
"Anastrangalia_laetifca",0,2.0224407842425,0.00500020412696419,0,0.00437335625854625,0.00228763287321725,"A_Quarry_Close_2022_summer_serpentine_network_case3_version2","2"
"Anthophorula_chionura",0,2.05900683675559,0.00500020412696419,0,0.00445242723854175,0.00228763287321725,"A_Quarry_Close_2022_summer_serpentine_network_case3_version2","2"
"Apis_mellifera",0,5.91564623492402,0.00500022357211628,0,0.222785934568103,0.00386831477096897,"A_Quarry_Close_2022_summer_serpentine_network_case3_version2","2"
"Ashmeadiella_aridula_astragali",0,2.13384675559603,0.00500020412696419,0,0.00461426220039774,0.00228763287321725,"A_Quarry_Close_2022_summer_serpentine_network_case3_version2","2"
"Bombus_californicus",0,1.86543973153689,0.00500020412696419,0,0.00403385482945448,0.00228763287321725,"A_Quarry_Close_2022_summer_serpentine_network_case3_version2","2"
"Bombus_vosnesenskii",0,6.1006374337333,0.00500022357211628,0,0.229752787464609,0.00386831477096897,"A_Quarry_Close_2022_summer_serpentine_network_case3_version2","2"
"Brachynomada_melanantha",0,2.07552031780813,0.00500020412696419,0,0.00448813623714726,0.00228763287321725,"A_Quarry_Close_2022_summer_serpentine_network_case3_version2","2"
"Braconidae",0,14.0768300163047,0.00500023175780018,0,1.48170439471364,0.00416665724032097,"A_Quarry_Close_2022_summer_serpentine_network_case3_version2","2"
"Colias_eurytheme",0,34.4851495218681,0.00500023731305932,0,34.4851806727625,0.0050002328101339,"A_Quarry_Close_2022_summer_serpentine_network_case3_version2","2"
"Curculionidae",0,2.06872233715441,0.00500020412696419,0,0.00447343618201213,0.00228763287321725,"A_Quarry_Close_2022_summer_serpentine_network_case3_version2","2"
"Danaus_plexippus",0,2.078645237433,0.00500020412696419,0,0.00449489361039486,0.00228763287321725,"A_Quarry_Close_2022_summer_serpentine_network_case3_version2","2"
"Dianthidium_dubium",0,1.86237164902158,0.00500020412696419,0,0.00402722036192771,0.00228763287321725,"A_Quarry_Close_2022_summer_serpentine_network_case3_version2","2"
"Epicauta_puncticollis",0,1.87039118322632,0.00500020412696419,0,0.00404456192275516,0.00228763287321725,"A_Quarry_Close_2022_summer_serpentine_network_case3_version2","2"
"Eristalis_stipador",0,5.84676739112832,0.00500022357211628,0,0.220191925900888,0.00386831477096897,"A_Quarry_Close_2022_summer_serpentine_network_case3_version2","2"
"Erynnis_tristus",0,2.11778804892519,0.00500020412696419,0,0.00457953661252045,0.00228763287321725,"A_Quarry_Close_2022_summer_serpentine_network_case3_version2","2"
"Halictidae",0,17.6024026486458,0.00500023034233814,0,30.5878953504954,0.00500695584186974,"A_Quarry_Close_2022_summer_serpentine_network_case3_version2","2"
"Halictus_ligatus",0,19.9456021374474,0.005000230719136,0,31.6060502437708,0.0050271646120687,"A_Quarry_Close_2022_summer_serpentine_network_case3_version2","2"
"Halictus_tripartitus",0,1.95160606548026,0.00500020412696419,0,0.00422018220105209,0.00228763287321725,"A_Quarry_Close_2022_summer_serpentine_network_case3_version2","2"
"Heliothodes_diminutivus",0,1.89230784556766,0.00500020412696419,0,0.00409195484186334,0.00228763287321725,"A_Quarry_Close_2022_summer_serpentine_network_case3_version2","2"
"Icaricia_acmon",0,12.7144627470121,0.0050002320695225,0,14.6349764801825,0.00502725062322022,"A_Quarry_Close_2022_summer_serpentine_network_case3_version2","2"
"Junonia_grisea",0,2.1164732627397,0.00500020412696419,0,0.00457669349914956,0.00228763287321725,"A_Quarry_Close_2022_summer_serpentine_network_case3_version2","2"
"Lasioglossum_incompletum",0,11.1761113363888,0.0050002320695225,0,12.8642577976728,0.00502725062322022,"A_Quarry_Close_2022_summer_serpentine_network_case3_version2","2"
"Lasioglossum_titusi",0,2.03197399416964,0.00500020412696419,0,0.00439397101445645,0.00228763287321725,"A_Quarry_Close_2022_summer_serpentine_network_case3_version2","2"
"Listrus_sp_1",0,18.4789187320623,0.00500023179224298,0,25.6074662854228,0.00500339901931968,"A_Quarry_Close_2022_summer_serpentine_network_case3_version2","2"
"Megachile_apicalis",0,21.1111724591338,0.00500023243012235,0,20.6599746584121,0.00497367604198072,"A_Quarry_Close_2022_summer_serpentine_network_case3_version2","2"
"Megachile_frugalis_pseudofrugalis",0,4.40947535491447,0.00500022189849377,0,0.0297914915159919,0.00307797382209311,"A_Quarry_Close_2022_summer_serpentine_network_case3_version2","2"
"Melissodes_lupina",0,12.4487315009951,0.00500022997784243,0,0.368855261378008,0.00364729435754349,"A_Quarry_Close_2022_summer_serpentine_network_case3_version2","2"
"Melissodes_robustior",0,8.60094169018133,0.00500023115653564,0,0.0700327498004643,0.00322714505676911,"A_Quarry_Close_2022_summer_serpentine_network_case3_version2","2"
"Mordellidae",0,4.69962683129674,0.00500022189849377,0,0.0317518256940626,0.00307797382209311,"A_Quarry_Close_2022_summer_serpentine_network_case3_version2","2"
"Nemognatha_scutellaris",0,4.81952583235545,0.00500022189849377,0,0.0325618926032291,0.00307797382209311,"A_Quarry_Close_2022_summer_serpentine_network_case3_version2","2"
"Ochlodes_sp.",0,14.3851651536162,0.00500023010666046,0,2.62856247296266,0.00444773969151884,"A_Quarry_Close_2022_summer_serpentine_network_case3_version2","2"
"Panurginus_sp.",0,19.1722336323751,0.00500023131367153,0,11.8844825919143,0.00478049219495802,"A_Quarry_Close_2022_summer_serpentine_network_case3_version2","2"
"Polistes_aurifer",0,12.2095836493966,0.00500023100909229,0,1.23730247582517,0.00412212414465704,"A_Quarry_Close_2022_summer_serpentine_network_case3_version2","2"
"red_Prionyx_sp.",0,32.9210541325124,0.00500023524989977,0,64.0620979788692,0.00503289313215202,"A_Quarry_Close_2022_summer_serpentine_network_case3_version2","2"
"Strymon_melinus",0,13.5325680850052,0.00500023148936049,0,4.70425843668297,0.0046138041346299,"A_Quarry_Close_2022_summer_serpentine_network_case3_version2","2"
"Tachinidae",0,21.6319259183666,0.00500023185717571,0,48.6853261445892,0.00507003743784307,"A_Quarry_Close_2022_summer_serpentine_network_case3_version2","2"
"Villa_sp.",0,22.545323475941,0.00500023216375306,0,30.2544000185808,0.00496487549185434,"A_Quarry_Close_2022_summer_serpentine_network_case3_version2","2"
"white_moth_Lepidoptera",0,21.3989318139885,0.00500023192008556,0,51.4168775682231,0.00508178082302793,"A_Quarry_Close_2022_summer_serpentine_network_case3_version2","2"
"Agapostemon_subtilior",0,1.44099741497658,0.00500017003681534,0,0.00479096860467319,0.00236758165280727,"A_Quarry_Close_2023_summer_full_network_case3_version1","1"
"Anastrangalia_laetifca",0,1.53163575443675,0.00500017003681534,0,0.00509231920747248,0.00236758165280727,"A_Quarry_Close_2023_summer_full_network_case3_version1","1"
"Apis_mellifera",0,1.44876506465261,0.00500017003681534,0,0.00481679416503228,0.00236758165280727,"A_Quarry_Close_2023_summer_full_network_case3_version1","1"
"Bombus_vosnesenskii",0,1.36645391978279,0.00500017003681534,0,0.0045431294753302,0.00236758165280727,"A_Quarry_Close_2023_summer_full_network_case3_version1","1"
"Bombus-melanopygus",0,1.4909096545531,0.00500017003681534,0,0.00495691475485531,0.00236758165280727,"A_Quarry_Close_2023_summer_full_network_case3_version1","1"
"Braconidae",0,1.48261766687626,0.00500017003681534,0,0.00492934589638293,0.00236758165280727,"A_Quarry_Close_2023_summer_full_network_case3_version1","1"
"brown_Syrphidae",0,1.47533073178017,0.00500017003681534,0,0.00490511859606538,0.00236758165280727,"A_Quarry_Close_2023_summer_full_network_case3_version1","1"
"Calypte_anna",0,1.35851326970712,0.00500017003681534,0,0.00451672873039418,0.00236758165280727,"A_Quarry_Close_2023_summer_full_network_case3_version1","1"
"Colias_eurytheme",0,1.25688319544094,0.00500017003681534,0,0.00417883326267673,0.00236758165280727,"A_Quarry_Close_2023_summer_full_network_case3_version1","1"
"Danaus_plexippus",0,4.83617497942274,0.00500019607194802,0,2.44711479097367,0.00481500401127408,"A_Quarry_Close_2023_summer_full_network_case3_version1","1"
"Dianthidium_dubium",0,5.71353307279979,0.00500020262929035,0,6.38094925303895,0.00503520661248309,"A_Quarry_Close_2023_summer_full_network_case3_version1","1"
"Epicauta_puncticollis",0,1.4343915255388,0.00500017003681534,0,0.00476900561670539,0.00236758165280727,"A_Quarry_Close_2023_summer_full_network_case3_version1","1"
"Eristalis_stipador",0,5.72002588130105,0.00500020262929035,0,6.38820050700392,0.00503520661248309,"A_Quarry_Close_2023_summer_full_network_case3_version1","1"
"Erynnis_tristus",0,1.47690617863902,0.00500017003681534,0,0.00491035657692652,0.00236758165280727,"A_Quarry_Close_2023_summer_full_network_case3_version1","1"
"Euodyneras_hidalgo",0,1.35938136336442,0.00500017003681534,0,0.00451961493196297,0.00236758165280727,"A_Quarry_Close_2023_summer_full_network_case3_version1","1"
"gray_Bombyliidae",0,1.35389288222559,0.00500017003681534,0,0.00450136705681134,0.00236758165280727,"A_Quarry_Close_2023_summer_full_network_case3_version1","1"
"Halictidae",0,1.36276392990626,0.00500017003681534,0,0.00453086114905765,0.00236758165280727,"A_Quarry_Close_2023_summer_full_network_case3_version1","1"
"Halictus_farinosus",0,1.34738076345436,0.00500017003681534,0,0.00447971583344378,0.00236758165280727,"A_Quarry_Close_2023_summer_full_network_case3_version1","1"
"Halictus_ligatus",0,1.44751705568571,0.00500017003681534,0,0.00481264483651686,0.00236758165280727,"A_Quarry_Close_2023_summer_full_network_case3_version1","1"
"Halictus_tripartitus",0,1.29459006201526,0.00500017003681534,0,0.00430419949319265,0.00236758165280727,"A_Quarry_Close_2023_summer_full_network_case3_version1","1"
"Heliothis_phloxiphaga",0,1.33545706518311,0.00500017003681534,0,0.004440072414823,0.00236758165280727,"A_Quarry_Close_2023_summer_full_network_case3_version1","1"
"Heliothodes_diminutivus",0,1.44006642209926,0.00500017003681534,0,0.00478787327847214,0.00236758165280727,"A_Quarry_Close_2023_summer_full_network_case3_version1","1"
"Hemaris_thetis",0,1.49232743023478,0.00500017003681534,0,0.00496162851633937,0.00236758165280727,"A_Quarry_Close_2023_summer_full_network_case3_version1","1"
"Icaricia_acmon",0,3.43975460542266,0.00500019408906526,0,0.102699141784886,0.00359129283204067,"A_Quarry_Close_2023_summer_full_network_case3_version1","1"
"Lasioglossum_incompletum",0,3.76391699915789,0.00500020069997453,0,0.157440601946245,0.00370139413264518,"A_Quarry_Close_2023_summer_full_network_case3_version1","1"
"Lasioglossum_titusi",0,4.13519684550512,0.00500020069997453,0,0.172970838799757,0.00370139413264518,"A_Quarry_Close_2023_summer_full_network_case3_version1","1"
"Megachile_apicalis",0,3.21891734581844,0.00500019408907826,0,0.0961057071722168,0.00359129283204067,"A_Quarry_Close_2023_summer_full_network_case3_version1","1"
"Melissodes_lupina",0,3.87279117541686,0.00500019408907826,0,0.115628111785891,0.00359129283204067,"A_Quarry_Close_2023_summer_full_network_case3_version1","1"
"Melissodes_robustior",0,3.48780419404949,0.00500019408907826,0,0.104133735831294,0.00359129283204067,"A_Quarry_Close_2023_summer_full_network_case3_version1","1"
"Nemognatha_scutellaris",0,34.4815090506083,0.00500027030332447,0,45.0202061478525,0.00500389755142149,"A_Quarry_Close_2023_summer_full_network_case3_version1","1"
"Polistes_aurifer",0,3.46101358192378,0.00500019408907826,0,0.103333861074309,0.00359129283204067,"A_Quarry_Close_2023_summer_full_network_case3_version1","1"
"Pterophoridae",0,3.86116555896858,0.00500020069997453,0,0.161508404687022,0.00370139413264518,"A_Quarry_Close_2023_summer_full_network_case3_version1","1"
"Strymon_melinus",0,3.88293980301258,0.00500020069997453,0,0.1624191979011,0.00370139413264518,"A_Quarry_Close_2023_summer_full_network_case3_version1","1"
"Thysanoptera",0,4.62610467828586,0.00500019876584343,0,0.440855971477986,0.00407259742552148,"A_Quarry_Close_2023_summer_full_network_case3_version1","1"
"tiny_pale_green_Diptera",0,2.69749225913359,0.00500018963653712,0,65.1798187964919,0.00502790487536377,"A_Quarry_Close_2023_summer_full_network_case3_version1","1"
"Vanessa_virginiensis",0,4.45347842614784,0.00500019876584768,0,0.424405130122567,0.00407259742552148,"A_Quarry_Close_2023_summer_full_network_case3_version1","1"
"Villa_sp.",0,17.1556146347035,0.00500024115743606,0,44.943883182121,0.00503430667048922,"A_Quarry_Close_2023_summer_full_network_case3_version1","1"
"white_moth_Lepidoptera",0,4.30032850581285,0.00500019876584768,0,0.409810333466155,0.00407259742552148,"A_Quarry_Close_2023_summer_full_network_case3_version1","1"
"Xylocopa_sp.",0,16.1040910011979,0.0050002401812687,0,22.7537611498991,0.00497948100568544,"A_Quarry_Close_2023_summer_full_network_case3_version1","1"
"Agapostemon_subtilior",1,2.3463722015394e-05,0,1,2.30947767066391e-05,0,"A_Quarry_Close_2023_summer_nonserpentine_network_case3_version3","3"
"Anastrangalia_laetifca",1,0,0,0,0.549540061084339,0,"A_Quarry_Close_2023_summer_nonserpentine_network_case3_version3","3"
"Apis_mellifera",1,0,0,0,0.519806644492693,0,"A_Quarry_Close_2023_summer_nonserpentine_network_case3_version3","3"
"Bombus_vosnesenskii",1,0,0,0,0.490273988684767,0,"A_Quarry_Close_2023_summer_nonserpentine_network_case3_version3","3"
"Bombus-melanopygus",1,0,0,0,0.534927824877635,0,"A_Quarry_Close_2023_summer_nonserpentine_network_case3_version3","3"
"Braconidae",1,0,0,0,0.5319527184041,0,"A_Quarry_Close_2023_summer_nonserpentine_network_case3_version3","3"
"brown_Syrphidae",1,0,0,0,0.529338217703317,0,"A_Quarry_Close_2023_summer_nonserpentine_network_case3_version3","3"
"Calypte_anna",1,0,0,0,0.487424939655431,0,"A_Quarry_Close_2023_summer_nonserpentine_network_case3_version3","3"
"Colias_eurytheme",1,0,0,0,0.4509607888297,0,"A_Quarry_Close_2023_summer_nonserpentine_network_case3_version3","3"
"Danaus_plexippus",1,0,0,0,0.497977860759933,0,"A_Quarry_Close_2023_summer_nonserpentine_network_case3_version3","3"
"Dianthidium_dubium",1,0,0,0,0.513905792200894,0,"A_Quarry_Close_2023_summer_nonserpentine_network_case3_version3","3"
"Epicauta_puncticollis",1,0,0,0,0.514649520425428,0,"A_Quarry_Close_2023_summer_nonserpentine_network_case3_version3","3"
"Eristalis_stipador",1,0,0,0,0.514489790175338,0,"A_Quarry_Close_2023_summer_nonserpentine_network_case3_version3","3"
"Erynnis_tristus",1,0,0,0,0.529903476908758,0,"A_Quarry_Close_2023_summer_nonserpentine_network_case3_version3","3"
"Euodyneras_hidalgo",1,0,0,0,0.487736405496363,0,"A_Quarry_Close_2023_summer_nonserpentine_network_case3_version3","3"
"gray_Bombyliidae",1,0,0,0,0.485767177369337,0,"A_Quarry_Close_2023_summer_nonserpentine_network_case3_version3","3"
"Halictidae",1,0,0,0,0.488950046449411,0,"A_Quarry_Close_2023_summer_nonserpentine_network_case3_version3","3"
"Halictus_farinosus",1,0,0,0,0.483430675246488,0,"A_Quarry_Close_2023_summer_nonserpentine_network_case3_version3","3"
"Halictus_ligatus",1,0,0,0,0.51935886771854,0,"A_Quarry_Close_2023_summer_nonserpentine_network_case3_version3","3"
"Halictus_tripartitus",1,0,0,0,0.464489745495138,0,"A_Quarry_Close_2023_summer_nonserpentine_network_case3_version3","3"
"Heliothis_phloxiphaga",1,0,0,0,0.479152536778316,0,"A_Quarry_Close_2023_summer_nonserpentine_network_case3_version3","3"
"Heliothodes_diminutivus",1,0,0,0,0.516685633159562,0,"A_Quarry_Close_2023_summer_nonserpentine_network_case3_version3","3"
"Hemaris_thetis",1,0,0,0,0.535436512755899,0,"A_Quarry_Close_2023_summer_nonserpentine_network_case3_version3","3"
"Icaricia_acmon",1,0,0,0,0.481469888394452,0,"A_Quarry_Close_2023_summer_nonserpentine_network_case3_version3","3"
"Lasioglossum_incompletum",1,0,0,0,0.464414245548851,0,"A_Quarry_Close_2023_summer_nonserpentine_network_case3_version3","3"
"Lasioglossum_titusi",1,0,0,0,0.510224939538271,0,"A_Quarry_Close_2023_summer_nonserpentine_network_case3_version3","3"
"Megachile_apicalis",1,0,0,0,0.450558819715194,0,"A_Quarry_Close_2023_summer_nonserpentine_network_case3_version3","3"
"Melissodes_lupina",1,0,0,0,0.542082953263113,0,"A_Quarry_Close_2023_summer_nonserpentine_network_case3_version3","3"
"Melissodes_robustior",1,0,0,0,0.488195493136624,0,"A_Quarry_Close_2023_summer_nonserpentine_network_case3_version3","3"
"Nemognatha_scutellaris",1,0,0,0,0.501653147233489,0,"A_Quarry_Close_2023_summer_nonserpentine_network_case3_version3","3"
"Polistes_aurifer",1,0,0,0,0.484445553242436,0,"A_Quarry_Close_2023_summer_nonserpentine_network_case3_version3","3"
"Pterophoridae",1,0,0,0,0.47641334562861,0,"A_Quarry_Close_2023_summer_nonserpentine_network_case3_version3","3"
"Strymon_melinus",1,0,0,0,0.479099980056798,0,"A_Quarry_Close_2023_summer_nonserpentine_network_case3_version3","3"
"Thysanoptera",1,0,0,0,0.533364814605268,0,"A_Quarry_Close_2023_summer_nonserpentine_network_case3_version3","3"
"tiny_pale_green_Diptera",1,0,0,0,0.462439070740919,0,"A_Quarry_Close_2023_summer_nonserpentine_network_case3_version3","3"
"Vanessa_virginiensis",1,0,0,0,0.513461942627775,0,"A_Quarry_Close_2023_summer_nonserpentine_network_case3_version3","3"
"Villa_sp.",1,0,0,0,0.454869745022091,0,"A_Quarry_Close_2023_summer_nonserpentine_network_case3_version3","3"
"white_moth_Lepidoptera",1,0,0,0,0.49580458628284,0,"A_Quarry_Close_2023_summer_nonserpentine_network_case3_version3","3"
"Xylocopa_sp.",1,0,0,0,0.487681655696445,0,"A_Quarry_Close_2023_summer_nonserpentine_network_case3_version3","3"
"Agapostemon_subtilior",1,2.32279339539625e-05,0,1,2.3522006072206e-05,0,"A_Quarry_Close_2023_summer_serpentine_network_case3_version2","2"
"Anastrangalia_laetifca",0,1.33791843169069,0.00500015550079403,0,0.0267438837530689,0.00331038030281152,"A_Quarry_Close_2023_summer_serpentine_network_case3_version2","2"
"Apis_mellifera",0,1.26552901204391,0.00500015550079403,0,0.0252968790791682,0.00331038030281152,"A_Quarry_Close_2023_summer_serpentine_network_case3_version2","2"
"Bombus_vosnesenskii",0,1.19362836759141,0.00500015550079403,0,0.0238596446174765,0.00331038030281152,"A_Quarry_Close_2023_summer_serpentine_network_case3_version2","2"
"Bombus-melanopygus",0,1.30234326340879,0.00500015550079403,0,0.0260327655396262,0.00331038030281152,"A_Quarry_Close_2023_summer_serpentine_network_case3_version2","2"
"Braconidae",0,1.29510002479944,0.00500015550079403,0,0.0258879791857692,0.00331038030281152,"A_Quarry_Close_2023_summer_serpentine_network_case3_version2","2"
"brown_Syrphidae",0,1.28873472239014,0.00500015550079403,0,0.0257607420509682,0.00331038030281152,"A_Quarry_Close_2023_summer_serpentine_network_case3_version2","2"
"Calypte_anna",0,1.18669203031844,0.00500015550079403,0,0.0237209929676591,0.00331038030281152,"A_Quarry_Close_2023_summer_serpentine_network_case3_version2","2"
"Colias_eurytheme",0,1.09791586468753,0.00500015550079403,0,0.0219464307839519,0.00331038030281152,"A_Quarry_Close_2023_summer_serpentine_network_case3_version2","2"
"Danaus_plexippus",0,1.21238432948862,0.00500015550079403,0,0.0242345607951418,0.00331038030281152,"A_Quarry_Close_2023_summer_serpentine_network_case3_version2","2"
"Dianthidium_dubium",0,1.25116270901277,0.00500015550079403,0,0.0250097085543408,0.00331038030281152,"A_Quarry_Close_2023_summer_serpentine_network_case3_version2","2"
"Epicauta_puncticollis",0,1.25297340084281,0.00500015550079403,0,0.0250459027876802,0.00331038030281152,"A_Quarry_Close_2023_summer_serpentine_network_case3_version2","2"
"Eristalis_stipador",0,5.44599393728772,0.00500019549801974,0,6.17167285528747,0.0050134425860023,"A_Quarry_Close_2023_summer_serpentine_network_case3_version2","2"
"Erynnis_tristus",0,1.29011091088147,0.00500015550079403,0,0.0257882509215404,0.00331038030281152,"A_Quarry_Close_2023_summer_serpentine_network_case3_version2","2"
"Euodyneras_hidalgo",0,1.1874503297019,0.00500015550079403,0,0.023736150745756,0.00331038030281152,"A_Quarry_Close_2023_summer_serpentine_network_case3_version2","2"
"gray_Bombyliidae",0,1.18265601752262,0.00500015550079403,0,0.023640316407515,0.00331038030281152,"A_Quarry_Close_2023_summer_serpentine_network_case3_version2","2"
"Halictidae",0,5.17564981740448,0.00500019549801974,0,5.86530537029024,0.0050134425860023,"A_Quarry_Close_2023_summer_serpentine_network_case3_version2","2"
"Halictus_farinosus",0,1.17696753459781,0.00500015550079403,0,0.0235266083349047,0.00331038030281152,"A_Quarry_Close_2023_summer_serpentine_network_case3_version2","2"
"Halictus_ligatus",0,1.2644388480265,0.00500015550079403,0,0.0252750876013562,0.00331038030281152,"A_Quarry_Close_2023_summer_serpentine_network_case3_version2","2"
"Halictus_tripartitus",0,1.13085366442893,0.00500015550079403,0,0.0226048301801438,0.00331038030281152,"A_Quarry_Close_2023_summer_serpentine_network_case3_version2","2"
"Heliothis_phloxiphaga",0,1.16655191485151,0.00500015550079403,0,0.0233184087038014,0.00331038030281152,"A_Quarry_Close_2023_summer_serpentine_network_case3_version2","2"
"Heliothodes_diminutivus",0,1.2579305512823,0.00500015550079403,0,0.0251449921280978,0.00331038030281152,"A_Quarry_Close_2023_summer_serpentine_network_case3_version2","2"
"Hemaris_thetis",0,1.30358172250961,0.00500015550079403,0,0.0260575213132223,0.00331038030281152,"A_Quarry_Close_2023_summer_serpentine_network_case3_version2","2"
"Icaricia_acmon",0,1.1721937736706,0.00500015550079403,0,0.0234311847992048,0.00331038030281152,"A_Quarry_Close_2023_summer_serpentine_network_case3_version2","2"
"Lasioglossum_incompletum",0,1.13066985113591,0.00500015550079403,0,0.0226011559042007,0.00331038030281152,"A_Quarry_Close_2023_summer_serpentine_network_case3_version2","2"
"Lasioglossum_titusi",0,1.24220125020184,0.00500015550079403,0,0.0248305763987361,0.00331038030281152,"A_Quarry_Close_2023_summer_serpentine_network_case3_version2","2"
"Megachile_apicalis",0,1.09693722468284,0.00500015550079403,0,0.021926868579088,0.00331038030281152,"A_Quarry_Close_2023_summer_serpentine_network_case3_version2","2"
"Melissodes_lupina",0,1.3197632457316,0.00500015550079403,0,0.0263809765898276,0.00331038030281152,"A_Quarry_Close_2023_summer_serpentine_network_case3_version2","2"
"Melissodes_robustior",0,3.74943004025218,0.00500019348568124,0,0.372941675569299,0.00416191144440691,"A_Quarry_Close_2023_summer_serpentine_network_case3_version2","2"
"Nemognatha_scutellaris",0,0.863602288203677,0.00500015549641138,1,0,0.00165519015140576,"A_Quarry_Close_2023_summer_serpentine_network_case3_version2","2"
"Polistes_aurifer",0,3.72062982089534,0.00500019348567598,0,0.370077026280736,0.00416191144440691,"A_Quarry_Close_2023_summer_serpentine_network_case3_version2","2"
"Pterophoridae",0,3.65894100776644,0.00500019348567598,0,0.363941072537638,0.00416191144440691,"A_Quarry_Close_2023_summer_serpentine_network_case3_version2","2"
"Strymon_melinus",0,3.67957484805071,0.00500019348567598,0,0.365993442875591,0.00416191144440691,"A_Quarry_Close_2023_summer_serpentine_network_case3_version2","2"
"Thysanoptera",0,33.6012125514102,0.00500025267353215,0,49.8882747587811,0.00501672226747389,"A_Quarry_Close_2023_summer_serpentine_network_case3_version2","2"
"tiny_pale_green_Diptera",0,3.55161603907075,0.00500019348567598,0,0.353265862373162,0.00416191144440691,"A_Quarry_Close_2023_summer_serpentine_network_case3_version2","2"
"Vanessa_virginiensis",0,3.94348096062984,0.00500019348567598,0,0.392243189279536,0.00416191144440691,"A_Quarry_Close_2023_summer_serpentine_network_case3_version2","2"
"Villa_sp.",0,3.49348224296516,0.00500019348567598,0,0.347483512771227,0.00416191144440691,"A_Quarry_Close_2023_summer_serpentine_network_case3_version2","2"
"white_moth_Lepidoptera",0,16.2090236126962,0.00500024572293225,0,34.5249746985177,0.00503249049117895,"A_Quarry_Close_2023_summer_serpentine_network_case3_version2","2"
"Xylocopa_sp.",0,15.9434658148646,0.00500024572289661,0,33.9593406140083,0.00503249049117895,"A_Quarry_Close_2023_summer_serpentine_network_case3_version2","2"
"Agapostemon_subtilior",0,2.01739493339703,0.005000211305522,0,0.010588558024638,0.00285647144356984,"A_Quarry_Close_2024_summer_full_network_case3_version1","1"
"Anthrenus_sp.",0,8.35228555003096,0.00500022177890347,0,19.6461485763787,0.00512239477745316,"A_Quarry_Close_2024_summer_full_network_case3_version1","1"
"Apis_mellifera",0,1.93618132662321,0.005000211305522,0,0.0101622979037261,0.00285647144356984,"A_Quarry_Close_2024_summer_full_network_case3_version1","1"
"BF1_Diptera",0,3.85954222534888,0.00500021310759426,0,0.804717617044867,0.00459059144574169,"A_Quarry_Close_2024_summer_full_network_case3_version1","1"
"Bombus_californicus",0,4.07542235436712,0.00500021383619368,0,1.05971742357067,0.00482515538448675,"A_Quarry_Close_2024_summer_full_network_case3_version1","1"
"Bombus_sp.",0,22.6698790610801,0.0050002282585145,0,34.4556828011795,0.00501491284952871,"A_Quarry_Close_2024_summer_full_network_case3_version1","1"
"Bombus_vosnesenskii",0,3.42785670769336,0.00500021310759426,0,0.714710844038546,0.00459059144574169,"A_Quarry_Close_2024_summer_full_network_case3_version1","1"
"Calypte_anna",0,1.89099065721828,0.005000211305522,0,0.00992510883989981,0.00285647144356984,"A_Quarry_Close_2024_summer_full_network_case3_version1","1"
"Ceratina_punctigena",0,2.11602737235839,0.005000211305522,0,0.0111062431406971,0.00285647144356984,"A_Quarry_Close_2024_summer_full_network_case3_version1","1"
"Chrysochus_colbaltinus",0,2.12430543056443,0.005000211305522,0,0.0111496915769132,0.00285647144356984,"A_Quarry_Close_2024_summer_full_network_case3_version1","1"
"Colias_eurytheme",0,19.7478410473588,0.00500022807755424,0,30.6224031744002,0.00502987692504812,"A_Quarry_Close_2024_summer_full_network_case3_version1","1"
"Curculionidae",0,3.96486835933547,0.00500021310759426,0,0.826678199605008,0.00459059144574169,"A_Quarry_Close_2024_summer_full_network_case3_version1","1"
"Danaus_plexippus",0,3.80013749538992,0.00500021383619368,0,0.98813609102371,0.00482515538448675,"A_Quarry_Close_2024_summer_full_network_case3_version1","1"
"Dianthidium_dubium",0,1.8115286832095,0.005000211305522,0,0.00950804240219745,0.00285647144356984,"A_Quarry_Close_2024_summer_full_network_case3_version1","1"
"Epicauta_puncticollis",0,2.09749597426095,0.005000211305522,0,0.0110089786906767,0.00285647144356984,"A_Quarry_Close_2024_summer_full_network_case3_version1","1"
"Erynnis_propertius",0,3.71474250870624,0.00500021383619368,0,0.965931139331568,0.00482515538448675,"A_Quarry_Close_2024_summer_full_network_case3_version1","1"
"Erynnis_tristus",0,2.18669039199057,0.005000211305522,0,0.0114771270950862,0.00285647144356984,"A_Quarry_Close_2024_summer_full_network_case3_version1","1"
"Euodyneras_hidalgo",0,3.58622151071588,0.00500021310759426,0,0.747730031074088,0.00459059144574169,"A_Quarry_Close_2024_summer_full_network_case3_version1","1"
"Halictidae",0,2.0874191498261,0.005000211305522,0,0.0109560891850659,0.00285647144356984,"A_Quarry_Close_2024_summer_full_network_case3_version1","1"
"Halictus_farinosus",0,1.8619724148334,0.005000211305522,0,0.00977280284184796,0.00285647144356984,"A_Quarry_Close_2024_summer_full_network_case3_version1","1"
"Halictus_ligatus",0,3.97298582997652,0.00500021310759426,0,0.828370698553375,0.00459059144574169,"A_Quarry_Close_2024_summer_full_network_case3_version1","1"
"Halictus_tripartitus",0,3.55303878011394,0.00500021310759426,0,0.740811405361304,0.00459059144574169,"A_Quarry_Close_2024_summer_full_network_case3_version1","1"
"Icaricia_acmon",0,3.85615484913732,0.00500021383619368,0,1.00270208205199,0.00482515538448675,"A_Quarry_Close_2024_summer_full_network_case3_version1","1"
"Junonia_grisea",0,3.43489052486198,0.00500021310759426,0,0.716177400393293,0.00459059144574169,"A_Quarry_Close_2024_summer_full_network_case3_version1","1"
"Lasioglossum_incompletum",0,3.53643665914302,0.00500021310759426,0,0.737349850143203,0.00459059144574169,"A_Quarry_Close_2024_summer_full_network_case3_version1","1"
"Lasioglossum_titusi",0,2.15799486929089,0.005000211305522,0,0.011326514965334,0.00285647144356984,"A_Quarry_Close_2024_summer_full_network_case3_version1","1"
"Listrus_sp.",0,1.80494660154372,0.005000211305522,0,0.00947349549337846,0.00285647144356984,"A_Quarry_Close_2024_summer_full_network_case3_version1","1"
"Megachile_apicalis",0,2.03227101601924,0.005000211305522,0,0.0106666370730187,0.00285647144356984,"A_Quarry_Close_2024_summer_full_network_case3_version1","1"
"Melissodes_lupina",0,3.25311844937081,0.00500021327138181,0,0.109601676773993,0.00384081341402829,"A_Quarry_Close_2024_summer_full_network_case3_version1","1"
"Melissodes_robustior",0,6.43442116029821,0.00500022120591342,0,0.481458983708665,0.0039894331105115,"A_Quarry_Close_2024_summer_full_network_case3_version1","1"
"Nemognatha_scutellaris",0,16.1418192267479,0.00500022803538554,0,5.38743604689446,0.00463882156242628,"A_Quarry_Close_2024_summer_full_network_case3_version1","1"
"Nomada_obscurella",0,32.6821527386941,0.00500023639402494,0,45.3220402203585,0.00502250813985644,"A_Quarry_Close_2024_summer_full_network_case3_version1","1"
"Nomada_vegana",0,12.913667552532,0.00500022280740861,0,58.4202063343476,0.00510338602429296,"A_Quarry_Close_2024_summer_full_network_case3_version1","1"
"Ochlodes_sp.",0,3.76945395674639,0.00500021347491499,0,0.877675866805734,0.00470787341511422,"A_Quarry_Close_2024_summer_full_network_case3_version1","1"
"Phycoides_mytilla",0,3.07210759722409,0.00500021327138181,0,0.10350319218586,0.00384081341402829,"A_Quarry_Close_2024_summer_full_network_case3_version1","1"
"Polistes_aurifer",0,2.78137367102885,0.00500021327137822,0,0.0937079983755893,0.00384081341402829,"A_Quarry_Close_2024_summer_full_network_case3_version1","1"
"Polistes_dorsalis",0,2.71201562234061,0.00500021270020122,0,0.0820041224730068,0.00372353144465577,"A_Quarry_Close_2024_summer_full_network_case3_version1","1"
"Prionyx_sp.",0,43.8192489308739,0.00500023041478964,0,50.9016199938584,0.00498992264632373,"A_Quarry_Close_2024_summer_full_network_case3_version1","1"
"Sphex_ashmeadi",0,5.45745325765088,0.00500022002758655,0,0.591091606456461,0.00426800720183658,"A_Quarry_Close_2024_summer_full_network_case3_version1","1"
"Sphex_ichneumoneus",0,11.3865351581146,0.00500022269555042,0,3.4224686030835,0.00435441449738525,"A_Quarry_Close_2024_summer_full_network_case3_version1","1"
"Sphex_sp.",0,4.71928486626166,0.00500021908728134,0,0.588323406574875,0.00434865326281286,"A_Quarry_Close_2024_summer_full_network_case3_version1","1"
"Strymon_melinus",0,14.2111034886157,0.00500022761355933,0,10.3917643451098,0.00485747870683846,"A_Quarry_Close_2024_summer_full_network_case3_version1","1"
"Tetraopes_basalis",0,15.3486577079277,0.00500022751882757,0,3.10448466894643,0.00456976227601732,"A_Quarry_Close_2024_summer_full_network_case3_version1","1"
"Thysanoptera",0,15.2846192044448,0.00500022833634737,0,97.6848607506025,0.00506812513460146,"A_Quarry_Close_2024_summer_full_network_case3_version1","1"
"white_moth_Lepidoptera",0,9.48376304846476,0.00500022231806096,0,3.65499092871431,0.00460215873081913,"A_Quarry_Close_2024_summer_full_network_case3_version1","1"
"Xeromelecta_californica",0,15.9467028209995,0.00500022646413508,0,2.99962680973689,0.00436907479938221,"A_Quarry_Close_2024_summer_full_network_case3_version1","1"
"Xylocopa_tabiformis",0,15.7631354808975,0.00500022772704313,0,8.96988152217643,0.00487833051022822,"A_Quarry_Close_2024_summer_full_network_case3_version1","1"
"Agapostemon_subtilior",1,2.27679311668033e-05,0,1,2.25676249096371e-05,0,"A_Quarry_Close_2024_summer_nonserpentine_network_case3_version3","3"
"Anthrenus_sp.",1,0,0,0,0.503093062226238,0,"A_Quarry_Close_2024_summer_nonserpentine_network_case3_version3","3"
"Apis_mellifera",1,0,0,0,0.485096836385828,0,"A_Quarry_Close_2024_summer_nonserpentine_network_case3_version3","3"
"BF1_Diptera",1,0,0,0,0.522529136609532,0,"A_Quarry_Close_2024_summer_nonserpentine_network_case3_version3","3"
"Bombus_californicus",1,0,0,0,0.547198996412195,0,"A_Quarry_Close_2024_summer_nonserpentine_network_case3_version3","3"
"Bombus_sp.",1,0,0,0,0.473532699757969,0,"A_Quarry_Close_2024_summer_nonserpentine_network_case3_version3","3"
"Bombus_vosnesenskii",1,0,0,0,0.464084832190575,0,"A_Quarry_Close_2024_summer_nonserpentine_network_case3_version3","3"
"Calypte_anna",1,0,0,0,0.473774627001851,0,"A_Quarry_Close_2024_summer_nonserpentine_network_case3_version3","3"
"Ceratina_punctigena",1,0,0,0,0.530156020112408,0,"A_Quarry_Close_2024_summer_nonserpentine_network_case3_version3","3"
"Chrysochus_colbaltinus",1,0,0,0,0.532230029246877,0,"A_Quarry_Close_2024_summer_nonserpentine_network_case3_version3","3"
"Colias_eurytheme",1,0,0,0,0.490101552261087,0,"A_Quarry_Close_2024_summer_nonserpentine_network_case3_version3","3"
"Curculionidae",1,0,0,0,0.536788852087589,0,"A_Quarry_Close_2024_summer_nonserpentine_network_case3_version3","3"
"Danaus_plexippus",1,0,0,0,0.510237036114669,0,"A_Quarry_Close_2024_summer_nonserpentine_network_case3_version3","3"
"Dianthidium_dubium",1,0,0,0,0.453865979241145,0,"A_Quarry_Close_2024_summer_nonserpentine_network_case3_version3","3"
"Epicauta_puncticollis",1,0,0,0,0.525513105921221,0,"A_Quarry_Close_2024_summer_nonserpentine_network_case3_version3","3"
"Erynnis_propertius",1,0,0,0,0.498771217953773,0,"A_Quarry_Close_2024_summer_nonserpentine_network_case3_version3","3"
"Erynnis_tristus",1,0,0,0,0.547860149060311,0,"A_Quarry_Close_2024_summer_nonserpentine_network_case3_version3","3"
"Euodyneras_hidalgo",1,0,0,0,0.485525256644713,0,"A_Quarry_Close_2024_summer_nonserpentine_network_case3_version3","3"
"Halictidae",1,0,0,0,0.52298842769721,0,"A_Quarry_Close_2024_summer_nonserpentine_network_case3_version3","3"
"Halictus_farinosus",1,0,0,0,0.466504307005789,0,"A_Quarry_Close_2024_summer_nonserpentine_network_case3_version3","3"
"Halictus_ligatus",1,0,0,0,0.537887846300326,0,"A_Quarry_Close_2024_summer_nonserpentine_network_case3_version3","3"
"Halictus_tripartitus",1,0,0,0,0.481032769582715,0,"A_Quarry_Close_2024_summer_nonserpentine_network_case3_version3","3"
"Icaricia_acmon",1,0,0,0,0.517758376695103,0,"A_Quarry_Close_2024_summer_nonserpentine_network_case3_version3","3"
"Junonia_grisea",1,0,0,0,0.465037114599271,0,"A_Quarry_Close_2024_summer_nonserpentine_network_case3_version3","3"
"Lasioglossum_incompletum",1,0,0,0,0.478785069952153,0,"A_Quarry_Close_2024_summer_nonserpentine_network_case3_version3","3"
"Lasioglossum_titusi",1,0,0,0,0.540670685838289,0,"A_Quarry_Close_2024_summer_nonserpentine_network_case3_version3","3"
"Listrus_sp.",1,0,0,0,0.452216884122331,0,"A_Quarry_Close_2024_summer_nonserpentine_network_case3_version3","3"
"Megachile_apicalis",1,0,0,0,0.509171444018917,0,"A_Quarry_Close_2024_summer_nonserpentine_network_case3_version3","3"
"Melissodes_lupina",1,0,0,0,0.544459625936327,0,"A_Quarry_Close_2024_summer_nonserpentine_network_case3_version3","3"
"Melissodes_robustior",1,0,0,0,0.532933111853401,0,"A_Quarry_Close_2024_summer_nonserpentine_network_case3_version3","3"
"Nemognatha_scutellaris",1,0,0,0,0.506810920106625,0,"A_Quarry_Close_2024_summer_nonserpentine_network_case3_version3","3"
"Nomada_obscurella",1,0,0,0,0.471134232041023,0,"A_Quarry_Close_2024_summer_nonserpentine_network_case3_version3","3"
"Nomada_vegana",1,0,0,0,0.453037913471012,0,"A_Quarry_Close_2024_summer_nonserpentine_network_case3_version3","3"
"Ochlodes_sp.",1,0,0,0,0.50821170730433,0,"A_Quarry_Close_2024_summer_nonserpentine_network_case3_version3","3"
"Phycoides_mytilla",1,0,0,0,0.51416466388114,0,"A_Quarry_Close_2024_summer_nonserpentine_network_case3_version3","3"
"Polistes_aurifer",1,0,0,0,0.465505850322314,0,"A_Quarry_Close_2024_summer_nonserpentine_network_case3_version3","3"
"Polistes_dorsalis",1,0,0,0,0.45682636713927,0,"A_Quarry_Close_2024_summer_nonserpentine_network_case3_version3","3"
"Prionyx_sp.",1,0,0,0,0.480752509707004,0,"A_Quarry_Close_2024_summer_nonserpentine_network_case3_version3","3"
"Sphex_ashmeadi",1,0,0,0,0.507430645617391,0,"A_Quarry_Close_2024_summer_nonserpentine_network_case3_version3","3"
"Sphex_ichneumoneus",1,0,0,0,0.486860891495301,0,"A_Quarry_Close_2024_summer_nonserpentine_network_case3_version3","3"
"Sphex_sp.",1,0,0,0,0.471003361521756,0,"A_Quarry_Close_2024_summer_nonserpentine_network_case3_version3","3"
"Strymon_melinus",1,0,0,0,0.453497096152742,0,"A_Quarry_Close_2024_summer_nonserpentine_network_case3_version3","3"
"Tetraopes_basalis",1,0,0,0,0.525695039134331,0,"A_Quarry_Close_2024_summer_nonserpentine_network_case3_version3","3"
"Thysanoptera",1,0,0,0,0.456522730694396,0,"A_Quarry_Close_2024_summer_nonserpentine_network_case3_version3","3"
"white_moth_Lepidoptera",1,0,0,0,0.477534780710719,0,"A_Quarry_Close_2024_summer_nonserpentine_network_case3_version3","3"
"Xeromelecta_californica",1,0,0,0,0.527059405053528,0,"A_Quarry_Close_2024_summer_nonserpentine_network_case3_version3","3"
"Xylocopa_tabiformis",1,0,0,0,0.487420734640872,0,"A_Quarry_Close_2024_summer_nonserpentine_network_case3_version3","3"
"Agapostemon_subtilior",1,2.28233469810126e-05,0,1,2.28700526582668e-05,0,"A_Quarry_Close_2024_summer_serpentine_network_case3_version2","2"
"Anthrenus_sp.",1,0,0,0,0.503093062226238,0,"A_Quarry_Close_2024_summer_serpentine_network_case3_version2","2"
"Apis_mellifera",1,0,0,0,0.485096836385828,0,"A_Quarry_Close_2024_summer_serpentine_network_case3_version2","2"
"BF1_Diptera",1,0,0,0,0.522529136609532,0,"A_Quarry_Close_2024_summer_serpentine_network_case3_version2","2"
"Bombus_californicus",0,1.97411630275744,0.00500018681869458,0,0.0930471495499741,0.00419241097941621,"A_Quarry_Close_2024_summer_serpentine_network_case3_version2","2"
"Bombus_sp.",0,1.70835222399281,0.00500018681869458,0,0.0805207396576041,0.00419241097941621,"A_Quarry_Close_2024_summer_serpentine_network_case3_version2","2"
"Bombus_vosnesenskii",0,9.74156883765769,0.00500022067092862,0,25.7807536529675,0.00510518964908956,"A_Quarry_Close_2024_summer_serpentine_network_case3_version2","2"
"Calypte_anna",0,1.70922501893553,0.00500018681869458,0,0.0805618775997003,0.00419241097941621,"A_Quarry_Close_2024_summer_serpentine_network_case3_version2","2"
"Ceratina_punctigena",0,2.92514697699936,0.00500019998299171,0,0.273364060964467,0.00418291525687083,"A_Quarry_Close_2024_summer_serpentine_network_case3_version2","2"
"Chrysochus_colbaltinus",0,20.3264128926174,0.00500022513139948,0,27.01564928905,0.00501987731395039,"A_Quarry_Close_2024_summer_serpentine_network_case3_version2","2"
"Colias_eurytheme",0,2.70414560928305,0.00500019998299171,0,0.252710797437795,0.00418291525687083,"A_Quarry_Close_2024_summer_serpentine_network_case3_version2","2"
"Curculionidae",0,1.9365598822298,0.00500018681869458,0,0.0912769813623332,0.00419241097941621,"A_Quarry_Close_2024_summer_serpentine_network_case3_version2","2"
"Danaus_plexippus",0,1.8407695516051,0.00500018681869458,0,0.0867620410796337,0.00419241097941621,"A_Quarry_Close_2024_summer_serpentine_network_case3_version2","2"
"Dianthidium_dubium",0,1.63740108216532,0.00500018681869458,0,0.0771765590273281,0.00419241097941621,"A_Quarry_Close_2024_summer_serpentine_network_case3_version2","2"
"Epicauta_puncticollis",0,19.9151377918253,0.00500022464364638,0,30.0825869500499,0.00502848808037188,"A_Quarry_Close_2024_summer_serpentine_network_case3_version2","2"
"Erynnis_propertius",0,2.75198067184655,0.00500019998299171,0,0.257181132456763,0.00418291525687083,"A_Quarry_Close_2024_summer_serpentine_network_case3_version2","2"
"Erynnis_tristus",0,3.02282988033535,0.00500019998299171,0,0.282492831365564,0.00418291525687083,"A_Quarry_Close_2024_summer_serpentine_network_case3_version2","2"
"Euodyneras_hidalgo",0,1.75161747521603,0.00500018681869458,0,0.0825599854198773,0.00419241097941621,"A_Quarry_Close_2024_summer_serpentine_network_case3_version2","2"
"Halictidae",0,1.88677243204012,0.00500018681869458,0,0.0889303210791769,0.00419241097941621,"A_Quarry_Close_2024_summer_serpentine_network_case3_version2","2"
"Halictus_farinosus",0,1.68299606505159,0.00500018681869458,0,0.0793256133592713,0.00419241097941621,"A_Quarry_Close_2024_summer_serpentine_network_case3_version2","2"
"Halictus_ligatus",0,1.94052469650063,0.00500018681869458,0,0.0914638572145205,0.00419241097941621,"A_Quarry_Close_2024_summer_serpentine_network_case3_version2","2"
"Halictus_tripartitus",0,1.73541004061814,0.00500018681869458,0,0.0817960711615852,0.00419241097941621,"A_Quarry_Close_2024_summer_serpentine_network_case3_version2","2"
"Icaricia_acmon",0,2.85674271903755,0.00500019998299171,0,0.266971470812172,0.00418291525687083,"A_Quarry_Close_2024_summer_serpentine_network_case3_version2","2"
"Junonia_grisea",0,1.67770291125435,0.00500018681869458,0,0.0790761281223215,0.00419241097941621,"A_Quarry_Close_2024_summer_serpentine_network_case3_version2","2"
"Lasioglossum_incompletum",0,1.72730107019302,0.00500018681869458,0,0.0814138664329128,0.00419241097941621,"A_Quarry_Close_2024_summer_serpentine_network_case3_version2","2"
"Lasioglossum_titusi",0,2.98316186600197,0.00500019998299171,0,0.27878573234679,0.00418291525687083,"A_Quarry_Close_2024_summer_serpentine_network_case3_version2","2"
"Listrus_sp.",0,2.49511615706027,0.00500019998299171,0,0.233176346564426,0.00418291525687083,"A_Quarry_Close_2024_summer_serpentine_network_case3_version2","2"
"Megachile_apicalis",0,2.80936413762007,0.00500019998299171,0,0.262543795382364,0.00418291525687083,"A_Quarry_Close_2024_summer_serpentine_network_case3_version2","2"
"Melissodes_lupina",0,3.00406742260351,0.00500019998299171,0,0.280739421473908,0.00418291525687083,"A_Quarry_Close_2024_summer_serpentine_network_case3_version2","2"
"Melissodes_robustior",0,1.92264962340765,0.00500018681869458,0,0.0906213412011367,0.00419241097941621,"A_Quarry_Close_2024_summer_serpentine_network_case3_version2","2"
"Nemognatha_scutellaris",0,1.82840923752424,0.00500018681869458,0,0.0861794553461244,0.00419241097941621,"A_Quarry_Close_2024_summer_serpentine_network_case3_version2","2"
"Nomada_obscurella",0,1.69969933122604,0.00500018681869458,0,0.08011289793037,0.00419241097941621,"A_Quarry_Close_2024_summer_serpentine_network_case3_version2","2"
"Nomada_vegana",0,6.82279117484436,0.00500021969775794,0,1.39207224718611,0.00464880031425289,"A_Quarry_Close_2024_summer_serpentine_network_case3_version2","2"
"Ochlodes_sp.",0,14.526717522985,0.00500022524022988,0,2.28449693041524,0.00462932745733755,"A_Quarry_Close_2024_summer_serpentine_network_case3_version2","2"
"Phycoides_mytilla",0,1.31160287015638,0.0050001868174902,0,0.0014283523534783,0.00209620548970811,"A_Quarry_Close_2024_summer_serpentine_network_case3_version2","2"
"Polistes_aurifer",0,13.5538117854053,0.00500022211480686,0,51.0448233689829,0.00509944770674253,"A_Quarry_Close_2024_summer_serpentine_network_case3_version2","2"
"Polistes_dorsalis",0,6.87984562250279,0.00500021969775794,0,1.40371321821448,0.00464880031425289,"A_Quarry_Close_2024_summer_serpentine_network_case3_version2","2"
"Prionyx_sp.",0,2.24100426070928,0.00500019603986786,0,0.142350043423292,0.00418766311814352,"A_Quarry_Close_2024_summer_serpentine_network_case3_version2","2"
"Sphex_ashmeadi",0,52.248364336095,0.00500022882289129,0,59.0408871489157,0.00499352597720431,"A_Quarry_Close_2024_summer_serpentine_network_case3_version2","2"
"Sphex_ichneumoneus",0,6.18431285001232,0.00500021845701043,0,0.825137504560238,0.00449350529512553,"A_Quarry_Close_2024_summer_serpentine_network_case3_version2","2"
"Sphex_sp.",0,11.2401944798139,0.00500022184524593,0,5.97709846018103,0.00479710213096709,"A_Quarry_Close_2024_summer_serpentine_network_case3_version2","2"
"Strymon_melinus",0,13.1205534673857,0.00500022418561342,0,5.8362632396858,0.00483649150570701,"A_Quarry_Close_2024_summer_serpentine_network_case3_version2","2"
"Tetraopes_basalis",0,45.2564050651332,0.00500022833118532,0,91.3966718325554,0.00505267803909599,"A_Quarry_Close_2024_summer_serpentine_network_case3_version2","2"
"Thysanoptera",0,13.5250260393337,0.00500022442258175,0,7.26838406475195,0.00484808316103413,"A_Quarry_Close_2024_summer_serpentine_network_case3_version2","2"
"white_moth_Lepidoptera",0,11.0690012653898,0.00500022160450242,0,8.76547863259966,0.00487412401049771,"A_Quarry_Close_2024_summer_serpentine_network_case3_version2","2"
"Xeromelecta_californica",0,20.7240574048104,0.00500022613810181,0,6.39514542675473,0.00459400033139202,"A_Quarry_Close_2024_summer_serpentine_network_case3_version2","2"
"Xylocopa_tabiformis",0,15.3663081626209,0.00500022463059321,0,9.78557989993406,0.00488244199161738,"A_Quarry_Close_2024_summer_serpentine_network_case3_version2","2"
"Apis_mellifera",0,3.6883700247835,0.0050001882374082,0,0.0303450273763633,0.00313888188281065,"A_Quarry_Far_2022_summer_full_network_case3_version1","1"
"Bombus_vosnesenskii",0,13.6531700866968,0.00500018893833108,0,28.7826942853074,0.00502989341347857,"A_Quarry_Far_2022_summer_full_network_case3_version1","1"
"Bombylius_major",0,4.1484209275987,0.0050001882374082,0,0.0341299668340408,0.00313888188281065,"A_Quarry_Far_2022_summer_full_network_case3_version1","1"
"Dianthidium_dubium",0,3.59355983003391,0.0050001882374082,0,0.0295650031605067,0.00313888188281065,"A_Quarry_Far_2022_summer_full_network_case3_version1","1"
"Eristalis_sp.",0,6.33625118719461,0.00500019016809379,0,0.552439959272027,0.00426308711334311,"A_Quarry_Far_2022_summer_full_network_case3_version1","1"
"Eristalis_stipador",0,20.2213461567486,0.00500019150664435,0,24.1240965457857,0.0049975178691649,"A_Quarry_Far_2022_summer_full_network_case3_version1","1"
"Eristalis_tenax",0,9.61800152943395,0.00500018876848579,0,6.43883578428344,0.00492364000182499,"A_Quarry_Far_2022_summer_full_network_case3_version1","1"
"Eupeodes_fumipennis",0,6.31320210229924,0.00500019016809379,0,0.550430374221224,0.00426308711334311,"A_Quarry_Far_2022_summer_full_network_case3_version1","1"
"gray_Bombyliidae",0,9.46736625990328,0.00500018876848579,0,6.33799198718806,0.00492364000182499,"A_Quarry_Far_2022_summer_full_network_case3_version1","1"
"Halictidae",0,3.65344960682697,0.0050001882374082,0,0.0300577294558713,0.00313888188281065,"A_Quarry_Far_2022_summer_full_network_case3_version1","1"
"Halictus_ligatus",0,3.87214682226138,0.0050001882374082,0,0.0318569993103794,0.00313888188281065,"A_Quarry_Far_2022_summer_full_network_case3_version1","1"
"Halictus_tripartitus",0,4.00605189261099,0.0050001882374082,0,0.0329586656125665,0.00313888188281065,"A_Quarry_Far_2022_summer_full_network_case3_version1","1"
"Heliothodes_diminutivus",0,7.09570731822389,0.00500019016809379,0,0.61865480832852,0.00426308711334311,"A_Quarry_Far_2022_summer_full_network_case3_version1","1"
"Icaricia_acmon",0,16.8220732424468,0.00500019124388507,0,35.6830400888416,0.00505956432032703,"A_Quarry_Far_2022_summer_full_network_case3_version1","1"
"Junonia_grisea",0,11.7002126972238,0.00500018932374774,0,3.22537282418236,0.00447121891273599,"A_Quarry_Far_2022_summer_full_network_case3_version1","1"
"Lasioglossum_incompletum",0,8.00361268507199,0.00500018869600325,0,0.491522204720959,0.00403126094231782,"A_Quarry_Far_2022_summer_full_network_case3_version1","1"
"Megachile_apicalis",0,10.0750696614813,0.00500018888370735,0,0.969756104441918,0.00408438764814461,"A_Quarry_Far_2022_summer_full_network_case3_version1","1"
"Melissodes_lupina",0,9.11168495934775,0.00500018913225687,0,0.825817180895294,0.00414395413654411,"A_Quarry_Far_2022_summer_full_network_case3_version1","1"
"Mordellidae",0,15.3899390577028,0.00500019073122104,0,16.2758915214932,0.00502138697505645,"A_Quarry_Far_2022_summer_full_network_case3_version1","1"
"stripe_fly_Diptera",0,14.5773945811765,0.00500019115552928,0,9.39756729054297,0.00479407191799906,"A_Quarry_Far_2022_summer_full_network_case3_version1","1"
"Strymon_melinus",0,10.313068866151,0.00500018915689157,0,3.81656460950338,0.00462202594243232,"A_Quarry_Far_2022_summer_full_network_case3_version1","1"
"Villa_sp.",0,9.71687580399556,0.00500018928600675,0,2.43746569998663,0.00453229123516002,"A_Quarry_Far_2022_summer_full_network_case3_version1","1"
"Xylocopa_sp.",0,8.67854286553266,0.00500018917761557,0,97.6970074990924,0.00507865999676791,"A_Quarry_Far_2022_summer_full_network_case3_version1","1"
"Apis_mellifera",1,2.1119634228705e-05,0,1,2.07258336953574e-05,0,"A_Quarry_Far_2022_summer_nonserpentine_network_case3_version3","3"
"Bombus_vosnesenskii",1,0,0,0,0.500227472861403,0,"A_Quarry_Far_2022_summer_nonserpentine_network_case3_version3","3"
"Bombylius_major",1,0,0,0,0.523136381606169,0,"A_Quarry_Far_2022_summer_nonserpentine_network_case3_version3","3"
"Dianthidium_dubium",1,0,0,0,0.453165654886125,0,"A_Quarry_Far_2022_summer_nonserpentine_network_case3_version3","3"
"Eristalis_sp.",1,0,0,0,0.455161671110038,0,"A_Quarry_Far_2022_summer_nonserpentine_network_case3_version3","3"
"Eristalis_stipador",1,0,0,0,0.502206346416942,0,"A_Quarry_Far_2022_summer_nonserpentine_network_case3_version3","3"
"Eristalis_tenax",1,0,0,0,0.482064229544282,0,"A_Quarry_Far_2022_summer_nonserpentine_network_case3_version3","3"
"Eupeodes_fumipennis",1,0,0,0,0.45350595074869,0,"A_Quarry_Far_2022_summer_nonserpentine_network_case3_version3","3"
"gray_Bombyliidae",1,0,0,0,0.474514233239235,0,"A_Quarry_Far_2022_summer_nonserpentine_network_case3_version3","3"
"Halictidae",1,0,0,0,0.460718051814809,0,"A_Quarry_Far_2022_summer_nonserpentine_network_case3_version3","3"
"Halictus_ligatus",1,0,0,0,0.488296851487037,0,"A_Quarry_Far_2022_summer_nonserpentine_network_case3_version3","3"
"Halictus_tripartitus",1,0,0,0,0.505182942634068,0,"A_Quarry_Far_2022_summer_nonserpentine_network_case3_version3","3"
"Heliothodes_diminutivus",1,0,0,0,0.509716850779819,0,"A_Quarry_Far_2022_summer_nonserpentine_network_case3_version3","3"
"Icaricia_acmon",1,0,0,0,0.511111056414019,0,"A_Quarry_Far_2022_summer_nonserpentine_network_case3_version3","3"
"Junonia_grisea",1,0,0,0,0.543525150415267,0,"A_Quarry_Far_2022_summer_nonserpentine_network_case3_version3","3"
"Lasioglossum_incompletum",1,0,0,0,0.527203029383534,0,"A_Quarry_Far_2022_summer_nonserpentine_network_case3_version3","3"
"Megachile_apicalis",1,0,0,0,0.501314849057847,0,"A_Quarry_Far_2022_summer_nonserpentine_network_case3_version3","3"
"Melissodes_lupina",1,0,0,0,0.498668115236176,0,"A_Quarry_Far_2022_summer_nonserpentine_network_case3_version3","3"
"Mordellidae",1,0,0,0,0.515012774413923,0,"A_Quarry_Far_2022_summer_nonserpentine_network_case3_version3","3"
"stripe_fly_Diptera",1,0,0,0,0.519699574806588,0,"A_Quarry_Far_2022_summer_nonserpentine_network_case3_version3","3"
"Strymon_melinus",1,0,0,0,0.490753774317332,0,"A_Quarry_Far_2022_summer_nonserpentine_network_case3_version3","3"
"Villa_sp.",1,0,0,0,0.498684951406291,0,"A_Quarry_Far_2022_summer_nonserpentine_network_case3_version3","3"
"Xylocopa_sp.",1,0,0,0,0.49797828553616,0,"A_Quarry_Far_2022_summer_nonserpentine_network_case3_version3","3"
"Apis_mellifera",0,3.37166475388345,0.00500015728588892,0,0.243247762404451,0.00432977123499533,"A_Quarry_Far_2022_summer_serpentine_network_case3_version2","2"
"Bombus_vosnesenskii",0,15.6394143833231,0.00500015423446675,0,31.9264107446637,0.00502618932524751,"A_Quarry_Far_2022_summer_serpentine_network_case3_version2","2"
"Bombylius_major",0,3.79221296412078,0.00500015728588892,0,0.273588089420337,0.00432977123499533,"A_Quarry_Far_2022_summer_serpentine_network_case3_version2","2"
"Dianthidium_dubium",0,3.28499552334091,0.00500015728588892,0,0.236995036242309,0.00432977123499533,"A_Quarry_Far_2022_summer_serpentine_network_case3_version2","2"
"Eristalis_sp.",0,6.05436301545116,0.00500015611253037,0,4.20719110143159,0.00501717536653708,"A_Quarry_Far_2022_summer_serpentine_network_case3_version2","2"
"Eristalis_stipador",0,18.3774080410657,0.00500015721231015,0,25.4956377698145,0.00499851951980835,"A_Quarry_Far_2022_summer_serpentine_network_case3_version2","2"
"Eristalis_tenax",0,3.49448114367077,0.00500015728588892,0,0.252108314736965,0.00432977123499533,"A_Quarry_Far_2022_summer_serpentine_network_case3_version2","2"
"Eupeodes_fumipennis",0,8.11936919626453,0.00500015348921608,0,15.9808060495906,0.00503465814669464,"A_Quarry_Far_2022_summer_serpentine_network_case3_version2","2"
"gray_Bombyliidae",0,6.31178239754108,0.00500015611253037,0,4.38607243575268,0.00501717536653708,"A_Quarry_Far_2022_summer_serpentine_network_case3_version2","2"
"Halictidae",0,8.24849145206812,0.00500015348921608,0,16.2349486644471,0.00503465814669464,"A_Quarry_Far_2022_summer_serpentine_network_case3_version2","2"
"Halictus_ligatus",0,3.53966138784211,0.00500015728588892,0,0.255367830206225,0.00432977123499533,"A_Quarry_Far_2022_summer_serpentine_network_case3_version2","2"
"Halictus_tripartitus",0,3.66206857682636,0.00500015728588892,0,0.264198860848038,0.00432977123499533,"A_Quarry_Far_2022_summer_serpentine_network_case3_version2","2"
"Heliothodes_diminutivus",0,3.69493485380607,0.00500015728588892,0,0.266569988739166,0.00432977123499533,"A_Quarry_Far_2022_summer_serpentine_network_case3_version2","2"
"Icaricia_acmon",0,6.79857745672847,0.00500015611253037,0,4.72434746764103,0.00501717536653708,"A_Quarry_Far_2022_summer_serpentine_network_case3_version2","2"
"Junonia_grisea",0,18.4278720901202,0.00500015605091848,0,41.1885509465333,0.00505070886504457,"A_Quarry_Far_2022_summer_serpentine_network_case3_version2","2"
"Lasioglossum_incompletum",0,14.514470238355,0.00500015708361099,0,11.4209275056251,0.00500784744317271,"A_Quarry_Far_2022_summer_serpentine_network_case3_version2","2"
"Megachile_apicalis",0,6.84690014862306,0.00500015402446747,0,2.1518161431217,0.00468221469084499,"A_Quarry_Far_2022_summer_serpentine_network_case3_version2","2"
"Melissodes_lupina",0,6.81075136398476,0.00500015402434559,0,2.14045544914145,0.00468221469084499,"A_Quarry_Far_2022_summer_serpentine_network_case3_version2","2"
"Mordellidae",0,11.6871196788121,0.00500015439031951,0,2.97519343559843,0.00467798028012142,"A_Quarry_Far_2022_summer_serpentine_network_case3_version2","2"
"stripe_fly_Diptera",0,7.03682055439783,0.00500015469632638,0,2.88067289197045,0.00479386824940902,"A_Quarry_Far_2022_summer_serpentine_network_case3_version2","2"
"Strymon_melinus",0,9.84320078511735,0.00500015464277871,0,3.31598008600742,0.00479104530892664,"A_Quarry_Far_2022_summer_serpentine_network_case3_version2","2"
"Villa_sp.",0,14.3265288143169,0.00500015605537233,0,18.7411871885707,0.00503953103220874,"A_Quarry_Far_2022_summer_serpentine_network_case3_version2","2"
"Xylocopa_sp.",0,5.83919822372767,0.00500015471000418,0,0.147597401166779,0.00359540118705676,"A_Quarry_Far_2022_summer_serpentine_network_case3_version2","2"
"Agapostemon_subtilior",0,1.97290538030288,0.00500014070958797,0,0.0359906720797801,0.00340653013970737,"A_Quarry_Far_2023_summer_full_network_case3_version1","1"
"Anthrenus_sp.",0,1.80323770961232,0.00500014070958797,0,0.0328955142701848,0.00340653013970737,"A_Quarry_Far_2023_summer_full_network_case3_version1","1"
"Apis_mellifera",0,5.8846712501932,0.00500015022205072,0,4.13492103006127,0.00497556640791311,"A_Quarry_Far_2023_summer_full_network_case3_version1","1"
"Ashmeadiella_aridula_astragali",0,12.6162083925677,0.00500015210497063,0,14.198382864866,0.00497247539371928,"A_Quarry_Far_2023_summer_full_network_case3_version1","1"
"BF1_Diptera",0,1.94508293912098,0.00500014070958797,0,0.0354831219616133,0.00340653013970737,"A_Quarry_Far_2023_summer_full_network_case3_version1","1"
"Bombus_sp.",0,4.28932832724376,0.00500014604581338,0,4.10202640428216,0.00502825222383178,"A_Quarry_Far_2023_summer_full_network_case3_version1","1"
"Bombus_vosnesenskii",0,1.94632937078093,0.00500014070958797,0,0.0355058599548823,0.00340653013970737,"A_Quarry_Far_2023_summer_full_network_case3_version1","1"
"Brachysomida_californica",0,1.95464943896548,0.00500014070958797,0,0.0356576385730958,0.00340653013970737,"A_Quarry_Far_2023_summer_full_network_case3_version1","1"
"Braconidae",0,5.87113795683631,0.00500015022205072,0,4.12541173109613,0.00497556640791311,"A_Quarry_Far_2023_summer_full_network_case3_version1","1"
"Calliphoridae",0,4.49495491009688,0.00500014604581338,0,4.29867390065364,0.00502825222383178,"A_Quarry_Far_2023_summer_full_network_case3_version1","1"
"Ceratina_punctigena",0,2.01004436156343,0.00500014070958797,0,0.0366681789211429,0.00340653013970737,"A_Quarry_Far_2023_summer_full_network_case3_version1","1"
"Dianthidium_dubium",0,1.85787137223519,0.00500014070958797,0,0.0338921673551973,0.00340653013970737,"A_Quarry_Far_2023_summer_full_network_case3_version1","1"
"Dianthidium-mimic_Syprhid",0,1.90030570723077,0.00500014070958797,0,0.0346662745406239,0.00340653013970737,"A_Quarry_Far_2023_summer_full_network_case3_version1","1"
"Epicauta_puncticollis",0,4.06937130828872,0.00500014604581338,0,3.89167423937468,0.00502825222383178,"A_Quarry_Far_2023_summer_full_network_case3_version1","1"
"Eristalis_stipador",0,2.07311645942978,0.00500014070958797,0,0.0378187699338762,0.00340653013970737,"A_Quarry_Far_2023_summer_full_network_case3_version1","1"
"Erynnis_tristus",0,3.94583649924743,0.00500014604581338,0,3.77353381935772,0.00502825222383178,"A_Quarry_Far_2023_summer_full_network_case3_version1","1"
"Euodyneras_hidalgo",0,1.79792994391506,0.00500014070958797,0,0.0327986874982614,0.00340653013970737,"A_Quarry_Far_2023_summer_full_network_case3_version1","1"
"Halictidae",0,2.03314418551141,0.00500014070958797,0,0.0370895768237111,0.00340653013970737,"A_Quarry_Far_2023_summer_full_network_case3_version1","1"
"Halictus_ligatus",0,2.00194446014597,0.00500014070958797,0,0.0365204166941288,0.00340653013970737,"A_Quarry_Far_2023_summer_full_network_case3_version1","1"
"Halictus_tripartitus",0,1.82817347698718,0.00500014070958797,0,0.0333504043181155,0.00340653013970737,"A_Quarry_Far_2023_summer_full_network_case3_version1","1"
"Heliothis_phloxiphaga",0,2.07996006695044,0.00500014070958797,0,0.0379436142495137,0.00340653013970737,"A_Quarry_Far_2023_summer_full_network_case3_version1","1"
"Heliothodes_diminutivus",0,1.75869742717668,0.00500014070958797,0,0.032082989392101,0.00340653013970737,"A_Quarry_Far_2023_summer_full_network_case3_version1","1"
"Icaricia_acmon",0,1.79097618400672,0.00500014070958797,0,0.0326718337249006,0.00340653013970737,"A_Quarry_Far_2023_summer_full_network_case3_version1","1"
"Lasioglossum_incompletum",0,3.04415059853919,0.00500014508871712,0,0.351790371850808,0.00421739118176957,"A_Quarry_Far_2023_summer_full_network_case3_version1","1"
"Lasioglossum_titusi",0,3.15648114255042,0.00500014508871712,0,0.364771596965219,0.00421739118176957,"A_Quarry_Far_2023_summer_full_network_case3_version1","1"
"Listrus_sp_1",0,3.42835916934445,0.00500014508871712,0,0.396190565478773,0.00421739118176957,"A_Quarry_Far_2023_summer_full_network_case3_version1","1"
"Megachile_apicalis",0,4.90610384944953,0.00500014940752459,0,0.41502110228799,0.00419104827381024,"A_Quarry_Far_2023_summer_full_network_case3_version1","1"
"Melissodes_lupina",0,6.37148792782188,0.00500014943965508,0,0.712668121048899,0.00421623139693643,"A_Quarry_Far_2023_summer_full_network_case3_version1","1"
"Melissodes_robustior",0,3.29933990078382,0.005000145088573,0,0.38128074590298,0.00421739118176957,"A_Quarry_Far_2023_summer_full_network_case3_version1","1"
"Muscidae",0,4.3923390021658,0.00500014846102953,0,0.83112180532594,0.00447011625715075,"A_Quarry_Far_2023_summer_full_network_case3_version1","1"
"Nemognatha_scutellaris",0,4.68945360455019,0.00500014963427273,0,71.9008174407114,0.00503975614336926,"A_Quarry_Far_2023_summer_full_network_case3_version1","1"
"Polistes_aurifer",0,5.34628596158794,0.0050001488102551,0,1.18536386754349,0.00448690500590155,"A_Quarry_Far_2023_summer_full_network_case3_version1","1"
"Prionyx_sp.",0,7.93089845357359,0.00500015116797771,0,1.72835305665858,0.00446831272919738,"A_Quarry_Far_2023_summer_full_network_case3_version1","1"
"Pterophoridae",0,5.26998235177291,0.0050001488101236,0,1.16844604048541,0.00448690500590155,"A_Quarry_Far_2023_summer_full_network_case3_version1","1"
"Sphaerophoria_sp.",0,6.44378063343531,0.005000149710942,0,1.32953102256741,0.00446934306726199,"A_Quarry_Far_2023_summer_full_network_case3_version1","1"
"Sphex_ashmeadi",0,5.67241205523101,0.00500014923673704,0,1.67244316806173,0.00460907035640444,"A_Quarry_Far_2023_summer_full_network_case3_version1","1"
"Strymon_melinus",0,8.63176280981,0.00500015101909368,0,2.48511092511868,0.00459512614887632,"A_Quarry_Far_2023_summer_full_network_case3_version1","1"
"Thysanoptera",0,8.13956488117324,0.00500015101935367,0,2.34340563521194,0.00459512614887632,"A_Quarry_Far_2023_summer_full_network_case3_version1","1"
"Villa_sp.",0,13.5624020413831,0.00500015266921768,0,37.6619164689507,0.00505770290177697,"A_Quarry_Far_2023_summer_full_network_case3_version1","1"
"white_moth_Lepidoptera",0,12.6988446106144,0.0050001526147634,0,28.382382991566,0.00507164710930509,"A_Quarry_Far_2023_summer_full_network_case3_version1","1"
"Xylocopa-mimic_Diptera",0,13.4289957081235,0.00500015241012961,0,31.955470784287,0.00506188601543841,"A_Quarry_Far_2023_summer_full_network_case3_version1","1"
"Agapostemon_subtilior",1,2.30306269365336e-05,0,1,2.26540060489486e-05,0,"A_Quarry_Far_2023_summer_nonserpentine_network_case3_version3","3"
"Anthrenus_sp.",1,0,0,0,0.463709341601333,0,"A_Quarry_Far_2023_summer_nonserpentine_network_case3_version3","3"
"Apis_mellifera",1,0,0,0,0.462904293608342,0,"A_Quarry_Far_2023_summer_nonserpentine_network_case3_version3","3"
"Ashmeadiella_aridula_astragali",1,0,0,0,0.532462675395637,0,"A_Quarry_Far_2023_summer_nonserpentine_network_case3_version3","3"
"BF1_Diptera",1,0,0,0,0.500185374473308,0,"A_Quarry_Far_2023_summer_nonserpentine_network_case3_version3","3"
"Bombus_sp.",1,0,0,0,0.515588772886241,0,"A_Quarry_Far_2023_summer_nonserpentine_network_case3_version3","3"
"Bombus_vosnesenskii",1,0,0,0,0.500505899056097,0,"A_Quarry_Far_2023_summer_nonserpentine_network_case3_version3","3"
"Brachysomida_californica",1,0,0,0,0.502645435814115,0,"A_Quarry_Far_2023_summer_nonserpentine_network_case3_version3","3"
"Braconidae",1,0,0,0,0.461839727830067,0,"A_Quarry_Far_2023_summer_nonserpentine_network_case3_version3","3"
"Calliphoridae",1,0,0,0,0.540305639938594,0,"A_Quarry_Far_2023_summer_nonserpentine_network_case3_version3","3"
"Ceratina_punctigena",1,0,0,0,0.516890447943886,0,"A_Quarry_Far_2023_summer_nonserpentine_network_case3_version3","3"
"Dianthidium_dubium",1,0,0,0,0.477758592892326,0,"A_Quarry_Far_2023_summer_nonserpentine_network_case3_version3","3"
"Dianthidium-mimic_Syprhid",1,0,0,0,0.488670741319037,0,"A_Quarry_Far_2023_summer_nonserpentine_network_case3_version3","3"
"Epicauta_puncticollis",1,0,0,0,0.489149349061376,0,"A_Quarry_Far_2023_summer_nonserpentine_network_case3_version3","3"
"Eristalis_stipador",1,0,0,0,0.533109674548316,0,"A_Quarry_Far_2023_summer_nonserpentine_network_case3_version3","3"
"Erynnis_tristus",1,0,0,0,0.474300133541366,0,"A_Quarry_Far_2023_summer_nonserpentine_network_case3_version3","3"
"Euodyneras_hidalgo",1,0,0,0,0.462344429740843,0,"A_Quarry_Far_2023_summer_nonserpentine_network_case3_version3","3"
"Halictidae",1,0,0,0,0.522830654342114,0,"A_Quarry_Far_2023_summer_nonserpentine_network_case3_version3","3"
"Halictus_ligatus",1,0,0,0,0.514807527915019,0,"A_Quarry_Far_2023_summer_nonserpentine_network_case3_version3","3"
"Halictus_tripartitus",1,0,0,0,0.470121667729747,0,"A_Quarry_Far_2023_summer_nonserpentine_network_case3_version3","3"
"Heliothis_phloxiphaga",1,0,0,0,0.534869533863323,0,"A_Quarry_Far_2023_summer_nonserpentine_network_case3_version3","3"
"Heliothodes_diminutivus",1,0,0,0,0.452255640878461,0,"A_Quarry_Far_2023_summer_nonserpentine_network_case3_version3","3"
"Icaricia_acmon",1,0,0,0,0.460556244296281,0,"A_Quarry_Far_2023_summer_nonserpentine_network_case3_version3","3"
"Lasioglossum_incompletum",1,0,0,0,0.468797887591085,0,"A_Quarry_Far_2023_summer_nonserpentine_network_case3_version3","3"
"Lasioglossum_titusi",1,0,0,0,0.486096743371383,0,"A_Quarry_Far_2023_summer_nonserpentine_network_case3_version3","3"
"Listrus_sp_1",1,0,0,0,0.52796584282907,0,"A_Quarry_Far_2023_summer_nonserpentine_network_case3_version3","3"
"Megachile_apicalis",1,0,0,0,0.521920428179167,0,"A_Quarry_Far_2023_summer_nonserpentine_network_case3_version3","3"
"Melissodes_lupina",1,0,0,0,0.516636407266667,0,"A_Quarry_Far_2023_summer_nonserpentine_network_case3_version3","3"
"Melissodes_robustior",1,0,0,0,0.508096930877351,0,"A_Quarry_Far_2023_summer_nonserpentine_network_case3_version3","3"
"Muscidae",1,0,0,0,0.485117255633286,0,"A_Quarry_Far_2023_summer_nonserpentine_network_case3_version3","3"
"Nemognatha_scutellaris",1,0,0,0,0.465715428635345,0,"A_Quarry_Far_2023_summer_nonserpentine_network_case3_version3","3"
"Polistes_aurifer",1,0,0,0,0.479209074251917,0,"A_Quarry_Far_2023_summer_nonserpentine_network_case3_version3","3"
"Prionyx_sp.",1,0,0,0,0.466910951964981,0,"A_Quarry_Far_2023_summer_nonserpentine_network_case3_version3","3"
"Pterophoridae",1,0,0,0,0.472369675441817,0,"A_Quarry_Far_2023_summer_nonserpentine_network_case3_version3","3"
"Sphaerophoria_sp.",1,0,0,0,0.517135150622174,0,"A_Quarry_Far_2023_summer_nonserpentine_network_case3_version3","3"
"Sphex_ashmeadi",1,0,0,0,0.490476506874187,0,"A_Quarry_Far_2023_summer_nonserpentine_network_case3_version3","3"
"Strymon_melinus",1,0,0,0,0.5386510344635,0,"A_Quarry_Far_2023_summer_nonserpentine_network_case3_version3","3"
"Thysanoptera",1,0,0,0,0.507936228047095,0,"A_Quarry_Far_2023_summer_nonserpentine_network_case3_version3","3"
"Villa_sp.",1,0,0,0,0.484184787531469,0,"A_Quarry_Far_2023_summer_nonserpentine_network_case3_version3","3"
"white_moth_Lepidoptera",1,0,0,0,0.493724041405937,0,"A_Quarry_Far_2023_summer_nonserpentine_network_case3_version3","3"
"Xylocopa-mimic_Diptera",1,0,0,0,0.519963909578493,0,"A_Quarry_Far_2023_summer_nonserpentine_network_case3_version3","3"
"Agapostemon_subtilior",0,1.87464817917349,0.00500011477508769,0,0.308889201412812,0.00459294209929787,"A_Quarry_Far_2023_summer_serpentine_network_case3_version2","2"
"Anthrenus_sp.",0,1.71343051854269,0.00500011477508769,0,0.282325073287617,0.00459294209929787,"A_Quarry_Far_2023_summer_serpentine_network_case3_version2","2"
"Apis_mellifera",0,6.50293725779903,0.00500012272472105,0,6.56365768539028,0.00491491647975022,"A_Quarry_Far_2023_summer_serpentine_network_case3_version2","2"
"Ashmeadiella_aridula_astragali",0,10.1042239503399,0.00500012495988929,0,8.2464164958874,0.004826706370355,"A_Quarry_Far_2023_summer_serpentine_network_case3_version2","2"
"BF1_Diptera",0,1.8482113888144,0.00500011477508769,0,0.304533162989909,0.00459294209929787,"A_Quarry_Far_2023_summer_serpentine_network_case3_version2","2"
"Bombus_sp.",0,3.97944884152468,0.00500011754166835,0,3.14235304297587,0.00492300514755559,"A_Quarry_Far_2023_summer_serpentine_network_case3_version2","2"
"Bombus_vosnesenskii",0,1.84939574330236,0.00500011477508769,0,0.30472831137017,0.00459294209929787,"A_Quarry_Far_2023_summer_serpentine_network_case3_version2","2"
"Brachysomida_californica",0,1.85730144423164,0.00500011477508769,0,0.306030948209929,0.00459294209929787,"A_Quarry_Far_2023_summer_serpentine_network_case3_version2","2"
"Braconidae",0,6.48798210497061,0.00500012272472105,0,6.5485628906452,0.00491491647975022,"A_Quarry_Far_2023_summer_serpentine_network_case3_version2","2"
"Calliphoridae",0,4.17022007888596,0.00500011754166835,0,3.29299465209373,0.00492300514755559,"A_Quarry_Far_2023_summer_serpentine_network_case3_version2","2"
"Ceratina_punctigena",0,1.90993751858232,0.00500011477508769,0,0.314703889929169,0.00459294209929787,"A_Quarry_Far_2023_summer_serpentine_network_case3_version2","2"
"Dianthidium_dubium",0,1.76534324416638,0.00500011477508769,0,0.290878827859936,0.00459294209929787,"A_Quarry_Far_2023_summer_serpentine_network_case3_version2","2"
"Dianthidium-mimic_Syprhid",0,1.80566420945602,0.00500011477508769,0,0.297522586843579,0.00459294209929787,"A_Quarry_Far_2023_summer_serpentine_network_case3_version2","2"
"Epicauta_puncticollis",0,1.80743269118444,0.00500011477508769,0,0.297813982670214,0.00459294209929787,"A_Quarry_Far_2023_summer_serpentine_network_case3_version2","2"
"Eristalis_stipador",0,4.1146797377294,0.00500011754166835,0,3.24913748350427,0.00492300514755559,"A_Quarry_Far_2023_summer_serpentine_network_case3_version2","2"
"Erynnis_tristus",0,1.75256405400511,0.00500011477508769,0,0.288773177396724,0.00459294209929787,"A_Quarry_Far_2023_summer_serpentine_network_case3_version2","2"
"Euodyneras_hidalgo",0,3.56849509167997,0.00500011754166835,0,2.81784534910508,0.00492300514755559,"A_Quarry_Far_2023_summer_serpentine_network_case3_version2","2"
"Halictidae",0,1.93188689402155,0.00500011477508769,0,0.31832052875025,0.00459294209929787,"A_Quarry_Far_2023_summer_serpentine_network_case3_version2","2"
"Halictus_ligatus",0,1.90224101856735,0.00500011477508769,0,0.313435723649281,0.00459294209929787,"A_Quarry_Far_2023_summer_serpentine_network_case3_version2","2"
"Halictus_tripartitus",0,1.7371244025174,0.00500011477508769,0,0.286229157768288,0.00459294209929787,"A_Quarry_Far_2023_summer_serpentine_network_case3_version2","2"
"Heliothis_phloxiphaga",0,1.97637118942879,0.00500011477508769,0,0.325650287366829,0.00459294209929787,"A_Quarry_Far_2023_summer_serpentine_network_case3_version2","2"
"Heliothodes_diminutivus",0,1.67110848957984,0.00500011477508769,0,0.275351595279689,0.00459294209929787,"A_Quarry_Far_2023_summer_serpentine_network_case3_version2","2"
"Icaricia_acmon",0,1.70177965819156,0.00500011477508769,0,0.280405339637396,0.00459294209929787,"A_Quarry_Far_2023_summer_serpentine_network_case3_version2","2"
"Lasioglossum_incompletum",0,1.73223296486957,0.00500011477508769,0,0.285423186677356,0.00459294209929787,"A_Quarry_Far_2023_summer_serpentine_network_case3_version2","2"
"Lasioglossum_titusi",0,1.27003381595663,0.00500011473235438,0,0.00255460039813816,0.00229647104964893,"A_Quarry_Far_2023_summer_serpentine_network_case3_version2","2"
"Listrus_sp_1",0,3.19462040100843,0.00500011702530553,0,1.01698971286036,0.00475797362342673,"A_Quarry_Far_2023_summer_serpentine_network_case3_version2","2"
"Megachile_apicalis",0,3.15804075234348,0.00500011702530553,0,1.00534478431635,0.00475797362342673,"A_Quarry_Far_2023_summer_serpentine_network_case3_version2","2"
"Melissodes_lupina",0,3.12606815210538,0.00500011702530553,0,0.995166484013036,0.00475797362342673,"A_Quarry_Far_2023_summer_serpentine_network_case3_version2","2"
"Melissodes_robustior",0,3.07439741204652,0.00500011702530553,0,0.978717390254894,0.00475797362342673,"A_Quarry_Far_2023_summer_serpentine_network_case3_version2","2"
"Muscidae",0,6.63176024372627,0.00500012458765435,0,1.48951182035493,0.00470982423482644,"A_Quarry_Far_2023_summer_serpentine_network_case3_version2","2"
"Nemognatha_scutellaris",0,4.78352479878473,0.00500012220908607,0,1.36823848511922,0.00475392928952404,"A_Quarry_Far_2023_summer_serpentine_network_case3_version2","2"
"Polistes_aurifer",0,2.89960251303435,0.0050001170262228,0,0.923072402221583,0.00475797362342673,"A_Quarry_Far_2023_summer_serpentine_network_case3_version2","2"
"Prionyx_sp.",0,2.82518892666926,0.00500011702530553,0,0.899383248769138,0.00475797362342673,"A_Quarry_Far_2023_summer_serpentine_network_case3_version2","2"
"Pterophoridae",0,4.85187287803508,0.00500012220908607,0,1.38778818436903,0.00475392928952404,"A_Quarry_Far_2023_summer_serpentine_network_case3_version2","2"
"Sphaerophoria_sp.",0,4.91117244868719,0.00500012118201471,0,1.9376811247333,0.00481028790886789,"A_Quarry_Far_2023_summer_serpentine_network_case3_version2","2"
"Sphex_ashmeadi",0,6.76734280854129,0.00500012394474084,0,2.50782256853433,0.0047781883164677,"A_Quarry_Far_2023_summer_serpentine_network_case3_version2","2"
"Strymon_melinus",0,5.1155062991056,0.00500012118197762,0,2.01830013105152,0.00481028790886789,"A_Quarry_Far_2023_summer_serpentine_network_case3_version2","2"
"Thysanoptera",0,7.00824306379874,0.00500012394250998,0,2.59709469905434,0.0047781883164677,"A_Quarry_Far_2023_summer_serpentine_network_case3_version2","2"
"Villa_sp.",0,12.9954329235801,0.00500012548694472,0,41.2585291330163,0.00508252138006167,"A_Quarry_Far_2023_summer_serpentine_network_case3_version2","2"
"white_moth_Lepidoptera",0,12.931000975277,0.00500012551281398,0,34.064289788595,0.00508454354701301,"A_Quarry_Far_2023_summer_serpentine_network_case3_version2","2"
"Xylocopa-mimic_Diptera",0,13.2082555282966,0.00500012537679661,0,35.0914332776844,0.00510659607436182,"A_Quarry_Far_2023_summer_serpentine_network_case3_version2","2"
"Apis_mellifera",0,5.3192352324551,0.00500020489080856,0,4.57703482249901,0.00499946494865087,"A_Quarry_Far_2024_summer_full_network_case3_version1","1"
"Bombus_vosnesenskii",0,4.6398756615616,0.00500020489080856,0,3.99246725351738,0.00499946494865087,"A_Quarry_Far_2024_summer_full_network_case3_version1","1"
"Epicauta_puncticollis",0,4.69263347295999,0.00500020489080856,0,4.03786369285368,0.00499946494865087,"A_Quarry_Far_2024_summer_full_network_case3_version1","1"
"Geron_sp.",1,2.337213791028e-05,0.215629499254576,0,16.8119613464631,0.00500127034050161,"A_Quarry_Far_2024_summer_full_network_case3_version1","1"
"Halictus_ligatus",0,4.61066065013341,0.00500020489080856,0,3.96732865310813,0.00499946494865087,"A_Quarry_Far_2024_summer_full_network_case3_version1","1"
"Junonia_grisea",1,0,0.215629499254576,0,0.459099033665424,0.00500127034050161,"A_Quarry_Far_2024_summer_full_network_case3_version1","1"
"Lasioglossum_incompletum",0,4.75420613446161,0.00500020489080856,0,4.09084503379234,0.00499946494865087,"A_Quarry_Far_2024_summer_full_network_case3_version1","1"
"Lasioglossum_titusi",0,3.17049949231638,0.00500020596510082,0,7.48432452887155,0.00500036764457624,"A_Quarry_Far_2024_summer_full_network_case3_version1","1"
"Megachile_apicalis",0,3.46008564891995,0.00500020596510079,0,8.16792557548315,0.00500036764457624,"A_Quarry_Far_2024_summer_full_network_case3_version1","1"
"Prionyx_sp.",0,3.18731073808162,0.00500020596510081,0,7.52400938600972,0.00500036764457624,"A_Quarry_Far_2024_summer_full_network_case3_version1","1"
"Apis_mellifera",1,2.38759784127329e-05,0,1,2.42977713723212e-05,0,"A_Quarry_Far_2024_summer_nonserpentine_network_case3_version3","3"
"Bombus_vosnesenskii",1,0,0,0,0.465976752255101,0,"A_Quarry_Far_2024_summer_nonserpentine_network_case3_version3","3"
"Epicauta_puncticollis",1,0,0,0,0.471275151484308,0,"A_Quarry_Far_2024_summer_nonserpentine_network_case3_version3","3"
"Geron_sp.",1,0,0,0,0.521470996770761,0,"A_Quarry_Far_2024_summer_nonserpentine_network_case3_version3","3"
"Halictus_ligatus",1,0,0,0,0.463042726187521,0,"A_Quarry_Far_2024_summer_nonserpentine_network_case3_version3","3"
"Junonia_grisea",1,0,0,0,0.459099033665424,0,"A_Quarry_Far_2024_summer_nonserpentine_network_case3_version3","3"
"Lasioglossum_incompletum",1,0,0,0,0.477458814777182,0,"A_Quarry_Far_2024_summer_nonserpentine_network_case3_version3","3"
"Lasioglossum_titusi",1,0,0,0,0.450299960095575,0,"A_Quarry_Far_2024_summer_nonserpentine_network_case3_version3","3"
"Megachile_apicalis",1,0,0,0,0.491429326330046,0,"A_Quarry_Far_2024_summer_nonserpentine_network_case3_version3","3"
"Prionyx_sp.",1,0,0,0,0.452687629080698,0,"A_Quarry_Far_2024_summer_nonserpentine_network_case3_version3","3"
"Apis_mellifera",1,2.40730023362981e-05,0,1,2.40730023362978e-05,0,"A_Quarry_Far_2024_summer_serpentine_network_case3_version2","2"
"Bombus_vosnesenskii",1,0,0,0,0.465976752255101,0,"A_Quarry_Far_2024_summer_serpentine_network_case3_version2","2"
"Epicauta_puncticollis",0,4.21081733882188,0.00500123968438295,0,4.21081733882187,0.00500123968438293,"A_Quarry_Far_2024_summer_serpentine_network_case3_version2","2"
"Geron_sp.",0,4.65931443248783,0.00500123968438295,0,4.65931443248783,0.00500123968438293,"A_Quarry_Far_2024_summer_serpentine_network_case3_version2","2"
"Halictus_ligatus",0,4.13726107587494,0.00500123968438295,0,4.13726107587494,0.00500123968438293,"A_Quarry_Far_2024_summer_serpentine_network_case3_version2","2"
"Junonia_grisea",0,4.10202440181703,0.00500123968438295,0,4.10202440181703,0.00500123968438293,"A_Quarry_Far_2024_summer_serpentine_network_case3_version2","2"
"Lasioglossum_incompletum",0,4.26606802779627,0.00500123968438295,0,4.26606802779627,0.00500123968438293,"A_Quarry_Far_2024_summer_serpentine_network_case3_version2","2"
"Lasioglossum_titusi",0,4.02340516749978,0.00500123968438295,0,4.02340516749979,0.00500123968438293,"A_Quarry_Far_2024_summer_serpentine_network_case3_version2","2"
"Megachile_apicalis",0,4.39089377322214,0.00500123968438295,0,4.39089377322214,0.00500123968438293,"A_Quarry_Far_2024_summer_serpentine_network_case3_version2","2"
"Prionyx_sp.",0,4.04473885721654,0.00500123968438295,0,4.04473885721654,0.00500123968438293,"A_Quarry_Far_2024_summer_serpentine_network_case3_version2","2"
"Apis_mellifera",0,3.47957380436905,0.00500015897779426,0,0.249204465637115,0.00448598098578271,"A_Randy_2022_summer_full_network_case3_version1","1"
"Ashmeadiella_aridula_astragali",0,3.59833629188702,0.00500015897779426,0,0.257710145878343,0.00448598098578271,"A_Randy_2022_summer_full_network_case3_version1","1"
"Autographa_californica",0,3.4045343172966,0.00500015897779426,0,0.243830193881586,0.00448598098578271,"A_Randy_2022_summer_full_network_case3_version1","1"
"Bombus_crotchii",0,11.5256775783334,0.0050001365354167,0,19.8943069269742,0.00505432336477415,"A_Randy_2022_summer_full_network_case3_version1","1"
"Bombus_vosnesenskii",0,3.92931018820233,0.00500015897779426,0,0.281414248103943,0.00448598098578271,"A_Randy_2022_summer_full_network_case3_version1","1"
"Braconidae",0,18.7570967175716,0.00500012912992019,0,17.6436644250505,0.00498669631514498,"A_Randy_2022_summer_full_network_case3_version1","1"
"Ceratina_punctigena",0,3.70865736904947,0.00500015897779426,0,0.265611258720802,0.00448598098578271,"A_Randy_2022_summer_full_network_case3_version1","1"
"Colias_eurytheme",0,18.1782385602492,0.00500012695748825,0,19.7321202036273,0.00500381404066463,"A_Randy_2022_summer_full_network_case3_version1","1"
"Danaus_plexippus",0,5.43171430073997,0.00500015725328786,0,1.22490230073254,0.00459213531684685,"A_Randy_2022_summer_full_network_case3_version1","1"
"Dianthidium_dubium",0,5.21854495498818,0.00500015725328786,0,1.17683062281054,0.00459213531684685,"A_Randy_2022_summer_full_network_case3_version1","1"
"Eristalis_stipador",0,33.675170473113,0.00500011674376898,0,33.6760814054245,0.00500028165490175,"A_Randy_2022_summer_full_network_case3_version1","1"
"Geron_sp.",0,5.64600613768337,0.00500015725328786,0,1.27322711156143,0.00459213531684685,"A_Randy_2022_summer_full_network_case3_version1","1"
"gray_Bombyliidae",0,3.59242410776912,0.00500015897779426,0,0.257286719734298,0.00448598098578271,"A_Randy_2022_summer_full_network_case3_version1","1"
"Halictus_ligatus",0,3.77740812605152,0.00500015897779426,0,0.270535136373202,0.00448598098578271,"A_Randy_2022_summer_full_network_case3_version1","1"
"Halictus_tripartitus",0,8.69139028053086,0.00500013827903469,0,2.23423200339557,0.00477015217527843,"A_Randy_2022_summer_full_network_case3_version1","1"
"Heliothodes_diminutivus",0,10.0636187904935,0.00500014197082511,0,2.99597882846525,0.00473677924394093,"A_Randy_2022_summer_full_network_case3_version1","1"
"Icaricia_acmon",0,9.96896997134694,0.00500014285545367,0,6.10813496973278,0.004789856409473,"A_Randy_2022_summer_full_network_case3_version1","1"
"Lasioglossum_incompletum",0,20.2880407365266,0.00500012787070624,0,20.369158957866,0.00499525517790481,"A_Randy_2022_summer_full_network_case3_version1","1"
"Megachile_apicalis",0,4.2763690102749,0.00500015781606293,0,0.526185031560173,0.00453905815131478,"A_Randy_2022_summer_full_network_case3_version1","1"
"Melissodes_lupina",0,16.343015726716,0.00500013172800502,0,20.3441345218888,0.00502050983995956,"A_Randy_2022_summer_full_network_case3_version1","1"
"Melissodes_robustior",0,4.48607405516151,0.00500015781580445,0,0.551988149615922,0.00453905815131478,"A_Randy_2022_summer_full_network_case3_version1","1"
"Muscidae",0,4.17071712548993,0.00500015781606293,0,0.513185115260559,0.00453905815131478,"A_Randy_2022_summer_full_network_case3_version1","1"
"orange_Syrphidae",0,12.0072855350327,0.00500013889609335,0,3.1683118506903,0.00465093355472426,"A_Randy_2022_summer_full_network_case3_version1","1"
"Osmia_nemoris",0,9.43009444635826,0.0050001426594176,0,1.17827170669816,0.00449687087208183,"A_Randy_2022_summer_full_network_case3_version1","1"
"Panurginus_sp.",0,21.435331136622,0.00500013408902115,0,16.3901534997758,0.0048033820914161,"A_Randy_2022_summer_full_network_case3_version1","1"
"Sphex_ichneumoneus",0,10.3538730719823,0.00500014074758396,0,3.05978443223996,0.00462868493383259,"A_Randy_2022_summer_full_network_case3_version1","1"
"Strymon_melinus",0,12.4258422977424,0.00500013954886919,0,5.69969250258783,0.00473509454156798,"A_Randy_2022_summer_full_network_case3_version1","1"
"Xeromelecta_californica",0,15.6165606335129,0.0050001355610918,0,132.937721675833,0.00509150929123529,"A_Randy_2022_summer_full_network_case3_version1","1"
"Apis_mellifera",1,2.16952357330666e-05,0,1,2.13126295808416e-05,0,"A_Randy_2022_summer_nonserpentine_network_case3_version3","3"
"Ashmeadiella_aridula_astragali",1,0,0,0,0.49426236937021,0,"A_Randy_2022_summer_nonserpentine_network_case3_version3","3"
"Autographa_californica",1,0,0,0,0.4676420051221,0,"A_Randy_2022_summer_nonserpentine_network_case3_version3","3"
"Bombus_crotchii",1,0,0,0,0.459180087134792,0,"A_Randy_2022_summer_nonserpentine_network_case3_version3","3"
"Bombus_vosnesenskii",1,0,0,0,0.539724474442063,0,"A_Randy_2022_summer_nonserpentine_network_case3_version3","3"
"Braconidae",1,0,0,0,0.549241947754865,0,"A_Randy_2022_summer_nonserpentine_network_case3_version3","3"
"Ceratina_punctigena",1,0,0,0,0.509415916008603,0,"A_Randy_2022_summer_nonserpentine_network_case3_version3","3"
"Colias_eurytheme",1,0,0,0,0.453300356587069,0,"A_Randy_2022_summer_nonserpentine_network_case3_version3","3"
"Danaus_plexippus",1,0,0,0,0.519093158873307,0,"A_Randy_2022_summer_nonserpentine_network_case3_version3","3"
"Dianthidium_dubium",1,0,0,0,0.498721183672883,0,"A_Randy_2022_summer_nonserpentine_network_case3_version3","3"
"Eristalis_stipador",1,0,0,0,0.5069339901474,0,"A_Randy_2022_summer_nonserpentine_network_case3_version3","3"
"Geron_sp.",1,0,0,0,0.539572407346951,0,"A_Randy_2022_summer_nonserpentine_network_case3_version3","3"
"gray_Bombyliidae",1,0,0,0,0.493450280206022,0,"A_Randy_2022_summer_nonserpentine_network_case3_version3","3"
"Halictus_ligatus",1,0,0,0,0.518859422611473,0,"A_Randy_2022_summer_nonserpentine_network_case3_version3","3"
"Halictus_tripartitus",1,0,0,0,0.470315831024347,0,"A_Randy_2022_summer_nonserpentine_network_case3_version3","3"
"Heliothodes_diminutivus",1,0,0,0,0.498172026196575,0,"A_Randy_2022_summer_nonserpentine_network_case3_version3","3"
"Icaricia_acmon",1,0,0,0,0.477244285832739,0,"A_Randy_2022_summer_nonserpentine_network_case3_version3","3"
"Lasioglossum_incompletum",1,0,0,0,0.544711990838271,0,"A_Randy_2022_summer_nonserpentine_network_case3_version3","3"
"Megachile_apicalis",1,0,0,0,0.474430018814481,0,"A_Randy_2022_summer_nonserpentine_network_case3_version3","3"
"Melissodes_lupina",1,0,0,0,0.54532621498002,0,"A_Randy_2022_summer_nonserpentine_network_case3_version3","3"
"Melissodes_robustior",1,0,0,0,0.497695169200979,0,"A_Randy_2022_summer_nonserpentine_network_case3_version3","3"
"Muscidae",1,0,0,0,0.462708760850462,0,"A_Randy_2022_summer_nonserpentine_network_case3_version3","3"
"orange_Syrphidae",1,0,0,0,0.546143613707341,0,"A_Randy_2022_summer_nonserpentine_network_case3_version3","3"
"Osmia_nemoris",1,0,0,0,0.535715579281429,0,"A_Randy_2022_summer_nonserpentine_network_case3_version3","3"
"Panurginus_sp.",1,0,0,0,0.471740982971034,0,"A_Randy_2022_summer_nonserpentine_network_case3_version3","3"
"Sphex_ichneumoneus",1,0,0,0,0.450700794160692,0,"A_Randy_2022_summer_nonserpentine_network_case3_version3","3"
"Strymon_melinus",1,0,0,0,0.528247458757017,0,"A_Randy_2022_summer_nonserpentine_network_case3_version3","3"
"Xeromelecta_californica",1,0,0,0,0.455039329177253,0,"A_Randy_2022_summer_nonserpentine_network_case3_version3","3"
"Apis_mellifera",0,3.44784402255725,0.00500021499652435,0,0.143181027656601,0.00416054020868121,"A_Randy_2022_summer_serpentine_network_case3_version2","2"
"Ashmeadiella_aridula_astragali",0,3.56552353078875,0.00500021499652435,0,0.148067986823291,0.00416054020868121,"A_Randy_2022_summer_serpentine_network_case3_version2","2"
"Autographa_californica",0,3.37348881203246,0.00500021499652435,0,0.140093226883666,0.00416054020868121,"A_Randy_2022_summer_serpentine_network_case3_version2","2"
"Bombus_crotchii",0,9.41514372361311,0.00500022186160159,0,18.1459191789392,0.00506157477031626,"A_Randy_2022_summer_serpentine_network_case3_version2","2"
"Bombus_vosnesenskii",0,3.89347931996187,0.00500021499652435,0,0.161687236014926,0.00416054020868121,"A_Randy_2022_summer_serpentine_network_case3_version2","2"
"Braconidae",0,17.7411903639793,0.00500022423286518,0,16.3005378732,0.00498510726883372,"A_Randy_2022_summer_serpentine_network_case3_version2","2"
"Ceratina_punctigena",0,3.67483860427028,0.00500021499652435,0,0.15260759024632,0.00416054020868121,"A_Randy_2022_summer_serpentine_network_case3_version2","2"
"Colias_eurytheme",0,19.1495387148563,0.00500022456675318,0,21.7713165441496,0.00500390052898946,"A_Randy_2022_summer_serpentine_network_case3_version2","2"
"Danaus_plexippus",0,5.32615725499428,0.00500021481560349,0,0.965746546770954,0.00447040145328982,"A_Randy_2022_summer_serpentine_network_case3_version2","2"
"Dianthidium_dubium",0,5.11713052889795,0.00500021481560349,0,0.927845518115784,0.00447040145328982,"A_Randy_2022_summer_serpentine_network_case3_version2","2"
"Eristalis_stipador",1,2.28846442654442e-05,7.91453993115538e-13,1,2.30092468943067e-05,0,"A_Randy_2022_summer_serpentine_network_case3_version2","2"
"Geron_sp.",0,5.5362846588186,0.00500021481560349,0,1.00384715194909,0.00447040145328982,"A_Randy_2022_summer_serpentine_network_case3_version2","2"
"gray_Bombyliidae",0,3.55966525974906,0.00500021499652435,0,0.147824706300172,0.00416054020868121,"A_Randy_2022_summer_serpentine_network_case3_version2","2"
"Halictus_ligatus",0,3.74296243307428,0.00500021499652435,0,0.155436616079512,0.00416054020868121,"A_Randy_2022_summer_serpentine_network_case3_version2","2"
"Halictus_tripartitus",0,7.22860369116974,0.00500022110474065,0,1.61800580080433,0.00461105748949873,"A_Randy_2022_summer_serpentine_network_case3_version2","2"
"Heliothodes_diminutivus",0,8.61577023398475,0.00500022007334831,0,1.29754545206435,0.00441783293198736,"A_Randy_2022_summer_serpentine_network_case3_version2","2"
"Icaricia_acmon",0,7.33509182251321,0.00500022110472668,0,1.64184144332795,0.00461105748949873,"A_Randy_2022_summer_serpentine_network_case3_version2","2"
"Lasioglossum_incompletum",0,9.83096583288103,0.0050002196291728,0,3.53602654697906,0.00457276355429167,"A_Randy_2022_summer_serpentine_network_case3_version2","2"
"Megachile_apicalis",0,4.20770316688133,0.00500021487544689,0,0.354174824745705,0.00431547083098551,"A_Randy_2022_summer_serpentine_network_case3_version2","2"
"Melissodes_lupina",0,20.505950468624,0.00500022444355209,0,20.5885167439475,0.00499450389891159,"A_Randy_2022_summer_serpentine_network_case3_version2","2"
"Melissodes_robustior",0,32.25345710422,0.005000229848877,0,17.583757673783,0.0048547923267779,"A_Randy_2022_summer_serpentine_network_case3_version2","2"
"Muscidae",0,4.10374774168831,0.0050002148754739,0,0.345424589045231,0.00431547083098551,"A_Randy_2022_summer_serpentine_network_case3_version2","2"
"orange_Syrphidae",0,14.7751027162486,0.0050002235516317,0,18.7035245920319,0.00502334101957499,"A_Randy_2022_summer_serpentine_network_case3_version2","2"
"Osmia_nemoris",0,4.75124264935823,0.00500021487546255,0,0.399926151133259,0.00431547083098551,"A_Randy_2022_summer_serpentine_network_case3_version2","2"
"Panurginus_sp.",0,8.15865144165035,0.00500022007334865,0,1.22870280707033,0.00441783293198736,"A_Randy_2022_summer_serpentine_network_case3_version2","2"
"Sphex_ichneumoneus",0,3.99724950685266,0.00500021487547185,0,0.336460317554907,0.00431547083098551,"A_Randy_2022_summer_serpentine_network_case3_version2","2"
"Strymon_melinus",0,9.73390975734842,0.0050002208113981,0,3.406120324682,0.00463241354476366,"A_Randy_2022_summer_serpentine_network_case3_version2","2"
"Xeromelecta_californica",0,43.9855373480379,0.00500022925801681,0,135.763893460999,0.00507539440799836,"A_Randy_2022_summer_serpentine_network_case3_version2","2"
"Apis_mellifera",0,25.6311902968837,0.00500014602838802,0,10.4797308364141,0.00491503303421278,"A_Randy_2023_summer_full_network_case3_version1","1"
"Ashmeadiella_aridula_astragali",0,8.61057029108238,0.00500013483253311,0,4.02427744927763,0.00493218116614273,"A_Randy_2023_summer_full_network_case3_version1","1"
"Bombus_vosnesenskii",0,2.27491658008534,0.00500013168672146,0,0.00216430893957782,0.00188793308543665,"A_Randy_2023_summer_full_network_case3_version1","1"
"Braconidae",0,2.72928253141206,0.00500013168672146,0,0.00259658337627244,0.00188793308543665,"A_Randy_2023_summer_full_network_case3_version1","1"
"Calypte_anna",0,2.36339926589655,0.00500013168672146,0,0.00224848955276035,0.00188793308543665,"A_Randy_2023_summer_full_network_case3_version1","1"
"Colias_eurytheme",0,8.58809487685017,0.00500013483253311,0,4.01377323235973,0.00493218116614273,"A_Randy_2023_summer_full_network_case3_version1","1"
"Danaus_plexippus",0,2.52871944908679,0.00500013168672146,0,0.00240577177811861,0.00188793308543665,"A_Randy_2023_summer_full_network_case3_version1","1"
"Dianthidium_dubium",0,2.40574544801984,0.00500013168672146,0,0.00228877684010663,0.00188793308543665,"A_Randy_2023_summer_full_network_case3_version1","1"
"Epicauta_puncticollis",0,2.62775355733571,0.00500013168672146,0,0.00249999079330245,0.00188793308543665,"A_Randy_2023_summer_full_network_case3_version1","1"
"Eristalis_stipador",0,2.56264302054325,0.00500013168672146,0,0.00243804596840491,0.00188793308543665,"A_Randy_2023_summer_full_network_case3_version1","1"
"Euodyneras_hidalgo",0,2.68679832820718,0.00500013168672146,0,0.00255616477881472,0.00188793308543665,"A_Randy_2023_summer_full_network_case3_version1","1"
"Geron_sp.",0,2.68559497041018,0.00500013168672146,0,0.00255501993481644,0.00188793308543665,"A_Randy_2023_summer_full_network_case3_version1","1"
"Halictidae",0,9.893907654927,0.00500013626220476,0,12.6633512979391,0.0050019721585099,"A_Randy_2023_summer_full_network_case3_version1","1"
"Halictus_ligatus",0,2.63311672726544,0.00500013168672146,0,0.00250509320654513,0.00188793308543665,"A_Randy_2023_summer_full_network_case3_version1","1"
"Halictus_tripartitus",0,8.35327449881714,0.00500013546942105,0,11.704790950816,0.00503862587584127,"A_Randy_2023_summer_full_network_case3_version1","1"
"Heliothis_phloxiphaga",0,2.44135408181759,0.00500013168672146,0,0.00232265416171493,0.00188793308543665,"A_Randy_2023_summer_full_network_case3_version1","1"
"Heliothodes_diminutivus",0,9.65420260882865,0.00500013626220476,0,12.3565494485022,0.0050019721585099,"A_Randy_2023_summer_full_network_case3_version1","1"
"Icaricia_acmon",0,9.17612109319394,0.00500013593131566,0,12.2046460177765,0.00502029901717558,"A_Randy_2023_summer_full_network_case3_version1","1"
"Lasioglossum_incompletum",0,6.76138265171565,0.00500013596682931,0,0.164744168941168,0.00344495262197328,"A_Randy_2023_summer_full_network_case3_version1","1"
"Megachile_apicalis",0,6.26199074034939,0.00500013453932933,0,0.100355396807482,0.00341005712578969,"A_Randy_2023_summer_full_network_case3_version1","1"
"Megachile_parallela",0,5.94253224877282,0.00500013513768059,0,0.162554920432862,0.00346327948063896,"A_Randy_2023_summer_full_network_case3_version1","1"
"Melissodes_lupina",0,37.3676259139921,0.00500014437687087,0,45.8548273970486,0.00500053501536149,"A_Randy_2023_summer_full_network_case3_version1","1"
"Melissodes_robustior",0,5.74329708297557,0.00500013513761231,0,0.157104944648299,0.00346327948063896,"A_Randy_2023_summer_full_network_case3_version1","1"
"Nemognatha_scutellaris",0,19.2216626507935,0.00500013755684451,0,38.3178997718381,0.00502045283492735,"A_Randy_2023_summer_full_network_case3_version1","1"
"Polistes_aurifer",0,38.1762016829925,0.00500014593728562,0,60.8166618235543,0.00501793552977684,"A_Randy_2023_summer_full_network_case3_version1","1"
"Pterophoridae",0,4.68125399981145,0.00500013450774004,0,57.571574416161,0.00502173941654733,"A_Randy_2023_summer_full_network_case3_version1","1"
"Sphex_ichneumoneus",0,7.13186138552568,0.00500013499804832,0,0.494119237065828,0.00395291337580688,"A_Randy_2023_summer_full_network_case3_version1","1"
"Strymon_melinus",0,7.30046934635985,0.00500013499565551,0,0.505800960366409,0.00395291337580688,"A_Randy_2023_summer_full_network_case3_version1","1"
"Villa_sp.",0,17.0007196417576,0.00500013752509814,0,23.2946934280193,0.00498497126502784,"A_Randy_2023_summer_full_network_case3_version1","1"
"Apis_mellifera",1,2.34212670589465e-05,0,1,2.30419683463763e-05,0,"A_Randy_2023_summer_nonserpentine_network_case3_version3","3"
"Ashmeadiella_aridula_astragali",1,0,0,0,0.548203242196796,0,"A_Randy_2023_summer_nonserpentine_network_case3_version3","3"
"Bombus_vosnesenskii",1,0,0,0,0.451891601552205,0,"A_Randy_2023_summer_nonserpentine_network_case3_version3","3"
"Braconidae",1,0,0,0,0.54214728790901,0,"A_Randy_2023_summer_nonserpentine_network_case3_version3","3"
"Calypte_anna",1,0,0,0,0.469467886732643,0,"A_Randy_2023_summer_nonserpentine_network_case3_version3","3"
"Colias_eurytheme",1,0,0,0,0.546772315537917,0,"A_Randy_2023_summer_nonserpentine_network_case3_version3","3"
"Danaus_plexippus",1,0,0,0,0.502307245765024,0,"A_Randy_2023_summer_nonserpentine_network_case3_version3","3"
"Dianthidium_dubium",1,0,0,0,0.477879572765846,0,"A_Randy_2023_summer_nonserpentine_network_case3_version3","3"
"Epicauta_puncticollis",1,0,0,0,0.521979475567108,0,"A_Randy_2023_summer_nonserpentine_network_case3_version3","3"
"Eristalis_stipador",1,0,0,0,0.509045856380391,0,"A_Randy_2023_summer_nonserpentine_network_case3_version3","3"
"Euodyneras_hidalgo",1,0,0,0,0.533708185229315,0,"A_Randy_2023_summer_nonserpentine_network_case3_version3","3"
"Geron_sp.",1,0,0,0,0.533469149090102,0,"A_Randy_2023_summer_nonserpentine_network_case3_version3","3"
"Halictidae",1,0,0,0,0.515988757352339,0,"A_Randy_2023_summer_nonserpentine_network_case3_version3","3"
"Halictus_ligatus",1,0,0,0,0.523044820769245,0,"A_Randy_2023_summer_nonserpentine_network_case3_version3","3"
"Halictus_tripartitus",1,0,0,0,0.514302668703861,0,"A_Randy_2023_summer_nonserpentine_network_case3_version3","3"
"Heliothis_phloxiphaga",1,0,0,0,0.484952905790393,0,"A_Randy_2023_summer_nonserpentine_network_case3_version3","3"
"Heliothodes_diminutivus",1,0,0,0,0.503487619130634,0,"A_Randy_2023_summer_nonserpentine_network_case3_version3","3"
"Icaricia_acmon",1,0,0,0,0.516414728558815,0,"A_Randy_2023_summer_nonserpentine_network_case3_version3","3"
"Lasioglossum_incompletum",1,0,0,0,0.482342888010825,0,"A_Randy_2023_summer_nonserpentine_network_case3_version3","3"
"Megachile_apicalis",1,0,0,0,0.536918797943238,0,"A_Randy_2023_summer_nonserpentine_network_case3_version3","3"
"Megachile_parallela",1,0,0,0,0.494237031994498,0,"A_Randy_2023_summer_nonserpentine_network_case3_version3","3"
"Melissodes_lupina",1,0,0,0,0.541796731525937,0,"A_Randy_2023_summer_nonserpentine_network_case3_version3","3"
"Melissodes_robustior",1,0,0,0,0.477666756430486,0,"A_Randy_2023_summer_nonserpentine_network_case3_version3","3"
"Nemognatha_scutellaris",1,0,0,0,0.545175327172119,0,"A_Randy_2023_summer_nonserpentine_network_case3_version3","3"
"Polistes_aurifer",1,0,0,0,0.461723781801632,0,"A_Randy_2023_summer_nonserpentine_network_case3_version3","3"
"Pterophoridae",1,0,0,0,0.49160074002184,0,"A_Randy_2023_summer_nonserpentine_network_case3_version3","3"
"Sphex_ichneumoneus",1,0,0,0,0.533637547066266,0,"A_Randy_2023_summer_nonserpentine_network_case3_version3","3"
"Strymon_melinus",1,0,0,0,0.546253542740016,0,"A_Randy_2023_summer_nonserpentine_network_case3_version3","3"
"Villa_sp.",1,0,0,0,0.48329283144944,0,"A_Randy_2023_summer_nonserpentine_network_case3_version3","3"
"Apis_mellifera",0,20.554545962529,0.0050001591912491,0,31.7517816585665,0.00500131119660526,"A_Randy_2023_summer_serpentine_network_case3_version2","2"
"Ashmeadiella_aridula_astragali",0,8.82884106992888,0.00500015137697552,0,11.215967979587,0.00504598337204065,"A_Randy_2023_summer_serpentine_network_case3_version2","2"
"Bombus_vosnesenskii",0,2.36529200268383,0.00500015538473617,0,0.0168908424243248,0.00299802589301064,"A_Randy_2023_summer_serpentine_network_case3_version2","2"
"Braconidae",0,2.83770851168817,0.00500015538473617,0,0.0202644270865865,0.00299802589301064,"A_Randy_2023_summer_serpentine_network_case3_version2","2"
"Calypte_anna",0,2.45728983289286,0.00500015538473617,0,0.0175478102948362,0.00299802589301064,"A_Randy_2023_summer_serpentine_network_case3_version2","2"
"Colias_eurytheme",0,8.8057959236401,0.00500015137697552,0,11.1866919259897,0.00504598337204065,"A_Randy_2023_summer_serpentine_network_case3_version2","2"
"Danaus_plexippus",0,2.62917767701856,0.00500015538473617,0,0.018775282628981,0.00299802589301064,"A_Randy_2023_summer_serpentine_network_case3_version2","2"
"Dianthidium_dubium",0,2.50131829803418,0.00500015538473617,0,0.0178622230055184,0.00299802589301064,"A_Randy_2023_summer_serpentine_network_case3_version2","2"
"Epicauta_puncticollis",0,2.73214610492839,0.00500015538473617,0,0.0195105928950514,0.00299802589301064,"A_Randy_2023_summer_serpentine_network_case3_version2","2"
"Eristalis_stipador",0,2.66444892732358,0.00500015538473617,0,0.019027158985239,0.00299802589301064,"A_Randy_2023_summer_serpentine_network_case3_version2","2"
"Euodyneras_hidalgo",0,2.79353654271768,0.00500015538473617,0,0.0199489895942911,0.00299802589301064,"A_Randy_2023_summer_serpentine_network_case3_version2","2"
"Geron_sp.",0,2.79228537925589,0.00500015538473617,0,0.0199400548813687,0.00299802589301064,"A_Randy_2023_summer_serpentine_network_case3_version2","2"
"Halictidae",0,10.3777623472273,0.00500015252725909,0,13.2605859529304,0.00500273512139689,"A_Randy_2023_summer_serpentine_network_case3_version2","2"
"Halictus_ligatus",0,2.7377223374461,0.00500015538473617,0,0.0195504134575448,0.00299802589301064,"A_Randy_2023_summer_serpentine_network_case3_version2","2"
"Halictus_tripartitus",0,8.54391458373277,0.00500015215955053,0,12.1074124087178,0.00506763649433155,"A_Randy_2023_summer_serpentine_network_case3_version2","2"
"Heliothis_phloxiphaga",0,2.53834155337607,0.00500015538473617,0,0.0181266106443386,0.00299802589301064,"A_Randy_2023_summer_serpentine_network_case3_version2","2"
"Heliothodes_diminutivus",0,10.1263346990351,0.00500015252725909,0,12.9393145772177,0.00500273512139689,"A_Randy_2023_summer_serpentine_network_case3_version2","2"
"Icaricia_acmon",0,9.52562007604601,0.00500015237794117,0,12.7021100363592,0.00503518580786422,"A_Randy_2023_summer_serpentine_network_case3_version2","2"
"Lasioglossum_incompletum",0,7.088069009948,0.00500015270869115,0,0.472648987309288,0.00400038050720377,"A_Randy_2023_summer_serpentine_network_case3_version2","2"
"Megachile_apicalis",0,6.42917779067426,0.00500015176024615,0,0.469448014536186,0.00402200463252565,"A_Randy_2023_summer_serpentine_network_case3_version2","2"
"Megachile_parallela",0,5.91809741377873,0.00500015176024602,0,0.432129763883618,0.00402200463252565,"A_Randy_2023_summer_serpentine_network_case3_version2","2"
"Melissodes_lupina",0,6.67278303516519,0.00500015245105134,0,0.508136892061201,0.0040328311936711,"A_Randy_2023_summer_serpentine_network_case3_version2","2"
"Melissodes_robustior",0,39.2426226683625,0.00500016275694874,0,55.6313864052157,0.00501492150203244,"A_Randy_2023_summer_serpentine_network_case3_version2","2"
"Nemognatha_scutellaris",0,6.71439390777385,0.005000152451041,0,0.511305588005863,0.0040328311936711,"A_Randy_2023_summer_serpentine_network_case3_version2","2"
"Polistes_aurifer",0,18.3525187636383,0.0050001536283323,0,37.6653155210011,0.00502245135378069,"A_Randy_2023_summer_serpentine_network_case3_version2","2"
"Pterophoridae",0,11.4058899809954,0.00500015913401829,0,0.0231397029251771,0.00266644569653863,"A_Randy_2023_summer_serpentine_network_case3_version2","2"
"Sphex_ichneumoneus",0,7.3086781283074,0.00500015195569925,0,1.39841017398806,0.00437054858646095,"A_Randy_2023_summer_serpentine_network_case3_version2","2"
"Strymon_melinus",0,7.48146629491342,0.00500015195586866,0,1.43147069753868,0.00437054858646095,"A_Randy_2023_summer_serpentine_network_case3_version2","2"
"Villa_sp.",0,19.1761574066755,0.00500015359047836,0,37.6231737536815,0.00501523364635039,"A_Randy_2023_summer_serpentine_network_case3_version2","2"
"Anthophora_californica",0,9.78642844374625,0.00500016649474644,0,2.55477625181286,0.00473569880040337,"A_Reservoir_2022_spring_full_network_case3_version1","1"
"Apis_mellifera",0,9.7030783221153,0.00500016649474644,0,2.53301745620504,0.00473569880040337,"A_Reservoir_2022_spring_full_network_case3_version1","1"
"Bombus_vosnesenskii",0,11.0348255224316,0.00500016789881978,0,13.7295093089701,0.00503142674673966,"A_Reservoir_2022_spring_full_network_case3_version1","1"
"Diabrotica_undecimpunctata",0,10.407141592954,0.00500016789881978,0,12.9485461441361,0.00503142674673966,"A_Reservoir_2022_spring_full_network_case3_version1","1"
"Junonia_grisea",0,10.882889784772,0.00500016725939876,0,6.18932587220127,0.00488356277357151,"A_Reservoir_2022_spring_full_network_case3_version1","1"
"Osmia_cara",0,10.024940132489,0.00500016725939876,0,5.70139205073556,0.00488356277357151,"A_Reservoir_2022_spring_full_network_case3_version1","1"
"Scaeva_affinis",0,7.78532708713652,0.00500016883353393,0,55.6457927231121,0.00503446735836932,"A_Reservoir_2022_spring_full_network_case3_version1","1"
"Anthophora_californica",1,2.06944348653373e-05,0,1,2.07030551116e-05,0,"A_Reservoir_2022_spring_nonserpentine_network_case3_version3","3"
"Apis_mellifera",1,0,0,0,0.459099033665424,0,"A_Reservoir_2022_spring_nonserpentine_network_case3_version3","3"
"Bombus_vosnesenskii",1,0,0,0,0.477458814777182,0,"A_Reservoir_2022_spring_nonserpentine_network_case3_version3","3"
"Diabrotica_undecimpunctata",0,8.65084834204423,0.00500021473238899,0,8.65084818738377,0.00500021518389797,"A_Reservoir_2022_spring_nonserpentine_network_case3_version3","3"
"Junonia_grisea",0,9.44099700134939,0.00500021473238899,0,9.44099683256245,0.00500021518389797,"A_Reservoir_2022_spring_nonserpentine_network_case3_version3","3"
"Osmia_cara",0,8.69671857093075,0.00500021473238899,0,8.69671841545037,0.00500021518389797,"A_Reservoir_2022_spring_nonserpentine_network_case3_version3","3"
"Scaeva_affinis",0,10.0087415459615,0.00500021473238899,0,10.0087413670245,0.00500021518389797,"A_Reservoir_2022_spring_nonserpentine_network_case3_version3","3"
"Anthophora_californica",1,2.08451523487205e-05,0,1,2.10477210314774e-05,0,"A_Reservoir_2022_spring_serpentine_network_case3_version2","2"
"Apis_mellifera",1,0,0,0,0.459099033665424,0,"A_Reservoir_2022_spring_serpentine_network_case3_version2","2"
"Bombus_vosnesenskii",1,0,0,0,0.477458814777182,0,"A_Reservoir_2022_spring_serpentine_network_case3_version2","2"
"Diabrotica_undecimpunctata",1,0,0,0,0.450299960095575,0,"A_Reservoir_2022_spring_serpentine_network_case3_version2","2"
"Junonia_grisea",1,0,0,0,0.491429326330046,0,"A_Reservoir_2022_spring_serpentine_network_case3_version2","2"
"Osmia_cara",1,0,0,0,0.452687629080698,0,"A_Reservoir_2022_spring_serpentine_network_case3_version2","2"
"Scaeva_affinis",0,34.5925793558016,0.00500008434763077,0,34.4895557988746,0.00500037375196839,"A_Reservoir_2022_spring_serpentine_network_case3_version2","2"
"Anthophora_californica",1,2.03092739753555e-05,0.180373900868173,0,24.7669501792759,0.00500225811481348,"A_Rock_2022_spring_full_network_case3_version1","1"
"Apis_mellifera",0,4.60794282159162,0.00500021423696585,0,3.79499887749143,0.00500051264976357,"A_Rock_2022_spring_full_network_case3_version1","1"
"BF1_Diptera",0,8.3918894439807,0.00500021581057141,0,9.12532370521511,0.00499903754257558,"A_Rock_2022_spring_full_network_case3_version1","1"
"Bombus_californicus",0,9.14006929841808,0.0050002152970062,0,11.731535843523,0.0050087761445155,"A_Rock_2022_spring_full_network_case3_version1","1"
"Bombus_crotchii",0,4.83617795369447,0.00500021423696585,0,3.98296823941523,0.00500051264976357,"A_Rock_2022_spring_full_network_case3_version1","1"
"Bombus_melanopygus",1,0,0.180373900868173,0,0.455060259441407,0.00500225811481348,"A_Rock_2022_spring_full_network_case3_version1","1"
"Bombus_vosnesenskii",0,5.01843580155185,0.00500021423696585,0,4.13307173510415,0.00500051264976357,"A_Rock_2022_spring_full_network_case3_version1","1"
"Bombylius_major",0,7.9706265976676,0.0050002152736049,0,6.63289117427089,0.00499032727116914,"A_Rock_2022_spring_full_network_case3_version1","1"
"Brachysomida_californica",0,9.03963782292902,0.00500021581057141,0,9.8296839916964,0.00499903754257558,"A_Rock_2022_spring_full_network_case3_version1","1"
"Elateridae",0,4.98686545304351,0.00500021423696585,0,4.10707110033939,0.00500051264976357,"A_Rock_2022_spring_full_network_case3_version1","1"
"Eucera_actuosa",0,4.68826984745396,0.00500021423696585,0,3.86115442316432,0.00500051264976357,"A_Rock_2022_spring_full_network_case3_version1","1"
"Eucera_frater_albopilosa",0,8.49697577556178,0.00500021556116648,0,10.0362203956955,0.00500390684354554,"A_Rock_2022_spring_full_network_case3_version1","1"
"Hippodamia_convergens",0,8.96220260978639,0.00500021528629301,0,9.24569255302383,0.00499955170784232,"A_Rock_2022_spring_full_network_case3_version1","1"
"Junonia_grisea",0,8.73024561401097,0.00500021528629301,0,9.00639835800576,0.00499955170784232,"A_Rock_2022_spring_full_network_case3_version1","1"
"Listrus_sp._1",0,5.77295716488986,0.00500021528404336,0,13.6950581718104,0.00499629269299131,"A_Rock_2022_spring_full_network_case3_version1","1"
"Muscidae",0,8.70592669824554,0.00500021528629301,0,8.98131019445764,0.00499955170784232,"A_Rock_2022_spring_full_network_case3_version1","1"
"orange_beetle_Coleoptera",0,7.20008421150365,0.00500021512619087,0,6.55240359999859,0.00499987202181607,"A_Rock_2022_spring_full_network_case3_version1","1"
"Osmia_cara",0,7.1720498670511,0.00500021535021066,0,6.77553038140582,0.00499966340200595,"A_Rock_2022_spring_full_network_case3_version1","1"
"Polistes_aurifer",0,8.63464880640167,0.00500021535021388,0,8.15726694519245,0.00499966340200595,"A_Rock_2022_spring_full_network_case3_version1","1"
"Trichodes_ornatus",0,7.9351599213469,0.00500021535020952,0,7.49645054375447,0.00499966340200595,"A_Rock_2022_spring_full_network_case3_version1","1"
"Anthophora_californica",1,2.04513921087791e-05,0,1,2.03724404736845e-05,0,"A_Rock_2022_spring_nonserpentine_network_case3_version3","3"
"Apis_mellifera",1,0,0,0,0.457063487082284,0,"A_Rock_2022_spring_nonserpentine_network_case3_version3","3"
"BF1_Diptera",1,0,0,0,0.466027391942231,0,"A_Rock_2022_spring_nonserpentine_network_case3_version3","3"
"Bombus_californicus",1,0,0,0,0.522376373071399,0,"A_Rock_2022_spring_nonserpentine_network_case3_version3","3"
"Bombus_crotchii",1,0,0,0,0.479702210998955,0,"A_Rock_2022_spring_nonserpentine_network_case3_version3","3"
"Bombus_melanopygus",1,0,0,0,0.455060259441407,0,"A_Rock_2022_spring_nonserpentine_network_case3_version3","3"
"Bombus_vosnesenskii",1,0,0,0,0.497780431736158,0,"A_Rock_2022_spring_nonserpentine_network_case3_version3","3"
"Bombylius_major",1,0,0,0,0.495716189614365,0,"A_Rock_2022_spring_nonserpentine_network_case3_version3","3"
"Brachysomida_californica",1,0,0,0,0.501998848631978,0,"A_Rock_2022_spring_nonserpentine_network_case3_version3","3"
"Elateridae",1,0,0,0,0.494648957645823,0,"A_Rock_2022_spring_nonserpentine_network_case3_version3","3"
"Eucera_actuosa",1,0,0,0,0.465031153343167,0,"A_Rock_2022_spring_nonserpentine_network_case3_version3","3"
"Eucera_frater_albopilosa",0,4.02153591829267,0.00500020351651024,0,4.02153654178521,0.00500020274413595,"A_Rock_2022_spring_nonserpentine_network_case3_version3","3"
"Hippodamia_convergens",0,4.48179116069437,0.00500020351651024,0,4.48179185556321,0.00500020274413595,"A_Rock_2022_spring_nonserpentine_network_case3_version3","3"
"Junonia_grisea",0,4.3657948081505,0.00500020351651024,0,4.36579548505206,0.00500020274413595,"A_Rock_2022_spring_nonserpentine_network_case3_version3","3"
"Listrus_sp._1",0,4.26675812324289,0.00500020351651024,0,4.26675878477245,0.00500020274413595,"A_Rock_2022_spring_nonserpentine_network_case3_version3","3"
"Muscidae",0,4.35363347836745,0.00500020351651024,0,4.35363415338422,0.00500020274413595,"A_Rock_2022_spring_nonserpentine_network_case3_version3","3"
"orange_beetle_Coleoptera",0,4.05954398183863,0.00500020351651024,0,4.05954461124114,0.00500020274413595,"A_Rock_2022_spring_nonserpentine_network_case3_version3","3"
"Osmia_cara",0,3.82955936813153,0.00500020351651024,0,3.82955996187662,0.00500020274413595,"A_Rock_2022_spring_nonserpentine_network_case3_version3","3"
"Polistes_aurifer",0,4.61052291045805,0.00500020351651024,0,4.61052362528582,0.00500020274413595,"A_Rock_2022_spring_nonserpentine_network_case3_version3","3"
"Trichodes_ornatus",0,4.23702659324072,0.00500020351651024,0,4.23702725014351,0.00500020274413595,"A_Rock_2022_spring_nonserpentine_network_case3_version3","3"
"Anthophora_californica",1,2.04670765906472e-05,0,1,2.06140316632567e-05,0,"A_Rock_2022_spring_serpentine_network_case3_version2","2"
"Apis_mellifera",0,6.2833279199221,0.00500021271172105,0,9.22820893095013,0.00501051917913116,"A_Rock_2022_spring_serpentine_network_case3_version2","2"
"BF1_Diptera",1,0,0,0,0.466027391942231,0,"A_Rock_2022_spring_serpentine_network_case3_version2","2"
"Bombus_californicus",0,11.9006706240031,0.00500022341129003,0,15.861073859146,0.00500166811645983,"A_Rock_2022_spring_serpentine_network_case3_version2","2"
"Bombus_crotchii",1,0,0,0,0.479702210998955,0,"A_Rock_2022_spring_serpentine_network_case3_version2","2"
"Bombus_melanopygus",0,4.91685442819782,0.00500021151132744,0,6.67046232971633,0.00500929695821589,"A_Rock_2022_spring_serpentine_network_case3_version2","2"
"Bombus_vosnesenskii",0,6.84307054290058,0.00500021271172105,0,10.0502926957654,0.00501051917913116,"A_Rock_2022_spring_serpentine_network_case3_version2","2"
"Bombylius_major",0,5.35613535005361,0.00500021151132744,0,7.2664138440141,0.00500929695821589,"A_Rock_2022_spring_serpentine_network_case3_version2","2"
"Brachysomida_californica",0,11.4364340716004,0.00500022341129003,0,15.2423448416573,0.00500166811645983,"A_Rock_2022_spring_serpentine_network_case3_version2","2"
"Elateridae",0,5.34460407683617,0.00500021151132744,0,7.25076991438709,0.00500929695821589,"A_Rock_2022_spring_serpentine_network_case3_version2","2"
"Eucera_actuosa",1,0,0,0,0.465031153343167,0,"A_Rock_2022_spring_serpentine_network_case3_version2","2"
"Eucera_frater_albopilosa",0,6.57931474873248,0.00500021271172105,0,9.6629193794998,0.00501051917913116,"A_Rock_2022_spring_serpentine_network_case3_version2","2"
"Hippodamia_convergens",0,5.76295953728608,0.00500021151132744,0,7.81833285078303,0.00500929695821589,"A_Rock_2022_spring_serpentine_network_case3_version2","2"
"Junonia_grisea",1,0,0,0,0.519563739965467,0,"A_Rock_2022_spring_serpentine_network_case3_version2","2"
"Listrus_sp._1",0,5.48645698527992,0.00500021151132744,0,7.44321500127977,0.00500929695821589,"A_Rock_2022_spring_serpentine_network_case3_version2","2"
"Muscidae",0,3.9584878430797,0.00500021150989715,0,0.013353236459816,0.00250464847910795,"A_Rock_2022_spring_serpentine_network_case3_version2","2"
"orange_beetle_Coleoptera",0,7.78437032475896,0.00500022341082026,0,0.0179094200532391,0.00250083405822991,"A_Rock_2022_spring_serpentine_network_case3_version2","2"
"Osmia_cara",0,4.60106123815901,0.00500021225275527,0,0.108259179683752,0.00333993871244902,"A_Rock_2022_spring_serpentine_network_case3_version2","2"
"Polistes_aurifer",0,5.53935745955781,0.0050002122527609,0,0.130336516614381,0.00333993871244902,"A_Rock_2022_spring_serpentine_network_case3_version2","2"
"Trichodes_ornatus",0,5.0906166872863,0.00500021225275973,0,0.119778016001004,0.00333993871244902,"A_Rock_2022_spring_serpentine_network_case3_version2","2"
"Anthophora_californica",0,2.85099290146324,0.00500023086251247,0,0.433293194900404,0.00463637742824382,"A_Rock_2023_spring_full_network_case3_version1","1"
"Apis_mellifera",0,2.72056765526013,0.00500023086251247,0,0.413471198229392,0.00463637742824382,"A_Rock_2023_spring_full_network_case3_version1","1"
"Bombus_melanopygus",0,3.04389814747889,0.00500023086251247,0,0.462610886393356,0.00463637742824382,"A_Rock_2023_spring_full_network_case3_version1","1"
"Bombus_vosnesenskii",0,2.86914603838407,0.00500023086251247,0,0.436052104245527,0.00463637742824382,"A_Rock_2023_spring_full_network_case3_version1","1"
"Coenonympha_californica",0,2.58856600263585,0.00500023086251247,0,0.393409619860395,0.00463637742824382,"A_Rock_2023_spring_full_network_case3_version1","1"
"Elateridae",0,2.73968181861149,0.00500023086251247,0,0.416376164184504,0.00463637742824382,"A_Rock_2023_spring_full_network_case3_version1","1"
"Eucera_actuosa",0,2.96878941154561,0.00500023086251247,0,0.451195879372589,0.00463637742824382,"A_Rock_2023_spring_full_network_case3_version1","1"
"Glaucophysche_lygdamus",0,2.83112026080572,0.00500023086251247,0,0.430272955873865,0.00463637742824382,"A_Rock_2023_spring_full_network_case3_version1","1"
"Habropoda_sp.",0,2.69410145194922,0.00500023086251247,0,0.409448871212822,0.00463637742824382,"A_Rock_2023_spring_full_network_case3_version1","1"
"Hoplitus_hypocrita",0,3.14053933836014,0.00500023086251247,0,0.477298390738555,0.00463637742824382,"A_Rock_2023_spring_full_network_case3_version1","1"
"Listrus_sp._1",0,2.66375899601061,0.00500023086251247,0,0.404837432448631,0.00463637742824382,"A_Rock_2023_spring_full_network_case3_version1","1"
"Osmia_atrocyanea",0,31.200427972932,0.00500034170314352,0,5.67917523271103,0.00480112030305171,"A_Rock_2023_spring_full_network_case3_version1","1"
"Osmia_sanctaerosae",0,42.6739394346395,0.005000342689395,0,7.49970241302934,0.00464841048449301,"A_Rock_2023_spring_full_network_case3_version1","1"
"Osmia_sp.",0,17.8903908463252,0.00500033863537351,0,0.684917315249262,0.00438678773022296,"A_Rock_2023_spring_full_network_case3_version1","1"
"Panurginus_sp.",0,28.4305872307398,0.00500033658583109,0,49.7670035716708,0.00504893258083659,"A_Rock_2023_spring_full_network_case3_version1","1"
"Xylocopa_sp.",0,101.147657096026,0.00500035886855263,0,204.263552270568,0.00501746460796257,"A_Rock_2023_spring_full_network_case3_version1","1"
"Anthophora_californica",1,2.24229417287173e-05,0,1,2.26163157479817e-05,0,"A_Rock_2023_spring_nonserpentine_network_case3_version3","3"
"Apis_mellifera",0,2.25246843555591,0.00500027175009152,0,2.25247522994422,0.00500045325955164,"A_Rock_2023_spring_nonserpentine_network_case3_version3","3"
"Bombus_melanopygus",0,2.5201668805475,0.00500027175009152,0,2.52017448172418,0.00500045325955164,"A_Rock_2023_spring_nonserpentine_network_case3_version3","3"
"Bombus_vosnesenskii",0,2.37548251347779,0.00500027175009152,0,2.37548967857198,0.00500045325955164,"A_Rock_2023_spring_nonserpentine_network_case3_version3","3"
"Coenonympha_californica",0,2.14317890796946,0.00500027175009152,0,2.14318537266449,0.00500045325955164,"A_Rock_2023_spring_nonserpentine_network_case3_version3","3"
"Elateridae",0,2.26829382820557,0.00500027175009152,0,2.26830067069256,0.00500045325955164,"A_Rock_2023_spring_nonserpentine_network_case3_version3","3"
"Eucera_actuosa",0,2.45798130808523,0.00500027175009152,0,2.45798872218768,0.00500045325955164,"A_Rock_2023_spring_nonserpentine_network_case3_version3","3"
"Glaucophysche_lygdamus",0,2.34399942725272,0.00500027175009152,0,2.34400649788835,0.00500045325955164,"A_Rock_2023_spring_nonserpentine_network_case3_version3","3"
"Habropoda_sp.",0,2.23055599095916,0.00500027175009152,0,2.2305627190414,0.00500045325955164,"A_Rock_2023_spring_nonserpentine_network_case3_version3","3"
"Hoplitus_hypocrita",0,2.60018004726017,0.00500027175009152,0,2.60018788948702,0.00500045325955164,"A_Rock_2023_spring_nonserpentine_network_case3_version3","3"
"Listrus_sp._1",0,2.20543424092628,0.00500027175009152,0,2.20544089286842,0.00500045325955164,"A_Rock_2023_spring_nonserpentine_network_case3_version3","3"
"Osmia_atrocyanea",0,2.52040628991635,0.00500027175009152,0,2.52041389267619,0.00500045325955164,"A_Rock_2023_spring_nonserpentine_network_case3_version3","3"
"Osmia_sanctaerosae",0,2.59188427427397,0.00500027175009152,0,2.59189209289601,0.00500045325955164,"A_Rock_2023_spring_nonserpentine_network_case3_version3","3"
"Osmia_sp.",0,2.22309854987428,0.00500027175009152,0,2.22310525504604,0.00500045325955164,"A_Rock_2023_spring_nonserpentine_network_case3_version3","3"
"Panurginus_sp.",0,2.43005070710941,0.00500027175009152,0,2.43005803695777,0.00500045325955164,"A_Rock_2023_spring_nonserpentine_network_case3_version3","3"
"Xylocopa_sp.",1,0,0,0,0.456380362299448,0,"A_Rock_2023_spring_nonserpentine_network_case3_version3","3"
"Anthophora_californica",1,2.2442926794993e-05,0,1,2.27669191088261e-05,0,"A_Rock_2023_spring_serpentine_network_case3_version2","2"
"Apis_mellifera",1,0,0,0,0.47328669811752,0,"A_Rock_2023_spring_serpentine_network_case3_version2","2"
"Bombus_melanopygus",1,0,0,0,0.529535261159546,0,"A_Rock_2023_spring_serpentine_network_case3_version2","2"
"Bombus_vosnesenskii",1,0,0,0,0.499134308495156,0,"A_Rock_2023_spring_serpentine_network_case3_version2","2"
"Coenonympha_californica",1,0,0,0,0.450322878081502,0,"A_Rock_2023_spring_serpentine_network_case3_version2","2"
"Elateridae",1,0,0,0,0.476611915801937,0,"A_Rock_2023_spring_serpentine_network_case3_version2","2"
"Eucera_actuosa",1,0,0,0,0.516468883150476,0,"A_Rock_2023_spring_serpentine_network_case3_version2","2"
"Glaucophysche_lygdamus",1,0,0,0,0.492519110041912,0,"A_Rock_2023_spring_serpentine_network_case3_version2","2"
"Habropoda_sp.",1,0,0,0,0.468682474418861,0,"A_Rock_2023_spring_serpentine_network_case3_version2","2"
"Hoplitus_hypocrita",1,0,0,0,0.54634755779819,0,"A_Rock_2023_spring_serpentine_network_case3_version2","2"
"Listrus_sp._1",1,0,0,0,0.463403914176581,0,"A_Rock_2023_spring_serpentine_network_case3_version2","2"
"Osmia_atrocyanea",0,28.8144151458967,0.00500052501630719,0,14.5087988796131,0.00493162548294142,"A_Rock_2023_spring_serpentine_network_case3_version2","2"
"Osmia_sanctaerosae",1,0,0,0,0.544604457400089,0,"A_Rock_2023_spring_serpentine_network_case3_version2","2"
"Osmia_sp.",0,32.7502872937335,0.00500051748216688,0,32.7502653943037,0.00500023443696246,"A_Rock_2023_spring_serpentine_network_case3_version2","2"
"Panurginus_sp.",0,30.1750221741436,0.00500056537558729,0,5.06584040269362,0.00455512631300472,"A_Rock_2023_spring_serpentine_network_case3_version2","2"
"Xylocopa_sp.",0,47.5092168700246,0.00500057359359278,0,86.691136514014,0.00503815455339787,"A_Rock_2023_spring_serpentine_network_case3_version2","2"
"Acmaeodera_sp.",0,8.47690640467965,0.00500020857324742,0,8.51937810277486,0.00501237610191261,"A_Rock_2024_spring_full_network_case3_version1","1"
"Andrena_pensilis",0,9.35071156279142,0.00500020857324742,0,9.39756127368032,0.00501237610191261,"A_Rock_2024_spring_full_network_case3_version1","1"
"Andrena_sp.",0,8.55250339570781,0.00500020857324742,0,8.59535385751023,0.00501237610191261,"A_Rock_2024_spring_full_network_case3_version1","1"
"Andrena_subchalybea",0,5.90270717418482,0.00500020645161747,0,0.383615616231201,0.00428911066093598,"A_Rock_2024_spring_full_network_case3_version1","1"
"Anthrenus_sp.",0,4.82523772157856,0.00500020442145575,0,0.562843783385294,0.0044102574589007,"A_Rock_2024_spring_full_network_case3_version1","1"
"Apis_mellifera",0,4.503979095663,0.00500020442145575,0,0.525370308949196,0.0044102574589007,"A_Rock_2024_spring_full_network_case3_version1","1"
"BF1_Diptera",0,5.47960646947331,0.00500020645161747,0,0.356118395584845,0.00428911066093598,"A_Rock_2024_spring_full_network_case3_version1","1"
"Bombus_californicus",0,4.97803461653454,0.00500020442145575,0,0.580666901678503,0.0044102574589007,"A_Rock_2024_spring_full_network_case3_version1","1"
"Bombus_melanopygus",0,12.0865499492672,0.00500020832029524,0,16.4963786396454,0.00512140451194623,"A_Rock_2024_spring_full_network_case3_version1","1"
"Bombus_vosnesenskii",0,5.07645922624861,0.00500020442145575,0,0.592147720681265,0.0044102574589007,"A_Rock_2024_spring_full_network_case3_version1","1"
"Coenonympha_californica",0,6.49026845824981,0.00500020645161747,0,0.421801091998727,0.00428911066093598,"A_Rock_2024_spring_full_network_case3_version1","1"
"Diabrotica_undecimpunctata",0,12.1226504232024,0.00500020939664715,0,11.8218043259666,0.00498404905208012,"A_Rock_2024_spring_full_network_case3_version1","1"
"Eucera_actuosa",0,4.37515303873223,0.00500020442145575,0,0.51034328878915,0.0044102574589007,"A_Rock_2024_spring_full_network_case3_version1","1"
"Euphydryas_chalcedona",0,11.6681021182242,0.00500020939664715,0,11.3785364827613,0.00498404905208012,"A_Rock_2024_spring_full_network_case3_version1","1"
"Glaucophysche_lygdamus",0,15.2301241564368,0.00500020849194941,0,12.214729114292,0.00487237321094145,"A_Rock_2024_spring_full_network_case3_version1","1"
"Listrus_sp._1",0,5.71342782166979,0.00500020568417453,0,0.489857992287276,0.00434968405991834,"A_Rock_2024_spring_full_network_case3_version1","1"
"Listrus_sp._2",0,33.1564151727708,0.00500021286475951,0,57.9839989020307,0.00503406563778727,"A_Rock_2024_spring_full_network_case3_version1","1"
"Malachius_sp.",0,9.6345134476454,0.00500020790232335,0,2.61738013600818,0.0047052575864411,"A_Rock_2024_spring_full_network_case3_version1","1"
"Muscidae",0,10.8440618821655,0.00500020887294914,0,12.5082764577121,0.00505272678201317,"A_Rock_2024_spring_full_network_case3_version1","1"
"Nomada_hesperia",0,5.78477607999316,0.00500020568414233,0,0.49597525123571,0.00434968405991834,"A_Rock_2024_spring_full_network_case3_version1","1"
"Osmia_cara",0,14.398783430881,0.00500020836934366,0,4.20926088845703,0.00467795236093963,"A_Rock_2024_spring_full_network_case3_version1","1"
"Osmia_nemoris",0,12.7149776728108,0.00500020839201506,0,4.87551307634088,0.00476155829618287,"A_Rock_2024_spring_full_network_case3_version1","1"
"Tachnidae",0,34.8891000905758,0.00500021009124054,0,113.017915091537,0.00503014219871041,"A_Rock_2024_spring_full_network_case3_version1","1"
"Acmaeodera_sp.",1,2.18608771103299e-05,0,1,2.18852608845688e-05,0,"A_Rock_2024_spring_nonserpentine_network_case3_version3","3"
"Andrena_pensilis",1,0,0,0,0.538370465481826,0,"A_Rock_2024_spring_nonserpentine_network_case3_version3","3"
"Andrena_sp.",1,0,0,0,0.492413353054977,0,"A_Rock_2024_spring_nonserpentine_network_case3_version3","3"
"Andrena_subchalybea",1,0,0,0,0.491224794993747,0,"A_Rock_2024_spring_nonserpentine_network_case3_version3","3"
"Anthrenus_sp.",1,0,0,0,0.515129459912483,0,"A_Rock_2024_spring_nonserpentine_network_case3_version3","3"
"Apis_mellifera",1,0,0,0,0.480832749107309,0,"A_Rock_2024_spring_nonserpentine_network_case3_version3","3"
"BF1_Diptera",1,0,0,0,0.456014246542945,0,"A_Rock_2024_spring_nonserpentine_network_case3_version3","3"
"Bombus_californicus",1,0,0,0,0.531441647271366,0,"A_Rock_2024_spring_nonserpentine_network_case3_version3","3"
"Bombus_melanopygus",1,0,0,0,0.539765689843225,0,"A_Rock_2024_spring_nonserpentine_network_case3_version3","3"
"Bombus_vosnesenskii",1,0,0,0,0.54194919508507,0,"A_Rock_2024_spring_nonserpentine_network_case3_version3","3"
"Coenonympha_californica",1,0,0,0,0.540121794766803,0,"A_Rock_2024_spring_nonserpentine_network_case3_version3","3"
"Diabrotica_undecimpunctata",1,0,0,0,0.527004645660987,0,"A_Rock_2024_spring_nonserpentine_network_case3_version3","3"
"Eucera_actuosa",1,0,0,0,0.467079624215644,0,"A_Rock_2024_spring_nonserpentine_network_case3_version3","3"
"Euphydryas_chalcedona",1,0,0,0,0.507244192323296,0,"A_Rock_2024_spring_nonserpentine_network_case3_version3","3"
"Glaucophysche_lygdamus",1,0,0,0,0.453140377627285,0,"A_Rock_2024_spring_nonserpentine_network_case3_version3","3"
"Listrus_sp._1",0,3.74230043801782,0.00500020954891979,0,3.74230028037563,0.00500020691012764,"A_Rock_2024_spring_nonserpentine_network_case3_version3","3"
"Listrus_sp._2",0,3.54397264665609,0.00500020954891979,0,3.54397249737633,0.00500020691012764,"A_Rock_2024_spring_nonserpentine_network_case3_version3","3"
"Malachius_sp.",0,3.78347845365701,0.00500020954891979,0,3.78347829429856,0.00500020691012764,"A_Rock_2024_spring_nonserpentine_network_case3_version3","3"
"Muscidae",0,3.37107447425371,0.00500020954891979,0,3.37107433227552,0.00500020691012764,"A_Rock_2024_spring_nonserpentine_network_case3_version3","3"
"Nomada_hesperia",0,3.78903361215835,0.00500020954891979,0,3.78903345257566,0.00500020691012764,"A_Rock_2024_spring_nonserpentine_network_case3_version3","3"
"Osmia_cara",0,3.58959163323488,0.00500020954891979,0,3.58959148205986,0.00500020691012764,"A_Rock_2024_spring_nonserpentine_network_case3_version3","3"
"Osmia_nemoris",0,3.45008977870809,0.00500020954891979,0,3.45008963338363,0.00500020691012764,"A_Rock_2024_spring_nonserpentine_network_case3_version3","3"
"Tachnidae",0,3.74838855851697,0.00500020954891979,0,3.74838840062719,0.00500020691012764,"A_Rock_2024_spring_nonserpentine_network_case3_version3","3"
"Acmaeodera_sp.",1,2.20699402176919e-05,0,1,2.21157864857605e-05,0,"A_Rock_2024_spring_serpentine_network_case3_version2","2"
"Andrena_pensilis",1,0,0,0,0.538370465481826,0,"A_Rock_2024_spring_serpentine_network_case3_version2","2"
"Andrena_sp.",1,0,0,0,0.492413353054977,0,"A_Rock_2024_spring_serpentine_network_case3_version2","2"
"Andrena_subchalybea",1,0,0,0,0.491224794993747,0,"A_Rock_2024_spring_serpentine_network_case3_version2","2"
"Anthrenus_sp.",1,0,0,0,0.515129459912483,0,"A_Rock_2024_spring_serpentine_network_case3_version2","2"
"Apis_mellifera",0,11.0178025259637,0.00500022980983884,0,11.7581674389029,0.00500705795390611,"A_Rock_2024_spring_serpentine_network_case3_version2","2"
"BF1_Diptera",0,10.4491113102567,0.00500022980983884,0,11.1512617959674,0.00500705795390611,"A_Rock_2024_spring_serpentine_network_case3_version2","2"
"Bombus_californicus",0,12.1774549151729,0.00500022980983884,0,12.9957451613216,0.00500705795390611,"A_Rock_2024_spring_serpentine_network_case3_version2","2"
"Bombus_melanopygus",1,0,0,0,0.539765689843225,0,"A_Rock_2024_spring_serpentine_network_case3_version2","2"
"Bombus_vosnesenskii",1,0,0,0,0.54194919508507,0,"A_Rock_2024_spring_serpentine_network_case3_version2","2"
"Coenonympha_californica",0,32.7754562768378,0.00500014204158268,0,32.7754539293442,0.00500023187456986,"A_Rock_2024_spring_serpentine_network_case3_version2","2"
"Diabrotica_undecimpunctata",1,0,0,0,0.527004645660987,0,"A_Rock_2024_spring_serpentine_network_case3_version2","2"
"Eucera_actuosa",0,9.67477904013851,0.00500022378863594,0,10.9791386292091,0.00499409459550151,"A_Rock_2024_spring_serpentine_network_case3_version2","2"
"Euphydryas_chalcedona",1,0,0,0,0.507244192323296,0,"A_Rock_2024_spring_serpentine_network_case3_version2","2"
"Glaucophysche_lygdamus",0,10.7182023695439,0.00500023094517735,0,10.8972217428322,0.00499947539178823,"A_Rock_2024_spring_serpentine_network_case3_version2","2"
"Listrus_sp._1",1,0,0,0,0.530326781785268,0,"A_Rock_2024_spring_serpentine_network_case3_version2","2"
"Listrus_sp._2",0,11.879125237882,0.00500023094517735,0,12.0775347729838,0.00499947539178823,"A_Rock_2024_spring_serpentine_network_case3_version2","2"
"Malachius_sp.",0,17.755904832409,0.00500021069778515,0,24.9340374083467,0.00505070622965883,"A_Rock_2024_spring_serpentine_network_case3_version2","2"
"Muscidae",0,6.996773240847,0.00500022378291464,0,0.0155757510873293,0.00249704729775076,"A_Rock_2024_spring_serpentine_network_case3_version2","2"
"Nomada_hesperia",0,11.9374072537228,0.00500022783897379,0,12.7662127712114,0.00499678499364487,"A_Rock_2024_spring_serpentine_network_case3_version2","2"
"Osmia_cara",0,13.7545160034668,0.00500021069734921,0,0.23440328925372,0.00336713748643922,"A_Rock_2024_spring_serpentine_network_case3_version2","2"
"Osmia_nemoris",0,12.7457016949032,0.00500021438896285,0,0.608123396007815,0.00377711760330594,"A_Rock_2024_spring_serpentine_network_case3_version2","2"
"Tachnidae",0,67.4970357605017,0.00499997667696987,0,88.0660010938205,0.00499787063443471,"A_Rock_2024_spring_serpentine_network_case3_version2","2"
"Adela_eldorada",0,2.1570413926715,0.00500012130875292,0,0.0384053823924425,0.00336799789721713,"A_South_Goatgrass_2024_spring_full_network_case3_version1","1"
"Adela_trigrapha",0,2.23816453638302,0.00500012130875292,0,0.0398497521485502,0.00336799789721713,"A_South_Goatgrass_2024_spring_full_network_case3_version1","1"
"Andrena_dissona",0,2.3219708818586,0.00500012130875292,0,0.0413418953946842,0.00336799789721713,"A_South_Goatgrass_2024_spring_full_network_case3_version1","1"
"Andrena_pensilis",0,2.40648058716731,0.00500012130875292,0,0.0428465617222325,0.00336799789721713,"A_South_Goatgrass_2024_spring_full_network_case3_version1","1"
"Andrena_sp.",0,2.4689998725389,0.00500012130875292,0,0.0439596961610643,0.00336799789721713,"A_South_Goatgrass_2024_spring_full_network_case3_version1","1"
"Andrena_subchalybea",0,4.23985548094483,0.00500013272275592,0,0.082506010380129,0.00339300322314583,"A_South_Goatgrass_2024_spring_full_network_case3_version1","1"
"Anthophora_crotchii",0,2.42386982557905,0.00500012130875292,0,0.0431561711449456,0.00336799789721713,"A_South_Goatgrass_2024_spring_full_network_case3_version1","1"
"Anthrenus_sp.",0,2.29005611142184,0.00500012130875292,0,0.0407736638510169,0.00336799789721713,"A_South_Goatgrass_2024_spring_full_network_case3_version1","1"
"Apis_mellifera",0,2.15470325431907,0.00500012130875292,0,0.0383637526383752,0.00336799789721713,"A_South_Goatgrass_2024_spring_full_network_case3_version1","1"
"BF1_Diptera",0,3.79978451368929,0.00500013272275592,0,0.0739423930671601,0.00339300322314583,"A_South_Goatgrass_2024_spring_full_network_case3_version1","1"
"Bombus_melanopygus",0,2.45955650295585,0.00500012130875292,0,0.0437915602008337,0.00336799789721713,"A_South_Goatgrass_2024_spring_full_network_case3_version1","1"
"Bombus_vosnesenskii",0,2.16433844980775,0.00500012130875292,0,0.0385353039919013,0.00336799789721713,"A_South_Goatgrass_2024_spring_full_network_case3_version1","1"
"Bombylius_major",0,4.21532656452281,0.00500013272275592,0,0.0820286867928424,0.00339300322314583,"A_South_Goatgrass_2024_spring_full_network_case3_version1","1"
"Coenonympha_californica",0,3.68615263905443,0.00500013272275592,0,0.0717311590652452,0.00339300322314583,"A_South_Goatgrass_2024_spring_full_network_case3_version1","1"
"Cyrtopogon_sp.",0,4.4480598881471,0.00500013272275592,0,0.0865575906927407,0.00339300322314583,"A_South_Goatgrass_2024_spring_full_network_case3_version1","1"
"Eucera_actuosa",0,2.17523932220382,0.00500012130875292,0,0.0387293902881372,0.00336799789721713,"A_South_Goatgrass_2024_spring_full_network_case3_version1","1"
"Eucera_frater_albopilosa",0,4.38491402939556,0.00500013272275592,0,0.0853287957737021,0.00339300322314583,"A_South_Goatgrass_2024_spring_full_network_case3_version1","1"
"Glaucophysche_lygdamus",0,2.17686801831039,0.00500012130875292,0,0.0387583886621172,0.00336799789721713,"A_South_Goatgrass_2024_spring_full_network_case3_version1","1"
"Helithodes_dimutiva",0,2.48365765872738,0.00500012130875292,0,0.0442206730179954,0.00336799789721713,"A_South_Goatgrass_2024_spring_full_network_case3_version1","1"
"Icaricia_acmon",0,4.09692741850801,0.00500013272275592,0,0.079724683461601,0.00339300322314583,"A_South_Goatgrass_2024_spring_full_network_case3_version1","1"
"Listrus_sp._1",0,15.3316304483945,0.00500013855295147,0,18.7170575951136,0.00500229224514946,"A_South_Goatgrass_2024_spring_full_network_case3_version1","1"
"Muscidae",0,6.5050523787182,0.0050001298610894,0,6.80486331482498,0.00500053352812467,"A_South_Goatgrass_2024_spring_full_network_case3_version1","1"
"Osmia_cara",0,7.32374100871472,0.00500013079310872,0,10.0977949465182,0.00501303619108902,"A_South_Goatgrass_2024_spring_full_network_case3_version1","1"
"Osmia_nemoris",0,1.58997113672218,0.00500012147471843,0,26.4960184338565,0.00501659700756034,"A_South_Goatgrass_2024_spring_full_network_case3_version1","1"
"Osmia_sp.",0,12.852321250436,0.00500013302791263,0,36.6768231535426,0.00505265957556996,"A_South_Goatgrass_2024_spring_full_network_case3_version1","1"
"Panurginus_sp.",0,17.6476733004402,0.00500013853838861,0,29.9004202494581,0.00501479490811381,"A_South_Goatgrass_2024_spring_full_network_case3_version1","1"
"Polistes_aurifer",0,6.08614182461405,0.00500012986041488,0,6.36664561850893,0.00500053352812467,"A_South_Goatgrass_2024_spring_full_network_case3_version1","1"
"red_Pterophoridae",0,6.53785207977305,0.00500012986114782,0,6.83917471866442,0.00500053352812467,"A_South_Goatgrass_2024_spring_full_network_case3_version1","1"
"Scaeva_affinis",0,6.81991709572024,0.00500013079309948,0,9.40313486121145,0.00501303619108902,"A_South_Goatgrass_2024_spring_full_network_case3_version1","1"
"Sphaerophoria_sp.",0,1.54506374273545,0.00500012147471843,0,25.7476607361713,0.00501659700756034,"A_South_Goatgrass_2024_spring_full_network_case3_version1","1"
"Tachnidae",0,12.0534138593705,0.00500013287333655,0,4.20580493547136,0.00449110568278568,"A_South_Goatgrass_2024_spring_full_network_case3_version1","1"
"Xylocopa_tabaniformis",0,10.5624105844956,0.00500013244600338,0,16.0596171030528,0.00502659655184731,"A_South_Goatgrass_2024_spring_full_network_case3_version1","1"
"Adela_eldorada",1,2.14837751675697e-05,0,1,2.14840740359949e-05,0,"A_South_Goatgrass_2024_spring_nonserpentine_network_case3_version3","3"
"Adela_trigrapha",1,0,0,0,0.491349422718095,0,"A_South_Goatgrass_2024_spring_nonserpentine_network_case3_version3","3"
"Andrena_dissona",1,0,0,0,0.509747623028116,0,"A_South_Goatgrass_2024_spring_nonserpentine_network_case3_version3","3"
"Andrena_pensilis",1,0,0,0,0.528300233547716,0,"A_South_Goatgrass_2024_spring_nonserpentine_network_case3_version3","3"
"Andrena_sp.",1,0,0,0,0.542025236455735,0,"A_South_Goatgrass_2024_spring_nonserpentine_network_case3_version3","3"
"Andrena_subchalybea",1,0,0,0,0.518149111544783,0,"A_South_Goatgrass_2024_spring_nonserpentine_network_case3_version3","3"
"Anthophora_crotchii",1,0,0,0,0.532117733164745,0,"A_South_Goatgrass_2024_spring_nonserpentine_network_case3_version3","3"
"Anthrenus_sp.",1,0,0,0,0.502741299873563,0,"A_South_Goatgrass_2024_spring_nonserpentine_network_case3_version3","3"
"Apis_mellifera",1,0,0,0,0.47302697497561,0,"A_South_Goatgrass_2024_spring_nonserpentine_network_case3_version3","3"
"BF1_Diptera",1,0,0,0,0.464368415071801,0,"A_South_Goatgrass_2024_spring_nonserpentine_network_case3_version3","3"
"Bombus_melanopygus",1,0,0,0,0.53995211175175,0,"A_South_Goatgrass_2024_spring_nonserpentine_network_case3_version3","3"
"Bombus_vosnesenskii",1,0,0,0,0.475142211665,0,"A_South_Goatgrass_2024_spring_nonserpentine_network_case3_version3","3"
"Bombylius_major",1,0,0,0,0.515151453653887,0,"A_South_Goatgrass_2024_spring_nonserpentine_network_case3_version3","3"
"Coenonympha_californica",1,0,0,0,0.450481560873092,0,"A_South_Goatgrass_2024_spring_nonserpentine_network_case3_version3","3"
"Cyrtopogon_sp.",1,0,0,0,0.543593594056365,0,"A_South_Goatgrass_2024_spring_nonserpentine_network_case3_version3","3"
"Eucera_actuosa",1,0,0,0,0.477535305324725,0,"A_South_Goatgrass_2024_spring_nonserpentine_network_case3_version3","3"
"Eucera_frater_albopilosa",1,0,0,0,0.535876592661197,0,"A_South_Goatgrass_2024_spring_nonserpentine_network_case3_version3","3"
"Glaucophysche_lygdamus",1,0,0,0,0.477892856731961,0,"A_South_Goatgrass_2024_spring_nonserpentine_network_case3_version3","3"
"Helithodes_dimutiva",1,0,0,0,0.545243094067668,0,"A_South_Goatgrass_2024_spring_nonserpentine_network_case3_version3","3"
"Icaricia_acmon",0,2.71454942849488,0.00500042541538676,0,2.71454856481751,0.00500046417184523,"A_South_Goatgrass_2024_spring_nonserpentine_network_case3_version3","3"
"Listrus_sp._1",0,2.50642637901148,0.00500042541538676,0,2.50642558192977,0.00500046417184523,"A_South_Goatgrass_2024_spring_nonserpentine_network_case3_version3","3"
"Muscidae",0,2.6655673020577,0.00500042541538676,0,2.66556645456978,0.00500046417184523,"A_South_Goatgrass_2024_spring_nonserpentine_network_case3_version3","3"
"Osmia_cara",0,2.82062583523635,0.00500042541538676,0,2.82062493810722,0.00500046417184523,"A_South_Goatgrass_2024_spring_nonserpentine_network_case3_version3","3"
"Osmia_nemoris",0,2.6764192666239,0.00500042541538676,0,2.6764184156643,0.00500046417184523,"A_South_Goatgrass_2024_spring_nonserpentine_network_case3_version3","3"
"Osmia_sp.",0,2.49817945700167,0.00500042541538676,0,2.49817866254732,0.00500046417184523,"A_South_Goatgrass_2024_spring_nonserpentine_network_case3_version3","3"
"Panurginus_sp.",0,2.85516394200543,0.00500042541538676,0,2.85516303366215,0.00500046417184523,"A_South_Goatgrass_2024_spring_nonserpentine_network_case3_version3","3"
"Polistes_aurifer",0,2.49391084017499,0.00500042541538676,0,2.4939100468468,0.00500046417184523,"A_South_Goatgrass_2024_spring_nonserpentine_network_case3_version3","3"
"red_Pterophoridae",0,2.67900759517231,0.00500042541538676,0,2.67900674319772,0.00500046417184523,"A_South_Goatgrass_2024_spring_nonserpentine_network_case3_version3","3"
"Scaeva_affinis",0,2.62658582966326,0.00500042541538676,0,2.62658499449095,0.00500046417184523,"A_South_Goatgrass_2024_spring_nonserpentine_network_case3_version3","3"
"Sphaerophoria_sp.",0,2.60082606152856,0.00500042541538676,0,2.6008252342985,0.00500046417184523,"A_South_Goatgrass_2024_spring_nonserpentine_network_case3_version3","3"
"Tachnidae",0,2.8505264011966,0.00500042541538676,0,2.85052549439462,0.00500046417184523,"A_South_Goatgrass_2024_spring_nonserpentine_network_case3_version3","3"
"Xylocopa_tabaniformis",0,2.62329653918712,0.00500042541538676,0,2.62329570458789,0.00500046417184523,"A_South_Goatgrass_2024_spring_nonserpentine_network_case3_version3","3"
"Adela_eldorada",1,2.13581262144988e-05,0,1,2.13954991648201e-05,0,"A_South_Goatgrass_2024_spring_serpentine_network_case3_version2","2"
"Adela_trigrapha",1,0,0,0,0.491349422718095,0,"A_South_Goatgrass_2024_spring_serpentine_network_case3_version2","2"
"Andrena_dissona",1,0,0,0,0.509747623028116,0,"A_South_Goatgrass_2024_spring_serpentine_network_case3_version2","2"
"Andrena_pensilis",1,0,0,0,0.528300233547716,0,"A_South_Goatgrass_2024_spring_serpentine_network_case3_version2","2"
"Andrena_sp.",1,0,0,0,0.542025236455735,0,"A_South_Goatgrass_2024_spring_serpentine_network_case3_version2","2"
"Andrena_subchalybea",1,0,0,0,0.518149111544783,0,"A_South_Goatgrass_2024_spring_serpentine_network_case3_version2","2"
"Anthophora_crotchii",1,0,0,0,0.532117733164745,0,"A_South_Goatgrass_2024_spring_serpentine_network_case3_version2","2"
"Anthrenus_sp.",1,0,0,0,0.502741299873563,0,"A_South_Goatgrass_2024_spring_serpentine_network_case3_version2","2"
"Apis_mellifera",1,0,0,0,0.47302697497561,0,"A_South_Goatgrass_2024_spring_serpentine_network_case3_version2","2"
"BF1_Diptera",1,0,0,0,0.464368415071801,0,"A_South_Goatgrass_2024_spring_serpentine_network_case3_version2","2"
"Bombus_melanopygus",1,0,0,0,0.53995211175175,0,"A_South_Goatgrass_2024_spring_serpentine_network_case3_version2","2"
"Bombus_vosnesenskii",1,0,0,0,0.475142211665,0,"A_South_Goatgrass_2024_spring_serpentine_network_case3_version2","2"
"Bombylius_major",1,0,0,0,0.515151453653887,0,"A_South_Goatgrass_2024_spring_serpentine_network_case3_version2","2"
"Coenonympha_californica",0,7.66216829917045,0.00500022599818774,0,17.2160535294681,0.00500995464229172,"A_South_Goatgrass_2024_spring_serpentine_network_case3_version2","2"
"Cyrtopogon_sp.",1,0,0,0,0.543593594056365,0,"A_South_Goatgrass_2024_spring_serpentine_network_case3_version2","2"
"Eucera_actuosa",1,0,0,0,0.477535305324725,0,"A_South_Goatgrass_2024_spring_serpentine_network_case3_version2","2"
"Eucera_frater_albopilosa",0,15.5335885041488,0.0050002311292542,0,33.1672918423513,0.00500808441392792,"A_South_Goatgrass_2024_spring_serpentine_network_case3_version2","2"
"Glaucophysche_lygdamus",0,20.03088566676,0.00500023959975399,0,33.6602502989148,0.00500216565072004,"A_South_Goatgrass_2024_spring_serpentine_network_case3_version2","2"
"Helithodes_dimutiva",1,0,0,0,0.545243094067668,0,"A_South_Goatgrass_2024_spring_serpentine_network_case3_version2","2"
"Icaricia_acmon",1,0,0,0,0.5006819952981,0,"A_South_Goatgrass_2024_spring_serpentine_network_case3_version2","2"
"Listrus_sp._1",0,7.86310075954201,0.00500022599818774,0,17.6675267747498,0.00500995464229172,"A_South_Goatgrass_2024_spring_serpentine_network_case3_version2","2"
"Muscidae",1,0,0,0,0.491647542520262,0,"A_South_Goatgrass_2024_spring_serpentine_network_case3_version2","2"
"Osmia_cara",1,0,0,0,0.520247138044912,0,"A_South_Goatgrass_2024_spring_serpentine_network_case3_version2","2"
"Osmia_nemoris",1,0,0,0,0.493649120835424,0,"A_South_Goatgrass_2024_spring_serpentine_network_case3_version2","2"
"Osmia_sp.",0,13.6554609030884,0.00500023959943457,0,0.0260183895017726,0.00250108282536002,"A_South_Goatgrass_2024_spring_serpentine_network_case3_version2","2"
"Panurginus_sp.",0,10.7934120743452,0.00500023112872842,0,0.0278778972346619,0.00250404220696396,"A_South_Goatgrass_2024_spring_serpentine_network_case3_version2","2"
"Polistes_aurifer",0,5.5320669736774,0.00500022599696023,0,0.0191393334058383,0.00250497732114586,"A_South_Goatgrass_2024_spring_serpentine_network_case3_version2","2"
"red_Pterophoridae",0,16.5138015302147,0.00500024008933971,0,16.4595409688691,0.00500023743512411,"A_South_Goatgrass_2024_spring_serpentine_network_case3_version2","2"
"Scaeva_affinis",0,5.826370570193,0.00500022599696023,0,0.0201575377546491,0.00250497732114586,"A_South_Goatgrass_2024_spring_serpentine_network_case3_version2","2"
"Sphaerophoria_sp.",0,5.76922948808634,0.00500022599695681,0,0.019959846325667,0.00250497732114586,"A_South_Goatgrass_2024_spring_serpentine_network_case3_version2","2"
"Tachnidae",0,17.5710689764153,0.00500024008933971,0,17.5133344770769,0.00500023743512411,"A_South_Goatgrass_2024_spring_serpentine_network_case3_version2","2"
"Xylocopa_tabaniformis",0,9.38830489669576,0.00500022981439517,0,0.229767386545751,0.00333934635207322,"A_South_Goatgrass_2024_spring_serpentine_network_case3_version2","2"
"Anthophora_californica",0,6.23102620628025,0.00500007616632619,0,3.82178922206998,0.00499657659117459,"A_Tac_Shack_2022_spring_full_network_case3_version1","1"
"Anthrenus_sp.",0,6.45426148403266,0.00500007616632619,0,3.9587101962067,0.00499657659117459,"A_Tac_Shack_2022_spring_full_network_case3_version1","1"
"Apis_mellifera",0,10.3468996855753,0.00500006599258681,0,12.0703304165787,0.00500089741274554,"A_Tac_Shack_2022_spring_full_network_case3_version1","1"
"Bombus_crotchii",1,2.11462776441719e-05,0.20099949621642,0,27.9655365815373,0.00500021387368746,"A_Tac_Shack_2022_spring_full_network_case3_version1","1"
"Bombus_melanopygus",0,6.76519789455431,0.00500007616632619,0,4.14942250892601,0.00499657659117459,"A_Tac_Shack_2022_spring_full_network_case3_version1","1"
"Bombus_vosnesenskii",0,10.7139566667467,0.00500006599258681,0,12.4985262188668,0.00500089741274554,"A_Tac_Shack_2022_spring_full_network_case3_version1","1"
"Elateridae",0,11.2025714551971,0.00500006674584937,0,17.2774774934233,0.00500270700391516,"A_Tac_Shack_2022_spring_full_network_case3_version1","1"
"Eucera_actuosa",0,8.64823377107361,0.00500006924604421,0,7.90385462811812,0.00499964179754488,"A_Tac_Shack_2022_spring_full_network_case3_version1","1"
"Hippodamia_convergens",0,7.95425337787575,0.00500006924604421,0,7.26960718693535,0.00499964179754488,"A_Tac_Shack_2022_spring_full_network_case3_version1","1"
"Muscidae",0,8.24391024216603,0.00500006885489444,0,6.61255447943888,0.00499873700196007,"A_Tac_Shack_2022_spring_full_network_case3_version1","1"
"Prosperpinus_clarkiae",0,9.95489914471815,0.00500006793163556,0,9.81686623244561,0.0050000603359451,"A_Tac_Shack_2022_spring_full_network_case3_version1","1"
"Scaeva_affinis",0,7.40560606284316,0.00500006935780908,0,11.3896082112817,0.00500009872038069,"A_Tac_Shack_2022_spring_full_network_case3_version1","1"
"Anthophora_californica",1,2.26560927683654e-05,0,1,2.26698478545887e-05,0,"A_Tac_Shack_2022_spring_nonserpentine_network_case3_version3","3"
"Anthrenus_sp.",1,0,0,0,0.516767906521805,0,"A_Tac_Shack_2022_spring_nonserpentine_network_case3_version3","3"
"Apis_mellifera",1,0,0,0,0.518204911969698,0,"A_Tac_Shack_2022_spring_nonserpentine_network_case3_version3","3"
"Bombus_crotchii",1,0,0,0,0.469955474706346,0,"A_Tac_Shack_2022_spring_nonserpentine_network_case3_version3","3"
"Bombus_melanopygus",1,0,0,0,0.541663389555953,0,"A_Tac_Shack_2022_spring_nonserpentine_network_case3_version3","3"
"Bombus_vosnesenskii",1,0,0,0,0.53658826690474,0,"A_Tac_Shack_2022_spring_nonserpentine_network_case3_version3","3"
"Elateridae",1,0,0,0,0.539001867961605,0,"A_Tac_Shack_2022_spring_nonserpentine_network_case3_version3","3"
"Eucera_actuosa",0,5.87345241245799,0.00500021726465778,0,5.87345226415057,0.00500021616425041,"A_Tac_Shack_2022_spring_nonserpentine_network_case3_version3","3"
"Hippodamia_convergens",0,5.40213527171057,0.00500021726465778,0,5.40213513529928,0.00500021616425041,"A_Tac_Shack_2022_spring_nonserpentine_network_case3_version3","3"
"Muscidae",0,5.76445838123944,0.00500021726465778,0,5.76445823568757,0.00500021616425041,"A_Tac_Shack_2022_spring_nonserpentine_network_case3_version3","3"
"Prosperpinus_clarkiae",0,6.39211733632214,0.00500021726465778,0,6.39211717491708,0.00500021616425041,"A_Tac_Shack_2022_spring_nonserpentine_network_case3_version3","3"
"Scaeva_affinis",0,5.49102627755672,0.00500021726465778,0,5.4910261389048,0.00500021616425041,"A_Tac_Shack_2022_spring_nonserpentine_network_case3_version3","3"
"Anthophora_californica",1,2.25657796367767e-05,0,1,2.26618372551057e-05,0,"A_Tac_Shack_2022_spring_serpentine_network_case3_version2","2"
"Anthrenus_sp.",1,0,0,0,0.516767906521805,0,"A_Tac_Shack_2022_spring_serpentine_network_case3_version2","2"
"Apis_mellifera",1,0,0,0,0.518204911969698,0,"A_Tac_Shack_2022_spring_serpentine_network_case3_version2","2"
"Bombus_crotchii",1,0,0,0,0.469955474706346,0,"A_Tac_Shack_2022_spring_serpentine_network_case3_version2","2"
"Bombus_melanopygus",0,22.3345254012189,0.00500073357877952,0,32.2461607681729,0.00500702549520118,"A_Tac_Shack_2022_spring_serpentine_network_case3_version2","2"
"Bombus_vosnesenskii",1,0,0,0,0.53658826690474,0,"A_Tac_Shack_2022_spring_serpentine_network_case3_version2","2"
"Elateridae",0,11.0848703775707,0.00500047024643386,0,35.2964022284711,0.00501231277341399,"A_Tac_Shack_2022_spring_serpentine_network_case3_version2","2"
"Eucera_actuosa",1,0,0,0,0.504394830695537,0,"A_Tac_Shack_2022_spring_serpentine_network_case3_version2","2"
"Hippodamia_convergens",0,6.74594583233963,0.00500047054970789,0,0.0253035692810427,0.002506156386707,"A_Tac_Shack_2022_spring_serpentine_network_case3_version2","2"
"Muscidae",0,7.19839878808037,0.00500047054963878,0,0.0270006885585999,0.002506156386707,"A_Tac_Shack_2022_spring_serpentine_network_case3_version2","2"
"Prosperpinus_clarkiae",0,7.9821913251952,0.00500047054970789,0,0.0299406393477942,0.002506156386707,"A_Tac_Shack_2022_spring_serpentine_network_case3_version2","2"
"Scaeva_affinis",0,12.5437031773832,0.00500068122650123,0,0.264661045330062,0.00333977942287172,"A_Tac_Shack_2022_spring_serpentine_network_case3_version2","2"
"Adela_eldorada",0,4.08617027922126,0.0050001441095436,0,0.00749042761105531,0.00233954335650054,"A_Upper_Grid_1_2023_spring_full_network_case3_version1","1"
"Adela_trigrapha",0,29.0049147120882,0.00500015365239121,0,27.7856093913531,0.00500023202324599,"A_Upper_Grid_1_2023_spring_full_network_case3_version1","1"
"Andrena_pensilis",0,4.33021053612638,0.0050001441095436,0,0.00793778191975111,0.00233954335650054,"A_Upper_Grid_1_2023_spring_full_network_case3_version1","1"
"Andrena_plana",0,5.3391783654561,0.00500014446789318,0,0.0641855728918121,0.00319210837456208,"A_Upper_Grid_1_2023_spring_full_network_case3_version1","1"
"Andrena_sp.",0,19.972457495286,0.00500015155255338,0,0.280001937858875,0.00325844231044797,"A_Upper_Grid_1_2023_spring_full_network_case3_version1","1"
"Apis_mellifera",0,4.14324958322811,0.0050001441095436,0,0.00759506064530685,0.00233954335650054,"A_Upper_Grid_1_2023_spring_full_network_case3_version1","1"
"BF1_Diptera",0,5.94465253705641,0.00500014446789318,0,0.0714643532358022,0.00319210837456208,"A_Upper_Grid_1_2023_spring_full_network_case3_version1","1"
"Bombus_melanopygus",0,25.6703876399243,0.00500015078974039,0,20.1705083795193,0.00497952858211053,"A_Upper_Grid_1_2023_spring_full_network_case3_version1","1"
"Bombylius_major",0,4.04325607975848,0.0050001441095436,0,0.00741176086925898,0.00233954335650054,"A_Upper_Grid_1_2023_spring_full_network_case3_version1","1"
"Coenonympha_californica",0,5.67739468491234,0.00500014446789318,0,0.0682514809315179,0.00319210837456208,"A_Upper_Grid_1_2023_spring_full_network_case3_version1","1"
"Duforea sp.",0,4.52659554813829,0.0050001441095436,0,0.0082977785956773,0.00233954335650054,"A_Upper_Grid_1_2023_spring_full_network_case3_version1","1"
"Elateridae",0,3.92465828548907,0.0050001441095436,0,0.00719435725391309,0.00233954335650054,"A_Upper_Grid_1_2023_spring_full_network_case3_version1","1"
"Eucera_actuosa",0,5.29204738121095,0.005000144346421,0,0.0241700406876546,0.00276582586553131,"A_Upper_Grid_1_2023_spring_full_network_case3_version1","1"
"Eucera_frater_albopilosa",0,4.68816097741883,0.005000144346421,0,0.0214119476671813,0.00276582586553131,"A_Upper_Grid_1_2023_spring_full_network_case3_version1","1"
"Halictus_tripartitus",0,31.3879973481142,0.00500015089771883,0,43.2853914559143,0.00500380518758835,"A_Upper_Grid_1_2023_spring_full_network_case3_version1","1"
"Junonia_grisea",0,5.02634024987448,0.0050001443464054,0,0.0229564929403895,0.00276582586553131,"A_Upper_Grid_1_2023_spring_full_network_case3_version1","1"
"Listrus_sp._1",0,24.402611247165,0.00500015233120477,0,7.76331381079487,0.00473466810658598,"A_Upper_Grid_1_2023_spring_full_network_case3_version1","1"
"Malachius_sp.",0,33.5114477619409,0.00500015160988491,0,41.4260917478854,0.00500282913761371,"A_Upper_Grid_1_2023_spring_full_network_case3_version1","1"
"Muscidae",0,5.3243624626275,0.00500014434634359,0,0.024317631355339,0.00276582586553131,"A_Upper_Grid_1_2023_spring_full_network_case3_version1","1"
"Nomada_hesperia",0,36.4394814738252,0.00500015251360527,0,69.3814374176484,0.0050326999462565,"A_Upper_Grid_1_2023_spring_full_network_case3_version1","1"
"Panurginus_sp.",0,31.8206610921918,0.00500015122633252,0,48.1340939627621,0.00500433076277289,"A_Upper_Grid_1_2023_spring_full_network_case3_version1","1"
"Syrphidae",0,14.9747142270225,0.00500015072949668,0,68.8053525192427,0.00501434862945457,"A_Upper_Grid_1_2023_spring_full_network_case3_version1","1"
"Adela_eldorada",1,2.1749167552324e-05,0,1,2.16584943171954e-05,0,"A_Upper_Grid_1_2023_spring_nonserpentine_network_case3_version3","3"
"Adela_trigrapha",1,0,0,0,0.464414245548851,0,"A_Upper_Grid_1_2023_spring_nonserpentine_network_case3_version3","3"
"Andrena_pensilis",1,0,0,0,0.510224939538271,0,"A_Upper_Grid_1_2023_spring_nonserpentine_network_case3_version3","3"
"Andrena_plana",1,0,0,0,0.450558819715194,0,"A_Upper_Grid_1_2023_spring_nonserpentine_network_case3_version3","3"
"Andrena_sp.",1,0,0,0,0.542082953263113,0,"A_Upper_Grid_1_2023_spring_nonserpentine_network_case3_version3","3"
"Apis_mellifera",1,0,0,0,0.488195493136624,0,"A_Upper_Grid_1_2023_spring_nonserpentine_network_case3_version3","3"
"BF1_Diptera",1,0,0,0,0.501653147233489,0,"A_Upper_Grid_1_2023_spring_nonserpentine_network_case3_version3","3"
"Bombus_melanopygus",1,0,0,0,0.484445553242436,0,"A_Upper_Grid_1_2023_spring_nonserpentine_network_case3_version3","3"
"Bombylius_major",1,0,0,0,0.47641334562861,0,"A_Upper_Grid_1_2023_spring_nonserpentine_network_case3_version3","3"
"Coenonympha_californica",1,0,0,0,0.479099980056798,0,"A_Upper_Grid_1_2023_spring_nonserpentine_network_case3_version3","3"
"Duforea sp.",1,0,0,0,0.533364814605268,0,"A_Upper_Grid_1_2023_spring_nonserpentine_network_case3_version3","3"
"Elateridae",1,0,0,0,0.462439070740919,0,"A_Upper_Grid_1_2023_spring_nonserpentine_network_case3_version3","3"
"Eucera_actuosa",1,0,0,0,0.513461942627775,0,"A_Upper_Grid_1_2023_spring_nonserpentine_network_case3_version3","3"
"Eucera_frater_albopilosa",1,0,0,0,0.454869745022091,0,"A_Upper_Grid_1_2023_spring_nonserpentine_network_case3_version3","3"
"Halictus_tripartitus",1,0,0,0,0.49580458628284,0,"A_Upper_Grid_1_2023_spring_nonserpentine_network_case3_version3","3"
"Junonia_grisea",1,0,0,0,0.487681655696445,0,"A_Upper_Grid_1_2023_spring_nonserpentine_network_case3_version3","3"
"Listrus_sp._1",1,0,0,0,0.465587290150853,0,"A_Upper_Grid_1_2023_spring_nonserpentine_network_case3_version3","3"
"Malachius_sp.",1,0,0,0,0.525585565378696,0,"A_Upper_Grid_1_2023_spring_nonserpentine_network_case3_version3","3"
"Muscidae",1,0,0,0,0.516597319751325,0,"A_Upper_Grid_1_2023_spring_nonserpentine_network_case3_version3","3"
"Nomada_hesperia",1,0,0,0,0.451153060515017,0,"A_Upper_Grid_1_2023_spring_nonserpentine_network_case3_version3","3"
"Panurginus_sp.",0,16.9104519921797,0.00500022667431151,0,16.910069313714,0.00500032276444527,"A_Upper_Grid_1_2023_spring_nonserpentine_network_case3_version3","3"
"Syrphidae",0,16.1632252422202,0.00500022667431151,0,16.1628594725307,0.00500032276444527,"A_Upper_Grid_1_2023_spring_nonserpentine_network_case3_version3","3"
"Adela_eldorada",1,2.18154981616759e-05,0,1,2.16842755654892e-05,0,"A_Upper_Grid_1_2023_spring_serpentine_network_case3_version2","2"
"Adela_trigrapha",1,0,0,0,0.464414245548851,0,"A_Upper_Grid_1_2023_spring_serpentine_network_case3_version2","2"
"Andrena_pensilis",0,32.7630071491134,0.0050008970609344,0,32.7630120866556,0.00500023055558972,"A_Upper_Grid_1_2023_spring_serpentine_network_case3_version2","2"
"Andrena_plana",1,0,0,0,0.450558819715194,0,"A_Upper_Grid_1_2023_spring_serpentine_network_case3_version2","2"
"Andrena_sp.",0,5.29364536215151,0.00500026424759536,0,1.98369980139155,0.00483130743637406,"A_Upper_Grid_1_2023_spring_serpentine_network_case3_version2","2"
"Apis_mellifera",0,4.76741390317976,0.00500026424759536,0,1.78650388643884,0.00483130743637406,"A_Upper_Grid_1_2023_spring_serpentine_network_case3_version2","2"
"BF1_Diptera",0,22.2477583377854,0.00500096757806915,0,0.264418228391204,0.00323455207926706,"A_Upper_Grid_1_2023_spring_serpentine_network_case3_version2","2"
"Bombus_melanopygus",1,0,0,0,0.484445553242436,0,"A_Upper_Grid_1_2023_spring_serpentine_network_case3_version2","2"
"Bombylius_major",0,4.65235677007023,0.00500026424759536,0,1.74338826455793,0.00483130743637406,"A_Upper_Grid_1_2023_spring_serpentine_network_case3_version2","2"
"Coenonympha_californica",1,0,0,0,0.479099980056798,0,"A_Upper_Grid_1_2023_spring_serpentine_network_case3_version2","2"
"Duforea sp.",0,5.20850943602544,0.00500026424759536,0,1.95179662161516,0.00483130743637406,"A_Upper_Grid_1_2023_spring_serpentine_network_case3_version2","2"
"Elateridae",1,0,0,0,0.462439070740919,0,"A_Upper_Grid_1_2023_spring_serpentine_network_case3_version2","2"
"Eucera_actuosa",1,0,0,0,0.513461942627775,0,"A_Upper_Grid_1_2023_spring_serpentine_network_case3_version2","2"
"Eucera_frater_albopilosa",0,3.14087417318809,0.00500026420150604,0,0.00585851407246188,0.00241565371818703,"A_Upper_Grid_1_2023_spring_serpentine_network_case3_version2","2"
"Halictus_tripartitus",0,3.42352912464662,0.00500026420150604,0,0.00638573608757924,0.00241565371818703,"A_Upper_Grid_1_2023_spring_serpentine_network_case3_version2","2"
"Junonia_grisea",0,3.36744031423455,0.00500026420150604,0,0.00628111646061242,0.00241565371818703,"A_Upper_Grid_1_2023_spring_serpentine_network_case3_version2","2"
"Listrus_sp._1",0,25.200501260265,0.0050010218677471,0,1.07446322024427,0.00392841106830342,"A_Upper_Grid_1_2023_spring_serpentine_network_case3_version2","2"
"Malachius_sp.",0,28.5521064315733,0.0050008845696207,0,28.4542022511917,0.00500024128516984,"A_Upper_Grid_1_2023_spring_serpentine_network_case3_version2","2"
"Muscidae",0,3.56710288451109,0.00500026420150604,0,0.00665353697539976,0.00241565371818703,"A_Upper_Grid_1_2023_spring_serpentine_network_case3_version2","2"
"Nomada_hesperia",0,38.0472225926268,0.00500102639495356,0,58.582010040533,0.00501463575657804,"A_Upper_Grid_1_2023_spring_serpentine_network_case3_version2","2"
"Panurginus_sp.",0,48.736191478935,0.00500104256483096,0,83.2894939680579,0.00501677870701707,"A_Upper_Grid_1_2023_spring_serpentine_network_case3_version2","2"
"Syrphidae",0,34.6319359384978,0.00500095860753103,0,51.1270741762996,0.00501455055445109,"A_Upper_Grid_1_2023_spring_serpentine_network_case3_version2","2"
"Acmaeodera_sp.",0,15.0478084011005,0.00500013093878274,0,2.71950260949262,0.00465532066647302,"A_Upper_Grid_2_2023_spring_full_network_case3_version1","1"
"Andrena_pensilis",0,14.7604864217474,0.00500013093878274,0,2.66757658467254,0.00465532066647302,"A_Upper_Grid_2_2023_spring_full_network_case3_version1","1"
"Anthophora_californica",0,2.1074807229958,0.00500010592257878,0,0.08659107999949,0.00374888325620835,"A_Upper_Grid_2_2023_spring_full_network_case3_version1","1"
"Anthophora_edwardsii",0,2.01348466601033,0.00500010592257878,0,0.0827290185364775,0.00374888325620835,"A_Upper_Grid_2_2023_spring_full_network_case3_version1","1"
"Anthrenus_sp.",0,11.9021784610685,0.00500012890615017,0,0.207871695339011,0.00330580659018724,"A_Upper_Grid_2_2023_spring_full_network_case3_version1","1"
"Apis_mellifera",0,2.03286686777308,0.00500010592257878,0,0.0835253844345336,0.00374888325620835,"A_Upper_Grid_2_2023_spring_full_network_case3_version1","1"
"Autographa_californica",0,2.43925389075365,0.00500010592257878,0,0.100222804645586,0.00374888325620835,"A_Upper_Grid_2_2023_spring_full_network_case3_version1","1"
"Bombus_californicus",0,2.29688474372337,0.00500010592257878,0,0.0943732146287078,0.00374888325620835,"A_Upper_Grid_2_2023_spring_full_network_case3_version1","1"
"Bombus_crotchii",0,2.26651774999821,0.00500010592257878,0,0.0931255112669883,0.00374888325620835,"A_Upper_Grid_2_2023_spring_full_network_case3_version1","1"
"Bombus_melanopygus",0,2.07159974176113,0.00500010592257878,0,0.0851168207631008,0.00374888325620835,"A_Upper_Grid_2_2023_spring_full_network_case3_version1","1"
"Bombus_sp.",0,2.06800322760241,0.00500010592257878,0,0.0849690490479961,0.00374888325620835,"A_Upper_Grid_2_2023_spring_full_network_case3_version1","1"
"Bombus_vosnesenskii",0,2.37875203684457,0.00500010592257878,0,0.0977369357070099,0.00374888325620835,"A_Upper_Grid_2_2023_spring_full_network_case3_version1","1"
"Braconidae",0,26.5177421914309,0.00500013583156108,0,3.58809901890519,0.00452124724309876,"A_Upper_Grid_2_2023_spring_full_network_case3_version1","1"
"Chrysoperla_sp.",0,2.30336866856295,0.00500010592257878,0,0.0946396227881111,0.00374888325620835,"A_Upper_Grid_2_2023_spring_full_network_case3_version1","1"
"Elateridae",0,2.23598663692635,0.00500010592257878,0,0.0918710646558576,0.00374888325620835,"A_Upper_Grid_2_2023_spring_full_network_case3_version1","1"
"Eucera_actuosa",0,2.24554491706939,0.00500010592257878,0,0.0922637903368825,0.00374888325620835,"A_Upper_Grid_2_2023_spring_full_network_case3_version1","1"
"Euopeodes_fumipennis",0,2.06324732988722,0.00500010592257878,0,0.0847736411779522,0.00374888325620835,"A_Upper_Grid_2_2023_spring_full_network_case3_version1","1"
"Hippodamia_convergens",0,2.41379011322426,0.00500010592257878,0,0.0991765621005528,0.00374888325620835,"A_Upper_Grid_2_2023_spring_full_network_case3_version1","1"
"Listrus_sp._1",0,2.30918384087365,0.00500010592257878,0,0.0948785535851914,0.00374888325620835,"A_Upper_Grid_2_2023_spring_full_network_case3_version1","1"
"Muscidae",0,31.3471578246761,0.00500013421925881,0,31.3463815007621,0.0050002322485803,"A_Upper_Grid_2_2023_spring_full_network_case3_version1","1"
"Osmia_sanctaerosae",0,11.0104578365401,0.00500012890615017,0,0.192297783490836,0.00330580659018724,"A_Upper_Grid_2_2023_spring_full_network_case3_version1","1"
"Scaeva_affinis",0,27.642780099015,0.00500013500420158,0,4.44427198807355,0.00460050490903171,"A_Upper_Grid_2_2023_spring_full_network_case3_version1","1"
"Sphex_sp.",0,1.68402129607276,0.00500010966241248,0,50.4505090482521,0.00502027664186911,"A_Upper_Grid_2_2023_spring_full_network_case3_version1","1"
"Syrphidae",0,7.7035448854966,0.00500012803538623,0,0.127472200720975,0.0035273449231978,"A_Upper_Grid_2_2023_spring_full_network_case3_version1","1"
"Thysanoptera",0,33.8296487055803,0.00500013256669005,0,61.2364210989986,0.00501670942914562,"A_Upper_Grid_2_2023_spring_full_network_case3_version1","1"
"Trichodes_ornatus",0,100.681004859091,0.00500013651548131,0,188.617445744335,0.00503130261524456,"A_Upper_Grid_2_2023_spring_full_network_case3_version1","1"
"Acmaeodera_sp.",1,2.48037821671533e-05,0,1,2.48037821671525e-05,0,"A_Upper_Grid_2_2023_spring_nonserpentine_network_case3_version3","3"
"Andrena_pensilis",1,0,0,0,0.535715579281429,0,"A_Upper_Grid_2_2023_spring_nonserpentine_network_case3_version3","3"
"Anthophora_californica",1,0,0,0,0.471740982971034,0,"A_Upper_Grid_2_2023_spring_nonserpentine_network_case3_version3","3"
"Anthophora_edwardsii",1,0,0,0,0.450700794160692,0,"A_Upper_Grid_2_2023_spring_nonserpentine_network_case3_version3","3"
"Anthrenus_sp.",1,0,0,0,0.528247458757017,0,"A_Upper_Grid_2_2023_spring_nonserpentine_network_case3_version3","3"
"Apis_mellifera",1,0,0,0,0.455039329177253,0,"A_Upper_Grid_2_2023_spring_nonserpentine_network_case3_version3","3"
"Autographa_californica",1,0,0,0,0.546005482085052,0,"A_Upper_Grid_2_2023_spring_nonserpentine_network_case3_version3","3"
"Bombus_californicus",1,0,0,0,0.514137403464009,0,"A_Upper_Grid_2_2023_spring_nonserpentine_network_case3_version3","3"
"Bombus_crotchii",0,1.99838708629612,0.00499946990886118,0,1.99838708629611,0.00499946990886125,"A_Upper_Grid_2_2023_spring_nonserpentine_network_case3_version3","3"
"Bombus_melanopygus",0,1.82652801723952,0.00499946990886118,0,1.82652801723951,0.00499946990886125,"A_Upper_Grid_2_2023_spring_nonserpentine_network_case3_version3","3"
"Bombus_sp.",0,1.82335697326898,0.00499946990886118,0,1.82335697326898,0.00499946990886125,"A_Upper_Grid_2_2023_spring_nonserpentine_network_case3_version3","3"
"Bombus_vosnesenskii",0,2.09734397708029,0.00499946990886118,0,2.09734397708029,0.00499946990886125,"A_Upper_Grid_2_2023_spring_nonserpentine_network_case3_version3","3"
"Braconidae",0,1.97020529522353,0.00499946990886118,0,1.97020529522352,0.00499946990886125,"A_Upper_Grid_2_2023_spring_nonserpentine_network_case3_version3","3"
"Chrysoperla_sp.",0,2.03087851492901,0.00499946990886118,0,2.03087851492901,0.00499946990886125,"A_Upper_Grid_2_2023_spring_nonserpentine_network_case3_version3","3"
"Elateridae",0,1.97146782568203,0.00499946990886118,0,1.97146782568203,0.00499946990886125,"A_Upper_Grid_2_2023_spring_nonserpentine_network_case3_version3","3"
"Eucera_actuosa",0,1.97989535444036,0.00499946990886118,0,1.97989535444036,0.00499946990886125,"A_Upper_Grid_2_2023_spring_nonserpentine_network_case3_version3","3"
"Euopeodes_fumipennis",0,1.81916370162396,0.00499946990886118,0,1.81916370162396,0.00499946990886125,"A_Upper_Grid_2_2023_spring_nonserpentine_network_case3_version3","3"
"Hippodamia_convergens",0,2.12823702409938,0.00499946990886118,0,2.12823702409938,0.00499946990886125,"A_Upper_Grid_2_2023_spring_nonserpentine_network_case3_version3","3"
"Listrus_sp._1",0,2.03600574823299,0.00499946990886118,0,2.03600574823299,0.00499946990886125,"A_Upper_Grid_2_2023_spring_nonserpentine_network_case3_version3","3"
"Muscidae",0,1.8818673188451,0.00499946990886118,0,1.8818673188451,0.00499946990886125,"A_Upper_Grid_2_2023_spring_nonserpentine_network_case3_version3","3"
"Osmia_sanctaerosae",0,1.92484972835502,0.00499946990886118,0,1.92484972835502,0.00499946990886125,"A_Upper_Grid_2_2023_spring_nonserpentine_network_case3_version3","3"
"Scaeva_affinis",0,1.92673494044217,0.00499946990886118,0,1.92673494044217,0.00499946990886125,"A_Upper_Grid_2_2023_spring_nonserpentine_network_case3_version3","3"
"Sphex_sp.",0,2.09989247460232,0.00499946990886118,0,2.09989247460232,0.00499946990886125,"A_Upper_Grid_2_2023_spring_nonserpentine_network_case3_version3","3"
"Syrphidae",0,1.86824461958983,0.00499946990886118,0,1.86824461958983,0.00499946990886125,"A_Upper_Grid_2_2023_spring_nonserpentine_network_case3_version3","3"
"Thysanoptera",0,1.82115169734806,0.00499946990886118,0,1.82115169734806,0.00499946990886125,"A_Upper_Grid_2_2023_spring_nonserpentine_network_case3_version3","3"
"Trichodes_ornatus",0,2.05940392559319,0.00499946990886118,0,2.05940392559319,0.00499946990886125,"A_Upper_Grid_2_2023_spring_nonserpentine_network_case3_version3","3"
"Acmaeodera_sp.",1,2.47533429042996e-05,0,1,2.47540456919317e-05,0,"A_Upper_Grid_2_2023_spring_serpentine_network_case3_version2","2"
"Andrena_pensilis",1,0,0,0,0.535715579281429,0,"A_Upper_Grid_2_2023_spring_serpentine_network_case3_version2","2"
"Anthophora_californica",1,0,0,0,0.471740982971034,0,"A_Upper_Grid_2_2023_spring_serpentine_network_case3_version2","2"
"Anthophora_edwardsii",1,0,0,0,0.450700794160692,0,"A_Upper_Grid_2_2023_spring_serpentine_network_case3_version2","2"
"Anthrenus_sp.",1,0,0,0,0.528247458757017,0,"A_Upper_Grid_2_2023_spring_serpentine_network_case3_version2","2"
"Apis_mellifera",1,0,0,0,0.455039329177253,0,"A_Upper_Grid_2_2023_spring_serpentine_network_case3_version2","2"
"Autographa_californica",1,0,0,0,0.546005482085052,0,"A_Upper_Grid_2_2023_spring_serpentine_network_case3_version2","2"
"Bombus_californicus",1,0,0,0,0.514137403464009,0,"A_Upper_Grid_2_2023_spring_serpentine_network_case3_version2","2"
"Bombus_crotchii",1,0,0,0,0.507340019595502,0,"A_Upper_Grid_2_2023_spring_serpentine_network_case3_version2","2"
"Bombus_melanopygus",1,0,0,0,0.463709341601333,0,"A_Upper_Grid_2_2023_spring_serpentine_network_case3_version2","2"
"Bombus_sp.",1,0,0,0,0.462904293608342,0,"A_Upper_Grid_2_2023_spring_serpentine_network_case3_version2","2"
"Bombus_vosnesenskii",1,0,0,0,0.532462675395637,0,"A_Upper_Grid_2_2023_spring_serpentine_network_case3_version2","2"
"Braconidae",1,0,0,0,0.500185374473308,0,"A_Upper_Grid_2_2023_spring_serpentine_network_case3_version2","2"
"Chrysoperla_sp.",1,0,0,0,0.515588772886241,0,"A_Upper_Grid_2_2023_spring_serpentine_network_case3_version2","2"
"Elateridae",1,0,0,0,0.500505899056097,0,"A_Upper_Grid_2_2023_spring_serpentine_network_case3_version2","2"
"Eucera_actuosa",0,17.0797747610673,0.00499996968011055,0,5.03902509507216,0.00485896523569631,"A_Upper_Grid_2_2023_spring_serpentine_network_case3_version2","2"
"Euopeodes_fumipennis",0,15.6932063097329,0.00499996968011055,0,4.62994749911456,0.00485896523569631,"A_Upper_Grid_2_2023_spring_serpentine_network_case3_version2","2"
"Hippodamia_convergens",1,0,0,0,0.540305639938594,0,"A_Upper_Grid_2_2023_spring_serpentine_network_case3_version2","2"
"Listrus_sp._1",0,34.3866020253903,0.00499986481962391,0,34.386597916598,0.00500023304625163,"A_Upper_Grid_2_2023_spring_serpentine_network_case3_version2","2"
"Muscidae",0,30.1550029645669,0.0049997964612206,0,8.23675607587307,0.00483258162030397,"A_Upper_Grid_2_2023_spring_serpentine_network_case3_version2","2"
"Osmia_sanctaerosae",1,0,0,0,0.488670741319037,0,"A_Upper_Grid_2_2023_spring_serpentine_network_case3_version2","2"
"Scaeva_affinis",0,30.3561286040655,0.00499988434817541,0,30.3561249539483,0.00500023286775511,"A_Upper_Grid_2_2023_spring_serpentine_network_case3_version2","2"
"Sphex_sp.",1,0,0,0,0.533109674548316,0,"A_Upper_Grid_2_2023_spring_serpentine_network_case3_version2","2"
"Syrphidae",0,27.7439573278926,0.0049997782110166,0,5.99766452180098,0.00475787028504862,"A_Upper_Grid_2_2023_spring_serpentine_network_case3_version2","2"
"Thysanoptera",0,34.0970484602329,0.00499982276991726,0,33.9977270000134,0.00500024303626295,"A_Upper_Grid_2_2023_spring_serpentine_network_case3_version2","2"
"Trichodes_ornatus",0,104.893672222084,0.00499957773179837,0,171.484862715783,0.00502529849401211,"A_Upper_Grid_2_2023_spring_serpentine_network_case3_version2","2"
"Anthophora_californica",0,4.94338817035328,0.00500020724339835,0,3.74239941198747,0.00507873610081766,"A_Upper_Grid_2_2024_spring_full_network_case3_version1","1"
"Apis_mellifera",0,4.67706534727086,0.00500020724339835,0,3.54077932011452,0.00507873610081766,"A_Upper_Grid_2_2024_spring_full_network_case3_version1","1"
"Bombus_californicus",0,4.30243825584805,0.00500020724339835,0,3.25716732043995,0.00507873610081766,"A_Upper_Grid_2_2024_spring_full_network_case3_version1","1"
"Bombus_crotchii",0,4.72944126807935,0.00500020724339835,0,3.58043058882539,0.00507873610081766,"A_Upper_Grid_2_2024_spring_full_network_case3_version1","1"
"Bombus_melanopygus",0,4.20491883047026,0.00500020724339835,0,3.18334009239576,0.00507873610081766,"A_Upper_Grid_2_2024_spring_full_network_case3_version1","1"
"Bombus_vosnesenskii",0,8.64418284230092,0.00500021357800526,0,1.4316334098715,0.00452713911054038,"A_Upper_Grid_2_2024_spring_full_network_case3_version1","1"
"Chrysoperla_sp.",0,4.49703935540438,0.00500020724339835,0,3.40449037256497,0.00507873610081766,"A_Upper_Grid_2_2024_spring_full_network_case3_version1","1"
"Coenonympha_californica",0,18.2999330025801,0.00500022146042116,0,5.47836553592266,0.00471430816079028,"A_Upper_Grid_2_2024_spring_full_network_case3_version1","1"
"Eucera_actuosa",0,4.19762925727089,0.00500020724339835,0,3.17782151097424,0.00507873610081766,"A_Upper_Grid_2_2024_spring_full_network_case3_version1","1"
"Lasiglossum (Hemihalictus sp.)",0,10.3695582348443,0.00500021357800526,0,1.71738685910592,0.00452713911054038,"A_Upper_Grid_2_2024_spring_full_network_case3_version1","1"
"Listrus_sp._1",0,26.6932695348657,0.00500022457562596,0,12.5358842183142,0.00483815153700349,"A_Upper_Grid_2_2024_spring_full_network_case3_version1","1"
"Listrus_sp._2",0,15.1951414569377,0.00500022077221558,0,4.73676016906689,0.00489652213080397,"A_Upper_Grid_2_2024_spring_full_network_case3_version1","1"
"Muscidae",0,7.39910421238297,0.00500021243475112,0,2.29710503326514,0.00480293760567902,"A_Upper_Grid_2_2024_spring_full_network_case3_version1","1"
"Osmia_cara",0,6.75446040850656,0.00500021243479368,0,2.09697073518482,0.00480293760567902,"A_Upper_Grid_2_2024_spring_full_network_case3_version1","1"
"white_moth_Lepidoptera",0,42.3842707831477,0.00500022475552776,0,144.837083736218,0.00503177679980052,"A_Upper_Grid_2_2024_spring_full_network_case3_version1","1"
"Anthophora_californica",1,2.47305932323351e-05,0,1,2.47305932323254e-05,0,"A_Upper_Grid_2_2024_spring_nonserpentine_network_case3_version3","3"
"Apis_mellifera",1,0,0,0,0.519567915224269,0,"A_Upper_Grid_2_2024_spring_nonserpentine_network_case3_version3","3"
"Bombus_californicus",1,0,0,0,0.477951174288965,0,"A_Upper_Grid_2_2024_spring_nonserpentine_network_case3_version3","3"
"Bombus_crotchii",1,0,0,0,0.525386274641094,0,"A_Upper_Grid_2_2024_spring_nonserpentine_network_case3_version3","3"
"Bombus_melanopygus",0,3.05783647441868,0.00500013740042569,0,3.05783647441868,0.0050001374004257,"A_Upper_Grid_2_2024_spring_nonserpentine_network_case3_version3","3"
"Bombus_vosnesenskii",0,2.94856440901058,0.00500013740042569,0,2.94856440901058,0.0050001374004257,"A_Upper_Grid_2_2024_spring_nonserpentine_network_case3_version3","3"
"Chrysoperla_sp.",0,3.27026787478211,0.00500013740042569,0,3.27026787478212,0.0050001374004257,"A_Upper_Grid_2_2024_spring_nonserpentine_network_case3_version3","3"
"Coenonympha_californica",0,2.99809472381739,0.00500013740042569,0,2.99809472381739,0.0050001374004257,"A_Upper_Grid_2_2024_spring_nonserpentine_network_case3_version3","3"
"Eucera_actuosa",0,3.05253546324499,0.00500013740042569,0,3.05253546324499,0.0050001374004257,"A_Upper_Grid_2_2024_spring_nonserpentine_network_case3_version3","3"
"Lasiglossum (Hemihalictus sp.)",0,3.53709667162112,0.00500013740042569,0,3.53709667162112,0.0050001374004257,"A_Upper_Grid_2_2024_spring_nonserpentine_network_case3_version3","3"
"Listrus_sp._1",0,3.45834015420632,0.00500013740042569,0,3.45834015420632,0.0050001374004257,"A_Upper_Grid_2_2024_spring_nonserpentine_network_case3_version3","3"
"Listrus_sp._2",0,3.43456911216197,0.00500013740042569,0,3.43456911216197,0.0050001374004257,"A_Upper_Grid_2_2024_spring_nonserpentine_network_case3_version3","3"
"Muscidae",0,3.2314716941346,0.00500013740042569,0,3.2314716941346,0.0050001374004257,"A_Upper_Grid_2_2024_spring_nonserpentine_network_case3_version3","3"
"Osmia_cara",0,2.94993109811904,0.00500013740042569,0,2.94993109811904,0.0050001374004257,"A_Upper_Grid_2_2024_spring_nonserpentine_network_case3_version3","3"
"white_moth_Lepidoptera",0,3.32859177599754,0.00500013740042569,0,3.32859177599754,0.0050001374004257,"A_Upper_Grid_2_2024_spring_nonserpentine_network_case3_version3","3"
"Anthophora_californica",1,2.48113053415139e-05,0,1,2.4851594374278e-05,0,"A_Upper_Grid_2_2024_spring_serpentine_network_case3_version2","2"
"Apis_mellifera",1,0,0,0,0.519567915224269,0,"A_Upper_Grid_2_2024_spring_serpentine_network_case3_version2","2"
"Bombus_californicus",1,0,0,0,0.477951174288965,0,"A_Upper_Grid_2_2024_spring_serpentine_network_case3_version2","2"
"Bombus_crotchii",1,0,0,0,0.525386274641094,0,"A_Upper_Grid_2_2024_spring_serpentine_network_case3_version2","2"
"Bombus_melanopygus",1,0,0,0,0.467117892865612,0,"A_Upper_Grid_2_2024_spring_serpentine_network_case3_version2","2"
"Bombus_vosnesenskii",1,0,0,0,0.450425392342929,0,"A_Upper_Grid_2_2024_spring_serpentine_network_case3_version2","2"
"Chrysoperla_sp.",1,0,0,0,0.499569107615188,0,"A_Upper_Grid_2_2024_spring_serpentine_network_case3_version2","2"
"Coenonympha_californica",0,32.7708130711531,0.00499996658167582,0,14.1070553738933,0.00493761104880306,"A_Upper_Grid_2_2024_spring_serpentine_network_case3_version2","2"
"Eucera_actuosa",0,14.9732009155173,0.00500004668545656,0,4.93718672660251,0.00490024414452159,"A_Upper_Grid_2_2024_spring_serpentine_network_case3_version2","2"
"Lasiglossum (Hemihalictus sp.)",1,0,0,0,0.540330118355495,0,"A_Upper_Grid_2_2024_spring_serpentine_network_case3_version2","2"
"Listrus_sp._1",1,0,0,0,0.528299200804112,0,"A_Upper_Grid_2_2024_spring_serpentine_network_case3_version2","2"
"Listrus_sp._2",0,16.8471403521291,0.00500004668545656,0,5.55508993626936,0.00490024414452159,"A_Upper_Grid_2_2024_spring_serpentine_network_case3_version2","2"
"Muscidae",1,0,0,0,0.493642567630691,0,"A_Upper_Grid_2_2024_spring_serpentine_network_case3_version2","2"
"Osmia_cara",1,0,0,0,0.450634169020054,0,"A_Upper_Grid_2_2024_spring_serpentine_network_case3_version2","2"
"white_moth_Lepidoptera",0,73.724499327772,0.00499989042592454,0,113.582255845212,0.00501727709395635,"A_Upper_Grid_2_2024_spring_serpentine_network_case3_version2","2"
"Acmaeodera_sp.",0,13.574546464487,0.0050002209585494,0,1.68849370710441,0.00439846271049438,"A_Upper_Seep_2023_spring_full_network_case3_version1","1"
"Anthophora_californica",0,16.1266455136769,0.00500022094640267,0,16.1266058360696,0.00500024194894826,"A_Upper_Seep_2023_spring_full_network_case3_version1","1"
"Anthrenus_sp.",0,2.70765743843375,0.00500019866908464,0,0.0333213797221435,0.00322257356323213,"A_Upper_Seep_2023_spring_full_network_case3_version1","1"
"Apis_mellifera",0,2.72539869298042,0.00500019866908464,0,0.0335397098080355,0.00322257356323213,"A_Upper_Seep_2023_spring_full_network_case3_version1","1"
"Bombus_californicus",0,2.69463381799286,0.00500019866908464,0,0.0331611064922145,0.00322257356323213,"A_Upper_Seep_2023_spring_full_network_case3_version1","1"
"Bombus_crotchii",0,2.89489691138941,0.00500019866908464,0,0.0356256141826748,0.00322257356323213,"A_Upper_Seep_2023_spring_full_network_case3_version1","1"
"Bombus_melanopygus",0,2.58905741897886,0.00500019866908464,0,0.0318618463909016,0.00322257356323213,"A_Upper_Seep_2023_spring_full_network_case3_version1","1"
"Bombus_sp.",0,16.7610267057886,0.00500021879428339,0,27.4963142893736,0.00501836109067019,"A_Upper_Seep_2023_spring_full_network_case3_version1","1"
"Bombus_vosnesenskii",0,13.235944734377,0.0050002209585494,0,1.64637613875735,0.00439846271049438,"A_Upper_Seep_2023_spring_full_network_case3_version1","1"
"Braconidae",0,2.98451341326082,0.00500019866908464,0,0.0367284662067938,0.00322257356323213,"A_Upper_Seep_2023_spring_full_network_case3_version1","1"
"Conophorus_fenestratus",1,2.17046139039335e-05,0.196109595473907,0,32.5002196699841,0.0050002468898386,"A_Upper_Seep_2023_spring_full_network_case3_version1","1"
"Eristalis_hirta",0,2.58863658363752,0.00500019866908464,0,0.0318566674434029,0.00322257356323213,"A_Upper_Seep_2023_spring_full_network_case3_version1","1"
"Eucera_actuosa",0,18.0130832389047,0.00500021976379911,0,5.61815040761229,0.00467340450127204,"A_Upper_Seep_2023_spring_full_network_case3_version1","1"
"Eucera_frater_albopilosa",0,2.51140669129456,0.00500019866908464,0,0.0309062493686567,0.00322257356323213,"A_Upper_Seep_2023_spring_full_network_case3_version1","1"
"Halictus_tripartitus",0,3.02156055213274,0.00500019866908464,0,0.0371843812604593,0.00322257356323213,"A_Upper_Seep_2023_spring_full_network_case3_version1","1"
"Hippodamia_convergens",0,16.1418249083447,0.00500022094640267,0,16.1417851956405,0.00500024194894826,"A_Upper_Seep_2023_spring_full_network_case3_version1","1"
"Lasioglossum_incompletum",0,31.4147064479752,0.00500022418181395,0,31.4146266783687,0.00500024688038064,"A_Upper_Seep_2023_spring_full_network_case3_version1","1"
"Listrus_sp._1",0,2.7002907294952,0.00500019866908464,0,0.0332307224258323,0.00322257356323213,"A_Upper_Seep_2023_spring_full_network_case3_version1","1"
"Muscidae",0,2.65551934993263,0.00500019866908464,0,0.0326797501646679,0.00322257356323213,"A_Upper_Seep_2023_spring_full_network_case3_version1","1"
"Osmia_sanctaerosae",0,12.1078848565717,0.00500021924935297,0,0.41579444268314,0.00394798903225209,"A_Upper_Seep_2023_spring_full_network_case3_version1","1"
"Osmia_sp.",0,31.5413050435779,0.00500022228119843,0,46.1017171012727,0.00501243157827346,"A_Upper_Seep_2023_spring_full_network_case3_version1","1"
"Panurginus_sp.",0,11.5823520754864,0.00500021829459064,0,0.915472844820929,0.00412046732695116,"A_Upper_Seep_2023_spring_full_network_case3_version1","1"
"Scaeva_affinis",0,32.7398311837808,0.00500022229811846,0,47.8892455324572,0.00501243429439716,"A_Upper_Seep_2023_spring_full_network_case3_version1","1"
"Scathophaga_stercoraria",0,38.0958053117824,0.00500022158865923,0,85.5119541535538,0.00504811719671481,"A_Upper_Seep_2023_spring_full_network_case3_version1","1"
"Acmaeodera_sp.",1,2.37871186546231e-05,0,1,2.37871186546357e-05,0,"A_Upper_Seep_2023_spring_nonserpentine_network_case3_version3","3"
"Anthophora_californica",1,0,0,0,0.487736405496363,0,"A_Upper_Seep_2023_spring_nonserpentine_network_case3_version3","3"
"Anthrenus_sp.",1,0,0,0,0.485767177369337,0,"A_Upper_Seep_2023_spring_nonserpentine_network_case3_version3","3"
"Apis_mellifera",1,0,0,0,0.488950046449411,0,"A_Upper_Seep_2023_spring_nonserpentine_network_case3_version3","3"
"Bombus_californicus",1,0,0,0,0.483430675246488,0,"A_Upper_Seep_2023_spring_nonserpentine_network_case3_version3","3"
"Bombus_crotchii",1,0,0,0,0.51935886771854,0,"A_Upper_Seep_2023_spring_nonserpentine_network_case3_version3","3"
"Bombus_melanopygus",1,0,0,0,0.464489745495138,0,"A_Upper_Seep_2023_spring_nonserpentine_network_case3_version3","3"
"Bombus_sp.",1,0,0,0,0.479152536778316,0,"A_Upper_Seep_2023_spring_nonserpentine_network_case3_version3","3"
"Bombus_vosnesenskii",1,0,0,0,0.516685633159562,0,"A_Upper_Seep_2023_spring_nonserpentine_network_case3_version3","3"
"Braconidae",0,2.24414974802121,0.00500057752169691,0,2.24414974802122,0.0050005775216969,"A_Upper_Seep_2023_spring_nonserpentine_network_case3_version3","3"
"Conophorus_fenestratus",0,2.01796198612062,0.00500057752169691,0,2.01796198612062,0.0050005775216969,"A_Upper_Seep_2023_spring_nonserpentine_network_case3_version3","3"
"Eristalis_hirta",0,1.94647747640589,0.00500057752169691,0,1.94647747640589,0.0050005775216969,"A_Upper_Seep_2023_spring_nonserpentine_network_case3_version3","3"
"Eucera_actuosa",0,2.13848167284618,0.00500057752169691,0,2.13848167284618,0.0050005775216969,"A_Upper_Seep_2023_spring_nonserpentine_network_case3_version3","3"
"Eucera_frater_albopilosa",0,1.88840588500242,0.00500057752169691,0,1.88840588500242,0.0050005775216969,"A_Upper_Seep_2023_spring_nonserpentine_network_case3_version3","3"
"Halictus_tripartitus",0,2.27200665997106,0.00500057752169691,0,2.27200665997106,0.0050005775216969,"A_Upper_Seep_2023_spring_nonserpentine_network_case3_version3","3"
"Hippodamia_convergens",0,2.04615069538736,0.00500057752169691,0,2.04615069538736,0.0050005775216969,"A_Upper_Seep_2023_spring_nonserpentine_network_case3_version3","3"
"Lasioglossum_incompletum",0,2.1025551249138,0.00500057752169691,0,2.1025551249138,0.0050005775216969,"A_Upper_Seep_2023_spring_nonserpentine_network_case3_version3","3"
"Listrus_sp._1",0,2.03043374954323,0.00500057752169691,0,2.03043374954323,0.0050005775216969,"A_Upper_Seep_2023_spring_nonserpentine_network_case3_version3","3"
"Muscidae",0,1.99676873742171,0.00500057752169691,0,1.99676873742171,0.0050005775216969,"A_Upper_Seep_2023_spring_nonserpentine_network_case3_version3","3"
"Osmia_sanctaerosae",0,2.00802910131841,0.00500057752169691,0,2.00802910131841,0.0050005775216969,"A_Upper_Seep_2023_spring_nonserpentine_network_case3_version3","3"
"Osmia_sp.",0,2.23546673748461,0.00500057752169691,0,2.23546673748461,0.0050005775216969,"A_Upper_Seep_2023_spring_nonserpentine_network_case3_version3","3"
"Panurginus_sp.",0,1.93819901959519,0.00500057752169691,0,1.93819901959519,0.0050005775216969,"A_Upper_Seep_2023_spring_nonserpentine_network_case3_version3","3"
"Scaeva_affinis",0,2.15204877089544,0.00500057752169691,0,2.15204877089544,0.0050005775216969,"A_Upper_Seep_2023_spring_nonserpentine_network_case3_version3","3"
"Scathophaga_stercoraria",0,1.90647406248361,0.00500057752169691,0,1.90647406248361,0.0050005775216969,"A_Upper_Seep_2023_spring_nonserpentine_network_case3_version3","3"
"Acmaeodera_sp.",1,2.38310886548252e-05,0,1,2.42316755891597e-05,0,"A_Upper_Seep_2023_spring_serpentine_network_case3_version2","2"
"Anthophora_californica",1,0,0,0,0.487736405496363,0,"A_Upper_Seep_2023_spring_serpentine_network_case3_version2","2"
"Anthrenus_sp.",1,0,0,0,0.485767177369337,0,"A_Upper_Seep_2023_spring_serpentine_network_case3_version2","2"
"Apis_mellifera",1,0,0,0,0.488950046449411,0,"A_Upper_Seep_2023_spring_serpentine_network_case3_version2","2"
"Bombus_californicus",1,0,0,0,0.483430675246488,0,"A_Upper_Seep_2023_spring_serpentine_network_case3_version2","2"
"Bombus_crotchii",1,0,0,0,0.51935886771854,0,"A_Upper_Seep_2023_spring_serpentine_network_case3_version2","2"
"Bombus_melanopygus",1,0,0,0,0.464489745495138,0,"A_Upper_Seep_2023_spring_serpentine_network_case3_version2","2"
"Bombus_sp.",1,0,0,0,0.479152536778316,0,"A_Upper_Seep_2023_spring_serpentine_network_case3_version2","2"
"Bombus_vosnesenskii",1,0,0,0,0.516685633159562,0,"A_Upper_Seep_2023_spring_serpentine_network_case3_version2","2"
"Braconidae",1,0,0,0,0.535436512755899,0,"A_Upper_Seep_2023_spring_serpentine_network_case3_version2","2"
"Conophorus_fenestratus",1,0,0,0,0.481469888394452,0,"A_Upper_Seep_2023_spring_serpentine_network_case3_version2","2"
"Eristalis_hirta",0,15.5111136948832,0.00500060815500103,0,8.26177614051582,0.00497992081269094,"A_Upper_Seep_2023_spring_serpentine_network_case3_version2","2"
"Eucera_actuosa",1,0,0,0,0.510224939538271,0,"A_Upper_Seep_2023_spring_serpentine_network_case3_version2","2"
"Eucera_frater_albopilosa",0,14.5580950486336,0.00500051266862253,0,14.5580854583031,0.0050002293085531,"A_Upper_Seep_2023_spring_serpentine_network_case3_version2","2"
"Halictus_tripartitus",0,29.5584475001018,0.00500071839987681,0,29.5584287007643,0.00500023354532691,"A_Upper_Seep_2023_spring_serpentine_network_case3_version2","2"
"Hippodamia_convergens",0,16.7669017909937,0.00500053922824463,0,16.7668907387295,0.00500022973623906,"A_Upper_Seep_2023_spring_serpentine_network_case3_version2","2"
"Lasioglossum_incompletum",0,17.2291001635381,0.00500053922824463,0,17.2290888109536,0.00500022973623906,"A_Upper_Seep_2023_spring_serpentine_network_case3_version2","2"
"Listrus_sp._1",0,16.180145477752,0.00500060815500103,0,8.61812649197985,0.00497992081269094,"A_Upper_Seep_2023_spring_serpentine_network_case3_version2","2"
"Muscidae",0,33.0814797539015,0.00500077613560527,0,33.0814584578075,0.00500023364447197,"A_Upper_Seep_2023_spring_serpentine_network_case3_version2","2"
"Osmia_sanctaerosae",0,33.0971436415284,0.0050008007237315,0,33.0971227098302,0.00500023457893752,"A_Upper_Seep_2023_spring_serpentine_network_case3_version2","2"
"Osmia_sp.",1,0,0,0,0.533364814605268,0,"A_Upper_Seep_2023_spring_serpentine_network_case3_version2","2"
"Panurginus_sp.",0,14.9419601873174,0.00500051266862253,0,14.9419503442004,0.0050002293085531,"A_Upper_Seep_2023_spring_serpentine_network_case3_version2","2"
"Scaeva_affinis",0,36.5014873819956,0.00500077303422167,0,36.5014635847538,0.00500023310261451,"A_Upper_Seep_2023_spring_serpentine_network_case3_version2","2"
"Scathophaga_stercoraria",0,36.4705900446829,0.0050008001353751,0,51.1780506263519,0.00500711420632546,"A_Upper_Seep_2023_spring_serpentine_network_case3_version2","2"
"Agapostemon_subtilior",0,18.4661691301897,0.00500014708996062,0,2.69073370792682,0.00442094575248443,"A_Vineyard_2022_summer_full_network_case3_version1","1"
"Andrena_novo_sp.",0,30.8010616346199,0.00500015209664831,0,30.8014564459493,0.00500026569357201,"A_Vineyard_2022_summer_full_network_case3_version1","1"
"Apis_mellifera",0,4.50785888189256,0.00500013866337974,0,3.65123047946886,0.00503877943603849,"A_Vineyard_2022_summer_full_network_case3_version1","1"
"Bombus_crotchii",0,4.96610243357611,0.00500013998238708,0,0.817481425300256,0.00451811745831799,"A_Vineyard_2022_summer_full_network_case3_version1","1"
"Bombus_vosnesenskii",0,4.75105599800788,0.00500013866337974,0,3.84821284895109,0.00503877943603849,"A_Vineyard_2022_summer_full_network_case3_version1","1"
"Chrysochus_colbaltinus",0,4.27482437473215,0.00500014045908975,0,0.539199138940028,0.00458458770108593,"A_Vineyard_2022_summer_full_network_case3_version1","1"
"Danaus_plexippus",0,4.03911268061239,0.00500013866337974,0,3.27156011671269,0.00503877943603849,"A_Vineyard_2022_summer_full_network_case3_version1","1"
"Dianthidium_dubium",0,15.1831032301375,0.00500015046134623,0,17.496177925249,0.00504313391469398,"A_Vineyard_2022_summer_full_network_case3_version1","1"
"Eristalis_stipador",0,4.51806090949219,0.00500014045908975,0,0.5698794473526,0.00458458770108593,"A_Vineyard_2022_summer_full_network_case3_version1","1"
"Erynnis_tristus",0,4.91684108895668,0.00500013998238708,0,0.809372403194078,0.00451811745831799,"A_Vineyard_2022_summer_full_network_case3_version1","1"
"Euodyneras_hidalgo",0,3.91100833723628,0.00500014045908975,0,0.493309699523467,0.00458458770108593,"A_Vineyard_2022_summer_full_network_case3_version1","1"
"Halictus_ligatus",0,4.65900058923574,0.00500013866337974,0,3.77365072944985,0.00503877943603849,"A_Vineyard_2022_summer_full_network_case3_version1","1"
"Halictus_tripartitus",0,4.45504529917998,0.00500013866337974,0,3.60845306211389,0.00503877943603849,"A_Vineyard_2022_summer_full_network_case3_version1","1"
"Heliopetes_ericetorum",0,4.29706730440571,0.00500014045908975,0,0.542004720530718,0.00458458770108593,"A_Vineyard_2022_summer_full_network_case3_version1","1"
"Icaricia_acmon",0,4.66134194466249,0.00500013866337974,0,3.77554715664052,0.00503877943603849,"A_Vineyard_2022_summer_full_network_case3_version1","1"
"Junonia_grisea",0,4.90580333159945,0.00500014016879891,0,0.698323078449049,0.00455135257970196,"A_Vineyard_2022_summer_full_network_case3_version1","1"
"Lasioglossum_helianthi",0,4.18768920901805,0.00500013952519683,0,1.33771456668771,0.00481168356856221,"A_Vineyard_2022_summer_full_network_case3_version1","1"
"Lasioglossum_incompletum",0,5.09517682101155,0.00500014016875311,0,0.725279698839176,0.00455135257970196,"A_Vineyard_2022_summer_full_network_case3_version1","1"
"Megachile_apicalis",0,4.90172403991124,0.00500014016879891,0,0.697742406312865,0.00455135257970196,"A_Vineyard_2022_summer_full_network_case3_version1","1"
"Megachile_montivaga",0,4.37834463400099,0.00500014016875311,0,0.623241270890718,0.00455135257970196,"A_Vineyard_2022_summer_full_network_case3_version1","1"
"Melissodes_lupina",0,10.5215630855017,0.00500014981692869,0,2.80912267962352,0.00481386080788995,"A_Vineyard_2022_summer_full_network_case3_version1","1"
"Nemognatha_scutellaris",0,4.90999331669619,0.00500014016879891,0,0.698919507508537,0.00455135257970196,"A_Vineyard_2022_summer_full_network_case3_version1","1"
"Panurginus_sp.",0,4.73960563345201,0.00500013972072278,0,1.20248831224615,0.0047138281984808,"A_Vineyard_2022_summer_full_network_case3_version1","1"
"Sphex_ichneumoneus",0,4.57861762971272,0.00500013972079438,0,1.16164394546857,0.0047138281984808,"A_Vineyard_2022_summer_full_network_case3_version1","1"
"Strymon_melinus",0,32.4957808645938,0.00500015224726887,0,25.7807710202859,0.00494466525614441,"A_Vineyard_2022_summer_full_network_case3_version1","1"
"Villa_sp.",0,9.74045297337119,0.00500014619017197,0,0.950526329189505,0.00450788363729612,"A_Vineyard_2022_summer_full_network_case3_version1","1"
"Zerene_eurydice",0,70.9976159239756,0.00500015338134903,0,196.78320940786,0.00503353217785666,"A_Vineyard_2022_summer_full_network_case3_version1","1"
"Agapostemon_subtilior",1,2.39391013984606e-05,0,1,2.37672836651272e-05,0,"A_Vineyard_2022_summer_nonserpentine_network_case3_version3","3"
"Andrena_novo_sp.",1,0,0,0,0.542989009894891,0,"A_Vineyard_2022_summer_nonserpentine_network_case3_version3","3"
"Apis_mellifera",1,0,0,0,0.516289303436079,0,"A_Vineyard_2022_summer_nonserpentine_network_case3_version3","3"
"Bombus_crotchii",1,0,0,0,0.474322850175352,0,"A_Vineyard_2022_summer_nonserpentine_network_case3_version3","3"
"Bombus_vosnesenskii",1,0,0,0,0.544142897144958,0,"A_Vineyard_2022_summer_nonserpentine_network_case3_version3","3"
"Chrysochus_colbaltinus",1,0,0,0,0.509672315306809,0,"A_Vineyard_2022_summer_nonserpentine_network_case3_version3","3"
"Danaus_plexippus",1,0,0,0,0.462603361537961,0,"A_Vineyard_2022_summer_nonserpentine_network_case3_version3","3"
"Dianthidium_dubium",1,0,0,0,0.474697368510392,0,"A_Vineyard_2022_summer_nonserpentine_network_case3_version3","3"
"Eristalis_stipador",1,0,0,0,0.538672554161713,0,"A_Vineyard_2022_summer_nonserpentine_network_case3_version3","3"
"Erynnis_tristus",1,0,0,0,0.469617795906783,0,"A_Vineyard_2022_summer_nonserpentine_network_case3_version3","3"
"Euodyneras_hidalgo",1,0,0,0,0.466295805301655,0,"A_Vineyard_2022_summer_nonserpentine_network_case3_version3","3"
"Halictus_ligatus",1,0,0,0,0.533599704915471,0,"A_Vineyard_2022_summer_nonserpentine_network_case3_version3","3"
"Halictus_tripartitus",1,0,0,0,0.51024051432509,0,"A_Vineyard_2022_summer_nonserpentine_network_case3_version3","3"
"Heliopetes_ericetorum",1,0,0,0,0.512324261787498,0,"A_Vineyard_2022_summer_nonserpentine_network_case3_version3","3"
"Icaricia_acmon",1,0,0,0,0.53386786248715,0,"A_Vineyard_2022_summer_nonserpentine_network_case3_version3","3"
"Junonia_grisea",1,0,0,0,0.51716482153496,0,"A_Vineyard_2022_summer_nonserpentine_network_case3_version3","3"
"Lasioglossum_helianthi",1,0,0,0,0.489155538072416,0,"A_Vineyard_2022_summer_nonserpentine_network_case3_version3","3"
"Lasioglossum_incompletum",1,0,0,0,0.53712838310149,0,"A_Vineyard_2022_summer_nonserpentine_network_case3_version3","3"
"Megachile_apicalis",1,0,0,0,0.516734786735258,0,"A_Vineyard_2022_summer_nonserpentine_network_case3_version3","3"
"Megachile_montivaga",1,0,0,0,0.461560659488458,0,"A_Vineyard_2022_summer_nonserpentine_network_case3_version3","3"
"Melissodes_lupina",1,0,0,0,0.4500040225219,0,"A_Vineyard_2022_summer_nonserpentine_network_case3_version3","3"
"Nemognatha_scutellaris",1,0,0,0,0.517606525573696,0,"A_Vineyard_2022_summer_nonserpentine_network_case3_version3","3"
"Panurginus_sp.",1,0,0,0,0.51287531711295,0,"A_Vineyard_2022_summer_nonserpentine_network_case3_version3","3"
"Sphex_ichneumoneus",1,0,0,0,0.495454717355526,0,"A_Vineyard_2022_summer_nonserpentine_network_case3_version3","3"
"Strymon_melinus",1,0,0,0,0.507434594331977,0,"A_Vineyard_2022_summer_nonserpentine_network_case3_version3","3"
"Villa_sp.",1,0,0,0,0.453226937541378,0,"A_Vineyard_2022_summer_nonserpentine_network_case3_version3","3"
"Zerene_eurydice",1,0,0,0,0.485139257942857,0,"A_Vineyard_2022_summer_nonserpentine_network_case3_version3","3"
"Agapostemon_subtilior",1,2.37552548803241e-05,0,1,2.40977823488301e-05,0,"A_Vineyard_2022_summer_serpentine_network_case3_version2","2"
"Andrena_novo_sp.",1,0,0,0,0.542989009894891,0,"A_Vineyard_2022_summer_serpentine_network_case3_version2","2"
"Apis_mellifera",1,0,0,0,0.516289303436079,0,"A_Vineyard_2022_summer_serpentine_network_case3_version2","2"
"Bombus_crotchii",1,0,0,0,0.474322850175352,0,"A_Vineyard_2022_summer_serpentine_network_case3_version2","2"
"Bombus_vosnesenskii",0,4.44956664749641,0.00500023306479754,0,1.37050546292142,0.00488977677442369,"A_Vineyard_2022_summer_serpentine_network_case3_version2","2"
"Chrysochus_colbaltinus",0,17.1280247424134,0.00500024883414483,0,6.4176874120302,0.00484644476516906,"A_Vineyard_2022_summer_serpentine_network_case3_version2","2"
"Danaus_plexippus",0,33.2680778976329,0.00500015590197237,0,33.2680574088999,0.0050002326312947,"A_Vineyard_2022_summer_serpentine_network_case3_version2","2"
"Dianthidium_dubium",0,3.7220573623985,0.00500022937428883,0,3.02194327353485,0.00501024866399647,"A_Vineyard_2022_summer_serpentine_network_case3_version2","2"
"Eristalis_stipador",0,4.22368076830797,0.00500022937428883,0,3.42921197725639,0.00501024866399647,"A_Vineyard_2022_summer_serpentine_network_case3_version2","2"
"Erynnis_tristus",0,3.8401598049088,0.00500023306479754,0,1.18280282281764,0.00488977677442369,"A_Vineyard_2022_summer_serpentine_network_case3_version2","2"
"Euodyneras_hidalgo",0,3.81299521509041,0.00500023306479754,0,1.17443589145969,0.00488977677442369,"A_Vineyard_2022_summer_serpentine_network_case3_version2","2"
"Halictus_ligatus",0,4.36335282985901,0.00500023306479754,0,1.34395085270328,0.00488977677442369,"A_Vineyard_2022_summer_serpentine_network_case3_version2","2"
"Halictus_tripartitus",0,4.00074782149492,0.00500022937428883,0,3.24821242417845,0.00501024866399647,"A_Vineyard_2022_summer_serpentine_network_case3_version2","2"
"Heliopetes_ericetorum",0,4.1893792235757,0.00500023306479754,0,1.29036545958049,0.00488977677442369,"A_Vineyard_2022_summer_serpentine_network_case3_version2","2"
"Icaricia_acmon",0,16.5672550084555,0.00500021200664802,0,14.1527838982338,0.00500320795592776,"A_Vineyard_2022_summer_serpentine_network_case3_version2","2"
"Junonia_grisea",0,4.05504066224455,0.00500022937428883,0,3.29229285290282,0.00501024866399647,"A_Vineyard_2022_summer_serpentine_network_case3_version2","2"
"Lasioglossum_helianthi",0,15.1797197537206,0.00500021200664802,0,12.9674646299351,0.00500320795592776,"A_Vineyard_2022_summer_serpentine_network_case3_version2","2"
"Lasioglossum_incompletum",0,4.39220754587815,0.00500023306479754,0,1.35283835765146,0.00488977677442369,"A_Vineyard_2022_summer_serpentine_network_case3_version2","2"
"Megachile_apicalis",0,4.22544497911176,0.00500023306479754,0,1.30147402785159,0.00488977677442369,"A_Vineyard_2022_summer_serpentine_network_case3_version2","2"
"Megachile_montivaga",0,3.61905366410025,0.00500022937428883,0,2.93831443510283,0.00501024866399647,"A_Vineyard_2022_summer_serpentine_network_case3_version2","2"
"Melissodes_lupina",0,3.52843916197239,0.00500022937428883,0,2.8647444015431,0.00501024866399647,"A_Vineyard_2022_summer_serpentine_network_case3_version2","2"
"Nemognatha_scutellaris",0,4.05850402202177,0.00500022937428883,0,3.29510475952071,0.00501024866399647,"A_Vineyard_2022_summer_serpentine_network_case3_version2","2"
"Panurginus_sp.",0,4.1085513248927,0.00500023129699578,0,2.0536561230063,0.00495001271921008,"A_Vineyard_2022_summer_serpentine_network_case3_version2","2"
"Sphex_ichneumoneus",0,3.96899805370029,0.00500023129699578,0,1.98390053101845,0.00495001271921008,"A_Vineyard_2022_summer_serpentine_network_case3_version2","2"
"Strymon_melinus",0,12.4098470229378,0.00500024795224144,0,2.85756355488845,0.00486811076979637,"A_Vineyard_2022_summer_serpentine_network_case3_version2","2"
"Villa_sp.",0,26.8589975097652,0.00500013890222933,0,21.185607104387,0.00498265709388751,"A_Vineyard_2022_summer_serpentine_network_case3_version2","2"
"Zerene_eurydice",0,75.2889734546301,0.00500007706640105,0,135.106498183788,0.0050197472960453,"A_Vineyard_2022_summer_serpentine_network_case3_version2","2"
"Apis_mellifera",0,11.6668986515843,0.00500017517848871,0,1.60998786170313,0.00451897261064703,"A_Vineyard_2023_summer_full_network_case3_version1","1"
"Bombus_californicus",0,14.865748919955,0.0050001459021895,0,14.1670662035801,0.00500014138693094,"A_Vineyard_2023_summer_full_network_case3_version1","1"
"Bombus_crotchii",0,17.5225178632396,0.00500030496101879,0,16.6992263464606,0.00500014254248663,"A_Vineyard_2023_summer_full_network_case3_version1","1"
"Bombus_vosnesenskii",0,15.2750335647595,0.0050001459021895,0,14.5571146749235,0.00500014138693094,"A_Vineyard_2023_summer_full_network_case3_version1","1"
"Diadasia_sp.",0,11.2600824643804,0.00500017517848871,0,1.5538487673695,0.00451897261064703,"A_Vineyard_2023_summer_full_network_case3_version1","1"
"Eucera_frater_albopilosa",1,2.23415757879516e-05,0.197601546373964,0,30.3639088889345,0.00500014437697988,"A_Vineyard_2023_summer_full_network_case3_version1","1"
"Megachile_apicalis",0,17.7012736270467,0.00500030496101879,0,16.8695833107006,0.00500014254248663,"A_Vineyard_2023_summer_full_network_case3_version1","1"
"Melissodes_lupina",0,20.063640342997,0.00500022215760042,0,28.6664281827573,0.00502728775592327,"A_Vineyard_2023_summer_full_network_case3_version1","1"
"Trichodes_ornatus",0,19.1997415655736,0.00500022215759255,0,27.4321111887294,0.00502728775592327,"A_Vineyard_2023_summer_full_network_case3_version1","1"
"Apis_mellifera",1,2.32733397783757e-05,0,1,2.3681191827281e-05,0,"A_Vineyard_2023_summer_nonserpentine_network_case3_version3","3"
"Bombus_californicus",1,0,0,0,0.524171589768572,0,"A_Vineyard_2023_summer_nonserpentine_network_case3_version3","3"
"Bombus_crotchii",1,0,0,0,0.451909240382681,0,"A_Vineyard_2023_summer_nonserpentine_network_case3_version3","3"
"Bombus_vosnesenskii",1,0,0,0,0.538603111723719,0,"A_Vineyard_2023_summer_nonserpentine_network_case3_version3","3"
"Diadasia_sp.",1,0,0,0,0.50249874054105,0,"A_Vineyard_2023_summer_nonserpentine_network_case3_version3","3"
"Eucera_frater_albopilosa",1,0,0,0,0.496332273421032,0,"A_Vineyard_2023_summer_nonserpentine_network_case3_version3","3"
"Megachile_apicalis",1,0,0,0,0.456519387292918,0,"A_Vineyard_2023_summer_nonserpentine_network_case3_version3","3"
"Melissodes_lupina",1,0,0,0,0.521342232064969,0,"A_Vineyard_2023_summer_nonserpentine_network_case3_version3","3"
"Trichodes_ornatus",1,0,0,0,0.498894315934225,0,"A_Vineyard_2023_summer_nonserpentine_network_case3_version3","3"
"Apis_mellifera",1,2.35833513878957e-05,0,1,2.35827773579841e-05,0,"A_Vineyard_2023_summer_serpentine_network_case3_version2","2"
"Bombus_californicus",1,0,0,0,0.524171589768572,0,"A_Vineyard_2023_summer_serpentine_network_case3_version2","2"
"Bombus_crotchii",0,14.2714763199954,0.00500028137273041,0,14.2714763386816,0.0050002805200066,"A_Vineyard_2023_summer_serpentine_network_case3_version2","2"
"Bombus_vosnesenskii",0,16.0169667121358,0.00500027794011682,0,16.0169667330148,0.00500027715447664,"A_Vineyard_2023_summer_serpentine_network_case3_version2","2"
"Diadasia_sp.",0,15.8691131663153,0.00500028137273041,0,15.8691131870935,0.0050002805200066,"A_Vineyard_2023_summer_serpentine_network_case3_version2","2"
"Eucera_frater_albopilosa",0,16.2572570930449,0.00500028209502633,0,16.2572571140982,0.0050002812194976,"A_Vineyard_2023_summer_serpentine_network_case3_version2","2"
"Megachile_apicalis",0,13.5759628383642,0.00500027794011682,0,13.5759628560612,0.00500027715447664,"A_Vineyard_2023_summer_serpentine_network_case3_version2","2"
"Melissodes_lupina",0,35.2239961104658,0.00500031893167017,0,35.223996160218,0.00500031731263614,"A_Vineyard_2023_summer_serpentine_network_case3_version2","2"
"Trichodes_ornatus",0,16.3411762450775,0.00500028209502633,0,16.3411762662395,0.0050002812194976,"A_Vineyard_2023_summer_serpentine_network_case3_version2","2"
"Agapostemon_subtilior",0,8.60231983104398,0.00500025273571879,0,3.10779672917144,0.00486005448994495,"A_Vineyard_2024_summer_full_network_case3_version1","1"
"Anastrangalia_laetifca",0,4.91877276968103,0.00500025542470967,0,1.12503857674078,0.00484066593817123,"A_Vineyard_2024_summer_full_network_case3_version1","1"
"Apis_mellifera",0,9.66526066200859,0.00500025273571879,0,3.49180989120893,0.00486005448994495,"A_Vineyard_2024_summer_full_network_case3_version1","1"
"Bombus_vosnesenskii",0,4.98405204227271,0.00500025542470967,0,1.13996947570611,0.00484066593817123,"A_Vineyard_2024_summer_full_network_case3_version1","1"
"Colias_eurytheme",0,5.88927818957677,0.00500025477315419,0,0.0862607310330177,0.00330906397849302,"A_Vineyard_2024_summer_full_network_case3_version1","1"
"Danaus_plexippus",0,5.77038393394188,0.00500025477315419,0,0.0845192772804196,0.00330906397849302,"A_Vineyard_2024_summer_full_network_case3_version1","1"
"Dianthidium_dubium",0,4.71591825887004,0.00500025542470967,0,1.078640997058,0.00484066593817123,"A_Vineyard_2024_summer_full_network_case3_version1","1"
"Eristalis_hirta",0,4.61675029551584,0.00500025542470967,0,1.05595896052819,0.00484066593817123,"A_Vineyard_2024_summer_full_network_case3_version1","1"
"Halictus_ligatus",0,11.5120996253975,0.00500025247054988,0,13.2461853313401,0.00500642647199155,"A_Vineyard_2024_summer_full_network_case3_version1","1"
"Lasioglossum_titusi",0,12.8825501156923,0.00500025247054988,0,14.8230689339997,0.00500642647199155,"A_Vineyard_2024_summer_full_network_case3_version1","1"
"Megachile_apicalis",0,5.11890287729732,0.00500025542470967,0,1.17081302106333,0.00484066593817123,"A_Vineyard_2024_summer_full_network_case3_version1","1"
"Melissodes_lupina",0,6.52453638661544,0.00500025477315419,0,0.0955654089121033,0.00330906397849302,"A_Vineyard_2024_summer_full_network_case3_version1","1"
"Melissodes_robustior",0,10.1890455494389,0.00500025273571879,0,3.68103988940598,0.00486005448994495,"A_Vineyard_2024_summer_full_network_case3_version1","1"
"Nemognatha_scutellaris",0,5.23085450054849,0.00500025501482521,0,0.297440636216019,0.00407486495833212,"A_Vineyard_2024_summer_full_network_case3_version1","1"
"Polistes_aurifer",0,8.30764514237095,0.00500025287625259,0,3.53506451405637,0.00492354620508139,"A_Vineyard_2024_summer_full_network_case3_version1","1"
"Sphaerophoria_sp.",0,5.97662052729102,0.00500025501490368,0,0.339846923947673,0.00407486495833212,"A_Vineyard_2024_summer_full_network_case3_version1","1"
"Sphex_ashmeadi",0,36.1363539220699,0.00500024944933722,0,48.3773084011329,0.00499767750860272,"A_Vineyard_2024_summer_full_network_case3_version1","1"
"Tachinidae",0,38.1671704550934,0.00500024904825357,0,65.0554889579801,0.00502902599569131,"A_Vineyard_2024_summer_full_network_case3_version1","1"
"Villa_sp.",0,7.07547992703102,0.00500025541951422,0,70.8148343959655,0.00503476874006987,"A_Vineyard_2024_summer_full_network_case3_version1","1"
"Xylocopa_tabiformis",0,15.7936616545322,0.00500025060347542,0,0.808248188803545,0.00410988423306396,"A_Vineyard_2024_summer_full_network_case3_version1","1"
"Agapostemon_subtilior",1,2.05834212313463e-05,0,1,2.05746263453098e-05,0,"A_Vineyard_2024_summer_nonserpentine_network_case3_version3","3"
"Anastrangalia_laetifca",1,0,0,0,0.525317377213071,0,"A_Vineyard_2024_summer_nonserpentine_network_case3_version3","3"
"Apis_mellifera",1,0,0,0,0.50915882008111,0,"A_Vineyard_2024_summer_nonserpentine_network_case3_version3","3"
"Bombus_vosnesenskii",1,0,0,0,0.532289103224077,0,"A_Vineyard_2024_summer_nonserpentine_network_case3_version3","3"
"Colias_eurytheme",1,0,0,0,0.482957887059524,0,"A_Vineyard_2024_summer_nonserpentine_network_case3_version3","3"
"Danaus_plexippus",1,0,0,0,0.473207809414346,0,"A_Vineyard_2024_summer_nonserpentine_network_case3_version3","3"
"Dianthidium_dubium",1,0,0,0,0.503652826907883,0,"A_Vineyard_2024_summer_nonserpentine_network_case3_version3","3"
"Eristalis_hirta",1,0,0,0,0.493061840787093,0,"A_Vineyard_2024_summer_nonserpentine_network_case3_version3","3"
"Halictus_ligatus",1,0,0,0,0.490358108673411,0,"A_Vineyard_2024_summer_nonserpentine_network_case3_version3","3"
"Lasioglossum_titusi",1,0,0,0,0.548732474026611,0,"A_Vineyard_2024_summer_nonserpentine_network_case3_version3","3"
"Megachile_apicalis",1,0,0,0,0.546690965256044,0,"A_Vineyard_2024_summer_nonserpentine_network_case3_version3","3"
"Melissodes_lupina",1,0,0,0,0.535053058334185,0,"A_Vineyard_2024_summer_nonserpentine_network_case3_version3","3"
"Melissodes_robustior",1,0,0,0,0.536751422652393,0,"A_Vineyard_2024_summer_nonserpentine_network_case3_version3","3"
"Nemognatha_scutellaris",1,0,0,0,0.481160518774372,0,"A_Vineyard_2024_summer_nonserpentine_network_case3_version3","3"
"Polistes_aurifer",1,0,0,0,0.464839040867444,0,"A_Vineyard_2024_summer_nonserpentine_network_case3_version3","3"
"Sphaerophoria_sp.",1,0,0,0,0.549759859125949,0,"A_Vineyard_2024_summer_nonserpentine_network_case3_version3","3"
"Sphex_ashmeadi",1,0,0,0,0.513952329831176,0,"A_Vineyard_2024_summer_nonserpentine_network_case3_version3","3"
"Tachinidae",1,0,0,0,0.496807472569313,0,"A_Vineyard_2024_summer_nonserpentine_network_case3_version3","3"
"Villa_sp.",1,0,0,0,0.543191472437788,0,"A_Vineyard_2024_summer_nonserpentine_network_case3_version3","3"
"Xylocopa_tabiformis",1,0,0,0,0.519077261895443,0,"A_Vineyard_2024_summer_nonserpentine_network_case3_version3","3"
"Agapostemon_subtilior",1,2.06098468340999e-05,0,1,2.08576090339774e-05,0,"A_Vineyard_2024_summer_serpentine_network_case3_version2","2"
"Anastrangalia_laetifca",1,0,0,0,0.525317377213071,0,"A_Vineyard_2024_summer_serpentine_network_case3_version2","2"
"Apis_mellifera",1,0,0,0,0.50915882008111,0,"A_Vineyard_2024_summer_serpentine_network_case3_version2","2"
"Bombus_vosnesenskii",0,4.5020574748616,0.00499995772184516,0,0.351917431233238,0.00426570320135058,"A_Vineyard_2024_summer_serpentine_network_case3_version2","2"
"Colias_eurytheme",0,6.65096052041723,0.00499987930156661,0,6.18095224490026,0.00501286322818154,"A_Vineyard_2024_summer_serpentine_network_case3_version2","2"
"Danaus_plexippus",0,4.00235274899317,0.00499995772184516,0,0.312856445339322,0.00426570320135058,"A_Vineyard_2024_summer_serpentine_network_case3_version2","2"
"Dianthidium_dubium",0,6.93595685576602,0.00499987930156661,0,6.44580853631457,0.00501286322818154,"A_Vineyard_2024_summer_serpentine_network_case3_version2","2"
"Eristalis_hirta",0,4.1702765140647,0.00499995772184516,0,0.325982732684278,0.00426570320135058,"A_Vineyard_2024_summer_serpentine_network_case3_version2","2"
"Halictus_ligatus",0,4.14740857016553,0.00499995772184516,0,0.324195188179563,0.00426570320135058,"A_Vineyard_2024_summer_serpentine_network_case3_version2","2"
"Lasioglossum_titusi",0,4.64113415323287,0.00499995772184516,0,0.362788795646151,0.00426570320135058,"A_Vineyard_2024_summer_serpentine_network_case3_version2","2"
"Megachile_apicalis",0,4.6238672399005,0.00499995772184516,0,0.361439073247073,0.00426570320135058,"A_Vineyard_2024_summer_serpentine_network_case3_version2","2"
"Melissodes_lupina",0,7.36837902990035,0.00499987930156661,0,6.84767241754845,0.00501286322818154,"A_Vineyard_2024_summer_serpentine_network_case3_version2","2"
"Melissodes_robustior",0,11.5301826335751,0.00499989786700016,0,14.6282237372,0.00501603335787117,"A_Vineyard_2024_summer_serpentine_network_case3_version2","2"
"Nemognatha_scutellaris",0,10.3360110887415,0.00499989786700016,0,13.1131906225385,0.00501603335787117,"A_Vineyard_2024_summer_serpentine_network_case3_version2","2"
"Polistes_aurifer",0,3.93157039257783,0.00499995772184516,0,0.307323520635364,0.00426570320135058,"A_Vineyard_2024_summer_serpentine_network_case3_version2","2"
"Sphaerophoria_sp.",0,7.57091087390883,0.00499987930156661,0,7.03589179628031,0.00501286322818154,"A_Vineyard_2024_summer_serpentine_network_case3_version2","2"
"Sphex_ashmeadi",0,17.3120553024088,0.00499963245874767,0,0.0852560078833788,0.00271396603297941,"A_Vineyard_2024_summer_serpentine_network_case3_version2","2"
"Tachinidae",0,8.1101139642313,0.00499990590551235,0,2.10865820112423,0.00464086827961087,"A_Vineyard_2024_summer_serpentine_network_case3_version2","2"
"Villa_sp.",0,15.7759302332813,0.00499966023156668,0,9.37102502627691,0.00490216616516365,"A_Vineyard_2024_summer_serpentine_network_case3_version2","2"
"Xylocopa_tabiformis",0,38.5851532561863,0.00499954082573867,0,92.0121690757459,0.00503111338654646,"A_Vineyard_2024_summer_serpentine_network_case3_version2","2"
