"PLANT","extinct_level_P_run1","initial_plant_abundance_run1","plant_abundance_run1","reward_abundance_run1","sum_pol_run1","visit_quanity_run1","visit_quality_run1","foraging_effort_run1","extinct_level_P_run2","initial_plant_abundance_run2","plant_abundance_run2","reward_abundance_run2","sum_pol_run2","visit_quanity_run2","visit_quality_run2","foraging_effort_run2","source_dataframe","version"
"RACA",0,0.486533867072563,0.486533867072563,0.548255028621412,2.36614159936271e-05,1.1512080223792e-05,1,1,0,0.486533867072563,0.791739172850998,0.0125005063562083,32.7604807715619,25.9377559482775,1,1,"P__2023_spring_full_network_case3_version1","1"
"TRLA",0,0.474703888560042,0.874814194755533,0.0124994658519924,35.5089115987571,31.0636999069121,1,1,0,0.474703888560042,0.874814188212623,0.0125005100949783,35.5093076147049,31.0640461149504,1,1,"P__2023_spring_full_network_case3_version1","1"
"RACA",1,0,0,0,0,0,NA,0,1,0,0,0,0,0,NA,0,"P__2023_spring_nonserpentine_network_case3_version3","3"
"TRLA",1,0,0,0,0,0,NA,0,1,0,0,0,0,0,NA,0,"P__2023_spring_nonserpentine_network_case3_version3","3"
"RACA",0,0.486533867072563,0.486533867072563,0.548255028621412,2.36614159936271e-05,1.1512080223792e-05,1,1,0,0.486533867072563,0.791739172850998,0.0125005063562083,32.7604807715619,25.9377559482775,1,1,"P__2023_spring_serpentine_network_case3_version2","2"
"TRLA",0,0.474703888560042,0.874814194755533,0.0124994658519924,35.5089115987571,31.0636999069121,1,1,0,0.474703888560042,0.874814188212623,0.0125005100949783,35.5093076147049,31.0640461149504,1,1,"P__2023_spring_serpentine_network_case3_version2","2"
"ACBR",0,0.451896748646114,0.451896748646114,0.518145181270384,1.92960668355327e-20,-6.74545130770016e-10,-1.29269777022649e-11,-2.23892575558646e-11,0,0.451896748646114,0.651556661961244,0.0180650735058659,1.84359647804349,12.4189256331441,0.09672395203267,0.111111111111111,"P_Aikawa_2022_spring_full_network_case3_version1","1"
"AGHE",0,0.528654495244219,0.734172209420522,0.0125004800904992,13.7910777130132,22.0656573339742,0.458859024302153,0.45080302923028,0,0.528654495244219,0.733128743009322,0.0196492616159194,2.25097331542532,13.9737215049683,0.118096903297991,0.111111111111111,"P_Aikawa_2022_spring_full_network_case3_version1","1"
"AMME",0,0.496101569592069,0.754339522783879,0.0125004837767243,13.576524644921,22.2705694516994,0.459858430828395,0.454619262347636,0,0.496101569592069,0.753437630657855,0.0219554598508105,2.31185803415986,12.615576995858,0.138070643954424,0.142857142857143,"P_Aikawa_2022_spring_full_network_case3_version1","1"
"ANFI",0,0.479080133898687,0.749934356938656,0.0125004836715337,16.6759069765304,23.5141392279629,0.531843222223558,0.513379567748623,0,0.479080133898687,0.749343526154625,0.0226759700183867,3.32977227283211,12.9079235970748,0.193303227854662,0.2,"P_Aikawa_2022_spring_full_network_case3_version1","1"
"CARU",0,0.49981043522703,0.728855726818453,0.0125004768526645,20.3081639863604,20.1338885053138,0.735164576813886,0.728172493300093,0,0.49981043522703,0.727550586881925,0.0307131330146428,1.87547661254878,8.11812126041463,0.168081267373616,0.166666666666667,"P_Aikawa_2022_spring_full_network_case3_version1","1"
"DEUL",0,0.513984860695891,0.667381785133959,0.0125004840589276,10.9069465282323,17.6127434662552,0.413285838081873,0.40638346965974,0,0.513984860695891,0.666584993372349,0.0196328364673162,2.32434221269134,11.161314441953,0.138816234100365,0.142857142857143,"P_Aikawa_2022_spring_full_network_case3_version1","1"
"DICA",0,0.543553715848156,0.772499500725871,0.0125004767768145,22.6326144977416,24.5514958298622,0.712122940320441,0.727564027411583,0,0.543553715848156,0.77205376455445,0.0224058230599376,5.50051493067294,13.6461439524211,0.311200971792516,0.333333333333333,"P_Aikawa_2022_spring_full_network_case3_version1","1"
"ERCA",0,0.507302259959887,0.76527751524461,0.0125004801593436,14.1676492260532,23.3862296182249,0.463613997363727,0.458362577934063,0,0.507302259959887,0.764201091792304,0.0199751679724225,2.23682329026701,14.5659726648619,0.117354524816054,0.111111111111111,"P_Aikawa_2022_spring_full_network_case3_version1","1"
"ERCI",0,0.529083145819177,0.706987940025578,0.0125004780901611,25.7425078779916,18.1996426157535,1,1,0,0.529083145819177,0.707033258433444,0.0125005701791554,25.7439272067103,18.2018127378338,1,1,"P_Aikawa_2022_spring_full_network_case3_version1","1"
"ERGU",0,0.500431782915458,0.683496831346386,0.0125004837367442,13.3903131323157,19.9650658474344,0.458412542518601,0.478263223294513,0,0.500431782915458,0.682765241309576,0.0211273568143332,3.0798968938493,11.7610698724363,0.17879721562287,0.2,"P_Aikawa_2022_spring_full_network_case3_version1","1"
"ERLA",0,0.456975460102305,0.713818591939958,0.0125004727583093,26.2182547555118,20.2065233004199,0.926189894939209,0.930441275168903,0,0.456975460102305,0.712618265919112,0.0281824408419183,2.23534523228052,8.88947247582165,0.179194867579706,0.2,"P_Aikawa_2022_spring_full_network_case3_version1","1"
"ESCA",0,0.486557939432821,0.651167119307618,0.012500479603018,10.0117374675831,16.2470967683633,0.308496755260234,0.660542141117616,0,0.486557939432821,0.650526307548931,0.0137981990657366,2.8723575572315,14.6835846877727,0.133906719179108,0.30952380952381,"P_Aikawa_2022_spring_full_network_case3_version1","1"
"EUSP",0,0.479288047426049,0.662425769812056,0.0125004768746893,22.6895927475927,18.7138311459083,0.49710248870673,1.01814851301223,0,0.479288047426049,0.661511174840187,0.0170645085809757,2.27678363091865,13.6538598250686,0.189540621642077,0.444444444444444,"P_Aikawa_2022_spring_full_network_case3_version1","1"
"GICA",0,0.494213089600305,0.686412609546127,0.0125004758459006,15.2536171735319,18.9225858590274,0.560991099425246,1.13444367535795,0,0.494213089600305,0.686084550000217,0.0239272813572689,4.46630085934523,9.8418358247596,0.256543401800807,0.533333333333333,"P_Aikawa_2022_spring_full_network_case3_version1","1"
"LACA",0,0.539396912320236,0.740268500947441,0.0125004702056122,17.302630846736,21.2314103011566,0.523595840374392,1.03232512022477,0,0.539396912320236,0.740266698307645,0.0134926737939776,12.8575627601794,19.6649862288469,0.325332725585226,0.642857142857143,"P_Aikawa_2022_spring_full_network_case3_version1","1"
"LUBI",0,0.543905366209292,0.651036744742574,0.0125004692108432,13.5298436049015,15.9693474834452,0.457213193297464,1.38891363234378,0,0.543905366209292,0.651068161701739,0.0115396674801925,12.471022980189,17.305909858788,0.28789329814174,0.892857142857143,"P_Aikawa_2022_spring_full_network_case3_version1","1"
"LUMI",0,0.517489879563213,0.76267421228529,0.0125004740024823,25.014809621062,22.7629766551337,0.411241019939359,1.22322366752195,0,0.517489879563213,0.762715037156745,0.0125208208852784,23.4928082070324,22.7282572187219,0.43815654838878,1.30952380952381,"P_Aikawa_2022_spring_full_network_case3_version1","1"
"LUSU",0,0.452405818925428,0.749373590471113,0.0125004763830927,12.2710743105487,24.6021704240915,0.320469813633898,0.924513949356212,0,0.452405818925428,0.749430586099923,0.00969287448129947,12.4970741869295,31.7542385757109,0.283559759897096,0.833333333333333,"P_Aikawa_2022_spring_full_network_case3_version1","1"
"PLER",0,0.484598679670411,0.663320362772599,0.0125004747111145,18.6669177092817,17.8724529101651,0.347075300444122,1.01106911361529,0,0.484598679670411,0.663163745054644,0.0111679109547892,7.37727108548564,20.0031026716679,0.281608204291672,0.80952380952381,"P_Aikawa_2022_spring_full_network_case3_version1","1"
"RACA",0,0.45000922060572,0.750736360797948,0.0125004726371346,19.0738312861588,23.0349216925629,0.357919658325722,1.44975950330707,0,0.45000922060572,0.749962132210794,0.0197225620129612,3.03269714824495,14.5446902953328,0.188464490906858,0.80952380952381,"P_Aikawa_2022_spring_full_network_case3_version1","1"
"SIBE",0,0.504970720342812,0.662671133203092,0.0125004749818047,19.4027640152498,18.8136140473987,0.354517404644189,1.42611639493605,0,0.504970720342812,0.66216500861511,0.0136958760552428,3.18035591047457,17.1398821345749,0.232736030555158,0.977777777777778,"P_Aikawa_2022_spring_full_network_case3_version1","1"
"Sidalcea_sp.",0,0.542896801649079,0.662660331745435,0.0125004649172663,10.5953359865547,16.1333656954552,0.307195812189715,2.09148102024007,0,0.542896801649079,0.66256646789196,0.0136473214530391,5.94338756200966,14.7683483886484,0.262167021572564,1.84285714285714,"P_Aikawa_2022_spring_full_network_case3_version1","1"
"THCA",0,0.466545316072435,0.763767906475723,0.01250046024581,24.9814676965624,21.2148625169996,0.405109413225917,2.81605227331209,0,0.466545316072435,0.763726555818276,0.00534040535902542,14.4772068542741,49.7534532413355,0.461933696424715,3.14444444444444,"P_Aikawa_2022_spring_full_network_case3_version1","1"
"TRFU",0,0.52712722941168,0.776724994425814,0.0125004609522634,23.3764736550628,25.045009531993,0.377312096655043,3.54657652750901,0,0.52712722941168,0.77657887824372,0.0114395115689305,8.88414976941131,27.3644354682556,0.442289453891217,4.15238095238095,"P_Aikawa_2022_spring_full_network_case3_version1","1"
"TRLA",0,0.527344722103954,0.763629618405222,0.0125004581401592,23.349776886044,21.5893366969574,0.329970721867022,4.58942378713059,0,0.527344722103954,0.76348903795579,0.00568302012079201,10.2310723516551,47.5559037528165,0.464036740413844,6.40396825396825,"P_Aikawa_2022_spring_full_network_case3_version1","1"
"URLI",0,0.482744401149798,0.734687270656474,0.0125004388377318,23.7431723283923,21.1139811165264,0.466102237739096,7.01708585442836,0,0.482744401149798,0.734485370694253,0.00936277078541983,6.58626455041044,28.1968698318243,0.549223911457841,8.26111111111111,"P_Aikawa_2022_spring_full_network_case3_version1","1"
"VIVI",0,0.485150124661229,0.769891423996319,0.0125004386742225,27.3775009642739,25.0486103342108,0.355806063615368,8.52233590048118,0,0.485150124661229,0.769890653591583,0.00409173578472264,19.0935657990439,76.6805364508251,0.501123006507198,11.9134920634921,"P_Aikawa_2022_spring_full_network_case3_version1","1"
"ACBR",1,0,0,0,0,0,NA,0,1,0,0,0,0,0,NA,0,"P_Aikawa_2022_spring_nonserpentine_network_case3_version3","3"
"AGHE",1,0,0,0,0,0,NA,0,1,0,0,0,0,0,NA,0,"P_Aikawa_2022_spring_nonserpentine_network_case3_version3","3"
"AMME",1,0.496101569592069,0,0,0,0,NA,0,0,0.496101569592069,0.496101569592069,0.497501813921845,0,0,NA,0,"P_Aikawa_2022_spring_nonserpentine_network_case3_version3","3"
"ANFI",1,0,0,0,0,0,NA,0,1,0,0,0,0,0,NA,0,"P_Aikawa_2022_spring_nonserpentine_network_case3_version3","3"
"CARU",1,0,0,0,0,0,NA,0,1,0,0,0,0,0,NA,0,"P_Aikawa_2022_spring_nonserpentine_network_case3_version3","3"
"DEUL",1,0,0,0,0,0,NA,0,1,0,0,0,0,0,NA,0,"P_Aikawa_2022_spring_nonserpentine_network_case3_version3","3"
"DICA",1,0,0,0,0,0,NA,0,1,0,0,0,0,0,NA,0,"P_Aikawa_2022_spring_nonserpentine_network_case3_version3","3"
"ERCA",1,0,0,0,0,0,NA,0,1,0,0,0,0,0,NA,0,"P_Aikawa_2022_spring_nonserpentine_network_case3_version3","3"
"ERCI",1,0.529083145819177,0,0,0,0,NA,0,0,0.529083145819177,0.529083145819177,0.49649824888748,0,0,NA,0,"P_Aikawa_2022_spring_nonserpentine_network_case3_version3","3"
"ERGU",1,0,0,0,0,0,NA,0,1,0,0,0,0,0,NA,0,"P_Aikawa_2022_spring_nonserpentine_network_case3_version3","3"
"ERLA",1,0,0,0,0,0,NA,0,1,0,0,0,0,0,NA,0,"P_Aikawa_2022_spring_nonserpentine_network_case3_version3","3"
"ESCA",1,0,0,0,0,0,NA,0,1,0,0,0,0,0,NA,0,"P_Aikawa_2022_spring_nonserpentine_network_case3_version3","3"
"EUSP",1,0,0,0,0,0,NA,0,1,0,0,0,0,0,NA,0,"P_Aikawa_2022_spring_nonserpentine_network_case3_version3","3"
"GICA",1,0,0,0,0,0,NA,0,1,0,0,0,0,0,NA,0,"P_Aikawa_2022_spring_nonserpentine_network_case3_version3","3"
"LACA",1,0,0,0,0,0,NA,0,1,0,0,0,0,0,NA,0,"P_Aikawa_2022_spring_nonserpentine_network_case3_version3","3"
"LUBI",1,0,0,0,0,0,NA,0,1,0,0,0,0,0,NA,0,"P_Aikawa_2022_spring_nonserpentine_network_case3_version3","3"
"LUMI",1,0,0,0,0,0,NA,0,1,0,0,0,0,0,NA,0,"P_Aikawa_2022_spring_nonserpentine_network_case3_version3","3"
"LUSU",1,0,0,0,0,0,NA,0,1,0,0,0,0,0,NA,0,"P_Aikawa_2022_spring_nonserpentine_network_case3_version3","3"
"PLER",1,0,0,0,0,0,NA,0,1,0,0,0,0,0,NA,0,"P_Aikawa_2022_spring_nonserpentine_network_case3_version3","3"
"RACA",1,0,0,0,0,0,NA,0,1,0,0,0,0,0,NA,0,"P_Aikawa_2022_spring_nonserpentine_network_case3_version3","3"
"SIBE",1,0,0,0,0,0,NA,0,1,0,0,0,0,0,NA,0,"P_Aikawa_2022_spring_nonserpentine_network_case3_version3","3"
"Sidalcea_sp.",1,0,0,0,0,0,NA,0,1,0,0,0,0,0,NA,0,"P_Aikawa_2022_spring_nonserpentine_network_case3_version3","3"
"THCA",1,0,0,0,0,0,NA,0,1,0,0,0,0,0,NA,0,"P_Aikawa_2022_spring_nonserpentine_network_case3_version3","3"
"TRFU",1,0,0,0,0,0,NA,0,1,0,0,0,0,0,NA,0,"P_Aikawa_2022_spring_nonserpentine_network_case3_version3","3"
"TRLA",1,0,0,0,0,0,NA,0.5,1,0,0,0,0,0,NA,0.5,"P_Aikawa_2022_spring_nonserpentine_network_case3_version3","3"
"URLI",1,0,0,0,0,0,NA,2.50000000332948,1,0,0,0,0,0,NA,3,"P_Aikawa_2022_spring_nonserpentine_network_case3_version3","3"
"VIVI",0,0.485150124661229,0.85044161708469,0.0125008838846561,35.9484678822341,30.5720731574842,1,14.9999999966705,0,0.485150124661229,0.850444765284834,0.0125017132266709,35.9460069638399,30.5700934552899,1,14.5,"P_Aikawa_2022_spring_nonserpentine_network_case3_version3","3"
"ACBR",0,0.451896748646114,0.451896748646114,0.518145181270384,0,0,NA,0,1,0.451896748646114,1.66243049670598e-05,8.47857623734466e-05,0,0,NA,0,"P_Aikawa_2022_spring_serpentine_network_case3_version2","2"
"AGHE",1,0.528654495244219,8.81526426810707e-06,5.17088381980952e-05,0,0,NA,0,1,0.528654495244219,0,0,0,0,NA,0,"P_Aikawa_2022_spring_serpentine_network_case3_version2","2"
"AMME",1,0,0,0,0,0,NA,0,1,0,0,0,0,0,NA,0,"P_Aikawa_2022_spring_serpentine_network_case3_version2","2"
"ANFI",0,0.479080133898687,0.873679786456222,0.0125005916404045,12.4418764810626,31.9287329160953,0.340452470057457,0.339668617338152,0,0.479080133898687,0.873090123271732,0.0190048210087478,3.40346753482587,20.9427347936839,0.14188853169399,0.125,"P_Aikawa_2022_spring_serpentine_network_case3_version2","2"
"CARU",0,0.49981043522703,0.849044676757844,0.0125005920405529,10.3784160707372,27.3365593992499,0.322342647051601,0.299253567804124,0,0.49981043522703,0.848541476779323,0.0167498359640481,3.65792437083987,20.3538886032038,0.152496685428993,0.125,"P_Aikawa_2022_spring_serpentine_network_case3_version2","2"
"DEUL",0,0.513984860695891,0.777590629073691,0.0125005869486986,11.7696376670552,23.9236468727872,0.382548697786752,0.400585199439692,0,0.513984860695891,0.777038134993022,0.0188502351343191,3.2633226139616,15.8143047162682,0.16034382562673,0.142857142857143,"P_Aikawa_2022_spring_serpentine_network_case3_version2","2"
"DICA",0,0.543553715848156,0.9000516966559,0.01250058967623,22.0175356221125,33.3436754217172,0.594323212490157,0.555200765172853,0,0.543553715848156,0.899745076685608,0.0223793022247967,6.8795590327161,18.5709545340684,0.33330808915067,0.25,"P_Aikawa_2022_spring_serpentine_network_case3_version2","2"
"ERCA",0,0.507302259959887,0.891666067417772,0.0125005864592077,17.3563284843218,31.7628105244762,0.487238028023387,0.463804777848216,0,0.507302259959887,0.891008235133198,0.0218188017060858,3.58973428961944,18.1338278014209,0.176382110220563,0.142857142857143,"P_Aikawa_2022_spring_serpentine_network_case3_version2","2"
"ERCI",1,0,0,0,0,0,NA,-6.04588890432064e-13,1,0,0,0,0,0,NA,0.333333333333333,"P_Aikawa_2022_spring_serpentine_network_case3_version2","2"
"ERGU",0,0.500431782915458,0.796319678702363,0.0125005916830358,9.99201703460429,27.1123588258052,0.293476485971091,0.316450570387629,0,0.500431782915458,0.795748574871048,0.0177100929319723,3.14897786341615,19.0875499811256,0.131279009070923,0.125,"P_Aikawa_2022_spring_serpentine_network_case3_version2","2"
"ERLA",0,0.456975460102305,0.831681878796133,0.0125005825830277,32.9993167558416,27.4449337584871,1,1,0,0.456975460102305,0.831681878798603,0.0125005822508811,32.9993176557986,27.4449345070465,1,1,"P_Aikawa_2022_spring_serpentine_network_case3_version2","2"
"ESCA",0,0.486557939432821,0.758753952163103,0.012500590211018,11.4837059871979,22.0722984108833,0.394762119515799,0.435964005393525,0,0.486557939432821,0.75854936604875,0.0175875503833579,5.81974106727241,15.6566411462122,0.281960917154659,0.25,"P_Aikawa_2022_spring_serpentine_network_case3_version2","2"
"EUSP",0,0.479288047426049,0.77179222698493,0.0125005772248025,30.2790709459156,25.4151509870923,0.919496862649035,0.935279970929833,0,0.479288047426049,0.770997645104537,0.0310623308806512,2.81327829176752,10.1633435626899,0.213417063449384,0.2,"P_Aikawa_2022_spring_serpentine_network_case3_version2","2"
"GICA",0,0.494213089600305,0.799730288859082,0.0125005842281512,16.9322582819092,25.6996744005837,0.381777285327904,0.752189283595407,0,0.494213089600305,0.799260599425356,0.0182154646192316,3.74727388070605,17.5895426574644,0.213546391666637,0.342857142857143,"P_Aikawa_2022_spring_serpentine_network_case3_version2","2"
"LACA",0,0.539396912320236,0.862541776274081,0.0125005854149562,28.3537181251833,28.8372187673681,0.493413592769701,0.990123448576388,0,0.539396912320236,0.861997303064048,0.0162358961391365,3.93296957087768,22.1564630889464,0.230052171347822,0.458333333333333,"P_Aikawa_2022_spring_serpentine_network_case3_version2","2"
"LUBI",0,0.543905366209292,0.758584015084083,0.0125005755115832,18.4865882523019,21.6932370749346,0.649243440026759,1.26621460718062,0,0.543905366209292,0.758467958303209,0.0169612108627313,10.6202873166641,15.9637346322028,0.422356202149963,0.583333333333333,"P_Aikawa_2022_spring_serpentine_network_case3_version2","2"
"LUMI",0,0.517489879563213,0.888543248827531,0.0125005769594937,19.4842126081825,30.9109811153559,0.53237944823462,1.10359003218027,0,0.517489879563213,0.888520839542347,0.0119335042091577,17.3004041408909,32.3825014146259,0.332592302038539,0.666666666666667,"P_Aikawa_2022_spring_serpentine_network_case3_version2","2"
"LUSU",0,0.452405818925428,0.873203507405811,0.0125005763674939,24.5713751208616,33.4184059175435,0.549340460189175,1.61037690637279,0,0.452405818925428,0.873172816920663,0.013120292476821,18.9400239371956,31.833688875628,0.412821246394689,1,"P_Aikawa_2022_spring_serpentine_network_case3_version2","2"
"PLER",0,0.484598679670411,0.772861075061169,0.0125005803001206,25.7750840936009,24.2747679995266,0.405923274674758,1.22493586477923,0,0.484598679670411,0.772872649280288,0.0126216723825504,29.5975279346488,24.0418887257128,0.481535971445552,1.36666666666667,"P_Aikawa_2022_spring_serpentine_network_case3_version2","2"
"RACA",0,0.45000922060572,0.874718089626562,0.0125005718410463,23.9719000988281,31.2843146464633,0.645496831565858,2.0073693140343,0,0.45000922060572,0.874558517853243,0.020762730498276,10.5568681997972,18.7966754442111,0.412937929853215,0.916666666666667,"P_Aikawa_2022_spring_serpentine_network_case3_version2","2"
"SIBE",0,0.504970720342812,0.772070735155206,0.012500581291707,20.279007994979,25.54972977363,0.342103609953095,1.05966639364133,0,0.504970720342812,0.771966271168926,0.0112228892038629,10.3473481142304,28.4589111362249,0.287951612213456,0.842857142857143,"P_Aikawa_2022_spring_serpentine_network_case3_version2","2"
"Sidalcea_sp.",0,0.542896801649079,0.772188815915099,0.0125005801462352,20.4572251396717,21.9186336635158,0.343033213087021,1.41293681022549,0,0.542896801649079,0.771637605981586,0.0136950547436753,3.32792309744597,19.9722245255309,0.409761842099857,1.075,"P_Aikawa_2022_spring_serpentine_network_case3_version2","2"
"THCA",0,0.466545316072435,0.889813754247459,0.0125005754673606,18.9423572369387,28.8090187474201,0.423090140048515,2.45038631775512,0,0.466545316072435,0.889694906288106,0.0139299274826813,12.0469211561517,25.8370366508475,0.375856662759429,1.86666666666667,"P_Aikawa_2022_spring_serpentine_network_case3_version2","2"
"TRFU",0,0.52712722941168,0.904976528919792,0.012500570579776,32.6267031792514,34.0128189805185,0.485806924943184,3.33631860862487,0,0.52712722941168,0.904858351157894,0.0101152106005875,13.4225691103642,42.0434717616218,0.639144466787044,3.45833333333333,"P_Aikawa_2022_spring_serpentine_network_case3_version2","2"
"TRLA",0,0.527344722103954,0.889700992623611,0.0125005733406061,23.5762846330214,29.3197203372718,0.339490704630216,3.40711380422381,0,0.527344722103954,0.889498346843122,0.0109424728873808,9.26072035989091,33.4910530449689,0.464170171723757,4.34285714285714,"P_Aikawa_2022_spring_serpentine_network_case3_version2","2"
"URLI",0,0.482744401149798,0.855979806246791,0.0125005700357216,27.3202064403816,28.6737463049977,0.329779300074605,4.63257113450216,0,0.482744401149798,0.855860240705961,0.00694174958006589,11.3253953557612,51.6838790841241,0.515442073169611,6.80119047619048,"P_Aikawa_2022_spring_serpentine_network_case3_version2","2"
"VIVI",1,0,0,0,0,0,NA,10.9999999999952,1,0,0,0,0,0,NA,14.5845238095238,"P_Aikawa_2022_spring_serpentine_network_case3_version2","2"
"ASFA",0,0.471465944881302,0.471465944881302,0.470875268578937,1.54066754385741e-20,5.63266296949409e-10,1.28957170568636e-11,2.43513638478197e-11,0,0.471465944881302,0.811640722150765,0.0204183406771881,1.38159177909867,17.031710086993,0.0658393164032059,0.0714285714285714,"P_Aikawa_2022_summer_full_network_case3_version1","1"
"CAPA",0,0.528135620047401,0.783451380677758,0.0125003270735575,17.9786155648057,23.1677063967779,0.607974347813757,0.602741149973893,0,0.528135620047401,0.781839075042292,0.0175526586346537,1.52547034260032,16.4063434687171,0.0726958035431367,0.0714285714285714,"P_Aikawa_2022_summer_full_network_case3_version1","1"
"CESO",0,0.475366136676337,0.785030731443784,0.0125003272894274,13.9066945294082,25.3534447254152,0.33622262620253,0.738938373095245,0,0.475366136676337,0.784451674256029,0.0124421407482405,3.30596104003723,25.4351342883595,0.117406740725854,0.271428571428571,"P_Aikawa_2022_summer_full_network_case3_version1","1"
"ERLA",0,0.478659119190955,0.8121139624212,0.0125003301662173,20.8546937599582,25.4341478584035,0.412848733277998,0.840480958710606,0,0.478659119190955,0.811787171795348,0.0113040786838784,5.83595785217556,28.1117786168718,0.193924792961448,0.404761904761905,"P_Aikawa_2022_summer_full_network_case3_version1","1"
"ERLU",0,0.523816242382776,0.87731558557212,0.0125003282685464,18.0268280923887,30.8340907624549,0.361558606196922,1.00874808626373,0,0.523816242382776,0.876896483086451,0.0126120940489581,4.81657087160376,30.5313672553033,0.188990532427869,0.521428571428571,"P_Aikawa_2022_summer_full_network_case3_version1","1"
"ERNU",0,0.479585727317997,0.790044684695732,0.0125003347357888,21.1605305969219,24.6580513985823,0.473253566043742,1.34362499225839,0,0.479585727317997,0.78985611270655,0.0121684902547183,7.561947126492,25.3208027786501,0.386841011543891,1.07142857142857,"P_Aikawa_2022_summer_full_network_case3_version1","1"
"GRCA",0,0.497319033577721,0.860925989524544,0.0125003337657585,23.3524347339777,30.188702786681,0.432279237830562,1.67138493061925,0,0.497319033577721,0.860760860579693,0.0152904345911788,8.6927409713078,24.6543178201749,0.331347667933096,1.28333333333333,"P_Aikawa_2022_summer_full_network_case3_version1","1"
"HECO",0,0.540997340758796,0.785454605896914,0.0125003310367802,18.0356233733358,25.4197746923289,0.317274403984981,1.27383141692407,0,0.540997340758796,0.785084276421445,0.0109494209973233,5.04620273329849,29.0049441977279,0.21509585054248,0.854761904761905,"P_Aikawa_2022_summer_full_network_case3_version1","1"
"HEEX",0,0.542306133076691,0.728809311586461,0.0125003520381945,21.2569601874645,19.1392799440615,0.607979963423058,3.02454997357134,0,0.542306133076691,0.728592177577762,0.0115493673567911,7.12579743871622,20.7092626628271,0.513652692412007,2.57142857142857,"P_Aikawa_2022_summer_full_network_case3_version1","1"
"HOMA",0,0.539178619947833,0.769352729768213,0.0125003439144911,30.7736676549894,25.1141846811377,0.593824068577539,2.9871602174936,0,0.539178619947833,0.76924357848229,0.012100089609272,12.0147811414596,25.9403456992307,0.547055767287976,2.82142857142857,"P_Aikawa_2022_summer_full_network_case3_version1","1"
"HOVI",0,0.475065463234235,0.846821267398913,0.0125003352319745,22.6550963084147,27.8995828604351,0.364487690978979,1.73502542645638,0,0.475065463234235,0.846671180879778,0.0106561778863167,9.04890698540823,32.7306045565175,0.450521773232006,2.1547619047619,"P_Aikawa_2022_summer_full_network_case3_version1","1"
"LERA",0,0.525240577792395,0.787194585532161,0.0125003455038538,29.1048983502233,24.9197079478213,0.601184255593438,3.03318825227879,0,0.525240577792395,0.787087933426447,0.0120176472180231,11.5934959368413,25.9169356711263,0.563233968073389,2.90476190476191,"P_Aikawa_2022_summer_full_network_case3_version1","1"
"LULU",0,0.518390956785712,0.747639806900377,0.0125003352492434,11.5943860215403,24.3864101944031,0.272458200967243,1.55933260267972,0,0.518390956785712,0.747509284363443,0.0118368471670812,7.1625891939104,25.7487727788128,0.322295522185083,1.82142857142857,"P_Aikawa_2022_summer_full_network_case3_version1","1"
"SAVE",0,0.496810697459993,0.831699254021538,0.0125003488579801,29.2420298941446,28.9524557615059,0.559181441577225,3.94270573540544,0,0.496810697459993,0.831603644565785,0.0121650479774075,13.1195104952742,29.7461934986579,0.625057815707255,4.4047619047619,"P_Aikawa_2022_summer_full_network_case3_version1","1"
"STAL",0,0.497392210107014,0.829422928097277,0.0125003756782839,32.9972797109735,29.0428480139604,0.593541624236119,11.2382878842509,0,0.497392210107014,0.829196896888945,0.0105277313574511,8.94936885106802,34.4827353414499,0.735069988471494,13.7714285714286,"P_Aikawa_2022_summer_full_network_case3_version1","1"
"ASFA",1,0,0,0,0,0,NA,0,1,0,0,0,0,0,NA,0,"P_Aikawa_2022_summer_nonserpentine_network_case3_version3","3"
"CAPA",1,0,0,0,0,0,NA,0,1,0,0,0,0,0,NA,0,"P_Aikawa_2022_summer_nonserpentine_network_case3_version3","3"
"CESO",1,0.475366136676337,0,0,0,0,NA,0,0,0.475366136676337,0.475366136676337,0.539777087322332,0,0,NA,0,"P_Aikawa_2022_summer_nonserpentine_network_case3_version3","3"
"ERLA",1,0,0,0,0,0,NA,0,1,0,0,0,0,0,NA,0,"P_Aikawa_2022_summer_nonserpentine_network_case3_version3","3"
"ERLU",1,0,0,0,0,0,NA,0,1,0,0,0,0,0,NA,0,"P_Aikawa_2022_summer_nonserpentine_network_case3_version3","3"
"ERNU",1,0,0,0,0,0,NA,0,1,0,0,0,0,0,NA,0,"P_Aikawa_2022_summer_nonserpentine_network_case3_version3","3"
"GRCA",1,0,0,0,0,0,NA,0,1,0,0,0,0,0,NA,0,"P_Aikawa_2022_summer_nonserpentine_network_case3_version3","3"
"HECO",1,0,0,0,0,0,NA,0,1,0,0,0,0,0,NA,0,"P_Aikawa_2022_summer_nonserpentine_network_case3_version3","3"
"HEEX",1,0,0,0,0,0,NA,0,1,0,0,0,0,0,NA,0,"P_Aikawa_2022_summer_nonserpentine_network_case3_version3","3"
"HOMA",1,0,0,0,0,0,NA,0,1,0,0,0,0,0,NA,0,"P_Aikawa_2022_summer_nonserpentine_network_case3_version3","3"
"HOVI",1,0,0,0,0,0,NA,0,1,0,0,0,0,0,NA,0,"P_Aikawa_2022_summer_nonserpentine_network_case3_version3","3"
"LERA",1,0,0,0,0,0,NA,0,1,0,0,0,0,0,NA,0,"P_Aikawa_2022_summer_nonserpentine_network_case3_version3","3"
"LULU",1,0,0,0,0,0,NA,0,1,0,0,0,0,0,NA,0,"P_Aikawa_2022_summer_nonserpentine_network_case3_version3","3"
"SAVE",1,0,0,0,0,0,NA,0,1,0,0,0,0,0,NA,0,"P_Aikawa_2022_summer_nonserpentine_network_case3_version3","3"
"STAL",1,0,0,0,0,0,NA,5,1,0,0,0,0,0,NA,5,"P_Aikawa_2022_summer_nonserpentine_network_case3_version3","3"
"ASFA",0,0.471465944881302,0.471465944881302,0.470875268578937,0,0,NA,0,1,0.471465944881302,8.39954682129981e-06,4.1725072269695e-05,0,0,NA,0,"P_Aikawa_2022_summer_serpentine_network_case3_version2","2"
"CAPA",0,0.528135620047401,0.818825964500804,0.0125017136515216,18.3242024993251,25.3112180374845,0.592793786652123,0.602480832827884,0,0.528135620047401,0.816527044075771,0.0284440124217617,1.11605120462396,11.0101729839502,0.0827676361195425,0.0769230769230769,"P_Aikawa_2022_summer_serpentine_network_case3_version2","2"
"CESO",1,0,0,0,0,0,NA,-1.76316063743729e-10,1,0,0,0,0,0,NA,0.0769230769230769,"P_Aikawa_2022_summer_serpentine_network_case3_version2","2"
"ERLA",0,0.478659119190955,0.848753130851022,0.012501710402966,16.2675969698927,27.7846375493777,0.383555832170889,0.763860843362832,0,0.478659119190955,0.848227211872234,0.0148615649520851,3.91634559758915,23.3285312704198,0.141292875076747,0.276923076923077,"P_Aikawa_2022_summer_serpentine_network_case3_version2","2"
"ERLU",0,0.523816242382776,0.916979157236921,0.0125017052854201,26.4415584014581,33.6893112624062,0.460794105401038,0.899068002220326,0,0.523816242382776,0.916742543347452,0.0140067025130502,7.96524467199742,30.0412606116875,0.220542913737235,0.41025641025641,"P_Aikawa_2022_summer_serpentine_network_case3_version2","2"
"ERNU",0,0.479585727317997,0.825659453637755,0.0125017011673656,16.1499052643894,26.9347403386101,0.334272975125245,0.996436351799713,0,0.479585727317997,0.825267186524629,0.0132738934369026,4.69279317099368,25.3369612205042,0.177247792155515,0.526923076923077,"P_Aikawa_2022_summer_serpentine_network_case3_version2","2"
"GRCA",0,0.497319033577721,0.899806503375409,0.0125016876330626,26.4761954373019,32.9812570241487,0.508112595833936,1.41121017500149,0,0.497319033577721,0.899706456035764,0.0132042489488425,13.303438866473,31.2115899808968,0.409815939087149,1.07692307692308,"P_Aikawa_2022_summer_serpentine_network_case3_version2","2"
"HECO",0,0.540997340758796,0.820952345804332,0.0125016747271561,22.1083350506549,27.7731048091758,0.400919476750566,1.60767161221616,0,0.540997340758796,0.820774701796448,0.0120402718070127,9.41157571569172,28.8256464830776,0.306105552932538,1.28333333333333,"P_Aikawa_2022_summer_serpentine_network_case3_version2","2"
"HEEX",0,0.542306133076691,0.761662790683697,0.0125016751804729,15.0172676198889,20.9071661548293,0.301183205392596,1.19627690789572,0,0.542306133076691,0.761359313787085,0.0104147204841266,5.38661854551754,25.0899014750958,0.218208288893406,0.86025641025641,"P_Aikawa_2022_summer_serpentine_network_case3_version2","2"
"HOMA",0,0.539178619947833,0.804087621937914,0.0125015278211731,32.0264600732231,27.4364265957764,0.599184926093673,3.01078502556638,0,0.539178619947833,0.804034133743631,0.0123751855707072,19.0551146430146,27.7114985820929,0.550290477007817,2.82692307692308,"P_Aikawa_2022_summer_serpentine_network_case3_version2","2"
"HOVI",0,0.475065463234235,0.885057162135273,0.0125016738551922,23.7547144928997,30.4795789691079,0.366854333148383,1.73657832438419,0,0.475065463234235,0.884940870725803,0.0113804992321727,11.6624302791309,33.4788139472506,0.454457458412949,2.16025641025641,"P_Aikawa_2022_summer_serpentine_network_case3_version2","2"
"LERA",0,0.525240577792395,0.822730334816469,0.0125014794533077,30.1873089117221,27.2237238940735,0.609068150175454,3.07294559477393,0,0.525240577792395,0.822675516434552,0.0123761685322157,18.8271907892796,27.4944934157634,0.565301572396862,2.91025641025641,"P_Aikawa_2022_summer_serpentine_network_case3_version2","2"
"LULU",0,0.518390956785712,0.781404815427146,0.0125016798765723,11.620335588263,26.6421458883071,0.260715600292957,1.52442547494712,0,0.518390956785712,0.781388416702259,0.0114963866633866,10.9832418879526,28.974605444221,0.31523353957029,1.82692307692308,"P_Aikawa_2022_summer_serpentine_network_case3_version2","2"
"SAVE",0,0.496810697459993,0.869263048586027,0.0125012609334476,35.4814581677517,31.6303940667673,0.720985543155584,5.04864129785455,0,0.496810697459993,0.869216746902532,0.0123738382396122,22.8264416256307,31.9517695068164,0.773214452677929,5.41025641025641,"P_Aikawa_2022_summer_serpentine_network_case3_version2","2"
"STAL",0,0.497392210107014,0.866871748215765,0.0125007087948848,35.2358167834514,31.7286417782805,0.639838160321706,12.129619557407,0,0.497392210107014,0.866697714681173,0.0117035194604918,11.7183643967628,33.8820341266683,0.762957779975559,14.2769230769231,"P_Aikawa_2022_summer_serpentine_network_case3_version2","2"
"AGHE",0,0.515988757352339,0.515988757352339,0.541796731525937,4.46923659395992e-20,-7.54074207776393e-10,-3.05815503653297e-11,-4.12251706623811e-11,0,0.515988757352339,0.873323185893788,0.0162270756998729,5.52700524321949,25.2807189417636,0.190930560107061,0.166666666666667,"P_Aikawa_2024_spring_full_network_case3_version1","1"
"ALAM",0,0.523044820769245,0.801737406817658,0.0125004670399325,33.3125173516982,27.5773666561935,0.968471413862153,0.970307215805117,0,0.523044820769245,0.801155794260974,0.0148348900522938,4.39056554513557,23.1916371744427,0.151672217019861,0.166666666666667,"P_Aikawa_2024_spring_full_network_case3_version1","1"
"DEVA",0,0.514302668703861,0.815088547774488,0.0125004651774326,32.4177058052353,26.4233007469698,1,2,0,0.514302668703861,0.815090733442498,0.012500511639727,32.4176654852316,26.423338736851,1,2,"P_Aikawa_2024_spring_full_network_case3_version1","1"
"LACA",0,0.484952905790393,0.853777206539019,0.0125004532905468,30.1427030575325,26.8144511012717,0.95974937979526,1.91785936960117,0,0.484952905790393,0.85368098465668,0.0138989913869364,14.2646038156013,24.1022873105388,0.505239227885037,1,"P_Aikawa_2024_spring_full_network_case3_version1","1"
"RACA",0,0.503487619130634,0.756300590349259,0.0125004489902133,25.8243149459327,22.239259287564,0.667057222112857,3.40505960927502,0,0.503487619130634,0.756095872633296,0.01106523202808,7.96824889238672,25.1204051392907,0.580579747963141,3,"P_Aikawa_2024_spring_full_network_case3_version1","1"
"Sidalcea_sp.",0,0.516414728558815,0.769472185409198,0.0125004496952032,28.7404222098714,23.044463261532,0.767070408949632,3.84077848421805,0,0.516414728558815,0.769289473348004,0.0111443230786144,9.14866915764036,25.8463817902532,0.730274027648071,3.66666666666667,"P_Aikawa_2024_spring_full_network_case3_version1","1"
"TRFU",0,0.482342888010825,0.881093406350483,0.0125004487192627,34.4366776489026,32.133460412818,0.740566555981012,4.3948497813368,0,0.482342888010825,0.880977882115486,0.0118058321700832,14.6398916092439,34.020042308269,0.757640311187192,4.5,"P_Aikawa_2024_spring_full_network_case3_version1","1"
"VIVI",0,0.536918797943238,0.786834871804026,0.0125004442058559,25.8036988619007,22.8119463066149,0.698703347957407,6.2888949836446,0,0.536918797943238,0.786790999422795,0.011276321738415,17.6352598925843,25.2939808221144,0.776750834545147,7,"P_Aikawa_2024_spring_full_network_case3_version1","1"
"WYAN",0,0.494237031994498,0.785421736208194,0.0125004461876153,24.3716644952795,22.5097104769014,0.600805183646895,7.18225055617463,0,0.494237031994498,0.78520017923082,0.0108240750180771,8.14136614692512,25.9930353753768,0.713004209251455,8.5,"P_Aikawa_2024_spring_full_network_case3_version1","1"
"AGHE",1,0,0,0,0,0,NA,0,1,0,0,0,0,0,NA,0,"P_Aikawa_2024_spring_nonserpentine_network_case3_version3","3"
"ALAM",1,0,0,0,0,0,NA,0,1,0,0,0,0,0,NA,0,"P_Aikawa_2024_spring_nonserpentine_network_case3_version3","3"
"DEVA",1,0,0,0,0,0,NA,0,1,0,0,0,0,0,NA,0,"P_Aikawa_2024_spring_nonserpentine_network_case3_version3","3"
"LACA",1,0,0,0,0,0,NA,0,1,0,0,0,0,0,NA,0,"P_Aikawa_2024_spring_nonserpentine_network_case3_version3","3"
"RACA",1,0,0,0,0,0,NA,0,1,0,0,0,0,0,NA,0,"P_Aikawa_2024_spring_nonserpentine_network_case3_version3","3"
"Sidalcea_sp.",1,0,0,0,0,0,NA,0,1,0,0,0,0,0,NA,0,"P_Aikawa_2024_spring_nonserpentine_network_case3_version3","3"
"TRFU",1,0,0,0,0,0,NA,0,1,0,0,0,0,0,NA,0,"P_Aikawa_2024_spring_nonserpentine_network_case3_version3","3"
"VIVI",1,0.536918797943238,0,0,0,0,NA,0,0,0.536918797943238,0.536918797943238,0.48329283144944,0,0,NA,0,"P_Aikawa_2024_spring_nonserpentine_network_case3_version3","3"
"WYAN",1,0,0,0,0,0,NA,9,1,0,0,0,0,0,NA,9,"P_Aikawa_2024_spring_nonserpentine_network_case3_version3","3"
"AGHE",0,0.515988757352339,0.515988757352339,0.541796731525937,0,0,NA,0,1,0.515988757352339,1.01326783021839e-05,5.87574359589e-05,0,0,NA,0,"P_Aikawa_2024_spring_serpentine_network_case3_version2","2"
"ALAM",0,0.523044820769245,0.840210354406729,0.0124994849285626,16.917914719731,30.2912601343156,0.469264304603324,0.511314922654324,0,0.523044820769245,0.839650572495808,0.0201193284756678,4.02048423705067,18.7642700929636,0.17990584630392,0.166666666666667,"P_Aikawa_2024_spring_serpentine_network_case3_version2","2"
"DEVA",0,0.514302668703861,0.854227754727564,0.0124994861421283,17.7945486738346,29.0255143602773,0.523697777457572,0.481909406003967,0,0.514302668703861,0.853804223416621,0.0189692092768729,4.76144421755591,19.0805718229681,0.213061810737677,0.166666666666667,"P_Aikawa_2024_spring_serpentine_network_case3_version2","2"
"LACA",0,0.484952905790393,0.89484521967514,0.0124998834634073,32.9220772017712,29.4601634057809,1,2,0,0.484952905790393,0.894845215025903,0.0125005727017416,32.9220685365203,29.46015549866,1,2,"P_Aikawa_2024_spring_serpentine_network_case3_version2","2"
"RACA",0,0.503487619130634,0.792683736956472,0.0124999142943744,30.8246309665912,24.4341836649017,1,2,0,0.503487619130634,0.792683732466576,0.0125005720661576,30.8246227190447,24.4341769888063,1,2,"P_Aikawa_2024_spring_serpentine_network_case3_version2","2"
"Sidalcea_sp.",0,0.516414728558815,0.8064780539359,0.0125000793362533,29.8972369242546,25.3182233119803,0.756400528823315,3.79024393321911,0,0.516414728558815,0.806376555637486,0.0121416947469951,13.8040799176891,26.0624929238643,0.634192947874274,3,"P_Aikawa_2024_spring_serpentine_network_case3_version2","2"
"TRFU",0,0.482342888010825,0.92347360644692,0.0125000258747682,37.3813497919366,35.3029080904942,0.78257281782472,3.90676712523702,0,0.482342888010825,0.923408336131065,0.0123016608483173,20.8040665513869,35.8700186481145,0.746312500195716,3.66666666666667,"P_Aikawa_2024_spring_serpentine_network_case3_version2","2"
"VIVI",1,0,1.7628310665487e-15,7.02747354378604e-15,2.9047385496696e-32,-4.37394091933604e-23,0.666666666666667,3.9999999985746,1,0,0,0,0,0,NA,4.5,"P_Aikawa_2024_spring_serpentine_network_case3_version2","2"
"WYAN",0,0.494237031994498,0.82320622001813,0.0125004024789622,28.1345663890723,24.7312750819956,0.692680932058244,8.30976461431828,0,0.494237031994498,0.823084504298424,0.0119920934978427,12.4817572925438,25.7755554552872,0.808708758550704,9.5,"P_Aikawa_2024_spring_serpentine_network_case3_version2","2"
"AGHE",0,0.499026004108147,0.499026004108147,0.532093312908939,9.98964738420326e-16,-3.92319830539264e-08,-1.27067087323526e-08,-2.02117701551097e-08,0,0.499026004108147,0.848929121503982,0.0318324554625917,2.9451666616113,11.7432499493723,0.21290850126699,0.2,"P_Anu_2024_spring_full_network_case3_version1","1"
"CADE",0,0.5300510456227,0.788575797860244,0.0125007857604121,31.0192697579586,24.5862988080829,0.994905560587371,0.994806640554844,0,0.5300510456227,0.788420246466068,0.0203744397965734,9.63443094689472,15.0481293900888,0.50477904760136,0.5,"P_Anu_2024_spring_full_network_case3_version1","1"
"CARU",0,0.467923780725302,0.780859892342188,0.0125007644468928,26.4164544679012,23.8948396320816,0.86326378872921,0.857745892961221,0,0.467923780725302,0.780267896464033,0.0282503085498393,3.42301018155575,10.5132437921354,0.254047657102317,0.25,"P_Anu_2024_spring_full_network_case3_version1","1"
"DICA",0,0.494982650151934,0.761170926555405,0.0125007358110304,25.1982168367521,23.5200062194449,0.759519728221097,1.50538762524803,0,0.494982650151934,0.760741153647684,0.0231855215083147,4.54119715628907,12.6282666144106,0.240550153954847,0.476190476190476,"P_Anu_2024_spring_full_network_case3_version1","1"
"LACA",0,0.473401103552152,0.762260938621444,0.0125007568671683,24.6825447064305,23.6409846303935,0.646049670371276,1.29164378162965,0,0.473401103552152,0.761557249324227,0.0201972275016867,2.87474840516164,14.5748254889741,0.194039158205254,0.392857142857143,"P_Anu_2024_spring_full_network_case3_version1","1"
"LAMI",0,0.452347401018416,0.745222296330345,0.0125007620549954,26.2658834119818,22.8883958160325,0.595994690846062,1.18632788774477,0,0.452347401018416,0.744787379049539,0.0180362726851525,4.42020219367535,15.8240873195162,0.328199246089438,0.642857142857143,"P_Anu_2024_spring_full_network_case3_version1","1"
"MICA",0,0.502768916521579,0.797648580945492,0.0125007579793167,28.4028631881461,27.8491048056745,0.658968790447954,1.32417014328914,0,0.502768916521579,0.797227174012702,0.0168640922593262,5.09199660996567,20.6010496440108,0.229831371296572,0.476190476190476,"P_Anu_2024_spring_full_network_case3_version1","1"
"MIDO",0,0.537179978185883,0.755392349930752,0.0125007544773328,20.5099512278554,23.8400309298522,0.362679359545737,1.46998810419003,0,0.537179978185883,0.755171692857589,0.0107978150965698,6.48345098398625,27.5955138139958,0.254235897536548,1.03571428571429,"P_Anu_2024_spring_full_network_case3_version1","1"
"PLNO",0,0.483893370131912,0.848436171171069,0.012500713723571,21.4771397521405,25.8526548892507,0.592480151319795,2.38929033931278,0,0.483893370131912,0.84790895527969,0.0222215878635926,4.27459194528537,14.4883951851333,0.227544671968034,0.926190476190476,"P_Anu_2024_spring_full_network_case3_version1","1"
"RACA",0,0.495871807050832,0.819281998885923,0.012500717538761,26.0656030664427,27.4383404619601,0.478651141246772,3.33434648389633,0,0.495871807050832,0.819170618487315,0.0121198555956714,11.9854265896673,28.2954989493345,0.370569218634666,2.56904761904762,"P_Anu_2024_spring_full_network_case3_version1","1"
"TRFU",0,0.517461103325459,0.876488130863685,0.0125007008453471,17.5975508711033,28.3655789875116,0.379464397533779,6.3631018176745,0,0.517461103325459,0.87645811952648,0.00618137094766004,14.6222347448831,57.4515782803788,0.30262115897945,5.01904761904762,"P_Anu_2024_spring_full_network_case3_version1","1"
"TRLA",0,0.468763590985333,0.80056697501022,0.0125006984975455,22.5305760002233,27.5911401163818,0.424354675809582,7.19199122234477,0,0.468763590985333,0.800486838801534,0.0119636170556843,13.0095233263896,28.8274125869475,0.441598663350646,7.45,"P_Anu_2024_spring_full_network_case3_version1","1"
"URLI",0,0.509673690497723,0.745494248646196,0.0125007185945307,22.3969191748972,22.941832185228,0.322677129240306,8.16880915679727,0,0.509673690497723,0.745506572793379,0.00463610158196034,23.3869484762578,61.9944063823068,0.485954225414504,12.352380952381,"P_Anu_2024_spring_full_network_case3_version1","1"
"VIVI",0,0.485716195234897,0.766789843617142,0.0125007101247997,19.0075076922887,22.6327565789639,0.304527553599347,7.92239092458046,0,0.485716195234897,0.766711233354017,0.00828294942013505,11.6267795852536,34.1898777574613,0.450820211980842,11.7095238095238,"P_Anu_2024_spring_full_network_case3_version1","1"
"AGHE",1,0,0,0,0,0,NA,0,1,0,0,0,0,0,NA,0,"P_Anu_2024_spring_nonserpentine_network_case3_version3","3"
"CADE",1,0,0,0,0,0,NA,0,1,0,0,0,0,0,NA,0,"P_Anu_2024_spring_nonserpentine_network_case3_version3","3"
"CARU",1,0,0,0,0,0,NA,0,1,0,0,0,0,0,NA,0,"P_Anu_2024_spring_nonserpentine_network_case3_version3","3"
"DICA",1,0,0,0,0,0,NA,0,1,0,0,0,0,0,NA,0,"P_Anu_2024_spring_nonserpentine_network_case3_version3","3"
"LACA",1,0,0,0,0,0,NA,0,1,0,0,0,0,0,NA,0,"P_Anu_2024_spring_nonserpentine_network_case3_version3","3"
"LAMI",1,0,0,0,0,0,NA,0,1,0,0,0,0,0,NA,0,"P_Anu_2024_spring_nonserpentine_network_case3_version3","3"
"MICA",1,0,0,0,0,0,NA,0,1,0,0,0,0,0,NA,0,"P_Anu_2024_spring_nonserpentine_network_case3_version3","3"
"MIDO",1,0,0,0,0,0,NA,0,1,0,0,0,0,0,NA,0,"P_Anu_2024_spring_nonserpentine_network_case3_version3","3"
"PLNO",1,0,0,0,0,0,NA,0,1,0,0,0,0,0,NA,0,"P_Anu_2024_spring_nonserpentine_network_case3_version3","3"
"RACA",1,0,0,0,0,0,NA,0,1,0,0,0,0,0,NA,0,"P_Anu_2024_spring_nonserpentine_network_case3_version3","3"
"TRFU",1,0,0,0,0,0,NA,0,1,0,0,0,0,0,NA,0,"P_Anu_2024_spring_nonserpentine_network_case3_version3","3"
"TRLA",1,0,0,0,0,0,NA,0,1,0,0,0,0,0,NA,0,"P_Anu_2024_spring_nonserpentine_network_case3_version3","3"
"URLI",1,0,0,0,0,0,NA,0,1,0,0,0,0,0,NA,0,"P_Anu_2024_spring_nonserpentine_network_case3_version3","3"
"VIVI",0,0.485716195234897,0.766829819184583,0.0125004108387782,29.5185748295073,22.6357233990977,1,17,0,0.485716195234897,0.7668298191847,0.0125004108194445,29.5185748752983,22.635723434215,1,17,"P_Anu_2024_spring_nonserpentine_network_case3_version3","3"
"AGHE",0,0.499026004108147,0.499026004108147,0.532093312908939,0,0,NA,0,1,0.499026004108147,2.94067065558753e-05,0.000155459311066004,0,0,NA,0,"P_Anu_2024_spring_serpentine_network_case3_version2","2"
"CADE",0,0.5300510456227,0.830598853569158,0.0125005727610122,32.5715770018873,27.281438753007,0.991660108604986,0.991920137612697,0,0.5300510456227,0.829984129007275,0.0380399840592427,3.53368033279801,8.89537750720047,0.329710413170597,0.25,"P_Anu_2024_spring_serpentine_network_case3_version2","2"
"CARU",0,0.467923780725302,0.822481114536913,0.0125005726457739,32.0649474047955,26.5148366808281,0.994643640333372,0.994368869531659,0,0.467923780725302,0.822298010876811,0.0205857744345996,10.0102981722878,16.0609925252669,0.512511805382291,0.5,"P_Anu_2024_spring_serpentine_network_case3_version2","2"
"DICA",0,0.494982650151934,0.801747092906209,0.012500567479202,27.9413410680178,26.0994791218155,0.858327051993131,0.852621856842425,0,0.494982650151934,0.801186655456664,0.027683952544595,3.76864898232089,11.720370312011,0.257619101901718,0.25,"P_Anu_2024_spring_serpentine_network_case3_version2","2"
"LACA",0,0.473401103552152,0.802890635454958,0.0125005595250829,26.8614664932612,26.2332326759072,0.743680015114936,1.49284192453665,0,0.473401103552152,0.802525600957202,0.030250095562625,5.39705706029335,10.7815152590903,0.325988849971006,0.476190476190476,"P_Anu_2024_spring_serpentine_network_case3_version2","2"
"LAMI",0,0.452347401018416,0.784930467653032,0.0125005665457028,26.9291650690729,25.396777851303,0.638481245971795,1.26936810717266,0,0.452347401018416,0.784295024441831,0.0188100740008261,3.19418083000075,16.8263469496769,0.327959714322855,0.476190476190476,"P_Anu_2024_spring_serpentine_network_case3_version2","2"
"MICA",0,0.502768916521579,0.840153849593192,0.0125005663961086,30.9494790001306,30.9011923204207,0.646018544128526,1.29658196591969,0,0.502768916521579,0.839715011199786,0.0177500049509273,5.2752245268309,21.7147284437631,0.319911520739211,0.642857142857143,"P_Anu_2024_spring_serpentine_network_case3_version2","2"
"MIDO",0,0.537179978185883,0.795675483739468,0.0125005675356047,28.0091573030897,26.4550680368727,0.630162123320267,1.26560444822518,0,0.537179978185883,0.795225538331891,0.0185716360100122,4.05749919507192,17.76104798374,0.569080777552033,0.642857142857143,"P_Anu_2024_spring_serpentine_network_case3_version2","2"
"PLNO",0,0.483893370131912,0.893655491246568,0.0125005647969481,20.2703675491836,28.6869574771415,0.375308442630263,1.50772304887138,0,0.483893370131912,0.89340283087833,0.0101610434615522,7.22888040709454,35.2924610402608,0.264341427625472,1.03571428571429,"P_Anu_2024_spring_serpentine_network_case3_version2","2"
"RACA",0,0.495871807050832,0.862945196577046,0.0125005524068371,27.223156924234,30.4459796273584,0.634311992426495,2.54343524885412,0,0.495871807050832,0.862738059687417,0.0209671187825166,9.4261678040377,18.107959900166,0.315015212882292,1.09285714285714,"P_Anu_2024_spring_serpentine_network_case3_version2","2"
"TRFU",0,0.517461103325459,0.923262468618595,0.0125005516178206,27.2559813743631,31.4793184566151,0.494201385874528,3.43446319902376,0,0.517461103325459,0.92316819692218,0.0120582029614142,13.9622628238277,32.6308812322609,0.423017221187552,2.56904761904762,"P_Anu_2024_spring_serpentine_network_case3_version2","2"
"TRLA",0,0.468763590985333,0.843265045199135,0.0125005313412873,31.2053708840523,30.6174299776267,0.538477482248724,9.09938026717532,0,0.468763590985333,0.843188859841916,0.00750369775049179,16.4457578772638,51.0490536634906,0.593563890845983,6.06904761904762,"P_Anu_2024_spring_serpentine_network_case3_version2","2"
"URLI",0,0.509673690497723,0.785247381963598,0.0125005328161242,26.8136995227914,25.458611883149,0.407467068096817,10.2516909263569,0,0.509673690497723,0.785264348832601,0.00442942173571113,30.7632108438295,72.0006751925091,0.617805747985982,13.152380952381,"P_Anu_2024_spring_serpentine_network_case3_version2","2"
"VIVI",1,0,0,0,0,0,NA,5.99999999987507,1,0,0,0,0,0,NA,13.8428571428571,"P_Anu_2024_spring_serpentine_network_case3_version2","2"
"CAPA",0,0.531230520494855,0.531230520494855,0.472253987995095,2.24100856393216e-05,1.19049214585111e-05,1,1,0,0.531230520494855,0.862357244075264,0.0125005521948108,31.8229593568047,27.4427595292532,1,1,"P_Banana_2022_summer_full_network_case3_version1","1"
"CUCA",0,0.49135795703221,0.922207418054052,0.0124977575468827,38.8244507788361,37.0669743054048,0.965932536470786,0.964112060560329,0,0.49135795703221,0.921571407760671,0.0251993921213323,4.0191852186244,18.3170046821995,0.202214622108935,0.2,"P_Banana_2022_summer_full_network_case3_version1","1"
"GRCA",0,0.453183840356387,0.769417262631369,0.0124981623278964,17.4480348057242,25.2999524134519,0.530626262023293,0.505730369785558,0,0.453183840356387,0.76858763164211,0.0203120097965807,2.52064489348246,15.5094141032671,0.12491358319489,0.125,"P_Banana_2022_summer_full_network_case3_version1","1"
"HEAR",0,0.460804869798387,0.788146283247172,0.0124981552203517,12.6471571159361,23.3616474902717,0.426674098165331,0.455887716418204,0,0.460804869798387,0.787320847984389,0.0183134495291321,2.24850472050636,15.8874337301479,0.111427350276632,0.125,"P_Banana_2022_summer_full_network_case3_version1","1"
"HECO",0,0.5474467014882,0.851378746887044,0.0124979915069777,28.9121351511654,26.0440106499008,0.515376339511399,1.02663087227261,0,0.5474467014882,0.851277466533944,0.0121203826162317,14.1472853171659,26.857395102669,0.56880569658764,1.125,"P_Banana_2022_summer_full_network_case3_version1","1"
"HEEX",0,0.536711912176903,0.796612550453253,0.0124977472069245,31.8252504838695,26.7313836779243,0.923915600276386,1.86551269260424,0,0.536711912176903,0.796613759688321,0.0125186646117339,33.3272148424504,26.6926551720581,0.61398649087,1.25,"P_Banana_2022_summer_full_network_case3_version1","1"
"LERA",0,0.517107957213702,0.781405914333323,0.0124978752342126,26.961995322725,22.1485216136162,0.50708838485006,2.0306781345316,0,0.517107957213702,0.781116320893618,0.00868033300120507,6.80740861155085,31.9068154020272,0.575207562520121,2.325,"P_Banana_2022_summer_full_network_case3_version1","1"
"PEKE",0,0.533436890683806,0.774700611537733,0.0124983876006221,26.4705326072991,26.1317728417842,0.60509387093266,3.69845247372865,0,0.533436890683806,0.774636345951621,0.0124176520202636,15.3376433142921,26.3023817258984,0.388674460038274,2.375,"P_Banana_2022_summer_full_network_case3_version1","1"
"SAVE",0,0.473821722727186,0.899910431831236,0.0124986739702741,28.6221267667457,33.2154663996005,0.475482122270282,5.5214061010807,0,0.473821722727186,0.899748719589193,0.0105979739951787,10.0504087684756,39.1808750477209,0.477561278813569,5.49166666666667,"P_Banana_2022_summer_full_network_case3_version1","1"
"TRLA",0,0.521693875813714,0.860181083328934,0.0124989102417112,27.1358649980719,29.9447331636912,0.446003936897062,6.78188427253559,0,0.521693875813714,0.859970409327045,0.0100254069735214,8.30278195778503,37.3403036247799,0.522851480627056,7.99166666666667,"P_Banana_2022_summer_full_network_case3_version1","1"
"ZETR",0,0.508970801094068,0.765547284660339,0.0124993205410613,23.0715342630308,21.6657885449347,0.446463871129344,7.14970530648308,0,0.508970801094068,0.765348687664656,0.00849865290711201,7.40834792370544,31.8862889656052,0.561842219001591,8.99166666666667,"P_Banana_2022_summer_full_network_case3_version1","1"
"CAPA",1,0,0,0,0,0,NA,0,1,0,0,0,0,0,NA,0,"P_Banana_2022_summer_nonserpentine_network_case3_version3","3"
"CUCA",1,0,0,0,0,0,NA,0,1,0,0,0,0,0,NA,0,"P_Banana_2022_summer_nonserpentine_network_case3_version3","3"
"GRCA",1,0,0,0,0,0,NA,0,1,0,0,0,0,0,NA,0,"P_Banana_2022_summer_nonserpentine_network_case3_version3","3"
"HEAR",1,0,0,0,0,0,NA,0,1,0,0,0,0,0,NA,0,"P_Banana_2022_summer_nonserpentine_network_case3_version3","3"
"HECO",1,0,0,0,0,0,NA,0,1,0,0,0,0,0,NA,0,"P_Banana_2022_summer_nonserpentine_network_case3_version3","3"
"HEEX",1,0,0,0,0,0,NA,0,1,0,0,0,0,0,NA,0,"P_Banana_2022_summer_nonserpentine_network_case3_version3","3"
"LERA",1,0,0,0,0,0,NA,0,1,0,0,0,0,0,NA,0,"P_Banana_2022_summer_nonserpentine_network_case3_version3","3"
"PEKE",1,0,0,0,0,0,NA,0,1,0,0,0,0,0,NA,0,"P_Banana_2022_summer_nonserpentine_network_case3_version3","3"
"SAVE",1,0,0,0,0,0,NA,0,1,0,0,0,0,0,NA,0,"P_Banana_2022_summer_nonserpentine_network_case3_version3","3"
"TRLA",1,0,0,0,0,0,NA,0,1,0,0,0,0,0,NA,0,"P_Banana_2022_summer_nonserpentine_network_case3_version3","3"
"ZETR",1,0,0,0,0,0,NA,0,1,0,0,0,0,0,NA,0,"P_Banana_2022_summer_nonserpentine_network_case3_version3","3"
"CAPA",0,0.531230520494855,0.531230520494855,0.472253987995095,2.24100856393216e-05,1.19049214585111e-05,1,1,0,0.531230520494855,0.862357244075264,0.0125005521948108,31.8229593568047,27.4427595292532,1,1,"P_Banana_2022_summer_serpentine_network_case3_version2","2"
"CUCA",0,0.49135795703221,0.922207418054052,0.0124977575468827,38.8244507788361,37.0669743054048,0.965932536470786,0.964112060560329,0,0.49135795703221,0.921571407760671,0.0251993921213323,4.0191852186244,18.3170046821995,0.202214622108935,0.2,"P_Banana_2022_summer_serpentine_network_case3_version2","2"
"GRCA",0,0.453183840356387,0.769417262631369,0.0124981623278964,17.4480348057242,25.2999524134519,0.530626262023293,0.505730369785558,0,0.453183840356387,0.76858763164211,0.0203120097965807,2.52064489348246,15.5094141032671,0.12491358319489,0.125,"P_Banana_2022_summer_serpentine_network_case3_version2","2"
"HEAR",0,0.460804869798387,0.788146283247172,0.0124981552203517,12.6471571159361,23.3616474902717,0.426674098165331,0.455887716418204,0,0.460804869798387,0.787320847984389,0.0183134495291321,2.24850472050636,15.8874337301479,0.111427350276632,0.125,"P_Banana_2022_summer_serpentine_network_case3_version2","2"
"HECO",0,0.5474467014882,0.851378746887044,0.0124979915069777,28.9121351511654,26.0440106499008,0.515376339511399,1.02663087227261,0,0.5474467014882,0.851277466533944,0.0121203826162317,14.1472853171659,26.857395102669,0.56880569658764,1.125,"P_Banana_2022_summer_serpentine_network_case3_version2","2"
"HEEX",0,0.536711912176903,0.796612550453253,0.0124977472069245,31.8252504838695,26.7313836779243,0.923915600276386,1.86551269260424,0,0.536711912176903,0.796613759688321,0.0125186646117339,33.3272148424504,26.6926551720581,0.61398649087,1.25,"P_Banana_2022_summer_serpentine_network_case3_version2","2"
"LERA",0,0.517107957213702,0.781405914333323,0.0124978752342126,26.961995322725,22.1485216136162,0.50708838485006,2.0306781345316,0,0.517107957213702,0.781116320893618,0.00868033300120507,6.80740861155085,31.9068154020272,0.575207562520121,2.325,"P_Banana_2022_summer_serpentine_network_case3_version2","2"
"PEKE",0,0.533436890683806,0.774700611537733,0.0124983876006221,26.4705326072991,26.1317728417842,0.60509387093266,3.69845247372865,0,0.533436890683806,0.774636345951621,0.0124176520202636,15.3376433142921,26.3023817258984,0.388674460038274,2.375,"P_Banana_2022_summer_serpentine_network_case3_version2","2"
"SAVE",0,0.473821722727186,0.899910431831236,0.0124986739702741,28.6221267667457,33.2154663996005,0.475482122270282,5.5214061010807,0,0.473821722727186,0.899748719589193,0.0105979739951787,10.0504087684756,39.1808750477209,0.477561278813569,5.49166666666667,"P_Banana_2022_summer_serpentine_network_case3_version2","2"
"TRLA",0,0.521693875813714,0.860181083328934,0.0124989102417112,27.1358649980719,29.9447331636912,0.446003936897062,6.78188427253559,0,0.521693875813714,0.859970409327045,0.0100254069735214,8.30278195778503,37.3403036247799,0.522851480627056,7.99166666666667,"P_Banana_2022_summer_serpentine_network_case3_version2","2"
"ZETR",0,0.508970801094068,0.765547284660339,0.0124993205410613,23.0715342630308,21.6657885449347,0.446463871129344,7.14970530648308,0,0.508970801094068,0.765348687664656,0.00849865290711201,7.40834792370544,31.8862889656052,0.561842219001591,8.99166666666667,"P_Banana_2022_summer_serpentine_network_case3_version2","2"
"AGHE",0,0.455854768914103,0.455854768914103,0.472586738887516,1.86021854225647e-19,1.96569458174493e-09,4.31394328287409e-11,7.20764727266088e-11,0,0.455854768914103,0.715082610729299,0.0178714282157519,3.26002792251139,14.8937275539832,0.156521547035846,0.166666666666667,"P_Bertha_2022_spring_full_network_case3_version1","1"
"AMME",0,0.451101139328024,0.709744371216705,0.0125007779009135,15.0192713695991,20.6735585646162,0.515626919334247,0.486874768724528,0,0.451101139328024,0.709386625765538,0.0174509741718225,3.67544605182111,14.7750916832056,0.176466740700385,0.166666666666667,"P_Bertha_2022_spring_full_network_case3_version1","1"
"ANFI",0,0.456848686098516,0.660283022598969,0.012500768323562,13.9722271739635,16.7855513087307,0.549617002216992,0.600434205584205,0,0.456848686098516,0.659568686133401,0.018290869212365,2.47618831505879,11.4258050201766,0.142941024347794,0.166666666666667,"P_Bertha_2022_spring_full_network_case3_version1","1"
"CASAN",0,0.45586725776357,0.722115732253591,0.0125007779865696,12.1317051665972,20.1437718792406,0.434898449624036,0.46627053797354,0,0.45586725776357,0.72167150226452,0.0167127150569055,3.23663207213812,15.0309608665207,0.155398257670943,0.166666666666667,"P_Bertha_2022_spring_full_network_case3_version1","1"
"DICA",0,0.461001232318115,0.696659002133273,0.0125007678349566,23.0324467366609,18.3284647589827,0.87545583174859,0.88062882406247,0,0.461001232318115,0.695987728601032,0.0229232438778895,2.77988860623573,9.94267115127517,0.194592411574404,0.2,"P_Bertha_2022_spring_full_network_case3_version1","1"
"ERCI",0,0.547711570559867,0.744117246346088,0.0125007693802446,21.4245473431802,20.4576294788249,0.779287511767682,0.763832754874131,0,0.547711570559867,0.741387046192749,0.0380345702338039,0.962251192401606,6.62500242095663,0.107683065439101,0.1,"P_Bertha_2022_spring_full_network_case3_version1","1"
"EUSP",0,0.48836639967671,0.696735051400948,0.0125007653422842,25.0510838125594,20.5591998548201,0.848961452344703,0.855027849804951,0,0.48836639967671,0.695917293206293,0.0227217408696621,2.6251226188351,11.2537830836452,0.162333698246705,0.166666666666667,"P_Bertha_2022_spring_full_network_case3_version1","1"
"GITR",0,0.474079366458617,0.798857897960314,0.0125007678775252,21.8138953376118,24.658568946498,0.582383878826173,1.1161103141667,0,0.474079366458617,0.798376067306684,0.0212588107348312,3.40776181293863,14.4487143163947,0.225481232112599,0.416666666666667,"P_Bertha_2022_spring_full_network_case3_version1","1"
"LACA",0,0.451912069973495,0.757858937359356,0.0125007754531557,22.7598855130846,21.0654779371148,0.370451459327515,1.11077727373572,0,0.451912069973495,0.757609326990915,0.0116234622382849,4.65091338760288,22.6465391631723,0.264417556069518,0.766666666666667,"P_Bertha_2022_spring_full_network_case3_version1","1"
"LUBI",0,0.486160044528618,0.772339553900445,0.0125007660659135,21.4888256003241,25.7376021817341,0.41981768778431,1.63525491312791,0,0.486160044528618,0.77227192052667,0.0115856639405727,7.43930461653994,27.7714824853126,0.210998474479488,0.8,"P_Bertha_2022_spring_full_network_case3_version1","1"
"LUMI",0,0.491868392490721,0.734697326510097,0.0125007670784202,13.9563588509688,20.1987203699914,0.345586977851863,1.43768552909345,0,0.491868392490721,0.734329312044651,0.0127087126713585,3.58567500616999,19.8472940192234,0.153237507121224,0.666666666666667,"P_Bertha_2022_spring_full_network_case3_version1","1"
"LUNA/LUBI",0,0.532072591540438,0.658083879556089,0.0125007658977908,15.4088644658769,17.3348813730283,0.501495702825137,2.06588807140338,0,0.532072591540438,0.657856704584774,0.0208697157472725,4.76468132328097,10.3501522431558,0.261294751025698,1.11666666666667,"P_Bertha_2022_spring_full_network_case3_version1","1"
"LUSU",0,0.544046020132511,0.763737861407027,0.0125007643329049,19.9670671757684,22.0023807299829,0.509586802303909,2.50680184723914,0,0.544046020132511,0.763520875352659,0.0187978878173786,4.9569330391151,14.5974665483936,0.307372111291717,1.45,"P_Bertha_2022_spring_full_network_case3_version1","1"
"PLER",0,0.481460367111238,0.779657317413615,0.012500764849396,20.1823971963229,24.3076981867127,0.473168111607147,2.32485935365886,0,0.481460367111238,0.779362469366695,0.0192885633813069,4.52929171501004,15.7137688226632,0.269580089829188,1.28333333333333,"P_Bertha_2022_spring_full_network_case3_version1","1"
"PLNO",0,0.504390038575227,0.734622935846368,0.0125007653870774,16.7501606121016,20.2347698563069,0.395720346249219,2.3534942472418,0,0.504390038575227,0.73431541555,0.0123319828273769,4.71242764834875,20.4957025429448,0.278854276602732,1.6,"P_Bertha_2022_spring_full_network_case3_version1","1"
"RACA",0,0.483378333846749,0.770591719598187,0.0125007640268261,18.9368818503752,22.1616348637752,0.403179889871963,3.65573034605418,0,0.483378333846749,0.770716301691277,0.0126732002859422,15.7192895849147,21.8662202229831,0.377546667752596,3.43333333333333,"P_Bertha_2022_spring_full_network_case3_version1","1"
"TRFU",0,0.539656962309804,0.785637574522308,0.0125007664746206,16.2461515650006,22.4704742072116,0.240591836091398,2.21945449998365,0,0.539656962309804,0.785577668866999,0.00871217204224559,6.67186830568786,32.269739764786,0.309562991559061,2.86666666666667,"P_Bertha_2022_spring_full_network_case3_version1","1"
"TRHI",0,0.514565540880228,0.746816783178256,0.0125007655456305,14.1062206251912,22.2448665253066,0.217872104282776,2.54955949390596,0,0.514565540880228,0.746896198793518,0.00635309877651312,10.3046843009806,43.8473932759346,0.277156378816413,3.2,"P_Bertha_2022_spring_full_network_case3_version1","1"
"TRLA",0,0.503045573995004,0.733329191842265,0.0125007583236373,24.4496001064669,23.5057905635177,0.311965300352003,6.23985479547902,0,0.503045573995004,0.733350233623692,0.0062934306978816,10.6358227390736,46.7655485682677,0.385900014897718,7.73333333333333,"P_Bertha_2022_spring_full_network_case3_version1","1"
"VIVI",0,0.486962134035752,0.735095675214505,0.0125007363792289,25.3847029097143,21.551313286865,0.344606346596655,11.7314603738,0,0.486962134035752,0.735180557024581,0.00513341187116507,15.7451270566596,52.5975569299949,0.540352198507891,18.5333333333333,"P_Bertha_2022_spring_full_network_case3_version1","1"
"AGHE",1,0,0,0,0,0,NA,0,1,0,0,0,0,0,NA,0,"P_Bertha_2022_spring_nonserpentine_network_case3_version3","3"
"AMME",1,0.451101139328024,0,0,0,0,NA,0,0,0.451101139328024,0.451101139328024,0.46532048248468,0,0,NA,0,"P_Bertha_2022_spring_nonserpentine_network_case3_version3","3"
"ANFI",1,0,0,0,0,0,NA,0,1,0,0,0,0,0,NA,0,"P_Bertha_2022_spring_nonserpentine_network_case3_version3","3"
"CASAN",1,0,0,0,0,0,NA,0,1,0,0,0,0,0,NA,0,"P_Bertha_2022_spring_nonserpentine_network_case3_version3","3"
"DICA",1,0,0,0,0,0,NA,0,1,0,0,0,0,0,NA,0,"P_Bertha_2022_spring_nonserpentine_network_case3_version3","3"
"ERCI",1,0.547711570559867,0,0,0,0,NA,0,0,0.547711570559867,0.547711570559867,0.510785543574386,0,0,NA,0,"P_Bertha_2022_spring_nonserpentine_network_case3_version3","3"
"EUSP",1,0,0,0,0,0,NA,0,1,0,0,0,0,0,NA,0,"P_Bertha_2022_spring_nonserpentine_network_case3_version3","3"
"GITR",1,0,0,0,0,0,NA,0,1,0,0,0,0,0,NA,0,"P_Bertha_2022_spring_nonserpentine_network_case3_version3","3"
"LACA",1,0,0,0,0,0,NA,0,1,0,0,0,0,0,NA,0,"P_Bertha_2022_spring_nonserpentine_network_case3_version3","3"
"LUBI",1,0,0,0,0,0,NA,0,1,0,0,0,0,0,NA,0,"P_Bertha_2022_spring_nonserpentine_network_case3_version3","3"
"LUMI",1,0,0,0,0,0,NA,0,1,0,0,0,0,0,NA,0,"P_Bertha_2022_spring_nonserpentine_network_case3_version3","3"
"LUNA/LUBI",1,0,0,0,0,0,NA,0,1,0,0,0,0,0,NA,0,"P_Bertha_2022_spring_nonserpentine_network_case3_version3","3"
"LUSU",1,0,0,0,0,0,NA,0,1,0,0,0,0,0,NA,0,"P_Bertha_2022_spring_nonserpentine_network_case3_version3","3"
"PLER",1,0,0,0,0,0,NA,0,1,0,0,0,0,0,NA,0,"P_Bertha_2022_spring_nonserpentine_network_case3_version3","3"
"PLNO",1,0,0,0,0,0,NA,0,1,0,0,0,0,0,NA,0,"P_Bertha_2022_spring_nonserpentine_network_case3_version3","3"
"RACA",1,0,0,0,0,0,NA,0,1,0,0,0,0,0,NA,0,"P_Bertha_2022_spring_nonserpentine_network_case3_version3","3"
"TRFU",1,0,0,0,0,0,NA,0,1,0,0,0,0,0,NA,0,"P_Bertha_2022_spring_nonserpentine_network_case3_version3","3"
"TRHI",1,0,0,0,0,0,NA,-7.75663645902912e-08,1,0,0,0,0,0,NA,0.5,"P_Bertha_2022_spring_nonserpentine_network_case3_version3","3"
"TRLA",1,0,0,0,0,0,NA,2.99999976730091,1,0,0,0,0,0,NA,4.5,"P_Bertha_2022_spring_nonserpentine_network_case3_version3","3"
"VIVI",0,0.486962134035752,0.80424096444975,0.0125008258980984,32.0845578533548,25.8037157519259,1,12.0000003102646,0,0.486962134035752,0.804244680356512,0.01250786357599,32.0666518920618,25.7894342010348,1,10,"P_Bertha_2022_spring_nonserpentine_network_case3_version3","3"
"AGHE",0,0.455854768914103,0.455854768914103,0.472586738887516,0,0,NA,0,1,0.455854768914103,5.41267177666191e-05,0.000291940032566673,0,0,NA,0,"P_Bertha_2022_spring_serpentine_network_case3_version2","2"
"AMME",1,0,0,0,0,0,NA,0,1,0,0,0,0,0,NA,0,"P_Bertha_2022_spring_serpentine_network_case3_version2","2"
"ANFI",1,0.456848686098516,0,0,0,0,NA,0,0,0.456848686098516,0.456848686098516,0.541349120014975,0,0,NA,0,"P_Bertha_2022_spring_serpentine_network_case3_version2","2"
"CASAN",0,0.45586725776357,0.832077395046175,0.0125005541856595,15.1294999008393,26.7588150845281,0.470458606858142,0.489028720896991,0,0.45586725776357,0.831480740214277,0.028061558481668,3.42446585707024,11.8580586284359,0.240121717634893,0.166666666666667,"P_Bertha_2022_spring_serpentine_network_case3_version2","2"
"DICA",0,0.461001232318115,0.802646752923514,0.0125005530329874,14.621918302709,24.3429911831226,0.482119685247192,0.461190869002388,0,0.461001232318115,0.80219711740349,0.0264659927660118,3.72175796391122,11.4404339026318,0.260967681447487,0.166666666666667,"P_Bertha_2022_spring_serpentine_network_case3_version2","2"
"ERCI",1,0,0,0,0,0,NA,-1.34850765475444e-11,1,0,0,0,0,0,NA,0.166666666666667,"P_Bertha_2022_spring_serpentine_network_case3_version2","2"
"EUSP",0,0.48836639967671,0.802801546820407,0.01250051186064,31.835456891432,27.3079748001933,0.935900747791632,0.939378702336811,0,0.48836639967671,0.80235800961439,0.0197169197027995,5.22217053046818,17.2664792931156,0.242669642233551,0.25,"P_Bertha_2022_spring_serpentine_network_case3_version2","2"
"GITR",0,0.474079366458617,0.920451905176907,0.0125005181880494,29.8253427242688,32.7516333160056,0.838211434166594,0.820192176422164,0,0.474079366458617,0.919183633859832,0.0345683945255923,1.99602292219725,11.7525349326178,0.156111988895329,0.125,"P_Bertha_2022_spring_serpentine_network_case3_version2","2"
"LACA",0,0.451912069973495,0.873219144130918,0.0125005099897535,29.3576552329441,27.9808884971503,0.916184865924215,0.912924560656948,0,0.451912069973495,0.872838713336692,0.0188971254806795,5.40004472102237,18.46631249282,0.255241434265255,0.25,"P_Bertha_2022_spring_serpentine_network_case3_version2","2"
"LUBI",0,0.486160044528618,0.889919902180281,0.0125005158720523,29.6599846630413,34.1838940278638,0.726276703133464,1.44425022830372,0,0.486160044528618,0.889587941016988,0.024258862574013,6.74532965289188,17.5623730957354,0.3404837653273,0.583333333333333,"P_Bertha_2022_spring_serpentine_network_case3_version2","2"
"LUMI",0,0.491868392490721,0.84661390015674,0.0125005414434831,25.4708508995997,26.8345286470257,0.370761156698766,1.12686991057826,0,0.491868392490721,0.846185568227692,0.014595959142349,5.10575271637723,22.9469509127738,0.455463101529475,0.791666666666667,"P_Bertha_2022_spring_serpentine_network_case3_version2","2"
"LUNA/LUBI",0,0.532072591540438,0.75825916255375,0.0125005270218624,16.5135323568257,23.026106691142,0.391322573092649,1.66416827544308,0,0.532072591540438,0.758143200008697,0.0107549709996918,9.76435286898139,26.7674422025837,0.295730030103798,0.958333333333333,"P_Bertha_2022_spring_serpentine_network_case3_version2","2"
"LUSU",0,0.544046020132511,0.879952023592081,0.0125005254193802,18.2696654240167,29.2221747612939,0.425002651497045,1.65406164897562,0,0.544046020132511,0.879720694694212,0.0152856699633966,7.0883712791413,23.8688659288954,0.28307624768225,0.825,"P_Bertha_2022_spring_serpentine_network_case3_version2","2"
"PLER",0,0.481460367111238,0.898338418740451,0.0125005358188949,24.9853454497362,32.2860680250389,0.631733122806638,2.46032659035347,0,0.481460367111238,0.898138021948767,0.026599677370564,8.70696739144942,15.117421643365,0.420319168842997,1.11666666666667,"P_Bertha_2022_spring_serpentine_network_case3_version2","2"
"PLNO",0,0.504390038575227,0.846507582785833,0.0125005494800589,26.3022457717439,26.881223231042,0.620595433580275,3.055501722133,0,0.504390038575227,0.846166241144262,0.0177938052440755,6.01027271628869,18.8443970056823,0.576806932038104,1.7,"P_Bertha_2022_spring_serpentine_network_case3_version2","2"
"RACA",0,0.483378333846749,0.887914915258005,0.0125005408507976,24.0734726561771,29.4390875828868,0.537886416380186,2.7331060727574,0,0.483378333846749,0.887522823911711,0.0186788912147731,5.49455124806214,19.6521201101307,0.458711866481883,1.53333333333333,"P_Bertha_2022_spring_serpentine_network_case3_version2","2"
"TRFU",0,0.539656962309804,0.905263796369081,0.0125005589506684,26.2185837885759,29.8482504273619,0.474086342885765,4.31696069663558,0,0.539656962309804,0.90521711665541,0.0123827114426262,18.147483135832,30.1300444272274,0.553335876834056,3.99166666666667,"P_Bertha_2022_spring_serpentine_network_case3_version2","2"
"TRHI",0,0.514565540880228,0.860592397433438,0.0125005509428117,28.666987126639,29.5519718035732,0.369286482365145,3.30419103104597,0,0.514565540880228,0.860510324299356,0.00684823467225242,15.4240051669665,53.9991259832049,0.512889755671263,3.90833333333333,"P_Bertha_2022_spring_serpentine_network_case3_version2","2"
"TRLA",0,0.503045573995004,0.844959761550538,0.0125005680192211,31.6294311817262,31.220391891801,0.380864485850159,7.61784879585428,0,0.503045573995004,0.84490727290398,0.00588800690070497,18.7071861738383,66.3689217315972,0.551370211430823,8.69166666666666,"P_Bertha_2022_spring_serpentine_network_case3_version2","2"
"VIVI",1,0,0,0,0,0,NA,11.9999999986145,1,0,0,0,0,0,NA,19.775,"P_Bertha_2022_spring_serpentine_network_case3_version2","2"
"ACAM",0,0.549999994598329,0.549999994598329,0.524770084011727,5.75389055467071e-15,1.18311552759154e-07,2.6748358044379e-08,3.55104151626432e-08,0,0.549999994598329,0.779646530649745,0.0142599104713694,13.5840293323768,20.5096681092444,0.516377997187501,0.5,"P_Bertha_2022_summer_full_network_case3_version1","1"
"ACWR",0,0.549909214116591,0.727540573294112,0.012500796464622,5.36516824198741,19.0519146658151,0.204881118095638,0.216774995109965,0,0.549909214116591,0.727145813572644,0.0119781638926998,2.85363140560987,19.8649751682356,0.10445551089269,0.111111111111111,"P_Bertha_2022_summer_full_network_case3_version1","1"
"ASER",0,0.524161657539272,0.818273405913346,0.012500793932254,12.2144439136013,28.9110769850483,0.345706755500287,0.292478272446716,0,0.524161657539272,0.817705660345391,0.016141462137726,3.56823673616097,22.3389894220495,0.13061322164069,0.111111111111111,"P_Bertha_2022_summer_full_network_case3_version1","1"
"ASFA",0,0.484978262537615,0.708112418224144,0.0125007952157869,6.5236101311686,21.1254582864481,0.218667414590322,0.246962892928148,0,0.484978262537615,0.707632453201428,0.0136376381251773,2.67299861134535,19.3318875646385,0.097843552960147,0.111111111111111,"P_Bertha_2022_summer_full_network_case3_version1","1"
"CAPY",0,0.529658469687988,0.714109504418283,0.012500795793821,6.0550531638565,19.8864770299227,0.217432731175147,0.23052647792218,0,0.529658469687988,0.713664386480331,0.012733915264302,2.8475683232179,19.4966746026236,0.104233575302973,0.111111111111111,"P_Bertha_2022_summer_full_network_case3_version1","1"
"CESO",0,0.469900046018837,0.758775893653154,0.0125007665083911,30.1807163847884,24.0063982462079,0.504464495575191,1.00891530496628,0,0.469900046018837,0.758378419511061,0.0130995591383541,4.44920900635607,22.8813185869412,0.306058951388688,0.611111111111111,"P_Bertha_2022_summer_full_network_case3_version1","1"
"GRCA",0,0.510073438594152,0.668824120562609,0.0125007444065649,26.305719076246,19.0121698266244,0.898154529874591,1.80059986868163,0,0.510073438594152,0.668872482199537,0.012571210778831,27.1935046520798,18.9079844292447,0.74667195640326,1.5,"P_Bertha_2022_summer_full_network_case3_version1","1"
"HECO",0,0.504282451911961,0.78632184832899,0.0125007210935431,27.9953135259737,26.5183945838197,0.588510512603696,3.57895810662189,0,0.504282451911961,0.786158428909549,0.0119273832476575,10.2202294997385,27.7854424866249,0.49854499954686,3.02777777777778,"P_Bertha_2022_summer_full_network_case3_version1","1"
"HEEX",0,0.4751692843275,0.740880461995397,0.0125007229881001,18.9616927647468,20.251526416736,0.542195606604522,3.29519747392805,0,0.4751692843275,0.740905645901765,0.0109185644321791,15.4351066675039,23.1988223969257,0.518521803014089,3.16666666666667,"P_Bertha_2022_summer_full_network_case3_version1","1"
"LULU",0,0.470161692295299,0.783027087307033,0.0125007177067356,19.1340049534064,23.6726126120832,0.524330743523761,3.53315002856741,0,0.470161692295299,0.782728740714636,0.0117827329115197,5.62155367721402,25.1010317874542,0.382394028218528,2.52777777777778,"P_Bertha_2022_summer_full_network_case3_version1","1"
"MEIN",0,0.5075624070864,0.790663263922977,0.0125007104793995,23.9313639350966,27.1366705989127,0.425087638396605,4.71598849402818,0,0.5075624070864,0.790510311777452,0.0119482589087972,9.05780903561757,28.3840357593395,0.514570911220802,5.69444444444444,"P_Bertha_2022_summer_full_network_case3_version1","1"
"PEKE",0,0.50137590111763,0.674440552055274,0.012500594255186,25.496768889476,17.629155161433,0.710444585924258,12.0804480491397,0,0.50137590111763,0.674129458068649,0.0101342587242578,5.89758433269716,21.7402267368068,0.794210311182817,13.5277777777778,"P_Bertha_2022_summer_full_network_case3_version1","1"
"ACAM",1,0,0,0,0,0,NA,0,1,0,0,0,0,0,NA,0,"P_Bertha_2022_summer_nonserpentine_network_case3_version3","3"
"ACWR",1,0,0,0,0,0,NA,0,1,0,0,0,0,0,NA,0,"P_Bertha_2022_summer_nonserpentine_network_case3_version3","3"
"ASER",1,0.524161657539272,0,0,0,0,NA,0,0,0.524161657539272,0.524161657539272,0.548963517881447,0,0,NA,0,"P_Bertha_2022_summer_nonserpentine_network_case3_version3","3"
"ASFA",1,0,0,0,0,0,NA,0,1,0,0,0,0,0,NA,0,"P_Bertha_2022_summer_nonserpentine_network_case3_version3","3"
"CAPY",1,0,0,0,0,0,NA,0,1,0,0,0,0,0,NA,0,"P_Bertha_2022_summer_nonserpentine_network_case3_version3","3"
"CESO",1,0.469900046018837,0,0,0,0,NA,0,0,0.469900046018837,0.469900046018837,0.464667144703989,0,0,NA,0,"P_Bertha_2022_summer_nonserpentine_network_case3_version3","3"
"GRCA",1,0,0,0,0,0,NA,0,1,0,0,0,0,0,NA,0,"P_Bertha_2022_summer_nonserpentine_network_case3_version3","3"
"HECO",1,0,0,0,0,0,NA,0,1,0,0,0,0,0,NA,0,"P_Bertha_2022_summer_nonserpentine_network_case3_version3","3"
"HEEX",1,0,0,0,0,0,NA,0,1,0,0,0,0,0,NA,0,"P_Bertha_2022_summer_nonserpentine_network_case3_version3","3"
"LULU",1,0,0,0,0,0,NA,-3.51666842626638e-10,1,0,0,0,0,0,NA,0.333333333333333,"P_Bertha_2022_summer_nonserpentine_network_case3_version3","3"
"MEIN",0,0.5075624070864,0.868121094852326,0.0125016916786298,37.5199301026224,32.7220495310398,0.995409617254382,0.995278541459747,0,0.5075624070864,0.867970060394675,0.0375015739109113,12.4962567017488,10.8463766841243,1,0.333333333333333,"P_Bertha_2022_summer_nonserpentine_network_case3_version3","3"
"PEKE",0,0,0.74047786194007,0.0125013588090637,28.528884747933,21.2568046262027,0.857798626106517,6.00472145888958,1,0,0,0,0,0,NA,6.33333333333333,"P_Bertha_2022_summer_nonserpentine_network_case3_version3","3"
"ACAM",0,0.549999994598329,0.549999994598329,0.524770084011727,0,0,NA,0,1,0.549999994598329,1.99952202889532e-05,9.138872947618e-05,0,0,NA,0,"P_Bertha_2022_summer_serpentine_network_case3_version2","2"
"ACWR",1,0.549909214116591,3.48855977419653e-05,0.000151336315912104,0,0,NA,0,1,0.549909214116591,0,0,0,0,NA,0,"P_Bertha_2022_summer_serpentine_network_case3_version2","2"
"ASER",1,0,0,0,0,0,NA,0,1,0,0,0,0,0,NA,0,"P_Bertha_2022_summer_serpentine_network_case3_version2","2"
"ASFA",0,0.484978262537615,0.819198601599524,0.0125005760604504,32.9178928332071,28.287693663592,0.953287040550551,0.962421002472455,0,0.484978262537615,0.819094992113888,0.0137403340139473,13.9247841363807,25.7210561788448,0.443439059153309,0.5,"P_Bertha_2022_summer_serpentine_network_case3_version2","2"
"CAPY",0,0.529658469687988,0.826195608137424,0.0125005806659219,27.3898437061576,26.6333421639716,0.849663119193873,0.852573825522476,0,0.529658469687988,0.82526792233483,0.037149835207335,2.60861460208961,8.88371335192011,0.242331766858899,0.166666666666667,"P_Bertha_2022_summer_serpentine_network_case3_version2","2"
"CESO",1,0,0,0,0,0,NA,-3.10210078079685e-12,1,0,0,0,0,0,NA,0.166666666666667,"P_Bertha_2022_summer_serpentine_network_case3_version2","2"
"GRCA",0,0.510073438594152,0.773446814146039,0.0125005795159186,28.270881493776,25.4377882312142,0.568734060783945,1.13506397266046,0,0.510073438594152,0.773337675961966,0.0140528647909893,11.7683393284197,22.613187471464,0.37018688377137,0.666666666666667,"P_Bertha_2022_summer_serpentine_network_case3_version2","2"
"HECO",0,0.504282451911961,0.909340859407691,0.012500566083339,36.2884490574831,35.4801060197471,0.910612011597282,1.84093350511204,0,0.504282451911961,0.909344214845979,0.0125627628662375,36.8131389461086,35.3042472984036,0.73246612289215,1.5,"P_Bertha_2022_summer_serpentine_network_case3_version2","2"
"HEEX",0,0.4751692843275,0.856795233892921,0.0125005462651203,28.732141254501,27.0985074363904,0.716033750568578,4.32451042417011,0,0.4751692843275,0.85677469758819,0.0125132711085558,23.543669061017,27.0695603025322,0.620693502049966,3.16666666666667,"P_Bertha_2022_summer_serpentine_network_case3_version2","2"
"LULU",0,0.470161692295299,0.905548026217203,0.0125005622073544,29.5526819829634,31.6758323803273,0.635394833484781,3.75520929159612,0,0.470161692295299,0.905527705209929,0.0114249240045794,22.5991115986686,34.6655538175135,0.770088934954214,3.83333333333333,"P_Bertha_2022_summer_serpentine_network_case3_version2","2"
"MEIN",1,0,0,0,0,0,NA,4.99999999913318,1,0,0,0,0,0,NA,7.16666666666667,"P_Bertha_2022_summer_serpentine_network_case3_version2","2"
"PEKE",0,0.50137590111763,0.779941326566376,0.0125004784595278,29.5106859425257,23.5875773888032,0.772340364186645,13.1292879793373,0,0.50137590111763,0.779860950354565,0.0112654426576276,16.4339935277829,26.1761058913278,0.868484031684451,13.8333333333333,"P_Bertha_2022_summer_serpentine_network_case3_version2","2"
"ACMO",0,0.513255724666294,0.513255724666294,0.549092196858997,2.16856837258034e-22,4.6980115913847e-11,2.3691515227383e-12,3.33020848415176e-12,0,0.513255724666294,0.661782434071201,0.0201480159413349,2.03150539498841,10.060507045182,0.133632885408896,0.142857142857143,"P_Bertha_2023_spring_full_network_case3_version1","1"
"AGHE",0,0.488964466396237,0.776625058604091,0.0125006071612655,31.7732540064482,25.6635517262802,0.961515596827217,0.952539755691399,0,0.488964466396237,0.776563972569607,0.0142345409211003,16.0848612357383,22.5250753944372,0.554534158964038,0.5,"P_Bertha_2023_spring_full_network_case3_version1","1"
"DICA",0,0.525786721555417,0.697383035625121,0.0125006036772128,22.2995144729185,17.6762414570339,0.879785622633139,0.882864147051513,0,0.525786721555417,0.696935431495559,0.0184462751769838,4.1208990418598,11.9409866970045,0.240516183860138,0.25,"P_Bertha_2023_spring_full_network_case3_version1","1"
"ERCI",0,0.497429181890296,0.686380440184479,0.0125006160498388,25.7389585036878,17.9295506747188,0.98534079231343,0.98505330671316,0,0.497429181890296,0.686184690215194,0.0194572346709596,8.45107795400236,11.4864800937376,0.504854425422561,0.5,"P_Bertha_2023_spring_full_network_case3_version1","1"
"ERGU",0,0.492260030211071,0.701532170107045,0.0125006104930863,27.6197878610887,20.0811918915634,0.964891417835918,0.970171349576664,0,0.492260030211071,0.701196658290645,0.020693300268914,5.11273110435574,12.0904506563596,0.296517480365974,0.333333333333333,"P_Bertha_2023_spring_full_network_case3_version1","1"
"EUSP",0,0.514327757463012,0.772495831538902,0.0125006121933615,30.9756505056757,24.1989495484977,0.98882643012601,0.988215650847573,0,0.514327757463012,0.772359017351257,0.0194571569954394,10.3125979652122,15.5139763970472,0.513409832972666,0.5,"P_Bertha_2023_spring_full_network_case3_version1","1"
"LACA",0,0.506619680838948,0.697646627567015,0.0125006136285672,26.6987333830353,18.8259906185279,0.989391829753389,0.990875217319913,0,0.506619680838948,0.697479880911809,0.0185074039479085,8.40456980575541,12.688699228002,0.461987335494304,0.5,"P_Bertha_2023_spring_full_network_case3_version1","1"
"LACH",0,0.456975860198483,0.773146852035832,0.0125006085706489,31.8198365466626,26.0009718003114,0.94617257567474,0.942740494372531,0,0.456975860198483,0.772144378174134,0.0322038302521209,2.22375345371316,10.0191320141599,0.171377992155732,0.166666666666667,"P_Bertha_2023_spring_full_network_case3_version1","1"
"LAMI",0,0.49328235590052,0.659282382477131,0.0125006115124959,23.7539060474324,16.8224283717177,0.930931695831626,0.928342767309574,0,0.49328235590052,0.658452065674739,0.0208956072999573,2.21808040342513,10.0098783294732,0.145905831758975,0.142857142857143,"P_Bertha_2023_spring_full_network_case3_version1","1"
"LUMI",0,0.496555620034484,0.663499830754578,0.0125005945118714,23.2852864181184,17.5175319513568,0.7143331902926,2.18333419636216,0,0.496555620034484,0.663514486455584,0.0125595414632892,24.8837678980487,17.4357811849609,0.532704525274523,1.66666666666667,"P_Bertha_2023_spring_full_network_case3_version1","1"
"LUSU",0,0.510305919572853,0.789820441210813,0.0125005945523141,20.2881599543842,23.1123886479545,0.563023895350958,2.22484760311169,0,0.510305919572853,0.789286222505783,0.0185879041089489,4.78094138733325,15.4978525625584,0.251432681013433,1,"P_Bertha_2023_spring_full_network_case3_version1","1"
"MIDO",0,0.511590260947864,0.700590809667672,0.0125006037077403,22.8283826574033,18.6577020378345,0.491680934955211,1.98192379501561,0,0.511590260947864,0.70005082644398,0.0116225017586997,4.34321792716752,20.0416037969767,0.311263849652295,1.30952380952381,"P_Bertha_2023_spring_full_network_case3_version1","1"
"RACA",0,0.497515750745086,0.690105252961132,0.012500598158408,23.9342494614749,19.0629378622108,0.624196529961178,2.52639833447957,0,0.497515750745086,0.690058186050567,0.0109046009866527,15.2375285897191,21.8595865269388,0.689498023969997,2.83333333333333,"P_Bertha_2023_spring_full_network_case3_version1","1"
"TAOF",0,0.547222772658441,0.8317585941128,0.012500588767469,27.4221281958133,28.0144014737858,0.555017663578988,3.83443547868279,0,0.547222772658441,0.831737474688951,0.0125804289666112,21.0048166542298,27.834635205826,0.494073708248501,3.41666666666667,"P_Bertha_2023_spring_full_network_case3_version1","1"
"THCA",0,0.473140070411908,0.70142386761597,0.0125005904924603,18.1643307924946,21.0413408907726,0.394357469591226,3.66395522292579,0,0.473140070411908,0.701389299389969,0.0129111793789197,13.2936374911339,20.3680932723895,0.353028150514102,3.30952380952381,"P_Bertha_2023_spring_full_network_case3_version1","1"
"TRFU",0,0.465163412930054,0.755960452069527,0.0125005900420645,20.9387800747461,21.8905096544189,0.434374158010076,4.31045514554887,0,0.465163412930054,0.755812014144583,0.0101585877015305,9.69581864231379,26.9433238980861,0.478977436007894,4.72619047619048,"P_Bertha_2023_spring_full_network_case3_version1","1"
"TRHI",0,0.501481115422901,0.674192341617471,0.012500587199363,21.4895702563767,19.7603862266619,0.413477982778734,5.89028319318661,0,0.501481115422901,0.674198883025607,0.0055528167242289,22.5820797809981,44.5726884710171,0.51721612507973,7.39285714285714,"P_Bertha_2023_spring_full_network_case3_version1","1"
"TRLA",0,0.493106912701906,0.766553546866841,0.0125005901448384,17.2610115044967,21.1370252533567,0.311823305001846,4.29933892237472,0,0.493106912701906,0.766542384341763,0.00682422976944499,13.6468086498424,38.7776103141253,0.443841188535002,6.08333333333333,"P_Bertha_2023_spring_full_network_case3_version1","1"
"VIVI",0,0.547881780936328,0.790464459853709,0.0125005865682962,23.9485047009794,26.7172758235939,0.378111927332607,7.44422541941707,0,0.547881780936328,0.790446288561992,0.00651750396043417,19.431049910236,51.3100124128367,0.574501300808932,11.2261904761905,"P_Bertha_2023_spring_full_network_case3_version1","1"
"ACMO",1,0,0,0,0,0,NA,0,1,0,0,0,0,0,NA,0,"P_Bertha_2023_spring_nonserpentine_network_case3_version3","3"
"AGHE",1,0,0,0,0,0,NA,0,1,0,0,0,0,0,NA,0,"P_Bertha_2023_spring_nonserpentine_network_case3_version3","3"
"DICA",1,0,0,0,0,0,NA,0,1,0,0,0,0,0,NA,0,"P_Bertha_2023_spring_nonserpentine_network_case3_version3","3"
"ERCI",1,0.497429181890296,0,0,0,0,NA,0,0,0.497429181890296,0.497429181890296,0.516981231405857,0,0,NA,0,"P_Bertha_2023_spring_nonserpentine_network_case3_version3","3"
"ERGU",1,0,0,0,0,0,NA,0,1,0,0,0,0,0,NA,0,"P_Bertha_2023_spring_nonserpentine_network_case3_version3","3"
"EUSP",1,0,0,0,0,0,NA,0,1,0,0,0,0,0,NA,0,"P_Bertha_2023_spring_nonserpentine_network_case3_version3","3"
"LACA",1,0,0,0,0,0,NA,0,1,0,0,0,0,0,NA,0,"P_Bertha_2023_spring_nonserpentine_network_case3_version3","3"
"LACH",1,0,0,0,0,0,NA,0,1,0,0,0,0,0,NA,0,"P_Bertha_2023_spring_nonserpentine_network_case3_version3","3"
"LAMI",1,0,0,0,0,0,NA,0,1,0,0,0,0,0,NA,0,"P_Bertha_2023_spring_nonserpentine_network_case3_version3","3"
"LUMI",1,0,0,0,0,0,NA,0,1,0,0,0,0,0,NA,0,"P_Bertha_2023_spring_nonserpentine_network_case3_version3","3"
"LUSU",1,0,0,0,0,0,NA,0,1,0,0,0,0,0,NA,0,"P_Bertha_2023_spring_nonserpentine_network_case3_version3","3"
"MIDO",1,0,0,0,0,0,NA,0,1,0,0,0,0,0,NA,0,"P_Bertha_2023_spring_nonserpentine_network_case3_version3","3"
"RACA",1,0,0,0,0,0,NA,0,1,0,0,0,0,0,NA,0,"P_Bertha_2023_spring_nonserpentine_network_case3_version3","3"
"TAOF",1,0.547222772658441,0,0,0,0,NA,0,0,0.547222772658441,0.547222772658441,0.52309057385339,0,0,NA,0,"P_Bertha_2023_spring_nonserpentine_network_case3_version3","3"
"THCA",1,0,0,0,0,0,NA,0,1,0,0,0,0,0,NA,0,"P_Bertha_2023_spring_nonserpentine_network_case3_version3","3"
"TRFU",1,0,0,0,0,0,NA,0,1,0,0,0,0,0,NA,0,"P_Bertha_2023_spring_nonserpentine_network_case3_version3","3"
"TRHI",1,0,0,0,0,0,NA,-4.72953654756703e-09,1,0,0,0,0,0,NA,0.5,"P_Bertha_2023_spring_nonserpentine_network_case3_version3","3"
"TRLA",1,0,0,0,0,0,NA,-1.89181461902681e-08,1,0,0,0,0,0,NA,2,"P_Bertha_2023_spring_nonserpentine_network_case3_version3","3"
"VIVI",0,0.547881780936328,0.868145184273274,0.0125008656568475,37.1295497368348,32.2338397982682,1,14.0000000236353,0,0.547881780936328,0.868149014846441,0.0125083766145775,37.1072844252576,32.2146524174141,1,11.5,"P_Bertha_2023_spring_nonserpentine_network_case3_version3","3"
"ACMO",0,0.513255724666294,0.513255724666294,0.549092196858997,0,0,NA,0,1,0.513255724666294,2.15108435113998e-05,0.000112732978991395,0,0,NA,0,"P_Bertha_2023_spring_serpentine_network_case3_version2","2"
"AGHE",1,0.488964466396237,3.79142974505809e-05,0.000222629193670632,0,0,NA,0,1,0.488964466396237,0,0,0,0,NA,0,"P_Bertha_2023_spring_serpentine_network_case3_version2","2"
"DICA",1,0.525786721555417,0,0,0,0,NA,0,0,0.525786721555417,0.525786721555417,0.531702087298828,0,0,NA,0,"P_Bertha_2023_spring_serpentine_network_case3_version2","2"
"ERCI",1,0,0,0,0,0,NA,-3.52327584676126e-10,1,0,0,0,0,0,NA,0.142857142857143,"P_Bertha_2023_spring_serpentine_network_case3_version2","2"
"ERGU",0,0.492260030211071,0.816861593401039,0.0125015330263385,33.3476923423765,27.2404491030413,1,1.00000000184803,0,0.492260030211071,0.81679537912084,0.025001222137353,16.6206185334307,13.5756444162364,1,0.5,"P_Bertha_2023_spring_serpentine_network_case3_version2","2"
"EUSP",0,0.514327757463012,0.899482763061635,0.0125016465542329,36.4916547761987,32.8236144667865,1,1.00000000138718,0,0.514327757463012,0.899415381310041,0.0250012156894435,18.194490219261,16.3644043582984,1,0.5,"P_Bertha_2023_spring_serpentine_network_case3_version2","2"
"LACA",0,0.506619680838948,0.81233408707783,0.0125012595219037,31.0838412085231,25.5369261289176,0.988782426025997,0.990352218384866,0,0.506619680838948,0.81218476420443,0.0178037589691497,10.1816759970671,17.9012073477848,0.461946613891778,0.5,"P_Bertha_2023_spring_serpentine_network_case3_version2","2"
"LACH",0,0.456975860198483,0.900234689726054,0.012501669996839,38.7777319911715,35.2664467306652,0.989866084155224,0.988971044520822,0,0.456975860198483,0.900129620046371,0.0158070222154514,16.1390145565345,27.8641005358702,0.521359195571197,0.5,"P_Bertha_2023_spring_serpentine_network_case3_version2","2"
"LAMI",0,0.49328235590052,0.767672628070558,0.0125014625370608,29.4623478703888,22.8222751099733,0.99102468574251,0.991449123736858,0,0.49328235590052,0.767539953841862,0.0178039209005231,10.1635130990263,15.9938133007584,0.487744994155201,0.5,"P_Bertha_2023_spring_serpentine_network_case3_version2","2"
"LUMI",0,0.496555620034484,0.772584299761355,0.0125015480303637,30.7586131207499,23.763621579525,1,1.00000000183644,0,0.496555620034484,0.772513765760218,0.0250012252072467,15.3285135963573,11.8414877618287,1,0.5,"P_Bertha_2023_spring_serpentine_network_case3_version2","2"
"LUSU",0,0.510305919572853,0.919729660057339,0.0125016145709616,32.9431298231091,31.355084107706,0.966311348084903,0.963354961349013,0,0.510305919572853,0.918539717755149,0.0352400320494665,2.45335759822966,11.0374196425659,0.204169676319968,0.142857142857143,"P_Bertha_2023_spring_serpentine_network_case3_version2","2"
"MIDO",0,0.511590260947864,0.815789779111757,0.0125004496840806,28.5826317475766,25.3114334798957,0.848924631525866,2.5521537713053,0,0.511590260947864,0.815796387620081,0.012542439042816,29.9130398242725,25.2270266058137,0.748391457767219,1.75,"P_Bertha_2023_spring_serpentine_network_case3_version2","2"
"RACA",0,0.497515750745086,0.803566526402861,0.0125005915086773,29.3892607073125,25.8591908944294,0.68889093958777,2.77184107506985,0,0.497515750745086,0.80327072195672,0.0240304167813461,6.55877980525405,13.4053514381538,0.622699126044342,1.39285714285714,"P_Bertha_2023_spring_serpentine_network_case3_version2","2"
"TAOF",1,0,0,0,0,0,NA,1.99999999205678,1,0,0,0,0,0,NA,2.83333333333333,"P_Bertha_2023_spring_serpentine_network_case3_version2","2"
"THCA",0,0.473140070411908,0.816778565986585,0.0125004705055619,28.2939648124877,28.5440301317342,0.630653463578147,4.45260854209497,0,0.473140070411908,0.81679061624196,0.0126057419482643,32.7024200383305,28.3060358989356,0.623352974658375,3.66666666666667,"P_Bertha_2023_spring_serpentine_network_case3_version2","2"
"TRFU",0,0.465163412930054,0.880267437598118,0.0125004842945149,26.9121178588056,29.6955362394181,0.588109915733959,5.22948468874643,0,0.465163412930054,0.880245293759257,0.0125994439373964,22.1884182669135,29.4603122734799,0.595412004779658,4.39285714285714,"P_Bertha_2023_spring_serpentine_network_case3_version2","2"
"TRHI",0,0.501481115422901,0.785048943314893,0.0125005152162855,28.9190066605089,26.8063658023245,0.541307096058651,5.44993709632695,0,0.501481115422901,0.784998239232853,0.00927146333764266,18.601169502583,36.1660598201011,0.621324679817723,6.05952380952381,"P_Bertha_2023_spring_serpentine_network_case3_version2","2"
"TRLA",0,0.493106912701906,0.892643825005645,0.0125005565072151,28.7552954556181,28.6764887256311,0.617217382558822,8.60984759180122,0,0.493106912701906,0.892630102879273,0.00721176945142836,25.5156940091502,49.7651292537171,0.760955927055718,8.39285714285714,"P_Bertha_2023_spring_serpentine_network_case3_version2","2"
"VIVI",1,0,0,0,0,0,NA,5.99999988988567,1,0,0,0,0,0,NA,12.2261904761905,"P_Bertha_2023_spring_serpentine_network_case3_version2","2"
"ASER",0,0.542890234707338,0.542890234707338,0.546766746415182,6.79065553276301e-17,1.61377723096109e-08,2.28444205635671e-09,3.40947585578636e-09,0,0.542890234707338,0.844394973522097,0.0271202602817221,2.60407644892226,12.3788763610446,0.177630747735465,0.166666666666667,"P_Bertha_2023_summer_full_network_case3_version1","1"
"ASFA",0,0.456174726228311,0.796800714242642,0.0125005743952509,20.4648620239206,26.8403139790543,0.607534497929581,0.647254172043609,0,0.456174726228311,0.753972226732066,0.026245879635269,1.76277200962153,11.4023564825584,0.116561970268894,0.125,"P_Bertha_2023_summer_full_network_case3_version1","1"
"CESO",0,0.528623719224065,0.88008382199593,0.0125005722559647,37.2236913260833,32.8951261295632,0.995891257629635,0.995500680910966,0,0.528623719224065,0.833966568637219,0.0246212684160377,6.34783764226027,14.9570371609574,0.353939374477231,0.333333333333333,"P_Bertha_2023_summer_full_network_case3_version1","1"
"CLGR",0,0.478848998867371,0.871870747679724,0.0125005747077918,15.976165870351,29.7077968519285,0.420544038849498,0.760543043132721,0,0.478848998867371,0.826152818226223,0.0134873158096695,5.0385996457828,24.7120784909364,0.168702185426202,0.291666666666667,"P_Bertha_2023_summer_full_network_case3_version1","1"
"ERLA",0,0.515123963898571,0.784496851508575,0.0125005743941825,27.7018659368787,26.3428864650084,0.565829787306415,1.15118167655357,0,0.515123963898571,0.743294781874374,0.0198455381385815,4.86233396912336,14.8642290205387,0.323173377655419,0.666666666666667,"P_Bertha_2023_summer_full_network_case3_version1","1"
"GRCA",0,0.488461243286012,0.734222268490798,0.0125005781778219,24.7106211757405,21.9252195081682,0.713722260453587,2.1417335584398,0,0.488461243286012,0.696064363677999,0.012532581687954,27.6988867280084,19.6515381085993,0.464872290409153,1.4,"P_Bertha_2023_summer_full_network_case3_version1","1"
"HECO",0,0.468115908009054,0.815063451152572,0.0125005744160967,18.1136834254499,24.0459429473122,0.386433921665103,1.16228484096781,0,0.468115908009054,0.772219066859305,0.011647112068295,4.42541850871369,23.1677158758572,0.184663265467512,0.541666666666667,"P_Bertha_2023_summer_full_network_case3_version1","1"
"HEEX",0,0.524065908172199,0.795398828812004,0.0125005758720553,23.7839378918064,26.5087962539071,0.451941799836795,1.82130912000662,0,0.524065908172199,0.753562456152898,0.0129294577447046,4.39561677431644,22.9978020867961,0.194377046566266,0.791666666666667,"P_Bertha_2023_summer_full_network_case3_version1","1"
"LULU",0,0.475718650140669,0.762215719956268,0.0125005761098882,24.3149353787533,23.107481326552,0.442895877388003,2.67970721539597,0,0.475718650140669,0.722360274596133,0.0108885982547121,7.14978042071717,23.8331547856886,0.451660365048148,2.74166666666667,"P_Bertha_2023_summer_full_network_case3_version1","1"
"NOMA",0,0.503352914216627,0.841392299625045,0.0125005769441378,24.6332031703764,30.9380951377149,0.513628328427258,3.62019290642914,0,0.503352914216627,0.797395098571369,0.0123127322339397,7.34231197222431,28.2084146049428,0.242409406255561,1.73333333333333,"P_Bertha_2023_summer_full_network_case3_version1","1"
"PEKE",0,0.452429238847657,0.773849782256196,0.0125005776265265,24.7767850139838,23.1876470037736,0.503211769087334,5.44579343133549,0,0.452429238847657,0.733551230201256,0.0124833090535612,15.3405064691082,20.8612585810375,0.525902685145276,5.65,"P_Bertha_2023_summer_full_network_case3_version1","1"
"SAVE",0,0.478217312567037,0.812020430891195,0.0125005775236828,27.6305374367212,27.4994382365007,0.431402494178391,5.61822275416747,0,0.478217312567037,0.769716109715967,0.0126194875307939,15.117727540812,24.4713542669522,0.49784928545082,6.475,"P_Bertha_2023_summer_full_network_case3_version1","1"
"TRLA",0,0.498372314194391,0.74122694805865,0.0125005776605666,19.244892447538,20.4249125340051,0.364609362190848,8.74414428894473,0,0.498372314194391,0.702664831193028,0.00476234631649965,15.4133300244858,48.2907593472214,0.45924644767845,11.025,"P_Bertha_2023_summer_full_network_case3_version1","1"
"ZETR",0,0.543484665124437,0.80115016172882,0.0125005757090306,25.5787828149375,27.5451613147465,0.413652989035642,11.2121323081158,0,0.543484665124437,0.759347423229786,0.00817198214897653,10.7607734069707,37.8844028109841,0.516899588949659,14.0583333333333,"P_Bertha_2023_summer_full_network_case3_version1","1"
"ASER",0,0.542890234707338,0.542890234707338,0.546766746415182,0,0,NA,0,1,0.542890234707338,1.5844390549281e-05,8.48911514866887e-05,0,0,NA,0,"P_Bertha_2023_summer_nonserpentine_network_case3_version3","3"
"ASFA",1,0,0,0,0,0,NA,0,1,0,0,0,0,0,NA,0,"P_Bertha_2023_summer_nonserpentine_network_case3_version3","3"
"CESO",1,0.528623719224065,0,0,0,0,NA,0,0,0.528623719224065,0.528623719224065,0.538548495754855,0,0,NA,0,"P_Bertha_2023_summer_nonserpentine_network_case3_version3","3"
"CLGR",1,0,0,0,0,0,NA,0,1,0,0,0,0,0,NA,0,"P_Bertha_2023_summer_nonserpentine_network_case3_version3","3"
"ERLA",1,0,0,0,0,0,NA,0,1,0,0,0,0,0,NA,0,"P_Bertha_2023_summer_nonserpentine_network_case3_version3","3"
"GRCA",1,0,0,0,0,0,NA,0,1,0,0,0,0,0,NA,0,"P_Bertha_2023_summer_nonserpentine_network_case3_version3","3"
"HECO",1,0,0,0,0,0,NA,0,1,0,0,0,0,0,NA,0,"P_Bertha_2023_summer_nonserpentine_network_case3_version3","3"
"HEEX",1,0,0,0,0,0,NA,0,1,0,0,0,0,0,NA,0,"P_Bertha_2023_summer_nonserpentine_network_case3_version3","3"
"LULU",1,0,0,0,0,0,NA,0,1,0,0,0,0,0,NA,0,"P_Bertha_2023_summer_nonserpentine_network_case3_version3","3"
"NOMA",1,0,0,0,0,0,NA,0,1,0,0,0,0,0,NA,0,"P_Bertha_2023_summer_nonserpentine_network_case3_version3","3"
"PEKE",1,0,0,0,0,0,NA,0,1,0,0,0,0,0,NA,0,"P_Bertha_2023_summer_nonserpentine_network_case3_version3","3"
"SAVE",1,0,0,0,0,0,NA,0,1,0,0,0,0,0,NA,0,"P_Bertha_2023_summer_nonserpentine_network_case3_version3","3"
"TRLA",1,0,0,0,0,0,NA,4,1,0,0,0,0,0,NA,4,"P_Bertha_2023_summer_nonserpentine_network_case3_version3","3"
"ZETR",1,0,0,0,0,0,NA,22,1,0,0,0,0,0,NA,22,"P_Bertha_2023_summer_nonserpentine_network_case3_version3","3"
"ASER",1,0,0,0,0,0,NA,0,1,0,0,0,0,0,NA,0,"P_Bertha_2023_summer_serpentine_network_case3_version2","2"
"ASFA",1,0.456174726228311,0,0,0,0,NA,0,0,0.456174726228311,0.456174726228311,0.508706999969998,0,0,NA,0,"P_Bertha_2023_summer_serpentine_network_case3_version2","2"
"CESO",1,0,0,0,0,0,NA,-1.52669585910867e-10,1,0,0,0,0,0,NA,0.25,"P_Bertha_2023_summer_serpentine_network_case3_version2","2"
"CLGR",0,0.478848998867371,0.921005588089279,0.0125005766357589,25.7753480120585,33.1568923773959,0.715966963485262,0.677287737504594,0,0.478848998867371,0.920371608423009,0.0218416352160705,3.96796110811491,18.9071196506931,0.19315468536223,0.166666666666667,"P_Bertha_2023_summer_serpentine_network_case3_version2","2"
"ERLA",0,0.515123963898571,0.828674652469978,0.0125005794877736,35.3965124006369,29.3989648731881,0.997728754694968,0.99778924893992,0,0.515123963898571,0.828557894976383,0.0165820122262855,13.1762698274187,22.1346775342179,0.493221659767568,0.5,"P_Bertha_2023_summer_serpentine_network_case3_version2","2"
"GRCA",0,0.488461243286012,0.775449129150285,0.0125005756326591,13.2156723202435,24.4616705857583,0.361750333669752,0.749006972933203,0,0.488461243286012,0.775235889297428,0.0110144799538659,6.28994210045534,27.7578376745761,0.178082534590673,0.366666666666667,"P_Bertha_2023_summer_serpentine_network_case3_version2","2"
"HECO",0,0.468115908009054,0.860983790014468,0.0125005768740374,27.4142155031357,26.8366998300921,0.5581676972872,1.11183895012881,0,0.468115908009054,0.860943166540715,0.0124811886268611,19.0536586207189,26.8759684030463,0.601538584258116,1.2,"P_Bertha_2023_summer_serpentine_network_case3_version2","2"
"HEEX",0,0.524065908172199,0.840191354734357,0.0125005530192356,31.7049281056883,29.5843676635907,0.825846707642825,2.49817819915471,0,0.524065908172199,0.840200120334798,0.01253105928212,34.2602022705685,29.5127381361704,0.509263903279295,1.53333333333333,"P_Bertha_2023_summer_serpentine_network_case3_version2","2"
"LULU",0,0.475718650140669,0.805099447990036,0.0125005760625395,22.8130131352839,25.7855948692591,0.409980471424954,1.24566072389958,0,0.475718650140669,0.80481127597431,0.0110453454923341,6.323413491079,29.1720705964571,0.279411964465655,0.866666666666667,"P_Bertha_2023_summer_serpentine_network_case3_version2","2"
"NOMA",0,0.503352914216627,0.888766232357044,0.0125005682860252,28.6369938407742,34.5259685559716,0.477152955982864,1.92814168520679,0,0.503352914216627,0.888508541173875,0.0123305554708407,7.79436797346278,34.9829649448976,0.263040527022924,1.06666666666667,"P_Bertha_2023_summer_serpentine_network_case3_version2","2"
"PEKE",0,0.452429238847657,0.817396395287611,0.0125005513045259,21.9890704478044,25.8754540732117,0.53914436571302,3.66950688468073,0,0.452429238847657,0.81716508307138,0.0154972965404606,7.66418584861033,20.8455081662882,0.309129049925784,1.93333333333333,"P_Bertha_2023_summer_serpentine_network_case3_version2","2"
"SAVE",0,0.478217312567037,0.857736831838189,0.012500542955808,29.6711622595236,30.6887737163871,0.544760155283452,6.02893800350803,0,0.478217312567037,0.857743705379077,0.0126105067146609,32.0091679568443,30.4208577993457,0.556853852658145,6.06666666666667,"P_Bertha_2023_summer_serpentine_network_case3_version2","2"
"TRLA",0,0.498372314194391,0.782970610244806,0.0125005460671293,23.4874013451142,22.7952600110538,0.429911387150879,5.60746249395791,0,0.498372314194391,0.782835626472885,0.0108224719894948,9.72387911422077,26.3334923183139,0.534494731151034,6.98333333333333,"P_Bertha_2023_summer_serpentine_network_case3_version2","2"
"ZETR",0,0.543484665124437,0.846270032148199,0.0125005039860462,33.8874639738301,30.7400433856587,0.573153872507427,15.4861891002088,0,0.543484665124437,0.846200231843177,0.00852412869598555,19.0232992548664,45.1079689397403,0.70735053600602,19.0666666666667,"P_Bertha_2023_summer_serpentine_network_case3_version2","2"
"ASER",0,0.519699574806588,0.519699574806588,0.477664696484648,2.4963582887107e-05,1.29735634120785e-05,1,1,0,0.519699574806588,0.88171930405708,0.0125006341645326,35.2265612997134,31.0599391135073,1,1,"P_Bertha_2024_summer_full_network_case3_version1","1"
"ASFA",0,0.490753774317332,0.766822205814466,0.0125005645610567,32.3391970857742,24.9689760733376,0.993169057903915,0.993294830976521,0,0.490753774317332,0.724607085823752,0.0177062314768238,7.21056983138072,15.7144185787124,0.332486370174922,0.333333333333333,"P_Bertha_2024_summer_full_network_case3_version1","1"
"CESO",0,0.498684951406291,0.791714117810462,0.0125005433022576,31.9171639982064,26.669743100246,0.940481876355589,2.81866749831409,0,0.498684951406291,0.748339052745851,0.0151210909416092,12.7817028529001,19.6820647428651,0.418106369884201,1.25,"P_Bertha_2024_summer_full_network_case3_version1","1"
"HEEX",0,0.49797828553616,0.763498768870901,0.0125005244795169,24.0865575760056,24.2957543601095,0.630617501204368,7.11004577361332,0,0.49797828553616,0.721786911505515,0.0126839549469668,27.065307612932,21.3946020540803,0.523614767659225,5.91666666666667,"P_Bertha_2024_summer_full_network_case3_version1","1"
"SOAS",0,0.521045006239342,0.869652307398196,0.0125005280460117,27.0862407188072,29.1258580911388,0.553990716523857,8.14699784785142,0,0.521045006239342,0.822080623219321,0.0100197039469977,16.7555006780015,32.4862667767936,0.628683918226364,9.25,"P_Bertha_2024_summer_full_network_case3_version1","1"
"ZETR",0,0.503419864621675,0.782102502706478,0.012500515858917,29.5867216804163,25.8597753701756,0.596936602596171,11.9309940492443,0,0.503419864621675,0.739299587143559,0.0101782767800045,15.5868445018797,28.3915550009501,0.711158665126277,14.25,"P_Bertha_2024_summer_full_network_case3_version1","1"
"ASER",0,0.519699574806588,0.519699574806588,0.477664696484648,0,0,NA,0,1,0.519699574806588,4.81469501070543e-05,0.000227140440038532,0,0,NA,0,"P_Bertha_2024_summer_nonserpentine_network_case3_version3","3"
"ASFA",1,0,0,0,0,0,NA,0,1,0,0,0,0,0,NA,0,"P_Bertha_2024_summer_nonserpentine_network_case3_version3","3"
"CESO",1,0.498684951406291,0,0,0,0,NA,0,0,0.498684951406291,0.498684951406291,0.478010372877126,0,0,NA,0,"P_Bertha_2024_summer_nonserpentine_network_case3_version3","3"
"HEEX",1,0,0,0,0,0,NA,0,1,0,0,0,0,0,NA,0,"P_Bertha_2024_summer_nonserpentine_network_case3_version3","3"
"SOAS",1,0,0,0,0,0,NA,1,1,0,0,0,0,0,NA,1,"P_Bertha_2024_summer_nonserpentine_network_case3_version3","3"
"ZETR",1,0,0,0,0,0,NA,11,1,0,0,0,0,0,NA,11,"P_Bertha_2024_summer_nonserpentine_network_case3_version3","3"
"ASER",1,0,0,0,0,0,NA,0,1,0,4.72485264063978e-21,2.30561915661965e-20,0,0,NA,0,"P_Bertha_2024_summer_serpentine_network_case3_version2","2"
"ASFA",1,0.490753774317332,0,0,0,0,NA,0,0,0.490753774317332,0.490753774317332,0.510553817479198,0,0,NA,0,"P_Bertha_2024_summer_serpentine_network_case3_version2","2"
"CESO",1,0,0,0,0,0,NA,2.47350960666766e-11,1,0,0,0,0,0,NA,0.333333333333333,"P_Bertha_2024_summer_serpentine_network_case3_version2","2"
"HEEX",0,0.49797828553616,0.799107588605303,0.0125005380107286,31.9953497971789,26.6185658098438,0.959492811234364,2.8896171695168,0,0.49797828553616,0.799022971457129,0.0128286271771849,14.8659889291548,25.9281779241348,0.423317988291331,1.33333333333333,"P_Bertha_2024_summer_serpentine_network_case3_version2","2"
"SOAS",0,0.521045006239342,0.910198912519255,0.0125004929174097,30.8172156665279,31.9097125175597,0.746216634117943,11.0870000993488,0,0.521045006239342,0.910176437692959,0.0123307383968323,24.0577887422395,32.3487355272439,0.733176875173016,10.6666666666667,"P_Bertha_2024_summer_serpentine_network_case3_version2","2"
"ZETR",0,0.503419864621675,0.818556101681558,0.0125004872512806,30.4888577435262,28.3307914964539,0.696413602726388,14.0233827311099,0,0.503419864621675,0.818537854444023,0.0123718764398654,24.2208476978476,28.6249407450576,0.786619645376539,15.6666666666667,"P_Bertha_2024_summer_serpentine_network_case3_version2","2"
"ACMO",0,0.500505899056097,0.500505899056097,0.522830654342114,2.18035193507123e-16,2.09192778332225e-08,5.21661892069922e-09,8.78520525077849e-09,0,0.500505899056097,0.835579253058896,0.0158209476917546,12.1141629370177,20.3326548423472,0.497836770300407,0.5,"P_Coyote_2024_spring_full_network_case3_version1","1"
"AGHE",0,0.502645435814115,0.841666895226068,0.0125004571771498,34.4682642137665,29.0107969246327,1,1,0,0.502645435814115,0.841671582003707,0.012500619905297,34.4680703348027,29.0107952873084,1,1,"P_Coyote_2024_spring_full_network_case3_version1","1"
"DEVA",0,0.461839727830067,0.735446262897647,0.0125004569032208,21.7954403811089,19.606246047912,0.817564725920701,0.831295356142434,0,0.461839727830067,0.734844003249492,0.0194593541288407,3.7489539398319,12.5472371067218,0.219561987847362,0.25,"P_Coyote_2024_spring_full_network_case3_version1","1"
"EUSP",0,0.540305639938594,0.769148812447465,0.0125004538717636,27.0619460060921,23.387928860549,0.889974642783078,0.877927191966451,0,0.540305639938594,0.768698575230128,0.0211648023109503,4.8183589677638,13.7661436097282,0.269056155338225,0.25,"P_Coyote_2024_spring_full_network_case3_version1","1"
"LACA",0,0.516890447943886,0.766005260361079,0.0125004566300353,26.3605566510732,22.8137077710125,0.885096156374239,0.880375813954735,0,0.516890447943886,0.765639637515759,0.0192268873792539,6.18085822968784,14.7911170054336,0.319942709720709,0.333333333333333,"P_Coyote_2024_spring_full_network_case3_version1","1"
"LUMI",0,0.477758592892326,0.735107814074764,0.0125004386894174,25.7295854270095,20.0602834698306,0.921525707851642,2.80208603843694,0,0.477758592892326,0.735114489455173,0.012539416924674,26.5812844741226,19.9981154314044,0.814962906110533,2.5,"P_Coyote_2024_spring_full_network_case3_version1","1"
"RACA",0,0.488670741319037,0.758839674393058,0.0125004499269709,25.647225880117,24.1376149764742,0.56679235750884,2.30614282187171,0,0.488670741319037,0.758789714629599,0.0124738788939483,17.8917934647177,24.1860382704103,0.489407480641678,2.08333333333333,"P_Coyote_2024_spring_full_network_case3_version1","1"
"Ranunculus sp.",0,0.489149349061376,0.802277410870824,0.0125004531053097,19.2267701231094,26.5136531010624,0.376499965204733,1.89600383807439,0,0.489149349061376,0.802240249718966,0.00754307798627366,14.4459401355293,43.991126573879,0.308001542426654,1.66666666666667,"P_Coyote_2024_spring_full_network_case3_version1","1"
"TRFU",0,0.533109674548316,0.730645127762604,0.0125004341276496,22.9548445698653,19.1956930059196,0.688381184961636,4.16758137794814,0,0.533109674548316,0.730576936953169,0.0123135009995909,12.7883301051897,19.4845628858282,0.701771643390333,4.25,"P_Coyote_2024_spring_full_network_case3_version1","1"
"TRHI",0,0.474300133541366,0.759502725924476,0.0125004301942614,30.1716295552767,24.3553004030435,0.782101061996262,5.48135727675647,0,0.474300133541366,0.759456530827596,0.00924110832699635,17.5619962571947,32.9690486056754,0.748533720293227,5.25,"P_Coyote_2024_spring_full_network_case3_version1","1"
"VIVI",0,0.462344429740843,0.902648356267549,0.0125004348538274,31.5846275439907,32.8951736793479,0.529855657411367,6.75723027601672,0,0.462344429740843,0.902566714535691,0.0109076324037108,16.4479166366901,37.7053273946672,0.715439240105164,8.91666666666667,"P_Coyote_2024_spring_full_network_case3_version1","1"
"ACMO",1,0,0,0,0,0,NA,0,1,0,0,0,0,0,NA,0,"P_Coyote_2024_spring_nonserpentine_network_case3_version3","3"
"AGHE",1,0,0,0,0,0,NA,0,1,0,0,0,0,0,NA,0,"P_Coyote_2024_spring_nonserpentine_network_case3_version3","3"
"DEVA",1,0,0,0,0,0,NA,0,1,0,0,0,0,0,NA,0,"P_Coyote_2024_spring_nonserpentine_network_case3_version3","3"
"EUSP",1,0,0,0,0,0,NA,0,1,0,0,0,0,0,NA,0,"P_Coyote_2024_spring_nonserpentine_network_case3_version3","3"
"LACA",1,0,0,0,0,0,NA,0,1,0,0,0,0,0,NA,0,"P_Coyote_2024_spring_nonserpentine_network_case3_version3","3"
"LUMI",1,0,0,0,0,0,NA,0,1,0,0,0,0,0,NA,0,"P_Coyote_2024_spring_nonserpentine_network_case3_version3","3"
"RACA",1,0,0,0,0,0,NA,0,1,0,0,0,0,0,NA,0,"P_Coyote_2024_spring_nonserpentine_network_case3_version3","3"
"Ranunculus sp.",1,0,0,0,0,0,NA,0,1,0,0,0,0,0,NA,0,"P_Coyote_2024_spring_nonserpentine_network_case3_version3","3"
"TRFU",1,0,0,0,0,0,NA,0,1,0,0,0,0,0,NA,0,"P_Coyote_2024_spring_nonserpentine_network_case3_version3","3"
"TRHI",1,0,0,0,0,0,NA,0,1,0,0,0,0,0,NA,0,"P_Coyote_2024_spring_nonserpentine_network_case3_version3","3"
"VIVI",0,0.462344429740843,0.902657978131231,0.0124998934781597,36.4432919765599,32.8958282520077,1,13,0,0.462344429740843,0.902657977739981,0.0124999532999585,36.4432897306413,32.8958262104529,1,13,"P_Coyote_2024_spring_nonserpentine_network_case3_version3","3"
"ACMO",0,0.500505899056097,0.500505899056097,0.522830654342114,0,0,NA,0,1,0.500505899056097,2.14835355692776e-05,0.000113556816269692,0,0,NA,0,"P_Coyote_2024_spring_serpentine_network_case3_version2","2"
"AGHE",0,0.502645435814115,0.893492450648122,0.0125005803332604,36.5967394766005,32.6989104406786,1,0.999999999986186,0,0.502645435814115,0.893417200277206,0.0250012141913646,18.2450208596188,16.3004154553999,1,0.5,"P_Coyote_2024_spring_serpentine_network_case3_version2","2"
"DEVA",0,0.461839727830067,0.780768086397143,0.0125005811421984,28.3079403728298,22.1019364347388,1,1,0,0.461839727830067,0.780768086378402,0.0125005833007793,28.307925795882,22.1019250529926,1,1,"P_Coyote_2024_spring_serpentine_network_case3_version2","2"
"EUSP",0,0.540305639938594,0.81651664868537,0.01250057660509,29.5501173189635,26.3620956698787,0.915259661587086,0.907302860317426,0,0.540305639938594,0.81625459681719,0.0187064269987501,7.66137381409014,17.5805715116137,0.355712645038574,0.333333333333333,"P_Coyote_2024_spring_serpentine_network_case3_version2","2"
"LACA",0,0.516890447943886,0.813187799513253,0.01250057761194,29.796357741493,25.7156055117719,0.942230762336997,0.941289375118364,0,0.516890447943886,0.812596607537801,0.0310844449561122,4.28187874448505,10.2775088065208,0.338548981777485,0.25,"P_Coyote_2024_spring_serpentine_network_case3_version2","2"
"LUMI",0,0.477758592892326,0.780376797487613,0.0125005767894293,26.4924208170162,22.6111901777683,0.914329159692105,0.917578831943005,0,0.477758592892326,0.780215366007141,0.0185305698551513,9.54935046425621,15.2239970095961,0.489395128158775,0.5,"P_Coyote_2024_spring_serpentine_network_case3_version2","2"
"RACA",0,0.488670741319037,0.805596800825549,0.0125005580525016,33.7742785464017,27.2084507471722,1,3,0,0.488670741319037,0.805596800814892,0.0125005598365689,33.7742618154752,27.2084372684314,1,3,"P_Coyote_2024_spring_serpentine_network_case3_version2","2"
"Ranunculus sp.",0,0.489149349061376,0.851726668942542,0.0125005737154887,29.9654875567303,29.8881768457043,0.626904565729472,2.52397895441822,0,0.489149349061376,0.851690266730524,0.0124383906410216,20.3800864393399,30.0354631403899,0.700764846766895,2.83333333333333,"P_Coyote_2024_spring_serpentine_network_case3_version2","2"
"TRFU",0,0.533109674548316,0.775620674736457,0.0125005768509551,18.9417167951327,21.6360915537323,0.341759524413466,1.69766577439155,0,0.533109674548316,0.77562136444584,0.00647115256787702,21.454818552555,41.8657408108717,0.53729894300551,2.58333333333333,"P_Coyote_2024_spring_serpentine_network_case3_version2","2"
"TRHI",0,0.474300133541366,0.806273562559686,0.0125005435203487,33.6437561295324,27.4522251484706,0.835294088566432,5.01218420298996,0,0.474300133541366,0.806249249651584,0.0124868472559772,25.5700989057591,27.4807583906466,0.887798190488339,4.75,"P_Coyote_2024_spring_serpentine_network_case3_version2","2"
"VIVI",1,0,0,0,0,0,NA,4.00000000088761,1,0,0,0,0,0,NA,5.25,"P_Coyote_2024_spring_serpentine_network_case3_version2","2"
"ERCI",0,0.452208370017916,0.452208370017916,0.549153303261452,1.69172774679158e-19,-1.42641851577676e-09,-5.36317664436733e-11,-9.95224168569945e-11,0,0.452208370017916,0.805033410538599,0.0161633249150371,7.09666019253396,21.9241344802722,0.260582627030036,0.25,"P_Far_Gate_2022_spring_full_network_case3_version1","1"
"ESCA",0,0.466074891116505,0.73698218541299,0.0125005017915696,24.8196853929076,20.5895531593336,0.888395480978954,0.881459726770296,0,0.466074891116505,0.701684333983149,0.0122080322965536,7.09849321559411,19.1095443984796,0.260649933897135,0.25,"P_Far_Gate_2022_spring_full_network_case3_version1","1"
"HIIN",0,0.520694995099071,0.771325475286352,0.0125004947399063,26.986691182972,22.4544975624056,0.905298317722647,1.81978696396754,0,0.520694995099071,0.734634672401195,0.0124862486715315,24.7749984045965,20.3889580928267,0.742375967204607,1.5,"P_Far_Gate_2022_spring_full_network_case3_version1","1"
"LUMI",0,0.520782630085378,0.760173196063172,0.0125004963039611,22.499014720794,21.1966741995704,0.669968657901445,1.98797314081065,0,0.520782630085378,0.724017584637407,0.0125590557466366,22.0514377672086,19.1348630160369,0.61892947932629,1.83333333333333,"P_Far_Gate_2022_spring_full_network_case3_version1","1"
"LUSU",0,0.493663844952203,0.728925657636862,0.0125004981022046,18.9861440103997,19.98666877424,0.530527594192987,1.60627871658647,0,0.493663844952203,0.694085012130597,0.0106316246780177,7.957966678438,21.3155310666144,0.359532714729243,1.08333333333333,"P_Far_Gate_2022_spring_full_network_case3_version1","1"
"TRHI",0,0.508242111680211,0.730064605399163,0.0125004955359739,25.4860149929012,21.8179679495833,0.592239875493344,3.57742419521397,0,0.508242111680211,0.69517830466565,0.0112701200781606,9.6438695061276,21.9463554766202,0.700722492795628,4.25,"P_Far_Gate_2022_spring_full_network_case3_version1","1"
"VIVI",0,0.525171009299891,0.731905908085905,0.0125004953587877,22.3148918520138,22.1947977102658,0.524346645731004,3.12707725677539,0,0.525171009299891,0.697088825412597,0.0126180783788641,20.7109683252888,19.9419104439251,0.642382327620542,3.83333333333333,"P_Far_Gate_2022_spring_full_network_case3_version1","1"
"ERCI",0,0.452208370017916,0.452208370017916,0.549153303261452,0,0,NA,0,1,0.452208370017916,2.52065089362365e-05,0.000142952770039331,0,0,NA,0,"P_Far_Gate_2022_spring_nonserpentine_network_case3_version3","3"
"ESCA",1,0,0,0,0,0,NA,0,1,0,0,0,0,0,NA,0,"P_Far_Gate_2022_spring_nonserpentine_network_case3_version3","3"
"HIIN",1,0.520694995099071,0,0,0,0,NA,0,0,0.520694995099071,0.520694995099071,0.477951174288965,0,0,NA,0,"P_Far_Gate_2022_spring_nonserpentine_network_case3_version3","3"
"LUMI",1,0,0,0,0,0,NA,0,1,0,0,0,0,0,NA,0,"P_Far_Gate_2022_spring_nonserpentine_network_case3_version3","3"
"LUSU",1,0,0,0,0,0,NA,0.999999999298313,1,0,0,0,0,0,NA,1.5,"P_Far_Gate_2022_spring_nonserpentine_network_case3_version3","3"
"TRHI",1,0,0,0,0,0,NA,0.999999998596626,1,0,0,0,0,0,NA,2,"P_Far_Gate_2022_spring_nonserpentine_network_case3_version3","3"
"VIVI",0,0.525171009299891,0.765188055628288,0.0125006889715188,31.7075922335719,24.2622708498615,1,6.00000000210513,0,0.525171009299891,0.765188962613138,0.012509804738358,31.6844543799023,24.2445947779207,1,4.5,"P_Far_Gate_2022_spring_nonserpentine_network_case3_version3","3"
"ERCI",1,0,0,0,0,0,NA,0,1,0,3.28541921008147e-22,0,0,0,NA,0,"P_Far_Gate_2022_spring_serpentine_network_case3_version2","2"
"ESCA",1,0.466074891116505,0,0,0,0,NA,0,0,0.466074891116505,0.466074891116505,0.519567915224269,0,0,NA,0,"P_Far_Gate_2022_spring_serpentine_network_case3_version2","2"
"HIIN",1,0,0,0,0,0,NA,0,1,0,0,0,0,0,NA,0,"P_Far_Gate_2022_spring_serpentine_network_case3_version2","2"
"LUMI",0,0.520782630085378,0.830873255088606,0.0125006916423857,15.6166216281852,25.3302957257133,0.512249576009716,0.494209459000901,0,0.520782630085378,0.830701333172762,0.0189450712563752,7.1129280779689,16.6788681977543,0.354263776598842,0.25,"P_Far_Gate_2022_spring_serpentine_network_case3_version2","2"
"LUSU",0,0.493663844952203,0.796721052982197,0.012500691850442,14.0738003930274,23.8846250715939,0.469460711021568,0.485979229347898,0,0.493663844952203,0.79652251489418,0.018629463729234,6.62889351339702,15.9926239575456,0.330156136120833,0.25,"P_Far_Gate_2022_spring_serpentine_network_case3_version2","2"
"TRHI",0,0.508242111680211,0.798018213557503,0.0125006425514413,31.4762756161874,26.0760641178389,0.672763237656239,2.01981131175276,0,0.508242111680211,0.797962843816949,0.0124592964080921,19.0405437992938,26.1591095141771,0.771860029093442,1.75,"P_Far_Gate_2022_spring_serpentine_network_case3_version2","2"
"VIVI",1,0,0,0,0,0,NA,3.99999999989846,1,0,0,0,0,0,NA,4.75,"P_Far_Gate_2022_spring_serpentine_network_case3_version2","2"
"ERCI",0,0.535921308251992,0.535921308251992,0.524075878166629,5.13993967695758e-18,-2.86021363162824e-09,-9.63076032346334e-10,-1.37076302168888e-09,0,0.535921308251992,0.838815881937662,0.0145002617427091,15.6377986263442,24.4243473308355,0.537055654697478,0.5,"P_Felch_2024_spring_full_network_case3_version1","1"
"EUSP",0,0.529427791237565,0.713010538698239,0.0125003953302016,28.5034626784757,20.6582528993423,0.983784513538999,0.986029001770163,0,0.529427791237565,0.675647499570733,0.0148536520574325,6.95375289109718,15.5969625171216,0.301230816471156,0.333333333333333,"P_Felch_2024_spring_full_network_case3_version1","1"
"GEDI",0,0.492887329749245,0.752905083848861,0.0125003816832294,26.2669631224329,23.0959225953971,0.817811697974728,2.48009343165872,0,0.492887329749245,0.713735710822936,0.0126273851309385,24.8467097543512,20.541776651505,0.655643108835773,2,"P_Felch_2024_spring_full_network_case3_version1","1"
"GITR",0,0.457351095558773,0.705191941940415,0.01250037981529,19.6084538606559,21.5533896855021,0.621912722255187,2.52717487459917,0,0.457351095558773,0.66842603381275,0.0135216513156447,12.7373208622605,17.8938034675843,0.448123668696451,1.83333333333333,"P_Felch_2024_spring_full_network_case3_version1","1"
"LACA",0,0.499863056302938,0.791476523341056,0.0125003809064279,20.9308195830364,26.3394878165516,0.550028942964571,2.69046609838258,0,0.499863056302938,0.750295752389615,0.0118597182759808,18.8911181103177,24.9484436438969,0.578134146539792,2.83333333333333,"P_Felch_2024_spring_full_network_case3_version1","1"
"MEPO",0,0.498387283481838,0.736090137053781,0.012500366627354,27.390240130775,21.6522446834382,0.739475788085011,7.40030383859188,0,0.498387283481838,0.697707176392538,0.0114711134358102,13.9972920890376,21.2008372448708,0.833865360280435,8.33333333333333,"P_Felch_2024_spring_full_network_case3_version1","1"
"TRFU",0,0.495073479248711,0.743336283665674,0.0125003683308172,24.5850319692385,21.9624530029743,0.651952879435482,6.50691701270683,0,0.495073479248711,0.704602867466625,0.0117183230653271,14.3573410933715,21.0510147889515,0.73704432252108,7.33333333333333,"P_Felch_2024_spring_full_network_case3_version1","1"
"VIVI",0,0.499965733080155,0.81709421946252,0.012500369186055,25.4805772331126,27.4277202414591,0.641069811445136,6.40901574366111,0,0.499965733080155,0.774542838505488,0.0106862121953514,17.6819892206223,28.8374676420876,0.580252196682414,5.83333333333333,"P_Felch_2024_spring_full_network_case3_version1","1"
"ERCI",0,0.535921308251992,0.535921308251992,0.524075878166629,0,0,NA,0,1,0.535921308251992,5.84124034095603e-05,0.000283854982612184,0,0,NA,0,"P_Felch_2024_spring_nonserpentine_network_case3_version3","3"
"EUSP",1,0,0,0,0,0,NA,0,1,0,0,0,0,0,NA,0,"P_Felch_2024_spring_nonserpentine_network_case3_version3","3"
"GEDI",1,0,0,0,0,0,NA,0,1,0,0,0,0,0,NA,0,"P_Felch_2024_spring_nonserpentine_network_case3_version3","3"
"GITR",1,0,0,0,0,0,NA,0,1,0,0,0,0,0,NA,0,"P_Felch_2024_spring_nonserpentine_network_case3_version3","3"
"LACA",1,0,0,0,0,0,NA,0,1,0,0,0,0,0,NA,0,"P_Felch_2024_spring_nonserpentine_network_case3_version3","3"
"MEPO",0,0.498387283481838,0.736095264916383,0.0125005821473053,29.161164788932,21.6521728619988,0.991373727587984,0.991716748322388,0,0.498387283481838,0.735991752353596,0.0133735207773322,13.4603373840915,20.228034709776,0.489750855222744,0.5,"P_Felch_2024_spring_nonserpentine_network_case3_version3","3"
"TRFU",1,0,0,0,0,0,NA,3.99999999879916,1,0,0,0,0,0,NA,4.5,"P_Felch_2024_spring_nonserpentine_network_case3_version3","3"
"VIVI",0,0.499965733080155,0.817120565257444,0.0125005028663196,33.3245187191668,27.4291730076663,0.900862627241202,9.00828325287896,0,0.499965733080155,0.81707061712216,0.0118258454206338,22.0261184002238,28.9949403271687,0.951024914477726,9,"P_Felch_2024_spring_nonserpentine_network_case3_version3","3"
"ERCI",1,0,0,0,0,0,NA,0,1,0,3.22193388985788e-19,1.76208189085627e-18,0,0,NA,0,"P_Felch_2024_spring_serpentine_network_case3_version2","2"
"EUSP",1,0.529427791237565,0,0,0,0,NA,0,0,0.529427791237565,0.529427791237565,0.543284346532675,0,0,NA,0,"P_Felch_2024_spring_serpentine_network_case3_version2","2"
"GEDI",1,0.492887329749245,0,0,0,0,NA,0,0,0.492887329749245,0.492887329749245,0.48001217466314,0,0,NA,0,"P_Felch_2024_spring_serpentine_network_case3_version2","2"
"GITR",0,0.457351095558773,0.777046288481105,0.012500665752625,33.5152047075549,26.176785854112,0.994884000305902,0.995084947920895,0,0.457351095558773,0.776792071832336,0.0252102562853291,8.15566565099688,12.9328016668409,0.489859551040126,0.333333333333333,"P_Felch_2024_spring_serpentine_network_case3_version2","2"
"LACA",0,0.499863056302938,0.872111909061501,0.0125005838193844,35.939455347042,31.9883275668202,0.974344439647873,2.92234442212651,0,0.499863056302938,0.872110444891369,0.0125071911053978,35.2763281932609,31.9712169908661,0.834140666598254,2.5,"P_Felch_2024_spring_serpentine_network_case3_version2","2"
"MEPO",1,0,0,0,0,0,NA,4,1,0,0,0,0,0,NA,4,"P_Felch_2024_spring_serpentine_network_case3_version2","2"
"TRFU",0,0.495073479248711,0.819028232294198,0.0125005267292794,31.6524537663887,26.6715510467227,0.808208268075048,8.08257062955142,0,0.495073479248711,0.819001721463231,0.0123873473349428,23.3099130179552,26.9142911500569,0.900771844916511,8.83333333333333,"P_Felch_2024_spring_serpentine_network_case3_version2","2"
"VIVI",1,0,0,0,0,0,NA,9.00000000040143,1,0,0,0,0,0,NA,9.33333333333333,"P_Felch_2024_spring_serpentine_network_case3_version2","2"
"ACWR",0,0.542662460167269,0.542662460167269,0.515457815055483,2.59437966293143e-20,-4.6712265301351e-10,-3.01392459006603e-11,-4.44072356754755e-11,0,0.542662460167269,0.734862082671307,0.035914400892718,1.44446559840841,8.03327007235138,0.132135853573109,0.142857142857143,"P_Goatgrass_2022_spring_full_network_case3_version1","1"
"AGHE",0,0.527968031297423,0.77663917410224,0.0125003022409379,17.6911119941568,25.9480419544795,0.529504716856688,0.494500167526183,0,0.527968031297423,0.775969487597002,0.0227758582095272,2.94714944296176,14.1786970553877,0.161291128105303,0.142857142857143,"P_Goatgrass_2022_spring_full_network_case3_version1","1"
"AMME",0,0.45870201578769,0.691385636761074,0.0125003071707451,11.9277089123017,17.831215899725,0.462483695324423,0.479645907619376,0,0.45870201578769,0.69109142544309,0.0179373332209286,4.08754645233619,12.3938630381079,0.227924763701529,0.25,"P_Goatgrass_2022_spring_full_network_case3_version1","1"
"ASBR",0,0.504779343705056,0.710260765989677,0.0125003072030739,12.9937224296826,18.5012383007078,0.498827759307901,0.484443473677197,0,0.504779343705056,0.710013798216023,0.0181158394421336,4.36544311989454,12.7332122007074,0.243420497640033,0.25,"P_Goatgrass_2022_spring_full_network_case3_version1","1"
"CLPU",0,0.526429650875008,0.733473140455374,0.0125003011417963,17.9025105386351,20.0760365515761,0.654063893192964,0.652187591948789,0,0.526429650875008,0.732046493872774,0.0298349172537292,1.62275269307524,8.33432304103028,0.142534722201203,0.142857142857143,"P_Goatgrass_2022_spring_full_network_case3_version1","1"
"DEVA",0,0.503142256267901,0.758189813803039,0.0125003022892939,11.986452874609,22.307235301613,0.407401739851715,0.435460680912527,0,0.503142256267901,0.757578637855959,0.020070238557685,2.57511793321142,13.8426551217327,0.140930646541786,0.142857142857143,"P_Goatgrass_2022_spring_full_network_case3_version1","1"
"DICA",0,0.511901094607031,0.681475466192305,0.0125003006929277,26.4146254191994,18.1319901383641,0.992771286244923,0.993734116823005,0,0.511901094607031,0.681350190840168,0.0215014936096506,7.15652778384145,10.5088376150186,0.46400008734598,0.5,"P_Goatgrass_2022_spring_full_network_case3_version1","1"
"ERCI",0,0.521697060378127,0.710555652263005,0.0125003000829725,16.2793961979614,21.4867549251062,0.538351045758629,0.566445183167614,0,0.521697060378127,0.708945090040677,0.0261215053769274,1.22519998106163,10.1983700498001,0.0851704249453666,0.0909090909090909,"P_Goatgrass_2022_spring_full_network_case3_version1","1"
"EUSP",0,0.462493775185428,0.766636212221112,0.0125003003402904,25.8756951008392,21.1395514650752,0.938394786354339,0.938290072631768,0,0.462493775185428,0.766195759702659,0.0278459579051784,4.18796299582335,9.43611525700555,0.340055139408055,0.333333333333333,"P_Goatgrass_2022_spring_full_network_case3_version1","1"
"GITR",0,0.532879541480392,0.735709142394713,0.01250029980695,22.2859355191756,22.5740175508761,0.568765305086696,1.1309838328537,0,0.532879541480392,0.734787682746022,0.0301968276423727,2.42950533762154,9.2769308645754,0.186727880492935,0.375,"P_Goatgrass_2022_spring_full_network_case3_version1","1"
"LACA",0,0.506453660948413,0.757201122654364,0.0125003000459117,12.6846473830431,23.2170853754777,0.375139459325203,0.709454520326134,0,0.506453660948413,0.75656369384977,0.014856191857526,2.79243426010675,19.4914233700696,0.10970104725044,0.202020202020202,"P_Goatgrass_2022_spring_full_network_case3_version1","1"
"LODA",0,0.466679559981767,0.787149438450319,0.0125002995524852,29.4161309321386,27.0049701568761,0.573108562318742,1.14012705134338,0,0.466679559981767,0.786922876894126,0.020654371456239,6.19407498114287,16.3054304519804,0.318319745132073,0.611111111111111,"P_Goatgrass_2022_spring_full_network_case3_version1","1"
"LOHO",0,0.483364613556007,0.723181591546484,0.0125003001230386,21.2656265852619,22.4967770512895,0.381103033599817,1.15921382581631,0,0.483364613556007,0.722837314767622,0.0172657076178876,4.66305163989495,16.253704709777,0.247887689198824,0.736111111111111,"P_Goatgrass_2022_spring_full_network_case3_version1","1"
"LUBI",0,0.509060035813162,0.796027064238542,0.0125003004551531,26.7659142476355,26.3295942578776,0.382364144850359,1.15008625216621,0,0.509060035813162,0.795358302337991,0.015536970251186,2.99083407199115,21.1311558722108,0.233495502033367,0.702020202020202,"P_Goatgrass_2022_spring_full_network_case3_version1","1"
"LUMI",0,0.47202191181575,0.656870439341681,0.0125002994712302,19.0949432359874,16.7860974207502,0.354791770606421,1.08953955048044,0,0.47202191181575,0.656007739320551,0.0169482244511033,2.51737425089828,12.3297399268932,0.234805823756775,0.757575757575758,"P_Goatgrass_2022_spring_full_network_case3_version1","1"
"LUNA",0,0.472271887316495,0.678308427872578,0.0125003012271395,12.8173413729719,18.7222131093975,0.384000517621376,1.13959207816283,0,0.472271887316495,0.67800584860384,0.0178071909657751,4.20042165064511,13.1086708967392,0.24258073570173,0.726190476190476,"P_Goatgrass_2022_spring_full_network_case3_version1","1"
"LUSU",0,0.473610128333611,0.715553669890563,0.0125003007801104,10.8536126344095,19.3074121580198,0.295929892472324,0.914231135155287,0,0.473610128333611,0.715184682365682,0.0158946761185504,4.03456829753217,15.1527949026846,0.198878313341615,0.611111111111111,"P_Goatgrass_2022_spring_full_network_case3_version1","1"
"MICA",0,0.465426902992384,0.782215672172652,0.0125002999563335,15.6604157585011,26.5446557239316,0.374079631393733,1.03327577907279,0,0.465426902992384,0.781410045981896,0.0187878979824433,2.70704142567486,17.5984446292249,0.142773188838416,0.382575757575758,"P_Goatgrass_2022_spring_full_network_case3_version1","1"
"PHIM",0,0.529958592997845,0.687505382747546,0.0125002997264603,20.8993276760589,19.8158229849244,0.481135452464845,1.48599793870407,0,0.529958592997845,0.687039277991578,0.016624737412811,3.46102552040453,14.8628730583978,0.259253603515879,0.892857142857143,"P_Goatgrass_2022_spring_full_network_case3_version1","1"
"PLER",0,0.514072514774312,0.779364189069275,0.0125003010513399,13.7153831951986,23.1148813889007,0.321593052670689,1.25638739326064,0,0.514072514774312,0.779210800250299,0.00911897366124181,6.0270869228665,31.703915104067,0.174273881783969,0.678571428571429,"P_Goatgrass_2022_spring_full_network_case3_version1","1"
"RACA",0,0.516755811854618,0.719633005501445,0.0125003005638808,21.2328882570671,21.7511038757726,0.306182458661518,1.25226484436251,0,0.516755811854618,0.71903308994587,0.0119483808154996,3.35004035729893,22.7212808627686,0.198008231250646,0.858766233766234,"P_Goatgrass_2022_spring_full_network_case3_version1","1"
"SIBE",0,0.51492984055771,0.74055636311427,0.0125003013924061,17.885925263046,20.1277063854368,0.320286706109919,1.61029468420944,0,0.51492984055771,0.740422192658533,0.00783950494789386,7.3596964450994,32.1229684358615,0.240894635150307,1.23376623376623,"P_Goatgrass_2022_spring_full_network_case3_version1","1"
"TRBI",0,0.52583025343522,0.760081327721947,0.0125003007665685,8.8858921233178,22.5072511643431,0.254686206171245,1.54879639389529,0,0.52583025343522,0.759478389664238,0.0153659664429806,3.14389870631743,18.2657013647764,0.201543045144374,1.25396825396825,"P_Goatgrass_2022_spring_full_network_case3_version1","1"
"TRER",0,0.52906948573844,0.667311604534248,0.0125003008625154,18.9210354676893,18.0100344439411,0.293040864550656,1.79391541736471,0,0.52906948573844,0.667040307660557,0.00948013332913955,4.8141667038263,23.7482927392028,0.309838406942244,1.98376623376623,"P_Goatgrass_2022_spring_full_network_case3_version1","1"
"TRFU",0,0.47084680596406,0.679135791505293,0.0125003013034891,15.0672545070801,17.8723061273171,0.194831804602666,1.79162862620434,0,0.47084680596406,0.679077360814959,0.00619181430886377,8.16121424246166,36.1491110460557,0.298429164450502,2.85515873015873,"P_Goatgrass_2022_spring_full_network_case3_version1","1"
"TRHI",0,0.522267837949222,0.738813564444557,0.0125003001921404,18.5776463096781,20.8836017187734,0.2373220050529,2.33515493394815,0,0.522267837949222,0.738793603243254,0.00616791185192168,10.4258226415418,42.3937666951568,0.263485608769257,2.50162337662338,"P_Goatgrass_2022_spring_full_network_case3_version1","1"
"URLI",0,0.455552412572108,0.73893327813733,0.0125002948115952,20.2995224144188,19.8280836786392,0.39835140233898,3.99071491731024,0,0.455552412572108,0.738914615708026,0.00607091231983821,10.9459285545275,40.9100183722055,0.421102047019527,4.12896825396825,"P_Goatgrass_2022_spring_full_network_case3_version1","1"
"VIVI",0,0.4693980994259,0.818463168154502,0.0125002945527177,23.6952859072969,24.7155198683228,0.373842889659611,4.78337832812421,0,0.4693980994259,0.818388199960346,0.0069910302354555,9.9213175166208,44.2444894182391,0.492966230152944,6.12662337662338,"P_Goatgrass_2022_spring_full_network_case3_version1","1"
"WYAN",0,0.473857051098653,0.767424569016821,0.0125002970190416,22.8339095265738,21.1796840053424,0.297065007362865,8.64025530295425,0,0.473857051098653,0.767543123462567,0.00352064052255153,27.1479741193202,75.3962953453826,0.532821532802986,15.386544011544,"P_Goatgrass_2022_spring_full_network_case3_version1","1"
"ACWR",1,0,0,0,0,0,NA,0,1,0,0,0,0,0,NA,0,"P_Goatgrass_2022_spring_nonserpentine_network_case3_version3","3"
"AGHE",1,0,0,0,0,0,NA,0,1,0,0,0,0,0,NA,0,"P_Goatgrass_2022_spring_nonserpentine_network_case3_version3","3"
"AMME",1,0.45870201578769,0,0,0,0,NA,0,0,0.45870201578769,0.45870201578769,0.456793490800445,0,0,NA,0,"P_Goatgrass_2022_spring_nonserpentine_network_case3_version3","3"
"ASBR",1,0,0,0,0,0,NA,0,1,0,0,0,0,0,NA,0,"P_Goatgrass_2022_spring_nonserpentine_network_case3_version3","3"
"CLPU",1,0,0,0,0,0,NA,0,1,0,0,0,0,0,NA,0,"P_Goatgrass_2022_spring_nonserpentine_network_case3_version3","3"
"DEVA",1,0,0,0,0,0,NA,0,1,0,0,0,0,0,NA,0,"P_Goatgrass_2022_spring_nonserpentine_network_case3_version3","3"
"DICA",1,0,0,0,0,0,NA,0,1,0,0,0,0,0,NA,0,"P_Goatgrass_2022_spring_nonserpentine_network_case3_version3","3"
"ERCI",1,0.521697060378127,0,0,0,0,NA,0,0,0.521697060378127,0.521697060378127,0.540661664628732,0,0,NA,0,"P_Goatgrass_2022_spring_nonserpentine_network_case3_version3","3"
"EUSP",1,0,0,0,0,0,NA,0,1,0,0,0,0,0,NA,0,"P_Goatgrass_2022_spring_nonserpentine_network_case3_version3","3"
"GITR",1,0,0,0,0,0,NA,0,1,0,0,0,0,0,NA,0,"P_Goatgrass_2022_spring_nonserpentine_network_case3_version3","3"
"LACA",1,0,0,0,0,0,NA,0,1,0,0,0,0,0,NA,0,"P_Goatgrass_2022_spring_nonserpentine_network_case3_version3","3"
"LODA",1,0,0,0,0,0,NA,0,1,0,0,0,0,0,NA,0,"P_Goatgrass_2022_spring_nonserpentine_network_case3_version3","3"
"LOHO",1,0,0,0,0,0,NA,0,1,0,0,0,0,0,NA,0,"P_Goatgrass_2022_spring_nonserpentine_network_case3_version3","3"
"LUBI",1,0,0,0,0,0,NA,0,1,0,0,0,0,0,NA,0,"P_Goatgrass_2022_spring_nonserpentine_network_case3_version3","3"
"LUMI",1,0,0,0,0,0,NA,0,1,0,0,0,0,0,NA,0,"P_Goatgrass_2022_spring_nonserpentine_network_case3_version3","3"
"LUNA",1,0,0,0,0,0,NA,0,1,0,0,0,0,0,NA,0,"P_Goatgrass_2022_spring_nonserpentine_network_case3_version3","3"
"LUSU",1,0,0,0,0,0,NA,0,1,0,0,0,0,0,NA,0,"P_Goatgrass_2022_spring_nonserpentine_network_case3_version3","3"
"MICA",1,0,0,0,0,0,NA,0,1,0,0,0,0,0,NA,0,"P_Goatgrass_2022_spring_nonserpentine_network_case3_version3","3"
"PHIM",1,0,0,0,0,0,NA,0,1,0,0,0,0,0,NA,0,"P_Goatgrass_2022_spring_nonserpentine_network_case3_version3","3"
"PLER",1,0,0,0,0,0,NA,0,1,0,0,0,0,0,NA,0,"P_Goatgrass_2022_spring_nonserpentine_network_case3_version3","3"
"RACA",1,0,0,0,0,0,NA,0,1,0,0,0,0,0,NA,0,"P_Goatgrass_2022_spring_nonserpentine_network_case3_version3","3"
"SIBE",1,0,0,0,0,0,NA,0,1,0,0,0,0,0,NA,0,"P_Goatgrass_2022_spring_nonserpentine_network_case3_version3","3"
"TRBI",1,0,0,0,0,0,NA,0,1,0,0,0,0,0,NA,0,"P_Goatgrass_2022_spring_nonserpentine_network_case3_version3","3"
"TRER",1,0,0,0,0,0,NA,0,1,0,0,0,0,0,NA,0,"P_Goatgrass_2022_spring_nonserpentine_network_case3_version3","3"
"TRFU",1,0,0,0,0,0,NA,0,1,0,0,0,0,0,NA,0,"P_Goatgrass_2022_spring_nonserpentine_network_case3_version3","3"
"TRHI",1,0,0,0,0,0,NA,0,1,0,0,0,0,0,NA,0,"P_Goatgrass_2022_spring_nonserpentine_network_case3_version3","3"
"URLI",1,0,0,0,0,0,NA,4.06690855541504e-08,1,0,0,0,0,0,NA,0.5,"P_Goatgrass_2022_spring_nonserpentine_network_case3_version3","3"
"VIVI",0,0.4693980994259,0.890282268168364,0.012502034918361,32.8536196434736,29.2489950137324,1,4.99999983732352,0,0.4693980994259,0.890270016598314,0.0125203046006266,32.8023063206978,29.2029097925906,1,3,"P_Goatgrass_2022_spring_nonserpentine_network_case3_version3","3"
"WYAN",1,0,0,0,0,0,NA,10.0000001220073,1,0,0,0,0,0,NA,11.5,"P_Goatgrass_2022_spring_nonserpentine_network_case3_version3","3"
"ACWR",0,0.542662460167269,0.542662460167269,0.515457815055483,0,0,NA,0,1,0.542662460167269,2.2143778609198e-05,0.000111750866000931,0,0,NA,0,"P_Goatgrass_2022_spring_serpentine_network_case3_version2","2"
"AGHE",1,0.527968031297423,1.18065346685275e-05,6.01187512973258e-05,0,0,NA,0,1,0.527968031297423,0,0,0,0,NA,0,"P_Goatgrass_2022_spring_serpentine_network_case3_version2","2"
"AMME",1,0,0,0,0,0,NA,0,1,0,0,0,0,0,NA,0,"P_Goatgrass_2022_spring_serpentine_network_case3_version2","2"
"ASBR",0,0.504779343705056,0.820367423710794,0.0125005409983209,22.0441697081753,24.6954675620103,0.732293027695447,0.737497203735921,0,0.504779343705056,0.819700232184764,0.0233530405326668,3.07573361546387,13.1558664316114,0.191639187874106,0.2,"P_Goatgrass_2022_spring_serpentine_network_case3_version2","2"
"CLPU",0,0.526429650875008,0.847147350005246,0.0125005415075412,24.2927111388857,26.7941339119272,0.768060125899017,0.766408806331038,0,0.526429650875008,0.846033073524728,0.0436636766659835,2.21831003719207,7.58768604458666,0.247343346544408,0.166666666666667,"P_Goatgrass_2022_spring_serpentine_network_case3_version2","2"
"DEVA",0,0.503142256267901,0.875783114332348,0.0125005477506487,33.9995916073301,29.7762682238955,1,1.00000000006575,0,0.503142256267901,0.875711761737275,0.0250012052012292,16.9485518886057,14.8420462332665,1,0.5,"P_Goatgrass_2022_spring_serpentine_network_case3_version2","2"
"DICA",0,0.511901094607031,0.787000833524767,0.0125005410678296,19.453633688702,24.1938559852105,0.632806359492793,0.66477692248271,0,0.511901094607031,0.785572641071784,0.0315184956863825,1.55324276527153,9.51308725278919,0.128263831594969,0.142857142857143,"P_Goatgrass_2022_spring_serpentine_network_case3_version2","2"
"ERCI",1,0,0,0,0,0,NA,-1.56583018286535e-11,1,0,0,0,0,0,NA,0.166666666666667,"P_Goatgrass_2022_spring_serpentine_network_case3_version2","2"
"EUSP",0,0.462493775185428,0.885410803608008,0.0125005453297916,31.7629446379843,28.2104540357265,0.996908957979133,0.99670594059465,0,0.462493775185428,0.885186985799695,0.0218332828324923,9.38610527929058,16.1053801340397,0.515880915037416,0.5,"P_Goatgrass_2022_spring_serpentine_network_case3_version2","2"
"GITR",0,0.532879541480392,0.849676148894928,0.012500537738549,20.2793684823155,30.122361317056,0.57203004547716,0.564326813609402,0,0.532879541480392,0.848697775725377,0.020546231926709,2.42589716365912,18.2502184936675,0.112812541266308,0.111111111111111,"P_Goatgrass_2022_spring_serpentine_network_case3_version2","2"
"LACA",0,0.506453660948413,0.874628422160781,0.0125005400306239,33.8016906387364,30.9881922140042,0.954038207377723,0.953278440340335,0,0.506453660948413,0.874168470150757,0.0287084763217927,5.25589693028739,13.4338968946051,0.342010915735442,0.333333333333333,"P_Goatgrass_2022_spring_serpentine_network_case3_version2","2"
"LODA",0,0.466679559981767,0.909078865165895,0.0125005456116279,30.5712095212419,36.0313169696068,0.645603838667327,1.25559212242625,0,0.466679559981767,0.90870868680325,0.0273653826640572,6.31418637962317,16.3998731527235,0.259105430077964,0.458333333333333,"P_Goatgrass_2022_spring_serpentine_network_case3_version2","2"
"LOHO",0,0.483364613556007,0.835149458755117,0.0125005404091072,14.4337654964205,30.0134384305999,0.367980452602798,0.748971834974476,0,0.483364613556007,0.834443608572448,0.0161966134109088,3.03643066807485,23.107707251025,0.114045049721825,0.222222222222222,"P_Goatgrass_2022_spring_serpentine_network_case3_version2","2"
"LUBI",0,0.509060035813162,0.919369768780616,0.012500545086408,32.9976832875973,35.1356689909062,0.576627318721681,1.14244263526514,0,0.509060035813162,0.919152049798516,0.021747316838296,8.63417335738028,20.1447129986114,0.31444977947335,0.611111111111111,"P_Goatgrass_2022_spring_serpentine_network_case3_version2","2"
"LUMI",0,0.47202191181575,0.758656625449556,0.0125005479121127,19.051136198231,22.4033983212016,0.33150356407502,1.02971148639221,0,0.47202191181575,0.758454381179115,0.01700543332511,7.40884112143514,16.4383477045932,0.23713562591698,0.736111111111111,"P_Goatgrass_2022_spring_serpentine_network_case3_version2","2"
"LUNA",0,0.472271887316495,0.783490967278315,0.0125005454857889,26.0368947147834,24.9915080842273,0.375470643141528,1.1234422438675,0,0.472271887316495,0.782816943686869,0.0142259935872735,3.31318413869656,21.9121393724077,0.242084325230462,0.722222222222222,"P_Goatgrass_2022_spring_serpentine_network_case3_version2","2"
"LUSU",0,0.473610128333611,0.826588741452887,0.0125005462631466,23.9695382879679,25.7769298715041,0.403297320381062,1.2101024090128,0,0.473610128333611,0.825679222347045,0.0166553054698066,2.77507523810343,19.2829257468727,0.425510712227447,0.777777777777778,"P_Goatgrass_2022_spring_serpentine_network_case3_version2","2"
"MICA",0,0.465426902992384,0.903452177545096,0.0125005458421624,22.5556499376805,35.423932328277,0.469963699572081,1.28376622741096,0,0.465426902992384,0.903222160660548,0.0170937011289812,8.04557054052054,25.8678384169215,0.269939689578531,0.726190476190476,"P_Goatgrass_2022_spring_serpentine_network_case3_version2","2"
"PHIM",0,0.529958592997845,0.793912087890011,0.0125005438728129,11.7854938967895,26.4357071946894,0.280435385978814,0.947553904356269,0,0.529958592997845,0.793668045974076,0.0175979208067514,5.45621841579549,18.7445335295029,0.182467707269826,0.611111111111111,"P_Goatgrass_2022_spring_serpentine_network_case3_version2","2"
"PLER",0,0.514072514774312,0.900096334284526,0.012500542953428,13.3272509769746,30.8450931737161,0.321255215988962,0.92573403607499,0,0.514072514774312,0.899377425941477,0.0173353542128865,3.03419318768626,22.180412079489,0.14623693559611,0.402777777777778,"P_Goatgrass_2022_spring_serpentine_network_case3_version2","2"
"RACA",0,0.516755811854618,0.831149202480131,0.0125005531527833,27.6424926929238,29.0273467384268,0.509314769273505,1.5409439941993,0,0.516755811854618,0.831143945550049,0.0125504315821496,26.492642506657,28.9113533604446,0.51505018755532,1.5,"P_Goatgrass_2022_spring_serpentine_network_case3_version2","2"
"SIBE",0,0.51492984055771,0.855200988581542,0.012500544914463,12.4706539233058,26.8535207512635,0.266491371954983,1.04122804643065,0,0.51492984055771,0.855053422900109,0.0105499326145607,7.15263115230127,31.8221945087568,0.209623182781311,0.759523809523809,"P_Goatgrass_2022_spring_serpentine_network_case3_version2","2"
"TRBI",0,0.52583025343522,0.878105605933865,0.012500543727748,24.2559400768275,30.0534295148399,0.312387272468051,1.2575889639824,0,0.52583025343522,0.877521288369582,0.012171128538208,4.25249442799304,30.8283054587675,0.216147367424022,0.878968253968254,"P_Goatgrass_2022_spring_serpentine_network_case3_version2","2"
"TRER",0,0.52906948573844,0.770605284595387,0.0125005516314694,11.1156670472391,24.0277955527437,0.230764753760733,1.5431553682281,0,0.52906948573844,0.770256587921192,0.0151663595750441,4.42576859902368,19.7737497635498,0.239525032967548,1.64444444444444,"P_Goatgrass_2022_spring_serpentine_network_case3_version2","2"
"TRFU",0,0.47084680596406,0.78440018822747,0.0125005562647892,21.4760490495283,23.8544306491674,0.272927468048365,1.7221156456768,0,0.47084680596406,0.784240499147569,0.00730965096929599,8.74719253455523,40.8375444318395,0.324106811493251,2.08730158730159,"P_Goatgrass_2022_spring_serpentine_network_case3_version2","2"
"TRHI",0,0.522267837949222,0.853262110127577,0.012500554752235,17.9381410683287,27.8667138047448,0.231401892558749,1.9523964499352,0,0.522267837949222,0.853246837415775,0.00823006860520444,15.8388678848049,42.3670467563256,0.372524814371587,3.01944444444444,"P_Goatgrass_2022_spring_serpentine_network_case3_version2","2"
"URLI",0,0.455552412572108,0.85339217267736,0.0125005582734866,20.0232026113041,26.4602012472939,0.255084144684018,2.47189670176353,0,0.455552412572108,0.853355051151814,0.00564448373399198,14.0229553479791,58.7079180807467,0.302482049952909,2.82896825396825,"P_Goatgrass_2022_spring_serpentine_network_case3_version2","2"
"VIVI",1,0,0,0,0,0,NA,2.99999999606935,1,0,0,0,0,0,NA,5.40277777777778,"P_Goatgrass_2022_spring_serpentine_network_case3_version2","2"
"WYAN",0,0.473857051098653,0.88633663656131,0.0125005597954154,30.0815230230593,28.2635106574785,0.417882478360226,12.1203638067842,0,0.473857051098653,0.88635279052871,0.00317330993270185,38.7784570651131,111.571959891542,0.605832968855778,16.4900793650794,"P_Goatgrass_2022_spring_serpentine_network_case3_version2","2"
"ACMO",0,0.540725627770054,0.540725627770054,0.53545328378,4.82249309260091e-22,3.73934877831511e-11,6.97352870648333e-12,9.76601490223913e-12,0,0.540725627770054,0.730790277836161,0.0160733754444583,11.7070529218674,17.4205952065409,0.491108389580272,0.5,"P_Goatgrass_2023_spring_full_network_case3_version1","1"
"AGHE",0,0.475625931297255,0.815308455362228,0.0125003605723536,14.3542519263161,25.0537158140315,0.46712204500103,0.432402004113818,0,0.475625931297255,0.814602534288352,0.021823733072973,3.33670972810721,14.288587728923,0.190228191355732,0.166666666666667,"P_Goatgrass_2023_spring_full_network_case3_version1","1"
"AMME",0,0.545027312960023,0.743923248494674,0.0125003519386682,26.3967312359866,19.9099181043657,0.986299488917042,0.985691303050022,0,0.545027312960023,0.743698826366088,0.0199171496857434,8.56151254002256,12.461873111587,0.510933370202041,0.5,"P_Goatgrass_2023_spring_full_network_case3_version1","1"
"DICA",0,0.4740489191022,0.824045817897899,0.0125003602193152,24.9844783299651,29.1520124125241,0.706241290955384,0.67377678640787,0,0.4740489191022,0.823504521391208,0.0281960349884274,4.17853003364545,12.8576378074292,0.267626015525786,0.25,"P_Goatgrass_2023_spring_full_network_case3_version1","1"
"GITR",0,0.540183350672099,0.731951900031022,0.012500353190233,27.6277812714419,20.2222069952734,1,1,0,0.540183350672099,0.731963569095102,0.0125005643704579,27.6277544246709,20.2225097347651,1,1,"P_Goatgrass_2023_spring_full_network_case3_version1","1"
"LACA",0,0.461574745975237,0.748048514016336,0.0125003485412082,24.8969065319619,23.2750211793543,0.800175165956792,0.794584576148492,0,0.461574745975237,0.747327953807519,0.0205969174985403,3.10291492806607,14.0718221276827,0.164789964155998,0.166666666666667,"P_Goatgrass_2023_spring_full_network_case3_version1","1"
"LAMI",0,0.486755605804154,0.80495856545331,0.0125003605227092,12.3394274398634,24.2005101997564,0.41043464491123,0.423046877169717,0,0.486755605804154,0.804289216098545,0.0213572801198391,2.99672016576519,14.1076863131668,0.170845144943469,0.166666666666667,"P_Goatgrass_2023_spring_full_network_case3_version1","1"
"LODA",0,0.501466750424107,0.770960040231851,0.0125003556654596,28.0328699971135,21.6122225807889,1,1,0,0.501466750424107,0.770972331268325,0.0125005683455469,28.0328393670264,21.6125435188668,1,1,"P_Goatgrass_2023_spring_full_network_case3_version1","1"
"LOHO",0,0.451674377965589,0.716626581736923,0.0125003439150205,22.6669518936757,22.0146488743174,0.737495383950084,1.50421379446185,0,0.451674377965589,0.716294122281221,0.0191196048788518,6.18261935309637,14.3539618352565,0.282564991531296,0.583333333333333,"P_Goatgrass_2023_spring_full_network_case3_version1","1"
"MICA",0,0.491270467658187,0.729270427634497,0.0125003481766451,23.0700043412309,21.8015030549254,0.566279274641631,1.14045531761165,0,0.491270467658187,0.728646530993209,0.0187731041888861,3.30964200642773,14.4695012815992,0.243836814901857,0.5,"P_Goatgrass_2023_spring_full_network_case3_version1","1"
"PHIM",0,0.482749931156985,0.726569216644112,0.0125003607681929,5.94031219958861,19.1560448968486,0.200473271878755,0.454962029895775,0,0.482749931156985,0.726605151484136,0.00994937201729092,6.17891443542345,24.0897811709533,0.188750745364306,0.416666666666667,"P_Goatgrass_2023_spring_full_network_case3_version1","1"
"PLER",0,0.478092955438463,0.814286848610664,0.0125003466351838,32.9279344127609,26.8127839442257,1,2,0,0.478092955438463,0.814299829946933,0.0125005538433291,32.9279129284008,26.8131938981042,1,2,"P_Goatgrass_2023_spring_full_network_case3_version1","1"
"RACA",0,0.50830205425541,0.717222861625332,0.0125003417501781,24.6271095299526,22.3092274128982,0.676002742495436,2.03961514084527,0,0.50830205425541,0.717248848761759,0.0126123423259125,29.4976337324615,22.1121493560609,0.55365953030953,1.66666666666667,"P_Goatgrass_2023_spring_full_network_case3_version1","1"
"RILE",0,0.532625870677934,0.736971809277699,0.0125003375011706,27.3522129009201,23.537884906998,0.650392614240108,3.84624353459169,0,0.532625870677934,0.736920536879182,0.0123362598064598,15.9787884794409,23.8485420464134,0.595655220008236,3.5,"P_Goatgrass_2023_spring_full_network_case3_version1","1"
"SIBE",0,0.5430084840362,0.691886605844754,0.0125003407078893,22.9999561737823,20.5607529853659,0.47142447824733,2.81554869648154,0,0.5430084840362,0.691906609792979,0.012737988755759,25.2961963231492,20.1771497370715,0.533287926314659,3.16666666666667,"P_Goatgrass_2023_spring_full_network_case3_version1","1"
"Sidalcea_sp.",0,0.543591196412962,0.797153300666097,0.0125003431418761,17.6882274870505,24.6257824442984,0.392848947624664,2.28448515732284,0,0.543591196412962,0.797027806823214,0.0100532050202878,10.0409029577154,30.6295800719653,0.324596180362076,1.83333333333333,"P_Goatgrass_2023_spring_full_network_case3_version1","1"
"TRGR",0,0.537238112644869,0.823925705910056,0.0125003334420118,29.1270872901435,26.112179364263,0.716518569492256,4.90387873931261,0,0.537238112644869,0.823868890443684,0.0122465853864471,17.1122753604813,26.6510697873239,0.734970624488745,5,"P_Goatgrass_2023_spring_full_network_case3_version1","1"
"VIVI",0,0.460959222312532,0.781439558941896,0.0125003399422831,21.0509899465915,24.5490798827774,0.41963543407054,3.44152789387689,0,0.460959222312532,0.781437680106812,0.00897341650605403,18.7665882529285,34.2260031508621,0.417361426324948,3.41666666666667,"P_Goatgrass_2023_spring_full_network_case3_version1","1"
"WYAN",0,0.541649406725378,0.772774404372148,0.0125003375571059,23.232598750679,22.2521287229782,0.469849829113049,4.9782144578001,0,0.541649406725378,0.772680885965575,0.00677952885986149,11.4541887708938,41.0906829626646,0.549134815760535,5.75,"P_Goatgrass_2023_spring_full_network_case3_version1","1"
"WYAU",0,0.501578833419633,0.687241105559351,0.0125003377270207,18.7313307784267,20.5819328256393,0.292009732699884,5.28135369119844,0,0.501578833419633,0.687247324912848,0.00511023621649309,17.9844209442235,50.4450316568183,0.462810618483335,8.41666666666666,"P_Goatgrass_2023_spring_full_network_case3_version1","1"
"ACMO",1,0,0,0,0,0,NA,0,1,0,0,0,0,0,NA,0,"P_Goatgrass_2023_spring_nonserpentine_network_case3_version3","3"
"AGHE",1,0,0,0,0,0,NA,0,1,0,0,0,0,0,NA,0,"P_Goatgrass_2023_spring_nonserpentine_network_case3_version3","3"
"AMME",1,0.545027312960023,0,0,0,0,NA,0,0,0.545027312960023,0.545027312960023,0.463623115752648,0,0,NA,0,"P_Goatgrass_2023_spring_nonserpentine_network_case3_version3","3"
"DICA",1,0,0,0,0,0,NA,0,1,0,0,0,0,0,NA,0,"P_Goatgrass_2023_spring_nonserpentine_network_case3_version3","3"
"GITR",1,0,0,0,0,0,NA,0,1,0,0,0,0,0,NA,0,"P_Goatgrass_2023_spring_nonserpentine_network_case3_version3","3"
"LACA",1,0,0,0,0,0,NA,0,1,0,0,0,0,0,NA,0,"P_Goatgrass_2023_spring_nonserpentine_network_case3_version3","3"
"LAMI",1,0,0,0,0,0,NA,0,1,0,0,0,0,0,NA,0,"P_Goatgrass_2023_spring_nonserpentine_network_case3_version3","3"
"LODA",1,0,0,0,0,0,NA,0,1,0,0,0,0,0,NA,0,"P_Goatgrass_2023_spring_nonserpentine_network_case3_version3","3"
"LOHO",1,0,0,0,0,0,NA,0,1,0,0,0,0,0,NA,0,"P_Goatgrass_2023_spring_nonserpentine_network_case3_version3","3"
"MICA",1,0,0,0,0,0,NA,0,1,0,0,0,0,0,NA,0,"P_Goatgrass_2023_spring_nonserpentine_network_case3_version3","3"
"PHIM",1,0,0,0,0,0,NA,0,1,0,0,0,0,0,NA,0,"P_Goatgrass_2023_spring_nonserpentine_network_case3_version3","3"
"PLER",1,0,0,0,0,0,NA,0,1,0,0,0,0,0,NA,0,"P_Goatgrass_2023_spring_nonserpentine_network_case3_version3","3"
"RACA",1,0,0,0,0,0,NA,0,1,0,0,0,0,0,NA,0,"P_Goatgrass_2023_spring_nonserpentine_network_case3_version3","3"
"RILE",1,0,0,0,0,0,NA,0,1,0,0,0,0,0,NA,0,"P_Goatgrass_2023_spring_nonserpentine_network_case3_version3","3"
"SIBE",1,0,0,0,0,0,NA,0,1,0,0,0,0,0,NA,0,"P_Goatgrass_2023_spring_nonserpentine_network_case3_version3","3"
"Sidalcea_sp.",1,0,0,0,0,0,NA,0,1,0,0,0,0,0,NA,0,"P_Goatgrass_2023_spring_nonserpentine_network_case3_version3","3"
"TRGR",1,0,0,0,0,0,NA,0,1,0,0,0,0,0,NA,0,"P_Goatgrass_2023_spring_nonserpentine_network_case3_version3","3"
"VIVI",1,0.460959222312532,0,0,0,0,NA,0,0,0.460959222312532,0.460959222312532,0.546229524070504,0,0,NA,0,"P_Goatgrass_2023_spring_nonserpentine_network_case3_version3","3"
"WYAN",1,0,0,0,0,0,NA,0.5,1,0,0,0,0,0,NA,0.5,"P_Goatgrass_2023_spring_nonserpentine_network_case3_version3","3"
"WYAU",1,0,0,0,0,0,NA,7.5,1,0,0,0,0,0,NA,7.5,"P_Goatgrass_2023_spring_nonserpentine_network_case3_version3","3"
"ACMO",0,0.540725627770054,0.540725627770054,0.53545328378,0,0,NA,0,1,0.540725627770054,3.20030034279075e-05,0.000184943337469264,0,0,NA,0,"P_Goatgrass_2023_spring_serpentine_network_case3_version2","2"
"AGHE",1,0.475625931297255,4.91259026343998e-05,0.000223355614133268,0,0,NA,0,1,0.475625931297255,0,0,0,0,NA,0,"P_Goatgrass_2023_spring_serpentine_network_case3_version2","2"
"AMME",1,0,0,0,0,0,NA,3.57458938950951e-10,1,0,0,0,0,0,NA,0.166666666666667,"P_Goatgrass_2023_spring_serpentine_network_case3_version2","2"
"DICA",0,0.4740489191022,0.9135831244291,0.0124992376962872,38.9412161037623,35.8413182825153,0.992598475221243,0.991041184268446,0,0.4740489191022,0.913449693646165,0.0193830532651412,13.8408420259754,23.0731012763663,0.547950306159421,0.5,"P_Goatgrass_2023_spring_serpentine_network_case3_version2","2"
"GITR",0,0.540183350672099,0.811420373471749,0.012498839455271,18.214797016868,24.8600847723773,0.594521600930398,0.603003162841155,0,0.540183350672099,0.811051687863616,0.0205334529364745,4.6399253409088,15.0887109491482,0.249406280761028,0.25,"P_Goatgrass_2023_spring_serpentine_network_case3_version2","2"
"LACA",0,0.461574745975237,0.829309480272062,0.012499327349664,34.5035173009115,28.6140940003771,1,1,0,0.461574745975237,0.829309470813081,0.0125005793542996,34.5035297736354,28.6141040177569,1,1,"P_Goatgrass_2023_spring_serpentine_network_case3_version2","2"
"LAMI",0,0.486755605804154,0.892521894386079,0.0124993146097324,27.2948971321319,29.761038613899,0.818563277024421,0.797328282224825,0,0.486755605804154,0.891798225702892,0.0281004552520927,3.13625109508796,13.1691708214356,0.212382632124844,0.166666666666667,"P_Goatgrass_2023_spring_serpentine_network_case3_version2","2"
"LODA",0,0.501466750424107,0.854669252092422,0.0124988674176554,20.328006237171,26.5698960716099,0.653887461224094,0.637369844792221,0,0.501466750424107,0.853613576851715,0.0352633604627437,2.30036139276516,9.33502251569588,0.210349756867563,0.166666666666667,"P_Goatgrass_2023_spring_serpentine_network_case3_version2","2"
"LOHO",0,0.451674377965589,0.794503862998074,0.0124993487452609,34.0688596765413,27.0678406209514,1,1,0,0.451674377965589,0.794503854583617,0.012500581051793,34.0688716357787,27.0678498359406,1,1,"P_Goatgrass_2023_spring_serpentine_network_case3_version2","2"
"MICA",0,0.491270467658187,0.808495802791248,0.0124997613544939,24.1802387128556,26.8032839354887,0.722317708962769,1.51214109769138,0,0.491270467658187,0.808408116615064,0.0148418121497524,12.2976407064002,22.5585149934202,0.343481241356896,0.75,"P_Goatgrass_2023_spring_serpentine_network_case3_version2","2"
"PHIM",0,0.482749931156985,0.805817575015342,0.0124993773583962,21.8649133542803,23.5716170542244,0.561755498088353,1.14836949180296,0,0.482749931156985,0.805244292121656,0.0209347169996496,3.5411878165077,14.020606589877,0.248600968045274,0.5,"P_Goatgrass_2023_spring_serpentine_network_case3_version2","2"
"PLER",0,0.478092955438463,0.902588820136335,0.0124988550518478,13.3245600412036,32.9523875788856,0.361432364211472,0.732172957385014,0,0.478092955438463,0.902382593854944,0.0154362677559306,6.9366204450031,26.6561754916789,0.226507215529577,0.416666666666667,"P_Goatgrass_2023_spring_serpentine_network_case3_version2","2"
"RACA",0,0.50830205425541,0.795140152083444,0.012499809202171,34.4933313484368,27.4270327342607,1,2,0,0.50830205425541,0.795140147822085,0.0125005663513236,34.4933445207907,27.4270430611396,1,2,"P_Goatgrass_2023_spring_serpentine_network_case3_version2","2"
"RILE",0,0.532625870677934,0.817011285577748,0.0124998578660518,27.9890635553885,28.9360196559812,0.731589414371279,2.24508477089628,0,0.532625870677934,0.817013890589816,0.0126208206073961,29.4640941351907,28.6597755960771,0.649542810978884,2,"P_Goatgrass_2023_spring_serpentine_network_case3_version2","2"
"SIBE",0,0.5430084840362,0.76704782520961,0.0125001277759835,27.6645223871186,25.2776990666797,0.663946264781928,3.94286964669549,0,0.5430084840362,0.767016627758413,0.0124374880725005,19.1000153829877,25.404155928417,0.626767935757331,3.66666666666667,"P_Goatgrass_2023_spring_serpentine_network_case3_version2","2"
"Sidalcea_sp.",0,0.543591196412962,0.883773963895642,0.0124999679959989,25.8858031056336,30.2772675097626,0.528019831084675,3.18042230072411,0,0.543591196412962,0.883781124834463,0.0125774347072674,27.4423644217327,30.0921683220667,0.599418915060459,3.58333333333333,"P_Goatgrass_2023_spring_serpentine_network_case3_version2","2"
"TRGR",0,0.537238112644869,0.91336627222842,0.012499817813594,20.9059712104626,32.097378127215,0.438919106703131,2.4488749283612,0,0.537238112644869,0.913357592756954,0.0103914130229697,19.4997769316751,38.628152609133,0.43121074029962,2.25,"P_Goatgrass_2023_spring_serpentine_network_case3_version2","2"
"VIVI",1,0,0,0,0,0,NA,4.0000000762774,1,0,0,0,0,0,NA,5.16666666666667,"P_Goatgrass_2023_spring_serpentine_network_case3_version2","2"
"WYAN",0,0.541649406725378,0.856728142001273,0.0125002454090043,27.5591782370849,27.3594246672453,0.535769770333416,5.71167093370936,0,0.541649406725378,0.85661261392181,0.00845187899724368,12.0569287077804,40.4992352335663,0.615914565136852,5.91666666666667,"P_Goatgrass_2023_spring_serpentine_network_case3_version2","2"
"WYAU",0,0.501578833419633,0.761903523853442,0.0125001763533428,22.639167794855,25.3046975508944,0.339757124169108,6.04965132201585,0,0.501578833419633,0.761891031059232,0.00564981766688217,21.0214809299066,56.0770399135786,0.498509292828069,8.5,"P_Goatgrass_2023_spring_serpentine_network_case3_version2","2"
"ACMO",0,0.547198996412195,0.547198996412195,0.52298842769721,5.16940713410437e-18,8.50922962188995e-09,3.32426614572858e-10,4.96278732592369e-10,0,0.547198996412195,0.803278944896375,0.0130852583048924,16.2990188047607,26.4062370102912,0.495816902015681,0.5,"P_Goatgrass_2024_spring_full_network_case3_version1","1"
"AGHE",0,0.473532699757969,0.742839415365269,0.012500276489888,31.3342487118979,23.2763150017939,0.999999999667573,0.999999999503064,0,0.473532699757969,0.742767868454948,0.0119159625319605,16.5740412674134,24.4170527594002,0.504183097984319,0.5,"P_Goatgrass_2024_spring_full_network_case3_version1","1"
"DEHE",0,0.464084832190575,0.755968084090434,0.0125002778378632,21.3915060626758,20.9158864441329,0.773158522217264,0.77764743862146,0,0.464084832190575,0.755563652421244,0.0164672691799132,4.31798659069406,15.8455492216905,0.205894644226329,0.2,"P_Goatgrass_2024_spring_full_network_case3_version1","1"
"DEVA",0,0.473774627001851,0.796612306130136,0.0125002797507098,29.597404861468,23.5776569421613,1,1,0,0.473774627001851,0.796614189849509,0.0125006031165328,29.5973652160285,23.5776811132466,1,1,"P_Goatgrass_2024_spring_full_network_case3_version1","1"
"DICA",0,0.530156020112408,0.803646644259423,0.0125002892833905,27.8151686669779,24.4425023052747,0.914536763852643,0.917381729578858,0,0.530156020112408,0.803554747857167,0.0137582098916271,13.5551289680196,22.1954580455486,0.49074401698382,0.5,"P_Goatgrass_2024_spring_full_network_case3_version1","1"
"LACA",0,0.532230029246877,0.775634046627127,0.0125002801780377,32.0088306691529,25.2476592393046,0.983344183490389,0.984580300034373,0,0.532230029246877,0.775531876969199,0.0149265157021476,13.0866662470384,21.1266080498807,0.48039547161914,0.5,"P_Goatgrass_2024_spring_full_network_case3_version1","1"
"LACH",0,0.490101552261087,0.773992618485073,0.0125002773261839,25.4067268828895,23.9714038670504,0.598380897329398,1.18886726935978,0,0.490101552261087,0.773687015288356,0.0161684483136441,6.05056818185931,18.5024035785484,0.368617033444204,0.7,"P_Goatgrass_2024_spring_full_network_case3_version1","1"
"LUBI",0,0.536788852087589,0.764389132042725,0.0125003176135191,25.6516817638641,22.7852922384452,0.860292501771285,1.7310399231825,0,0.536788852087589,0.763945608168661,0.0221924533188814,4.17841861345827,12.7850228053522,0.249528412832976,0.5,"P_Goatgrass_2024_spring_full_network_case3_version1","1"
"RACA",0,0.510237036114669,0.719821318502809,0.0125003285287691,26.2430894310983,22.176730414169,0.83023084218128,2.51322233567165,0,0.510237036114669,0.719639357440807,0.0189175390235458,8.18890647284091,14.6218592635683,0.368854836948089,1.16666666666667,"P_Goatgrass_2024_spring_full_network_case3_version1","1"
"SIBE",0,0.453865979241145,0.753911676612638,0.0125003363013878,21.7530522877165,21.8953601833112,0.576351067505768,2.93585617646149,0,0.453865979241145,0.753669959467542,0.012213953304122,6.67912065165289,22.3965365240375,0.320233793087882,1.7,"P_Goatgrass_2024_spring_full_network_case3_version1","1"
"TRFU",0,0.525513105921221,0.876943302978334,0.0125003180018215,27.8517920576996,31.2745589338226,0.576063008117431,2.86330729196406,0,0.525513105921221,0.876901525255665,0.0113740871041826,19.2463587633722,34.3765318814544,0.556390154640163,2.75,"P_Goatgrass_2024_spring_full_network_case3_version1","1"
"TRLA",0,0.498771217953773,0.770645527762443,0.0125003662984037,26.3876612716884,25.0031637396612,0.615069719568227,6.15761628178875,0,0.498771217953773,0.77049120906098,0.0118895111086464,10.2854240667054,26.2817852409353,0.46227195769422,4.61666666666667,"P_Goatgrass_2024_spring_full_network_case3_version1","1"
"VIVI",0,0.547860149060311,0.899799063815126,0.0125003426005892,30.6882102253565,35.4520186273705,0.470650534284378,6.0223647848773,0,0.547860149060311,0.899760152058609,0.0102016639751562,21.1806898118498,43.4561179878693,0.590946176391505,7.5,"P_Goatgrass_2024_spring_full_network_case3_version1","1"
"WYAN",0,0.485525256644713,0.732004049991412,0.0125003844938918,27.0480386499355,23.3109067180546,0.444472299524115,12.9081164684661,0,0.485525256644713,0.731971184704767,0.00640278626870031,18.8953484981849,45.5726909221557,0.647998995003451,18.8666666666667,"P_Goatgrass_2024_spring_full_network_case3_version1","1"
"ACMO",1,0,0,0,0,0,NA,0,1,0,0,0,0,0,NA,0,"P_Goatgrass_2024_spring_nonserpentine_network_case3_version3","3"
"AGHE",1,0,0,0,0,0,NA,0,1,0,0,0,0,0,NA,0,"P_Goatgrass_2024_spring_nonserpentine_network_case3_version3","3"
"DEHE",1,0,0,0,0,0,NA,0,1,0,0,0,0,0,NA,0,"P_Goatgrass_2024_spring_nonserpentine_network_case3_version3","3"
"DEVA",1,0,0,0,0,0,NA,0,1,0,0,0,0,0,NA,0,"P_Goatgrass_2024_spring_nonserpentine_network_case3_version3","3"
"DICA",1,0,0,0,0,0,NA,0,1,0,0,0,0,0,NA,0,"P_Goatgrass_2024_spring_nonserpentine_network_case3_version3","3"
"LACA",1,0,0,0,0,0,NA,0,1,0,0,0,0,0,NA,0,"P_Goatgrass_2024_spring_nonserpentine_network_case3_version3","3"
"LACH",1,0,0,0,0,0,NA,0,1,0,0,0,0,0,NA,0,"P_Goatgrass_2024_spring_nonserpentine_network_case3_version3","3"
"LUBI",1,0,0,0,0,0,NA,0,1,0,0,0,0,0,NA,0,"P_Goatgrass_2024_spring_nonserpentine_network_case3_version3","3"
"RACA",1,0,0,0,0,0,NA,0,1,0,0,0,0,0,NA,0,"P_Goatgrass_2024_spring_nonserpentine_network_case3_version3","3"
"SIBE",1,0,0,0,0,0,NA,0,1,0,0,0,0,0,NA,0,"P_Goatgrass_2024_spring_nonserpentine_network_case3_version3","3"
"TRFU",1,0,0,0,0,0,NA,0,1,0,0,0,0,0,NA,0,"P_Goatgrass_2024_spring_nonserpentine_network_case3_version3","3"
"TRLA",1,0,0,0,0,0,NA,0,1,0,0,0,0,0,NA,0,"P_Goatgrass_2024_spring_nonserpentine_network_case3_version3","3"
"VIVI",1,0.547860149060311,0,0,0,0,NA,0,0,0.547860149060311,0.547860149060311,0.506810920106625,0,0,NA,0,"P_Goatgrass_2024_spring_nonserpentine_network_case3_version3","3"
"WYAN",1,0,0,0,0,0,NA,5,1,0,0,0,0,0,NA,5,"P_Goatgrass_2024_spring_nonserpentine_network_case3_version3","3"
"ACMO",0,0.547198996412195,0.547198996412195,0.52298842769721,0,0,NA,0,1,0.547198996412195,1.50240166042774e-05,7.99614943212602e-05,0,0,NA,0,"P_Goatgrass_2024_spring_serpentine_network_case3_version2","2"
"AGHE",0,0.473532699757969,0.783423247702307,0.0124995004095705,17.5115048012168,25.8931720332405,0.529827706930308,0.531058833174619,0,0.473532699757969,0.783402479960745,0.0132744049624342,15.5202486130653,24.3780643267886,0.498751709327546,0.5,"P_Goatgrass_2024_spring_serpentine_network_case3_version2","2"
"DEHE",0,0.464084832190575,0.797295654935051,0.0124994996848285,13.7221308897253,23.269332319432,0.470172293069692,0.468941166825633,0,0.464084832190575,0.797314656561467,0.0117267732586303,15.5979376964931,24.8109860302214,0.501248290672454,0.5,"P_Goatgrass_2024_spring_serpentine_network_case3_version2","2"
"DEVA",0,0.473774627001851,0.840207567400636,0.0124995800822235,24.460686366546,26.2333813612906,0.783431365783125,0.79752457978662,0,0.473774627001851,0.839788792116414,0.0161875882246108,4.57084637690948,20.2191315283726,0.189847202508576,0.2,"P_Goatgrass_2024_spring_serpentine_network_case3_version2","2"
"DICA",0,0.530156020112408,0.847658482531789,0.0124996201778083,32.0857295850361,27.197740850977,1,1,0,0.530156020112408,0.847658477037434,0.0125005814082203,32.0857408342824,27.1977502102056,1,1,"P_Goatgrass_2024_spring_serpentine_network_case3_version2","2"
"LACA",0,0.532230029246877,0.818084311830316,0.0124996071750699,34.3376234171802,28.0910710231324,1,1,0,0.532230029246877,0.818084305502797,0.0125005800778342,34.3376355862564,28.0910807611907,1,1,"P_Goatgrass_2024_spring_serpentine_network_case3_version2","2"
"LACH",0,0.490101552261087,0.816378643475867,0.0124996021142505,32.6721751100244,26.6728659957277,1,0.999999999985839,0,0.490101552261087,0.816301218548983,0.0250012065512421,16.2880503813432,13.2959553740777,1,0.5,"P_Goatgrass_2024_spring_serpentine_network_case3_version2","2"
"LUBI",0,0.536788852087589,0.806233349123351,0.0124995901823507,25.9419242574624,25.3527037266616,0.587820704278628,1.16539615560281,0,0.536788852087589,0.805916158162865,0.0150074366989402,6.01091779545149,21.0871161466692,0.36116259108916,0.7,"P_Goatgrass_2024_spring_serpentine_network_case3_version2","2"
"RACA",0,0.510237036114669,0.759237686323871,0.012499770875708,31.5207135646957,24.6761369950699,0.96745945917375,1.94020405668789,0,0.510237036114669,0.758899586376503,0.0308511757213434,5.56254943587084,9.94356079914121,0.397447248098797,0.583333333333333,"P_Goatgrass_2024_spring_serpentine_network_case3_version2","2"
"SIBE",0,0.453865979241145,0.795204915872933,0.0124998347355926,26.3235902517024,24.3640155382327,0.820705784435128,2.52075743737637,0,0.453865979241145,0.794971344813269,0.0182215281446698,7.98622853006661,16.6787649345946,0.419729205402006,1.16666666666667,"P_Goatgrass_2024_spring_serpentine_network_case3_version2","2"
"TRFU",0,0.525513105921221,0.924957635277766,0.0124998686266996,31.7536026807804,34.7975702803825,0.670597363381316,3.27014279689281,0,0.525513105921221,0.924741266920065,0.0127924038286468,10.1634578139792,33.9858466837601,0.407173627341062,1.7,"P_Goatgrass_2024_spring_serpentine_network_case3_version2","2"
"TRLA",0,0.498771217953773,0.81283840973354,0.0125001170312405,29.2454723882943,27.8206952071914,0.654797383786876,6.55103632953764,0,0.498771217953773,0.812705161964563,0.0123427176899734,11.6400164708509,28.1682780951813,0.487804831426135,4.61666666666667,"P_Goatgrass_2024_spring_serpentine_network_case3_version2","2"
"VIVI",1,0,0,0,0,0,NA,6.00000004561674,1,0,0,0,0,0,NA,8.58333333333333,"P_Goatgrass_2024_spring_serpentine_network_case3_version2","2"
"WYAN",0,0.485525256644713,0.772083254249561,0.0125003393902635,29.4462311068467,25.937373465087,0.473894148249358,13.7549385985206,0,0.485525256644713,0.772051652212643,0.00677581885484113,21.0955928055438,47.9085281081179,0.693787208687684,18.95,"P_Goatgrass_2024_spring_serpentine_network_case3_version2","2"
"LUSU",0,0.496791736849952,0.496791736849952,0.465371997708162,2.75186558040615e-17,-1.0307011106865e-08,-1.32638266039803e-09,-2.10179704414215e-09,0,0.496791736849952,0.759261540356932,0.0146474975849017,8.35216960351335,19.57285085117,0.323993740447208,0.333333333333333,"P_Hill_Base_2022_spring_full_network_case3_version1","1"
"TRLA",0,0.478721237149425,0.760990428383588,0.0125004094442889,23.4918466324431,22.0080771945402,0.812294995166218,2.44596295267721,0,0.478721237149425,0.760849397643785,0.0122077536722162,10.5225738498043,22.5290362259809,0.441531047111148,1.33333333333333,"P_Hill_Base_2022_spring_full_network_case3_version1","1"
"VIVI",0,0.467832770393152,0.757552207057972,0.0125004119366146,22.4035881518172,21.0029186394226,0.593852502637955,3.55403704941996,0,0.467832770393152,0.75746846993524,0.0110175447214599,12.5909060001432,23.8342373470316,0.725235519703225,4.33333333333333,"P_Hill_Base_2022_spring_full_network_case3_version1","1"
"LUSU",1,0,0,0,0,0,NA,0,1,0,0,0,0,0,NA,0,"P_Hill_Base_2022_spring_nonserpentine_network_case3_version3","3"
"TRLA",1,0,0,0,0,0,NA,0,1,0,0,0,0,0,NA,0,"P_Hill_Base_2022_spring_nonserpentine_network_case3_version3","3"
"VIVI",0,0.467832770393152,0.757571287580002,0.0125007255973556,27.7250873144477,21.0037300950741,1,3,0,0.467832770393152,0.75757128740294,0.0125007662666872,27.7250769698571,21.0037222534002,1,3,"P_Hill_Base_2022_spring_nonserpentine_network_case3_version3","3"
"LUSU",0,0.496791736849952,0.496791736849952,0.465371997708162,0,0,NA,0,1,0.496791736849952,1.54924801898185e-05,7.35606886597924e-05,0,0,NA,0,"P_Hill_Base_2022_spring_serpentine_network_case3_version2","2"
"TRLA",0,0.478721237149425,0.797293914159854,0.0125005775774445,30.3040756820893,24.1612551155694,1,1.0000000000105,0,0.478721237149425,0.797201835420792,0.0250011929047668,15.1029346054789,12.040087187728,1,0.5,"P_Hill_Base_2022_spring_serpentine_network_case3_version2","2"
"VIVI",1,0,2.97220097195559e-15,1.27121693931907e-14,2.03958989546731e-05,6.06197626511506e-20,0.833333333333333,4.99999999998947,1,0,0,0,0,0,NA,5.5,"P_Hill_Base_2022_spring_serpentine_network_case3_version2","2"
"AGHE",0,0.542406264828707,0.542406264828707,0.468676366200054,1.1536953914179e-16,2.49643060187021e-08,2.50666534667649e-09,3.62200082668761e-09,0,0.542406264828707,0.817524184801038,0.0126848033719727,15.6806415602342,25.1078394084056,0.510569766683951,0.5,"P_Long_2022_spring_full_network_case3_version1","1"
"ALAM",0,0.52209297608216,0.842489604272369,0.0125006952981843,33.8545396768554,28.6767345277314,0.99460758712242,0.994588684239939,0,0.52209297608216,0.842346309836636,0.0186211097104436,11.4247934355648,19.2149301011346,0.500841405117866,0.5,"P_Long_2022_spring_full_network_case3_version1","1"
"ASBR",0,0.516649012857419,0.855647171099885,0.0125006953909599,31.9375478959059,27.4310640387655,0.996216277661712,0.99615530415937,0,0.516649012857419,0.855501439824261,0.0189924835793486,10.6146674122323,18.0186526637422,0.503970159361209,0.5,"P_Long_2022_spring_full_network_case3_version1","1"
"DICA",0,0.51995909464078,0.735471208685806,0.0125007003865659,27.0355096432834,19.8838389547824,1,1,0,0.51995909464078,0.735471802821245,0.0125006101102005,27.0364561717346,19.8845511625232,1,1,"P_Long_2022_spring_full_network_case3_version1","1"
"ERCA",0,0.452503627586413,0.875716451347355,0.0125006928974246,37.7442816631179,33.0532883966807,1,1,0,0.452503627586413,0.87571715863935,0.0125006054580523,37.7456017464417,33.0544711125264,1,1,"P_Long_2022_spring_full_network_case3_version1","1"
"EUSP",0,0.528468844843315,0.843224484487288,0.0125006930087929,29.2377075289657,30.3448511548633,0.812459113174823,0.819198273954989,0,0.528468844843315,0.842864965880636,0.0175717576862812,6.2577865117276,21.5450909697632,0.244810709878082,0.25,"P_Long_2022_spring_full_network_case3_version1","1"
"LACA",0,0.475875281601155,0.779443095488279,0.0125006935543173,22.8005793176014,24.7511551595154,0.718017159510435,0.71351592883588,0,0.475875281601155,0.778815030602358,0.0230855575065552,3.37573711075937,13.3423276364878,0.197047687094098,0.2,"P_Long_2022_spring_full_network_case3_version1","1"
"LACH",0,0.535857870609433,0.842403138187284,0.0125006983186867,30.261166310702,25.4921014653427,1,1,0,0.535857870609433,0.842403818714247,0.0125006094300318,30.2622264136911,25.4930150936885,1,1,"P_Long_2022_spring_full_network_case3_version1","1"
"LODA",0,0.463231332745976,0.785614861097122,0.0125006942595336,24.0505448733325,26.2240931173951,0.596446245196832,1.20476483467979,0,0.463231332745976,0.785248815991804,0.0226348690904192,5.4297869210096,14.4340118253029,0.237529946503402,0.5,"P_Long_2022_spring_full_network_case3_version1","1"
"LUBI",0,0.529009461625949,0.850129992300729,0.0125006942469793,26.1677827755523,27.2276268040109,0.566113643931119,1.12148240143754,0,0.529009461625949,0.849892595765863,0.0146893674826091,7.57813490550316,23.145436056238,0.391631336152869,0.75,"P_Long_2022_spring_full_network_case3_version1","1"
"LUNA",0,0.462021547328691,0.809667189199522,0.012500693715606,13.6114245228717,23.627855159166,0.434185943273326,0.869460075472794,0,0.462021547328691,0.809155068745252,0.0184021496751784,3.71649191414107,16.0071610627196,0.176003390041303,0.366666666666667,"P_Long_2022_spring_full_network_case3_version1","1"
"PLER",0,0.496145953306065,0.850088935097934,0.0125006942191847,32.5448946679379,30.8629765410832,0.897323423168221,1.78413953045226,0,0.496145953306065,0.849792797483009,0.0228761969689255,6.82125465226858,16.8152193191458,0.341865197320357,0.666666666666667,"P_Long_2022_spring_full_network_case3_version1","1"
"RACA",0,0.525037215033098,0.775607058905879,0.012500696480229,26.8967433365788,25.8605978778132,0.708558406334805,2.12121076314781,0,0.525037215033098,0.775455180873025,0.0193942444861738,10.0960471077403,16.6346590285113,0.315548139386071,0.958333333333333,"P_Long_2022_spring_full_network_case3_version1","1"
"Sidalcea_sp.",0,0.500473061274026,0.753963104388364,0.0125006972464635,21.5041699412474,23.3049097815289,0.566292176079833,2.24662195486606,0,0.500473061274026,0.753892662636416,0.0123718552433723,15.1423326961676,23.5446219272614,0.2998684915571,1.20833333333333,"P_Long_2022_spring_full_network_case3_version1","1"
"TRBI",0,0.450740832556384,0.766158982658866,0.0125006957158837,21.8277666136474,24.0716995695107,0.332271164552166,1.68480502653079,0,0.450740832556384,0.766035306051941,0.0118113373476297,11.0274113730596,25.4733192495539,0.349176026508063,1.79166666666667,"P_Long_2022_spring_full_network_case3_version1","1"
"TRFU",0,0.501172775147098,0.877197892461593,0.0125006980981226,27.1270437840497,27.6370353116761,0.706028891582153,4.84768411038721,0,0.501172775147098,0.877214697206926,0.0125798093134212,30.9135187813119,27.4643218554664,0.546807775906982,3.70833333333333,"P_Long_2022_spring_full_network_case3_version1","1"
"TRLA",0,0.510831897268459,0.8389083935981,0.0125006953272256,19.5778272114673,30.1244775642373,0.273095683820203,2.19692654635695,0,0.510831897268459,0.838859933265733,0.00873902941962349,14.9486856775024,43.1235993244713,0.360333865332799,2.90833333333333,"P_Long_2022_spring_full_network_case3_version1","1"
"URLI",0,0.451697390992985,0.790015224972532,0.0125007001917368,20.722449223853,23.5656073472258,0.360397551416255,5.53082415529551,0,0.451697390992985,0.789985258200667,0.00651586283906744,16.6171194985883,45.2799153517451,0.427794444288212,6.575,"P_Long_2022_spring_full_network_case3_version1","1"
"VIVI",0,0.478050419095927,0.781418041138172,0.0125007019821409,22.9787313907446,22.3655317879125,0.440534606427775,7.42254000655797,0,0.478050419095927,0.781404455144834,0.00640910900332685,20.2538546262858,43.6936985335796,0.593488814493166,9.95833333333333,"P_Long_2022_spring_full_network_case3_version1","1"
"WYAN",0,0.493393745246992,0.802237615535978,0.0125007015408691,27.3152232861107,24.3606290145074,0.470817115532384,9.44608240006914,0,0.493393745246992,0.802234511734262,0.00603641295185456,25.2017615900324,50.541779833196,0.632007507509187,12.6583333333333,"P_Long_2022_spring_full_network_case3_version1","1"
"AGHE",1,0,0,0,0,0,NA,0,1,0,0,0,0,0,NA,0,"P_Long_2022_spring_nonserpentine_network_case3_version3","3"
"ALAM",1,0,0,0,0,0,NA,0,1,0,0,0,0,0,NA,0,"P_Long_2022_spring_nonserpentine_network_case3_version3","3"
"ASBR",1,0,0,0,0,0,NA,0,1,0,0,0,0,0,NA,0,"P_Long_2022_spring_nonserpentine_network_case3_version3","3"
"DICA",1,0,0,0,0,0,NA,0,1,0,0,0,0,0,NA,0,"P_Long_2022_spring_nonserpentine_network_case3_version3","3"
"ERCA",1,0,0,0,0,0,NA,0,1,0,0,0,0,0,NA,0,"P_Long_2022_spring_nonserpentine_network_case3_version3","3"
"EUSP",1,0,0,0,0,0,NA,0,1,0,0,0,0,0,NA,0,"P_Long_2022_spring_nonserpentine_network_case3_version3","3"
"LACA",1,0,0,0,0,0,NA,0,1,0,0,0,0,0,NA,0,"P_Long_2022_spring_nonserpentine_network_case3_version3","3"
"LACH",1,0,0,0,0,0,NA,0,1,0,0,0,0,0,NA,0,"P_Long_2022_spring_nonserpentine_network_case3_version3","3"
"LODA",1,0,0,0,0,0,NA,0,1,0,0,0,0,0,NA,0,"P_Long_2022_spring_nonserpentine_network_case3_version3","3"
"LUBI",1,0,0,0,0,0,NA,0,1,0,0,0,0,0,NA,0,"P_Long_2022_spring_nonserpentine_network_case3_version3","3"
"LUNA",1,0,0,0,0,0,NA,0,1,0,0,0,0,0,NA,0,"P_Long_2022_spring_nonserpentine_network_case3_version3","3"
"PLER",1,0,0,0,0,0,NA,0,1,0,0,0,0,0,NA,0,"P_Long_2022_spring_nonserpentine_network_case3_version3","3"
"RACA",1,0,0,0,0,0,NA,0,1,0,0,0,0,0,NA,0,"P_Long_2022_spring_nonserpentine_network_case3_version3","3"
"Sidalcea_sp.",1,0,0,0,0,0,NA,0,1,0,0,0,0,0,NA,0,"P_Long_2022_spring_nonserpentine_network_case3_version3","3"
"TRBI",1,0,0,0,0,0,NA,0,1,0,0,0,0,0,NA,0,"P_Long_2022_spring_nonserpentine_network_case3_version3","3"
"TRFU",1,0,0,0,0,0,NA,0,1,0,0,0,0,0,NA,0,"P_Long_2022_spring_nonserpentine_network_case3_version3","3"
"TRLA",1,0,0,0,0,0,NA,0,1,0,0,0,0,0,NA,0,"P_Long_2022_spring_nonserpentine_network_case3_version3","3"
"URLI",1,0,0,0,0,0,NA,0,1,0,0,0,0,0,NA,0,"P_Long_2022_spring_nonserpentine_network_case3_version3","3"
"VIVI",1,0.478050419095927,0,0,0,0,NA,0,0,0.478050419095927,0.478050419095927,0.474724056396971,0,0,NA,0,"P_Long_2022_spring_nonserpentine_network_case3_version3","3"
"WYAN",1,0,0,0,0,0,NA,17,1,0,0,0,0,0,NA,17,"P_Long_2022_spring_nonserpentine_network_case3_version3","3"
"AGHE",0,0.542406264828707,0.542406264828707,0.468676366200054,0,0,NA,0,1,0.542406264828707,2.97827933388609e-05,0.000141742770024063,0,0,NA,0,"P_Long_2022_spring_serpentine_network_case3_version2","2"
"ALAM",0,0.52209297608216,0.881581447102322,0.0125005645853268,30.530372074679,31.4053518701654,0.857019838702608,0.840268599914475,0,0.52209297608216,0.881518702383484,0.0131260784672123,18.0637845573911,29.8998859394592,0.532562697911556,0.5,"P_Long_2022_spring_serpentine_network_case3_version2","2"
"ASBR",0,0.516649012857419,0.8953677557543,0.0125005799031165,33.5531598264732,30.0424174122946,1,1,0,0.516649012857419,0.895367755724634,0.0125005850333391,33.5531468842668,30.042405823265,1,1,"P_Long_2022_spring_serpentine_network_case3_version2","2"
"DICA",0,0.51995909464078,0.769603548719277,0.0125005765782919,28.0682496496463,21.7769002107602,0.991942118834383,0.993281372855932,0,0.51995909464078,0.769422804535596,0.018875699771696,8.49453948351698,14.3870159013247,0.45429103835523,0.5,"P_Long_2022_spring_serpentine_network_case3_version2","2"
"ERCA",0,0.452503627586413,0.916379710840359,0.0125005757132244,39.5028423303537,36.1996032320618,1,1,0,0.452503627586413,0.916379710817521,0.0125005808560684,39.5028268709227,36.1995890644508,1,1,"P_Long_2022_spring_serpentine_network_case3_version2","2"
"EUSP",0,0.528468844843315,0.882392468907984,0.0125005782107871,37.6643575507362,33.2347454490272,1,1,0,0.528468844843315,0.882392468876972,0.0125005833404019,37.6643427653372,33.2347324013344,1,1,"P_Long_2022_spring_serpentine_network_case3_version2","2"
"LACA",0,0.475875281601155,0.815639531832292,0.0125005762195544,26.1160037102464,27.1085108975271,0.785777024790358,0.790974948755294,0,0.475875281601155,0.815461856836546,0.0141769861046414,9.2512847548433,23.8815481824308,0.315895342574908,0.333333333333333,"P_Long_2022_spring_serpentine_network_case3_version2","2"
"LACH",0,0.535857870609433,0.881477446829771,0.0125005874477219,21.9008920725948,27.9172878651752,0.691512102489262,0.669027397006504,0,0.535857870609433,0.881013033022698,0.0253092829902783,4.27434911895706,13.7252152518098,0.274367812263907,0.2,"P_Long_2022_spring_serpentine_network_case3_version2","2"
"LODA",0,0.463231332745976,0.822125749818956,0.0125005793079465,34.9376602865468,28.7231501599972,1,1,0,0.463231332745976,0.822125749791584,0.0125005844439239,34.9376466597572,28.7231389561063,1,1,"P_Long_2022_spring_serpentine_network_case3_version2","2"
"LUBI",0,0.529009461625949,0.889595364570716,0.0125005784241085,24.5727405495954,29.8195960928487,0.608381141191778,1.20663537134363,0,0.529009461625949,0.889258135449297,0.0261825186696555,5.98333122449338,14.1784863196902,0.385456095186344,0.533333333333333,"P_Long_2022_spring_serpentine_network_case3_version2","2"
"LUNA",0,0.462021547328691,0.847340659141104,0.0125005845880218,25.0330646903808,25.8823025113161,0.574724049604128,1.15423568159188,0,0.462021547328691,0.847158212388137,0.0130199010197122,9.05456675083008,24.8361751594338,0.654057648482678,0.833333333333333,"P_Long_2022_spring_serpentine_network_case3_version2","2"
"PLER",0,0.496145953306065,0.889487332179548,0.012500583837316,19.3050720715212,33.7953082717184,0.471603802435307,0.972703780161549,0,0.496145953306065,0.889189734878491,0.0196296634607509,5.95017753995018,21.4747287403352,0.245713133668459,0.4,"P_Long_2022_spring_serpentine_network_case3_version2","2"
"RACA",0,0.525037215033098,0.811623163837102,0.0125005666923355,32.2505008144454,28.322902971274,0.912657940635696,1.82415490081397,0,0.525037215033098,0.811533252477401,0.025151357506967,15.4719906702847,14.0324885014804,0.750997897070332,0.833333333333333,"P_Long_2022_spring_serpentine_network_case3_version2","2"
"Sidalcea_sp.",0,0.500473061274026,0.788986185837878,0.0125005656968499,25.5230953349977,25.5250787473126,0.682088326725939,2.04693586377999,0,0.500473061274026,0.788787663841387,0.0191153302712795,9.6191038622445,16.6549646830934,0.330407987546281,0.976190476190476,"P_Long_2022_spring_serpentine_network_case3_version2","2"
"TRBI",0,0.450740832556384,0.801681907238157,0.0125005698220726,15.77219142945,26.3601231423041,0.425900987635879,1.7882521090626,0,0.450740832556384,0.801698461616653,0.0119231173484075,15.9829848982838,27.6416421874534,0.292965450793405,1.22619047619048,"P_Long_2022_spring_serpentine_network_case3_version2","2"
"TRFU",0,0.501172775147098,0.917904252751882,0.0125005716670102,22.8361194524028,30.2666399742713,0.342439865774361,1.6282499982991,0,0.501172775147098,0.917828241988276,0.0104251833519652,14.6998953404883,36.3037869044714,0.42247598201085,1.92619047619048,"P_Long_2022_spring_serpentine_network_case3_version2","2"
"TRLA",0,0.510831897268459,0.877909268044784,0.0125005434969652,34.872992471183,32.9958870717424,0.800497509324093,5.62182136612253,0,0.510831897268459,0.877912797539259,0.0125644479369027,37.0255012801046,32.8278611964716,0.660785173469193,3.97619047619048,"P_Long_2022_spring_serpentine_network_case3_version2","2"
"URLI",0,0.451697390992985,0.826662622799675,0.0125005712201319,16.7496171292059,25.8072513039622,0.245566389315842,1.97487797579176,0,0.451697390992985,0.826611283746508,0.0116522080677035,12.3613707275304,27.6886925595098,0.40947857338919,2.92619047619048,"P_Long_2022_spring_serpentine_network_case3_version2","2"
"VIVI",1,0,0,0,0,0,NA,5.99999999256793,1,0,0,0,0,0,NA,9.04285714285714,"P_Long_2022_spring_serpentine_network_case3_version2","2"
"WYAN",0,0.493393745246992,0.839482204106202,0.0125005503655799,28.473047476997,26.6801007313199,0.475446655403052,9.48858064172883,0,0.493393745246992,0.839479556931082,0.00614518964906575,26.2505602081787,54.3665854072092,0.65868215414071,12.7928571428571,"P_Long_2022_spring_serpentine_network_case3_version2","2"
"CAPA",0,0.497534420968748,0.497534420968748,0.493951082948572,1.93408992829125e-15,-6.5243291412384e-08,-1.47490460971934e-08,-2.31824396784854e-08,0,0.497534420968748,0.852087437072002,0.0254752944157353,4.19285438250148,13.0848612382078,0.273039085379796,0.25,"P_Lower_Banana_2022_summer_full_network_case3_version1","1"
"Clarkia",0,0.461013221745851,0.779258423036102,0.012501653233758,32.3154004699309,25.7083258181573,0.979528896128772,0.979418182868735,0,0.461013221745851,0.779104744901174,0.0191503535590645,10.7753822706619,16.7456642651742,0.501332841878121,0.5,"P_Lower_Banana_2022_summer_full_network_case3_version1","1"
"GRCA",0,0.549217882519224,0.914444546324986,0.0125016725661705,35.3243515702406,36.3330893567355,0.889056262976018,0.892226351957184,0,0.549217882519224,0.9138316072075,0.026736771767237,3.77389326690541,16.9181456253574,0.20384639226398,0.2,"P_Lower_Banana_2022_summer_full_network_case3_version1","1"
"HECO",0,0.504951500592265,0.840483949244608,0.0125016476277402,26.9489942655484,25.601809361989,0.884710795562255,0.885281258135747,0,0.504951500592265,0.839408858769181,0.0283931403595106,2.26702340311027,11.1964078579745,0.169961611951503,0.166666666666667,"P_Lower_Banana_2022_summer_full_network_case3_version1","1"
"HECU",0,0.519870454198621,0.791220226543357,0.0125016492293186,25.9291873307703,22.7585349407486,0.545846646895041,1.09070013544966,0,0.519870454198621,0.791181598259432,0.0123277396380616,18.1241351743959,23.0759418558983,0.58607263522931,1.16666666666667,"P_Lower_Banana_2022_summer_full_network_case3_version1","1"
"HEEX",0,0.462723716214636,0.86933141272129,0.0125016717866207,33.1413279023546,32.1395862314354,0.549662740445431,1.09546915729475,0,0.462723716214636,0.869293017638276,0.0123914076576736,22.7238838180766,32.4198470355408,0.606485000917524,1.2,"P_Lower_Banana_2022_summer_full_network_case3_version1","1"
"HETR",0,0.497498419390758,0.762750483288935,0.0125012935843515,22.4991814470202,21.5292866745702,0.545421628679918,3.76014394932922,0,0.497498419390758,0.762599721381086,0.0074385926534886,10.1334471198585,36.2135783860125,0.433174419509966,2.95,"P_Lower_Banana_2022_summer_full_network_case3_version1","1"
"SAVE",0,0.455934700465731,0.757468454267163,0.0125012662536143,24.7373141277426,24.2553018503588,0.488573588274056,4.94148444846617,0,0.455934700465731,0.757451881924728,0.00582262239403871,20.0396319798107,52.1582445515559,0.473743224883491,4.78333333333333,"P_Lower_Banana_2022_summer_full_network_case3_version1","1"
"TRLA",0,0.494510727536171,0.757609364590548,0.01250086703474,26.5631768970641,21.6311649715204,0.728668462748979,9.38689049459269,0,0.494510727536171,0.757399804452566,0.0103799311326891,8.34898421362537,26.0508510895567,0.717959413391738,9.2,"P_Lower_Banana_2022_summer_full_network_case3_version1","1"
"ZETR",0,0.541797700427378,0.794831284835051,0.0125007023017981,28.4848602459425,24.6769168426011,0.661637832756848,15.968386045068,0,0.541797700427378,0.794674486754078,0.0114574586151263,10.3714852185693,26.9198715032363,0.765149134863987,18.5833333333333,"P_Lower_Banana_2022_summer_full_network_case3_version1","1"
"CAPA",1,0,0,0,0,0,NA,0,1,0,0,0,0,0,NA,0,"P_Lower_Banana_2022_summer_nonserpentine_network_case3_version3","3"
"Clarkia",1,0,0,0,0,0,NA,0,1,0,0,0,0,0,NA,0,"P_Lower_Banana_2022_summer_nonserpentine_network_case3_version3","3"
"GRCA",1,0,0,0,0,0,NA,0,1,0,0,0,0,0,NA,0,"P_Lower_Banana_2022_summer_nonserpentine_network_case3_version3","3"
"HECO",1,0,0,0,0,0,NA,0,1,0,0,0,0,0,NA,0,"P_Lower_Banana_2022_summer_nonserpentine_network_case3_version3","3"
"HECU",1,0,0,0,0,0,NA,0,1,0,0,0,0,0,NA,0,"P_Lower_Banana_2022_summer_nonserpentine_network_case3_version3","3"
"HEEX",1,0,0,0,0,0,NA,0,1,0,0,0,0,0,NA,0,"P_Lower_Banana_2022_summer_nonserpentine_network_case3_version3","3"
"HETR",1,0,0,0,0,0,NA,0,1,0,0,0,0,0,NA,0,"P_Lower_Banana_2022_summer_nonserpentine_network_case3_version3","3"
"SAVE",1,0,0,0,0,0,NA,0,1,0,0,0,0,0,NA,0,"P_Lower_Banana_2022_summer_nonserpentine_network_case3_version3","3"
"TRLA",1,0,0,0,0,0,NA,0,1,0,0,0,0,0,NA,0,"P_Lower_Banana_2022_summer_nonserpentine_network_case3_version3","3"
"ZETR",1,0,0,0,0,0,NA,0,1,0,0,0,0,0,NA,0,"P_Lower_Banana_2022_summer_nonserpentine_network_case3_version3","3"
"CAPA",0,0.497534420968748,0.497534420968748,0.493951082948572,1.93408992829125e-15,-6.5243291412384e-08,-1.47490460971934e-08,-2.31824396784854e-08,0,0.497534420968748,0.852087437072002,0.0254752944157353,4.19285438250148,13.0848612382078,0.273039085379796,0.25,"P_Lower_Banana_2022_summer_serpentine_network_case3_version2","2"
"Clarkia",0,0.461013221745851,0.779258423036102,0.012501653233758,32.3154004699309,25.7083258181573,0.979528896128772,0.979418182868735,0,0.461013221745851,0.779104744901174,0.0191503535590645,10.7753822706619,16.7456642651742,0.501332841878121,0.5,"P_Lower_Banana_2022_summer_serpentine_network_case3_version2","2"
"GRCA",0,0.549217882519224,0.914444546324986,0.0125016725661705,35.3243515702406,36.3330893567355,0.889056262976018,0.892226351957184,0,0.549217882519224,0.9138316072075,0.026736771767237,3.77389326690541,16.9181456253574,0.20384639226398,0.2,"P_Lower_Banana_2022_summer_serpentine_network_case3_version2","2"
"HECO",0,0.504951500592265,0.840483949244608,0.0125016476277402,26.9489942655484,25.601809361989,0.884710795562255,0.885281258135747,0,0.504951500592265,0.839408858769181,0.0283931403595106,2.26702340311027,11.1964078579745,0.169961611951503,0.166666666666667,"P_Lower_Banana_2022_summer_serpentine_network_case3_version2","2"
"HECU",0,0.519870454198621,0.791220226543357,0.0125016492293186,25.9291873307703,22.7585349407486,0.545846646895041,1.09070013544966,0,0.519870454198621,0.791181598259432,0.0123277396380616,18.1241351743959,23.0759418558983,0.58607263522931,1.16666666666667,"P_Lower_Banana_2022_summer_serpentine_network_case3_version2","2"
"HEEX",0,0.462723716214636,0.86933141272129,0.0125016717866207,33.1413279023546,32.1395862314354,0.549662740445431,1.09546915729475,0,0.462723716214636,0.869293017638276,0.0123914076576736,22.7238838180766,32.4198470355408,0.606485000917524,1.2,"P_Lower_Banana_2022_summer_serpentine_network_case3_version2","2"
"HETR",0,0.497498419390758,0.762750483288935,0.0125012935843515,22.4991814470202,21.5292866745702,0.545421628679918,3.76014394932922,0,0.497498419390758,0.762599721381086,0.0074385926534886,10.1334471198585,36.2135783860125,0.433174419509966,2.95,"P_Lower_Banana_2022_summer_serpentine_network_case3_version2","2"
"SAVE",0,0.455934700465731,0.757468454267163,0.0125012662536143,24.7373141277426,24.2553018503588,0.488573588274056,4.94148444846617,0,0.455934700465731,0.757451881924728,0.00582262239403871,20.0396319798107,52.1582445515559,0.473743224883491,4.78333333333333,"P_Lower_Banana_2022_summer_serpentine_network_case3_version2","2"
"TRLA",0,0.494510727536171,0.757609364590548,0.01250086703474,26.5631768970641,21.6311649715204,0.728668462748979,9.38689049459269,0,0.494510727536171,0.757399804452566,0.0103799311326891,8.34898421362537,26.0508510895567,0.717959413391738,9.2,"P_Lower_Banana_2022_summer_serpentine_network_case3_version2","2"
"ZETR",0,0.541797700427378,0.794831284835051,0.0125007023017981,28.4848602459425,24.6769168426011,0.661637832756848,15.968386045068,0,0.541797700427378,0.794674486754078,0.0114574586151263,10.3714852185693,26.9198715032363,0.765149134863987,18.5833333333333,"P_Lower_Banana_2022_summer_serpentine_network_case3_version2","2"
"COSP",0,0.507244192323296,0.507244192323296,0.488917188643905,9.45979541342178e-19,-3.46762899162711e-09,-1.38377730016993e-10,-2.30759671465693e-10,0,0.507244192323296,0.730820537187908,0.0150388103079411,6.8775656970128,16.4016477821745,0.306448859528531,0.333333333333333,"P_Lower_Grid_1_2023_spring_full_network_case3_version1","1"
"ERGU",0,0.453140377627285,0.830821242847946,0.0125004725089606,34.9700862497133,29.851746887048,0.973272707638176,0.973896275386059,0,0.453140377627285,0.830662131790268,0.0185986426457735,11.9080865867049,20.0288809158367,0.493866663405751,0.5,"P_Lower_Grid_1_2023_spring_full_network_case3_version1","1"
"LUMI",0,0.530326781785268,0.766267854185849,0.0125004730681506,28.131660848909,22.1075404554428,0.975069453647451,0.973877184730129,0,0.530326781785268,0.766005587807538,0.0160495987815432,7.96741590569164,17.1912982888251,0.355010133708961,0.333333333333333,"P_Lower_Grid_1_2023_spring_full_network_case3_version1","1"
"RACA",0,0.502221464995398,0.876293036955544,0.0125004584206044,32.0373442037517,29.8918978951427,0.926992072358549,1.83789475564524,0,0.502221464995398,0.876193817878859,0.0139484587794938,15.853287273886,26.7737177485984,0.449516275161746,0.833333333333333,"P_Lower_Grid_1_2023_spring_full_network_case3_version1","1"
"SIBE",0,0.536162177653127,0.726172121010033,0.0125004506775816,24.6755469684031,21.3796063954024,0.655278512165096,3.95244188836835,0,0.536162177653127,0.726188060202224,0.012581742693839,28.6328259056817,21.2418859980573,0.677415665788904,4.08333333333333,"P_Lower_Grid_1_2023_spring_full_network_case3_version1","1"
"THCA",0,0.47771981611276,0.826602985585923,0.0125004489157056,22.0689284693806,25.4298847070209,0.567944855189801,3.83916638843487,0,0.47771981611276,0.826625085160611,0.0128971640553792,25.9588659272131,24.6464470559492,0.485057375816194,3.25,"P_Lower_Grid_1_2023_spring_full_network_case3_version1","1"
"TRLA",0,0.536949407163518,0.736549950147482,0.0125004531182641,14.4094657482265,19.5759682107024,0.343711115442044,3.21414281068306,0,0.536949407163518,0.736620177627084,0.00649756981862059,21.2807534416211,37.7313681583004,0.441027526868226,4.08333333333333,"P_Lower_Grid_1_2023_spring_full_network_case3_version1","1"
"VIVI",0,0.50868619725047,0.871809637132486,0.012500409348516,34.6619466165386,31.4713853629724,0.76231178723988,12.2085806969796,0,0.50868619725047,0.87177541291038,0.0116111284669332,22.7746501356686,33.8860655147718,0.844781151610778,13.5833333333333,"P_Lower_Grid_1_2023_spring_full_network_case3_version1","1"
"COSP",1,0,0,0,0,0,NA,0,1,0,0,0,0,0,NA,0,"P_Lower_Grid_1_2023_spring_nonserpentine_network_case3_version3","3"
"ERGU",1,0,0,0,0,0,NA,0,1,0,0,0,0,0,NA,0,"P_Lower_Grid_1_2023_spring_nonserpentine_network_case3_version3","3"
"LUMI",1,0,0,0,0,0,NA,0,1,0,0,0,0,0,NA,0,"P_Lower_Grid_1_2023_spring_nonserpentine_network_case3_version3","3"
"RACA",1,0,0,0,0,0,NA,0,1,0,0,0,0,0,NA,0,"P_Lower_Grid_1_2023_spring_nonserpentine_network_case3_version3","3"
"SIBE",1,0,0,0,0,0,NA,0,1,0,0,0,0,0,NA,0,"P_Lower_Grid_1_2023_spring_nonserpentine_network_case3_version3","3"
"THCA",1,0,0,0,0,0,NA,0,1,0,0,0,0,0,NA,0,"P_Lower_Grid_1_2023_spring_nonserpentine_network_case3_version3","3"
"TRLA",1,0,0,0,0,0,NA,0,1,0,0,0,0,0,NA,0,"P_Lower_Grid_1_2023_spring_nonserpentine_network_case3_version3","3"
"VIVI",0,0.50868619725047,0.871812907819541,0.0125004496363402,36.0989026977422,31.4714893300133,1,16,0,0.50868619725047,0.871812907819739,0.0125004496011781,36.098902799509,31.471489418742,1,16,"P_Lower_Grid_1_2023_spring_nonserpentine_network_case3_version3","3"
"COSP",0,0.507244192323296,0.507244192323296,0.488917188643905,0,0,NA,0,1,0.507244192323296,1.88825475767862e-05,8.22803142541079e-05,0,0,NA,0,"P_Lower_Grid_1_2023_spring_serpentine_network_case3_version2","2"
"ERGU",0,0.453140377627285,0.876767486105988,0.0125021768754832,17.3535358788047,33.2492575391474,0.457604685145092,0.512977739634012,0,0.453140377627285,0.876672068950104,0.0192357729641919,10.9435869738604,21.5719671899694,0.44474094317048,0.333333333333333,"P_Lower_Grid_1_2023_spring_serpentine_network_case3_version2","2"
"LUMI",0,0.530326781785268,0.808730737716533,0.0125025314500822,30.4545163105652,24.6295034426436,1,1.00000000174972,0,0.530326781785268,0.808637291373331,0.0250012052196911,15.1792348559023,12.2744953589965,1,0.5,"P_Lower_Grid_1_2023_spring_serpentine_network_case3_version2","2"
"RACA",0,0.502221464995398,0.924767900176389,0.0125021777865534,19.5282685040839,33.2951177195054,0.542395314854908,0.487022260489944,0,0.502221464995398,0.924695712531876,0.0182660347572314,13.6630680731103,22.7536684216847,0.55525905682952,0.333333333333333,"P_Lower_Grid_1_2023_spring_serpentine_network_case3_version2","2"
"SIBE",0,0.536162177653127,0.766420494211735,0.0125018851830767,30.1182928901053,23.8194426363558,0.954784203287292,1.90843626047498,0,0.536162177653127,0.766424332618798,0.0125140670385203,31.0117801622702,23.7938482922887,0.751708857816165,1.33333333333333,"P_Lower_Grid_1_2023_spring_serpentine_network_case3_version2","2"
"THCA",0,0.47771981611276,0.872438693763987,0.0125007492991432,29.977849819356,28.3328184657166,0.864414489908463,5.11820438593131,0,0.47771981611276,0.872447860434582,0.0125224731569357,32.3728305715687,28.2836314451771,0.844969404523912,4.16666666666667,"P_Lower_Grid_1_2023_spring_serpentine_network_case3_version2","2"
"TRLA",0,0.536949407163518,0.777440159565989,0.0125008198755469,24.2119457678394,21.8135977482903,0.700563521996377,4.97335945617929,0,0.536949407163518,0.777456580273152,0.01254570360883,27.8708402927731,21.7357822594276,0.775252265317743,4,"P_Lower_Grid_1_2023_spring_serpentine_network_case3_version2","2"
"VIVI",1,0,0,0,0,0,NA,0.9999998955475,1,0,0,0,0,0,NA,4.33333333333333,"P_Lower_Grid_1_2023_spring_serpentine_network_case3_version2","2"
"LUMI",0,0.51512537415378,0.51512537415378,0.497643180306835,1.40219677815429e-17,1.10997283286099e-08,5.93289957238841e-10,1.86384470628116e-09,0,0.51512537415378,0.855388413762216,0.0123265304913578,17.8199412187856,29.5771565689545,0.514711867647209,1,"P_Oak_2022_spring_full_network_case3_version1","1"
"LUSU",0,0.512163402588183,0.781526740797946,0.0125008084660917,32.2535924390469,26.5756180607813,0.942148362803872,1.88485072299559,0,0.512163402588183,0.78144310505595,0.0126749199020592,16.3572927631014,26.2040055357304,0.491149283704428,1,"P_Oak_2022_spring_full_network_case3_version1","1"
"TRFU",0,0.530307299588019,0.743747817094169,0.0125007995919243,28.7728785127441,23.1545669139122,0.903935136251378,2.71029082754463,0,0.530307299588019,0.743730751803471,0.0125500382169768,23.3008778889861,23.0624472966078,0.662912197014584,2,"P_Oak_2022_spring_full_network_case3_version1","1"
"VIVI",0,0.474784175830327,0.818478386509931,0.0125008013982794,28.8662076054628,26.9973015306552,0.680779572890309,3.40485844761113,0,0.474784175830327,0.818470316365914,0.0124591320878515,26.038888738193,27.0873924307723,0.799908221250595,4,"P_Oak_2022_spring_full_network_case3_version1","1"
"LUMI",1,0,0,0,0,0,NA,0,1,0,0,0,0,0,NA,0,"P_Oak_2022_spring_nonserpentine_network_case3_version3","3"
"LUSU",1,0,0,0,0,0,NA,0,1,0,0,0,0,0,NA,0,"P_Oak_2022_spring_nonserpentine_network_case3_version3","3"
"TRFU",1,0,0,0,0,0,NA,0,1,0,0,0,0,0,NA,0,"P_Oak_2022_spring_nonserpentine_network_case3_version3","3"
"VIVI",0,0.474784175830327,0.818502466724889,0.0125024854518949,32.9863603134073,26.9994172847998,1,3,0,0.474784175830327,0.818502467396034,0.0125024345323345,32.9863604779786,26.9994174416405,1,3,"P_Oak_2022_spring_nonserpentine_network_case3_version3","3"
"LUMI",0,0.51512537415378,0.51512537415378,0.497643180306835,0,0,NA,0,1,0.51512537415378,1.62991905256064e-05,7.64861897635079e-05,0,0,NA,0,"P_Oak_2022_spring_serpentine_network_case3_version2","2"
"LUSU",0,0.512163402588183,0.818960145566768,0.0125005434259269,29.153151657558,29.186947319925,0.707874598009815,1.4188579984867,0,0.512163402588183,0.818930917074564,0.0117661037126019,22.6222835605632,31.0118023107832,0.748407936345283,1.5,"P_Oak_2022_spring_serpentine_network_case3_version2","2"
"TRFU",0,0.530307299588019,0.779361869452277,0.0125005434680376,26.2246123043051,25.4290963635972,0.792125401990185,1.58114200142699,0,0.530307299588019,0.779296409581707,0.0134366109616257,15.2930375651536,23.6488718343438,0.751592063654717,1,"P_Oak_2022_spring_serpentine_network_case3_version2","2"
"VIVI",1,0,0,0,0,0,NA,4.00000000009057,1,0,0,0,0,0,NA,4.5,"P_Oak_2022_spring_serpentine_network_case3_version2","2"
"AMME",0,0.473821722727186,0.473821722727186,0.452246168256852,2.55451793209475e-18,1.55062038339584e-09,7.80581824077333e-10,1.16935146253774e-09,0,0.473821722727186,0.700400244218023,0.0157110292480588,7.47970550739386,15.4647313094648,0.33875710215872,0.333333333333333,"P_Owl_Seep_2023_spring_full_network_case3_version1","1"
"CAEX",0,0.521693875813714,0.810343544607477,0.0125002354911657,28.3441138727807,24.2258803359508,0.911802307443138,1.82350197901101,0,0.521693875813714,0.778490499855848,0.0125135890450521,28.1345328794613,22.3317690626211,0.602470789699658,1.2,"P_Owl_Seep_2023_spring_full_network_case3_version1","1"
"CALU",0,0.508970801094068,0.774586796989218,0.0125002419895899,33.7358502467542,26.1313441863413,1,2,0,0.508970801094068,0.744140137146947,0.0125005427144543,32.4048305320425,24.1137350363377,1,2,"P_Owl_Seep_2023_spring_full_network_case3_version1","1"
"CRHI",0,0.472253987995095,0.689377934306541,0.01250023829649,28.6358678187089,20.2962673798857,0.961768808269956,1.93771709440725,0,0.472253987995095,0.662280344423546,0.0125214721443812,27.8232500287036,18.6974863540967,0.64289304869485,1.33333333333333,"P_Owl_Seep_2023_spring_full_network_case3_version1","1"
"ERGU",0,0.472776233555179,0.771564220092633,0.0125002249122565,25.910107310465,22.3900579458507,0.853691758625464,5.18364126410375,0,0.472776233555179,0.741237011503768,0.0125604340539772,26.2501847402965,20.5622436846512,0.709349358211462,4.33333333333333,"P_Owl_Seep_2023_spring_full_network_case3_version1","1"
"ESCA",0,0.450157361896782,0.773166077116767,0.0125002271920216,22.5513990356984,21.4783781259571,0.646171775234956,4.51325887196957,0,0.450157361896782,0.742781724184817,0.012595553086544,24.1821549038775,19.6700181897624,0.510731464938405,3.53333333333333,"P_Owl_Seep_2023_spring_full_network_case3_version1","1"
"HIIN",0,0.494781399213141,0.868209863500302,0.0125002257731998,30.2573121289115,31.770166952657,0.674155178077247,6.52992355795122,0,0.494781399213141,0.8340908767759,0.0126395307177109,31.947865639759,28.9950015791514,0.580143716471218,5.53333333333333,"P_Owl_Seep_2023_spring_full_network_case3_version1","1"
"PHTA",0,0.490976575268887,0.739614779004404,0.0125002257271477,17.9696924328271,19.8425248364541,0.415584814783332,6.83312337199781,0,0.490976575268887,0.710434802994627,0.010753552984025,10.7797935327478,21.2892891192174,0.507284305305439,8.36666666666666,"P_Owl_Seep_2023_spring_full_network_case3_version1","1"
"VIVI",0,0.543300544188032,0.746864788765014,0.0125002247378833,25.2059123295878,24.2838705613551,0.485083998531051,9.17883385941027,0,0.543300544188032,0.717425869053923,0.0116499925036469,14.4288055796459,24.0448903176261,0.601121724611339,11.3666666666667,"P_Owl_Seep_2023_spring_full_network_case3_version1","1"
"AMME",0,0.473821722727186,0.473821722727186,0.452246168256852,0,0,NA,0,1,0.473821722727186,2.7236965147678e-05,0.000129790690500268,0,0,NA,0,"P_Owl_Seep_2023_spring_nonserpentine_network_case3_version3","3"
"CAEX",1,0,0,0,0,0,NA,0,1,0,0,0,0,0,NA,0,"P_Owl_Seep_2023_spring_nonserpentine_network_case3_version3","3"
"CALU",1,0,0,0,0,0,NA,0,1,0,0,0,0,0,NA,0,"P_Owl_Seep_2023_spring_nonserpentine_network_case3_version3","3"
"CRHI",1,0,0,0,0,0,NA,0,1,0,0,0,0,0,NA,0,"P_Owl_Seep_2023_spring_nonserpentine_network_case3_version3","3"
"ERGU",1,0,0,0,0,0,NA,0,1,0,0,0,0,0,NA,0,"P_Owl_Seep_2023_spring_nonserpentine_network_case3_version3","3"
"ESCA",1,0,0,0,0,0,NA,0,1,0,0,0,0,0,NA,0,"P_Owl_Seep_2023_spring_nonserpentine_network_case3_version3","3"
"HIIN",0,0.494781399213141,0.868228336548001,0.0125005899260365,36.5446672132196,31.7705919625365,0.998694505335265,0.998473432549626,0,0.494781399213141,0.868157755433849,0.0141403057677099,17.4304528662016,28.0706528455725,0.539081970047726,0.5,"P_Owl_Seep_2023_spring_nonserpentine_network_case3_version3","3"
"PHTA",1,0,0,0,0,0,NA,0.999999994654836,1,0,0,0,0,0,NA,1.5,"P_Owl_Seep_2023_spring_nonserpentine_network_case3_version3","3"
"VIVI",0,0.543300544188032,0.746887341129147,0.0125004566723654,32.4589192977381,24.2848869113831,0.937581593416546,15.0015265727912,0,0.543300544188032,0.746836830398395,0.0110585798443934,19.3354127903621,27.4581025738012,0.966307376872017,15,"P_Owl_Seep_2023_spring_nonserpentine_network_case3_version3","3"
"AMME",1,0,0,0,0,0,NA,0,1,0,0,0,0,0,NA,0,"P_Owl_Seep_2023_spring_serpentine_network_case3_version2","2"
"CAEX",1,0.521693875813714,0,0,0,0,NA,0,0,0.521693875813714,0.521693875813714,0.501349892910267,0,0,NA,0,"P_Owl_Seep_2023_spring_serpentine_network_case3_version2","2"
"CALU",1,0.508970801094068,0,0,0,0,NA,0,0,0.508970801094068,0.508970801094068,0.487650142860436,0,0,NA,0,"P_Owl_Seep_2023_spring_serpentine_network_case3_version2","2"
"CRHI",0,0.472253987995095,0.765578816939138,0.0125005680942283,32.3441709037829,25.0392204886918,0.981457019593783,1.96950102011055,0,0.472253987995095,0.765580931999149,0.0125020764754988,32.7002293584975,25.0363236387084,0.724790804025185,1.25,"P_Owl_Seep_2023_spring_serpentine_network_case3_version2","2"
"ERGU",0,0.472776233555179,0.856866728982263,0.0125005733441615,32.2373482865334,27.6231111773438,1,2,0,0.472776233555179,0.856866729040015,0.0125005650737302,32.2373630691226,27.6231238459145,1,2,"P_Owl_Seep_2023_spring_serpentine_network_case3_version2","2"
"ESCA",0,0.450157361896782,0.85865641348967,0.0125005315262212,30.8614107427907,26.4993482636362,1,5.99999999878182,0,0.450157361896782,0.858655140842325,0.0125098784934996,30.8382315513095,26.4794060560179,1,4.5,"P_Owl_Seep_2023_spring_serpentine_network_case3_version2","2"
"HIIN",1,0,0,0,0,0,NA,3.00000000126539,1,0,0,0,0,0,NA,3.91666666666667,"P_Owl_Seep_2023_spring_serpentine_network_case3_version2","2"
"PHTA",0,0.490976575268887,0.821425305497861,0.0125005052857621,29.5098731531349,24.4830968738753,0.903708596081243,9.03049897675838,0,0.490976575268887,0.821426488898361,0.0125052593693115,29.7925401500555,24.4738290560589,0.955041839194963,7.41666666666667,"P_Owl_Seep_2023_spring_serpentine_network_case3_version2","2"
"VIVI",1,0,0,0,0,0,NA,11.0000000030836,1,0,0,0,0,0,NA,13.9166666666667,"P_Owl_Seep_2023_spring_serpentine_network_case3_version2","2"
"ASER",0,0.529427791237565,0.529427791237565,0.524075878166629,1.0670966059709e-17,3.47464145432909e-09,1.6259248804863e-09,2.43656616062025e-09,0,0.529427791237565,0.874623227974408,0.0193853348899588,7.95090054958941,18.9372949069936,0.36721413159264,0.333333333333333,"P_Pond_2022_summer_full_network_case3_version1","1"
"ASFA",0,0.492887329749245,0.745615767680103,0.0125003722546586,24.8895921499796,20.090058775233,0.923744054996498,0.926524021209166,0,0.492887329749245,0.708997017442975,0.0202625985457874,3.12806483900392,11.1753607806234,0.198453426673024,0.2,"P_Pond_2022_summer_full_network_case3_version1","1"
"CESO",0,0.457351095558773,0.829541561190471,0.0125003680216516,29.2584671312871,26.0383985505246,0.677490380390997,2.02932618561,0,0.457351095558773,0.789438908233487,0.0123096449545727,17.504190000101,23.9443939458405,0.570747113282872,1.7,"P_Pond_2022_summer_full_network_case3_version1","1"
"HECO",0,0.499863056302938,0.73749962017768,0.0125003491343422,26.3634152413273,19.9661756068223,0.962563831633437,3.84179144580596,0,0.499863056302938,0.701910905985516,0.0125384773056345,25.4570548377548,18.0267976207382,0.879073276623621,3.5,"P_Pond_2022_summer_full_network_case3_version1","1"
"HEEX",0,0.498387283481838,0.827715352072208,0.0125003333469898,27.1566319318145,26.6809086205737,0.721856539248819,7.06543475128363,0,0.498387283481838,0.78771587823219,0.0124810542564657,17.5504103212702,24.1981912376298,0.606000850058721,5.86666666666667,"P_Pond_2022_summer_full_network_case3_version1","1"
"PEKE",0,0.495073479248711,0.736407041211129,0.012500334479405,24.243808676794,21.8412647103559,0.605185425458003,9.30386208888241,0,0.495073479248711,0.700724824813385,0.00898230714267756,10.3030035175128,27.5444885805843,0.660331929720871,10.2,"P_Pond_2022_summer_full_network_case3_version1","1"
"SAVE",0,0.499965733080155,0.777325906455457,0.0125003346093892,25.1133117657903,24.5568584962925,0.582187217724271,9.83306150488261,0,0.499965733080155,0.739707170912512,0.00933259132425256,12.3307089724875,29.8068656247684,0.661224149940645,11.2,"P_Pond_2022_summer_full_network_case3_version1","1"
"ASER",0,0.529427791237565,0.529427791237565,0.524075878166629,0,0,NA,0,1,0.529427791237565,1.28202115661224e-05,6.49680476629047e-05,0,0,NA,0,"P_Pond_2022_summer_nonserpentine_network_case3_version3","3"
"ASFA",1,0,0,0,0,0,NA,0,1,0,0,0,0,0,NA,0,"P_Pond_2022_summer_nonserpentine_network_case3_version3","3"
"CESO",1,0.457351095558773,0,0,0,0,NA,0,0,0.457351095558773,0.457351095558773,0.48001217466314,0,0,NA,0,"P_Pond_2022_summer_nonserpentine_network_case3_version3","3"
"HECO",1,0,0,0,0,0,NA,0,1,0,0,0,0,0,NA,0,"P_Pond_2022_summer_nonserpentine_network_case3_version3","3"
"HEEX",1,0,0,0,0,0,NA,0,1,0,0,0,0,0,NA,0,"P_Pond_2022_summer_nonserpentine_network_case3_version3","3"
"PEKE",1,0,0,0,0,0,NA,1,1,0,0,0,0,0,NA,1,"P_Pond_2022_summer_nonserpentine_network_case3_version3","3"
"SAVE",1,0,0,0,0,0,NA,10,1,0,0,0,0,0,NA,10,"P_Pond_2022_summer_nonserpentine_network_case3_version3","3"
"ASER",1,0,0,0,0,0,NA,0,1,0,6.01017473572662e-19,3.03151630931332e-18,0,0,NA,0,"P_Pond_2022_summer_serpentine_network_case3_version2","2"
"ASFA",1,0.492887329749245,0,0,0,0,NA,0,0,0.492887329749245,0.492887329749245,0.543284346532675,0,0,NA,0,"P_Pond_2022_summer_serpentine_network_case3_version2","2"
"CESO",1,0,0,0,0,0,NA,4.1017882539733e-09,1,0,0,0,0,0,NA,0.25,"P_Pond_2022_summer_serpentine_network_case3_version2","2"
"HECO",0,0.499863056302938,0.777043224033884,0.0125002878984961,27.682183067478,22.168858701701,0.961988885889353,2.88964084021534,0,0.499863056302938,0.777039708448441,0.0125089299999068,26.4420944074751,22.1519868697517,0.602914141998972,1.75,"P_Pond_2022_summer_serpentine_network_case3_version2","2"
"HEEX",0,0.498387283481838,0.872112147430168,0.012500303062036,33.540276994761,29.6239754634124,0.982393598430189,3.91347291520882,0,0.498387283481838,0.87211069444231,0.0125000328080521,32.8142007816301,29.6248904637351,0.888903107121565,3.5,"P_Pond_2022_summer_serpentine_network_case3_version2","2"
"PEKE",0,0.495073479248711,0.775896551521273,0.0125004377549348,26.7405215416892,24.2504598983819,0.706744743622421,10.8086913161695,0,0.495073479248711,0.775895092771505,0.0125094070327195,26.3371177269166,24.2330376964284,0.737672384649281,11.25,"P_Pond_2022_summer_serpentine_network_case3_version2","2"
"SAVE",0,0.499965733080155,0.819014495559839,0.0125004413497619,29.5308022775329,27.2657822698421,0.740193399663228,12.3881949243109,0,0.499965733080155,0.819010916836426,0.0125072029363238,28.4456231387078,27.2508766223361,0.798268198575153,13.25,"P_Pond_2022_summer_serpentine_network_case3_version2","2"
"AGHE",0,0.485752568038065,0.485752568038065,0.494485011764097,2.80934893376677e-19,1.05242402350799e-09,1.29667171084093e-10,2.24265093516821e-10,0,0.485752568038065,0.807828780247949,0.0189714751196891,3.96348329542979,16.7389824747202,0.19127900282563,0.2,"P_Pond_2023_spring_full_network_case3_version1","1"
"ALAM",0,0.543411015762673,0.873759354734436,0.0125003825406045,36.4917172059871,32.3576891028329,0.985391112997103,0.985296421136621,0,0.543411015762673,0.87362480807709,0.0170688238926947,13.5891714387434,23.6672961543355,0.50161358579713,0.5,"P_Pond_2023_spring_full_network_case3_version1","1"
"CARU",0,0.50894192324902,0.791240336601678,0.0125003733000789,29.368754294034,25.0880809437672,0.793351166499173,2.3904581110319,0,0.50894192324902,0.791162618542555,0.0120603773858848,16.1553728562621,26.0012371288445,0.731202526502636,2.2,"P_Pond_2023_spring_full_network_case3_version1","1"
"DEVA",0,0.486904046282593,0.766714412947264,0.0125003691050783,26.7142213441278,25.5106893427098,0.764655851559393,2.29277381928581,0,0.486904046282593,0.766628007781795,0.0139493719742323,13.8942369692237,22.8482058297208,0.416809873707191,1.25,"P_Pond_2023_spring_full_network_case3_version1","1"
"LACA",0,0.496305871543617,0.765599027908454,0.01250036813092,25.9549443287988,22.9966755716103,0.638704424833769,3.17185358138125,0,0.496305871543617,0.765488238906205,0.0116384708988546,12.0136581067044,24.6979772064864,0.595600233108039,2.95,"P_Pond_2023_spring_full_network_case3_version1","1"
"LAMI",0,0.512783033569708,0.765823972129071,0.0125003695595244,21.1496858153107,23.7543178980111,0.598281688949139,3.02026625838073,0,0.512783033569708,0.765619570170404,0.0127773233453819,7.7720179464029,23.2252924324288,0.38222751672161,1.95,"P_Pond_2023_spring_full_network_case3_version1","1"
"THCA",0,0.544445206082633,0.743569527572087,0.0125003672071036,27.3883917195253,23.1375266519339,0.619918227081728,4.95153570909821,0,0.544445206082633,0.743531323336393,0.00793818846175861,18.557245317298,36.4769708495893,0.714399094954872,5.7,"P_Pond_2023_spring_full_network_case3_version1","1"
"TRLA",0,0.490578630818324,0.807840995248185,0.0125003680470976,26.2441375982683,28.0136849177237,0.497774997827314,4.47868240431728,0,0.490578630818324,0.807800345904581,0.0113069040673902,19.5215354993238,30.975656320468,0.638995686757644,5.75,"P_Pond_2023_spring_full_network_case3_version1","1"
"VIVI",0,0.455048163563501,0.857659439846207,0.0125003598103516,29.8676899066065,28.3898946112854,0.771633646668334,7.70913369516871,0,0.455048163563501,0.85766380011632,0.012576015744566,31.3721828656679,28.2189142225758,0.850777752114174,8.5,"P_Pond_2023_spring_full_network_case3_version1","1"
"AGHE",1,0,0,0,0,0,NA,0,1,0,0,0,0,0,NA,0,"P_Pond_2023_spring_nonserpentine_network_case3_version3","3"
"ALAM",1,0,0,0,0,0,NA,0,1,0,0,0,0,0,NA,0,"P_Pond_2023_spring_nonserpentine_network_case3_version3","3"
"CARU",1,0,0,0,0,0,NA,0,1,0,0,0,0,0,NA,0,"P_Pond_2023_spring_nonserpentine_network_case3_version3","3"
"DEVA",1,0,0,0,0,0,NA,0,1,0,0,0,0,0,NA,0,"P_Pond_2023_spring_nonserpentine_network_case3_version3","3"
"LACA",1,0,0,0,0,0,NA,0,1,0,0,0,0,0,NA,0,"P_Pond_2023_spring_nonserpentine_network_case3_version3","3"
"LAMI",1,0,0,0,0,0,NA,0,1,0,0,0,0,0,NA,0,"P_Pond_2023_spring_nonserpentine_network_case3_version3","3"
"THCA",1,0,0,0,0,0,NA,0,1,0,0,0,0,0,NA,0,"P_Pond_2023_spring_nonserpentine_network_case3_version3","3"
"TRLA",1,0,0,0,0,0,NA,0,1,0,0,0,0,0,NA,0,"P_Pond_2023_spring_nonserpentine_network_case3_version3","3"
"VIVI",0,0.455048163563501,0.857669861944739,0.0125004881616884,33.1016323805586,28.3902724739792,1,9,0,0.455048163563501,0.857669861913805,0.012500492807076,33.1016343924936,28.3902741985312,1,9,"P_Pond_2023_spring_nonserpentine_network_case3_version3","3"
"AGHE",0,0.485752568038065,0.485752568038065,0.494485011764097,0,0,NA,0,1,0.485752568038065,2.54040050006005e-05,0.00013029550639061,0,0,NA,0,"P_Pond_2023_spring_serpentine_network_case3_version2","2"
"ALAM",0,0.543411015762673,0.923868891509755,0.0125001606224279,36.8918143722639,36.1800968837007,0.94204279660848,0.940408582549338,0,0.543411015762673,0.923353608684958,0.0193016428987628,5.18800460687789,23.3741673920987,0.204942605880978,0.2,"P_Pond_2023_spring_serpentine_network_case3_version2","2"
"CARU",0,0.50894192324902,0.836627918738228,0.0125002065480318,32.7419996001267,28.0534142683162,0.976454085723164,0.977353604229758,0,0.50894192324902,0.83648600465561,0.0162204372871056,12.6489025673886,21.5925886199678,0.490012112863974,0.5,"P_Pond_2023_spring_serpentine_network_case3_version2","2"
"DEVA",0,0.486904046282593,0.810708596053979,0.0125003622217009,33.9715033647771,28.5261613414979,0.676423112934326,2.03006114618882,0,0.486904046282593,0.810631077429278,0.0118979161717638,16.7006214096983,29.9691333963872,0.733096794919474,2.2,"P_Pond_2023_spring_serpentine_network_case3_version2","2"
"LACA",0,0.496305871543617,0.809523126859308,0.0125005143002761,28.7388815035101,25.7151717596251,0.815152681557745,2.432738947971,0,0.496305871543617,0.809527550221547,0.0125401044164087,30.2872821504315,25.6341107087317,0.781767933106543,2.33333333333333,"P_Pond_2023_spring_serpentine_network_case3_version2","2"
"LAMI",0,0.512783033569708,0.809783522217324,0.0125005400245699,29.8252881369582,26.5640587569209,0.652722631335888,3.27734250827975,0,0.512783033569708,0.809676736014831,0.0117245754000998,13.1250321127861,28.320233227769,0.702457462278592,3.03333333333333,"P_Pond_2023_spring_serpentine_network_case3_version2","2"
"THCA",0,0.544445206082633,0.786213972824661,0.0125005452483058,27.9408552518751,25.8719811034677,0.608092170082884,3.03513358549258,0,0.544445206082633,0.786113574918205,0.0117838494229782,13.1595174603627,27.4436384220482,0.609152024107123,3.03333333333333,"P_Pond_2023_spring_serpentine_network_case3_version2","2"
"TRLA",0,0.490578630818324,0.854203745471417,0.0125006007695231,33.882499668402,31.3256643921825,0.662837715887286,5.30696160483084,0,0.490578630818324,0.854131001341018,0.00877315277499564,19.155694510704,44.6621720049248,0.775300458156053,5.7,"P_Pond_2023_spring_serpentine_network_case3_version2","2"
"VIVI",1,0,0,0,0,0,NA,8.00000002047762,1,0,0,0,0,0,NA,9,"P_Pond_2023_spring_serpentine_network_case3_version2","2"
"ACMI",0,0.470392616708014,0.470392616708014,0.516751873803675,2.68286049284736e-17,4.41249635432724e-09,2.86005396073678e-09,4.7895312031753e-09,0,0.470392616708014,0.759291626885327,0.0252364080084603,4.68255416528901,10.5778320039733,0.336120309795567,0.333333333333333,"P_Pond_2023_summer_full_network_case3_version1","1"
"ASFA",0,0.48870901159882,0.68908681150452,0.0125009706794199,26.652559108239,18.3659269743322,1,1,0,0.48870901159882,0.689101793008351,0.0125006192621738,26.6539276460596,18.3672693316146,1,1,"P_Pond_2023_summer_full_network_case3_version1","1"
"BREL",0,0.532357941373418,0.673563347564718,0.0125009594034817,28.3587487720092,19.200971343303,0.994814971289649,0.994804358193174,0,0.532357941373418,0.673104665999552,0.025236006513187,4.84727295666792,9.46617387790174,0.344671679032145,0.333333333333333,"P_Pond_2023_summer_full_network_case3_version1","1"
"CESO",0,0.5399206630373,0.705873647652549,0.0125009667672326,26.8141977335981,18.9274355630916,1,1,0,0.5399206630373,0.705888992796705,0.0125006163048888,26.8155716917267,18.9288168927408,1,1,"P_Pond_2023_summer_full_network_case3_version1","1"
"ERLA",0,0.546583667908136,0.664904267567095,0.01250098639147,9.93066325111383,16.5224235114245,0.399635100194088,0.410070281522189,0,0.546583667908136,0.664018253491557,0.0194288054753002,2.16935784985486,10.5777687181378,0.136181197475872,0.142857142857143,"P_Pond_2023_summer_full_network_case3_version1","1"
"HECO",0,0.531706532035818,0.676883833358459,0.0125009857903395,12.0563190829686,17.9469212954977,0.454714618886739,0.437541733840974,0,0.531706532035818,0.675837095564609,0.0207250253078604,2.3128756741104,10.7660421237371,0.145190512913415,0.142857142857143,"P_Pond_2023_summer_full_network_case3_version1","1"
"HEEX",0,0.491683925987074,0.636294092225954,0.0125009839222806,16.367777384175,16.6100476708061,0.627013254797881,0.610652852937211,0,0.491683925987074,0.635489320719442,0.027501086917039,2.37519179681422,7.49672689481951,0.201342404853898,0.2,"P_Pond_2023_summer_full_network_case3_version1","1"
"HOMA",0,0.531744064754687,0.729836078655781,0.012500942869441,27.4981654337904,21.3522248427014,0.914334682880916,1.83565083821618,0,0.531744064754687,0.729859386048904,0.012522839566443,29.0724889002538,21.3161400715021,0.671244863592289,1.33333333333333,"P_Pond_2023_summer_full_network_case3_version1","1"
"MEIN",0,0.522496332029112,0.689976587186989,0.0125009853697545,7.11724987238614,17.3396729051312,0.250905469997723,0.526472754971676,0,0.522496332029112,0.689753772897769,0.0113314891339312,4.32753375980517,19.124606541625,0.160124240230215,0.342857142857143,"P_Pond_2023_summer_full_network_case3_version1","1"
"PEKE",0,0.495852413282661,0.774321956067296,0.0125009265150703,25.6063887984259,23.7535262610914,0.511132440650996,3.5581002854956,0,0.495852413282661,0.774161224565672,0.0115760921866827,9.31447167239314,25.6472554384251,0.53555870785823,3.67619047619048,"P_Pond_2023_summer_full_network_case3_version1","1"
"PHAQ",0,0.491510041682753,0.80330708224783,0.0125009055638996,27.9856770198257,25.1090289952416,0.692556193641063,5.53954957859698,0,0.491510041682753,0.803253958628892,0.0124922075721651,16.6927391988227,25.1232622835522,0.710459369388618,5.64285714285714,"P_Pond_2023_summer_full_network_case3_version1","1"
"SAVE",0,0.50927056202631,0.765133281470762,0.0125007728309085,23.5384297591691,21.4567107605217,0.686308160216215,11.3005838431129,0,0.50927056202631,0.765081076936744,0.00629380109057266,15.0891337004642,42.6908654268799,0.534820861196663,8.50952380952381,"P_Pond_2023_summer_full_network_case3_version1","1"
"VIVI",0,0.510335976192884,0.67312578560562,0.0125007692134318,21.1944618148761,18.0285693695599,0.496818151339764,14.786573468337,0,0.510335976192884,0.673062988200267,0.00597948057387183,12.6811298218825,37.7598120092088,0.643076384062906,19.3428571428571,"P_Pond_2023_summer_full_network_case3_version1","1"
"ACMI",1,0,0,0,0,0,NA,0,1,0,0,0,0,0,NA,0,"P_Pond_2023_summer_nonserpentine_network_case3_version3","3"
"ASFA",1,0,0,0,0,0,NA,0,1,0,0,0,0,0,NA,0,"P_Pond_2023_summer_nonserpentine_network_case3_version3","3"
"BREL",1,0,0,0,0,0,NA,0,1,0,0,0,0,0,NA,0,"P_Pond_2023_summer_nonserpentine_network_case3_version3","3"
"CESO",1,0.5399206630373,0,0,0,0,NA,0,0,0.5399206630373,0.5399206630373,0.450420214561941,0,0,NA,0,"P_Pond_2023_summer_nonserpentine_network_case3_version3","3"
"ERLA",1,0,0,0,0,0,NA,0,1,0,0,0,0,0,NA,0,"P_Pond_2023_summer_nonserpentine_network_case3_version3","3"
"HECO",1,0,0,0,0,0,NA,0,1,0,0,0,0,0,NA,0,"P_Pond_2023_summer_nonserpentine_network_case3_version3","3"
"HEEX",1,0,0,0,0,0,NA,0,1,0,0,0,0,0,NA,0,"P_Pond_2023_summer_nonserpentine_network_case3_version3","3"
"HOMA",1,0,0,0,0,0,NA,0,1,0,0,0,0,0,NA,0,"P_Pond_2023_summer_nonserpentine_network_case3_version3","3"
"MEIN",1,0.522496332029112,0,0,0,0,NA,0,0,0.522496332029112,0.522496332029112,0.482832967412115,0,0,NA,0,"P_Pond_2023_summer_nonserpentine_network_case3_version3","3"
"PEKE",1,0,0,0,0,0,NA,1,1,0,0,0,0,0,NA,1,"P_Pond_2023_summer_nonserpentine_network_case3_version3","3"
"PHAQ",0,0.491510041682753,0.869471835935471,0.0125008814529935,33.8068151310128,29.422497622286,0.999033936426535,0.998844343358804,0,0.491510041682753,0.869252496383767,0.0252718423103799,9.08876678120873,14.5049482032375,0.544671590888699,0.333333333333333,"P_Pond_2023_summer_nonserpentine_network_case3_version3","3"
"SAVE",1,0,0,0,0,0,NA,6.73893532889062e-10,1,0,0,0,0,0,NA,0.833333333333333,"P_Pond_2023_summer_nonserpentine_network_case3_version3","3"
"VIVI",0,0.510335976192884,0.728592802516696,0.0125007332211424,28.959896409521,21.1284704631895,0.941233297857263,16.0011556559673,0,0.510335976192884,0.728569293972754,0.0123477281812983,20.2699061104501,21.3898275806529,0.967960494653606,15.8333333333333,"P_Pond_2023_summer_nonserpentine_network_case3_version3","3"
"ACMI",0,0.470392616708014,0.470392616708014,0.516751873803675,0,0,NA,0,1,0.470392616708014,2.22668708345538e-05,0.000113066260265232,0,0,NA,0,"P_Pond_2023_summer_serpentine_network_case3_version2","2"
"ASFA",1,0.48870901159882,1.51220338718618e-05,7.12469477770839e-05,0,0,NA,0,1,0.48870901159882,0,0,0,0,NA,0,"P_Pond_2023_summer_serpentine_network_case3_version2","2"
"BREL",1,0.532357941373418,0,0,0,0,NA,0,0,0.532357941373418,0.532357941373418,0.523909705492626,0,0,NA,0,"P_Pond_2023_summer_serpentine_network_case3_version2","2"
"CESO",1,0,0,0,0,0,NA,0,1,0,0,0,0,0,NA,0,"P_Pond_2023_summer_serpentine_network_case3_version2","2"
"ERLA",0,0.546583667908136,0.794291155213972,0.0125017102791397,29.7062661048088,23.5954244214823,1,0.999999999106788,0,0.546583667908136,0.79421438891757,0.0250012230687323,14.7992781748915,11.7537996720926,1,0.5,"P_Pond_2023_summer_serpentine_network_case3_version2","2"
"HECO",0,0.531706532035818,0.808576253482015,0.012501340256836,31.6922637584053,25.6256118941352,1,1,0,0.531706532035818,0.808576261709232,0.0125005792860916,31.6922656791851,25.6256137079713,1,1,"P_Pond_2023_summer_serpentine_network_case3_version2","2"
"HEEX",0,0.491683925987074,0.759988109762364,0.0125018134941944,31.1993654881597,23.7111468031316,1,0.99999999904463,0,0.491683925987074,0.759910891822504,0.0250012162421493,15.5483292101108,11.8153447164052,1,0.5,"P_Pond_2023_summer_serpentine_network_case3_version2","2"
"HOMA",0,0.531744064754687,0.871645785020793,0.0125019067706143,34.7221709576401,30.4752181577029,0.993116236457473,0.993357519109992,0,0.531744064754687,0.87114521933083,0.0374967652583759,5.68291639086557,10.0852403137584,0.490880265788575,0.25,"P_Pond_2023_summer_serpentine_network_case3_version2","2"
"MEIN",1,0,0,0,0,0,NA,0.333333333333333,1,0,0,0,0,0,NA,0.333333333333333,"P_Pond_2023_summer_serpentine_network_case3_version2","2"
"PEKE",0,0.495852413282661,0.924788541755839,0.0125004943494827,36.6596673885755,33.9024403455349,1,2.00000000863309,0,0.495852413282661,0.92479058298141,0.0125012092758578,36.6578802206564,33.9008624201236,1,1.33333333333333,"P_Pond_2023_summer_serpentine_network_case3_version2","2"
"PHAQ",1,0,0,0,0,0,NA,2.33333329427057,1,0,0,0,0,0,NA,3.91666666666667,"P_Pond_2023_summer_serpentine_network_case3_version2","2"
"SAVE",0,0.50927056202631,0.913822401870871,0.012500330381497,33.2816670363699,30.6257074782332,0.875860470442816,7.0066425327263,0,0.50927056202631,0.91380909651716,0.0125085455457882,27.8088882784354,30.6051157655831,0.938639966776428,5.75,"P_Pond_2023_summer_serpentine_network_case3_version2","2"
"VIVI",1,0,0,0,0,0,NA,23.3333333137738,1,0,0,0,0,0,NA,25.4166666666667,"P_Pond_2023_summer_serpentine_network_case3_version2","2"
"ASFA",0,0.47590141921579,0.47590141921579,0.539791423729524,1.99910757118745e-19,4.44090186916665e-10,2.14230838312054e-10,3.77204947505487e-10,0,0.47590141921579,0.850874709531345,0.015051010028353,9.37912312209154,23.7743622265526,0.335674984090859,0.333333333333333,"P_Pond_2024_summer_full_network_case3_version1","1"
"CESO",0,0.475152759777919,0.797554451137423,0.0125006033023135,29.3033741816653,25.4506673829453,0.89293737613996,4.53623156940172,0,0.475152759777919,0.797555858865888,0.0125616628586331,30.0832987452594,25.3266417530662,0.608281834175712,3.16666666666667,"P_Pond_2024_summer_full_network_case3_version1","1"
"HEEX",0,0.49243358748147,0.826829274210919,0.0125005793260822,27.8094991954936,28.1440249144054,0.689616741807413,11.1471803989932,0,0.49243358748147,0.826767784008026,0.0115788829634242,15.8645376337675,30.3863795387736,0.679900878208539,11,"P_Pond_2024_summer_full_network_case3_version1","1"
"HOMA",0,0.531304801060494,0.871589429018189,0.0125005798208029,27.9340934905184,29.7025215376917,0.657970802640388,12.3165880312295,0,0.531304801060494,0.87151620866543,0.0114443527976066,16.5428785497868,32.446290302674,0.72339483124705,13.5,"P_Pond_2024_summer_full_network_case3_version1","1"
"ASFA",1,0,0,0,0,0,NA,0,1,0,0,0,0,0,NA,0,"P_Pond_2024_summer_nonserpentine_network_case3_version3","3"
"CESO",1,0.475152759777919,0,0,0,0,NA,0,0,0.475152759777919,0.475152759777919,0.474458622105633,0,0,NA,0,"P_Pond_2024_summer_nonserpentine_network_case3_version3","3"
"HEEX",1,0,0,0,0,0,NA,0,1,0,0,0,0,0,NA,0,"P_Pond_2024_summer_nonserpentine_network_case3_version3","3"
"HOMA",1,0,0,0,0,0,NA,1,1,0,0,0,0,0,NA,1,"P_Pond_2024_summer_nonserpentine_network_case3_version3","3"
"ASFA",0,0.47590141921579,0.47590141921579,0.539791423729524,0,0,NA,0,1,0.47590141921579,1.24451777673007e-05,6.36965186779629e-05,0,0,NA,0,"P_Pond_2024_summer_serpentine_network_case3_version2","2"
"CESO",1,0,4.06496425790241e-27,5.59318310474896e-25,2.3262529315477e-05,9.42472294206354e-32,0.4,1.99999996408221,1,0,0,0,0,0,NA,3.16666666666667,"P_Pond_2024_summer_serpentine_network_case3_version2","2"
"HEEX",0,0.49243358748147,0.868514146394619,0.0125004727559535,29.3170156361169,31.0580017583029,0.748371474643298,12.1465017467591,0,0.49243358748147,0.868515743032657,0.01250735498076,29.9271552337818,31.0409783893736,0.70779948338393,11.1666666666667,"P_Pond_2024_summer_serpentine_network_case3_version2","2"
"HOMA",0,0.531304801060494,0.915534845348851,0.0125004725545908,29.8421052953864,32.7780735043808,0.738213495037223,13.8534982891626,0,0.531304801060494,0.915536124659287,0.0125098845938356,30.3977431430543,32.7534363259012,0.772379382413532,13.6666666666667,"P_Pond_2024_summer_serpentine_network_case3_version2","2"
"ACBR",0,0.47247289597172,0.47247289597172,0.536984908481587,2.43737953851859e-17,6.64925560886295e-09,1.73191682932312e-09,2.7688652838694e-09,0,0.47247289597172,0.761902657943579,0.0231000496945069,5.33915891422316,12.7353101335073,0.319420518643426,0.333333333333333,"P_Quarry_1_2022_spring_full_network_case3_version1","1"
"AGHE",0,0.451962596691196,0.68700589387605,0.0125006153743126,29.0783261377276,20.3830349455848,0.980078849592322,0.984444585221985,0,0.451962596691196,0.686640742868644,0.0213533113418309,4.78256964575343,11.8927472709973,0.27612687796617,0.333333333333333,"P_Quarry_1_2022_spring_full_network_case3_version1","1"
"ASJE",0,0.535362588933372,0.755485390716474,0.0125006142374372,16.1634992228185,21.9113699726692,0.557303698533138,0.542796548545469,0,0.535362588933372,0.755132898404567,0.015794249439052,4.96008527027812,17.31084416831,0.216368625935392,0.2,"P_Quarry_1_2022_spring_full_network_case3_version1","1"
"Asteraceae sp.",0,0.539032203186784,0.734042075419566,0.0125006203122432,26.5184299716119,19.4656433732304,1,1,0,0.539032203186784,0.734045307412742,0.0125006307102261,26.5185267345514,19.4658001089968,1,1,"P_Quarry_1_2022_spring_full_network_case3_version1","1"
"CARU",0,0.514238960279263,0.694807848352023,0.0125006132503677,22.4403369647734,20.411863197963,0.763855905341585,0.778243987052755,0,0.514238960279263,0.694095047917875,0.0202969498053453,2.7799139972029,12.5187059898934,0.154131308831269,0.166666666666667,"P_Quarry_1_2022_spring_full_network_case3_version1","1"
"CRHI",0,0.514205413574448,0.709056037003133,0.0125006103959532,24.9872686673344,20.4945490800722,0.864491998705166,0.8605044060449,0,0.514205413574448,0.708139737142225,0.0252592116409999,2.78773691973219,10.0825436789342,0.195794568555691,0.2,"P_Quarry_1_2022_spring_full_network_case3_version1","1"
"DICA",0,0.450385945756168,0.763255846959261,0.0125006191743763,28.7755241339744,21.9630870445733,1,1,0,0.450385945756168,0.763259207462616,0.0125006297768902,28.7756286137336,21.9632634899569,1,1,"P_Quarry_1_2022_spring_full_network_case3_version1","1"
"ERCA",0,0.536590323916911,0.831612415573147,0.012500613182662,17.0253882585111,27.0532815709632,0.483971246935819,0.93605508676181,0,0.536590323916911,0.831209490728994,0.0169308118170037,5.02272793129911,19.9348260542785,0.195187929869357,0.366666666666667,"P_Quarry_1_2022_spring_full_network_case3_version1","1"
"ERGU",0,0.473574071528192,0.79127941714374,0.0125006130005351,20.2248851314,23.8034534943888,0.453766184343006,0.889335379957107,0,0.473574071528192,0.791134612432499,0.0117181923425229,9.68422965636474,25.3882810434802,0.369378125803094,0.7,"P_Quarry_1_2022_spring_full_network_case3_version1","1"
"ERLA",0,0.459420174318096,0.724898583674402,0.0125005928430888,24.2947191069362,20.8239179618368,0.820909910457188,2.43904061613265,0,0.459420174318096,0.724808040690861,0.0139088274697515,13.0121898573605,18.7041244733226,0.427322546622577,1.25,"P_Quarry_1_2022_spring_full_network_case3_version1","1"
"ESCA",0,0.474869764235276,0.81175901354462,0.0125006092038814,22.533412492235,24.7045989147817,0.552230918460764,1.63363376866636,0,0.474869764235276,0.811207655265461,0.0184460099360595,3.85289506364651,16.6924521992154,0.220536808567772,0.666666666666667,"P_Quarry_1_2022_spring_full_network_case3_version1","1"
"EUSP",0,0.536127502278484,0.691464012060075,0.0125006131537227,13.5585980029112,18.5991173858716,0.279638427984278,1.17239901060863,0,0.536127502278484,0.691310502043735,0.00797847611267989,7.0646992021041,29.1648083696359,0.193140897283619,0.866666666666667,"P_Quarry_1_2022_spring_full_network_case3_version1","1"
"LACA",0,0.494930794483484,0.703391590829433,0.0125006104715096,18.5702325521087,20.3010571564379,0.45399950777556,1.84745951106995,0,0.494930794483484,0.703218431068102,0.0128747422500605,7.7192743410714,19.6994978397348,0.339950151204823,1.41666666666667,"P_Quarry_1_2022_spring_full_network_case3_version1","1"
"LUMI",0,0.501862883917924,0.738481535895948,0.012500608129924,18.6153775239683,23.8650611983889,0.341945241980832,2.09670935932817,0,0.501862883917924,0.738301631643942,0.0102960710198069,7.21356430065641,28.9755055076804,0.215798128859763,1.4,"P_Quarry_1_2022_spring_full_network_case3_version1","1"
"LUSU",0,0.509490008540214,0.694333509040454,0.0125005992003391,24.4693490297862,19.5467940328435,0.556708937932498,3.96608346131728,0,0.509490008540214,0.694342477323891,0.0126575967948,25.6451610960416,19.3039705726329,0.576442810851149,4.16666666666667,"P_Quarry_1_2022_spring_full_network_case3_version1","1"
"PLER",0,0.498573535377427,0.710022574723592,0.012500591855123,20.121499004658,19.0480984063171,0.576936509387594,4.04165907383225,0,0.498573535377427,0.710010344600088,0.0116946025305284,17.022585544361,20.3651278639823,0.582754619882604,4.08333333333333,"P_Quarry_1_2022_spring_full_network_case3_version1","1"
"SIBE",0,0.525409088412025,0.696599130467482,0.0125006091190136,17.8417912505911,19.0660140323375,0.331249415782208,2.27924786600022,0,0.525409088412025,0.696559219211232,0.0128000782196283,13.1672943069258,18.6162207958769,0.347961474808486,2.45,"P_Quarry_1_2022_spring_full_network_case3_version1","1"
"TOFR",0,0.450548940897244,0.692729443459818,0.0125006032095121,21.6532662114449,19.8577063145641,0.369986838880558,3.37413353447628,0,0.450548940897244,0.692630034880988,0.00710327884006595,11.1754438671247,34.9898847619625,0.408729309866618,3.78333333333333,"P_Quarry_1_2022_spring_full_network_case3_version1","1"
"TRFU",0,0.476049659972102,0.832354670908296,0.0125005945458789,22.429204877087,26.041598507301,0.374993679138428,5.61062448893888,0,0.476049659972102,0.832264164148171,0.00909772871056742,12.4937853125474,35.8050847508296,0.544189758518193,8.16666666666667,"P_Quarry_1_2022_spring_full_network_case3_version1","1"
"VIVI",0,0.466635151122061,0.819067510648022,0.0125005930319088,27.1409058405965,25.5126492161066,0.402320959112762,7.54762931328015,0,0.466635151122061,0.819004030687549,0.00737027027252136,17.7834373649938,43.3240301587375,0.576145918456401,10.45,"P_Quarry_1_2022_spring_full_network_case3_version1","1"
"ACBR",1,0,0,0,0,0,NA,0,1,0,0,0,0,0,NA,0,"P_Quarry_1_2022_spring_nonserpentine_network_case3_version3","3"
"AGHE",1,0,0,0,0,0,NA,0,1,0,0,0,0,0,NA,0,"P_Quarry_1_2022_spring_nonserpentine_network_case3_version3","3"
"ASJE",1,0,0,0,0,0,NA,0,1,0,0,0,0,0,NA,0,"P_Quarry_1_2022_spring_nonserpentine_network_case3_version3","3"
"Asteraceae sp.",1,0.539032203186784,0,0,0,0,NA,0,0,0.539032203186784,0.539032203186784,0.547545704151292,0,0,NA,0,"P_Quarry_1_2022_spring_nonserpentine_network_case3_version3","3"
"CARU",1,0,0,0,0,0,NA,0,1,0,0,0,0,0,NA,0,"P_Quarry_1_2022_spring_nonserpentine_network_case3_version3","3"
"CRHI",1,0,0,0,0,0,NA,0,1,0,0,0,0,0,NA,0,"P_Quarry_1_2022_spring_nonserpentine_network_case3_version3","3"
"DICA",1,0,0,0,0,0,NA,0,1,0,0,0,0,0,NA,0,"P_Quarry_1_2022_spring_nonserpentine_network_case3_version3","3"
"ERCA",1,0,0,0,0,0,NA,0,1,0,0,0,0,0,NA,0,"P_Quarry_1_2022_spring_nonserpentine_network_case3_version3","3"
"ERGU",1,0,0,0,0,0,NA,0,1,0,0,0,0,0,NA,0,"P_Quarry_1_2022_spring_nonserpentine_network_case3_version3","3"
"ERLA",1,0,0,0,0,0,NA,0,1,0,0,0,0,0,NA,0,"P_Quarry_1_2022_spring_nonserpentine_network_case3_version3","3"
"ESCA",1,0,0,0,0,0,NA,0,1,0,0,0,0,0,NA,0,"P_Quarry_1_2022_spring_nonserpentine_network_case3_version3","3"
"EUSP",1,0,0,0,0,0,NA,0,1,0,0,0,0,0,NA,0,"P_Quarry_1_2022_spring_nonserpentine_network_case3_version3","3"
"LACA",1,0,0,0,0,0,NA,0,1,0,0,0,0,0,NA,0,"P_Quarry_1_2022_spring_nonserpentine_network_case3_version3","3"
"LUMI",1,0,0,0,0,0,NA,0,1,0,0,0,0,0,NA,0,"P_Quarry_1_2022_spring_nonserpentine_network_case3_version3","3"
"LUSU",1,0,0,0,0,0,NA,0,1,0,0,0,0,0,NA,0,"P_Quarry_1_2022_spring_nonserpentine_network_case3_version3","3"
"PLER",1,0,0,0,0,0,NA,0,1,0,0,0,0,0,NA,0,"P_Quarry_1_2022_spring_nonserpentine_network_case3_version3","3"
"SIBE",1,0,0,0,0,0,NA,0,1,0,0,0,0,0,NA,0,"P_Quarry_1_2022_spring_nonserpentine_network_case3_version3","3"
"TOFR",1,0,0,0,0,0,NA,0,1,0,0,0,0,0,NA,0,"P_Quarry_1_2022_spring_nonserpentine_network_case3_version3","3"
"TRFU",1,0,0,0,0,0,NA,1,1,0,0,0,0,0,NA,1,"P_Quarry_1_2022_spring_nonserpentine_network_case3_version3","3"
"VIVI",0,0.466635151122061,0.853360292736274,0.012498998036638,32.4569855790004,27.6975027150328,1,7,0,0.466635151122061,0.853366901858551,0.0125004541989244,32.4573210512239,27.6980035081113,1,7,"P_Quarry_1_2022_spring_nonserpentine_network_case3_version3","3"
"ACBR",0,0.47247289597172,0.47247289597172,0.536984908481587,0,0,NA,0,1,0.47247289597172,1.15246079630074e-05,6.46906411789655e-05,0,0,NA,0,"P_Quarry_1_2022_spring_serpentine_network_case3_version2","2"
"AGHE",1,0.451962596691196,2.79278208544859e-05,0.000162580255105764,0,0,NA,0,1,0.451962596691196,0,0,0,0,NA,0,"P_Quarry_1_2022_spring_serpentine_network_case3_version2","2"
"ASJE",0,0.535362588933372,0.833888848561601,0.0125005814253328,31.7741659101215,26.7035860119198,0.99223087913995,0.99159459349471,0,0.535362588933372,0.833639641304877,0.0279246044610247,7.42141056304065,11.9027822696348,0.519776124573204,0.333333333333333,"P_Quarry_1_2022_spring_serpentine_network_case3_version2","2"
"Asteraceae sp.",1,0,0,0,0,0,NA,-2.29501688271179e-13,1,0,0,0,0,0,NA,0.2,"P_Quarry_1_2022_spring_serpentine_network_case3_version2","2"
"CARU",0,0.514238960279263,0.766867955261616,0.0125005827897017,32.4350817862344,24.8734248481529,1,1,0,0.514238960279263,0.76686795525993,0.0125005830446904,32.4350805243059,24.8734238803657,1,1,"P_Quarry_1_2022_spring_serpentine_network_case3_version2","2"
"CRHI",0,0.514205413574448,0.782577960315165,0.0125005756052188,25.2222818377122,24.9728014914797,0.790395978672454,0.779366285360669,0,0.514205413574448,0.782023821120762,0.0180206764245967,3.81335850331818,17.2735195525438,0.172642128837552,0.166666666666667,"P_Quarry_1_2022_spring_serpentine_network_case3_version2","2"
"DICA",0,0.450385945756168,0.842385901960025,0.0125005765324204,28.8869052442356,26.7611284400523,0.909301032783789,0.895647595962346,0,0.450385945756168,0.841999303543542,0.0274256617228885,5.20891850019529,12.1452250221718,0.361121818770156,0.25,"P_Quarry_1_2022_spring_serpentine_network_case3_version2","2"
"ERCA",0,0.536590323916911,0.917924482354305,0.0125005802803727,35.9172120776325,32.9692883039706,1,1,0,0.536590323916911,0.917924482352056,0.0125005805660659,35.9172106712944,32.9692870129777,1,1,"P_Quarry_1_2022_spring_serpentine_network_case3_version2","2"
"ERGU",0,0.473574071528192,0.873320374943399,0.012500575793656,20.674270874465,29.0035820680283,0.605040703384687,1.16615595676142,0,0.473574071528192,0.872831619520085,0.0259174345511745,4.32776356114822,13.9324669263282,0.27139005257424,0.4,"P_Quarry_1_2022_spring_serpentine_network_case3_version2","2"
"ERLA",0,0.459420174318096,0.800021411825424,0.0125005751390161,20.8639856243898,25.3712954590158,0.551335812691333,1.07289460926739,0,0.459420174318096,0.799945317130943,0.0139695903584233,12.4577718269954,22.691217137248,0.400560693970293,0.7,"P_Quarry_1_2022_spring_serpentine_network_case3_version2","2"
"ESCA",0,0.474869764235276,0.895933741314464,0.0125005596786185,28.624252971615,30.1033085211289,0.832848380224563,2.49256267658073,0,0.474869764235276,0.895864408761995,0.0138574109474173,14.9469150604163,27.1424239204415,0.417860060894932,1.25,"P_Quarry_1_2022_spring_serpentine_network_case3_version2","2"
"EUSP",0,0.536127502278484,0.763214988594315,0.0125005731508471,22.2065774556998,22.6668377179763,0.551518313097402,1.6671737436405,0,0.536127502278484,0.762693606820307,0.0163822971580227,3.58180790449261,17.2553868047232,0.287140381834989,0.7,"P_Quarry_1_2022_spring_serpentine_network_case3_version2","2"
"LACA",0,0.494930794483484,0.776322596900605,0.0125005764335875,20.7001972892252,24.7366822926782,0.34975498767166,1.42431692433245,0,0.494930794483484,0.776118067216223,0.0104676302825872,7.58817538315776,29.5392804280257,0.413608073843309,1.06666666666667,"P_Quarry_1_2022_spring_serpentine_network_case3_version2","2"
"LUMI",0,0.501862883917924,0.815068709089007,0.012500572405929,26.6549283569169,29.0797461291206,0.533576173982237,2.16728603725174,0,0.501862883917924,0.81496453150015,0.0108949768527288,12.423817745025,33.3678850762288,0.397920269344736,1.5,"P_Quarry_1_2022_spring_serpentine_network_case3_version2","2"
"LUSU",0,0.509490008540214,0.766280035712838,0.012500574464995,16.882497315277,23.815692701068,0.34960549475307,2.1776147304116,0,0.509490008540214,0.766105621185617,0.0125940324900767,7.98436752415284,23.6275984962833,0.320346467479946,1.51666666666667,"P_Quarry_1_2022_spring_serpentine_network_case3_version2","2"
"PLER",0,0.498573535377427,0.78365435223367,0.0125005548969876,27.2085493263364,23.2119323094307,0.667376932735074,4.66070469846292,0,0.498573535377427,0.783644589367302,0.0126413798804882,24.3514028530781,22.9518996115877,0.720728387331193,4.4,"P_Quarry_1_2022_spring_serpentine_network_case3_version2","2"
"SIBE",0,0.525409088412025,0.768851770677082,0.0125005572362513,23.1946617169382,23.234144980047,0.598621668356444,4.19467261442263,0,0.525409088412025,0.768825577291086,0.0116801303907452,18.9482195593613,24.8697114596093,0.606690193045235,4.08333333333333,"P_Quarry_1_2022_spring_serpentine_network_case3_version2","2"
"TOFR",0,0.450548940897244,0.764553606463162,0.0125005707058875,24.9474624514825,24.1971283070726,0.40309585316619,3.60116315635681,0,0.450548940897244,0.76442242170407,0.0101488228735591,9.98898041435701,29.8120348019156,0.560707696750078,4.03333333333333,"P_Quarry_1_2022_spring_serpentine_network_case3_version2","2"
"TRFU",0,0.476049659972102,0.918654982974665,0.0125005589699836,24.7686402701608,31.7311694445257,0.381427233067702,5.70884637773349,0,0.476049659972102,0.918576818182802,0.00975030552132817,14.7711982642436,40.7002224141186,0.59873770636818,8.25,"P_Quarry_1_2022_spring_serpentine_network_case3_version2","2"
"VIVI",1,0,0,0,0,0,NA,6.99999999996135,1,0,0,0,0,0,NA,11.15,"P_Quarry_1_2022_spring_serpentine_network_case3_version2","2"
"ACBR",0,0.53727354597639,0.53727354597639,0.505596226014009,2.15274079368977e-17,-8.61987581401679e-09,-1.34179506149377e-09,-2.02068976712546e-09,0,0.53727354597639,0.727217776678308,0.0172904193180186,9.26593412658729,14.2350863383039,0.473362216023435,0.5,"P_Quarry_1_2023_spring_full_network_case3_version1","1"
"AGHE",0,0.456487225185375,0.776719818237419,0.0125003394944294,29.8691517931693,25.1413106746377,0.922782525220541,0.922492324105932,0,0.456487225185375,0.776363144366747,0.0211067267634611,6.54347924057702,14.8421135379255,0.342277136294092,0.333333333333333,"P_Quarry_1_2023_spring_full_network_case3_version1","1"
"ALAM",0,0.480793690602665,0.778461195598861,0.0125003555968989,8.90657709431787,25.6400780661738,0.270413554734187,0.272507668624892,0,0.480793690602665,0.776774692376477,0.0214608269130956,1.32645994925948,14.8378329905025,0.0694414420013539,0.0714285714285714,"P_Quarry_1_2023_spring_full_network_case3_version1","1"
"ANFI",0,0.499557958985473,0.76957093126241,0.0125003438702443,26.0765421442407,23.5916261938153,0.850630162464498,0.845518072015556,0,0.499557958985473,0.769328581513372,0.0192760950456857,6.78922603748748,15.2642552127609,0.342181492918656,0.333333333333333,"P_Quarry_1_2023_spring_full_network_case3_version1","1"
"Asteraceae_sp.",0,0.470616668844883,0.730062096262735,0.0125003405545493,27.8518744962678,22.4085763414637,0.907402485983352,0.904293812291879,0,0.470616668844883,0.729284072516482,0.0254321032178308,3.12677041673747,10.9543905776032,0.20816346169038,0.2,"P_Quarry_1_2023_spring_full_network_case3_version1","1"
"CARU",0,0.454353275943712,0.701081166939878,0.0125003558516233,5.55199022030494,18.0996506475315,0.215053641547553,0.213598523112517,0,0.454353275943712,0.699689173648714,0.0168400020774398,1.34608263739359,13.3653570407911,0.0704687084188101,0.0714285714285714,"P_Quarry_1_2023_spring_full_network_case3_version1","1"
"CASU",0,0.515508785967486,0.727702265173321,0.012500355795609,6.74018458697596,20.6566142738488,0.237446830666641,0.234856058028374,0,0.515508785967486,0.725921789330089,0.0185001868543837,1.35109855506832,13.8664485081167,0.0707312964875175,0.0714285714285714,"P_Quarry_1_2023_spring_full_network_case3_version1","1"
"CRHI",0,0.456165755543004,0.740262211163099,0.0125003511883061,10.965627582217,20.0829582659661,0.404195418488689,0.407933282260351,0,0.456165755543004,0.740157655232898,0.0143369763635492,7.82727885196771,17.496134875625,0.3311257259452,0.333333333333333,"P_Quarry_1_2023_spring_full_network_case3_version1","1"
"DEUL",0,0.477853411262787,0.724964482807275,0.0125003557903121,6.49630318679536,20.3962733119976,0.23090439159805,0.232771843783945,0,0.477853411262787,0.723243079599511,0.0183380445579129,1.32573162549045,13.81528019895,0.0694033135582043,0.0714285714285714,"P_Quarry_1_2023_spring_full_network_case3_version1","1"
"DICA",0,0.482283093655614,0.768691676380784,0.0125003424393935,16.5439930929478,21.8878851413981,0.537762005836186,1.0599964182505,0,0.482283093655614,0.768628793419422,0.0150877653011085,10.9441811033337,18.1183374619953,0.428418823913263,0.833333333333333,"P_Quarry_1_2023_spring_full_network_case3_version1","1"
"ERGU",0,0.531955069900469,0.769950770245882,0.0125003488129946,10.9495089354817,21.9304276167607,0.365441902650894,0.757719711488705,0,0.531955069900469,0.769895001078592,0.0143745218036347,7.98825207050407,19.057586348687,0.258268167313459,0.533333333333333,"P_Quarry_1_2023_spring_full_network_case3_version1","1"
"ERLA",0,0.468859817189565,0.74467872055356,0.012500336523842,26.4234962421563,20.5137088368943,0.951131019096657,1.91915337700021,0,0.468859817189565,0.744692993338817,0.0125285783181066,26.3815727256922,20.4680684351159,0.724080230517782,1.5,"P_Quarry_1_2023_spring_full_network_case3_version1","1"
"ESCA",0,0.526947505016321,0.696429357048314,0.0125003515305135,10.9677109089529,21.0522668355698,0.2181959467906,0.430398481513221,0,0.526947505016321,0.69640541081244,0.00884854752688206,9.34097212893589,29.7645333831404,0.204156723831781,0.404761904761905,"P_Quarry_1_2023_spring_full_network_case3_version1","1"
"EUSP",0,0.50671680930849,0.824620792534971,0.0125003371644375,28.4854244555481,29.0211628117207,0.530911985080336,2.14716483077337,0,0.50671680930849,0.824546114384125,0.0124057287372547,16.7292525438289,29.2378043223713,0.387799416532916,1.57142857142857,"P_Quarry_1_2023_spring_full_network_case3_version1","1"
"LACA",0,0.489414047794144,0.689784611591995,0.0125003404597744,23.1873241217161,19.4457445817095,0.467844512497644,1.90456170798876,0,0.489414047794144,0.689482856907189,0.0115116511228598,6.20330918046499,21.1027637197563,0.291660581724075,1.27142857142857,"P_Quarry_1_2023_spring_full_network_case3_version1","1"
"LAMI",0,0.481901276173024,0.771046184778368,0.0125003451122299,13.6449173888719,23.2656058977542,0.331656023817934,1.26569936019435,0,0.481901276173024,0.770559333270103,0.0137631809159107,4.17947337838467,21.0967433780015,0.204765341057701,0.771428571428571,"P_Quarry_1_2023_spring_full_network_case3_version1","1"
"LUMI",0,0.51474864001607,0.704233434753074,0.0125003396840799,14.8327493342761,21.4622957580436,0.382271502960175,1.93436839280073,0,0.51474864001607,0.704169574346657,0.0100319054355881,10.0370293401885,26.7550241998275,0.261057099993561,1.3547619047619,"P_Quarry_1_2023_spring_full_network_case3_version1","1"
"LUSU",0,0.480392750087377,0.698488903767348,0.0125003427377959,20.2006755524121,20.537656052687,0.315620805193625,1.60248404774568,0,0.480392750087377,0.698410406808478,0.0100940606768176,10.6396348236009,25.4442116034015,0.373815380365846,1.9,"P_Quarry_1_2023_spring_full_network_case3_version1","1"
"MIDO",0,0.460950718545798,0.765411633756199,0.012500336324513,19.3635859290684,21.414037810503,0.580579846324875,2.93990478827591,0,0.460950718545798,0.765435729693741,0.0125801174973707,21.8877993572669,21.2790293799654,0.472382785728414,2.41666666666667,"P_Quarry_1_2023_spring_full_network_case3_version1","1"
"RHAR",0,0.498726599220525,0.77914630313537,0.0125003451885268,19.7228237115726,24.4365892231731,0.247933557019668,1.51493349529847,0,0.498726599220525,0.779040097452758,0.00827740632673302,10.4822593861993,36.9330507874463,0.344398829064131,2.1047619047619,"P_Quarry_1_2023_spring_full_network_case3_version1","1"
"SEVU",0,0.497953099360668,0.742964857034678,0.0125003385802579,21.97719570145,23.1779376254076,0.37374032323184,2.61833484036024,0,0.497953099360668,0.742863027754267,0.00724168611110446,11.4703027153929,40.0476125478556,0.352373187589745,2.47142857142857,"P_Quarry_1_2023_spring_full_network_case3_version1","1"
"Sidalcea_sp.",0,0.497740954741715,0.825102493669029,0.0125003358848466,24.6466565084826,27.3130638565907,0.564371422100818,3.86802765981867,0,0.497740954741715,0.825122167329422,0.0124738998648453,26.1125107578667,27.3724256282423,0.568396898428054,3.91666666666667,"P_Quarry_1_2023_spring_full_network_case3_version1","1"
"SOAP",0,0.532226344003447,0.706539340234317,0.0125003393025164,19.5390194363158,20.3707112243619,0.40435093012543,3.41183941698126,0,0.532226344003447,0.706369766777246,0.00919564756090744,7.58330583385515,27.7039587480162,0.468131984612915,3.98809523809524,"P_Quarry_1_2023_spring_full_network_case3_version1","1"
"TOVE",0,0.528163665941993,0.824962531699456,0.0125003394116105,24.5713945258942,28.3214562215069,0.407148219750073,3.53482161465617,0,0.528163665941993,0.824913147871709,0.00772252602198082,15.6809395531972,45.8884857460768,0.345221271285525,2.88809523809524,"P_Quarry_1_2023_spring_full_network_case3_version1","1"
"TRFU",0,0.546733487069948,0.699788530878349,0.0125003407871146,19.8809792597691,18.0440189060157,0.449176430118271,5.60107473988633,0,0.546733487069948,0.699708275801236,0.0124091035642265,11.3867200542881,18.1730381232952,0.516937131970248,6.53333333333333,"P_Quarry_1_2023_spring_full_network_case3_version1","1"
"URLI",0,0.549717184621709,0.767421953503251,0.0125003386827326,16.9186924209199,25.0348165184956,0.365269010478722,5.41617941781415,0,0.549717184621709,0.767447127876125,0.0130738069962911,18.3885822039342,23.9351397392407,0.414222955601731,6.11666666666667,"P_Quarry_1_2023_spring_full_network_case3_version1","1"
"VIVI",0,0.496721937063486,0.84006924129628,0.0125003392034731,17.9674092883741,28.5021891496322,0.288899569460457,6.03936611692424,0,0.496721937063486,0.839935596554578,0.0119450716102433,9.51849902103947,29.821757354905,0.450157468294013,9.43809523809523,"P_Quarry_1_2023_spring_full_network_case3_version1","1"
"ACBR",1,0,0,0,0,0,NA,0,1,0,0,0,0,0,NA,0,"P_Quarry_1_2023_spring_nonserpentine_network_case3_version3","3"
"AGHE",1,0,0,0,0,0,NA,0,1,0,0,0,0,0,NA,0,"P_Quarry_1_2023_spring_nonserpentine_network_case3_version3","3"
"ALAM",1,0,0,0,0,0,NA,0,1,0,0,0,0,0,NA,0,"P_Quarry_1_2023_spring_nonserpentine_network_case3_version3","3"
"ANFI",1,0,0,0,0,0,NA,0,1,0,0,0,0,0,NA,0,"P_Quarry_1_2023_spring_nonserpentine_network_case3_version3","3"
"Asteraceae_sp.",1,0,0,0,0,0,NA,0,1,0,0,0,0,0,NA,0,"P_Quarry_1_2023_spring_nonserpentine_network_case3_version3","3"
"CARU",1,0,0,0,0,0,NA,0,1,0,0,0,0,0,NA,0,"P_Quarry_1_2023_spring_nonserpentine_network_case3_version3","3"
"CASU",1,0,0,0,0,0,NA,0,1,0,0,0,0,0,NA,0,"P_Quarry_1_2023_spring_nonserpentine_network_case3_version3","3"
"CRHI",1,0,0,0,0,0,NA,0,1,0,0,0,0,0,NA,0,"P_Quarry_1_2023_spring_nonserpentine_network_case3_version3","3"
"DEUL",1,0,0,0,0,0,NA,0,1,0,0,0,0,0,NA,0,"P_Quarry_1_2023_spring_nonserpentine_network_case3_version3","3"
"DICA",1,0,0,0,0,0,NA,0,1,0,0,0,0,0,NA,0,"P_Quarry_1_2023_spring_nonserpentine_network_case3_version3","3"
"ERGU",1,0,0,0,0,0,NA,0,1,0,0,0,0,0,NA,0,"P_Quarry_1_2023_spring_nonserpentine_network_case3_version3","3"
"ERLA",1,0,0,0,0,0,NA,0,1,0,0,0,0,0,NA,0,"P_Quarry_1_2023_spring_nonserpentine_network_case3_version3","3"
"ESCA",1,0,0,0,0,0,NA,0,1,0,0,0,0,0,NA,0,"P_Quarry_1_2023_spring_nonserpentine_network_case3_version3","3"
"EUSP",1,0,0,0,0,0,NA,0,1,0,0,0,0,0,NA,0,"P_Quarry_1_2023_spring_nonserpentine_network_case3_version3","3"
"LACA",1,0,0,0,0,0,NA,0,1,0,0,0,0,0,NA,0,"P_Quarry_1_2023_spring_nonserpentine_network_case3_version3","3"
"LAMI",1,0,0,0,0,0,NA,0,1,0,0,0,0,0,NA,0,"P_Quarry_1_2023_spring_nonserpentine_network_case3_version3","3"
"LUMI",1,0,0,0,0,0,NA,0,1,0,0,0,0,0,NA,0,"P_Quarry_1_2023_spring_nonserpentine_network_case3_version3","3"
"LUSU",1,0,0,0,0,0,NA,0,1,0,0,0,0,0,NA,0,"P_Quarry_1_2023_spring_nonserpentine_network_case3_version3","3"
"MIDO",1,0,0,0,0,0,NA,0,1,0,0,0,0,0,NA,0,"P_Quarry_1_2023_spring_nonserpentine_network_case3_version3","3"
"RHAR",1,0,0,0,0,0,NA,0,1,0,0,0,0,0,NA,0,"P_Quarry_1_2023_spring_nonserpentine_network_case3_version3","3"
"SEVU",1,0.497953099360668,0,0,0,0,NA,0,0,0.497953099360668,0.497953099360668,0.549393179034532,0,0,NA,0,"P_Quarry_1_2023_spring_nonserpentine_network_case3_version3","3"
"Sidalcea_sp.",1,0,0,0,0,0,NA,0,1,0,0,0,0,0,NA,0,"P_Quarry_1_2023_spring_nonserpentine_network_case3_version3","3"
"SOAP",1,0,0,0,0,0,NA,0,1,0,0,0,0,0,NA,0,"P_Quarry_1_2023_spring_nonserpentine_network_case3_version3","3"
"TOVE",1,0,0,0,0,0,NA,0,1,0,0,0,0,0,NA,0,"P_Quarry_1_2023_spring_nonserpentine_network_case3_version3","3"
"TRFU",1,0,0,0,0,0,NA,0,1,0,0,0,0,0,NA,0,"P_Quarry_1_2023_spring_nonserpentine_network_case3_version3","3"
"URLI",1,0,0,0,0,0,NA,1,1,0,0,0,0,0,NA,1,"P_Quarry_1_2023_spring_nonserpentine_network_case3_version3","3"
"VIVI",0,0.496721937063486,0.883432361940363,0.0125005862071864,35.6845145910649,31.5248550098798,1,14,0,0.496721937063486,0.883432886084446,0.0125007878747464,35.6848825059463,31.5251987418125,1,14,"P_Quarry_1_2023_spring_nonserpentine_network_case3_version3","3"
"ACBR",0,0.53727354597639,0.53727354597639,0.505596226014009,0,0,NA,0,1,0.53727354597639,3.88641180148121e-05,0.000175923807810059,0,0,NA,0,"P_Quarry_1_2023_spring_serpentine_network_case3_version2","2"
"AGHE",1,0.456487225185375,2.67510797179591e-05,0.000133274546265122,0,0,NA,0,1,0.456487225185375,0,0,0,0,NA,0,"P_Quarry_1_2023_spring_serpentine_network_case3_version2","2"
"ALAM",0,0.480793690602665,0.863765326487323,0.0125005958116865,34.8440649861174,31.576044923143,0.953162286224775,0.949024174967823,0,0.480793690602665,0.863627267883566,0.0187845755841501,12.6841791814789,20.9776037845014,0.522195152715182,0.5,"P_Quarry_1_2023_spring_serpentine_network_case3_version2","2"
"ANFI",0,0.499557958985473,0.853672679384718,0.0125005943009279,31.5528867383595,29.0378230470452,0.927612146427719,0.933199086311567,0,0.499557958985473,0.853405866828536,0.0183635320774987,7.26113810572289,19.7292611670128,0.314086665832019,0.333333333333333,"P_Quarry_1_2023_spring_serpentine_network_case3_version2","2"
"Asteraceae_sp.",0,0.470616668844883,0.809709072480217,0.0125006217326755,11.5471891962742,27.5727405535101,0.339098097112386,0.32820093295565,0,0.470616668844883,0.808269419431178,0.0253672322126217,1.58584761088064,13.4987605376734,0.0949562831472926,0.0769230769230769,"P_Quarry_1_2023_spring_serpentine_network_case3_version2","2"
"CARU",0,0.454353275943712,0.778089150229424,0.0125006002301474,25.7299529828192,22.3016927920777,0.89769854864814,0.902571412958131,0,0.454353275943712,0.777833831804082,0.0260704713778939,6.65890829670502,10.6490778502487,0.486382410655123,0.333333333333333,"P_Quarry_1_2023_spring_serpentine_network_case3_version2","2"
"CASU",0,0.515508785967486,0.807608814052242,0.0125005962509963,28.3650961924949,25.4502101246909,0.900106583963886,0.903396249104528,0,0.515508785967486,0.806826121823026,0.0244283624058786,3.19626770962733,12.9606067417125,0.19897465696317,0.2,"P_Quarry_1_2023_spring_serpentine_network_case3_version2","2"
"CRHI",0,0.456165755543004,0.8210811255934,0.012500622075771,7.9941306718001,24.7156410544458,0.265573925259837,0.290118011868816,0,0.456165755543004,0.819282423429512,0.0224237599423664,1.40445257024517,13.6826867140202,0.0840948367372356,0.0769230769230769,"P_Quarry_1_2023_spring_serpentine_network_case3_version2","2"
"DEUL",0,0.477853411262787,0.804442439013996,0.0125006151323449,12.4440522147539,25.1214536385389,0.398485050224042,0.402778147074446,0,0.477853411262787,0.804373046110704,0.0136060001888429,9.49421522383007,23.0702324400043,0.331027909661642,0.333333333333333,"P_Quarry_1_2023_spring_serpentine_network_case3_version2","2"
"DICA",0,0.482283093655614,0.852593950016238,0.0125006219034476,10.1022204409533,26.9353505789102,0.319769070926111,0.304487359663745,0,0.482283093655614,0.851296872250586,0.0235454076453296,1.61233301347134,14.2173541998758,0.0965421577107856,0.0769230769230769,"P_Quarry_1_2023_spring_serpentine_network_case3_version2","2"
"ERGU",0,0.531955069900469,0.854193689501252,0.0125005956714805,18.9821201662884,27.0013992819857,0.570607156281754,1.17222194640115,0,0.531955069900469,0.854124951203501,0.0149322815722433,12.8492651478006,22.5857411005537,0.483400869061316,0.833333333333333,"P_Quarry_1_2023_spring_serpentine_network_case3_version2","2"
"ERLA",0,0.468859817189565,0.825958658889288,0.0125006099272677,13.2588598051243,25.2447590598218,0.400318486675209,0.813434075254112,0,0.468859817189565,0.825845007335522,0.0131455189715851,9.51928794090581,23.9954931646747,0.286588702192305,0.533333333333333,"P_Quarry_1_2023_spring_serpentine_network_case3_version2","2"
"ESCA",0,0.526947505016321,0.772662804304126,0.012500582732245,33.5471229474335,25.9206140928992,1,2.00000000013504,0,0.526947505016321,0.772662159778038,0.0125061994466829,33.5319446866916,25.9088648031768,1,1.5,"P_Quarry_1_2023_spring_serpentine_network_case3_version2","2"
"EUSP",0,0.50671680930849,0.914611616730039,0.0125006158256555,14.7844501791626,35.7105442906877,0.245354227364648,0.484555436172464,0,0.50671680930849,0.914533562246596,0.0107580076855065,11.2664472324253,41.5032061059812,0.215259617690931,0.41025641025641,"P_Quarry_1_2023_spring_serpentine_network_case3_version2","2"
"LACA",0,0.489414047794144,0.765152297178726,0.0125005858748827,24.3075815689927,23.9344882943586,0.519209515676775,2.13186936842053,0,0.489414047794144,0.765084958280118,0.0124157285107807,16.0166595980941,24.0942700063722,0.462341661887435,1.66025641025641,"P_Quarry_1_2023_spring_serpentine_network_case3_version2","2"
"LAMI",0,0.481901276173024,0.855432379265059,0.0125005943122651,31.8777597577701,28.6460577528909,0.515924783495674,2.05741214857139,0,0.481901276173024,0.855365392649322,0.0124410127209819,18.316085733349,28.7791155353883,0.593544598399717,2.27692307692308,"P_Quarry_1_2023_spring_serpentine_network_case3_version2","2"
"LUMI",0,0.51474864001607,0.781244388841463,0.0125005998442431,18.0303572989184,26.4206094503936,0.387073052155902,1.51863121241911,0,0.51474864001607,0.78060499572062,0.0206473688401289,3.34210134797071,15.9401013813598,0.2809536637526,0.776923076923077,"P_Quarry_1_2023_spring_serpentine_network_case3_version2","2"
"LUSU",0,0.480392750087377,0.774796299395733,0.0125005892777099,17.0097058842569,25.2779607093695,0.405335621052741,1.9995088728374,0,0.480392750087377,0.774764453123849,0.0102163430936928,13.3978395607068,30.9442962490422,0.390562163287211,1.49358974358974,"P_Quarry_1_2023_spring_serpentine_network_case3_version2","2"
"MIDO",0,0.460950718545798,0.849073397512687,0.012500595903578,21.2711419754929,26.360771120558,0.334825591200453,1.65583281127548,0,0.460950718545798,0.849020719616415,0.0115448359980361,14.2267448369719,28.5472066267491,0.46489555951855,1.95,"P_Quarry_1_2023_spring_serpentine_network_case3_version2","2"
"RHAR",0,0.498726599220525,0.864333184798455,0.0125005751439211,27.2092691204219,30.0810475727915,0.693302558385096,3.3935121051467,0,0.498726599220525,0.864346738243544,0.0125334385316618,31.2128838236865,30.0028601422362,0.618154020481878,2.5,"P_Quarry_1_2023_spring_serpentine_network_case3_version2","2"
"SEVU",1,0,0,0,0,0,NA,0.999999999897385,1,0,0,0,0,0,NA,2.11025641025641,"P_Quarry_1_2023_spring_serpentine_network_case3_version2","2"
"Sidalcea_sp.",0,0.497740954741715,0.91527119937351,0.0125005856582062,27.8485999752383,33.6190433697496,0.408644933671786,2.79923990822736,0,0.497740954741715,0.915160821630831,0.00817043586135645,13.4844897960574,51.476294394201,0.439568295242069,2.52692307692308,"P_Quarry_1_2023_spring_serpentine_network_case3_version2","2"
"SOAP",0,0.532226344003447,0.783767794015336,0.0125005736457603,24.6425289080051,25.0756012347349,0.567225670678689,4.08052817148769,0,0.532226344003447,0.783779973743311,0.0125251874498551,28.0034265314083,25.0269237519701,0.692746104854315,4.5,"P_Quarry_1_2023_spring_serpentine_network_case3_version2","2"
"TOVE",0,0.528163665941993,0.915128212665178,0.0125005787623756,29.5250863896757,34.8598997859837,0.514549545664688,3.97602077303851,0,0.528163665941993,0.914991823662096,0.011108574222036,12.5971309993535,39.2277410902643,0.575104463698618,4.07692307692308,"P_Quarry_1_2023_spring_serpentine_network_case3_version2","2"
"TRFU",0,0.546733487069948,0.776223194063431,0.0125005874748538,15.3850803256057,22.2095936880516,0.279617988049809,2.63716239389609,0,0.546733487069948,0.776234712852452,0.00621291170481108,16.0056939758803,44.7708548593312,0.379050230365234,2.89358974358974,"P_Quarry_1_2023_spring_serpentine_network_case3_version2","2"
"URLI",0,0.549717184621709,0.851368232276812,0.0125005432860426,34.261893257005,30.8194739927702,0.687144483653826,8.26629540739088,0,0.549717184621709,0.85133253173851,0.0124665679340034,23.2441646306142,30.9010720601012,0.770611212711708,6.95,"P_Quarry_1_2023_spring_serpentine_network_case3_version2","2"
"VIVI",1,0,0,0,0,0,NA,5.99999999451864,1,0,0,0,0,0,NA,12.0769230769231,"P_Quarry_1_2023_spring_serpentine_network_case3_version2","2"
"DICA",0,0.493450280206022,0.493450280206022,0.497695169200979,9.40859134207941e-20,8.29437834403116e-10,5.48911509640424e-11,1.62553170676224e-10,0,0.493450280206022,0.789410514904287,0.0173947385313009,4.39846906979869,19.6141769408584,0.177015605799967,0.333333333333333,"P_Quarry_1_2024_spring_full_network_case3_version1","1"
"ERGU",0,0.518859422611473,0.770181400934029,0.0125003655558165,22.3452553244121,24.590641443813,0.67475073171172,1.94427423929786,0,0.518859422611473,0.770090136392645,0.0130090946900322,11.8295980377747,23.6204195997334,0.41277721938694,1.16666666666667,"P_Quarry_1_2024_spring_full_network_case3_version1","1"
"ESCA",0,0.470315831024347,0.824588740735368,0.0125003640251519,27.45390788517,26.5800273389922,0.766224353404183,3.04179391279504,0,0.470315831024347,0.824423451280187,0.0135229670008521,10.8213300153514,24.5535302601815,0.417211099723696,1.66666666666667,"P_Quarry_1_2024_spring_full_network_case3_version1","1"
"LACA",0,0.498172026196575,0.740748380436254,0.012500365445936,21.5861486846357,23.3999274372711,0.521383901635592,2.76382715827668,0,0.498172026196575,0.740544960773421,0.0112452230364768,8.01607641081904,26.0064463320989,0.322649125590972,1.83333333333333,"P_Quarry_1_2024_spring_full_network_case3_version1","1"
"LUSU",0,0.477244285832739,0.804752410702389,0.0125003639589619,24.9000703288037,27.4819431418593,0.591164595655741,3.5215009946034,0,0.477244285832739,0.804615645423866,0.0115280729262016,10.3078078838088,29.7962204052844,0.363028584154669,2.16666666666667,"P_Quarry_1_2024_spring_full_network_case3_version1","1"
"TRFU",0,0.544711990838271,0.73412365370252,0.0125003512330966,30.1292277088623,22.7479809250752,0.842803994579573,5.9157715819879,0,0.544711990838271,0.734094992372373,0.0123146022111652,20.641028749299,23.090407547771,0.803449237219079,5.66666666666667,"P_Quarry_1_2024_spring_full_network_case3_version1","1"
"TRHI",0,0.474430018814481,0.832661237725603,0.0125003618246889,26.3499721074499,26.9508540537902,0.497817845735827,6.44150951617319,0,0.474430018814481,0.832580954852799,0.011445081400552,15.0442465941463,29.4378467246469,0.659981562547324,8.5,"P_Quarry_1_2024_spring_full_network_case3_version1","1"
"VIVI",0,0.54532621498002,0.764189051719088,0.0125003359793772,25.7956196723034,20.9864965323664,0.651878071179113,12.3713225967103,0,0.54532621498002,0.76401446467062,0.0110709937948223,9.03743386254742,23.6956353224209,0.775972138148043,14.6666666666667,"P_Quarry_1_2024_spring_full_network_case3_version1","1"
"DICA",1,0,0,0,0,0,NA,0,1,0,0,0,0,0,NA,0,"P_Quarry_1_2024_spring_nonserpentine_network_case3_version3","3"
"ERGU",1,0,0,0,0,0,NA,0,1,0,0,0,0,0,NA,0,"P_Quarry_1_2024_spring_nonserpentine_network_case3_version3","3"
"ESCA",1,0,0,0,0,0,NA,0,1,0,0,0,0,0,NA,0,"P_Quarry_1_2024_spring_nonserpentine_network_case3_version3","3"
"LACA",1,0,0,0,0,0,NA,0,1,0,0,0,0,0,NA,0,"P_Quarry_1_2024_spring_nonserpentine_network_case3_version3","3"
"LUSU",1,0,0,0,0,0,NA,0,1,0,0,0,0,0,NA,0,"P_Quarry_1_2024_spring_nonserpentine_network_case3_version3","3"
"TRFU",1,0,0,0,0,0,NA,0,1,0,0,0,0,0,NA,0,"P_Quarry_1_2024_spring_nonserpentine_network_case3_version3","3"
"TRHI",1,0,0,0,0,0,NA,0,1,0,0,0,0,0,NA,0,"P_Quarry_1_2024_spring_nonserpentine_network_case3_version3","3"
"VIVI",0,0.54532621498002,0.76419426461204,0.0124998180269225,27.4623784406875,20.9865920969787,1,13,0,0.54532621498002,0.76419426461204,0.0124998180269227,27.4623784406875,20.9865920969787,1,13,"P_Quarry_1_2024_spring_nonserpentine_network_case3_version3","3"
"DICA",0,0.493450280206022,0.493450280206022,0.497695169200979,0,0,NA,0,1,0.493450280206022,1.43774921731939e-05,8.80483684622184e-05,0,0,NA,0,"P_Quarry_1_2024_spring_serpentine_network_case3_version2","2"
"ERGU",0,0.518859422611473,0.80674370707379,0.0125012477841639,25.7428060124137,26.9842169259683,0.763694537787852,1.50869914678303,0,0.518859422611473,0.80617226221484,0.0260583054879959,3.87105857655303,12.8851155461909,0.240210577893273,0.366666666666667,"P_Quarry_1_2024_spring_serpentine_network_case3_version2","2"
"ESCA",0,0.470315831024347,0.86371555924119,0.0125012419784174,23.9547247350966,29.1662559697227,0.584203161167581,1.7329170091394,0,0.470315831024347,0.863633685747327,0.0129420148250507,14.4958403616986,28.1628846754623,0.413562971068112,1.16666666666667,"P_Quarry_1_2024_spring_serpentine_network_case3_version2","2"
"LACA",0,0.498172026196575,0.775955708069491,0.0125010910026727,32.1745717356763,25.6807218318058,0.758718933918747,3.04322183513995,0,0.498172026196575,0.77593929571466,0.0124760557140987,26.5418764592575,25.7303011074455,0.804430178253891,3.2,"P_Quarry_1_2024_spring_serpentine_network_case3_version2","2"
"LUSU",0,0.477244285832739,0.842960617623876,0.0125012622037664,28.2578292327976,30.1567999348393,0.489960137299076,2.45096077802996,0,0.477244285832739,0.842908460188983,0.0120976300355078,17.9515926686162,31.1601396630394,0.594674513513058,2.36666666666667,"P_Quarry_1_2024_spring_serpentine_network_case3_version2","2"
"TRFU",0,0.544711990838271,0.768962833635749,0.0125011682461092,28.0520375046645,24.9614155626468,0.53751012867886,3.2539918479582,0,0.544711990838271,0.768888936601904,0.0120821151203823,14.8596616487453,25.8237603897031,0.646959202993979,2.86666666666667,"P_Quarry_1_2024_spring_serpentine_network_case3_version2","2"
"TRHI",0,0.474430018814481,0.872204240277756,0.0125007490751315,33.6833766303545,29.5751362758953,0.858609178096861,6.0102096630251,0,0.474430018814481,0.872185842631976,0.0124648408665625,28.032450599264,29.6588726055257,0.886577347494913,5.66666666666667,"P_Quarry_1_2024_spring_serpentine_network_case3_version2","2"
"VIVI",1,0,0,0,0,0,NA,12.9999997198637,1,0,0,0,0,0,NA,15.3666666666667,"P_Quarry_1_2024_spring_serpentine_network_case3_version2","2"
"AGHE",0,0.453966327805056,0.453966327805056,0.458660576636279,3.20898474750259e-17,-7.30302947995079e-09,-1.99474892687411e-09,-3.76328716719032e-09,0,0.453966327805056,0.877629900507151,0.0216434862045126,6.48327175524633,16.4096557507663,0.346741773985841,0.333333333333333,"P_Quarry_2_2023_spring_full_network_case3_version1","1"
"ANFI",0,0.512071419582735,0.828105779046286,0.0125005073529006,29.7255996415106,26.0380970325416,0.945381715798466,0.946513305234257,0,0.512071419582735,0.827221932953959,0.023475501122566,3.25760189853926,13.7950009585701,0.195343207832836,0.2,"P_Quarry_2_2023_spring_full_network_case3_version1","1"
"CHGL",0,0.484348927035159,0.847736064480566,0.0125004958521272,23.580598470595,26.5131402994891,0.679484197386011,1.30799550164529,0,0.484348927035159,0.84747396482518,0.0172625445180175,7.31311531128188,19.1645379669199,0.279181293957228,0.5,"P_Quarry_2_2023_spring_full_network_case3_version1","1"
"CRHI",0,0.452416679916166,0.748722247608574,0.0125004981754959,21.2574233245005,21.0154595912624,0.62634110012238,1.27706853174951,0,0.452416679916166,0.748628793828756,0.0131076299979269,11.3330280833676,20.0334340019477,0.329943471464394,0.666666666666667,"P_Quarry_2_2023_spring_full_network_case3_version1","1"
"DICA",0,0.467139351003403,0.833170232378286,0.0125004941211005,32.4423551103488,29.0739868859326,0.902834953110234,1.79903089366708,0,0.467139351003403,0.833175616122053,0.0125284401052582,33.6726903967357,29.0091622140365,0.671006481186567,1.33333333333333,"P_Quarry_2_2023_spring_full_network_case3_version1","1"
"ERGU",0,0.511072314186521,0.76243428320763,0.0125004970009542,26.0170337907546,21.179543557048,0.662743601433831,1.98625709806708,0,0.511072314186521,0.76236077916785,0.0122677384541498,14.8302450732897,21.5785501721508,0.568689224925219,1.7,"P_Quarry_2_2023_spring_full_network_case3_version1","1"
"ESCA",0,0.492384532858797,0.810472783667729,0.0125004961228777,29.3624619859151,25.9797445546806,0.695499663097303,2.08503163627491,0,0.492384532858797,0.810466876228288,0.0125458140161043,26.9160633245272,25.8850959564617,0.564834304573336,1.66666666666667,"P_Quarry_2_2023_spring_full_network_case3_version1","1"
"GITR",0,0.506843757795563,0.752718590356104,0.0125004896336689,25.9497721076623,24.6816481434837,0.576175311132131,2.91156826916229,0,0.506843757795563,0.752539030158776,0.0143311758924306,9.10279087849874,21.508075675824,0.392286572445134,2,"P_Quarry_2_2023_spring_full_network_case3_version1","1"
"LACA",0,0.523037270024902,0.761760476258083,0.012500491893058,23.5568232347495,21.9080552061837,0.577727202129438,2.89705460352188,0,0.523037270024902,0.761718563681007,0.0121120664778097,17.669131162385,22.6102769213049,0.664787785694,3.33333333333333,"P_Quarry_2_2023_spring_full_network_case3_version1","1"
"LUAL",0,0.487397308525349,0.78357827456635,0.0125004666826382,28.4481045680819,22.9964841100706,0.801546560438947,4.78735444306457,0,0.487397308525349,0.783452418120151,0.00991123825662062,11.7608488186876,29.0147070234084,0.760592164509371,4.53333333333333,"P_Quarry_2_2023_spring_full_network_case3_version1","1"
"Sidalcea_sp.",0,0.486564385535458,0.77503344253137,0.0125004869568291,27.4215263210819,24.834414697896,0.508653348487368,4.56838709785785,0,0.486564385535458,0.774932947590061,0.0114880860061298,12.5517663275891,27.0224884159188,0.635203192963722,5.7,"P_Quarry_2_2023_spring_full_network_case3_version1","1"
"VIVI",0,0.487627694447351,0.786264712266074,0.0125004700719703,25.4794447419969,22.5730250010955,0.493726395069186,7.43373862352892,0,0.487627694447351,0.786201797386049,0.00605049450622971,15.7815969690215,46.7183646780345,0.662088561469593,10.0333333333333,"P_Quarry_2_2023_spring_full_network_case3_version1","1"
"AGHE",1,0,0,0,0,0,NA,0,1,0,0,0,0,0,NA,0,"P_Quarry_2_2023_spring_nonserpentine_network_case3_version3","3"
"ANFI",1,0,0,0,0,0,NA,0,1,0,0,0,0,0,NA,0,"P_Quarry_2_2023_spring_nonserpentine_network_case3_version3","3"
"CHGL",1,0,0,0,0,0,NA,0,1,0,0,0,0,0,NA,0,"P_Quarry_2_2023_spring_nonserpentine_network_case3_version3","3"
"CRHI",1,0,0,0,0,0,NA,0,1,0,0,0,0,0,NA,0,"P_Quarry_2_2023_spring_nonserpentine_network_case3_version3","3"
"DICA",1,0,0,0,0,0,NA,0,1,0,0,0,0,0,NA,0,"P_Quarry_2_2023_spring_nonserpentine_network_case3_version3","3"
"ERGU",1,0,0,0,0,0,NA,0,1,0,0,0,0,0,NA,0,"P_Quarry_2_2023_spring_nonserpentine_network_case3_version3","3"
"ESCA",1,0,0,0,0,0,NA,0,1,0,0,0,0,0,NA,0,"P_Quarry_2_2023_spring_nonserpentine_network_case3_version3","3"
"GITR",1,0,0,0,0,0,NA,0,1,0,0,0,0,0,NA,0,"P_Quarry_2_2023_spring_nonserpentine_network_case3_version3","3"
"LACA",1,0,0,0,0,0,NA,0,1,0,0,0,0,0,NA,0,"P_Quarry_2_2023_spring_nonserpentine_network_case3_version3","3"
"LUAL",1,0,0,0,0,0,NA,0,1,0,0,0,0,0,NA,0,"P_Quarry_2_2023_spring_nonserpentine_network_case3_version3","3"
"Sidalcea_sp.",1,0,0,0,0,0,NA,0,1,0,0,0,0,0,NA,0,"P_Quarry_2_2023_spring_nonserpentine_network_case3_version3","3"
"VIVI",0,0.487627694447351,0.786276880902894,0.0125006460832737,28.7092889117644,22.5734501384822,1,2,0,0.487627694447351,0.786276881700916,0.012500545526685,28.7092898982801,22.5734509370673,1,2,"P_Quarry_2_2023_spring_nonserpentine_network_case3_version3","3"
"AGHE",0,0.453966327805056,0.453966327805056,0.458660576636279,0,0,NA,0,1,0.453966327805056,2.18284520525456e-05,0.000115556928542148,0,0,NA,0,"P_Quarry_2_2023_spring_serpentine_network_case3_version2","2"
"ANFI",0,0.512071419582735,0.86725289359828,0.0124998597866721,32.3095458950043,28.561963104987,0.981044162310974,0.982814010136327,0,0.512071419582735,0.866942351552716,0.0263619029142066,7.38975578451013,13.4873706793873,0.474999346389622,0.333333333333333,"P_Quarry_2_2023_spring_serpentine_network_case3_version2","2"
"CHGL",0,0.484348927035159,0.887832263417143,0.0124998724663914,31.2499428646169,29.0842084722306,0.953944046015199,0.948497684227958,0,0.484348927035159,0.887256264790504,0.0282120934946483,3.88354885163638,12.8223882907476,0.268725526797586,0.2,"P_Quarry_2_2023_spring_serpentine_network_case3_version2","2"
"CRHI",0,0.452416679916166,0.784097007813511,0.0125000055321323,20.7790900962774,23.0516219041014,0.614914580467032,1.2371413423414,0,0.452416679916166,0.78385332190947,0.0222096221097458,6.66007230072216,12.9323161467491,0.351170623729316,0.5,"P_Quarry_2_2023_spring_serpentine_network_case3_version2","2"
"DICA",0,0.467139351003403,0.872531997931836,0.0125000019193333,29.6057606518421,31.8897366541116,0.684976519949461,1.3560404962759,0,0.467139351003403,0.872447199371791,0.0136989348005085,15.39493245214,29.0867857072386,0.359220455153844,0.666666666666667,"P_Quarry_2_2023_spring_serpentine_network_case3_version2","2"
"ERGU",0,0.511072314186521,0.798466767835532,0.0125000624766074,27.886522987939,23.2322685801478,0.677241162032456,2.03616961676551,0,0.511072314186521,0.798416421735727,0.0123731019736897,18.3319846751752,23.4694597746415,0.744828095530382,1.7,"P_Quarry_2_2023_spring_serpentine_network_case3_version2","2"
"ESCA",0,0.492384532858797,0.848774412105949,0.0125000367891589,31.3231225810047,28.4968376141668,0.704826690474754,2.11107527504761,0,0.492384532858797,0.848768403552403,0.012521445484437,29.1835663657839,28.4487766235409,0.735759549209061,1.66666666666667,"P_Quarry_2_2023_spring_serpentine_network_case3_version2","2"
"GITR",0,0.506843757795563,0.788294211716087,0.0125000973052417,28.2050540758148,27.0735249770738,0.611320634466243,3.07105802322059,0,0.506843757795563,0.788176116518156,0.0149393112848925,12.4835655589075,22.6333749145701,0.634003590995512,2,"P_Quarry_2_2023_spring_serpentine_network_case3_version2","2"
"LACA",0,0.523037270024902,0.797755153065715,0.0125002212229009,24.8567037376893,24.0306218945561,0.674696623449769,3.38370319750812,0,0.523037270024902,0.797722786714625,0.0115196102786681,17.7075493640531,26.081098264108,0.695924816413039,3.5,"P_Quarry_2_2023_spring_serpentine_network_case3_version2","2"
"LUAL",0,0.487397308525349,0.820604713874774,0.0125002422570769,29.8661237870311,25.2246528328512,0.671267711967326,4.02618160637434,0,0.487397308525349,0.820529288121682,0.0112800476718292,15.9463106696565,27.9575015467877,0.797013728142096,4.53333333333333,"P_Quarry_2_2023_spring_serpentine_network_case3_version2","2"
"Sidalcea_sp.",0,0.486564385535458,0.811658327461603,0.0125002636023656,28.0328947904733,27.2404956313789,0.540148163548355,4.84731874351539,0,0.486564385535458,0.811592351567366,0.0110965108694067,15.8564474766913,30.6922622507494,0.662445069881423,5.86666666666667,"P_Quarry_2_2023_spring_serpentine_network_case3_version2","2"
"VIVI",1,0,0,0,0,0,NA,7.00000000458233,1,0,0,0,0,0,NA,10.0333333333333,"P_Quarry_2_2023_spring_serpentine_network_case3_version2","2"
"ACMO",0,0.508567459256652,0.508567459256652,0.517019666809132,2.72837343964738e-16,-1.58336926635433e-08,-4.67879379055317e-09,-1.33785132601263e-08,0,0.508567459256652,0.813207840914309,0.0125793299855413,10.9338676426031,25.0429453806494,0.3946092662454,0.75,"P_Quarry_2_2024_spring_full_network_case3_version1","1"
"CADE",0,0.493287726558413,0.861118652088987,0.0125005136880876,31.1842420479239,30.7735433295948,0.873560795175977,1.73961551361727,0,0.493287726558413,0.860834682087308,0.0146235972018398,7.55479090820165,26.2746568214812,0.249293194363264,0.5,"P_Quarry_2_2024_spring_full_network_case3_version1","1"
"DICA",0,0.486820267251143,0.847975319533503,0.0125005042578237,32.0320085005426,28.8473393547532,0.89861478868943,2.7060546939161,0,0.486820267251143,0.84798238153503,0.0125208251447662,33.2258542234201,28.8008592892031,0.776055265878744,2.33333333333333,"P_Quarry_2_2024_spring_full_network_case3_version1","1"
"LACA",0,0.488231689966392,0.803846910449702,0.0125005173381308,31.2808892289609,28.0285600184721,0.714998463209372,2.15623708234148,0,0.488231689966392,0.803834766856038,0.0124540154263432,25.9634484382368,28.1326766624049,0.573194672972869,1.75,"P_Quarry_2_2024_spring_full_network_case3_version1","1"
"LUSU",0,0.510013265144086,0.859882359838599,0.0125004927278668,27.0542190893326,27.9168506533238,0.612161452817331,4.86962098963703,0,0.510013265144086,0.859756899411512,0.0111474383351572,11.6720621277096,31.3074511412014,0.465234769353252,3.66666666666667,"P_Quarry_2_2024_spring_full_network_case3_version1","1"
"TRFU",0,0.492947276655094,0.763790136663971,0.012500472868363,28.1841997733813,22.8482629547606,0.752821692356248,9.80656761263153,0,0.492947276655094,0.763725000614899,0.0122699153656232,15.5570595430827,23.275132222944,0.757607893609854,9.91666666666667,"P_Quarry_2_2024_spring_full_network_case3_version1","1"
"VIVI",0,0.464878742170929,0.822931737645886,0.0125004726395546,30.7658571879802,27.5336488763423,0.669898160007335,12.7219041212592,0,0.464878742170929,0.822847029594928,0.0122104302038546,16.755174784241,28.1837948192647,0.794403394235459,15.0833333333333,"P_Quarry_2_2024_spring_full_network_case3_version1","1"
"ACMO",1,0,0,0,0,0,NA,0,1,0,0,0,0,0,NA,0,"P_Quarry_2_2024_spring_nonserpentine_network_case3_version3","3"
"CADE",1,0,0,0,0,0,NA,0,1,0,0,0,0,0,NA,0,"P_Quarry_2_2024_spring_nonserpentine_network_case3_version3","3"
"DICA",1,0,0,0,0,0,NA,0,1,0,0,0,0,0,NA,0,"P_Quarry_2_2024_spring_nonserpentine_network_case3_version3","3"
"LACA",1,0,0,0,0,0,NA,0,1,0,0,0,0,0,NA,0,"P_Quarry_2_2024_spring_nonserpentine_network_case3_version3","3"
"LUSU",1,0,0,0,0,0,NA,0,1,0,0,0,0,0,NA,0,"P_Quarry_2_2024_spring_nonserpentine_network_case3_version3","3"
"TRFU",1,0,0,0,0,0,NA,0,1,0,0,0,0,0,NA,0,"P_Quarry_2_2024_spring_nonserpentine_network_case3_version3","3"
"VIVI",0,0.464878742170929,0.822936068870065,0.0125004155645416,33.4583314273948,27.534067735812,1,19,0,0.464878742170929,0.822936068874619,0.0125004149412893,33.4583331002156,27.534069112589,1,19,"P_Quarry_2_2024_spring_nonserpentine_network_case3_version3","3"
"ACMO",0,0.508567459256652,0.508567459256652,0.517019666809132,0,0,NA,0,1,0.508567459256652,4.28418295253523e-05,0.000197070777284798,0,0,NA,0,"P_Quarry_2_2024_spring_serpentine_network_case3_version2","2"
"CADE",0,0.493287726558413,0.907703769132222,0.0125015654306572,30.3450858478447,34.1983326234977,0.729462109053188,1.45138055890866,0,0.493287726558413,0.907547418194436,0.0138375888044884,11.6691945887771,30.8739382882969,0.670727321355783,0.833333333333333,"P_Quarry_2_2024_spring_serpentine_network_case3_version2","2"
"DICA",0,0.486820267251143,0.893820369018523,0.0125014853975694,25.1791353996485,32.0557983396702,0.685745627102101,1.38503733153607,0,0.486820267251143,0.89368194692961,0.0131266577215414,11.3118622697515,30.5129189864592,0.32971837608728,0.583333333333333,"P_Quarry_2_2024_spring_serpentine_network_case3_version2","2"
"LACA",0,0.488231689966392,0.847357379684281,0.0125009463945087,35.5232147559553,31.1495469641466,0.945361641049604,2.83969082420627,0,0.488231689966392,0.847359627573112,0.0125050327147435,36.7370604633988,31.1385300851567,0.831132910128038,2.33333333333333,"P_Quarry_2_2024_spring_serpentine_network_case3_version2","2"
"LUSU",0,0.510013265144086,0.906414113886426,0.0125012553072057,31.6206818099303,31.0250783479109,0.71212099611832,2.12961029150203,0,0.510013265144086,0.906420229440572,0.0125288752319369,34.0175899467517,30.9552033500712,0.782618233520969,2.25,"P_Quarry_2_2024_spring_serpentine_network_case3_version2","2"
"TRFU",0,0.492947276655094,0.80511608718832,0.0125006613082711,29.4685308165592,25.392125048376,0.649642077023206,5.1942809956265,0,0.492947276655094,0.805004612957049,0.0107522115971714,13.697322141877,29.5268709021321,0.769731896770856,5.41666666666667,"P_Quarry_2_2024_spring_serpentine_network_case3_version2","2"
"VIVI",1,0,0,0,0,0,NA,8.99999999821835,1,0,0,0,0,0,NA,10.5833333333333,"P_Quarry_2_2024_spring_serpentine_network_case3_version2","2"
"CADE",0,0.505286214247014,0.505286214247014,0.475152759777919,5.07056115095689e-17,1.12817065868199e-08,2.27100805038505e-09,3.28640822447534e-09,0,0.505286214247014,0.865153445204399,0.0151954290563016,10.5520177691526,24.6579699121262,0.370229769902951,0.333333333333333,"P_Quarry_3_2024_spring_full_network_case3_version1","1"
"CARU",0,0.5454028495566,0.862442914621728,0.0125005524419014,36.1810665391909,31.6243609038538,0.986710990778626,0.987305291713144,0,0.5454028495566,0.862343002449045,0.01398434013725,16.0022761459261,28.255084306907,0.488388238654922,0.5,"P_Quarry_3_2024_spring_full_network_case3_version1","1"
"DICA",0,0.485692497778541,0.845833734079254,0.0125005347016503,25.3262459628777,25.7550765786623,0.78624023286336,3.16112823182057,0,0.485692497778541,0.845839457360979,0.0126110773007655,27.8665034222276,25.5292946971651,0.53670433153158,2.16666666666667,"P_Quarry_3_2024_spring_full_network_case3_version1","1"
"LUSU",0,0.533810163933695,0.754565077476456,0.0125005331440548,23.5154112890908,21.6706052515842,0.752597784331716,3.82503056474849,0,0.533810163933695,0.754460188089157,0.0110389123490235,11.9977802914116,24.5430756865897,0.651482379663675,3.33333333333333,"P_Quarry_3_2024_spring_full_network_case3_version1","1"
"TRFU",0,0.547425233618089,0.821686394594663,0.0125005315928501,23.2528408996679,27.7012975718893,0.566396104903439,5.05731560368976,0,0.547425233618089,0.821606845027922,0.0116919015886315,14.5082605299464,29.6168183137661,0.556861635489708,5,"P_Quarry_3_2024_spring_full_network_case3_version1","1"
"VIVI",0,0.47590141921579,0.915536294909919,0.0125005311696971,27.0868330716867,33.7484275273396,0.50064785080895,5.96922030479819,0,0.47590141921579,0.915522869798089,0.0112351870910148,21.775474549739,37.5581998954642,0.643783170632505,7.66666666666667,"P_Quarry_3_2024_spring_full_network_case3_version1","1"
"CADE",1,0,0,0,0,0,NA,0,1,0,0,0,0,0,NA,0,"P_Quarry_3_2024_spring_nonserpentine_network_case3_version3","3"
"CARU",1,0,0,0,0,0,NA,0,1,0,0,0,0,0,NA,0,"P_Quarry_3_2024_spring_nonserpentine_network_case3_version3","3"
"DICA",1,0,0,0,0,0,NA,0,1,0,0,0,0,0,NA,0,"P_Quarry_3_2024_spring_nonserpentine_network_case3_version3","3"
"LUSU",1,0,0,0,0,0,NA,0,1,0,0,0,0,0,NA,0,"P_Quarry_3_2024_spring_nonserpentine_network_case3_version3","3"
"TRFU",1,0,0,0,0,0,NA,0,1,0,0,0,0,0,NA,0,"P_Quarry_3_2024_spring_nonserpentine_network_case3_version3","3"
"VIVI",0,0.47590141921579,0.915563474319432,0.0125004234801503,36.8632864683476,33.7506786337929,1,12,0,0.47590141921579,0.915563474319432,0.0125004234801503,36.8632864683476,33.7506786337929,1,12,"P_Quarry_3_2024_spring_nonserpentine_network_case3_version3","3"
"CADE",0,0.505286214247014,0.505286214247014,0.475152759777919,0,0,NA,0,1,0.505286214247014,3.34243457271123e-05,0.00017280733938636,0,0,NA,0,"P_Quarry_3_2024_spring_serpentine_network_case3_version2","2"
"CARU",0,0.5454028495566,0.911536956259223,0.0125010618619966,38.0951489301807,35.3324337389429,0.982811893475235,0.98343102583772,0,0.5454028495566,0.911295179035587,0.0251103462771398,9.4401493806001,17.5347150904562,0.490613196481247,0.333333333333333,"P_Quarry_3_2024_spring_serpentine_network_case3_version2","2"
"DICA",0,0.485692497778541,0.894007977560547,0.0125009903297629,32.1893083231583,28.7774984330596,1,1,0,0.485692497778541,0.894007980073025,0.0125005797378681,32.1893174852778,28.7775067049425,1,1,"P_Quarry_3_2024_spring_serpentine_network_case3_version2","2"
"LUSU",0,0.533810163933695,0.797546440622942,0.0125006585403593,30.3609542890004,24.2142710271081,1,3.99999998327363,0,0.533810163933695,0.79754496047615,0.0125083575564035,30.3418935291321,24.1990242754632,1,3,"P_Quarry_3_2024_spring_serpentine_network_case3_version2","2"
"TRFU",0,0.547425233618089,0.868511389231563,0.0125006865346218,34.9974990824256,30.9531649553306,0.803437621304953,4.01656896164648,0,0.547425233618089,0.868486026791396,0.0124441848841526,26.3599536177121,31.0918892117269,0.901877360703751,3.83333333333333,"P_Quarry_3_2024_spring_serpentine_network_case3_version2","2"
"VIVI",1,0,0,0,0,0,NA,5.00000002925033,1,0,0,0,0,0,NA,6.83333333333333,"P_Quarry_3_2024_spring_serpentine_network_case3_version2","2"
"AGHE",0,0.507280652205125,0.507280652205125,0.501877327334079,1.11421417881008e-17,1.23784286732421e-08,4.56616352723983e-10,7.25692648292826e-10,0,0.507280652205125,0.789171209169421,0.0149743450344118,5.88531625262878,18.9261830090445,0.245401946140538,0.25,"P_Quarry_4_2024_spring_full_network_case3_version1","1"
"DICA",0,0.465921611532532,0.770584127890536,0.0125004487951131,28.399970418779,21.8845664372718,1,1,0,0.465921611532532,0.770603500804819,0.0125006192809226,28.3996884152425,21.8848993145519,1,1,"P_Quarry_4_2024_spring_full_network_case3_version1","1"
"ERCI",0,0.544525027272536,0.714289114013599,0.0125004385989947,24.6624493163329,20.4442237978046,0.861667297609042,0.85120094771442,0,0.544525027272536,0.713995174753568,0.0149021679706516,6.08382749222667,17.1232847675512,0.253679333869079,0.25,"P_Quarry_4_2024_spring_full_network_case3_version1","1"
"ESCA",0,0.532133369511987,0.786047335979871,0.0125004299126368,28.4973816266092,22.9594497218712,0.975645809518656,0.975984059014287,0,0.532133369511987,0.78573871635598,0.0169635042971087,7.08144366532789,16.8836301937611,0.329559720965579,0.333333333333333,"P_Quarry_4_2024_spring_full_network_case3_version1","1"
"MEPO",0,0.465541387961964,0.753995756744207,0.0125004504030989,30.1619670072408,22.7419951385183,1,1,0,0.465541387961964,0.754014712541706,0.0125006195799171,30.1616660827734,22.7423399811813,1,1,"P_Quarry_4_2024_spring_full_network_case3_version1","1"
"TRFU",0,0.454107476726224,0.660438739395991,0.0125004324673553,19.0424346627071,16.0048323628951,0.54088799412727,1.09820917932779,0,0.454107476726224,0.660256075202216,0.0115031624486646,6.66356809456535,17.3879538111856,0.350686993552237,0.75,"P_Quarry_4_2024_spring_full_network_case3_version1","1"
"TRHI",0,0.48436133765353,0.75961849321663,0.0125004263482675,32.3660088330597,24.585818861205,1,2,0,0.48436133765353,0.759637590238506,0.0125006035433233,32.3657128634822,24.586212125967,1,2,"P_Quarry_4_2024_spring_full_network_case3_version1","1"
"URLI",0,0.461001942870674,0.762177330552502,0.0125003921760287,25.804182704669,22.5532729602441,0.653198896251853,5.23338869743123,0,0.461001942870674,0.762114988513302,0.0121413883404056,14.7722360776337,23.218061036825,0.730898547081631,5.83333333333333,"P_Quarry_4_2024_spring_full_network_case3_version1","1"
"VIVI",0,0.459653827412824,0.826112079755771,0.0125003828007056,29.5644136320053,26.8009699599673,0.685531973414632,6.84121711583374,0,0.459653827412824,0.826021444602764,0.00872494837291187,14.6059471093541,38.4244301479123,0.762279663526728,7.58333333333333,"P_Quarry_4_2024_spring_full_network_case3_version1","1"
"AGHE",1,0,0,0,0,0,NA,0,1,0,0,0,0,0,NA,0,"P_Quarry_4_2024_spring_nonserpentine_network_case3_version3","3"
"DICA",1,0,0,0,0,0,NA,0,1,0,0,0,0,0,NA,0,"P_Quarry_4_2024_spring_nonserpentine_network_case3_version3","3"
"ERCI",1,0.544525027272536,0,0,0,0,NA,0,0,0.544525027272536,0.544525027272536,0.506148371964762,0,0,NA,0,"P_Quarry_4_2024_spring_nonserpentine_network_case3_version3","3"
"ESCA",1,0,0,0,0,0,NA,0,1,0,0,0,0,0,NA,0,"P_Quarry_4_2024_spring_nonserpentine_network_case3_version3","3"
"MEPO",1,0.465541387961964,0,0,0,0,NA,0,0,0.465541387961964,0.465541387961964,0.501690810523783,0,0,NA,0,"P_Quarry_4_2024_spring_nonserpentine_network_case3_version3","3"
"TRFU",1,0,0,0,0,0,NA,0,1,0,0,0,0,0,NA,0,"P_Quarry_4_2024_spring_nonserpentine_network_case3_version3","3"
"TRHI",1,0,0,0,0,0,NA,1,1,0,0,0,0,0,NA,1,"P_Quarry_4_2024_spring_nonserpentine_network_case3_version3","3"
"URLI",1,0,0,0,0,0,NA,2.36358455147802e-07,1,0,0,0,0,0,NA,0.5,"P_Quarry_4_2024_spring_nonserpentine_network_case3_version3","3"
"VIVI",0,0.459653827412824,0.907895356103242,0.0125007634197072,35.6620965744649,32.377451868862,1,7.99999976364161,0,0.459653827412824,0.907897151595126,0.012502355796511,35.6576286899418,32.3734595202348,1,7.5,"P_Quarry_4_2024_spring_nonserpentine_network_case3_version3","3"
"AGHE",0,0.507280652205125,0.507280652205125,0.501877327334079,0,0,NA,0,1,0.507280652205125,3.49142853454834e-05,0.000157060806465134,0,0,NA,0,"P_Quarry_4_2024_spring_serpentine_network_case3_version2","2"
"DICA",1,0.465921611532532,2.06651440708025e-05,9.40251597905224e-05,0,0,NA,0,1,0.465921611532532,0,0,0,0,NA,0,"P_Quarry_4_2024_spring_serpentine_network_case3_version2","2"
"ERCI",1,0,0,0,0,0,NA,0,1,0,0,0,0,0,NA,0,"P_Quarry_4_2024_spring_serpentine_network_case3_version2","2"
"ESCA",0,0.532133369511987,0.913295070437981,0.0124999839212104,29.0173129803058,31.007656348424,0.85467178184901,0.851627710242913,0,0.532133369511987,0.912881687204227,0.0375140498283429,5.68931702335667,10.2649666143743,0.505961053594535,0.25,"P_Quarry_4_2024_spring_serpentine_network_case3_version2","2"
"MEPO",1,0,0,0,0,0,NA,7.70786898401367e-10,1,0,0,0,0,0,NA,0.25,"P_Quarry_4_2024_spring_serpentine_network_case3_version2","2"
"TRFU",0,0.454107476726224,0.767387934224127,0.0125000829573415,28.1728338965114,21.6194928050834,1,1,0,0.454107476726224,0.767387931159623,0.0125005637143651,28.1728226233996,21.6194840678976,1,1,"P_Quarry_4_2024_spring_serpentine_network_case3_version2","2"
"TRHI",0,0.48436133765353,0.882570730599143,0.0125000038822336,32.5633674332853,33.2012711424556,0.572664109075495,1.14837228822855,0,0.48436133765353,0.88257054197091,0.0124967584364261,31.94098603162,33.2113969617603,0.747019473202733,1.25,"P_Quarry_4_2024_spring_serpentine_network_case3_version2","2"
"URLI",0,0.461001942870674,0.885589201010396,0.0125001879210795,34.3961518002529,30.4608605906183,1,2,0,0.461001942870674,0.885589198626128,0.0125005561006714,34.3961404669179,30.4608504719295,1,2,"P_Quarry_4_2024_spring_serpentine_network_case3_version2","2"
"VIVI",1,0,0,0,0,0,NA,9.00000000077079,1,0,0,0,0,0,NA,9.25,"P_Quarry_4_2024_spring_serpentine_network_case3_version2","2"
"AGHE",0,0.504260032137046,0.504260032137046,0.532792707198669,3.28210415507267e-21,-2.08154999361319e-10,-7.95096899806496e-12,-1.25717462417676e-11,0,0.504260032137046,0.850862914133765,0.0196208010480498,4.25086036972779,19.2114265896086,0.188268134325781,0.166666666666667,"P_Quarry_5_2024_spring_full_network_case3_version1","1"
"CARU",0,0.498360127326269,0.828475589840864,0.0125006327885853,33.7239367072593,28.1806232532189,0.991442173022599,0.991989055718898,0,0.498360127326269,0.828129674274186,0.0195849526471243,6.86123472709413,17.940936630937,0.316705431636677,0.333333333333333,"P_Quarry_5_2024_spring_full_network_case3_version1","1"
"DICA",0,0.538659972599083,0.852805110476189,0.0125006298022287,31.2230714196727,27.2731597314188,0.976314997370298,0.973977600815374,0,0.538659972599083,0.852203434976745,0.0176723441269541,3.99008195259224,19.241693883363,0.176718409847373,0.166666666666667,"P_Quarry_5_2024_spring_full_network_case3_version1","1"
"LACA",0,0.45815947279714,0.838881270715258,0.0125006148167928,30.4316785881785,30.0206350942284,0.850367259850088,1.68448573181927,0,0.45815947279714,0.838779217756882,0.0169498205145961,13.591805590258,22.1114601258459,0.515593452264791,1,"P_Quarry_5_2024_spring_full_network_case3_version1","1"
"LUSU",0,0.486259301535906,0.751353962268011,0.0125005877849756,26.1768544893476,20.3541757898678,0.953277243893347,3.84161128990589,0,0.486259301535906,0.751362250835138,0.0125369494677448,26.6645130857757,20.295385919125,0.862554327812352,3.5,"P_Quarry_5_2024_spring_full_network_case3_version1","1"
"MIDO",0,0.460080913971216,0.863058851115137,0.01250060898385,23.9448329762282,27.3632970604481,0.513928318609286,3.0918204778871,0,0.460080913971216,0.863021776825421,0.00804292515150133,16.6664149470937,42.5695763641644,0.487741867751479,2.91666666666667,"P_Quarry_5_2024_spring_full_network_case3_version1","1"
"TRFU",0,0.479921114225835,0.795542650679131,0.0125005660398914,25.8489850320419,23.6501812153201,0.633671026803669,8.26673073105717,0,0.479921114225835,0.79541780768598,0.00826023150612616,11.1103587972052,35.8229486342181,0.656900041008767,8.58333333333333,"P_Quarry_5_2024_spring_full_network_case3_version1","1"
"TRLA",0,0.534166793610978,0.722092515077278,0.0125005654178964,23.0248665139732,20.1972104390295,0.58585226350981,9.09217854406326,0,0.534166793610978,0.721938608838276,0.01205168360842,8.90153248100419,20.9434526135607,0.655490271138705,10.25,"P_Quarry_5_2024_spring_full_network_case3_version1","1"
"VIVI",0,0.541300219712453,0.879952326794303,0.0125005627578505,31.655408626553,32.6235268923202,0.633851228977274,11.0572065688057,0,0.541300219712453,0.879844220366382,0.00983945302279723,14.1686125731227,41.4580836498615,0.696577666761543,12.0833333333333,"P_Quarry_5_2024_spring_full_network_case3_version1","1"
"AGHE",1,0,0,0,0,0,NA,0,1,0,0,0,0,0,NA,0,"P_Quarry_5_2024_spring_nonserpentine_network_case3_version3","3"
"CARU",1,0,0,0,0,0,NA,0,1,0,0,0,0,0,NA,0,"P_Quarry_5_2024_spring_nonserpentine_network_case3_version3","3"
"DICA",1,0,0,0,0,0,NA,0,1,0,0,0,0,0,NA,0,"P_Quarry_5_2024_spring_nonserpentine_network_case3_version3","3"
"LACA",1,0,0,0,0,0,NA,0,1,0,0,0,0,0,NA,0,"P_Quarry_5_2024_spring_nonserpentine_network_case3_version3","3"
"LUSU",1,0,0,0,0,0,NA,0,1,0,0,0,0,0,NA,0,"P_Quarry_5_2024_spring_nonserpentine_network_case3_version3","3"
"MIDO",1,0,0,0,0,0,NA,0,1,0,0,0,0,0,NA,0,"P_Quarry_5_2024_spring_nonserpentine_network_case3_version3","3"
"TRFU",1,0,0,0,0,0,NA,0,1,0,0,0,0,0,NA,0,"P_Quarry_5_2024_spring_nonserpentine_network_case3_version3","3"
"TRLA",1,0,0,0,0,0,NA,0,1,0,0,0,0,0,NA,0,"P_Quarry_5_2024_spring_nonserpentine_network_case3_version3","3"
"VIVI",0,0.541300219712453,0.879963771415231,0.0125006121156028,37.0747246116439,32.6244144934433,1,4,0,0.541300219712453,0.879963772086875,0.0125004942052565,37.0747274280647,32.6244169966925,1,4,"P_Quarry_5_2024_spring_nonserpentine_network_case3_version3","3"
"AGHE",0,0.504260032137046,0.504260032137046,0.532792707198669,0,0,NA,0,1,0.504260032137046,4.52826715697352e-05,0.000258401640397638,0,0,NA,0,"P_Quarry_5_2024_spring_serpentine_network_case3_version2","2"
"CARU",0,0.498360127326269,0.874832074436119,0.0125012270365653,16.6673409864028,31.4276739764832,0.463958118611633,0.484925774118426,0,0.498360127326269,0.874317553198624,0.0211997627596906,4.24181943730727,18.47259440015,0.200767532226375,0.166666666666667,"P_Quarry_5_2024_spring_serpentine_network_case3_version2","2"
"DICA",0,0.538659972599083,0.900617112404335,0.0125010638447079,33.6469986910959,30.42175579306,0.99609841747399,0.995656245066738,0,0.538659972599083,0.900355100687363,0.0273874042266019,8.09476148462092,13.8326349698242,0.52688152383296,0.333333333333333,"P_Quarry_5_2024_spring_serpentine_network_case3_version2","2"
"LACA",0,0.45815947279714,0.885868115750421,0.0125012268472252,20.0824294208817,33.483192685777,0.531322806571079,0.510205947928786,0,0.45815947279714,0.885447428072799,0.0223027232544806,4.61754160866707,18.7077465637121,0.218550659080668,0.166666666666667,"P_Quarry_5_2024_spring_serpentine_network_case3_version2","2"
"LUSU",0,0.486259301535906,0.793454570477468,0.0125008957995206,21.7221217644471,22.7033106495443,0.759163148516882,1.54860284422859,0,0.486259301535906,0.793338801854796,0.0156783686413948,10.913104795928,18.0813592766281,0.478824039214154,1,"P_Quarry_5_2024_spring_serpentine_network_case3_version2","2"
"MIDO",0,0.460080913971216,0.911446227789029,0.0125008614286063,25.782170562373,30.5224064428363,0.55297784469288,3.27111257631409,0,0.460080913971216,0.911395866483091,0.00935012665918541,16.9112572135262,40.8304735685564,0.524179076240091,2.91666666666667,"P_Quarry_5_2024_spring_serpentine_network_case3_version2","2"
"TRFU",0,0.479921114225835,0.8401474232999,0.0125005850402512,29.5216282465802,26.3816913918993,0.720253720338755,9.28795518613082,0,0.479921114225835,0.840046806576925,0.0102150020572873,13.3686681374909,32.2965558549105,0.777375685421912,8.58333333333333,"P_Quarry_5_2024_spring_serpentine_network_case3_version2","2"
"TRLA",0,0.534166793610978,0.762587746136816,0.012500565024392,27.2780157706912,22.5308081635088,0.720608595183229,10.901541609623,0,0.534166793610978,0.762483515181963,0.0122843257992206,12.2011937337435,22.9225025380249,0.789679589233752,10.25,"P_Quarry_5_2024_spring_serpentine_network_case3_version2","2"
"VIVI",1,0,0,0,0,0,NA,8.99999981657531,1,0,0,0,0,0,NA,12.5833333333333,"P_Quarry_5_2024_spring_serpentine_network_case3_version2","2"
"ASFA",0,0.459687653514411,0.459687653514411,0.516751873803675,2.29665648960776e-17,6.4446240346001e-09,1.63817877810764e-09,3.09613542467059e-09,0,0.459687653514411,0.765357702303248,0.0172029432716413,11.0168527822639,18.0030111649659,0.46835682402148,0.5,"P_Quarry_Close_2022_summer_full_network_case3_version1","1"
"CAPA",0,0.470392616708014,0.859829268300639,0.0125005370856239,24.7797204012667,28.0947156376498,0.758374960477013,0.729426472235426,0,0.470392616708014,0.858864672388816,0.0180292254023735,2.61011820274343,19.4078372970422,0.11550685842966,0.1,"P_Quarry_Close_2022_summer_full_network_case3_version1","1"
"CESO",0,0.48870901159882,0.822990690071814,0.0125005368715032,28.6742242342071,25.342570251059,0.931184933335557,0.937283719965294,0,0.48870901159882,0.822448866413996,0.0233407851645791,3.93172040080734,13.5184107595431,0.239202598901505,0.25,"P_Quarry_Close_2022_summer_full_network_case3_version1","1"
"ERLU",0,0.532357941373418,0.762358055506349,0.0125005257510283,28.7883539695809,22.7759155113394,0.953745278943955,1.90873751547328,0,0.532357941373418,0.762389047464431,0.0125684785978504,29.2134628858002,22.6541907912536,0.748164859821426,1.5,"P_Quarry_Close_2022_summer_full_network_case3_version1","1"
"ERNU",0,0.5399206630373,0.764008495819568,0.0125005341737555,21.7286010857256,23.9591639047549,0.473345810250265,1.42482721445384,0,0.5399206630373,0.763137310050933,0.0160988968725182,2.62825331366455,18.5435384603956,0.176123201731709,0.516666666666667,"P_Quarry_Close_2022_summer_full_network_case3_version1","1"
"ESCA",0,0.546583667908136,0.752621673955693,0.012500534946894,14.8378069258263,22.7188742267959,0.395265142949765,1.18420565817054,0,0.546583667908136,0.751771931901507,0.0151936384358352,2.6590197273709,18.6368487457629,0.146661690821527,0.433333333333333,"P_Quarry_Close_2022_summer_full_network_case3_version1","1"
"GRCA",0,0.531706532035818,0.76627372499889,0.0125005314846657,23.0647699854494,21.403448384145,0.532112977085742,1.626679813479,0,0.531706532035818,0.76563148265939,0.0139802431324328,3.268630289042,19.0978299688814,0.268668117997445,0.8,"P_Quarry_Close_2022_summer_full_network_case3_version1","1"
"HEAR",0,0.491683925987074,0.720184432586065,0.0125005354585932,20.2042141344602,20.5431473993203,0.440457047640204,1.34539104234894,0,0.491683925987074,0.719245150981186,0.0147927863574922,2.46880398805497,17.3024176965195,0.196059963666433,0.6,"P_Quarry_Close_2022_summer_full_network_case3_version1","1"
"HECO",0,0.531744064754687,0.826050201491194,0.0125005277327576,28.4796777799107,26.5429122066625,0.608603844366046,2.38440404033897,0,0.531744064754687,0.826089591721927,0.0125464598419941,31.5265696852072,26.447897518713,0.613182711912048,2.4,"P_Quarry_Close_2022_summer_full_network_case3_version1","1"
"HEEX",0,0.522496332029112,0.747359535947286,0.0125005224874823,21.1859698014598,20.4679770380003,0.541491031733638,2.21994382273463,0,0.522496332029112,0.746672708563139,0.0137924712894199,3.02968830162841,18.5090139295038,0.270973558822271,1.13333333333333,"P_Quarry_Close_2022_summer_full_network_case3_version1","1"
"LERA",0,0.495852413282661,0.876384075794962,0.0125005289306943,25.4276069575663,30.5959996252657,0.334259132784897,2.64894911830636,0,0.495852413282661,0.876202831145283,0.0101153958557044,8.45728523307517,37.8142076492023,0.333045826722668,2.58333333333333,"P_Quarry_Close_2022_summer_full_network_case3_version1","1"
"PEKE",0,0.491510041682753,0.860778797237604,0.0125005101812613,26.8738528562113,27.3696010564319,0.419929343887305,5.39799912627892,0,0.491510041682753,0.860587718312093,0.0091289148069545,8.42101297006838,37.4947189352396,0.473562110088151,5.96666666666667,"P_Quarry_Close_2022_summer_full_network_case3_version1","1"
"TRLA",0,0.50927056202631,0.865993775942293,0.0125005082419667,25.2185753253184,28.2045098218286,0.421053726288651,6.25458062966251,0,0.50927056202631,0.865966569134557,0.00790127678017192,16.5445354773716,44.6713681662788,0.40738453458325,5.88333333333333,"P_Quarry_Close_2022_summer_full_network_case3_version1","1"
"ZETR",0,0.510335976192884,0.72755623337887,0.0125004894532088,24.178509404227,20.8391152527824,0.38678809576217,10.9375718234259,0,0.510335976192884,0.727403889676807,0.0079056516541246,7.68060511508186,32.9791342007104,0.566071354633566,16.3333333333333,"P_Quarry_Close_2022_summer_full_network_case3_version1","1"
"ASFA",1,0,0,0,0,0,NA,0,1,0,0,0,0,0,NA,0,"P_Quarry_Close_2022_summer_nonserpentine_network_case3_version3","3"
"CAPA",1,0,0,0,0,0,NA,0,1,0,0,0,0,0,NA,0,"P_Quarry_Close_2022_summer_nonserpentine_network_case3_version3","3"
"CESO",1,0.48870901159882,0,0,0,0,NA,0,0,0.48870901159882,0.48870901159882,0.523909705492626,0,0,NA,0,"P_Quarry_Close_2022_summer_nonserpentine_network_case3_version3","3"
"ERLU",1,0,0,0,0,0,NA,0,1,0,0,0,0,0,NA,0,"P_Quarry_Close_2022_summer_nonserpentine_network_case3_version3","3"
"ERNU",1,0,0,0,0,0,NA,0,1,0,0,0,0,0,NA,0,"P_Quarry_Close_2022_summer_nonserpentine_network_case3_version3","3"
"ESCA",1,0,0,0,0,0,NA,0,1,0,0,0,0,0,NA,0,"P_Quarry_Close_2022_summer_nonserpentine_network_case3_version3","3"
"GRCA",1,0,0,0,0,0,NA,0,1,0,0,0,0,0,NA,0,"P_Quarry_Close_2022_summer_nonserpentine_network_case3_version3","3"
"HEAR",1,0,0,0,0,0,NA,0,1,0,0,0,0,0,NA,0,"P_Quarry_Close_2022_summer_nonserpentine_network_case3_version3","3"
"HECO",1,0,0,0,0,0,NA,0,1,0,0,0,0,0,NA,0,"P_Quarry_Close_2022_summer_nonserpentine_network_case3_version3","3"
"HEEX",1,0,0,0,0,0,NA,0,1,0,0,0,0,0,NA,0,"P_Quarry_Close_2022_summer_nonserpentine_network_case3_version3","3"
"LERA",1,0,0,0,0,0,NA,0,1,0,0,0,0,0,NA,0,"P_Quarry_Close_2022_summer_nonserpentine_network_case3_version3","3"
"PEKE",1,0,0,0,0,0,NA,0,1,0,0,0,0,0,NA,0,"P_Quarry_Close_2022_summer_nonserpentine_network_case3_version3","3"
"TRLA",1,0,0,0,0,0,NA,0,1,0,0,0,0,0,NA,0,"P_Quarry_Close_2022_summer_nonserpentine_network_case3_version3","3"
"ZETR",1,0,0,0,0,0,NA,15,1,0,0,0,0,0,NA,15,"P_Quarry_Close_2022_summer_nonserpentine_network_case3_version3","3"
"ASFA",0,0.459687653514411,0.459687653514411,0.516751873803675,0,0,NA,0,1,0.459687653514411,2.45056193234851e-05,0.000141651903014843,0,0,NA,0,"P_Quarry_Close_2022_summer_serpentine_network_case3_version2","2"
"CAPA",0,0.470392616708014,0.907321363103643,0.0125005932826483,34.4851495218681,31.2891128710143,1,1,0,0.470392616708014,0.907321363180714,0.0125005820253347,34.4851806727625,31.2891411375441,1,1,"P_Quarry_Close_2022_summer_serpentine_network_case3_version2","2"
"CESO",1,0,0,0,0,0,NA,1.24553142245777e-12,1,0,0,0,0,0,NA,0.111111111111111,"P_Quarry_Close_2022_summer_serpentine_network_case3_version2","2"
"ERLU",0,0.532357941373418,0.804442119642175,0.0125005887334994,30.1952896729562,25.363978293708,0.957671645451139,0.957742673245653,0,0.532357941373418,0.803930017679124,0.0245224191102522,4.18493969928863,12.8753608901785,0.261305191763718,0.25,"P_Quarry_Close_2022_summer_serpentine_network_case3_version2","2"
"ERNU",0,0.5399206630373,0.806218782571096,0.01250057679784,31.9903407805843,26.6842409019275,0.957890855768882,1.9143038787105,0,0.5399206630373,0.806223779876892,0.0125679115301718,32.2694987152917,26.5411540808091,0.752399734967353,1.5,"P_Quarry_Close_2022_summer_serpentine_network_case3_version2","2"
"ESCA",0,0.546583667908136,0.794248651129342,0.0125005793661345,22.173782285778,25.3055851461858,0.531082788727043,1.58406120891966,0,0.546583667908136,0.793685370584724,0.0204638223517196,4.10622106289203,15.4066599399055,0.22694826733997,0.644444444444444,"P_Quarry_Close_2022_summer_serpentine_network_case3_version2","2"
"GRCA",0,0.531706532035818,0.808479121538693,0.0125005807795411,13.2801782258506,23.8304257678472,0.42510529786764,1.34327735792832,0,0.531706532035818,0.807981604899634,0.0171051334100508,3.74155460971454,17.3723572445201,0.168631616302535,0.511111111111111,"P_Quarry_Close_2022_summer_serpentine_network_case3_version2","2"
"HEAR",0,0.491683925987074,0.759960422228453,0.0125005799050499,24.0199790952471,22.8794412487503,0.584665158591296,1.77505858860059,0,0.491683925987074,0.759723512724895,0.0192979129135553,7.47264814006179,14.7823743613045,0.27709086776468,0.811111111111111,"P_Quarry_Close_2022_summer_serpentine_network_case3_version2","2"
"HECO",0,0.531744064754687,0.871640733023712,0.0125005813852107,25.4548593919986,29.5586663292622,0.546942598352307,1.57807400326881,0,0.531744064754687,0.87141352886223,0.0191492980268605,7.980405102976,19.2528830444949,0.309758806464874,0.811111111111111,"P_Quarry_Close_2022_summer_serpentine_network_case3_version2","2"
"HEEX",0,0.522496332029112,0.788623127584234,0.0125005801738063,24.8488424765433,22.7951034700531,0.591412977512286,2.39463395008627,0,0.522496332029112,0.788633989287086,0.0125681265580505,27.7523508380959,22.6727631472631,0.606887717508103,2.45,"P_Quarry_Close_2022_summer_serpentine_network_case3_version2","2"
"LERA",0,0.495852413282661,0.924772762404097,0.0125005758558453,32.432433871637,34.0725988892238,0.630301440938988,2.50803156927563,0,0.495852413282661,0.924771702939681,0.0125173896046743,31.5047969944379,34.026637264859,0.483171359160074,1.86111111111111,"P_Quarry_Close_2022_summer_serpentine_network_case3_version2","2"
"PEKE",0,0.491510041682753,0.908276923619993,0.0125005793945005,24.1733762874823,30.4785228563677,0.337856873846884,2.66105524697546,0,0.491510041682753,0.908112372425144,0.0104166431008024,10.155593167758,36.5818123515568,0.357077742603626,2.71111111111111,"P_Quarry_Close_2022_summer_serpentine_network_case3_version2","2"
"TRLA",0,0.50927056202631,0.913810198579764,0.0125005589302907,29.7869299534091,31.410220945108,0.460478119253462,5.96043520406553,0,0.50927056202631,0.913644116599603,0.00967078692742243,10.8200573474357,40.6140999416875,0.493486371343787,6.29444444444444,"P_Quarry_Close_2022_summer_serpentine_network_case3_version2","2"
"ZETR",0,0.510335976192884,0.767728183358139,0.0125005103174105,28.2463377288932,23.2080543531677,0.510258246340038,14.3233263189275,0,0.510335976192884,0.76769441160501,0.00571908218304313,19.3630396701396,50.8130860089703,0.666229485346944,19.0444444444444,"P_Quarry_Close_2022_summer_serpentine_network_case3_version2","2"
"CAPA",0,0.462948154384712,0.462948154384712,0.493287726558413,9.19215197134146e-16,-2.89147342979715e-08,-1.47173746993582e-08,-2.31540326690969e-08,0,0.462948154384712,0.843818668652281,0.0197528224050249,8.21918690269999,18.3333159732843,0.378300540924902,0.333333333333333,"P_Quarry_Close_2023_summer_full_network_case3_version1","1"
"CESO",0,0.469630743851713,0.794613711716068,0.0125006759662889,34.4267619282296,27.3767570520661,0.999240962913517,0.999170683520334,0,0.469630743851713,0.794464008178315,0.0191005336250893,11.7524522206364,17.8834667126184,0.522096775036515,0.5,"P_Quarry_Close_2023_summer_full_network_case3_version1","1"
"CUCA",0,0.483911915744614,0.758459808964782,0.0125006061125191,30.3079317571123,24.191884264757,0.949719083373304,1.91733710389994,0,0.483911915744614,0.758084781356013,0.0192503293654433,5.86255880750242,15.6694112967232,0.266185760174916,0.583333333333333,"P_Quarry_Close_2023_summer_full_network_case3_version1","1"
"ESCA",0,0.50756791972442,0.735855589033775,0.01250049017987,24.3830007319412,21.6470084842787,0.70712565178291,7.81840454148629,0,0.50756791972442,0.735756727815983,0.0120375100281852,11.3270964846466,22.475996168137,0.474549204853184,5.08333333333333,"P_Quarry_Close_2023_summer_full_network_case3_version1","1"
"HECO",0,0.494026808321488,0.865611624222087,0.0125005065732259,29.780121554642,29.8054187895266,0.694423274090405,7.46352311300552,0,0.494026808321488,0.865577075654581,0.0125880165312077,20.6488917869154,29.5950131138884,0.552251898598996,5.58333333333333,"P_Quarry_Close_2023_summer_full_network_case3_version1","1"
"HEEX",0,0.508567459256652,0.759745366288122,0.0125004250920384,28.357769130788,23.7111983403957,0.574563408345856,20.8015645812424,0,0.508567459256652,0.759736569861989,0.00591895413201816,23.4194134741318,50.1527447934095,0.729789417380966,26.9166666666667,"P_Quarry_Close_2023_summer_full_network_case3_version1","1"
"CAPA",1,0,0,0,0,0,NA,0,1,0,0,0,0,0,NA,0,"P_Quarry_Close_2023_summer_nonserpentine_network_case3_version3","3"
"CESO",1,0.469630743851713,0,0,0,0,NA,0,0,0.469630743851713,0.469630743851713,0.486820267251143,0,0,NA,0,"P_Quarry_Close_2023_summer_nonserpentine_network_case3_version3","3"
"CUCA",1,0,0,0,0,0,NA,0,1,0,0,0,0,0,NA,0,"P_Quarry_Close_2023_summer_nonserpentine_network_case3_version3","3"
"ESCA",1,0,0,0,0,0,NA,0,1,0,0,0,0,0,NA,0,"P_Quarry_Close_2023_summer_nonserpentine_network_case3_version3","3"
"HECO",1,0,0,0,0,0,NA,0,1,0,0,0,0,0,NA,0,"P_Quarry_Close_2023_summer_nonserpentine_network_case3_version3","3"
"HEEX",1,0,0,0,0,0,NA,11,1,0,0,0,0,0,NA,11,"P_Quarry_Close_2023_summer_nonserpentine_network_case3_version3","3"
"CAPA",0,0.462948154384712,0.462948154384712,0.493287726558413,0,0,NA,0,1,0.462948154384712,8.74897676251678e-06,4.26439533302416e-05,0,0,NA,0,"P_Quarry_Close_2023_summer_serpentine_network_case3_version2","2"
"CESO",1,0,0,0,0,0,NA,8.76502585370315e-10,1,0,0,0,0,0,NA,0.5,"P_Quarry_Close_2023_summer_serpentine_network_case3_version2","2"
"CUCA",0,0.483911915744614,0.798298360673704,0.0125006318670536,33.5507471185603,26.8035730259311,0.999251346013195,0.999246196442598,0,0.483911915744614,0.798165711201008,0.0168076605803407,12.5141536798699,19.9095551517169,0.501687169595587,0.5,"P_Quarry_Close_2023_summer_serpentine_network_case3_version2","2"
"ESCA",0,0.50756791972442,0.774511054325085,0.0125006193058649,29.6778222488746,23.9845135947026,0.958360123055576,1.92627676568225,0,0.50756791972442,0.774266422551272,0.0169341214618076,7.51717510115524,17.6750352726343,0.329294747279761,0.666666666666667,"P_Quarry_Close_2023_summer_serpentine_network_case3_version2","2"
"HECO",0,0.494026808321488,0.911077269419671,0.0125004887450493,34.2019336691186,33.0231776761128,0.80041506306309,8.7178199543192,0,0.494026808321488,0.911022844277952,0.0125336064650057,21.3954886968798,32.9317049932073,0.609484448813926,6.16666666666667,"P_Quarry_Close_2023_summer_serpentine_network_case3_version2","2"
"HEEX",0,0.508567459256652,0.799646839747778,0.0125003887519851,31.5214771525228,26.2710487563253,0.729985075393935,26.3566570826877,0,0.508567459256652,0.79960299198033,0.00827595075702879,20.2771785408044,39.7138960301284,0.837094288858103,30.1666666666667,"P_Quarry_Close_2023_summer_serpentine_network_case3_version2","2"
"ACAM",0,0.452780046874089,0.452780046874089,0.533848030298878,1.8373233206629e-19,-1.02083638469998e-09,-8.14923284201997e-11,-1.47507545797368e-10,0,0.452780046874089,0.728557873855021,0.020085430053676,3.51724921925729,14.2338148912566,0.180030415779428,0.2,"P_Quarry_Close_2024_summer_full_network_case3_version1","1"
"ASFA",0,0.474247812816989,0.749367112807316,0.012500591089823,32.5754571111095,24.4500808965866,0.998400632986808,0.998332054323555,0,0.474247812816989,0.749243500938912,0.0179713620903576,11.5680367916141,16.9786220421978,0.510481731862448,0.5,"P_Quarry_Close_2024_summer_full_network_case3_version1","1"
"CESO",0,0.482990015127226,0.854225047782538,0.0125005771310019,28.5235711765685,29.4975843664063,0.826018451157711,0.788041739100236,0,0.482990015127226,0.854131233555179,0.0169404753761246,14.2724892228633,21.7383317376556,0.560787229348905,0.5,"P_Quarry_Close_2024_summer_full_network_case3_version1","1"
"CIVU",0,0.513184243283786,0.836461630428176,0.0125005706462863,29.4396882720713,30.6801339802154,0.644355343478032,1.90283006700731,0,0.513184243283786,0.836479647508945,0.0125372821238218,34.8562086525084,30.5913656081706,0.464970271385042,1.36666666666667,"P_Quarry_Close_2024_summer_full_network_case3_version1","1"
"ERNU",0,0.487576870591183,0.74500395721564,0.0125005719694327,13.1135693080605,21.6852539998374,0.44469935709526,1.48090754584831,0,0.487576870591183,0.745032825515519,0.00800913785549403,14.8958457216826,33.8898445196181,0.257961757514977,0.866666666666667,"P_Quarry_Close_2024_summer_full_network_case3_version1","1"
"GRCA",0,0.504464026007086,0.874247492893916,0.0125005578624901,30.4069554893751,31.0245561709807,0.775957452270329,3.00553000619935,0,0.504464026007086,0.874165942125407,0.0140404515071106,16.2258776816652,27.6077881687408,0.333130140298472,1.2,"P_Quarry_Close_2024_summer_full_network_case3_version1","1"
"HECO",0,0.526885101095254,0.839678048552123,0.0125005701938856,25.1459541989306,29.8466233266955,0.498645217704238,2.05288699361355,0,0.526885101095254,0.839701355253268,0.0125746923126203,31.6266565669037,29.6718730395521,0.401691602150235,1.61666666666667,"P_Quarry_Close_2024_summer_full_network_case3_version1","1"
"HEEX",0,0.457894107935901,0.864256631023412,0.0125005704208492,23.7846050418215,29.2481594761653,0.569577178626427,2.18442748912805,0,0.457894107935901,0.863959637279809,0.0160529292032068,6.93138733978375,22.7425378551337,0.305669473667294,1.11666666666667,"P_Quarry_Close_2024_summer_full_network_case3_version1","1"
"HOMA",0,0.526272078685589,0.740518979110133,0.0125005544472587,20.0977796261243,19.8587831751019,0.417053322858792,3.79454202220622,0,0.526272078685589,0.740526538642512,0.0128059869436329,21.0757585822384,19.3838328907664,0.336729492150007,3.06666666666667,"P_Quarry_Close_2024_summer_full_network_case3_version1","1"
"SOCA",0,0.454826468697203,0.873893510501865,0.0125005327689856,32.077918138128,30.7435118696447,0.63620169744942,9.51024136620161,0,0.454826468697203,0.873849486806515,0.0114764786143542,20.690481363232,33.4905690038284,0.698567810579613,10.45,"P_Quarry_Close_2024_summer_full_network_case3_version1","1"
"STAL",0,0.468459393884269,0.727860686824965,0.0125005345904842,22.1278534774497,19.5541912736959,0.479117788030682,7.20272882004912,0,0.468459393884269,0.727684623586381,0.0120628884612169,8.95650440689571,20.2562860335811,0.499075906648327,7.51666666666667,"P_Quarry_Close_2024_summer_full_network_case3_version1","1"
"ZETR",0,0.49703301291309,0.745734920376897,0.012500528263805,26.743217925586,22.5033057179547,0.484428456271809,14.0795318964749,0,0.49703301291309,0.745701701528685,0.0071411786089246,18.2341812567017,39.4428910493378,0.63526615462331,18.6,"P_Quarry_Close_2024_summer_full_network_case3_version1","1"
"ACAM",1,0,0,0,0,0,NA,0,1,0,0,0,0,0,NA,0,"P_Quarry_Close_2024_summer_nonserpentine_network_case3_version3","3"
"ASFA",1,0,0,0,0,0,NA,0,1,0,0,0,0,0,NA,0,"P_Quarry_Close_2024_summer_nonserpentine_network_case3_version3","3"
"CESO",1,0.482990015127226,0,0,0,0,NA,0,0,0.482990015127226,0.482990015127226,0.486834972322376,0,0,NA,0,"P_Quarry_Close_2024_summer_nonserpentine_network_case3_version3","3"
"CIVU",1,0,0,0,0,0,NA,0,1,0,0,0,0,0,NA,0,"P_Quarry_Close_2024_summer_nonserpentine_network_case3_version3","3"
"ERNU",1,0,0,0,0,0,NA,0,1,0,0,0,0,0,NA,0,"P_Quarry_Close_2024_summer_nonserpentine_network_case3_version3","3"
"GRCA",1,0,0,0,0,0,NA,0,1,0,0,0,0,0,NA,0,"P_Quarry_Close_2024_summer_nonserpentine_network_case3_version3","3"
"HECO",1,0,0,0,0,0,NA,0,1,0,0,0,0,0,NA,0,"P_Quarry_Close_2024_summer_nonserpentine_network_case3_version3","3"
"HEEX",1,0,0,0,0,0,NA,0,1,0,0,0,0,0,NA,0,"P_Quarry_Close_2024_summer_nonserpentine_network_case3_version3","3"
"HOMA",1,0,0,0,0,0,NA,0,1,0,0,0,0,0,NA,0,"P_Quarry_Close_2024_summer_nonserpentine_network_case3_version3","3"
"SOCA",1,0,0,0,0,0,NA,0,1,0,0,0,0,0,NA,0,"P_Quarry_Close_2024_summer_nonserpentine_network_case3_version3","3"
"STAL",1,0,0,0,0,0,NA,0,1,0,0,0,0,0,NA,0,"P_Quarry_Close_2024_summer_nonserpentine_network_case3_version3","3"
"ZETR",1,0,0,0,0,0,NA,15,1,0,0,0,0,0,NA,15,"P_Quarry_Close_2024_summer_nonserpentine_network_case3_version3","3"
"ACAM",0,0.452780046874089,0.452780046874089,0.533848030298878,0,0,NA,0,1,0.452780046874089,3.23444313259625e-05,0.000166835238437509,0,0,NA,0,"P_Quarry_Close_2024_summer_serpentine_network_case3_version2","2"
"ASFA",0,0.474247812816989,0.786274588013751,0.0125005716691277,25.048083387525,26.9217379184009,0.731552751377133,0.756569447990803,0,0.474247812816989,0.785912994817421,0.0186963790668491,5.54369909260109,17.9574580190672,0.24262148638224,0.25,"P_Quarry_Close_2024_summer_serpentine_network_case3_version2","2"
"CESO",1,0,0,0,0,0,NA,2.40814452079697e-10,1,0,0,0,0,0,NA,0.5,"P_Quarry_Close_2024_summer_serpentine_network_case3_version2","2"
"CIVU",0,0.513184243283786,0.877694625375802,0.0125005728951817,27.6196844568603,33.7841827585682,0.717544324679979,0.736711212424905,0,0.513184243283786,0.877606464799981,0.0162838658485985,14.0464872016699,25.9073321247073,0.475822362433042,0.5,"P_Quarry_Close_2024_summer_serpentine_network_case3_version2","2"
"ERNU",0,0.487576870591183,0.78182873623472,0.0125005628284987,23.7313701143734,23.8858276989839,0.5504874743521,1.72906309267053,0,0.487576870591183,0.781843886827122,0.012549693284876,27.6931342782306,23.7929410940392,0.467661623763981,1.45,"P_Quarry_Close_2024_summer_serpentine_network_case3_version2","2"
"GRCA",0,0.504464026007086,0.917248944428984,0.0125005697125473,17.0324766822855,34.1558509763204,0.41816076610999,1.17344488216488,0,0.504464026007086,0.917298638951523,0.00868376403742309,22.3688064618458,49.2118250204428,0.347892004116147,0.95,"P_Quarry_Close_2024_summer_serpentine_network_case3_version2","2"
"HECO",0,0.526885101095254,0.881088708958174,0.0125005563011074,31.1531426287596,32.867443428175,0.727486960051932,2.94663053332477,0,0.526885101095254,0.881000720134081,0.0150399503915356,14.3131922812331,27.2979628816827,0.320530834225954,1.28333333333333,"P_Quarry_Close_2024_summer_serpentine_network_case3_version2","2"
"HEEX",0,0.457894107935901,0.906873925501801,0.0125005616091159,26.411826137257,32.2079493137697,0.557408165055047,2.12691711097305,0,0.457894107935901,0.906890479062474,0.0125712202009297,31.4122762377357,32.027621507207,0.442258468851197,1.7,"P_Quarry_Close_2024_summer_serpentine_network_case3_version2","2"
"HOMA",0,0.526272078685589,0.777016000097645,0.0125005638746314,18.7258559390266,21.8682496802662,0.448818287870072,1.83462480866048,0,0.526272078685589,0.776730225082999,0.0126656098381472,6.77748394936174,21.5664028118657,0.293042052200353,1.2,"P_Quarry_Close_2024_summer_serpentine_network_case3_version2","2"
"SOCA",0,0.454826468697203,0.916966304926144,0.0125005516773216,28.9856357220195,33.8529123465819,0.498703474657635,4.46057619614457,0,0.454826468697203,0.916965220238047,0.0127629741227239,28.7050334766758,33.1550496175198,0.399031842441958,3.48333333333333,"P_Quarry_Close_2024_summer_serpentine_network_case3_version2","2"
"STAL",0,0.468459393884269,0.763763731950954,0.0125004999574793,26.6907575004472,21.5344741672562,0.654362667547033,9.81741145491951,0,0.468459393884269,0.763692142905953,0.0104572881421771,16.6317235313562,25.7512126073265,0.739712178076186,11.1166666666667,"P_Quarry_Close_2024_summer_serpentine_network_case3_version2","2"
"ZETR",0,0.49703301291309,0.782509221862547,0.0125004670467365,30.1868642621166,24.7813335694478,0.600218388466352,17.4180512604786,0,0.49703301291309,0.782372824563506,0.0104810274485405,10.6010860064343,29.560479882023,0.721537951493583,20.5666666666667,"P_Quarry_Close_2024_summer_serpentine_network_case3_version2","2"
"ACAM",0,0.499081700597462,0.499081700597462,0.4597432542172,2.06010638622905e-18,-2.6248128308783e-09,-3.91708462620875e-10,-6.06010126300118e-10,0,0.499081700597462,0.730178254744459,0.0181603376079986,3.85387451843505,14.2672460858887,0.19723605753589,0.2,"P_Quarry_Far_2022_summer_full_network_case3_version1","1"
"CESO",0,0.466141941545597,0.802606285316096,0.0125004783351221,27.5095547988243,23.5340985698749,0.933782508234814,1.86197737918084,0,0.466141941545597,0.802432430943933,0.0174506168946085,10.2438087689676,16.830251889616,0.428800277320608,0.833333333333333,"P_Quarry_Far_2022_summer_full_network_case3_version1","1"
"ERNU",0,0.547611556852987,0.746788508526154,0.0125004787666109,25.6147665850726,22.055082452723,0.789598545379143,1.60506356780193,0,0.547611556852987,0.746798519098258,0.0124937946729123,25.8451341625408,22.0674434700612,0.658612289945749,1.33333333333333,"P_Quarry_Far_2022_summer_full_network_case3_version1","1"
"ESCA",0,0.507436028149648,0.787358484964517,0.0125004723458277,27.4578172287337,23.3990863110762,0.897457122083155,2.66566403935566,0,0.507436028149648,0.787372147165134,0.0125747335336964,29.1373360891471,23.2612130893397,0.628618175307433,1.83333333333333,"P_Quarry_Far_2022_summer_full_network_case3_version1","1"
"GRCA",0,0.477325111128076,0.782483258792145,0.0125004735074664,22.377983136784,25.8650709880146,0.618198420606676,3.04406724152292,0,0.477325111128076,0.78227354975439,0.0145088898566533,7.52639967782134,22.2626757922428,0.341642581507821,1.61666666666667,"P_Quarry_Far_2022_summer_full_network_case3_version1","1"
"HECO",0,0.503142729566033,0.851940677446084,0.0125004719212145,27.4306919338427,28.8953283077531,0.621832991824834,3.68820445120235,0,0.503142729566033,0.851884243894297,0.0123091000045625,17.7459895946433,29.3419132909103,0.56254031777203,3.28333333333333,"P_Quarry_Far_2022_summer_full_network_case3_version1","1"
"HEEX",0,0.519855816322312,0.728948007925679,0.0125004754202345,20.5087891134029,19.0762691870144,0.445247785752206,3.60345551632385,0,0.519855816322312,0.728792921859717,0.0106577177833578,8.4442178838489,22.3764097119812,0.550407719317936,4.45,"P_Quarry_Far_2022_summer_full_network_case3_version1","1"
"LERA",0,0.516704929092296,0.745946968880878,0.0125004705935205,23.3012535413924,21.1401022320012,0.431792945794286,6.53156780521325,0,0.516704929092296,0.745906243031292,0.00784720470702663,15.2361901774522,33.7168343758492,0.617024514219621,9.45,"P_Quarry_Far_2022_summer_full_network_case3_version1","1"
"ACAM",1,0,0,0,0,0,NA,0,1,0,0,0,0,0,NA,0,"P_Quarry_Far_2022_summer_nonserpentine_network_case3_version3","3"
"CESO",1,0.466141941545597,0,0,0,0,NA,0,0,0.466141941545597,0.466141941545597,0.504873628474247,0,0,NA,0,"P_Quarry_Far_2022_summer_nonserpentine_network_case3_version3","3"
"ERNU",1,0,0,0,0,0,NA,0,1,0,0,0,0,0,NA,0,"P_Quarry_Far_2022_summer_nonserpentine_network_case3_version3","3"
"ESCA",1,0,0,0,0,0,NA,0,1,0,0,0,0,0,NA,0,"P_Quarry_Far_2022_summer_nonserpentine_network_case3_version3","3"
"GRCA",1,0,0,0,0,0,NA,0,1,0,0,0,0,0,NA,0,"P_Quarry_Far_2022_summer_nonserpentine_network_case3_version3","3"
"HECO",1,0,0,0,0,0,NA,0,1,0,0,0,0,0,NA,0,"P_Quarry_Far_2022_summer_nonserpentine_network_case3_version3","3"
"HEEX",1,0,0,0,0,0,NA,0,1,0,0,0,0,0,NA,0,"P_Quarry_Far_2022_summer_nonserpentine_network_case3_version3","3"
"LERA",1,0,0,0,0,0,NA,5,1,0,0,0,0,0,NA,5,"P_Quarry_Far_2022_summer_nonserpentine_network_case3_version3","3"
"ACAM",0,0.499081700597462,0.499081700597462,0.4597432542172,0,0,NA,0,1,0.499081700597462,8.85667723008292e-06,4.78513514078788e-05,0,0,NA,0,"P_Quarry_Far_2022_summer_serpentine_network_case3_version2","2"
"CESO",1,0,7.40479631331268e-19,3.73742124478852e-18,3.97147037451205e-35,-1.22655042630231e-26,-2.39761273217878e-27,-2.83673699494602e-09,1,0,0,0,0,0,NA,0.25,"P_Quarry_Far_2022_summer_serpentine_network_case3_version2","2"
"ERNU",0,0.547611556852987,0.78380379120728,0.012500390054902,29.3660556074297,24.2994881186826,0.941488351427076,1.88424654152714,0,0.547611556852987,0.783693233350219,0.0144291162377345,12.3571149603886,21.0353748623603,0.415341072087796,0.833333333333333,"P_Quarry_Far_2022_summer_serpentine_network_case3_version2","2"
"ESCA",0,0.507436028149648,0.826380483926358,0.0125003930307754,29.8224133233781,25.779771090479,0.946421859811061,1.88315993768935,0,0.507436028149648,0.826376343782538,0.0124962987995209,28.48985778446,25.7879840799752,0.762169601651946,1.5,"P_Quarry_Far_2022_summer_serpentine_network_case3_version2","2"
"GRCA",0,0.477325111128076,0.821295488858596,0.0125003855861669,32.8114867264074,28.4984519010634,0.926967301895062,2.75860577496876,0,0.477325111128076,0.821299230848997,0.0125654733131188,33.1139591139505,28.3507025932196,0.630236096985176,1.83333333333333,"P_Quarry_Far_2022_summer_serpentine_network_case3_version2","2"
"HECO",0,0.503142729566033,0.894173468751488,0.0125003837230402,31.2648576061898,31.835741400379,0.830516055080304,4.88353466965329,0,0.503142729566033,0.894177622051918,0.0125866453667366,33.7329678441701,31.6172391977077,0.634175108951427,3.58333333333333,"P_Quarry_Far_2022_summer_serpentine_network_case3_version2","2"
"HEEX",0,0.519855816322312,0.76508515952283,0.0125003902813259,20.8480346566455,21.0180515748621,0.488705635908522,3.97845712062327,0,0.519855816322312,0.765072988312589,0.0125429384163427,18.8169513986753,20.9458526789501,0.596991923391789,4.75,"P_Quarry_Far_2022_summer_serpentine_network_case3_version2","2"
"LERA",0,0.516704929092296,0.782922005560804,0.0125003932147223,25.2456094928765,23.2917946673824,0.503369083605903,7.61199595830707,0,0.516704929092296,0.782874308253666,0.0108244280874883,16.5246234934454,26.9070741701784,0.678218954714808,10.25,"P_Quarry_Far_2022_summer_serpentine_network_case3_version2","2"
"CAPA",0,0.477244285832739,0.477244285832739,0.535715579281429,2.2386263188382e-18,2.08253075157684e-09,5.13016010914301e-10,9.30525850234422e-10,0,0.477244285832739,0.823991954128793,0.0167170140905873,7.74489926678434,19.7485650221431,0.323149285743686,0.333333333333333,"P_Quarry_Far_2023_summer_full_network_case3_version1","1"
"CESO",0,0.544711990838271,0.775929249794846,0.0125003826046104,25.133131002452,24.4813703727396,0.790133731789983,2.39118498716499,0,0.544711990838271,0.77554119485197,0.0171905991644203,5.35152211063558,17.7615755280132,0.231329626364992,0.7,"P_Quarry_Far_2023_summer_full_network_case3_version1","1"
"ERNU",0,0.474430018814481,0.804399042355809,0.0125003802624266,21.9910965671802,25.4285690500216,0.524962611676451,3.08871487936706,0,0.474430018814481,0.804392935468312,0.0124311884842982,18.5990401833194,25.5702058959543,0.390180655684605,2.28333333333333,"P_Quarry_Far_2023_summer_full_network_case3_version1","1"
"GRCA",0,0.54532621498002,0.733767056680435,0.0125003755551268,19.2881284410417,19.9522513299597,0.451515914872305,4.64783031625754,0,0.54532621498002,0.73371395965068,0.0124389160197828,12.7243300639975,20.0482759036431,0.420218527568977,4.41666666666667,"P_Quarry_Far_2023_summer_full_network_case3_version1","1"
"HECO",0,0.497695169200979,0.832321197764986,0.0125003747422208,23.3756845677523,28.5690526754893,0.575500473874136,5.59294498201276,0,0.497695169200979,0.832213129193661,0.0125648316354138,10.7356407047111,28.4146733808083,0.325492768819316,3.11666666666667,"P_Quarry_Far_2023_summer_full_network_case3_version1","1"
"HEEX",0,0.462708760850462,0.729262200296139,0.0125003651145334,25.8574355071329,23.3065219160418,0.561923313807706,8.11111177576842,0,0.462708760850462,0.729251303407829,0.0125706305595794,19.469714931456,23.175146705913,0.518723999507038,7.7,"P_Quarry_Far_2023_summer_full_network_case3_version1","1"
"PEKE",0,0.546143613707341,0.861085802500894,0.0125003517739699,31.3784588438706,30.7411722320175,0.510080378037825,17.1682130582562,0,0.546143613707341,0.861018614600639,0.00851632534926842,16.3466603993616,45.1580014237428,0.674192027766831,22.45,"P_Quarry_Far_2023_summer_full_network_case3_version1","1"
"CAPA",1,0,0,0,0,0,NA,0,1,0,0,0,0,0,NA,0,"P_Quarry_Far_2023_summer_nonserpentine_network_case3_version3","3"
"CESO",1,0.544711990838271,0,0,0,0,NA,0,0,0.544711990838271,0.544711990838271,0.471740982971034,0,0,NA,0,"P_Quarry_Far_2023_summer_nonserpentine_network_case3_version3","3"
"ERNU",1,0,0,0,0,0,NA,0,1,0,0,0,0,0,NA,0,"P_Quarry_Far_2023_summer_nonserpentine_network_case3_version3","3"
"GRCA",1,0,0,0,0,0,NA,0,1,0,0,0,0,0,NA,0,"P_Quarry_Far_2023_summer_nonserpentine_network_case3_version3","3"
"HECO",1,0,0,0,0,0,NA,0,1,0,0,0,0,0,NA,0,"P_Quarry_Far_2023_summer_nonserpentine_network_case3_version3","3"
"HEEX",1,0,0,0,0,0,NA,0,1,0,0,0,0,0,NA,0,"P_Quarry_Far_2023_summer_nonserpentine_network_case3_version3","3"
"PEKE",1,0,0,0,0,0,NA,10,1,0,0,0,0,0,NA,10,"P_Quarry_Far_2023_summer_nonserpentine_network_case3_version3","3"
"CAPA",0,0.477244285832739,0.477244285832739,0.535715579281429,0,0,NA,0,1,0.477244285832739,1.10122684372116e-05,5.62088961586635e-05,0,0,NA,0,"P_Quarry_Far_2023_summer_serpentine_network_case3_version2","2"
"CESO",1,0,0,0,0,0,NA,8.54654891244494e-09,1,0,0,0,0,0,NA,0.5,"P_Quarry_Far_2023_summer_serpentine_network_case3_version2","2"
"ERNU",0,0.474430018814481,0.84294660837176,0.0125003146687448,28.5926127307847,27.9286516390913,0.861300179093871,2.53903959522477,0,0.474430018814481,0.842648391325902,0.014988801427109,7.38251259942391,23.2600979987972,0.267863663613906,0.75,"P_Quarry_Far_2023_summer_serpentine_network_case3_version2","2"
"GRCA",0,0.54532621498002,0.768924688542556,0.0125003123997232,21.6945053791317,21.9137126159576,0.55886447125419,3.48053540667177,0,0.54532621498002,0.768845239169843,0.0120667659258875,13.3117577930944,22.6990148936553,0.41655425863132,2.66666666666667,"P_Quarry_Far_2023_summer_serpentine_network_case3_version2","2"
"HECO",0,0.497695169200979,0.872206715856014,0.0125003068118026,28.9806528619029,31.3771422538693,0.631531578564582,6.16503351901379,0,0.497695169200979,0.872163710772449,0.0122872911993755,19.8796677746926,31.9194684373091,0.495157563056812,4.83333333333333,"P_Quarry_Far_2023_summer_serpentine_network_case3_version2","2"
"HEEX",0,0.462708760850462,0.764198444310571,0.0125002938541709,27.8025666941081,25.5969064335692,0.647515701174794,9.3660119333983,0,0.462708760850462,0.764151957939069,0.012307512868889,17.8709003077592,25.9958831616273,0.547422537202846,8.16666666666667,"P_Quarry_Far_2023_summer_serpentine_network_case3_version2","2"
"PEKE",0,0.546143613707341,0.902332459861167,0.0125002869377192,32.953634663455,33.7615354172075,0.578893442150009,19.4493795373746,0,0.546143613707341,0.902244484550317,0.0114823552482447,16.1543902196843,36.755871383182,0.737693891351835,24.0833333333333,"P_Quarry_Far_2023_summer_serpentine_network_case3_version2","2"
"CESO",0,0.524829265091023,0.524829265091023,0.539073748136439,2.33721379104248e-05,1.22926628340875e-05,0.400000001735035,2.00000001530117,0,0.524829265091023,0.779288582442794,0.012503175851254,22.7054995765702,22.4896373632005,0.681379617726543,3.5,"P_Quarry_Far_2024_summer_full_network_case3_version1","1"
"HEEX",0,0.505458384824665,0.848162144038314,0.0125005122270214,33.8345069524258,28.6971479833286,0.999999998915603,7.9999999846994,0,0.505458384824665,0.808525508046426,0.0124986623716272,26.8192300045112,26.0779142770617,0.82413773892091,6.5,"P_Quarry_Far_2024_summer_full_network_case3_version1","1"
"CESO",0,0.524829265091023,0.524829265091023,0.539073748136439,0,0,NA,0,1,0.524829265091023,2.32468190615501e-05,0.000101918589577619,0,0,NA,0,"P_Quarry_Far_2024_summer_nonserpentine_network_case3_version3","3"
"HEEX",1,0,0,0,0,0,NA,5,1,0,0,0,0,0,NA,5,"P_Quarry_Far_2024_summer_nonserpentine_network_case3_version3","3"
"CESO",1,0,0,0,0,0,NA,0,1,0,0,0,0,0,NA,0,"P_Quarry_Far_2024_summer_serpentine_network_case3_version2","2"
"HEEX",0,0.505458384824665,0.848162907391014,0.0125030992109574,33.8345230747364,28.6971874612568,1,8,0,0.505458384824665,0.848162907391014,0.0125030992109573,33.8345230747364,28.6971874612568,1,8,"P_Quarry_Far_2024_summer_serpentine_network_case3_version2","2"
"ASFA",0,0.512324261787498,0.512324261787498,0.495454717355526,4.15994470681464e-17,1.61265232481087e-08,1.32157475495877e-09,2.01562823018448e-09,0,0.512324261787498,0.796515070964041,0.0163979916355437,3.64590434180967,17.6478164690706,0.164553941312467,0.166666666666667,"P_Randy_2022_summer_full_network_case3_version1","1"
"CAPA",0,0.53386786248715,0.77161799808783,0.0125002918594224,33.675170473113,25.9843676257299,1,1,0,0.53386786248715,0.771618020482483,0.0125007041372544,33.6760814054245,25.9850712716606,1,1,"P_Randy_2022_summer_full_network_case3_version1","1"
"CESO",0,0.51716482153496,0.76520989035201,0.0125003173937206,24.8305463736434,22.9082002933734,0.782862493154419,1.57959798601952,0,0.51716482153496,0.765209418194564,0.0125095351016616,24.6801134886343,22.8925403583934,0.742915934587284,1.5,"P_Randy_2022_summer_full_network_case3_version1","1"
"ERNU",0,0.489155538072416,0.806524435538089,0.0125003326929676,25.3126670073033,24.5740018812673,0.818959396487834,1.62784177574847,0,0.489155538072416,0.806127798084059,0.0137791724371242,5.35490701692012,22.2649849264864,0.241934465922335,0.5,"P_Randy_2022_summer_full_network_case3_version1","1"
"GRCA",0,0.53712838310149,0.86951355422579,0.0125003228248005,29.2436652471149,32.9511396044994,0.691182667218412,2.06959873047574,0,0.53712838310149,0.86950819845426,0.0124667407878624,27.85614945664,33.0415821017177,0.667780317282535,2,"P_Randy_2022_summer_full_network_case3_version1","1"
"HECO",0,0.516734786735258,0.800153496605607,0.0125003413385417,24.6306668075585,27.2279322858642,0.61714298185923,2.9921937627388,0,0.516734786735258,0.800160915458271,0.0126358084119354,26.4076242572261,26.937030953618,0.526835097960952,2.58333333333333,"P_Randy_2022_summer_full_network_case3_version1","1"
"HEEX",0,0.461560659488458,0.776411431094347,0.0125003519696738,20.2603032000515,22.58458197944,0.542572508031169,2.74423325068985,0,0.461560659488458,0.776139262357309,0.0124689437552479,6.31909858734291,22.6269393517581,0.32835804893618,1.75,"P_Randy_2022_summer_full_network_case3_version1","1"
"LULU",0,0.4500040225219,0.753772448069586,0.0125003486134813,13.5126721849273,20.9593342778307,0.38216805709325,2.4175319432054,0,0.4500040225219,0.753492380234568,0.0110312407840398,6.09414571407348,23.745094645127,0.261487612324672,1.75,"P_Randy_2022_summer_full_network_case3_version1","1"
"PEKE",0,0.517606525573696,0.737598361250696,0.0125003931332197,22.2830019529721,20.3694358819682,0.581315395999072,5.28025819880626,0,0.517606525573696,0.737462158264377,0.0114803382921171,9.56633203574496,22.1782532087451,0.605245832036116,5.5,"P_Randy_2022_summer_full_network_case3_version1","1"
"Sidalcea",0,0.51287531711295,0.8543835511668,0.0125003974444857,27.1466432957864,28.1637895540039,0.466632436763086,8.28874435055216,0,0.51287531711295,0.854233263773137,0.0112149524644568,11.1812515510072,31.3928679691767,0.642794467170109,11.25,"P_Randy_2022_summer_full_network_case3_version1","1"
"ASFA",1,0,0,0,0,0,NA,0,1,0,0,0,0,0,NA,0,"P_Randy_2022_summer_nonserpentine_network_case3_version3","3"
"CAPA",1,0,0,0,0,0,NA,0,1,0,0,0,0,0,NA,0,"P_Randy_2022_summer_nonserpentine_network_case3_version3","3"
"CESO",1,0.51716482153496,0,0,0,0,NA,0,0,0.51716482153496,0.51716482153496,0.453226937541378,0,0,NA,0,"P_Randy_2022_summer_nonserpentine_network_case3_version3","3"
"ERNU",1,0,0,0,0,0,NA,0,1,0,0,0,0,0,NA,0,"P_Randy_2022_summer_nonserpentine_network_case3_version3","3"
"GRCA",1,0,0,0,0,0,NA,0,1,0,0,0,0,0,NA,0,"P_Randy_2022_summer_nonserpentine_network_case3_version3","3"
"HECO",1,0,0,0,0,0,NA,0,1,0,0,0,0,0,NA,0,"P_Randy_2022_summer_nonserpentine_network_case3_version3","3"
"HEEX",1,0,0,0,0,0,NA,0,1,0,0,0,0,0,NA,0,"P_Randy_2022_summer_nonserpentine_network_case3_version3","3"
"LULU",1,0,0,0,0,0,NA,0,1,0,0,0,0,0,NA,0,"P_Randy_2022_summer_nonserpentine_network_case3_version3","3"
"PEKE",1,0,0,0,0,0,NA,0,1,0,0,0,0,0,NA,0,"P_Randy_2022_summer_nonserpentine_network_case3_version3","3"
"Sidalcea",1,0,0,0,0,0,NA,6,1,0,0,0,0,0,NA,6,"P_Randy_2022_summer_nonserpentine_network_case3_version3","3"
"ASFA",0,0.512324261787498,0.512324261787498,0.495454717355526,0,0,NA,0,1,0.512324261787498,2.03687410845644e-05,0.000104172577632449,0,0,NA,0,"P_Randy_2022_summer_serpentine_network_case3_version2","2"
"CAPA",0,0.53386786248715,0.812461841727475,0.0125005732327749,28.7385719169555,28.8135431096302,0.810347862441925,0.80627610760672,0,0.53386786248715,0.812064136472389,0.0163046506946316,5.66035693824045,22.0497977815071,0.208463266408403,0.2,"P_Randy_2022_summer_serpentine_network_case3_version2","2"
"CESO",1,0,4.21493115749604e-13,1.97863498278884e-12,2.28846442654442e-05,9.64572001426338e-18,1,1,1,0,0,0,0,0,NA,1,"P_Randy_2022_summer_serpentine_network_case3_version2","2"
"ERNU",0,0.489155538072416,0.849238554559616,0.0125005614168829,26.8724114720476,27.2514323826874,0.798417395432489,1.63102249894898,0,0.489155538072416,0.849237704581884,0.0125097513224736,26.547709315686,27.2312952378671,0.731993048889278,1.5,"P_Randy_2022_summer_serpentine_network_case3_version2","2"
"GRCA",0,0.53712838310149,0.915572302010593,0.0125005748546367,33.2291840543248,36.5407957778971,0.584968519007735,1.17241786670466,0,0.53712838310149,0.915362814584937,0.0138726111121865,9.84172868749924,32.9024028851207,0.345653997375101,0.7,"P_Randy_2022_summer_serpentine_network_case3_version2","2"
"HECO",0,0.516734786735258,0.842534152009341,0.012500560582163,28.6443194653876,30.1945868795485,0.716293823663,2.08168962212023,0,0.516734786735258,0.842527896175618,0.0124627681720843,26.8844866643834,30.2859783424623,0.692579625552667,2,"P_Randy_2022_summer_serpentine_network_case3_version2","2"
"HEEX",0,0.461560659488458,0.817541169304528,0.012500554654004,23.4540955279031,25.0455769176998,0.68255941945747,3.47950505710636,0,0.461560659488458,0.817545484917992,0.0126539369257906,23.5334069537187,24.7413614643878,0.537159414636649,2.83333333333333,"P_Randy_2022_summer_serpentine_network_case3_version2","2"
"LULU",0,0.4500040225219,0.793775382751554,0.0125005513941831,23.1986923363751,23.2484282226683,0.628470684307086,3.21196236404908,0,0.4500040225219,0.793439413825945,0.0116878141382338,6.48340696326377,24.8499587315374,0.368787491537697,2.03333333333333,"P_Randy_2022_summer_serpentine_network_case3_version2","2"
"PEKE",0,0.517606525573696,0.776660419265035,0.0125005370390087,23.6382747283448,22.5886570813483,0.640479598661713,5.84055935180907,0,0.517606525573696,0.776513131169135,0.0111760036332246,9.47978889542403,25.2648052707653,0.624618002937133,5.7,"P_Randy_2022_summer_serpentine_network_case3_version2","2"
"Sidalcea",0,0.51287531711295,0.899625886145086,0.0125005374913109,27.6489061656964,31.2317028871023,0.497473996161691,8.7765671316544,0,0.51287531711295,0.899522775978471,0.010401350521703,13.8383323899178,37.5460537318091,0.689289289283273,12.0333333333333,"P_Randy_2022_summer_serpentine_network_case3_version2","2"
"ASFA",0,0.485752568038065,0.485752568038065,0.494485011764097,7.08856488338571e-20,-3.71196467726727e-10,-9.27618901358725e-11,-1.63239976457772e-10,0,0.485752568038065,0.813195507837155,0.0206127599951566,6.21909870124644,15.6056485647782,0.324071319795312,0.333333333333333,"P_Randy_2023_summer_full_network_case3_version1","1"
"CAPA",0,0.543411015762673,0.879281532760733,0.0125003610271155,37.1725096512384,32.7685780320623,0.997452536107102,0.997319102180926,0,0.543411015762673,0.879147950529925,0.0202828423632158,11.7559738682436,20.1565887640094,0.512747491837699,0.5,"P_Randy_2023_summer_full_network_case3_version1","1"
"CESO",0,0.50894192324902,0.836622800807805,0.0125003648626236,29.2980622604778,28.0535263970774,0.873737816760034,0.87834482756801,0,0.50894192324902,0.836305548135304,0.0206271011742027,6.72137609451999,16.953770567369,0.331555986122053,0.333333333333333,"P_Randy_2023_summer_full_network_case3_version1","1"
"ERNU",0,0.486904046282593,0.771559271040179,0.0125003444007344,30.9344089266307,25.8346155144655,0.924040010541678,1.84904245382106,0,0.486904046282593,0.771270038326171,0.0203369988587603,6.8669436036289,15.8399823728763,0.334706781883382,0.666666666666667,"P_Randy_2023_summer_full_network_case3_version1","1"
"GRCA",0,0.496305871543617,0.770440239611358,0.01250036507097,26.2060762867888,23.2889034785343,0.562530341376731,1.12041156839599,0,0.496305871543617,0.770410244193431,0.0122875825855319,17.4998179919003,23.6916184216011,0.673145490355589,1.33333333333333,"P_Randy_2023_summer_full_network_case3_version1","1"
"HECO",0,0.512783033569708,0.77068572302601,0.0125003406555119,28.5051147371221,24.0574401136946,0.876150835599559,3.51767839852452,0,0.512783033569708,0.770697080802378,0.0125049303962747,28.033186890603,24.049290921352,0.746318015866934,3,"P_Randy_2023_summer_full_network_case3_version1","1"
"HEEX",0,0.544445206082633,0.748242273994116,0.0125003386735526,23.4099901007354,23.4297996934522,0.618891262601859,4.29770595788747,0,0.544445206082633,0.748237052776081,0.0125965646896032,19.3829255277289,23.2498830571223,0.508313854413628,3.5,"P_Randy_2023_summer_full_network_case3_version1","1"
"LULU",0,0.490578630818324,0.812944189798197,0.0125003370813328,29.3122029209066,28.3692970355396,0.684774674492786,4.80085737434493,0,0.490578630818324,0.812895240563831,0.0123304529153568,17.3256118662404,28.7577605621055,0.549512800903579,3.83333333333333,"P_Randy_2023_summer_full_network_case3_version1","1"
"PEKE",0,0.455048163563501,0.816249193951039,0.0125003292168037,28.1807061454767,25.7109902605481,0.523882001878548,11.5386403176153,0,0.455048163563501,0.816277170533595,0.00471983271359164,31.1198192056901,68.2244112423186,0.701175545776309,15.5,"P_Randy_2023_summer_full_network_case3_version1","1"
"ASFA",1,0,0,0,0,0,NA,0,1,0,0,0,0,0,NA,0,"P_Randy_2023_summer_nonserpentine_network_case3_version3","3"
"CAPA",1,0,0,0,0,0,NA,0,1,0,0,0,0,0,NA,0,"P_Randy_2023_summer_nonserpentine_network_case3_version3","3"
"CESO",1,0.50894192324902,0,0,0,0,NA,0,0,0.50894192324902,0.50894192324902,0.524831107107378,0,0,NA,0,"P_Randy_2023_summer_nonserpentine_network_case3_version3","3"
"ERNU",1,0,0,0,0,0,NA,0,1,0,0,0,0,0,NA,0,"P_Randy_2023_summer_nonserpentine_network_case3_version3","3"
"GRCA",1,0,0,0,0,0,NA,0,1,0,0,0,0,0,NA,0,"P_Randy_2023_summer_nonserpentine_network_case3_version3","3"
"HECO",1,0,0,0,0,0,NA,0,1,0,0,0,0,0,NA,0,"P_Randy_2023_summer_nonserpentine_network_case3_version3","3"
"HEEX",1,0,0,0,0,0,NA,0,1,0,0,0,0,0,NA,0,"P_Randy_2023_summer_nonserpentine_network_case3_version3","3"
"LULU",1,0,0,0,0,0,NA,0,1,0,0,0,0,0,NA,0,"P_Randy_2023_summer_nonserpentine_network_case3_version3","3"
"PEKE",1,0,0,0,0,0,NA,1,1,0,0,0,0,0,NA,1,"P_Randy_2023_summer_nonserpentine_network_case3_version3","3"
"ASFA",0,0.485752568038065,0.485752568038065,0.494485011764097,0,0,NA,0,1,0.485752568038065,2.53915144380977e-05,0.00013023144309955,0,0,NA,0,"P_Randy_2023_summer_serpentine_network_case3_version2","2"
"CAPA",0,0.543411015762673,0.92388002163113,0.0125004069297882,39.0864569178691,36.1814203044583,0.998059124238291,0.997957418153039,0,0.543411015762673,0.92375265037453,0.0175795427776356,14.2629563946509,25.6948203179138,0.51276652682212,0.5,"P_Randy_2023_summer_serpentine_network_case3_version2","2"
"CESO",1,0,1.31116601331673e-19,6.65821762091168e-19,3.35427758198792e-36,-2.14445191725088e-27,-2.05088056736236e-28,-1.43393495425531e-09,1,0,0,0,0,0,NA,0.333333333333333,"P_Randy_2023_summer_serpentine_network_case3_version2","2"
"ERNU",0,0.486904046282593,0.810709154259912,0.0125003842723196,32.9785657466476,28.5266216736357,0.937175446528014,1.87514684992873,0,0.486904046282593,0.810489903998094,0.0175042291849997,8.4006217071831,20.3401868147997,0.334738085723723,0.666666666666667,"P_Randy_2023_summer_serpentine_network_case3_version2","2"
"GRCA",0,0.496305871543617,0.809533382430622,0.0125003979781227,31.5892091588676,25.7161509665204,0.99208777167666,1.98300864043712,0,0.496305871543617,0.809538411434072,0.0125032779915131,31.7557777835397,25.7105310435264,0.759043406012829,1.33333333333333,"P_Randy_2023_summer_serpentine_network_case3_version2","2"
"HECO",0,0.512783033569708,0.809784532658748,0.0125003813181477,30.0126899781033,26.5645042308345,0.879492536027298,3.53093712454219,0,0.512783033569708,0.809780971821801,0.0125068378034922,29.4110371011924,26.55051549579,0.746321282527247,3,"P_Randy_2023_summer_serpentine_network_case3_version2","2"
"HEEX",0,0.544445206082633,0.78621094673466,0.0125003803988763,24.9496118316171,25.8721496064565,0.614048611332715,4.2639334534943,0,0.544445206082633,0.786182872107846,0.0126690912358289,20.2258093082851,25.5246749803342,0.50831609470158,3.5,"P_Randy_2023_summer_serpentine_network_case3_version2","2"
"LULU",0,0.490578630818324,0.854189962750117,0.0125003784424388,30.9167868985433,31.3250982068705,0.682613298739914,4.78557068463109,0,0.490578630818324,0.854177667506862,0.0126149584301016,27.1474936139857,31.0389375337811,0.572901561189863,4,"P_Randy_2023_summer_serpentine_network_case3_version2","2"
"PEKE",0,0.455048163563501,0.857659148193863,0.0125003884618404,29.3322856321227,28.3898087678384,0.524945951124308,11.5634458303134,0,0.455048163563501,0.857626695979058,0.00749506473252661,22.8762557934673,47.398576544995,0.715720989470713,15.6666666666667,"P_Randy_2023_summer_serpentine_network_case3_version2","2"
"LUMI",0,0.539073748136439,0.539073748136439,0.465976752255101,8.88478757284639e-16,5.41143409597186e-08,8.85080674244113e-09,1.28939899459419e-08,0,0.539073748136439,0.740213239978708,0.0133330897908382,13.5002788182328,20.5948762613792,0.485221906547683,0.5,"P_Reservoir_2022_spring_full_network_case3_version1","1"
"TRHI",0,0.512484929134364,0.829098622052619,0.0125004197470494,27.6859503708796,27.2172742099612,0.774205757137223,3.08912117645245,0,0.512484929134364,0.829106813634361,0.0125785668668491,29.6738992988485,27.0482951751412,0.751948104829181,3,"P_Reservoir_2022_spring_full_network_case3_version1","1"
"VIVI",0,0.534203961251399,0.847599563280087,0.0125004162368661,31.5749720330669,31.1891919145063,0.78063539252006,3.91087881066124,0,0.534203961251399,0.847568048428139,0.0118392470010084,22.3599263670673,32.9331456468687,0.701397134827119,3.5,"P_Reservoir_2022_spring_full_network_case3_version1","1"
"LUMI",1,0,0,0,0,0,NA,0,1,0,0,0,0,0,NA,0,"P_Reservoir_2022_spring_nonserpentine_network_case3_version3","3"
"TRHI",1,0,0,0,0,0,NA,0,1,0,0,0,0,0,NA,0,"P_Reservoir_2022_spring_nonserpentine_network_case3_version3","3"
"VIVI",0,0.534203961251399,0.847610615619582,0.0125005368309725,36.7973054602859,31.1897867343347,1,4,0,0.534203961251399,0.847610615619373,0.0125005379597449,36.7973048024211,31.1897861767138,1,4,"P_Reservoir_2022_spring_nonserpentine_network_case3_version3","3"
"LUMI",0,0.539073748136439,0.539073748136439,0.465976752255101,0,0,NA,0,1,0.539073748136439,2.04238439782969e-05,0.000104609194710974,0,0,NA,0,"P_Reservoir_2022_spring_serpentine_network_case3_version2","2"
"TRHI",0,0.512484929134364,0.873550132199281,0.0125002108752753,34.5925793386483,30.2183522543903,1,0.999999999504135,0,0.512484929134364,0.873459648056918,0.0250018687598419,17.2447778994373,15.0626176348622,1,0.5,"P_Reservoir_2022_spring_serpentine_network_case3_version2","2"
"VIVI",1,0,0,0,0,0,NA,4.00000000050133,1,0,0,0,0,0,NA,4.5,"P_Reservoir_2022_spring_serpentine_network_case3_version2","2"
"ERGU",0,0.478028892319663,0.478028892319663,0.450934752170432,2.03092739753555e-05,9.7085839994091e-06,0.666666666676825,2.00000000005952,0,0.478028892319663,0.762378938832707,0.0125056452870337,28.3000813993356,24.4491415116353,0.816505190996758,2.5,"P_Rock_2022_spring_full_network_case3_version1","1"
"LUMI",0,0.531593216574561,0.799016058231982,0.0125005395264285,21.989518913109,23.6297046005557,0.570392011091158,3.49635588177041,0,0.531593216574561,0.79901899740167,0.012497593856439,22.6960959286212,23.6353254113233,0.533176882190497,3.25,"P_Rock_2022_spring_full_network_case3_version1","1"
"LUSU",0,0.487190968653742,0.744710505267855,0.0125005355924146,24.5057476865695,20.6083288658471,0.600716236254973,5.46047354967343,0,0.487190968653742,0.744697355181935,0.0125012816244089,21.7963403604208,20.6063052056856,0.663944091014008,6.08333333333333,"P_Rock_2022_spring_full_network_case3_version1","1"
"TRFU",0,0.518610163437487,0.875650629548801,0.0125005381840123,22.1414228739131,30.4902186626199,0.512242299371153,4.54451630559613,0,0.518610163437487,0.875635035945298,0.0124758181779228,19.5300720199865,30.5496518939349,0.468689603606924,4.08333333333333,"P_Rock_2022_spring_full_network_case3_version1","1"
"VIVI",0,0.481016893839006,0.893860081377407,0.0125005382425155,22.8679018501668,34.1665942394252,0.50678012364305,4.49865426290252,0,0.481016893839006,0.893860800285558,0.0125219403612887,23.3719061579908,34.107755473059,0.461968875808706,4.08333333333333,"P_Rock_2022_spring_full_network_case3_version1","1"
"ERGU",1,0,0,0,0,0,NA,0,1,0,0,0,0,0,NA,0,"P_Rock_2022_spring_nonserpentine_network_case3_version3","3"
"LUMI",1,0,0,0,0,0,NA,0,1,0,0,0,0,0,NA,0,"P_Rock_2022_spring_nonserpentine_network_case3_version3","3"
"LUSU",1,0,0,0,0,0,NA,0,1,0,0,0,0,0,NA,0,"P_Rock_2022_spring_nonserpentine_network_case3_version3","3"
"TRFU",1,0,0,0,0,0,NA,0,1,0,0,0,0,0,NA,0,"P_Rock_2022_spring_nonserpentine_network_case3_version3","3"
"VIVI",0,0.481016893839006,0.893916665722415,0.0125005087912756,38.2261663424168,34.1710071601636,1,9,0,0.481016893839006,0.893916665733899,0.0125005068603399,38.2261722691042,34.1710124585673,1,9,"P_Rock_2022_spring_nonserpentine_network_case3_version3","3"
"ERGU",0,0.478028892319663,0.478028892319663,0.450934752170432,0,0,NA,0,1,0.478028892319663,9.35961844668291e-06,4.80113966201061e-05,0,0,NA,0,"P_Rock_2022_spring_serpentine_network_case3_version2","2"
"LUMI",0,0.531593216574561,0.840693385529038,0.0125005585282251,31.1214750196311,26.1636181969111,1,2.99999999990605,0,0.531593216574561,0.840691353313623,0.0125041702911496,31.1123734108299,26.1559033075494,1,2.5,"P_Rock_2022_spring_serpentine_network_case3_version2","2"
"LUSU",0,0.487190968653742,0.783527437244328,0.0125005317793026,25.1367959252962,22.8167195574267,0.788433309286388,4.85439751311589,0,0.487190968653742,0.783540176773646,0.0125262979478279,28.9960349124036,22.7703661985858,0.728590592643585,4,"P_Rock_2022_spring_serpentine_network_case3_version2","2"
"TRFU",0,0.518610163437487,0.921327367038589,0.0125005287783186,33.2865423910072,33.7590337436841,0.807711127142408,7.14560248625541,0,0.518610163437487,0.921333382587562,0.0125232423955397,36.5207145563217,33.6980710916154,0.847606271570943,6.5,"P_Rock_2022_spring_serpentine_network_case3_version2","2"
"VIVI",1,0,0,0,0,0,NA,4.00000000072236,1,0,0,0,0,0,NA,6,"P_Rock_2022_spring_serpentine_network_case3_version2","2"
"AMME",0,0.495507239199014,0.495507239199014,0.530201864931826,1.38748748775402e-20,7.25974285936933e-10,9.47017143441766e-12,1.44848968514065e-11,0,0.495507239199014,0.703599998942585,0.0128310742333304,4.07166394534369,20.5314050230829,0.139533692137364,0.142857142857143,"P_Rock_2023_spring_full_network_case3_version1","1"
"DICA",0,0.49016921782874,0.840588646834012,0.0125008985591399,14.4662183982487,30.8598527327365,0.39404397206632,0.362956435857089,0,0.49016921782874,0.808067651453457,0.0151081365088616,4.57728605160551,23.5798241372598,0.156861084638326,0.142857142857143,"P_Rock_2023_spring_full_network_case3_version1","1"
"ERGU",0,0.474044047633207,0.745667783549873,0.0125008428877898,28.1337580318956,21.0862285734028,0.994888057935274,0.994644075096946,0,0.474044047633207,0.71705866526362,0.0136537193335734,12.7327848158867,17.842930577636,0.511695858785223,0.5,"P_Rock_2023_spring_full_network_case3_version1","1"
"HIIN",0,0.458308571301544,0.764264027244955,0.0125009004779154,8.08828586884149,22.1259551675746,0.279381653122407,0.286221848391324,0,0.458308571301544,0.73472498448535,0.0119230956803781,4.11557155188448,21.4396478961308,0.141038381752173,0.142857142857143,"P_Rock_2023_spring_full_network_case3_version1","1"
"LACA",0,0.49215786505591,0.759899676279209,0.0125008999617388,8.03215679936732,22.6739166592629,0.269191840271212,0.294994866825597,0,0.49215786505591,0.730486903890741,0.0122866138496608,3.8473108145974,21.3159785536931,0.131845233292079,0.142857142857143,"P_Rock_2023_spring_full_network_case3_version1","1"
"PLER",0,0.497237994683552,0.834062908650415,0.0125008589051102,26.1346052257584,29.4847878597268,0.414849216067348,0.791008809277825,0,0.497237994683552,0.801887542597321,0.0128990573419598,6.76527311344682,26.4064443937327,0.356474586187004,0.642857142857143,"P_Rock_2023_spring_full_network_case3_version1","1"
"TRFU",0,0.478976646451734,0.768593306486243,0.012500855590426,30.9466541779701,25.4281637594705,0.507370070034482,1.01531251936649,0,0.478976646451734,0.738841715413006,0.012414657944649,5.50650550295666,23.6577819792394,0.323687944204216,0.642857142857143,"P_Rock_2023_spring_full_network_case3_version1","1"
"TRLA",0,0.460496914298505,0.756661649967674,0.0125008496714176,19.5114640905126,21.6594100578019,0.398879894425981,1.23340620161264,0,0.460496914298505,0.727385023957363,0.0103429950805052,5.65807576285135,24.2021490317027,0.356835269019293,1.14285714285714,"P_Rock_2023_spring_full_network_case3_version1","1"
"VIVI",0,0.471638614973816,0.75347167231268,0.0125005771562812,31.1149945641399,23.8211280252416,0.787244015793837,11.0214552435833,0,0.471638614973816,0.724619165988204,0.0115909435706096,18.4497018724417,23.7630266989887,0.892013920111037,12.5,"P_Rock_2023_spring_full_network_case3_version1","1"
"AMME",0,0.495507239199014,0.495507239199014,0.530201864931826,0,0,NA,0,1,0.495507239199014,4.40364610704499e-05,0.000264201539912359,0,0,NA,0,"P_Rock_2023_spring_nonserpentine_network_case3_version3","3"
"DICA",1,0,0,0,0,0,NA,0,1,0,0,0,0,0,NA,0,"P_Rock_2023_spring_nonserpentine_network_case3_version3","3"
"ERGU",1,0,0,0,0,0,NA,0,1,0,0,0,0,0,NA,0,"P_Rock_2023_spring_nonserpentine_network_case3_version3","3"
"HIIN",1,0.458308571301544,0,0,0,0,NA,0,0,0.458308571301544,0.458308571301544,0.536364275303839,0,0,NA,0,"P_Rock_2023_spring_nonserpentine_network_case3_version3","3"
"LACA",1,0,0,0,0,0,NA,0,1,0,0,0,0,0,NA,0,"P_Rock_2023_spring_nonserpentine_network_case3_version3","3"
"PLER",1,0,0,0,0,0,NA,0,1,0,0,0,0,0,NA,0,"P_Rock_2023_spring_nonserpentine_network_case3_version3","3"
"TRFU",1,0,0,0,0,0,NA,0.499814531070622,1,0,0,0,0,0,NA,0.5,"P_Rock_2023_spring_nonserpentine_network_case3_version3","3"
"TRLA",1,0,0,0,0,0,NA,0.500185468929632,1,0,0,0,0,0,NA,0.5,"P_Rock_2023_spring_nonserpentine_network_case3_version3","3"
"VIVI",0,0.471638614973816,0.790268862490686,0.0125006793752288,33.1631814014138,26.2078296426676,1,14,0,0.471638614973816,0.790269437366469,0.0125011331488791,33.1632814326463,26.2079277590033,1,14,"P_Rock_2023_spring_nonserpentine_network_case3_version3","3"
"AMME",1,0,0,0,0,0,NA,0,1,0,2.08374706831659e-18,1.28470382740774e-17,0,0,NA,0,"P_Rock_2023_spring_serpentine_network_case3_version2","2"
"DICA",1,0.49016921782874,0,0,0,0,NA,0,0,0.49016921782874,0.49016921782874,0.502743909206588,0,0,NA,0,"P_Rock_2023_spring_serpentine_network_case3_version2","2"
"ERGU",1,0.474044047633207,0,0,0,0,NA,0,0,0.474044047633207,0.474044047633207,0.516882035120801,0,0,NA,0,"P_Rock_2023_spring_serpentine_network_case3_version2","2"
"HIIN",1,0,0,0,0,0,NA,-2.33943082348108e-11,1,0,0,0,0,0,NA,0.2,"P_Rock_2023_spring_serpentine_network_case3_version2","2"
"LACA",0,0.49215786505591,0.833827962491067,0.0125012937054172,32.7502872937335,27.3081053251309,1,1,0,0.49215786505591,0.833827967157122,0.0125005860924061,32.7502653943037,27.3080872175885,1,1,"P_Rock_2023_spring_serpentine_network_case3_version2","2"
"PLER",0,0.497237994683552,0.91492557659808,0.0125014453565432,32.5668209496452,35.4877853321532,0.839618960620913,0.816423049460316,0,0.497237994683552,0.91459355417629,0.0278722366450962,6.47555695069356,15.8574309319868,0.373484372860122,0.2,"P_Rock_2023_spring_serpentine_network_case3_version2","2"
"TRFU",0,0.478976646451734,0.843081674857089,0.0125014134367895,30.878063871396,30.6042863214581,0.557386681892954,1.12893240959616,0,0.478976646451734,0.842856217439961,0.0227756315650236,8.13863032158184,16.7485202215391,0.661657533447172,0.7,"P_Rock_2023_spring_serpentine_network_case3_version2","2"
"TRLA",0,0.460496914298505,0.830054049935226,0.012501312540768,28.93281811533,26.0724413747245,0.522803837796589,1.05464454116472,0,0.460496914298505,0.830007716665271,0.0123290637073536,19.7657591114873,26.4332774842461,0.651600280122767,1.2,"P_Rock_2023_spring_serpentine_network_case3_version2","2"
"VIVI",1,0,0,0,0,0,NA,0.999999999801399,1,0,0,0,0,0,NA,1.7,"P_Rock_2023_spring_serpentine_network_case3_version2","2"
"CRHI",0,0.525762114057207,0.525762114057207,0.536460949846758,9.54764838691374e-20,1.16229159353089e-09,4.31887473687147e-11,6.33630451917145e-11,0,0.525762114057207,0.780852317350985,0.0142957598545465,7.17646476229927,22.062575225351,0.253993882526918,0.25,"P_Rock_2024_spring_full_network_case3_version1","1"
"DICA",0,0.483850959471357,0.774227499588883,0.0125005323771178,32.5155757470142,25.4112505703484,0.990681384948404,0.989896700537496,0,0.483850959471357,0.774153911386793,0.0141446845416846,15.0870621046843,22.4442697739273,0.520387085760515,0.5,"P_Rock_2024_spring_full_network_case3_version1","1"
"ERGU",0,0.483075835105533,0.772105413641953,0.0125005257209303,27.7545016057606,23.9659700349465,0.894159548371889,0.889669386555713,0,0.483075835105533,0.771881342381604,0.0137245307053759,7.12289745214034,21.8091050035065,0.252097995131878,0.25,"P_Rock_2024_spring_full_network_case3_version1","1"
"MIDO",0,0.455560618688148,0.726032439192186,0.0125005234916179,26.4325338310645,21.3153295371224,0.824822301765196,2.51345093321342,0,0.455560618688148,0.726037736229819,0.0124601226302003,26.0839125909907,21.3850632822761,0.820355401855275,2.5,"P_Rock_2024_spring_full_network_case3_version1","1"
"PHIM",0,0.507318291700128,0.748528761051501,0.0125005214331185,26.5476819325266,20.8079993581022,0.77953319360783,3.11155417318704,0,0.507318291700128,0.748536485301431,0.0125309402547815,26.8259671865431,20.7577936501847,0.814336603689954,3.25,"P_Rock_2024_spring_full_network_case3_version1","1"
"RACA",0,0.498528604045756,0.787179896490855,0.0125005213526611,22.1683117362439,26.9168809467222,0.552571050327767,2.26078271771802,0,0.498528604045756,0.787064449249399,0.0115583547748417,10.4384573405903,29.1086409169442,0.318721779539177,1.33333333333333,"P_Rock_2024_spring_full_network_case3_version1","1"
"TRFU",0,0.470248197028529,0.791356478472385,0.0125005208007381,22.6064724692122,26.5776765410518,0.492646888715672,2.87891750501737,0,0.470248197028529,0.79137259740867,0.0128035112798656,24.4915637923295,25.9479494737326,0.526907952885584,3.08333333333333,"P_Rock_2024_spring_full_network_case3_version1","1"
"TRLA",0,0.461447458486747,0.766242955015286,0.0125005110536394,25.3692823171818,21.7923972084968,0.718607682397816,5.76617463953112,0,0.461447458486747,0.766206008154579,0.0110256436472517,16.9184320018327,24.7149617247955,0.807752632408037,6.5,"P_Rock_2024_spring_full_network_case3_version1","1"
"VIVI",0,0.547434786752534,0.801638993335933,0.0125005161290437,22.9496151218336,23.261216405896,0.511948043791332,4.58955394414203,0,0.547434786752534,0.8015073502046,0.01072277665234,10.0287154897981,27.1226767452719,0.595194724613394,5.33333333333333,"P_Rock_2024_spring_full_network_case3_version1","1"
"CRHI",1,0,0,0,0,0,NA,0,1,0,0,0,0,0,NA,0,"P_Rock_2024_spring_nonserpentine_network_case3_version3","3"
"DICA",1,0,0,0,0,0,NA,0,1,0,0,0,0,0,NA,0,"P_Rock_2024_spring_nonserpentine_network_case3_version3","3"
"ERGU",1,0,0,0,0,0,NA,0,1,0,0,0,0,0,NA,0,"P_Rock_2024_spring_nonserpentine_network_case3_version3","3"
"MIDO",1,0,0,0,0,0,NA,0,1,0,0,0,0,0,NA,0,"P_Rock_2024_spring_nonserpentine_network_case3_version3","3"
"PHIM",1,0,0,0,0,0,NA,0,1,0,0,0,0,0,NA,0,"P_Rock_2024_spring_nonserpentine_network_case3_version3","3"
"RACA",1,0,0,0,0,0,NA,0,1,0,0,0,0,0,NA,0,"P_Rock_2024_spring_nonserpentine_network_case3_version3","3"
"TRFU",1,0,0,0,0,0,NA,0,1,0,0,0,0,0,NA,0,"P_Rock_2024_spring_nonserpentine_network_case3_version3","3"
"TRLA",1,0,0,0,0,0,NA,0,1,0,0,0,0,0,NA,0,"P_Rock_2024_spring_nonserpentine_network_case3_version3","3"
"VIVI",0,0.547434786752534,0.801659261093147,0.0125005238722995,29.0179295952029,23.2624919977433,1,8,0,0.547434786752534,0.801659261141909,0.0125005172753191,29.0179283729724,23.2624910193459,1,8,"P_Rock_2024_spring_nonserpentine_network_case3_version3","3"
"CRHI",0,0.525762114057207,0.525762114057207,0.536460949846758,0,0,NA,0,1,0.525762114057207,1.49851694755417e-05,8.14199487190373e-05,0,0,NA,0,"P_Rock_2024_spring_serpentine_network_case3_version2","2"
"DICA",0,0.483850959471357,0.8173235882188,0.0124999267373798,19.3102585362522,28.3234788834573,0.5572313295702,0.51341418298724,0,0.483850959471357,0.817143300811174,0.0196391853231128,7.85886454601426,17.9906357057612,0.356953396243886,0.25,"P_Rock_2024_spring_serpentine_network_case3_version2","2"
"ERGU",0,0.483075835105533,0.815143017536402,0.0125003551039567,32.7754562768378,26.716684330634,1,1,0,0.483075835105533,0.815143015788857,0.0125005796864246,32.7754539293442,26.7166823598143,1,1,"P_Rock_2024_spring_serpentine_network_case3_version2","2"
"MIDO",0,0.455560618688148,0.766406403205929,0.0124999240385227,12.8311678105979,23.7563170492642,0.413948388980464,0.459235325458301,0,0.455560618688148,0.76621887089489,0.017571226361694,6.52668384738578,16.8694579805838,0.296445110091129,0.25,"P_Rock_2024_spring_serpentine_network_case3_version2","2"
"PHIM",0,0.507318291700128,0.790247728570569,0.0125005773629434,26.5203361205591,23.1965038652606,0.8602196831758,2.56596300170464,0,0.507318291700128,0.790247110752149,0.0124986884794706,26.2621536891257,23.1999663357062,0.838338418878252,2.5,"P_Rock_2024_spring_serpentine_network_case3_version2","2"
"RACA",0,0.498528604045756,0.831082702620534,0.0125005745245971,34.094828928307,30.0074516444183,0.795739650666802,3.19317006167185,0,0.498528604045756,0.831085999469702,0.0125176448847653,35.9541391788619,29.966638459286,0.830517840608533,3.25,"P_Rock_2024_spring_serpentine_network_case3_version2","2"
"TRFU",0,0.470248197028529,0.835470236367785,0.0125005187829094,26.1340057748783,29.628073145941,0.579349061444255,2.28500401328627,0,0.470248197028529,0.835388842875491,0.0127682946595404,14.1192865128637,28.9994245228838,0.430084038824183,1.33333333333333,"P_Rock_2024_spring_serpentine_network_case3_version2","2"
"TRLA",0,0.461447458486747,0.808928386643883,0.0125005594715899,20.3092711549832,24.2922724396759,0.491301063912952,2.98321341377512,0,0.461447458486747,0.808928901344767,0.0124852364887538,20.2425202844967,24.3222407118013,0.631529786549894,3.08333333333333,"P_Rock_2024_spring_serpentine_network_case3_version2","2"
"VIVI",1,0,0,0,0,0,NA,5.00000000112108,1,0,0,0,0,0,NA,6.33333333333333,"P_Rock_2024_spring_serpentine_network_case3_version2","2"
"ESCA",0,0.519699574806588,0.519699574806588,0.477664696484648,1.58127765166517e-18,1.45773490445753e-09,5.6374401182888e-10,1.78942627466377e-09,0,0.519699574806588,0.872452205263678,0.0166629902947589,13.4276994238822,22.7900565514894,0.514041110320029,1,"P_South_Goatgrass_2024_spring_full_network_case3_version1","1"
"LACA",0,0.490753774317332,0.760808945826706,0.0125003467943511,31.6271036685053,24.5787389365316,0.979624557279813,1.9606060863122,0,0.490753774317332,0.760662962422219,0.0165914664827045,11.9597899988893,18.4907573613742,0.492583146147597,1,"P_South_Goatgrass_2024_spring_full_network_case3_version1","1"
"LUBI",0,0.498684951406291,0.750519128021494,0.0125003326043883,28.884306848576,23.9631175759652,0.892233984923634,2.68212885092967,0,0.498684951406291,0.750375198021505,0.0167807898199852,10.2050756245989,17.8253510463809,0.346425397099467,1.08333333333333,"P_South_Goatgrass_2024_spring_full_network_case3_version1","1"
"TRAL",0,0.49797828553616,0.757518880659557,0.0125003260014569,26.6706717793227,23.916453780373,0.765897916426865,4.6566898304905,0,0.49797828553616,0.757383186503102,0.0165826728975805,10.2489145860323,18.0035368468863,0.432086213561545,2.75,"P_South_Goatgrass_2024_spring_full_network_case3_version1","1"
"TRFU",0,0.521045006239342,0.862842989751788,0.0125003318068898,29.3991026534386,28.6712701096119,0.57976238502405,7.48888362799341,0,0.521045006239342,0.862829499006878,0.00848250805786457,24.4649931198054,42.2939565151159,0.746366367005578,9.58333333333333,"P_South_Goatgrass_2024_spring_full_network_case3_version1","1"
"VIVI",0,0.503419864621675,0.818561866032256,0.0125003032718823,33.1352999597464,28.3316093891751,0.72532144884134,15.2116916023572,0,0.503419864621675,0.818541300539817,0.00841999474304283,24.7297148258283,42.1019023390553,0.79296167825355,16.5833333333333,"P_South_Goatgrass_2024_spring_full_network_case3_version1","1"
"ESCA",1,0,0,0,0,0,NA,0,1,0,0,0,0,0,NA,0,"P_South_Goatgrass_2024_spring_nonserpentine_network_case3_version3","3"
"LACA",1,0,0,0,0,0,NA,0,1,0,0,0,0,0,NA,0,"P_South_Goatgrass_2024_spring_nonserpentine_network_case3_version3","3"
"LUBI",1,0,0,0,0,0,NA,0,1,0,0,0,0,0,NA,0,"P_South_Goatgrass_2024_spring_nonserpentine_network_case3_version3","3"
"TRAL",1,0,0,0,0,0,NA,0,1,0,0,0,0,0,NA,0,"P_South_Goatgrass_2024_spring_nonserpentine_network_case3_version3","3"
"TRFU",1,0,0,0,0,0,NA,0,1,0,0,0,0,0,NA,0,"P_South_Goatgrass_2024_spring_nonserpentine_network_case3_version3","3"
"VIVI",0,0.503419864621675,0.818564542716542,0.0125010635384669,34.6110848773542,28.3314068655549,1,13,0,0.503419864621675,0.818564542089281,0.0125011604296131,34.6110738691145,28.33139783289,1,13,"P_South_Goatgrass_2024_spring_nonserpentine_network_case3_version3","3"
"ESCA",0,0.519699574806588,0.519699574806588,0.477664696484648,0,0,NA,0,1,0.519699574806588,4.82599530656795e-05,0.000227673548395941,0,0,NA,0,"P_South_Goatgrass_2024_spring_serpentine_network_case3_version2","2"
"LACA",0,0.490753774317332,0.802573968503725,0.0125006002239792,34.0848705049125,27.3556297870632,1,1.99999999989922,0,0.490753774317332,0.802495687689371,0.0250011871756205,16.986437722973,13.6315430218899,1,1,"P_South_Goatgrass_2024_spring_serpentine_network_case3_version2","2"
"LUBI",0,0.498684951406291,0.791721677672041,0.012500598999385,33.6863465689761,26.6702108202316,1,1.99999999993612,0,0.498684951406291,0.791721778207172,0.0125054141268001,33.6732594936657,26.6598528843566,1,1.5,"P_South_Goatgrass_2024_spring_serpentine_network_case3_version2","2"
"TRAL",0,0.49797828553616,0.79910444929288,0.0125005778231355,31.3500530234874,26.6183214812376,0.906435428529654,2.74381797948887,0,0.49797828553616,0.799106410838342,0.0125202110348198,33.217137253515,26.5765371084331,0.822939770026154,1.83333333333333,"P_South_Goatgrass_2024_spring_serpentine_network_case3_version2","2"
"TRFU",0,0.521045006239342,0.910205331210182,0.0125005649954693,33.3280367257967,31.9100249242091,0.880115619068506,5.25618201959441,0,0.521045006239342,0.910207417582591,0.0125248866057293,34.9538913292632,31.84797348982,0.921863448320256,3.83333333333333,"P_South_Goatgrass_2024_spring_serpentine_network_case3_version2","2"
"VIVI",1,0,0,0,0,0,NA,13.0000000010821,1,0,0,0,0,0,NA,16.8333333333333,"P_South_Goatgrass_2024_spring_serpentine_network_case3_version2","2"
"ESCA",0,0.520653547426059,0.520653547426059,0.50249874054105,2.11462776444311e-05,1.10379446686652e-05,0.500000002405355,1.00000000727748,0,0.520653547426059,0.750227919160937,0.0125005346842187,28.6533334002445,23.1167268348879,0.620776203351029,1.25,"P_Tac_Shack_2022_spring_full_network_case3_version1","1"
"LUMI",0,0.524171589768572,0.759023046686326,0.0125001668646234,23.4685418281352,23.5292211766258,0.667575803652161,3.34482093419181,0,0.524171589768572,0.75902315785703,0.0125067675097879,22.8792494462987,23.5174970119284,0.516947911663785,2.58333333333333,"P_Tac_Shack_2022_spring_full_network_case3_version1","1"
"LUSU",0,0.451909240382681,0.803954404632106,0.012500164981467,28.244362075458,27.3339937972754,0.709630649881324,3.52670296178955,0,0.451909240382681,0.803954562665398,0.0125022435318638,28.099386220296,27.3302944021722,0.62143080334189,3.08333333333333,"P_Tac_Shack_2022_spring_full_network_case3_version1","1"
"VIVI",0,0.538603111723719,0.764217506906996,0.0125001904158155,21.6783352818109,22.1027239232102,0.514245965940234,4.12847609674577,0,0.538603111723719,0.764202854034279,0.0124914414779365,19.1225225149847,22.1180334731696,0.633319252283696,5.08333333333333,"P_Tac_Shack_2022_spring_full_network_case3_version1","1"
"ESCA",1,0,0,0,0,0,NA,0,1,0,0,0,0,0,NA,0,"P_Tac_Shack_2022_spring_nonserpentine_network_case3_version3","3"
"LUMI",1,0,0,0,0,0,NA,0,1,0,0,0,0,0,NA,0,"P_Tac_Shack_2022_spring_nonserpentine_network_case3_version3","3"
"LUSU",1,0,0,0,0,0,NA,0,1,0,0,0,0,0,NA,0,"P_Tac_Shack_2022_spring_nonserpentine_network_case3_version3","3"
"VIVI",0,0.538603111723719,0.764247777563916,0.0125005431616445,28.9231896792869,22.1044834324546,1,5,0,0.538603111723719,0.764247777584825,0.012500540410626,28.9231889489593,22.1044828749081,1,5,"P_Tac_Shack_2022_spring_nonserpentine_network_case3_version3","3"
"ESCA",0,0.520653547426059,0.520653547426059,0.50249874054105,0,0,NA,0,1,0.520653547426059,1.14855212101608e-05,5.91800172868964e-05,0,0,NA,0,"P_Tac_Shack_2022_spring_serpentine_network_case3_version2","2"
"LUMI",0,0.524171589768572,0.792678482627845,0.0125018339469488,30.3307585601063,25.6656736095158,0.898064531654476,1.80071175051248,0,0.524171589768572,0.792684964824077,0.0125175637380029,32.2896430161105,25.6309777580333,0.746441148243147,1.33333333333333,"P_Tac_Shack_2022_spring_serpentine_network_case3_version2","2"
"LUSU",0,0.451909240382681,0.839595879699781,0.0125011756160846,33.5210468639031,29.8150745149993,0.84077418733821,4.19928845677141,0,0.451909240382681,0.83960131248838,0.012530781933535,35.3822627775706,29.7435020192954,0.901423540702741,2.83333333333333,"P_Tac_Shack_2022_spring_serpentine_network_case3_version2","2"
"VIVI",1,0,0,0,0,0,NA,3.99999979272313,1,0,0,0,0,0,NA,5.83333333333333,"P_Tac_Shack_2022_spring_serpentine_network_case3_version2","2"
"AMME",0,0.549540061084339,0.549540061084339,0.514489790175338,6.42929918409001e-20,6.67852568940771e-10,5.29032548599459e-11,8.11563861671486e-11,0,0.549540061084339,0.730382371913286,0.0282553013091293,2.54155247233209,10.0508433146669,0.184691479607004,0.2,"P_Upper_Grid_1_2023_spring_full_network_case3_version1","1"
"Asteraceae_sp.",0,0.519806644492693,0.744259697619627,0.0125003782641713,25.1502533661757,21.107490814042,0.886809338460749,0.891256907250834,0,0.519806644492693,0.712217972391385,0.0280680725239524,2.85431266298703,8.5704917012637,0.237196749995561,0.25,"P_Upper_Grid_1_2023_spring_full_network_case3_version1","1"
"DEVA",0,0.490273988684767,0.763739749105881,0.0125003791942716,32.8491515752412,25.3663495872853,0.989034811496529,0.991104364350246,0,0.490273988684767,0.731562579402292,0.0191652872968172,9.26535357724026,15.1528892668195,0.447319705350347,0.5,"P_Upper_Grid_1_2023_spring_full_network_case3_version1","1"
"DICA",0,0.534927824877635,0.726758243797769,0.012500384130978,29.0049147120882,21.0795608776613,1,1,0,0.534927824877635,0.696327088155955,0.012500580058115,27.7856093913531,19.3478724801197,1,1,"P_Upper_Grid_1_2023_spring_full_network_case3_version1","1"
"GITR",0,0.5319527184041,0.729165765764352,0.0125003815839773,19.1424731677895,19.593843197285,0.712368470313618,0.737430624654244,0,0.5319527184041,0.698179941328698,0.0185075531535152,3.82192101355175,12.1101819763886,0.220342567453328,0.25,"P_Upper_Grid_1_2023_spring_full_network_case3_version1","1"
"LACA",0,0.529338217703317,0.786518815723963,0.012500377531684,30.3383676494867,24.2534476782917,0.983847629054,0.982428062458573,0,0.529338217703317,0.753448983331221,0.0170387550015366,11.2841588030124,16.3066670927763,0.521384163269271,0.5,"P_Upper_Grid_1_2023_spring_full_network_case3_version1","1"
"LODA",0,0.487424939655431,0.850187106017877,0.012500376974351,31.937188396979,29.9895064507836,0.826272841602279,1.64132242046342,0,0.487424939655431,0.814558179948775,0.0124488214552763,23.0302747570432,27.6392451380244,0.603907845567833,1.2,"P_Upper_Grid_1_2023_spring_full_network_case3_version1","1"
"PHTA",0,0.4509607888297,0.804091878647928,0.0125003811021646,25.4542442510219,25.4507913347435,0.606941245995778,1.19458644901146,0,0.4509607888297,0.770160609088029,0.0178244821416786,6.17544899877998,16.3482117717764,0.359641867203972,0.75,"P_Upper_Grid_1_2023_spring_full_network_case3_version1","1"
"PLER",0,0.497977860759933,0.803221832451473,0.0125003788813835,21.7681583463878,23.6980718095436,0.363586288486643,1.45613608066418,0,0.497977860759933,0.769461216394111,0.00814610577611991,10.2116445082894,33.4099716107668,0.422439169233497,1.7,"P_Upper_Grid_1_2023_spring_full_network_case3_version1","1"
"RACA",0,0.513905792200894,0.756010146590769,0.0125003611697329,24.9833248108633,23.9966377915285,0.54333754401428,5.70317656064912,0,0.513905792200894,0.724289256680662,0.0079802709364052,15.6621751906886,34.539630253012,0.559504114897216,5.95,"P_Upper_Grid_1_2023_spring_full_network_case3_version1","1"
"VIVI",0,0.514649520425428,0.901437826653137,0.012500360273859,27.8590993591032,29.8139190203931,0.511586065422447,7.40255853033485,0,0.514649520425428,0.863676068355283,0.00584885839125134,25.2772768199814,58.5805664923626,0.678477872191649,9.7,"P_Upper_Grid_1_2023_spring_full_network_case3_version1","1"
"AMME",0,0.549540061084339,0.549540061084339,0.514489790175338,0,0,NA,0,1,0.549540061084339,5.82844486068091e-05,0.000349952621797911,0,0,NA,0,"P_Upper_Grid_1_2023_spring_nonserpentine_network_case3_version3","3"
"Asteraceae_sp.",1,0,0,0,0,0,NA,0,1,0,0,0,0,0,NA,0,"P_Upper_Grid_1_2023_spring_nonserpentine_network_case3_version3","3"
"DEVA",1,0,0,0,0,0,NA,0,1,0,0,0,0,0,NA,0,"P_Upper_Grid_1_2023_spring_nonserpentine_network_case3_version3","3"
"DICA",1,0,0,0,0,0,NA,0,1,0,0,0,0,0,NA,0,"P_Upper_Grid_1_2023_spring_nonserpentine_network_case3_version3","3"
"GITR",1,0,0,0,0,0,NA,0,1,0,0,0,0,0,NA,0,"P_Upper_Grid_1_2023_spring_nonserpentine_network_case3_version3","3"
"LACA",1,0,0,0,0,0,NA,0,1,0,0,0,0,0,NA,0,"P_Upper_Grid_1_2023_spring_nonserpentine_network_case3_version3","3"
"LODA",1,0,0,0,0,0,NA,0,1,0,0,0,0,0,NA,0,"P_Upper_Grid_1_2023_spring_nonserpentine_network_case3_version3","3"
"PHTA",1,0,0,0,0,0,NA,0,1,0,0,0,0,0,NA,0,"P_Upper_Grid_1_2023_spring_nonserpentine_network_case3_version3","3"
"PLER",1,0,0,0,0,0,NA,0,1,0,0,0,0,0,NA,0,"P_Upper_Grid_1_2023_spring_nonserpentine_network_case3_version3","3"
"RACA",1,0,0,0,0,0,NA,1,1,0,0,0,0,0,NA,1,"P_Upper_Grid_1_2023_spring_nonserpentine_network_case3_version3","3"
"VIVI",0,0.514649520425428,0.901451035284941,0.0125005666857788,33.0736772343999,29.8143005836298,1,2,0,0.514649520425428,0.90144802120194,0.0125008069111132,33.0729287862446,29.8135262097129,1,2,"P_Upper_Grid_1_2023_spring_nonserpentine_network_case3_version3","3"
"AMME",1,0,0,0,0,0,NA,0,1,0,9.03402367182299e-22,4.53503218582309e-21,0,0,NA,0,"P_Upper_Grid_1_2023_spring_serpentine_network_case3_version2","2"
"Asteraceae_sp.",1,0.519806644492693,0,0,0,0,NA,0,0,0.519806644492693,0.519806644492693,0.529903476908758,0,0,NA,0,"P_Upper_Grid_1_2023_spring_serpentine_network_case3_version2","2"
"DEVA",0,0.490273988684767,0.811302837166132,0.0125025838763392,32.6236950481282,28.6287337586881,0.924515089437263,0.927462130353626,0,0.490273988684767,0.810797500346327,0.0299817087766776,4.91124918604739,11.8745368265319,0.33534180084632,0.25,"P_Upper_Grid_1_2023_spring_serpentine_network_case3_version2","2"
"DICA",0,0.534927824877635,0.772025565550577,0.0125024038471575,27.2262536112949,23.7919213432474,0.883466431266133,0.889858726471538,0,0.534927824877635,0.771610162246976,0.0299808567554081,4.22797023334672,9.86254250009692,0.330781317058556,0.25,"P_Upper_Grid_1_2023_spring_serpentine_network_case3_version2","2"
"GITR",0,0.5319527184041,0.774618906504431,0.0125022114530508,28.5521063653464,22.1170014111228,1,0.999999997680488,0,0.5319527184041,0.774535377461974,0.0250012064258492,14.2271011255959,11.0193931405031,1,0.5,"P_Upper_Grid_1_2023_spring_serpentine_network_case3_version2","2"
"LACA",0,0.529338217703317,0.835515874528643,0.012502242652336,32.7630071491134,27.3740125703797,1,1,0,0.529338217703317,0.835515885667239,0.0125005763889743,32.7630120866556,27.3740170607085,1,1,"P_Upper_Grid_1_2023_spring_serpentine_network_case3_version2","2"
"LODA",0,0.487424939655431,0.903134181524865,0.0125026322082894,28.956510378909,33.8467069900951,0.772648704304537,0.768975590339732,0,0.487424939655431,0.902836063142603,0.0224393515304859,7.07703801793513,18.7991897088152,0.339876624566802,0.25,"P_Upper_Grid_1_2023_spring_serpentine_network_case3_version2","2"
"PHTA",0,0.4509607888297,0.854183067868041,0.0125025547057251,26.6475829636478,28.7254922290459,0.585842548721831,1.17294534612648,0,0.4509607888297,0.853969796250866,0.0196420553415171,7.52986319997123,18.2404576170706,0.66791149175503,0.75,"P_Upper_Grid_1_2023_spring_serpentine_network_case3_version2","2"
"PLER",0,0.497977860759933,0.853257725029292,0.0125024189451729,23.0021149212996,26.7476202845974,0.309934384106352,1.23228506425898,0,0.497977860759933,0.853219099703929,0.00808638019816764,16.7055851730345,41.3931249635359,0.507737122418591,1.75,"P_Upper_Grid_1_2023_spring_serpentine_network_case3_version2","2"
"RACA",0,0.513905792200894,0.803129465672705,0.0125006606189884,33.4221249620696,27.0861895920405,0.8007947141123,8.00847310072955,0,0.513905792200894,0.803052871444678,0.0120782685909352,16.0775666002025,28.0307605021934,0.86272287843439,6.5,"P_Upper_Grid_1_2023_spring_serpentine_network_case3_version2","2"
"VIVI",1,0,0,0,0,0,NA,6.00000004402131,1,0,0,0,0,0,NA,9.75,"P_Upper_Grid_1_2023_spring_serpentine_network_case3_version2","2"
"DEHE",0,0.477949322447157,0.477949322447157,0.539572407346951,2.88291957264537e-16,1.42775030469711e-08,9.65077333118005e-09,1.77387426035285e-08,0,0.477949322447157,0.724943096022119,0.0157291750688247,11.4050461758862,18.2868741126659,0.45212809111512,0.5,"P_Upper_Grid_2_2023_spring_full_network_case3_version1","1"
"DICA",0,0.49426236937021,0.789263475314914,0.0125003318020153,31.7364635999691,25.8223375547636,0.970029591705032,0.967110415518063,0,0.49426236937021,0.788963627068105,0.0199885961026031,6.68907687535971,16.1044362996452,0.327700905211903,0.333333333333333,"P_Upper_Grid_2_2023_spring_full_network_case3_version1","1"
"ESCA",0,0.4676420051221,0.829492909246563,0.0125003413688905,11.5505782952855,26.9062241814326,0.356093174911115,0.322175519196693,0,0.4676420051221,0.829157902578496,0.0150316460984759,4.2999319397772,22.3419493861552,0.159579743324694,0.142857142857143,"P_Upper_Grid_2_2023_spring_full_network_case3_version1","1"
"LACA",0,0.459180087134792,0.759348538771515,0.0125003415149885,9.41546420431402,24.5933777883959,0.290713176811964,0.321684013202222,0,0.459180087134792,0.758935993952951,0.0150056758067102,3.51532214575966,20.4497955232634,0.130461182544439,0.142857142857143,"P_Upper_Grid_2_2023_spring_full_network_case3_version1","1"
"LODA",0,0.539724474442063,0.778598501222138,0.0125003414233551,10.750912125615,25.720583522045,0.325445340717107,0.328110185511717,0,0.539724474442063,0.778070757829078,0.0153032753396169,3.85771179132503,20.96538842144,0.143168000354952,0.142857142857143,"P_Upper_Grid_2_2023_spring_full_network_case3_version1","1"
"LUMI",0,0.549241947754865,0.742822663406814,0.012500335548147,31.3471578246761,23.2853792655597,1,1,0,0.549241947754865,0.742824499261228,0.0125005806214508,31.3463815007621,23.2848601419551,1,1,"P_Upper_Grid_2_2023_spring_full_network_case3_version1","1"
"LUSU",0,0.509415916008603,0.74314463882927,0.0125003375105039,27.6572749328611,21.4634066576934,0.505848985154175,1.01230708457994,0,0.509415916008603,0.742923285009504,0.0115012622725793,8.14248441122063,23.3200806309244,0.568624317490544,1.14285714285714,"P_Upper_Grid_2_2023_spring_full_network_case3_version1","1"
"Sidalcea_sp.",0,0.453300356587069,0.768309431126062,0.0125003395789027,26.5300455576829,21.2118040228794,0.505640275272271,1.01083293444994,0,0.453300356587069,0.768040009064797,0.0113031181077469,7.63943035110093,23.4509099943279,0.575176819443866,1.14285714285714,"P_Upper_Grid_2_2023_spring_full_network_case3_version1","1"
"TRFU",0,0.519093158873307,0.75797560885231,0.0125003273469568,29.8091680680722,22.8175497658111,0.66765344381666,2.00292986991802,0,0.519093158873307,0.757803851571898,0.0116383016661825,9.31859006109646,24.5016389133056,0.715302281044604,2.14285714285714,"P_Upper_Grid_2_2023_spring_full_network_case3_version1","1"
"TRLA",0,0.498721183672883,0.770841859419342,0.0125003222653754,29.9990929452643,24.3524957361051,0.596457298880318,2.99571508622209,0,0.498721183672883,0.770637076182483,0.00826451647546811,10.0327724873885,36.8529402819124,0.573214222532727,2.97619047619048,"P_Upper_Grid_2_2023_spring_full_network_case3_version1","1"
"VIVI",0,0.5069339901474,0.859118162214936,0.012500264806447,34.9440707508843,30.2960352979749,0.891638519972197,16.0391348736983,0,0.5069339901474,0.859076404113859,0.00937220814052088,22.9317268776012,40.4342556761247,0.915965658210146,16.3333333333333,"P_Upper_Grid_2_2023_spring_full_network_case3_version1","1"
"DEHE",1,0,0,0,0,0,NA,0,1,0,0,0,0,0,NA,0,"P_Upper_Grid_2_2023_spring_nonserpentine_network_case3_version3","3"
"DICA",1,0,0,0,0,0,NA,0,1,0,0,0,0,0,NA,0,"P_Upper_Grid_2_2023_spring_nonserpentine_network_case3_version3","3"
"ESCA",1,0,0,0,0,0,NA,0,1,0,0,0,0,0,NA,0,"P_Upper_Grid_2_2023_spring_nonserpentine_network_case3_version3","3"
"LACA",1,0,0,0,0,0,NA,0,1,0,0,0,0,0,NA,0,"P_Upper_Grid_2_2023_spring_nonserpentine_network_case3_version3","3"
"LODA",1,0,0,0,0,0,NA,0,1,0,0,0,0,0,NA,0,"P_Upper_Grid_2_2023_spring_nonserpentine_network_case3_version3","3"
"LUMI",1,0,0,0,0,0,NA,0,1,0,0,0,0,0,NA,0,"P_Upper_Grid_2_2023_spring_nonserpentine_network_case3_version3","3"
"LUSU",1,0,0,0,0,0,NA,0,1,0,0,0,0,0,NA,0,"P_Upper_Grid_2_2023_spring_nonserpentine_network_case3_version3","3"
"Sidalcea_sp.",1,0,0,0,0,0,NA,0,1,0,0,0,0,0,NA,0,"P_Upper_Grid_2_2023_spring_nonserpentine_network_case3_version3","3"
"TRFU",1,0,0,0,0,0,NA,0,1,0,0,0,0,0,NA,0,"P_Upper_Grid_2_2023_spring_nonserpentine_network_case3_version3","3"
"TRLA",1,0,0,0,0,0,NA,0,1,0,0,0,0,0,NA,0,"P_Upper_Grid_2_2023_spring_nonserpentine_network_case3_version3","3"
"VIVI",0,0.5069339901474,0.859117989745627,0.0124986747721529,35.2636142228919,30.2956053623362,1,18,0,0.5069339901474,0.859117989745627,0.0124986747721531,35.2636142228919,30.2956053623361,1,18,"P_Upper_Grid_2_2023_spring_nonserpentine_network_case3_version3","3"
"DEHE",0,0.477949322447157,0.477949322447157,0.539572407346951,0,0,NA,0,1,0.477949322447157,1.04448704358199e-05,5.85609252079763e-05,0,0,NA,0,"P_Upper_Grid_2_2023_spring_serpentine_network_case3_version2","2"
"DICA",0,0.49426236937021,0.829430610233148,0.0124996620490598,34.3866020253903,28.5213003017639,1,1,0,0.49426236937021,0.829430604330854,0.0125005826156291,34.386597916598,28.521296690846,1,1,"P_Upper_Grid_2_2023_spring_serpentine_network_case3_version2","2"
"ESCA",0,0.4676420051221,0.871836618407822,0.0124995569394655,34.0970484202088,29.7270553923626,1,0.999999998826171,0,0.4676420051221,0.871765556231268,0.0250012151813148,16.9988635000067,14.8190236943827,1,0.5,"P_Upper_Grid_2_2023_spring_serpentine_network_case3_version2","2"
"LACA",0,0.459180087134792,0.798015121998723,0.012498925240478,10.1842505161703,27.1655481837446,0.299172535122643,0.324532400565726,0,0.459180087134792,0.797622041761608,0.0173438155769833,3.74259041514789,19.5400151900817,0.152772276754571,0.142857142857143,"P_Upper_Grid_2_2023_spring_serpentine_network_case3_version2","2"
"LODA",0,0.539724474442063,0.818250772566727,0.0124989265800612,11.6286108224415,28.4105834895574,0.334914620561664,0.331012534308824,0,0.539724474442063,0.817748698367925,0.0176887087500521,4.10719876708361,20.0330747536619,0.167655563962143,0.142857142857143,"P_Upper_Grid_2_2023_spring_serpentine_network_case3_version2","2"
"LUMI",0,0.549241947754865,0.780497500862735,0.0124989259248682,11.0209757671862,25.7109979610713,0.33455893296641,0.314049515136207,0,0.549241947754865,0.780181884322944,0.0167866564655541,4.32535207627915,19.1127690466372,0.176560566655586,0.142857142857143,"P_Upper_Grid_2_2023_spring_serpentine_network_case3_version2","2"
"LUSU",0,0.509415916008603,0.780968255210345,0.0124997108704385,30.3561286040655,23.7071727908579,1,1,0,0.509415916008603,0.780968248913969,0.0125005821693878,30.3561249539483,23.7071697490986,1,1,"P_Upper_Grid_2_2023_spring_serpentine_network_case3_version2","2"
"Sidalcea_sp.",0,0.453300356587069,0.807411074332177,0.0124994455275415,27.760407058606,23.4298560601653,0.506453203272686,1.01215078011785,0,0.453300356587069,0.807234683095238,0.0118946757126216,10.3111556233124,24.6170269352826,0.588038201251104,1.14285714285714,"P_Upper_Grid_2_2023_spring_serpentine_network_case3_version2","2"
"TRFU",0,0.519093158873307,0.796534142704597,0.0124994911530515,30.1766333051139,25.2013354795119,0.507289149394171,1.01414513901912,0,0.519093158873307,0.796415463972766,0.0120814540507599,12.42235423009,26.0703365552393,0.585427910707427,1.14285714285714,"P_Upper_Grid_2_2023_spring_serpentine_network_case3_version2","2"
"TRLA",0,0.498721183672883,0.810067512454152,0.0124999242002764,32.7746489859164,26.8975265044228,0.66795640200519,2.00410963073267,0,0.498721183672883,0.809939902449331,0.0121474130892408,13.4925796107738,27.6730628596577,0.718693122903546,2.14285714285714,"P_Upper_Grid_2_2023_spring_serpentine_network_case3_version2","2"
"VIVI",1,0,0,0,0,0,NA,3.00000000124395,1,0,0,0,0,0,NA,3.64285714285714,"P_Upper_Grid_2_2023_spring_serpentine_network_case3_version2","2"
"ACWR",0,0.474673314543754,0.474673314543754,0.466074891116505,7.70731087476525e-21,3.73636834350519e-10,9.79147252840667e-12,1.85716354993748e-11,0,0.474673314543754,0.813301374810949,0.0137032376416211,5.36767858584101,23.5592398652549,0.185300561409287,0.2,"P_Upper_Grid_2_2024_spring_full_network_case3_version1","1"
"DEHE",0,0.534397536881453,0.832149283125253,0.0125005626784267,26.9279220522666,28.173853739621,0.795349164474928,0.798804121058267,0,0.534397536881453,0.831767618689731,0.0145964367445855,5.91357695358233,24.0941592474478,0.204145816839019,0.2,"P_Upper_Grid_2_2024_spring_full_network_case3_version1","1"
"DICA",0,0.519402366582957,0.868705254317009,0.0125005621405198,26.7511964793072,28.1432071893891,0.565727430569627,1.1286678426958,0,0.519402366582957,0.868515828260312,0.0114939174329733,9.18402645098852,30.6024668812162,0.353896283663382,0.7,"P_Upper_Grid_2_2024_spring_full_network_case3_version1","1"
"LUSU",0,0.495575159762788,0.816715281054095,0.0125005536510529,32.1545600630366,28.3466798789485,0.666370647849496,1.99756848069485,0,0.495575159762788,0.816601090067048,0.0117857704019757,12.7809665000585,30.0624851193689,0.570712194854052,1.7,"P_Upper_Grid_2_2024_spring_full_network_case3_version1","1"
"TRFU",0,0.531710133180819,0.836600757264415,0.0125005339450132,28.3471913423897,25.9874675869277,0.723683131216875,3.64967302144191,0,0.531710133180819,0.836431482137221,0.011317847776351,9.70417512045882,28.7008706682584,0.628055506312837,3.2,"P_Upper_Grid_2_2024_spring_full_network_case3_version1","1"
"VIVI",0,0.452208370017916,0.805576802082051,0.0125005181084959,32.0941334329742,28.4103287217611,0.67778803406756,7.42528653409048,0,0.452208370017916,0.805569140627062,0.0126968402520442,29.3641676364323,27.9691903419598,0.822758812572599,9,"P_Upper_Grid_2_2024_spring_full_network_case3_version1","1"
"ACWR",1,0,0,0,0,0,NA,0,1,0,0,0,0,0,NA,0,"P_Upper_Grid_2_2024_spring_nonserpentine_network_case3_version3","3"
"DEHE",1,0,0,0,0,0,NA,0,1,0,0,0,0,0,NA,0,"P_Upper_Grid_2_2024_spring_nonserpentine_network_case3_version3","3"
"DICA",1,0,0,0,0,0,NA,0,1,0,0,0,0,0,NA,0,"P_Upper_Grid_2_2024_spring_nonserpentine_network_case3_version3","3"
"LUSU",1,0,0,0,0,0,NA,0,1,0,0,0,0,0,NA,0,"P_Upper_Grid_2_2024_spring_nonserpentine_network_case3_version3","3"
"TRFU",1,0,0,0,0,0,NA,0,1,0,0,0,0,0,NA,0,"P_Upper_Grid_2_2024_spring_nonserpentine_network_case3_version3","3"
"VIVI",0,0.452208370017916,0.805582754103859,0.0125003435010642,35.2672994515143,28.4107282219564,1,11,0,0.452208370017916,0.80558275410386,0.0125003435010643,35.2672994515143,28.4107282219565,1,11,"P_Upper_Grid_2_2024_spring_nonserpentine_network_case3_version3","3"
"ACWR",0,0.474673314543754,0.474673314543754,0.466074891116505,0,0,NA,0,1,0.474673314543754,2.46745152592468e-05,0.000119592460921224,0,0,NA,0,"P_Upper_Grid_2_2024_spring_serpentine_network_case3_version2","2"
"DEHE",0,0.534397536881453,0.87164481758585,0.0124997135949732,16.8585397644595,30.915714212908,0.475313580548651,0.481091739210674,0,0.534397536881453,0.871307937273757,0.0194793570263462,5.69219493361123,19.7930242102784,0.250575888427874,0.2,"P_Upper_Grid_2_2024_spring_serpentine_network_case3_version2","2"
"DICA",0,0.519402366582957,0.909929605620514,0.0124997105917614,15.8106333480181,30.8820364488317,0.465855397548336,0.460348045694915,0,0.519402366582957,0.909641913694091,0.0186419686647966,5.83072848950983,20.6638361137462,0.256674268622373,0.2,"P_Upper_Grid_2_2024_spring_serpentine_network_case3_version2","2"
"LUSU",0,0.495575159762788,0.855546119887763,0.0124999164541896,32.9496201181014,31.1102602017951,0.524888030398625,1.048725047889,0,0.495575159762788,0.85549741638341,0.0123440276220077,19.9946628632871,31.5024147096591,0.629589068415258,1.2,"P_Upper_Grid_2_2024_spring_serpentine_network_case3_version2","2"
"TRFU",0,0.531710133180819,0.876388919516229,0.0125001167136414,31.8269069547255,28.5224577955096,0.669684987035254,2.00983516746911,0,0.531710133180819,0.876309345935136,0.012250610361304,15.7981969193995,29.1011185657228,0.744523902039746,2.2,"P_Upper_Grid_2_2024_spring_serpentine_network_case3_version2","2"
"VIVI",1,0,0,0,0,0,NA,3.99999999974882,1,0,0,0,0,0,NA,4.2,"P_Upper_Grid_2_2024_spring_serpentine_network_case3_version2","2"
"CHGL",0,0.508567459256652,0.508567459256652,0.490273988684767,2.17046139039335e-05,1.10382603472701e-05,1,1,0,0.508567459256652,0.861731732696523,0.0125006172245965,32.5002196699841,28.006470609233,1,1,"P_Upper_Seep_2023_spring_full_network_case3_version1","1"
"CRHI",0,0.493287726558413,0.8485648365721,0.0125005604545349,31.4147064479752,26.6574152429866,1,1,0,0.493287726558413,0.848565962584638,0.0125006172009516,31.4146266783687,26.657382926567,1,1,"P_Upper_Seep_2023_spring_full_network_case3_version1","1"
"DICA",0,0.486820267251143,0.804425154856386,0.0125005543232483,31.9520739501791,27.8707276703679,0.922223931120497,0.909463986654601,0,0.486820267251143,0.804265391857923,0.015181210945945,10.6487785716802,22.9247684386149,0.373589120155932,0.333333333333333,"P_Upper_Seep_2023_spring_full_network_case3_version1","1"
"ERGU",0,0.488231689966392,0.860470436750648,0.0125005559733865,32.5042872826759,28.0632968022296,0.996639078847308,0.996153579597947,0,0.488231689966392,0.860304007415329,0.0170057375639055,12.7806864703249,20.5996549218348,0.533760193054732,0.5,"P_Upper_Seep_2023_spring_full_network_case3_version1","1"
"ERHI",0,0.510013265144086,0.764322199309543,0.0125005559678494,31.243775792399,23.9999752783148,0.995014001116815,0.995530711187338,0,0.510013265144086,0.764158052277562,0.017005723983287,10.891516738969,17.6144991733799,0.472499395848678,0.5,"P_Upper_Seep_2023_spring_full_network_case3_version1","1"
"ESCA",0,0.492947276655094,0.781239434950009,0.0125005469857085,27.745849451097,21.9182972201393,0.986279033993293,1.97517093836945,0,0.492947276655094,0.7812403630027,0.0125459027266755,27.7134388005002,21.8388327254701,0.737171984242845,1.5,"P_Upper_Seep_2023_spring_full_network_case3_version1","1"
"GITR",0,0.464878742170929,0.744436950570344,0.0125005523660067,32.2684704220216,24.0218417205391,1,2,0,0.464878742170929,0.744437938449503,0.0125006048723706,32.2683910317101,24.0218144967287,1,2,"P_Upper_Seep_2023_spring_full_network_case3_version1","1"
"LUSU",0,0.517019666809132,0.735401138688021,0.0125005523963735,26.8410245254627,20.5917396605761,0.675217987208427,2.03124226586211,0,0.517019666809132,0.735278830525407,0.010996156776236,11.9581969086655,23.4104357488754,0.767510193728612,2.33333333333333,"P_Upper_Seep_2023_spring_full_network_case3_version1","1"
"PHTA",0,0.549540061084339,0.750581054525806,0.0125005494094978,29.6406966836897,24.0820290204159,0.675498662585643,2.03490499017609,0,0.549540061084339,0.750480587197182,0.0116835112531801,14.9513348450365,25.7640228341286,0.603722017233559,1.83333333333333,"P_Upper_Seep_2023_spring_full_network_case3_version1","1"
"VIVI",0,0.519806644492693,0.811307675170742,0.0125004966727116,30.0901567254459,25.0883472663016,0.737427664769772,11.0575335281665,0,0.519806644492693,0.81128749699362,0.00805643390808033,24.0405777796053,38.9671208313816,0.868807379304564,13,"P_Upper_Seep_2023_spring_full_network_case3_version1","1"
"CHGL",1,0,0,0,0,0,NA,0,1,0,0,0,0,0,NA,0,"P_Upper_Seep_2023_spring_nonserpentine_network_case3_version3","3"
"CRHI",1,0,0,0,0,0,NA,0,1,0,0,0,0,0,NA,0,"P_Upper_Seep_2023_spring_nonserpentine_network_case3_version3","3"
"DICA",1,0,0,0,0,0,NA,0,1,0,0,0,0,0,NA,0,"P_Upper_Seep_2023_spring_nonserpentine_network_case3_version3","3"
"ERGU",1,0,0,0,0,0,NA,0,1,0,0,0,0,0,NA,0,"P_Upper_Seep_2023_spring_nonserpentine_network_case3_version3","3"
"ERHI",1,0,0,0,0,0,NA,0,1,0,0,0,0,0,NA,0,"P_Upper_Seep_2023_spring_nonserpentine_network_case3_version3","3"
"ESCA",1,0,0,0,0,0,NA,0,1,0,0,0,0,0,NA,0,"P_Upper_Seep_2023_spring_nonserpentine_network_case3_version3","3"
"GITR",1,0,0,0,0,0,NA,0,1,0,0,0,0,0,NA,0,"P_Upper_Seep_2023_spring_nonserpentine_network_case3_version3","3"
"LUSU",1,0,0,0,0,0,NA,0,1,0,0,0,0,0,NA,0,"P_Upper_Seep_2023_spring_nonserpentine_network_case3_version3","3"
"PHTA",1,0,0,0,0,0,NA,0,1,0,0,0,0,0,NA,0,"P_Upper_Seep_2023_spring_nonserpentine_network_case3_version3","3"
"VIVI",0,0.519806644492693,0.81131087777477,0.0125014438042423,30.9236094274107,25.0886607085168,1,15,0,0.519806644492693,0.81131087777477,0.0125014438042422,30.9236094274108,25.0886607085168,1,15,"P_Upper_Seep_2023_spring_nonserpentine_network_case3_version3","3"
"CHGL",0,0.508567459256652,0.508567459256652,0.490273988684767,0,0,NA,0,1,0.508567459256652,1.08833564169506e-05,4.89178723607028e-05,0,0,NA,0,"P_Upper_Seep_2023_spring_serpentine_network_case3_version2","2"
"CRHI",0,0.493287726558413,0.893855281154763,0.0125020018093287,33.0971436415284,29.584056635118,1,1,0,0.493287726558413,0.893855291288344,0.0125005864473438,33.0971227098302,29.5840382606014,1,1,"P_Upper_Seep_2023_spring_serpentine_network_case3_version2","2"
"DICA",0,0.486820267251143,0.847364586380515,0.0125019325855542,36.5014873819956,30.9300677577183,1,1,0,0.486820267251143,0.847364594563902,0.0125005827565363,36.5014635847538,30.9300478914839,1,1,"P_Upper_Seep_2023_spring_serpentine_network_case3_version2","2"
"ERGU",0,0.488231689966392,0.906398663568599,0.0125020298106179,32.6923319443172,31.1435489995622,0.951474283925916,0.942119635556374,0,0.488231689966392,0.906142300774475,0.0251035545157136,9.32030470339538,15.458198847905,0.546345821460204,0.333333333333333,"P_Upper_Seep_2023_spring_serpentine_network_case3_version2","2"
"ERHI",0,0.510013265144086,0.805116686656599,0.0125019403390132,33.0814797539015,26.6344513691586,1,1,0,0.510013265144086,0.805116696614919,0.0125005841111799,33.0814584578075,26.6344345527536,1,1,"P_Upper_Seep_2023_spring_serpentine_network_case3_version2","2"
"ESCA",0,0.492947276655094,0.822937950314445,0.012501795999692,29.5584475001018,24.3247682002109,1,1,0,0.492947276655094,0.8229379598938,0.0125005838633173,29.5584287007643,24.3247530126733,1,1,"P_Upper_Seep_2023_spring_serpentine_network_case3_version2","2"
"GITR",0,0.464878742170929,0.784163532824226,0.0125013480706116,33.9960019545318,26.6584249945649,1,2,0,0.464878742170929,0.784163537560718,0.0125005743405976,33.9959795496831,26.6584075865213,1,2,"P_Upper_Seep_2023_spring_serpentine_network_case3_version2","2"
"LUSU",0,0.517019666809132,0.774650344681692,0.0125012816715563,29.500055235951,22.8522279566584,1,2,0,0.517019666809132,0.774650349920173,0.0125005732713827,29.5000358025035,22.852213057067,1,2,"P_Upper_Seep_2023_spring_serpentine_network_case3_version2","2"
"PHTA",0,0.549540061084339,0.790651255124742,0.0125015203875026,31.7936936149916,26.7257441511065,0.682841905358028,2.05788036551673,0,0.549540061084339,0.790623491359182,0.0124498020317274,24.6189481378842,26.8331705754945,0.817884726179932,2.33333333333333,"P_Upper_Seep_2023_spring_serpentine_network_case3_version2","2"
"VIVI",1,0,0,0,0,0,NA,1.99999999892431,1,0,0,0,0,0,NA,2.33333333333333,"P_Upper_Seep_2023_spring_serpentine_network_case3_version2","2"
"ASFA",0,0.533469149090102,0.533469149090102,0.541796731525937,9.35485684882819e-21,-5.09200962410425e-10,-9.80070324176182e-12,-1.34442364311945e-11,0,0.533469149090102,0.764045694643839,0.0135067474179238,4.14980973195428,21.4787662751818,0.147617615400675,0.142857142857143,"P_Vineyard_2022_summer_full_network_case3_version1","1"
"CESO",0,0.515988757352339,0.915831068783957,0.0125003837832434,16.501018457651,30.8626145185808,0.489658624385047,0.47465009968779,0,0.515988757352339,0.915279949599858,0.0149672890751253,4.097844468464,25.7302465698464,0.145769099739575,0.142857142857143,"P_Vineyard_2022_summer_full_network_case3_version1","1"
"CLPU",0,0.523044820769245,0.791862859884502,0.0125003802416208,30.8010616346199,24.390216753469,1,1,0,0.523044820769245,0.791892001678171,0.01250066423393,30.8014564459493,24.3914269995858,1,1,"P_Vineyard_2022_summer_full_network_case3_version1","1"
"GRCA",0,0.514302668703861,0.804955406687264,0.0125003838630903,13.0326433111499,25.2281850840047,0.41583239784411,0.441438717316241,0,0.514302668703861,0.804498347412654,0.0139234432954696,3.74195274662457,22.6159666810259,0.133109269358861,0.142857142857143,"P_Vineyard_2022_summer_full_network_case3_version1","1"
"HECO",0,0.484952905790393,0.843247963493737,0.0125003812581025,27.8845001731435,29.4208308350949,0.506412509172667,0.985214375811666,0,0.484952905790393,0.842989562675044,0.0118802060442519,7.665094132882,30.9423343398231,0.261499968349205,0.476190476190476,"P_Vineyard_2022_summer_full_network_case3_version1","1"
"HEEX",0,0.503487619130634,0.746988564070904,0.0125003677249015,25.8008734446968,20.5507445786592,0.624187446608006,1.8780346861777,0,0.503487619130634,0.746741863946244,0.0110523643812111,6.50889883121391,23.2382057129722,0.484597769886697,1.47619047619048,"P_Vineyard_2022_summer_full_network_case3_version1","1"
"HOMA",0,0.516414728558815,0.759990241749852,0.0125003761533656,24.4907307458419,21.0754894749994,0.664650177243037,2.01879673797741,0,0.516414728558815,0.759997733932499,0.0126078347867349,20.5940360199594,20.8956281959118,0.583813318382602,1.83333333333333,"P_Vineyard_2022_summer_full_network_case3_version1","1"
"STAL",0,0.482342888010825,0.870246376450642,0.0125003466584494,29.1710764729681,28.0448670100531,0.720823731415136,7.12144881691972,0,0.482342888010825,0.870265638557778,0.0125969485900962,25.619698312367,27.8303520035821,0.760799276368575,7.5,"P_Vineyard_2022_summer_full_network_case3_version1","1"
"TRLA",0,0.536918797943238,0.741446305626178,0.0125003499559677,20.1591814661754,21.8185018624283,0.527367912956476,5.98092521235938,0,0.536918797943238,0.741187721253639,0.011295293645795,6.52717733037289,24.1370598409464,0.495136600720411,5.64285714285714,"P_Vineyard_2022_summer_full_network_case3_version1","1"
"ZETR",0,0.494237031994498,0.77575764658013,0.0125003511477244,22.6123915837027,25.0049362572529,0.480392448747305,7.09949135381052,0,0.494237031994498,0.775616227865931,0.0114614692527148,8.58783648566744,27.2678261599685,0.586051696158954,8.64285714285714,"P_Vineyard_2022_summer_full_network_case3_version1","1"
"ASFA",1,0,0,0,0,0,NA,0,1,0,0,0,0,0,NA,0,"P_Vineyard_2022_summer_nonserpentine_network_case3_version3","3"
"CESO",1,0.515988757352339,0,0,0,0,NA,0,0,0.515988757352339,0.515988757352339,0.477666756430486,0,0,NA,0,"P_Vineyard_2022_summer_nonserpentine_network_case3_version3","3"
"CLPU",1,0,0,0,0,0,NA,0,1,0,0,0,0,0,NA,0,"P_Vineyard_2022_summer_nonserpentine_network_case3_version3","3"
"GRCA",1,0,0,0,0,0,NA,0,1,0,0,0,0,0,NA,0,"P_Vineyard_2022_summer_nonserpentine_network_case3_version3","3"
"HECO",1,0,0,0,0,0,NA,0,1,0,0,0,0,0,NA,0,"P_Vineyard_2022_summer_nonserpentine_network_case3_version3","3"
"HEEX",1,0,0,0,0,0,NA,0,1,0,0,0,0,0,NA,0,"P_Vineyard_2022_summer_nonserpentine_network_case3_version3","3"
"HOMA",1,0,0,0,0,0,NA,0,1,0,0,0,0,0,NA,0,"P_Vineyard_2022_summer_nonserpentine_network_case3_version3","3"
"STAL",1,0,0,0,0,0,NA,0,1,0,0,0,0,0,NA,0,"P_Vineyard_2022_summer_nonserpentine_network_case3_version3","3"
"TRLA",1,0,0,0,0,0,NA,0,1,0,0,0,0,0,NA,0,"P_Vineyard_2022_summer_nonserpentine_network_case3_version3","3"
"ZETR",1,0,0,0,0,0,NA,15,1,0,0,0,0,0,NA,15,"P_Vineyard_2022_summer_nonserpentine_network_case3_version3","3"
"ASFA",0,0.533469149090102,0.533469149090102,0.541796731525937,0,0,NA,0,1,0.533469149090102,1.9695554573239e-05,0.000105352109107581,0,0,NA,0,"P_Vineyard_2022_summer_serpentine_network_case3_version2","2"
"CESO",1,0,1.17207442121548e-17,5.61166691784969e-17,1.00762849339944e-37,-9.59370432923686e-27,-1.23103187535415e-28,-1.0871757728418e-11,1,0,0,0,0,0,NA,0.166666666666667,"P_Vineyard_2022_summer_serpentine_network_case3_version2","2"
"CLPU",0,0.523044820769245,0.840154627669893,0.0125001786766528,13.8170998630028,27.4602866291831,0.422737772101112,0.434124670314162,0,0.523044820769245,0.839712401550851,0.0181111555483777,4.73076513226922,18.9084336758391,0.210090492871803,0.166666666666667,"P_Vineyard_2022_summer_serpentine_network_case3_version2","2"
"GRCA",0,0.514302668703861,0.854303232943553,0.0125003897549309,33.2680778976329,28.4210265017657,1,1,0,0.514302668703861,0.854303231485891,0.0125005815782367,33.2680574088999,28.4210089496814,1,1,"P_Vineyard_2022_summer_serpentine_network_case3_version2","2"
"HECO",0,0.484952905790393,0.894767092558423,0.0125001798101368,19.0462345820125,33.1308027127469,0.514383671560611,0.491802326973304,0,0.484952905790393,0.89432743657932,0.0205082133889741,5.08143765925763,20.1382413643193,0.225663653232071,0.166666666666667,"P_Vineyard_2022_summer_serpentine_network_case3_version2","2"
"HEEX",0,0.503487619130634,0.792651379098607,0.0125003272795771,21.750499582587,23.1448173853414,0.470814271272693,0.968507909771472,0,0.503487619130634,0.792386942865496,0.0123362866543458,6.33102046933129,23.4385036582507,0.247247711461947,0.5,"P_Vineyard_2022_summer_serpentine_network_case3_version2","2"
"HOMA",0,0.516414728558815,0.806472000304965,0.0125006220853621,28.1064897953905,23.7366378907133,0.647727682040682,1.9518958707961,0,0.516414728558815,0.806330423034434,0.0121161119129226,11.089498416924,24.4835934600814,0.548362468272696,1.66666666666667,"P_Vineyard_2022_summer_serpentine_network_case3_version2","2"
"STAL",0,0.482342888010825,0.923471797621161,0.0125005300166201,32.0136785659673,31.5853199747334,0.702866846784966,2.09143393793741,0,0.482342888010825,0.923464930496119,0.0125080198898194,29.7784462162505,31.5659868194933,0.792138534193706,2.33333333333333,"P_Vineyard_2022_summer_serpentine_network_case3_version2","2"
"TRLA",0,0.536918797943238,0.786831995346991,0.0125005734357221,28.9727415905536,24.5757406878807,0.791773487337556,7.96387183908092,0,0.536918797943238,0.786819271649204,0.0125256216599912,25.2613316793634,24.5255276714566,0.826657874834243,8.33333333333333,"P_Vineyard_2022_summer_serpentine_network_case3_version2","2"
"ZETR",0,0.494237031994498,0.823227330534167,0.0125005826619939,31.6064122371107,28.1629316051783,0.741066504903672,8.09836344513778,0,0.494237031994498,0.823148484629294,0.0122244419360592,15.3988122023781,28.7951190851415,0.798333515930054,8.66666666666667,"P_Vineyard_2022_summer_serpentine_network_case3_version2","2"
"CESO",0,0.501443466614673,0.501443466614673,0.49400386593491,2.23415757879516e-05,1.12030372127449e-05,1,1,0,0.501443466614673,0.767012614341936,0.0125003609424497,30.3639088889345,23.289501138542,1,1,"P_Vineyard_2023_summer_full_network_case3_version1","1"
"CLGR",0,0.460343392803494,0.808734605540425,0.012500762402547,35.2237914902863,28.4866991165349,1,2,0,0.460343392803494,0.770838711885532,0.0125003563562166,33.5688096571613,25.8761379956568,1,2,"P_Vineyard_2023_summer_full_network_case3_version1","1"
"ERGU",0,0.49140284831701,0.883561376424534,0.0125005794084753,27.9143293347242,28.8023966811372,0.856318434955055,1.66048208999351,0,0.49140284831701,0.842083490486897,0.0138390072529988,15.4062925491403,23.619826922579,0.549258241720672,1,"P_Vineyard_2023_summer_full_network_case3_version1","1"
"GRCA",0,0.507671663983572,0.804357157267218,0.0125003647554737,30.1407824847144,24.2439541172145,1,2,0,0.507671663983572,0.766665038072947,0.0125003534673274,28.7241808785036,22.0218252268322,1,2,"P_Vineyard_2023_summer_full_network_case3_version1","1"
"HOMA",0,0.537656571896587,0.770233078778183,0.0125004379462218,23.88466338636,22.7929620201699,0.571840782522473,2.33951791000654,0,0.537656571896587,0.734098852164551,0.0112974315266176,15.8068137656756,22.9135055181965,0.725370879139664,3,"P_Vineyard_2023_summer_full_network_case3_version1","1"
"CESO",0,0.501443466614673,0.501443466614673,0.49400386593491,0,0,NA,0,1,0.501443466614673,1.2958661390725e-05,6.96476172735096e-05,0,0,NA,0,"P_Vineyard_2023_summer_nonserpentine_network_case3_version3","3"
"CLGR",1,0,0,0,0,0,NA,0,1,0,0,0,0,0,NA,0,"P_Vineyard_2023_summer_nonserpentine_network_case3_version3","3"
"ERGU",1,0,0,0,0,0,NA,0,1,0,0,0,0,0,NA,0,"P_Vineyard_2023_summer_nonserpentine_network_case3_version3","3"
"GRCA",1,0,0,0,0,0,NA,0,1,0,0,0,0,0,NA,0,"P_Vineyard_2023_summer_nonserpentine_network_case3_version3","3"
"HOMA",1,0,0,0,0,0,NA,4,1,0,0,0,0,0,NA,4,"P_Vineyard_2023_summer_nonserpentine_network_case3_version3","3"
"CESO",1,0,0,0,0,0,NA,0,1,0,5.59715818966989e-19,3.21680492879814e-18,0,0,NA,0,"P_Vineyard_2023_summer_serpentine_network_case3_version2","2"
"CLGR",0,0.460343392803494,0.808740119790504,0.0125007973291754,35.2239961104658,28.4870588338783,1,1,0,0.460343392803494,0.808740119812732,0.0125007932815903,35.223996160218,28.4870588748979,1,1,"P_Vineyard_2023_summer_serpentine_network_case3_version2","2"
"ERGU",0,0.49140284831701,0.883569245571078,0.0125007052375658,32.5984333381224,28.8029731513638,1,2,0,0.49140284831701,0.8835692455883,0.012500703048744,32.5984333803377,28.8029731892254,1,2,"P_Vineyard_2023_summer_serpentine_network_case3_version2","2"
"GRCA",0,0.507671663983572,0.804352419567117,0.012500703431826,30.1405894863107,24.2436560804932,1,2,0,0.507671663983572,0.804352419583823,0.0125007013000165,30.140589525775,24.24365611274,1,2,"P_Vineyard_2023_summer_serpentine_network_case3_version2","2"
"HOMA",0,0.537656571896587,0.770251924263306,0.012500694850292,29.5929295505,22.7940109308611,1,2,0,0.537656571896587,0.770251924277317,0.0125006928861916,29.592929589076,22.7940109609889,1,2,"P_Vineyard_2023_summer_serpentine_network_case3_version2","2"
"ANAR",0,0.458899266323493,0.458899266323493,0.473260760970069,4.43772144703518e-16,3.67906256282203e-08,5.53528808336002e-09,1.13308869497975e-08,0,0.458899266323493,0.843591123225438,0.0173379693794291,7.84011079687605,19.912921896372,0.3321384931738,0.333333333333333,"P_Vineyard_2024_summer_full_network_case3_version1","1"
"ASFA",0,0.519969098954447,0.748618019666569,0.0125006230689165,21.7027784390182,21.1130120068928,0.769529757808876,0.780450902164832,0,0.519969098954447,0.708293400726672,0.0206355400541712,5.20301765858311,11.4217760951472,0.322652365161014,0.333333333333333,"P_Vineyard_2024_summer_full_network_case3_version1","1"
"CESO",0,0.520646127392839,0.828687919803379,0.0125006220038075,26.3382244226931,25.9215842511523,0.842007502191378,0.819559650132569,0,0.520646127392839,0.784250643159722,0.0170416488081401,7.88699077110871,17.0066030187887,0.363704472786438,0.333333333333333,"P_Vineyard_2024_summer_full_network_case3_version1","1"
"CIVU",0,0.49946309144118,0.767961336954238,0.0125006311763747,30.4777434411533,24.2379220728675,0.949598618712488,2.86266726382472,0,0.49946309144118,0.726999851620931,0.0125160661799789,28.9034399035111,21.6913393746069,0.823983105042722,2.5,"P_Vineyard_2024_summer_full_network_case3_version1","1"
"HEEX",0,0.476177851914511,0.739980400803108,0.0125006250489524,13.5677855626097,20.359388206721,0.398161859289946,1.22366312603156,0,0.476177851914511,0.700494650497978,0.00857438131411663,12.3113306024304,26.6278992968262,0.296424653369639,0.916666666666667,"P_Vineyard_2024_summer_full_network_case3_version1","1"
"SOCA",0,0.521157127186264,0.836778821941223,0.012500631839297,32.410997157708,29.2895045011885,0.774066979272371,3.80520333949916,0,0.521157127186264,0.792094615205747,0.0121501362248624,19.1393479273523,27.0006466680045,0.732171830835585,3.58333333333333,"P_Vineyard_2024_summer_full_network_case3_version1","1"
"STAL",0,0.487836619530728,0.761634028742238,0.0125006369328855,23.0120907126644,21.5542494390103,0.563981271575544,4.60052359277551,0,0.487836619530728,0.720927576100826,0.00827265994623254,12.8014782563863,29.2103744782957,0.601613279594813,4.91666666666667,"P_Vineyard_2024_summer_full_network_case3_version1","1"
"ZETR",0,0.470064452951804,0.833257959100068,0.0125006385617742,26.1639767651586,25.1787580390855,0.596299623149095,5.90793211433202,0,0.470064452951804,0.788723896305583,0.0121016648454281,13.8050666432038,23.3019184795757,0.714651600270523,7.08333333333333,"P_Vineyard_2024_summer_full_network_case3_version1","1"
"ANAR",0,0.458899266323493,0.458899266323493,0.473260760970069,0,0,NA,0,1,0.458899266323493,2.27921406983464e-05,0.000116655203869403,0,0,NA,0,"P_Vineyard_2024_summer_nonserpentine_network_case3_version3","3"
"ASFA",1,0,0,0,0,0,NA,0,1,0,0,0,0,0,NA,0,"P_Vineyard_2024_summer_nonserpentine_network_case3_version3","3"
"CESO",1,0.520646127392839,0,0,0,0,NA,0,0,0.520646127392839,0.520646127392839,0.49694984939273,0,0,NA,0,"P_Vineyard_2024_summer_nonserpentine_network_case3_version3","3"
"CIVU",1,0,0,0,0,0,NA,0,1,0,0,0,0,0,NA,0,"P_Vineyard_2024_summer_nonserpentine_network_case3_version3","3"
"HEEX",1,0,0,0,0,0,NA,0,1,0,0,0,0,0,NA,0,"P_Vineyard_2024_summer_nonserpentine_network_case3_version3","3"
"SOCA",1,0,0,0,0,0,NA,0,1,0,0,0,0,0,NA,0,"P_Vineyard_2024_summer_nonserpentine_network_case3_version3","3"
"STAL",1,0,0,0,0,0,NA,0.5,1,0,0,0,0,0,NA,0.5,"P_Vineyard_2024_summer_nonserpentine_network_case3_version3","3"
"ZETR",1,0,0,0,0,0,NA,7.5,1,0,0,0,0,0,NA,7.5,"P_Vineyard_2024_summer_nonserpentine_network_case3_version3","3"
"ANAR",1,0,0,0,0,0,NA,0,1,0,4.01524700634077e-20,2.07477236935157e-19,0,0,NA,0,"P_Vineyard_2024_summer_serpentine_network_case3_version2","2"
"ASFA",1,0.519969098954447,0,0,0,0,NA,0,0,0.519969098954447,0.519969098954447,0.493609623957244,0,0,NA,0,"P_Vineyard_2024_summer_serpentine_network_case3_version2","2"
"CESO",1,0,0,0,0,0,NA,1.18510099400595e-08,1,0,0,0,0,0,NA,0.5,"P_Vineyard_2024_summer_serpentine_network_case3_version2","2"
"CIVU",0,0.49946309144118,0.806033891885064,0.0124988102300505,27.3240247758958,26.7053541190925,0.824706908354884,0.858667070751553,0,0.49946309144118,0.80586721578313,0.0134992622308249,8.97848929509974,24.7165301704126,0.292738103621115,0.333333333333333,"P_Vineyard_2024_summer_serpentine_network_case3_version2","2"
"HEEX",0,0.476177851914511,0.776756344172781,0.0124997446675004,27.8993623588217,22.4382507484901,0.953104271935076,2.86569960383153,0,0.476177851914511,0.776756898031378,0.0125400833946779,28.2544201406014,22.3672923667304,0.828856941850305,2.5,"P_Vineyard_2024_summer_serpentine_network_case3_version2","2"
"SOCA",0,0.521157127186264,0.878269199193552,0.0124990812949322,31.1515121875774,32.2714646288101,0.695062335869802,2.03369522301872,0,0.521157127186264,0.878162015324128,0.0135698301648971,12.8638052608682,29.7143909780605,0.585463777256195,1.16666666666667,"P_Vineyard_2024_summer_serpentine_network_case3_version2","2"
"STAL",0,0.487836619530728,0.799415755468007,0.0124996982539165,28.597823385976,23.7500851717989,0.812106558134903,4.07499374298642,0,0.487836619530728,0.799412158316327,0.0125321580704538,27.4417622892997,23.6897799025858,0.85963727286893,4.33333333333333,"P_Vineyard_2024_summer_serpentine_network_case3_version2","2"
"ZETR",0,0.470064452951804,0.874585219609142,0.0124998943046129,30.1838086681819,27.7433405951544,0.717026047755597,7.1669443475604,0,0.470064452951804,0.874467648517886,0.0106642580033764,13.9511206943895,32.5260255953536,0.816611337471474,8.16666666666667,"P_Vineyard_2024_summer_serpentine_network_case3_version2","2"
