"pollinator","full_visits","serp_visits","nonserp_visits","full_degree","serp_degree","nonserp_degree","full_specialization","serp_specialization","nonserp_specialization","network_name"
"Acmaeodera_sp.",1,1,0,1,1,0,"specialist","specialist","generalist","_2023_spring"
"Apis_mellifera",2,2,0,1,1,0,"specialist","specialist","generalist","_2023_spring"
"Adela_eldorada",4,4,0,3,3,0,"generalist","generalist","generalist","Aikawa_2022_spring"
"Adela_flammeusella",4,4,0,1,1,0,"specialist","specialist","generalist","Aikawa_2022_spring"
"Adela_trigrapha",2,2,0,1,1,0,"specialist","specialist","generalist","Aikawa_2022_spring"
"Andrena_baeriae",2,2,0,2,2,0,"generalist","generalist","generalist","Aikawa_2022_spring"
"Andrena_dissona",5,5,0,3,3,0,"generalist","generalist","generalist","Aikawa_2022_spring"
"Andrena_pensilis",4,4,0,3,3,0,"generalist","generalist","generalist","Aikawa_2022_spring"
"Andrena_sp.",10,10,0,3,3,0,"generalist","generalist","generalist","Aikawa_2022_spring"
"Andrena_subchalybea",15,15,0,3,3,0,"generalist","generalist","generalist","Aikawa_2022_spring"
"Anthophora_californica",6,0,6,1,0,1,"specialist","generalist","specialist","Aikawa_2022_spring"
"Apis_mellifera",322,291,31,5,4,1,"generalist","generalist","specialist","Aikawa_2022_spring"
"APME-mimic_Syrphid",1,1,0,1,1,0,"specialist","specialist","generalist","Aikawa_2022_spring"
"black_white_moth_Lepidoptera",1,1,0,1,1,0,"specialist","specialist","generalist","Aikawa_2022_spring"
"Bombus_californicus",1,1,0,1,1,0,"specialist","specialist","generalist","Aikawa_2022_spring"
"Bombus_crotchii",1,1,0,1,1,0,"specialist","specialist","generalist","Aikawa_2022_spring"
"Bombus_melanopygus",25,15,10,3,2,1,"generalist","generalist","specialist","Aikawa_2022_spring"
"Bombus_sp.",1,1,0,1,1,0,"specialist","specialist","generalist","Aikawa_2022_spring"
"Bombus_vosnesenskii",90,75,15,5,4,1,"generalist","generalist","specialist","Aikawa_2022_spring"
"Bombylius_major",9,8,1,6,5,1,"generalist","generalist","specialist","Aikawa_2022_spring"
"Braconidae",4,4,0,1,1,0,"specialist","specialist","generalist","Aikawa_2022_spring"
"brown_moth_Lepidoptera",1,1,0,1,1,0,"specialist","specialist","generalist","Aikawa_2022_spring"
"Chrysis_angolensis",1,1,0,1,1,0,"specialist","specialist","generalist","Aikawa_2022_spring"
"Colias_eurytheme",1,0,1,1,0,1,"specialist","generalist","specialist","Aikawa_2022_spring"
"Conophorus_fenestratus",4,4,0,1,1,0,"specialist","specialist","generalist","Aikawa_2022_spring"
"Cylindromyia sp.",1,1,0,1,1,0,"specialist","specialist","generalist","Aikawa_2022_spring"
"Diadasia_nigrifrons",1,1,0,1,1,0,"specialist","specialist","generalist","Aikawa_2022_spring"
"Elateridae",2,2,0,2,2,0,"generalist","generalist","generalist","Aikawa_2022_spring"
"Eristalis_hirta",3,3,0,1,1,0,"specialist","specialist","generalist","Aikawa_2022_spring"
"Eucera_actuosa",8,6,2,2,1,1,"generalist","specialist","specialist","Aikawa_2022_spring"
"Eucera_frater_albopilosa",6,2,4,3,1,2,"generalist","specialist","generalist","Aikawa_2022_spring"
"Euopeodes_fumipennis",10,10,0,7,7,0,"generalist","generalist","generalist","Aikawa_2022_spring"
"Glaucophysche_lygdamus",2,0,2,1,0,1,"specialist","generalist","specialist","Aikawa_2022_spring"
"Habropoda_trissema",1,0,1,1,0,1,"specialist","generalist","specialist","Aikawa_2022_spring"
"Heliolonche_modiella",38,38,0,5,5,0,"generalist","generalist","generalist","Aikawa_2022_spring"
"Helithodes_dimutiva",6,5,1,3,2,1,"generalist","generalist","specialist","Aikawa_2022_spring"
"Hippodamia_convergens",6,6,0,3,3,0,"generalist","generalist","generalist","Aikawa_2022_spring"
"Junonia_grisea",13,12,1,9,8,1,"generalist","generalist","specialist","Aikawa_2022_spring"
"Listrus_sp._1",43,42,1,7,6,1,"generalist","generalist","specialist","Aikawa_2022_spring"
"Muscidae",4,3,1,2,1,1,"generalist","specialist","specialist","Aikawa_2022_spring"
"Osmia_cara",10,7,3,4,3,1,"generalist","generalist","specialist","Aikawa_2022_spring"
"Osmia_sp.",3,3,0,2,2,0,"generalist","generalist","generalist","Aikawa_2022_spring"
"Panurginus_sp.",2,2,0,1,1,0,"specialist","specialist","generalist","Aikawa_2022_spring"
"Polistes_aurifer",1,1,0,1,1,0,"specialist","specialist","generalist","Aikawa_2022_spring"
"Prosperpinus_clarkiae",1,0,1,1,0,1,"specialist","generalist","specialist","Aikawa_2022_spring"
"Scaeva_affinis",16,14,2,6,4,2,"generalist","generalist","generalist","Aikawa_2022_spring"
"silver_moth_Lepidoptera",3,2,1,2,1,1,"generalist","specialist","specialist","Aikawa_2022_spring"
"small_gray_black_moth_Lepidoptera",1,1,0,1,1,0,"specialist","specialist","generalist","Aikawa_2022_spring"
"Anthophora_sp.",2,2,0,2,2,0,"generalist","generalist","generalist","Aikawa_2022_summer"
"Apis_mellifera",23,23,0,4,4,0,"generalist","generalist","generalist","Aikawa_2022_summer"
"Autographa_californica",2,2,0,1,1,0,"specialist","specialist","generalist","Aikawa_2022_summer"
"Bombus_californicus",2,2,0,2,2,0,"generalist","generalist","generalist","Aikawa_2022_summer"
"Bombus_vosnesenskii",325,320,5,14,13,1,"generalist","generalist","specialist","Aikawa_2022_summer"
"Bombylius_major",1,0,1,1,0,1,"specialist","generalist","specialist","Aikawa_2022_summer"
"Braconidae",6,6,0,3,3,0,"generalist","generalist","generalist","Aikawa_2022_summer"
"Ceratina_punctigena",8,8,0,1,1,0,"specialist","specialist","generalist","Aikawa_2022_summer"
"Colias_eurytheme",1,1,0,1,1,0,"specialist","specialist","generalist","Aikawa_2022_summer"
"Danaus_plexippus",1,1,0,1,1,0,"specialist","specialist","generalist","Aikawa_2022_summer"
"Dianthidium_dubium",3,3,0,1,1,0,"specialist","specialist","generalist","Aikawa_2022_summer"
"Epicauta_puncticollis",1,1,0,1,1,0,"specialist","specialist","generalist","Aikawa_2022_summer"
"Eristalis_stipador",3,3,0,1,1,0,"specialist","specialist","generalist","Aikawa_2022_summer"
"Erynnis_tristus",2,2,0,1,1,0,"specialist","specialist","generalist","Aikawa_2022_summer"
"Geron_sp.",2,2,0,1,1,0,"specialist","specialist","generalist","Aikawa_2022_summer"
"Halictidae",1,1,0,1,1,0,"specialist","specialist","generalist","Aikawa_2022_summer"
"Halictus_ligatus",9,9,0,2,2,0,"generalist","generalist","generalist","Aikawa_2022_summer"
"Halictus_tripartitus",7,7,0,4,4,0,"generalist","generalist","generalist","Aikawa_2022_summer"
"Heliolonche_modicella",1,1,0,1,1,0,"specialist","specialist","generalist","Aikawa_2022_summer"
"Heliopetes_ericetorum",2,2,0,1,1,0,"specialist","specialist","generalist","Aikawa_2022_summer"
"Heliothodes_diminutivus",8,7,1,2,1,1,"generalist","specialist","specialist","Aikawa_2022_summer"
"Icaricia_acmon",10,10,0,5,5,0,"generalist","generalist","generalist","Aikawa_2022_summer"
"Junonia_grisea",3,3,0,2,2,0,"generalist","generalist","generalist","Aikawa_2022_summer"
"Lasioglossum_incompletum",3,3,0,1,1,0,"specialist","specialist","generalist","Aikawa_2022_summer"
"Lasioglossum_titusi",3,3,0,2,2,0,"generalist","generalist","generalist","Aikawa_2022_summer"
"Megachile_apicalis",2,1,1,2,1,1,"generalist","specialist","specialist","Aikawa_2022_summer"
"Megachile-mimic_Syrphidae",1,1,0,1,1,0,"specialist","specialist","generalist","Aikawa_2022_summer"
"Melissodes_lupina",1,1,0,1,1,0,"specialist","specialist","generalist","Aikawa_2022_summer"
"Melissodes_robustior",1,1,0,1,1,0,"specialist","specialist","generalist","Aikawa_2022_summer"
"Nomada_vegana",1,1,0,1,1,0,"specialist","specialist","generalist","Aikawa_2022_summer"
"Strymon_melinus",5,5,0,3,3,0,"generalist","generalist","generalist","Aikawa_2022_summer"
"Villa_sp.",4,3,1,2,1,1,"generalist","specialist","specialist","Aikawa_2022_summer"
"white_moth_Lepidoptera",1,1,0,1,1,0,"specialist","specialist","generalist","Aikawa_2022_summer"
"Xeromelecta_californica",1,1,0,1,1,0,"specialist","specialist","generalist","Aikawa_2022_summer"
"Xylocopa_sp.",9,9,0,2,2,0,"generalist","generalist","generalist","Aikawa_2022_summer"
"Adela_eldorada",1,1,0,1,1,0,"specialist","specialist","generalist","Aikawa_2024_spring"
"Adela_sp.",1,1,0,1,1,0,"specialist","specialist","generalist","Aikawa_2024_spring"
"Andrena_baeriae",1,1,0,1,1,0,"specialist","specialist","generalist","Aikawa_2024_spring"
"Andrena_dissona",1,1,0,1,1,0,"specialist","specialist","generalist","Aikawa_2024_spring"
"Andrena_pensilis",8,8,0,3,3,0,"generalist","generalist","generalist","Aikawa_2024_spring"
"Andrena_sp.",2,2,0,1,1,0,"specialist","specialist","generalist","Aikawa_2024_spring"
"Andrena_subchalybea",2,2,0,2,2,0,"generalist","generalist","generalist","Aikawa_2024_spring"
"Anthophora_crotchii",2,0,2,1,0,1,"specialist","generalist","specialist","Aikawa_2024_spring"
"Anthrenus_sp.",2,2,0,1,1,0,"specialist","specialist","generalist","Aikawa_2024_spring"
"Apis_mellifera",5,0,5,1,0,1,"specialist","generalist","specialist","Aikawa_2024_spring"
"BF1_Diptera",1,1,0,1,1,0,"specialist","specialist","generalist","Aikawa_2024_spring"
"Bombus_californicus",2,1,1,2,1,1,"generalist","specialist","specialist","Aikawa_2024_spring"
"Bombus_melanopygus",5,1,4,2,1,1,"generalist","specialist","specialist","Aikawa_2024_spring"
"Bombus_vosnesenskii",3,1,2,2,1,1,"generalist","specialist","specialist","Aikawa_2024_spring"
"Brachysomida_californica",7,7,0,1,1,0,"specialist","specialist","generalist","Aikawa_2024_spring"
"Diadasia_bituberculata",1,1,0,1,1,0,"specialist","specialist","generalist","Aikawa_2024_spring"
"Diadasia_nigrifrons",1,1,0,1,1,0,"specialist","specialist","generalist","Aikawa_2024_spring"
"Halictus_ligatus",2,2,0,1,1,0,"specialist","specialist","generalist","Aikawa_2024_spring"
"Helithodes_dimutiva",1,1,0,1,1,0,"specialist","specialist","generalist","Aikawa_2024_spring"
"Hippodamia_convergens",2,0,2,1,0,1,"specialist","generalist","specialist","Aikawa_2024_spring"
"Listrus_sp._1",55,55,0,6,6,0,"generalist","generalist","generalist","Aikawa_2024_spring"
"Malachius_sp.",1,1,0,1,1,0,"specialist","specialist","generalist","Aikawa_2024_spring"
"Muscidae",1,0,1,1,0,1,"specialist","generalist","specialist","Aikawa_2024_spring"
"Osmia_cara",5,3,2,2,1,1,"generalist","specialist","specialist","Aikawa_2024_spring"
"Osmia_sp.",7,7,0,1,1,0,"specialist","specialist","generalist","Aikawa_2024_spring"
"red_Braconidae",7,7,0,1,1,0,"specialist","specialist","generalist","Aikawa_2024_spring"
"silver_moth_Lepidoptera",10,10,0,2,2,0,"generalist","generalist","generalist","Aikawa_2024_spring"
"Sphaerophoria_sp.",2,2,0,1,1,0,"specialist","specialist","generalist","Aikawa_2024_spring"
"Tachnidae",1,1,0,1,1,0,"specialist","specialist","generalist","Aikawa_2024_spring"
"Xylocopa_sonorina",1,0,1,1,0,1,"specialist","generalist","specialist","Aikawa_2024_spring"
"Acmaeodera_sp.",4,4,0,2,2,0,"generalist","generalist","generalist","Anu_2024_spring"
"Adela_flammeusella",1,1,0,1,1,0,"specialist","specialist","generalist","Anu_2024_spring"
"Adela_trigrapha",2,2,0,1,1,0,"specialist","specialist","generalist","Anu_2024_spring"
"Andrena_dissona",4,4,0,2,2,0,"generalist","generalist","generalist","Anu_2024_spring"
"Andrena_pallidifovea",11,11,0,4,4,0,"generalist","generalist","generalist","Anu_2024_spring"
"Andrena_pensilis",5,5,0,2,2,0,"generalist","generalist","generalist","Anu_2024_spring"
"Andrena_sp.",11,11,0,4,4,0,"generalist","generalist","generalist","Anu_2024_spring"
"Andrena_subchalybea",20,20,0,7,7,0,"generalist","generalist","generalist","Anu_2024_spring"
"Anthophora_californica",5,4,1,2,1,1,"generalist","specialist","specialist","Anu_2024_spring"
"Anthophora_crotchii",1,0,1,1,0,1,"specialist","generalist","specialist","Anu_2024_spring"
"Anthrenus_sp.",5,5,0,1,1,0,"specialist","specialist","generalist","Anu_2024_spring"
"Apis_mellifera",296,65,231,4,3,1,"generalist","generalist","specialist","Anu_2024_spring"
"BF1_Diptera",62,62,0,3,3,0,"generalist","generalist","generalist","Anu_2024_spring"
"Bombus_californicus",53,36,17,3,2,1,"generalist","generalist","specialist","Anu_2024_spring"
"Bombus_melanopygus",101,15,86,3,2,1,"generalist","generalist","specialist","Anu_2024_spring"
"Bombus_sp.",1,1,0,1,1,0,"specialist","specialist","generalist","Anu_2024_spring"
"Bombus_vosnesenskii",179,139,40,5,4,1,"generalist","generalist","specialist","Anu_2024_spring"
"Bombylius_major",53,53,0,5,5,0,"generalist","generalist","generalist","Anu_2024_spring"
"Braconidae",1,1,0,1,1,0,"specialist","specialist","generalist","Anu_2024_spring"
"Coenonympha_californica",64,59,5,4,3,1,"generalist","generalist","specialist","Anu_2024_spring"
"Cyrtopogon_sp.",49,49,0,2,2,0,"generalist","generalist","generalist","Anu_2024_spring"
"Elateridae",1,1,0,1,1,0,"specialist","specialist","generalist","Anu_2024_spring"
"Erynnis_propertius",3,2,1,3,2,1,"generalist","generalist","specialist","Anu_2024_spring"
"Eucera_actuosa",62,58,4,3,2,1,"generalist","generalist","specialist","Anu_2024_spring"
"Eucera_frater_albopilosa",6,5,1,3,2,1,"generalist","generalist","specialist","Anu_2024_spring"
"Glaucophysche_lygdamus",12,8,4,3,2,1,"generalist","generalist","specialist","Anu_2024_spring"
"Heliolonche_modiella",1,1,0,1,1,0,"specialist","specialist","generalist","Anu_2024_spring"
"Helithodes_dimutiva",7,7,0,3,3,0,"generalist","generalist","generalist","Anu_2024_spring"
"Ichneumonidae",1,1,0,1,1,0,"specialist","specialist","generalist","Anu_2024_spring"
"Listrus_sp._1",134,134,0,7,7,0,"generalist","generalist","generalist","Anu_2024_spring"
"Malachius_sp.",4,4,0,2,2,0,"generalist","generalist","generalist","Anu_2024_spring"
"Muscidae",6,5,1,3,2,1,"generalist","generalist","specialist","Anu_2024_spring"
"Nomada_hesperia",9,9,0,1,1,0,"specialist","specialist","generalist","Anu_2024_spring"
"Osmia_cara",65,63,2,3,2,1,"generalist","generalist","specialist","Anu_2024_spring"
"Osmia_nemoris",7,7,0,2,2,0,"generalist","generalist","generalist","Anu_2024_spring"
"Osmia_sp.",13,11,2,3,2,1,"generalist","generalist","specialist","Anu_2024_spring"
"Panurginus_sp.",3,3,0,2,2,0,"generalist","generalist","generalist","Anu_2024_spring"
"Polistes_aurifer",2,2,0,1,1,0,"specialist","specialist","generalist","Anu_2024_spring"
"reddish_Sphaerophoria_sp.",1,1,0,1,1,0,"specialist","specialist","generalist","Anu_2024_spring"
"Scaeva_affinis",3,3,0,3,3,0,"generalist","generalist","generalist","Anu_2024_spring"
"Sphaerophoria_sp.",5,4,1,4,3,1,"generalist","generalist","specialist","Anu_2024_spring"
"Sphex_sp.",1,0,1,1,0,1,"specialist","generalist","specialist","Anu_2024_spring"
"Xylocopa_sonorina",1,0,1,1,0,1,"specialist","generalist","specialist","Anu_2024_spring"
"Xylocopa_tabaniformis",1,1,0,1,1,0,"specialist","specialist","generalist","Anu_2024_spring"
"Anthidium_edwardsii",2,2,0,1,1,0,"specialist","specialist","generalist","Banana_2022_summer"
"Anthophorula_chionura",2,2,0,1,1,0,"specialist","specialist","generalist","Banana_2022_summer"
"Apis_mellifera",22,22,0,5,5,0,"generalist","generalist","generalist","Banana_2022_summer"
"Ashmeadiella_aridula_astragali",1,1,0,1,1,0,"specialist","specialist","generalist","Banana_2022_summer"
"BF1_Diptera",1,1,0,1,1,0,"specialist","specialist","generalist","Banana_2022_summer"
"Bombus_vosnesenskii",182,182,0,8,8,0,"generalist","generalist","generalist","Banana_2022_summer"
"Brachysomida_californica",1,1,0,1,1,0,"specialist","specialist","generalist","Banana_2022_summer"
"Braconidae",9,9,0,4,4,0,"generalist","generalist","generalist","Banana_2022_summer"
"Curculionidae",1,1,0,1,1,0,"specialist","specialist","generalist","Banana_2022_summer"
"Diabrotica_undecimpunctata",1,1,0,1,1,0,"specialist","specialist","generalist","Banana_2022_summer"
"Eristalis_stipador",3,3,0,1,1,0,"specialist","specialist","generalist","Banana_2022_summer"
"Geron_sp.",1,1,0,1,1,0,"specialist","specialist","generalist","Banana_2022_summer"
"gray_Bombyliidae",1,1,0,1,1,0,"specialist","specialist","generalist","Banana_2022_summer"
"Halictidae",4,4,0,2,2,0,"generalist","generalist","generalist","Banana_2022_summer"
"Halictus_farinosus",1,1,0,1,1,0,"specialist","specialist","generalist","Banana_2022_summer"
"Halictus_ligatus",17,17,0,4,4,0,"generalist","generalist","generalist","Banana_2022_summer"
"Halictus_tripartitus",5,5,0,4,4,0,"generalist","generalist","generalist","Banana_2022_summer"
"Heliothodes_diminutivus",17,17,0,3,3,0,"generalist","generalist","generalist","Banana_2022_summer"
"Icaricia_acmon",4,4,0,2,2,0,"generalist","generalist","generalist","Banana_2022_summer"
"Lasioglossum (Sphecodogastra) sp.",1,1,0,1,1,0,"specialist","specialist","generalist","Banana_2022_summer"
"Lasioglossum_incompletum",1,1,0,1,1,0,"specialist","specialist","generalist","Banana_2022_summer"
"Megachile_apicalis",4,4,0,3,3,0,"generalist","generalist","generalist","Banana_2022_summer"
"Melissodes_lupina",41,41,0,4,4,0,"generalist","generalist","generalist","Banana_2022_summer"
"Melissodes_robustior",1,1,0,1,1,0,"specialist","specialist","generalist","Banana_2022_summer"
"Peponapis_sp.",1,1,0,1,1,0,"specialist","specialist","generalist","Banana_2022_summer"
"Polistes_aurifer",1,1,0,1,1,0,"specialist","specialist","generalist","Banana_2022_summer"
"Sphaerophoria_sp.",1,1,0,1,1,0,"specialist","specialist","generalist","Banana_2022_summer"
"Sphex_ichneumoneus",1,1,0,1,1,0,"specialist","specialist","generalist","Banana_2022_summer"
"Strymon_melinus",1,1,0,1,1,0,"specialist","specialist","generalist","Banana_2022_summer"
"Tachinidae",1,1,0,1,1,0,"specialist","specialist","generalist","Banana_2022_summer"
"Villa_sp.",4,4,0,2,2,0,"generalist","generalist","generalist","Banana_2022_summer"
"Adela_eldorada",3,3,0,2,2,0,"generalist","generalist","generalist","Bertha_2022_spring"
"Adela_flammeusella",4,4,0,2,2,0,"generalist","generalist","generalist","Bertha_2022_spring"
"Adela_sp.",1,1,0,1,1,0,"specialist","specialist","generalist","Bertha_2022_spring"
"Adela_trigrapha",1,1,0,1,1,0,"specialist","specialist","generalist","Bertha_2022_spring"
"Andrena_baeriae",12,12,0,2,2,0,"generalist","generalist","generalist","Bertha_2022_spring"
"Andrena_dissona",5,5,0,1,1,0,"specialist","specialist","generalist","Bertha_2022_spring"
"Andrena_pensilis",36,36,0,3,3,0,"generalist","generalist","generalist","Bertha_2022_spring"
"Andrena_sp.",32,32,0,3,3,0,"generalist","generalist","generalist","Bertha_2022_spring"
"Andrena_subchalybea",63,63,0,2,2,0,"generalist","generalist","generalist","Bertha_2022_spring"
"Andrena-mimic_Syrpid",3,3,0,1,1,0,"specialist","specialist","generalist","Bertha_2022_spring"
"Anthidium_illustre",2,2,0,1,1,0,"specialist","specialist","generalist","Bertha_2022_spring"
"Anthophora_californica",24,20,4,5,4,1,"generalist","generalist","specialist","Bertha_2022_spring"
"Apis_mellifera",19,6,13,4,2,2,"generalist","generalist","generalist","Bertha_2022_spring"
"Bombus_californicus",6,4,2,4,3,1,"generalist","generalist","specialist","Bertha_2022_spring"
"Bombus_melanopygus",17,7,10,6,5,1,"generalist","generalist","specialist","Bertha_2022_spring"
"Bombus_vosnesenskii",23,10,13,5,4,1,"generalist","generalist","specialist","Bertha_2022_spring"
"Bombylius_major",7,5,2,4,3,1,"generalist","generalist","specialist","Bertha_2022_spring"
"Braconidae",4,4,0,1,1,0,"specialist","specialist","generalist","Bertha_2022_spring"
"Chrysoperla_sp.",2,1,1,2,1,1,"generalist","specialist","specialist","Bertha_2022_spring"
"Coenonympha_californica",2,2,0,2,2,0,"generalist","generalist","generalist","Bertha_2022_spring"
"Colias_eurytheme",3,1,2,2,1,1,"generalist","specialist","specialist","Bertha_2022_spring"
"Conophorus_fenestratus",34,34,0,4,4,0,"generalist","generalist","generalist","Bertha_2022_spring"
"Cyrtopogon_sp.",12,12,0,2,2,0,"generalist","generalist","generalist","Bertha_2022_spring"
"Diadasia_nigrifrons",1,1,0,1,1,0,"specialist","specialist","generalist","Bertha_2022_spring"
"Elateridae",3,3,0,1,1,0,"specialist","specialist","generalist","Bertha_2022_spring"
"Erynnis_sp.",1,1,0,1,1,0,"specialist","specialist","generalist","Bertha_2022_spring"
"Eucera_actuosa",16,6,10,6,4,2,"generalist","generalist","generalist","Bertha_2022_spring"
"Eucera_frater_albopilosa",1,1,0,1,1,0,"specialist","specialist","generalist","Bertha_2022_spring"
"Euopeodes_fumipennis",21,19,2,6,4,2,"generalist","generalist","generalist","Bertha_2022_spring"
"Habropoda_sp.",1,1,0,1,1,0,"specialist","specialist","generalist","Bertha_2022_spring"
"Heliolonche_modiella",5,5,0,2,2,0,"generalist","generalist","generalist","Bertha_2022_spring"
"Helithodes_dimutiva",6,6,0,3,3,0,"generalist","generalist","generalist","Bertha_2022_spring"
"Hippodamia_convergens",5,5,0,4,4,0,"generalist","generalist","generalist","Bertha_2022_spring"
"Junonia_grisea",11,11,0,6,6,0,"generalist","generalist","generalist","Bertha_2022_spring"
"Listrus_sp.",2,2,0,1,1,0,"specialist","specialist","generalist","Bertha_2022_spring"
"Listrus_sp._1",48,48,0,5,5,0,"generalist","generalist","generalist","Bertha_2022_spring"
"Muscidae",9,8,1,5,4,1,"generalist","generalist","specialist","Bertha_2022_spring"
"Nomada_hesperia",18,17,1,2,1,1,"generalist","specialist","specialist","Bertha_2022_spring"
"Osmia_cara",2,1,1,2,1,1,"generalist","specialist","specialist","Bertha_2022_spring"
"Panurginus_sp.",7,7,0,1,1,0,"specialist","specialist","generalist","Bertha_2022_spring"
"Polistes_aurifer",1,1,0,1,1,0,"specialist","specialist","generalist","Bertha_2022_spring"
"red_Braconidae",1,1,0,1,1,0,"specialist","specialist","generalist","Bertha_2022_spring"
"Scaeva_affinis",50,44,6,10,8,2,"generalist","generalist","generalist","Bertha_2022_spring"
"silver_moth_Lepidoptera",1,1,0,1,1,0,"specialist","specialist","generalist","Bertha_2022_spring"
"Xylocopa_sp.",3,2,1,3,2,1,"generalist","generalist","specialist","Bertha_2022_spring"
"Anthidium_illustre",1,1,0,1,1,0,"specialist","specialist","generalist","Bertha_2022_summer"
"Apis_mellifera",15,15,0,3,3,0,"generalist","generalist","generalist","Bertha_2022_summer"
"Argynnis",1,1,0,1,1,0,"specialist","specialist","generalist","Bertha_2022_summer"
"Autographa_californica",2,2,0,1,1,0,"specialist","specialist","generalist","Bertha_2022_summer"
"Bombus_californicus",1,1,0,1,1,0,"specialist","specialist","generalist","Bertha_2022_summer"
"Bombus_crotchii",75,19,56,4,3,1,"generalist","generalist","specialist","Bertha_2022_summer"
"Bombus_vosnesenskii",437,398,39,9,6,3,"generalist","generalist","generalist","Bertha_2022_summer"
"Braconidae",3,3,0,2,2,0,"generalist","generalist","generalist","Bertha_2022_summer"
"Chrysochus_colbaltinus",6,1,5,2,1,1,"generalist","specialist","specialist","Bertha_2022_summer"
"Coelixys_editus",2,2,0,1,1,0,"specialist","specialist","generalist","Bertha_2022_summer"
"Curculionidae",1,1,0,1,1,0,"specialist","specialist","generalist","Bertha_2022_summer"
"Danaus_plexippus",8,6,2,2,1,1,"generalist","specialist","specialist","Bertha_2022_summer"
"Dianthidium_dubium",8,8,0,1,1,0,"specialist","specialist","generalist","Bertha_2022_summer"
"Eristalis_stipador",4,4,0,1,1,0,"specialist","specialist","generalist","Bertha_2022_summer"
"Erynnis_tristus",1,1,0,1,1,0,"specialist","specialist","generalist","Bertha_2022_summer"
"Euodyneras_hidalgo",3,3,0,1,1,0,"specialist","specialist","generalist","Bertha_2022_summer"
"Geron_sp.",1,1,0,1,1,0,"specialist","specialist","generalist","Bertha_2022_summer"
"gray_Bombyliidae",1,1,0,1,1,0,"specialist","specialist","generalist","Bertha_2022_summer"
"Halictus_ligatus",5,5,0,2,2,0,"generalist","generalist","generalist","Bertha_2022_summer"
"Heliothodes_diminutivus",1,1,0,1,1,0,"specialist","specialist","generalist","Bertha_2022_summer"
"Icaricia_acmon",6,5,1,3,2,1,"generalist","generalist","specialist","Bertha_2022_summer"
"Junonia_grisea",5,3,2,2,1,1,"generalist","specialist","specialist","Bertha_2022_summer"
"Lasioglossum_incompletum",4,4,0,1,1,0,"specialist","specialist","generalist","Bertha_2022_summer"
"Lasioglossum_titusi",1,1,0,1,1,0,"specialist","specialist","generalist","Bertha_2022_summer"
"Megachile-mimic_Syrphidae",3,3,0,2,2,0,"generalist","generalist","generalist","Bertha_2022_summer"
"Melissodes_lupina",27,27,0,1,1,0,"specialist","specialist","generalist","Bertha_2022_summer"
"Phycoides_mytilla",4,4,0,1,1,0,"specialist","specialist","generalist","Bertha_2022_summer"
"Polistes_aurifer",8,8,0,3,3,0,"generalist","generalist","generalist","Bertha_2022_summer"
"Strymon_melinus",6,2,4,3,2,1,"generalist","generalist","specialist","Bertha_2022_summer"
"Tachinidae",1,1,0,1,1,0,"specialist","specialist","generalist","Bertha_2022_summer"
"Xeromelecta_californica",1,1,0,1,1,0,"specialist","specialist","generalist","Bertha_2022_summer"
"Acmaeodera_sp.",6,6,0,2,2,0,"generalist","generalist","generalist","Bertha_2023_spring"
"Adela_eldorada",1,1,0,1,1,0,"specialist","specialist","generalist","Bertha_2023_spring"
"Andrena_dissona",1,1,0,1,1,0,"specialist","specialist","generalist","Bertha_2023_spring"
"Andrena_pensilis",5,5,0,2,2,0,"generalist","generalist","generalist","Bertha_2023_spring"
"Andrena_plana",3,3,0,1,1,0,"specialist","specialist","generalist","Bertha_2023_spring"
"Andrena_sp.",3,3,0,1,1,0,"specialist","specialist","generalist","Bertha_2023_spring"
"Andrena_subchalybea",22,22,0,2,2,0,"generalist","generalist","generalist","Bertha_2023_spring"
"Anthophora_californica",1,1,0,1,1,0,"specialist","specialist","generalist","Bertha_2023_spring"
"Apis_mellifera",71,3,68,4,2,2,"generalist","generalist","generalist","Bertha_2023_spring"
"Autographa_californica",4,4,0,3,3,0,"generalist","generalist","generalist","Bertha_2023_spring"
"Bombus_californicus",6,4,2,2,1,1,"generalist","specialist","specialist","Bertha_2023_spring"
"Bombus_melanopygus",79,10,69,3,2,1,"generalist","generalist","specialist","Bertha_2023_spring"
"Bombus_vosnesenskii",18,7,11,2,1,1,"generalist","specialist","specialist","Bertha_2023_spring"
"Bombylius_major",19,19,0,2,2,0,"generalist","generalist","generalist","Bertha_2023_spring"
"Coenonympha_californica",1,1,0,1,1,0,"specialist","specialist","generalist","Bertha_2023_spring"
"Cyrtopogon_sp.",4,4,0,2,2,0,"generalist","generalist","generalist","Bertha_2023_spring"
"Diadasia_bituberculata",2,2,0,2,2,0,"generalist","generalist","generalist","Bertha_2023_spring"
"Elateridae",6,6,0,2,2,0,"generalist","generalist","generalist","Bertha_2023_spring"
"Eristalis_hirta",1,1,0,1,1,0,"specialist","specialist","generalist","Bertha_2023_spring"
"Eucera_actuosa",33,19,14,6,4,2,"generalist","generalist","generalist","Bertha_2023_spring"
"Eucera_frater_albopilosa",3,0,3,1,0,1,"specialist","generalist","specialist","Bertha_2023_spring"
"Euopeodes_fumipennis",10,3,7,4,2,2,"generalist","generalist","generalist","Bertha_2023_spring"
"Heliolonche_modiella",9,9,0,1,1,0,"specialist","specialist","generalist","Bertha_2023_spring"
"Helithodes_dimutiva",19,17,2,6,4,2,"generalist","generalist","generalist","Bertha_2023_spring"
"Junonia_grisea",5,5,0,2,2,0,"generalist","generalist","generalist","Bertha_2023_spring"
"Listrus_sp._1",42,42,0,7,7,0,"generalist","generalist","generalist","Bertha_2023_spring"
"Lycaenidae_sp.",1,1,0,1,1,0,"specialist","specialist","generalist","Bertha_2023_spring"
"Malachius_sp.",2,2,0,2,2,0,"generalist","generalist","generalist","Bertha_2023_spring"
"Mordellidae",1,1,0,1,1,0,"specialist","specialist","generalist","Bertha_2023_spring"
"Muscidae",2,1,1,2,1,1,"generalist","specialist","specialist","Bertha_2023_spring"
"Nomada_hesperia",5,4,1,3,2,1,"generalist","generalist","specialist","Bertha_2023_spring"
"Nomada-mimic_Syrphidae",1,1,0,1,1,0,"specialist","specialist","generalist","Bertha_2023_spring"
"Osmia_nemoris",1,1,0,1,1,0,"specialist","specialist","generalist","Bertha_2023_spring"
"Osmia_sanctaerosae",12,8,4,4,3,1,"generalist","generalist","specialist","Bertha_2023_spring"
"Osmia_sp.",2,1,1,2,1,1,"generalist","specialist","specialist","Bertha_2023_spring"
"Panurginus_sp.",6,6,0,3,3,0,"generalist","generalist","generalist","Bertha_2023_spring"
"Scaeva_affinis",15,1,14,3,1,2,"generalist","specialist","generalist","Bertha_2023_spring"
"silver_moth_Lepidoptera",2,2,0,2,2,0,"generalist","generalist","generalist","Bertha_2023_spring"
"Sphaerophoria_sp.",3,3,0,2,2,0,"generalist","generalist","generalist","Bertha_2023_spring"
"Sphex_sp.",2,2,0,2,2,0,"generalist","generalist","generalist","Bertha_2023_spring"
"Syrphidae",1,1,0,1,1,0,"specialist","specialist","generalist","Bertha_2023_spring"
"Tachnidae",2,2,0,1,1,0,"specialist","specialist","generalist","Bertha_2023_spring"
"Vanessa_cardui",1,0,1,1,0,1,"specialist","generalist","specialist","Bertha_2023_spring"
"Xylocopa_sonorina",4,4,0,2,2,0,"generalist","generalist","generalist","Bertha_2023_spring"
"Xylocopa_sp.",1,1,0,1,1,0,"specialist","specialist","generalist","Bertha_2023_spring"
"Xylocopa_tabaniformis",5,5,0,1,1,0,"specialist","specialist","generalist","Bertha_2023_spring"
"Anastrangalia_laetifca",1,1,0,1,1,0,"specialist","specialist","generalist","Bertha_2023_summer"
"Anthrenus_sp.",5,5,0,1,1,0,"specialist","specialist","generalist","Bertha_2023_summer"
"Apis_mellifera",82,17,65,5,3,2,"generalist","generalist","generalist","Bertha_2023_summer"
"Ashmeadiella_aridula_astragali",2,1,1,2,1,1,"generalist","specialist","specialist","Bertha_2023_summer"
"Autographa_californica",2,1,1,2,1,1,"generalist","specialist","specialist","Bertha_2023_summer"
"Bombus_californicus",21,18,3,6,5,1,"generalist","generalist","specialist","Bertha_2023_summer"
"Bombus_crotchii",75,4,71,4,2,2,"generalist","generalist","generalist","Bertha_2023_summer"
"Bombus_sp.",1,1,0,1,1,0,"specialist","specialist","generalist","Bertha_2023_summer"
"Bombus_vosnesenskii",400,83,317,8,6,2,"generalist","generalist","generalist","Bertha_2023_summer"
"Bombus-melanopygus",1,1,0,1,1,0,"specialist","specialist","generalist","Bertha_2023_summer"
"Braconidae",7,6,1,5,4,1,"generalist","generalist","specialist","Bertha_2023_summer"
"Buprestidae",1,1,0,1,1,0,"specialist","specialist","generalist","Bertha_2023_summer"
"Ceratina_punctigena",1,0,1,1,0,1,"specialist","generalist","specialist","Bertha_2023_summer"
"Coenonympha_californica",1,0,1,1,0,1,"specialist","generalist","specialist","Bertha_2023_summer"
"Colias_eurytheme",15,4,11,2,1,1,"generalist","specialist","specialist","Bertha_2023_summer"
"Curculionidae",1,1,0,1,1,0,"specialist","specialist","generalist","Bertha_2023_summer"
"Dianthidium_dubium",4,4,0,1,1,0,"specialist","specialist","generalist","Bertha_2023_summer"
"Epicauta_puncticollis",4,4,0,2,2,0,"generalist","generalist","generalist","Bertha_2023_summer"
"Eristalis_stipador",11,6,5,2,1,1,"generalist","specialist","specialist","Bertha_2023_summer"
"Erynnis_tristus",6,5,1,3,2,1,"generalist","generalist","specialist","Bertha_2023_summer"
"Euodyneras_hidalgo",12,12,0,2,2,0,"generalist","generalist","generalist","Bertha_2023_summer"
"gray_Bombyliidae",1,1,0,1,1,0,"specialist","specialist","generalist","Bertha_2023_summer"
"Halictidae",4,4,0,3,3,0,"generalist","generalist","generalist","Bertha_2023_summer"
"Halictus_farinosus",1,1,0,1,1,0,"specialist","specialist","generalist","Bertha_2023_summer"
"Halictus_ligatus",35,31,4,3,2,1,"generalist","generalist","specialist","Bertha_2023_summer"
"Halictus_tripartitus",8,7,1,4,3,1,"generalist","generalist","specialist","Bertha_2023_summer"
"Heliolonche_modicella",2,2,0,1,1,0,"specialist","specialist","generalist","Bertha_2023_summer"
"Heliopetes_ericetorum",8,2,6,2,1,1,"generalist","specialist","specialist","Bertha_2023_summer"
"Heliothis_phloxiphaga",5,3,2,2,1,1,"generalist","specialist","specialist","Bertha_2023_summer"
"Heliothodes_diminutivus",15,15,0,5,5,0,"generalist","generalist","generalist","Bertha_2023_summer"
"Hippodamia_convergens",1,0,1,1,0,1,"specialist","generalist","specialist","Bertha_2023_summer"
"Icaricia_acmon",4,0,4,1,0,1,"specialist","generalist","specialist","Bertha_2023_summer"
"Junonia_grisea",1,0,1,1,0,1,"specialist","generalist","specialist","Bertha_2023_summer"
"Lasioglossum_incompletum",50,43,7,6,5,1,"generalist","generalist","specialist","Bertha_2023_summer"
"Megachile_apicalis",6,1,5,2,1,1,"generalist","specialist","specialist","Bertha_2023_summer"
"Megachile-mimic_Syrphidae",2,0,2,1,0,1,"specialist","generalist","specialist","Bertha_2023_summer"
"Melissodes_lupina",32,27,5,6,4,2,"generalist","generalist","generalist","Bertha_2023_summer"
"Nemognatha_scutellaris",6,5,1,2,1,1,"generalist","specialist","specialist","Bertha_2023_summer"
"Panurginus_sp.",1,1,0,1,1,0,"specialist","specialist","generalist","Bertha_2023_summer"
"Polistes_aurifer",5,4,1,3,2,1,"generalist","generalist","specialist","Bertha_2023_summer"
"silver_moth_Lepidoptera",2,2,0,1,1,0,"specialist","specialist","generalist","Bertha_2023_summer"
"Strymon_melinus",1,1,0,1,1,0,"specialist","specialist","generalist","Bertha_2023_summer"
"Tachinidae",5,5,0,1,1,0,"specialist","specialist","generalist","Bertha_2023_summer"
"Triepeolus_utahensis",2,2,0,1,1,0,"specialist","specialist","generalist","Bertha_2023_summer"
"Villa_sp.",2,1,1,2,1,1,"generalist","specialist","specialist","Bertha_2023_summer"
"white_moth_Lepidoptera",1,1,0,1,1,0,"specialist","specialist","generalist","Bertha_2023_summer"
"Agapostemon_subtilior",1,0,1,1,0,1,"specialist","generalist","specialist","Bertha_2024_summer"
"Anthrenus_sp.",16,16,0,1,1,0,"specialist","specialist","generalist","Bertha_2024_summer"
"Apis_mellifera",20,16,4,4,3,1,"generalist","generalist","specialist","Bertha_2024_summer"
"Asilidae",1,1,0,1,1,0,"specialist","specialist","generalist","Bertha_2024_summer"
"BF1_Diptera",1,1,0,1,1,0,"specialist","specialist","generalist","Bertha_2024_summer"
"Bombus_crotchii",2,0,2,1,0,1,"specialist","generalist","specialist","Bertha_2024_summer"
"Bombus_vosnesenskii",5,5,0,2,2,0,"generalist","generalist","generalist","Bertha_2024_summer"
"Danaus_plexippus",4,4,0,1,1,0,"specialist","specialist","generalist","Bertha_2024_summer"
"Dianthidium_dubium",5,5,0,1,1,0,"specialist","specialist","generalist","Bertha_2024_summer"
"Dianthidium-mimic_Syprhid",1,1,0,1,1,0,"specialist","specialist","generalist","Bertha_2024_summer"
"Euodyneras_hidalgo",13,10,3,3,2,1,"generalist","generalist","specialist","Bertha_2024_summer"
"Eupeodes_fumipennis",9,9,0,1,1,0,"specialist","specialist","generalist","Bertha_2024_summer"
"Halictidae",2,1,1,2,1,1,"generalist","specialist","specialist","Bertha_2024_summer"
"Halictus_ligatus",27,14,13,3,2,1,"generalist","generalist","specialist","Bertha_2024_summer"
"Halictus_tripartitus",6,0,6,1,0,1,"specialist","generalist","specialist","Bertha_2024_summer"
"Junonia_grisea",3,3,0,1,1,0,"specialist","specialist","generalist","Bertha_2024_summer"
"Lasioglossum_incompletum",9,8,1,3,2,1,"generalist","generalist","specialist","Bertha_2024_summer"
"Lasioglossum_titusi",3,3,0,3,3,0,"generalist","generalist","generalist","Bertha_2024_summer"
"Listrus_sp.",1,1,0,1,1,0,"specialist","specialist","generalist","Bertha_2024_summer"
"Megachile_apicalis",21,9,12,3,2,1,"generalist","generalist","specialist","Bertha_2024_summer"
"Melissodes_lupina",20,13,7,3,2,1,"generalist","generalist","specialist","Bertha_2024_summer"
"Melissodes_robustior",4,1,3,2,1,1,"generalist","specialist","specialist","Bertha_2024_summer"
"Mordellidae",1,1,0,1,1,0,"specialist","specialist","generalist","Bertha_2024_summer"
"Nomada_vegana",3,3,0,1,1,0,"specialist","specialist","generalist","Bertha_2024_summer"
"Polistes_aurifer",12,12,0,1,1,0,"specialist","specialist","generalist","Bertha_2024_summer"
"red_Pterophoridae",1,1,0,1,1,0,"specialist","specialist","generalist","Bertha_2024_summer"
"Sphex_ashmeadi",7,7,0,1,1,0,"specialist","specialist","generalist","Bertha_2024_summer"
"Sphex_ichneumoneus",1,1,0,1,1,0,"specialist","specialist","generalist","Bertha_2024_summer"
"Sphex_sp.",1,1,0,1,1,0,"specialist","specialist","generalist","Bertha_2024_summer"
"Villa_sp.",6,6,0,2,2,0,"generalist","generalist","generalist","Bertha_2024_summer"
"Xeromelecta_californica",1,0,1,1,0,1,"specialist","generalist","specialist","Bertha_2024_summer"
"Xylocopa_sp.",1,1,0,1,1,0,"specialist","specialist","generalist","Bertha_2024_summer"
"Andrena_dissona",1,1,0,1,1,0,"specialist","specialist","generalist","Coyote_2024_spring"
"Andrena_pallidifovea",1,1,0,1,1,0,"specialist","specialist","generalist","Coyote_2024_spring"
"Andrena_pensilis",1,1,0,1,1,0,"specialist","specialist","generalist","Coyote_2024_spring"
"Andrena_subchalybea",3,2,1,2,1,1,"generalist","specialist","specialist","Coyote_2024_spring"
"Anthophora_crotchii",1,0,1,1,0,1,"specialist","generalist","specialist","Coyote_2024_spring"
"Anthrenus_sp.",1,1,0,1,1,0,"specialist","specialist","generalist","Coyote_2024_spring"
"Apis_mellifera",161,1,160,2,1,1,"generalist","specialist","specialist","Coyote_2024_spring"
"BF1_Diptera",5,5,0,2,2,0,"generalist","generalist","generalist","Coyote_2024_spring"
"Bombus_californicus",10,7,3,3,2,1,"generalist","generalist","specialist","Coyote_2024_spring"
"Bombus_crotchii",1,0,1,1,0,1,"specialist","generalist","specialist","Coyote_2024_spring"
"Bombus_melanopygus",184,0,184,1,0,1,"specialist","generalist","specialist","Coyote_2024_spring"
"Bombus_vosnesenskii",91,10,81,4,3,1,"generalist","generalist","specialist","Coyote_2024_spring"
"Calypte_anna",1,1,0,1,1,0,"specialist","specialist","generalist","Coyote_2024_spring"
"Coenonympha_californica",7,0,7,1,0,1,"specialist","generalist","specialist","Coyote_2024_spring"
"Eucera_actuosa",22,2,20,2,1,1,"generalist","specialist","specialist","Coyote_2024_spring"
"Euopeodes_fumipennis",1,0,1,1,0,1,"specialist","generalist","specialist","Coyote_2024_spring"
"Heliolonche_modiella",1,1,0,1,1,0,"specialist","specialist","generalist","Coyote_2024_spring"
"Helithodes_dimutiva",3,3,0,2,2,0,"generalist","generalist","generalist","Coyote_2024_spring"
"Listrus_sp._1",11,11,0,4,4,0,"generalist","generalist","generalist","Coyote_2024_spring"
"Malachius_sp.",2,2,0,1,1,0,"specialist","specialist","generalist","Coyote_2024_spring"
"Panurginus_sp.",3,3,0,1,1,0,"specialist","specialist","generalist","Coyote_2024_spring"
"Polistes_aurifer",3,2,1,3,2,1,"generalist","generalist","specialist","Coyote_2024_spring"
"red_Pterophoridae",1,1,0,1,1,0,"specialist","specialist","generalist","Coyote_2024_spring"
"Scaeva_affinis",2,1,1,2,1,1,"generalist","specialist","specialist","Coyote_2024_spring"
"Silvius_gigantulus",1,1,0,1,1,0,"specialist","specialist","generalist","Coyote_2024_spring"
"Sphaerophoria_sp.",2,0,2,1,0,1,"specialist","generalist","specialist","Coyote_2024_spring"
"white_moth_Lepidoptera",1,1,0,1,1,0,"specialist","specialist","generalist","Coyote_2024_spring"
"Anthophora_californica",1,0,1,1,0,1,"specialist","generalist","specialist","Far_Gate_2022_spring"
"Apis_mellifera",107,1,106,2,1,1,"generalist","specialist","specialist","Far_Gate_2022_spring"
"Bombus_crotchii",4,4,0,2,2,0,"generalist","generalist","generalist","Far_Gate_2022_spring"
"Bombus_vosnesenskii",42,42,0,4,4,0,"generalist","generalist","generalist","Far_Gate_2022_spring"
"Coenonympha_californica",1,0,1,1,0,1,"specialist","generalist","specialist","Far_Gate_2022_spring"
"Colias_eurytheme",3,0,3,1,0,1,"specialist","generalist","specialist","Far_Gate_2022_spring"
"Eucera_actuosa",4,1,3,3,1,2,"generalist","specialist","generalist","Far_Gate_2022_spring"
"Euopeodes_fumipennis",2,0,2,2,0,2,"generalist","generalist","generalist","Far_Gate_2022_spring"
"Hippodamia_convergens",1,1,0,1,1,0,"specialist","specialist","generalist","Far_Gate_2022_spring"
"Junonia_grisea",1,0,1,1,0,1,"specialist","generalist","specialist","Far_Gate_2022_spring"
"Osmia_cara",2,2,0,1,1,0,"specialist","specialist","generalist","Far_Gate_2022_spring"
"Osmia_sp.",2,2,0,1,1,0,"specialist","specialist","generalist","Far_Gate_2022_spring"
"Scaeva_affinis",15,0,15,2,0,2,"generalist","generalist","generalist","Far_Gate_2022_spring"
"Acmaeodera_sp.",2,2,0,1,1,0,"specialist","specialist","generalist","Felch_2024_spring"
"Adela_eldorada",2,2,0,1,1,0,"specialist","specialist","generalist","Felch_2024_spring"
"Adela_trigrapha",4,4,0,1,1,0,"specialist","specialist","generalist","Felch_2024_spring"
"Andrena_pallidifovea",3,1,2,2,1,1,"generalist","specialist","specialist","Felch_2024_spring"
"Andrena_pensilis",2,1,1,2,1,1,"generalist","specialist","specialist","Felch_2024_spring"
"Andrena_subchalybea",1,1,0,1,1,0,"specialist","specialist","generalist","Felch_2024_spring"
"Anthophora_crotchii",1,0,1,1,0,1,"specialist","generalist","specialist","Felch_2024_spring"
"Anthrenus_sp.",2,2,0,2,2,0,"generalist","generalist","generalist","Felch_2024_spring"
"Apis_mellifera",35,8,27,2,1,1,"generalist","specialist","specialist","Felch_2024_spring"
"BF1_Diptera",9,9,0,1,1,0,"specialist","specialist","generalist","Felch_2024_spring"
"Bombus_californicus",1,1,0,1,1,0,"specialist","specialist","generalist","Felch_2024_spring"
"Bombus_melanopygus",17,1,16,2,1,1,"generalist","specialist","specialist","Felch_2024_spring"
"Bombus_vosnesenskii",24,8,16,2,1,1,"generalist","specialist","specialist","Felch_2024_spring"
"Bombylius_major",3,2,1,2,1,1,"generalist","specialist","specialist","Felch_2024_spring"
"Diadasia_nigrifrons",1,1,0,1,1,0,"specialist","specialist","generalist","Felch_2024_spring"
"Elateridae",1,1,0,1,1,0,"specialist","specialist","generalist","Felch_2024_spring"
"Erynnis_propertius",1,0,1,1,0,1,"specialist","generalist","specialist","Felch_2024_spring"
"Eucera_actuosa",11,2,9,3,1,2,"generalist","specialist","generalist","Felch_2024_spring"
"Euopeodes_fumipennis",1,1,0,1,1,0,"specialist","specialist","generalist","Felch_2024_spring"
"Glaucophysche_lygdamus",4,0,4,2,0,2,"generalist","generalist","generalist","Felch_2024_spring"
"Listrus_sp._1",23,23,0,3,3,0,"generalist","generalist","generalist","Felch_2024_spring"
"Malachius_sp.",5,5,0,1,1,0,"specialist","specialist","generalist","Felch_2024_spring"
"Muscidae",4,3,1,2,1,1,"generalist","specialist","specialist","Felch_2024_spring"
"Osmia_cara",1,1,0,1,1,0,"specialist","specialist","generalist","Felch_2024_spring"
"Osmia_sp.",1,1,0,1,1,0,"specialist","specialist","generalist","Felch_2024_spring"
"Panurginus_sp.",2,1,1,2,1,1,"generalist","specialist","specialist","Felch_2024_spring"
"Polistes_aurifer",2,1,1,2,1,1,"generalist","specialist","specialist","Felch_2024_spring"
"Prosperpinus_clarkiae",1,1,0,1,1,0,"specialist","specialist","generalist","Felch_2024_spring"
"Sphaerophoria_sp.",1,0,1,1,0,1,"specialist","generalist","specialist","Felch_2024_spring"
"Adela_eldorada",25,25,0,4,4,0,"generalist","generalist","generalist","Goatgrass_2022_spring"
"Adela_flammeusella",1,1,0,1,1,0,"specialist","specialist","generalist","Goatgrass_2022_spring"
"Adela_trigrapha",19,19,0,3,3,0,"generalist","generalist","generalist","Goatgrass_2022_spring"
"Andrena_baeriae",10,10,0,3,3,0,"generalist","generalist","generalist","Goatgrass_2022_spring"
"Andrena_dissona",6,6,0,1,1,0,"specialist","specialist","generalist","Goatgrass_2022_spring"
"Andrena_duboisi",1,1,0,1,1,0,"specialist","specialist","generalist","Goatgrass_2022_spring"
"Andrena_pensilis",19,19,0,2,2,0,"generalist","generalist","generalist","Goatgrass_2022_spring"
"Andrena_sp.",22,22,0,4,4,0,"generalist","generalist","generalist","Goatgrass_2022_spring"
"Andrena_subchalybea",58,58,0,7,7,0,"generalist","generalist","generalist","Goatgrass_2022_spring"
"Anthophora_californica",4,0,4,1,0,1,"specialist","generalist","specialist","Goatgrass_2022_spring"
"Anthrenus_sp.",3,3,0,2,2,0,"generalist","generalist","generalist","Goatgrass_2022_spring"
"Apis_mellifera",38,1,37,2,1,1,"generalist","specialist","specialist","Goatgrass_2022_spring"
"BF1_Diptera",2,2,0,2,2,0,"generalist","generalist","generalist","Goatgrass_2022_spring"
"Bombus_californicus",2,2,0,2,2,0,"generalist","generalist","generalist","Goatgrass_2022_spring"
"Bombus_melanopygus",31,0,31,1,0,1,"specialist","generalist","specialist","Goatgrass_2022_spring"
"Bombus_vosnesenskii",27,8,19,7,6,1,"generalist","generalist","specialist","Goatgrass_2022_spring"
"Bombylius_major",6,3,3,4,2,2,"generalist","generalist","generalist","Goatgrass_2022_spring"
"Coenonympha_californica",1,1,0,1,1,0,"specialist","specialist","generalist","Goatgrass_2022_spring"
"Colias_eurytheme",2,2,0,2,2,0,"generalist","generalist","generalist","Goatgrass_2022_spring"
"Conophorus_fenestratus",22,22,0,2,2,0,"generalist","generalist","generalist","Goatgrass_2022_spring"
"Cylindromyia sp.",1,1,0,1,1,0,"specialist","specialist","generalist","Goatgrass_2022_spring"
"Cyrtopogon_sp.",3,3,0,1,1,0,"specialist","specialist","generalist","Goatgrass_2022_spring"
"Diadasia_nigrifrons",3,2,1,2,1,1,"generalist","specialist","specialist","Goatgrass_2022_spring"
"Elateridae",10,10,0,3,3,0,"generalist","generalist","generalist","Goatgrass_2022_spring"
"Eucera_actuosa",43,16,27,7,5,2,"generalist","generalist","generalist","Goatgrass_2022_spring"
"Eucera_frater_albopilosa",6,2,4,4,2,2,"generalist","generalist","generalist","Goatgrass_2022_spring"
"Eucera_sp.",1,1,0,1,1,0,"specialist","specialist","generalist","Goatgrass_2022_spring"
"Euopeodes_fumipennis",16,16,0,6,6,0,"generalist","generalist","generalist","Goatgrass_2022_spring"
"Heliolonche_modiella",7,7,0,2,2,0,"generalist","generalist","generalist","Goatgrass_2022_spring"
"Helithodes_dimutiva",3,2,1,2,1,1,"generalist","specialist","specialist","Goatgrass_2022_spring"
"Hippodamia_convergens",4,3,1,4,3,1,"generalist","generalist","specialist","Goatgrass_2022_spring"
"Junonia_grisea",19,19,0,9,9,0,"generalist","generalist","generalist","Goatgrass_2022_spring"
"Listrus_sp._1",73,73,0,8,8,0,"generalist","generalist","generalist","Goatgrass_2022_spring"
"Malachius_sp.",1,1,0,1,1,0,"specialist","specialist","generalist","Goatgrass_2022_spring"
"Mordellidae",1,1,0,1,1,0,"specialist","specialist","generalist","Goatgrass_2022_spring"
"Muscidae",3,3,0,2,2,0,"generalist","generalist","generalist","Goatgrass_2022_spring"
"Nomada_hesperia",5,5,0,1,1,0,"specialist","specialist","generalist","Goatgrass_2022_spring"
"Osmia_cara",3,1,2,2,1,1,"generalist","specialist","specialist","Goatgrass_2022_spring"
"Osmia_sp.",6,4,2,4,3,1,"generalist","generalist","specialist","Goatgrass_2022_spring"
"Panurginus_sp.",2,2,0,2,2,0,"generalist","generalist","generalist","Goatgrass_2022_spring"
"Polistes_aurifer",3,1,2,2,1,1,"generalist","specialist","specialist","Goatgrass_2022_spring"
"Scaeva_affinis",29,21,8,11,9,2,"generalist","generalist","generalist","Goatgrass_2022_spring"
"Scathophaga_stercoraria",1,0,1,1,0,1,"specialist","generalist","specialist","Goatgrass_2022_spring"
"silver_moth_Lepidoptera",2,2,0,2,2,0,"generalist","generalist","generalist","Goatgrass_2022_spring"
"Tetraopes_basilus",1,1,0,1,1,0,"specialist","specialist","generalist","Goatgrass_2022_spring"
"Acmaeodera_sp.",8,8,0,4,4,0,"generalist","generalist","generalist","Goatgrass_2023_spring"
"Adela_eldorada",1,1,0,1,1,0,"specialist","specialist","generalist","Goatgrass_2023_spring"
"Agapostemon_subtilior",1,1,0,1,1,0,"specialist","specialist","generalist","Goatgrass_2023_spring"
"Andrena_pensilis",2,2,0,1,1,0,"specialist","specialist","generalist","Goatgrass_2023_spring"
"Andrena_plana",1,1,0,1,1,0,"specialist","specialist","generalist","Goatgrass_2023_spring"
"Andrena_sp.",2,2,0,2,2,0,"generalist","generalist","generalist","Goatgrass_2023_spring"
"Andrena_subchalybea",55,55,0,3,3,0,"generalist","generalist","generalist","Goatgrass_2023_spring"
"Anthidium_illustre",2,2,0,1,1,0,"specialist","specialist","generalist","Goatgrass_2023_spring"
"Anthophora_californica",3,2,1,3,2,1,"generalist","generalist","specialist","Goatgrass_2023_spring"
"Apis_mellifera",20,6,14,3,2,1,"generalist","generalist","specialist","Goatgrass_2023_spring"
"Asilidae",2,2,0,1,1,0,"specialist","specialist","generalist","Goatgrass_2023_spring"
"BF1_Diptera",4,4,0,2,2,0,"generalist","generalist","generalist","Goatgrass_2023_spring"
"Bombus_californicus",1,1,0,1,1,0,"specialist","specialist","generalist","Goatgrass_2023_spring"
"Bombus_melanopygus",19,2,17,3,2,1,"generalist","generalist","specialist","Goatgrass_2023_spring"
"Bombus_vosnesenskii",10,3,7,3,2,1,"generalist","generalist","specialist","Goatgrass_2023_spring"
"Bombylius_major",11,11,0,2,2,0,"generalist","generalist","generalist","Goatgrass_2023_spring"
"Chrysis_angolensis",1,1,0,1,1,0,"specialist","specialist","generalist","Goatgrass_2023_spring"
"Diabrotica_undecimpunctata",1,1,0,1,1,0,"specialist","specialist","generalist","Goatgrass_2023_spring"
"Elateridae",1,1,0,1,1,0,"specialist","specialist","generalist","Goatgrass_2023_spring"
"Eristalis_hirta",1,1,0,1,1,0,"specialist","specialist","generalist","Goatgrass_2023_spring"
"Eucera_actuosa",17,6,11,4,3,1,"generalist","generalist","specialist","Goatgrass_2023_spring"
"Halictus_tripartitus",1,1,0,1,1,0,"specialist","specialist","generalist","Goatgrass_2023_spring"
"Heliolonche_modiella",5,5,0,1,1,0,"specialist","specialist","generalist","Goatgrass_2023_spring"
"Helithodes_dimutiva",12,12,0,6,6,0,"generalist","generalist","generalist","Goatgrass_2023_spring"
"Listrus_sp._1",39,39,0,6,6,0,"generalist","generalist","generalist","Goatgrass_2023_spring"
"Malachius_sp.",4,4,0,2,2,0,"generalist","generalist","generalist","Goatgrass_2023_spring"
"Nomada_hesperia",3,3,0,2,2,0,"generalist","generalist","generalist","Goatgrass_2023_spring"
"Nomada-mimic_Syrphidae",3,3,0,2,2,0,"generalist","generalist","generalist","Goatgrass_2023_spring"
"Osmia_atrocyanea",2,0,2,2,0,2,"generalist","generalist","generalist","Goatgrass_2023_spring"
"Osmia_sanctaerosae",5,0,5,1,0,1,"specialist","generalist","specialist","Goatgrass_2023_spring"
"Panurginus_sp.",7,7,0,4,4,0,"generalist","generalist","generalist","Goatgrass_2023_spring"
"Scaeva_affinis",5,3,2,3,2,1,"generalist","generalist","specialist","Goatgrass_2023_spring"
"silver_moth_Lepidoptera",2,2,0,2,2,0,"generalist","generalist","generalist","Goatgrass_2023_spring"
"Sphaerophoria_sp.",1,1,0,1,1,0,"specialist","specialist","generalist","Goatgrass_2023_spring"
"Sphex_sp.",1,1,0,1,1,0,"specialist","specialist","generalist","Goatgrass_2023_spring"
"Strymon_melinus",1,1,0,1,1,0,"specialist","specialist","generalist","Goatgrass_2023_spring"
"Syrphidae",2,2,0,2,2,0,"generalist","generalist","generalist","Goatgrass_2023_spring"
"Tachnidae",2,2,0,1,1,0,"specialist","specialist","generalist","Goatgrass_2023_spring"
"Tetraopes_basilus",1,1,0,1,1,0,"specialist","specialist","generalist","Goatgrass_2023_spring"
"Thysanoptera",10,10,0,1,1,0,"specialist","specialist","generalist","Goatgrass_2023_spring"
"Acmaeodera_sp.",1,1,0,1,1,0,"specialist","specialist","generalist","Goatgrass_2024_spring"
"Adela_eldorada",1,1,0,1,1,0,"specialist","specialist","generalist","Goatgrass_2024_spring"
"Andrena_dissona",4,4,0,2,2,0,"generalist","generalist","generalist","Goatgrass_2024_spring"
"Andrena_pallidifovea",5,5,0,2,2,0,"generalist","generalist","generalist","Goatgrass_2024_spring"
"Andrena_pensilis",22,22,0,2,2,0,"generalist","generalist","generalist","Goatgrass_2024_spring"
"Andrena_sp.",5,5,0,2,2,0,"generalist","generalist","generalist","Goatgrass_2024_spring"
"Andrena_subchalybea",36,36,0,2,2,0,"generalist","generalist","generalist","Goatgrass_2024_spring"
"Anthophora_californica",1,1,0,1,1,0,"specialist","specialist","generalist","Goatgrass_2024_spring"
"Anthrenus_sp.",2,2,0,1,1,0,"specialist","specialist","generalist","Goatgrass_2024_spring"
"Apis_mellifera",11,5,6,2,1,1,"generalist","specialist","specialist","Goatgrass_2024_spring"
"BF1_Diptera",126,126,0,2,2,0,"generalist","generalist","generalist","Goatgrass_2024_spring"
"BF3_Diptera",1,1,0,1,1,0,"specialist","specialist","generalist","Goatgrass_2024_spring"
"blue_beetle_Coleoptera",2,2,0,1,1,0,"specialist","specialist","generalist","Goatgrass_2024_spring"
"Bombus_californicus",1,1,0,1,1,0,"specialist","specialist","generalist","Goatgrass_2024_spring"
"Bombus_melanopygus",51,1,50,2,1,1,"generalist","specialist","specialist","Goatgrass_2024_spring"
"Bombus_vosnesenskii",27,21,6,4,3,1,"generalist","generalist","specialist","Goatgrass_2024_spring"
"Bombylius_major",39,39,0,3,3,0,"generalist","generalist","generalist","Goatgrass_2024_spring"
"Calypte_anna",2,2,0,2,2,0,"generalist","generalist","generalist","Goatgrass_2024_spring"
"Chrysoperla_sp.",1,1,0,1,1,0,"specialist","specialist","generalist","Goatgrass_2024_spring"
"Coenonympha_californica",14,14,0,3,3,0,"generalist","generalist","generalist","Goatgrass_2024_spring"
"Cyrtopogon_sp.",8,8,0,3,3,0,"generalist","generalist","generalist","Goatgrass_2024_spring"
"Elateridae",1,1,0,1,1,0,"specialist","specialist","generalist","Goatgrass_2024_spring"
"Eucera_actuosa",15,11,4,2,1,1,"generalist","specialist","specialist","Goatgrass_2024_spring"
"Euopeodes_fumipennis",2,2,0,1,1,0,"specialist","specialist","generalist","Goatgrass_2024_spring"
"Glaucophysche_lygdamus",1,0,1,1,0,1,"specialist","generalist","specialist","Goatgrass_2024_spring"
"Heliolonche_modiella",7,7,0,2,2,0,"generalist","generalist","generalist","Goatgrass_2024_spring"
"Helithodes_dimutiva",13,13,0,3,3,0,"generalist","generalist","generalist","Goatgrass_2024_spring"
"Listrus_sp._1",28,28,0,4,4,0,"generalist","generalist","generalist","Goatgrass_2024_spring"
"Malachius_sp.",15,15,0,3,3,0,"generalist","generalist","generalist","Goatgrass_2024_spring"
"Nomada_hesperia",15,15,0,1,1,0,"specialist","specialist","generalist","Goatgrass_2024_spring"
"Nomada_obscurella",1,1,0,1,1,0,"specialist","specialist","generalist","Goatgrass_2024_spring"
"Osmia_nemoris",3,3,0,2,2,0,"generalist","generalist","generalist","Goatgrass_2024_spring"
"Panurginus_sp.",48,48,0,5,5,0,"generalist","generalist","generalist","Goatgrass_2024_spring"
"red_Pterophoridae",1,1,0,1,1,0,"specialist","specialist","generalist","Goatgrass_2024_spring"
"SAB_black_Syrphid",3,3,0,1,1,0,"specialist","specialist","generalist","Goatgrass_2024_spring"
"Scaeva_affinis",2,2,0,2,2,0,"generalist","generalist","generalist","Goatgrass_2024_spring"
"Sphaerophoria_sp.",2,2,0,2,2,0,"generalist","generalist","generalist","Goatgrass_2024_spring"
"Syrphidae",4,4,0,1,1,0,"specialist","specialist","generalist","Goatgrass_2024_spring"
"Tachnidae",3,3,0,1,1,0,"specialist","specialist","generalist","Goatgrass_2024_spring"
"Xylocopa_sonorina",3,3,0,1,1,0,"specialist","specialist","generalist","Goatgrass_2024_spring"
"Xylocopa_sp.",3,3,0,1,1,0,"specialist","specialist","generalist","Goatgrass_2024_spring"
"Anthophora_californica",7,6,1,2,1,1,"generalist","specialist","specialist","Hill_Base_2022_spring"
"Apis_mellifera",6,3,3,2,1,1,"generalist","specialist","specialist","Hill_Base_2022_spring"
"Bombus_vosnesenskii",1,1,0,1,1,0,"specialist","specialist","generalist","Hill_Base_2022_spring"
"Hippodamia_convergens",2,2,0,1,1,0,"specialist","specialist","generalist","Hill_Base_2022_spring"
"Scaeva_affinis",5,5,0,1,1,0,"specialist","specialist","generalist","Hill_Base_2022_spring"
"Trichodes_ornatus",3,2,1,3,2,1,"generalist","generalist","specialist","Hill_Base_2022_spring"
"Adela_trigrapha",1,1,0,1,1,0,"specialist","specialist","generalist","Long_2022_spring"
"Andrena chalybioides",1,1,0,1,1,0,"specialist","specialist","generalist","Long_2022_spring"
"Andrena_baeriae",4,4,0,1,1,0,"specialist","specialist","generalist","Long_2022_spring"
"Andrena_duboisi",11,11,0,2,2,0,"generalist","generalist","generalist","Long_2022_spring"
"Andrena_pensilis",22,22,0,3,3,0,"generalist","generalist","generalist","Long_2022_spring"
"Andrena_sp.",24,24,0,2,2,0,"generalist","generalist","generalist","Long_2022_spring"
"Andrena_subchalybea",26,26,0,5,5,0,"generalist","generalist","generalist","Long_2022_spring"
"Anthophora_californica",18,1,17,2,1,1,"generalist","specialist","specialist","Long_2022_spring"
"Apis_mellifera",321,61,260,2,1,1,"generalist","specialist","specialist","Long_2022_spring"
"blue_red_stripe_moth_Lepidoptera",1,1,0,1,1,0,"specialist","specialist","generalist","Long_2022_spring"
"Bombus_melanopygus",77,2,75,2,1,1,"generalist","specialist","specialist","Long_2022_spring"
"Bombus_vosnesenskii",89,30,59,2,1,1,"generalist","specialist","specialist","Long_2022_spring"
"Bombylius_major",8,8,0,3,3,0,"generalist","generalist","generalist","Long_2022_spring"
"Chrysis_angolensis",1,1,0,1,1,0,"specialist","specialist","generalist","Long_2022_spring"
"Chrysoperla_sp.",1,0,1,1,0,1,"specialist","generalist","specialist","Long_2022_spring"
"Colias_eurytheme",4,0,4,1,0,1,"specialist","generalist","specialist","Long_2022_spring"
"Conophorus_fenestratus",6,6,0,2,2,0,"generalist","generalist","generalist","Long_2022_spring"
"Curculionidae",1,1,0,1,1,0,"specialist","specialist","generalist","Long_2022_spring"
"Cyrtopogon_sp.",1,1,0,1,1,0,"specialist","specialist","generalist","Long_2022_spring"
"Diabrotica_undecimpunctata",1,1,0,1,1,0,"specialist","specialist","generalist","Long_2022_spring"
"Diadasia_nigrifrons",3,0,3,1,0,1,"specialist","generalist","specialist","Long_2022_spring"
"Elateridae",4,4,0,3,3,0,"generalist","generalist","generalist","Long_2022_spring"
"Eucera_actuosa",33,6,27,3,2,1,"generalist","generalist","specialist","Long_2022_spring"
"Eucera_frater_albopilosa",15,1,14,2,1,1,"generalist","specialist","specialist","Long_2022_spring"
"Euopeodes_fumipennis",9,6,3,4,3,1,"generalist","generalist","specialist","Long_2022_spring"
"Glaucophysche_lygdamus",1,0,1,1,0,1,"specialist","generalist","specialist","Long_2022_spring"
"Habropoda_depressa",1,0,1,1,0,1,"specialist","generalist","specialist","Long_2022_spring"
"Habropoda_trissema",1,1,0,1,1,0,"specialist","specialist","generalist","Long_2022_spring"
"Heliolonche_modiella",9,9,0,3,3,0,"generalist","generalist","generalist","Long_2022_spring"
"Helithodes_dimutiva",3,3,0,1,1,0,"specialist","specialist","generalist","Long_2022_spring"
"Hippodamia_convergens",8,7,1,4,3,1,"generalist","generalist","specialist","Long_2022_spring"
"Junonia_grisea",9,6,3,6,5,1,"generalist","generalist","specialist","Long_2022_spring"
"Listrus_sp._1",28,28,0,4,4,0,"generalist","generalist","generalist","Long_2022_spring"
"Muscidae",8,4,4,3,2,1,"generalist","generalist","specialist","Long_2022_spring"
"Nomada_hesperia",2,2,0,1,1,0,"specialist","specialist","generalist","Long_2022_spring"
"Osmia_cara",6,6,0,1,1,0,"specialist","specialist","generalist","Long_2022_spring"
"Osmia_sp.",1,1,0,1,1,0,"specialist","specialist","generalist","Long_2022_spring"
"Panurginus_sp.",6,6,0,2,2,0,"generalist","generalist","generalist","Long_2022_spring"
"Polistes_aurifer",1,1,0,1,1,0,"specialist","specialist","generalist","Long_2022_spring"
"Prosperpinus_clarkiae",2,0,2,1,0,1,"specialist","generalist","specialist","Long_2022_spring"
"red_Braconidae",1,1,0,1,1,0,"specialist","specialist","generalist","Long_2022_spring"
"red_Diptera",1,1,0,1,1,0,"specialist","specialist","generalist","Long_2022_spring"
"Rhaphidioptera",1,1,0,1,1,0,"specialist","specialist","generalist","Long_2022_spring"
"Scaeva_affinis",45,18,27,8,7,1,"generalist","generalist","specialist","Long_2022_spring"
"silver_moth_Lepidoptera",6,6,0,2,2,0,"generalist","generalist","generalist","Long_2022_spring"
"small_brown_moth_Lepidoptera",1,1,0,1,1,0,"specialist","specialist","generalist","Long_2022_spring"
"Sphex_sp.",2,2,0,2,2,0,"generalist","generalist","generalist","Long_2022_spring"
"Apis_mellifera",61,61,0,2,2,0,"generalist","generalist","generalist","Lower_Banana_2022_summer"
"Argynnis",2,2,0,1,1,0,"specialist","specialist","generalist","Lower_Banana_2022_summer"
"Bombus_californicus",2,2,0,1,1,0,"specialist","specialist","generalist","Lower_Banana_2022_summer"
"Bombus_vosnesenskii",247,247,0,6,6,0,"generalist","generalist","generalist","Lower_Banana_2022_summer"
"Brachysomida_californica",1,1,0,1,1,0,"specialist","specialist","generalist","Lower_Banana_2022_summer"
"Braconidae",1,1,0,1,1,0,"specialist","specialist","generalist","Lower_Banana_2022_summer"
"brown_moth_Lepidoptera",1,1,0,1,1,0,"specialist","specialist","generalist","Lower_Banana_2022_summer"
"Calypte_anna",1,1,0,1,1,0,"specialist","specialist","generalist","Lower_Banana_2022_summer"
"Ceratina_punctigena",1,1,0,1,1,0,"specialist","specialist","generalist","Lower_Banana_2022_summer"
"Colias_eurytheme",5,5,0,1,1,0,"specialist","specialist","generalist","Lower_Banana_2022_summer"
"Curculionidae",1,1,0,1,1,0,"specialist","specialist","generalist","Lower_Banana_2022_summer"
"Danaus_plexippus",1,1,0,1,1,0,"specialist","specialist","generalist","Lower_Banana_2022_summer"
"Epicauta_puncticollis",1,1,0,1,1,0,"specialist","specialist","generalist","Lower_Banana_2022_summer"
"Eristalis_stipador",10,10,0,1,1,0,"specialist","specialist","generalist","Lower_Banana_2022_summer"
"Erynnis_tristus",2,2,0,1,1,0,"specialist","specialist","generalist","Lower_Banana_2022_summer"
"Eupeodes_fumipennis",2,2,0,2,2,0,"generalist","generalist","generalist","Lower_Banana_2022_summer"
"Halictidae",2,2,0,2,2,0,"generalist","generalist","generalist","Lower_Banana_2022_summer"
"Halictus_farinosus",1,1,0,1,1,0,"specialist","specialist","generalist","Lower_Banana_2022_summer"
"Halictus_ligatus",10,10,0,2,2,0,"generalist","generalist","generalist","Lower_Banana_2022_summer"
"Halictus_tripartitus",8,8,0,3,3,0,"generalist","generalist","generalist","Lower_Banana_2022_summer"
"Heliopetes_ericetorum",8,8,0,2,2,0,"generalist","generalist","generalist","Lower_Banana_2022_summer"
"Heliothodes_diminutivus",10,10,0,2,2,0,"generalist","generalist","generalist","Lower_Banana_2022_summer"
"Icaricia_acmon",7,7,0,1,1,0,"specialist","specialist","generalist","Lower_Banana_2022_summer"
"Junonia_grisea",5,5,0,1,1,0,"specialist","specialist","generalist","Lower_Banana_2022_summer"
"Lasioglossum_helianthi",2,2,0,1,1,0,"specialist","specialist","generalist","Lower_Banana_2022_summer"
"Lasioglossum_incompletum",14,14,0,5,5,0,"generalist","generalist","generalist","Lower_Banana_2022_summer"
"Megachile_apicalis",4,4,0,1,1,0,"specialist","specialist","generalist","Lower_Banana_2022_summer"
"Melissodes_lupina",46,46,0,4,4,0,"generalist","generalist","generalist","Lower_Banana_2022_summer"
"Melissodes_robustior",1,1,0,1,1,0,"specialist","specialist","generalist","Lower_Banana_2022_summer"
"Muscidae",3,3,0,1,1,0,"specialist","specialist","generalist","Lower_Banana_2022_summer"
"Nemognatha_scutellaris",4,4,0,1,1,0,"specialist","specialist","generalist","Lower_Banana_2022_summer"
"Phycoides_mytilla",1,1,0,1,1,0,"specialist","specialist","generalist","Lower_Banana_2022_summer"
"Strymon_melinus",11,11,0,1,1,0,"specialist","specialist","generalist","Lower_Banana_2022_summer"
"Tharsalea_xanthoides",1,1,0,1,1,0,"specialist","specialist","generalist","Lower_Banana_2022_summer"
"Trichodes_ornatus",1,1,0,1,1,0,"specialist","specialist","generalist","Lower_Banana_2022_summer"
"Vanessa_virginiensis",6,6,0,1,1,0,"specialist","specialist","generalist","Lower_Banana_2022_summer"
"Villa_sp.",4,4,0,3,3,0,"generalist","generalist","generalist","Lower_Banana_2022_summer"
"white_moth_Lepidoptera",4,4,0,2,2,0,"generalist","generalist","generalist","Lower_Banana_2022_summer"
"Xeromelecta_californica",2,2,0,1,1,0,"specialist","specialist","generalist","Lower_Banana_2022_summer"
"Acmaeodera_sp.",53,53,0,2,2,0,"generalist","generalist","generalist","Lower_Grid_1_2023_spring"
"Anthophora_californica",10,0,10,1,0,1,"specialist","generalist","specialist","Lower_Grid_1_2023_spring"
"Anthophora_edwardsii",1,0,1,1,0,1,"specialist","generalist","specialist","Lower_Grid_1_2023_spring"
"Apis_mellifera",128,35,93,4,3,1,"generalist","generalist","specialist","Lower_Grid_1_2023_spring"
"Autographa_californica",1,1,0,1,1,0,"specialist","specialist","generalist","Lower_Grid_1_2023_spring"
"Bombus_californicus",2,1,1,2,1,1,"generalist","specialist","specialist","Lower_Grid_1_2023_spring"
"Bombus_melanopygus",2,0,2,1,0,1,"specialist","generalist","specialist","Lower_Grid_1_2023_spring"
"Bombus_vosnesenskii",4,0,4,1,0,1,"specialist","generalist","specialist","Lower_Grid_1_2023_spring"
"Bombylius_major",3,3,0,2,2,0,"generalist","generalist","generalist","Lower_Grid_1_2023_spring"
"Coenonympha_californica",3,3,0,3,3,0,"generalist","generalist","generalist","Lower_Grid_1_2023_spring"
"Diadasia_nigrifrons",1,0,1,1,0,1,"specialist","generalist","specialist","Lower_Grid_1_2023_spring"
"Elateridae",5,5,0,2,2,0,"generalist","generalist","generalist","Lower_Grid_1_2023_spring"
"Eucera_actuosa",6,4,2,3,2,1,"generalist","generalist","specialist","Lower_Grid_1_2023_spring"
"Eucera_frater_albopilosa",1,0,1,1,0,1,"specialist","generalist","specialist","Lower_Grid_1_2023_spring"
"Euopeodes_fumipennis",1,0,1,1,0,1,"specialist","generalist","specialist","Lower_Grid_1_2023_spring"
"Habropoda_sp.",3,0,3,1,0,1,"specialist","generalist","specialist","Lower_Grid_1_2023_spring"
"Hoplitus_hypocrita",1,0,1,1,0,1,"specialist","generalist","specialist","Lower_Grid_1_2023_spring"
"Listrus_sp._1",11,11,0,3,3,0,"generalist","generalist","generalist","Lower_Grid_1_2023_spring"
"Malachius_sp.",4,4,0,1,1,0,"specialist","specialist","generalist","Lower_Grid_1_2023_spring"
"Muscidae",2,0,2,1,0,1,"specialist","generalist","specialist","Lower_Grid_1_2023_spring"
"Osmia_sanctaerosae",7,0,7,1,0,1,"specialist","generalist","specialist","Lower_Grid_1_2023_spring"
"Osmia_sp.",1,0,1,1,0,1,"specialist","generalist","specialist","Lower_Grid_1_2023_spring"
"Panurginus_sp.",3,3,0,3,3,0,"generalist","generalist","generalist","Lower_Grid_1_2023_spring"
"Scaeva_affinis",11,2,9,2,1,1,"generalist","specialist","specialist","Lower_Grid_1_2023_spring"
"Strymon_melinus",1,1,0,1,1,0,"specialist","specialist","generalist","Lower_Grid_1_2023_spring"
"Xylocopa_sonorina",1,1,0,1,1,0,"specialist","specialist","generalist","Lower_Grid_1_2023_spring"
"Xylocopa_sp.",1,1,0,1,1,0,"specialist","specialist","generalist","Lower_Grid_1_2023_spring"
"Anthophora_californica",2,2,0,1,1,0,"specialist","specialist","generalist","Oak_2022_spring"
"Apis_mellifera",14,1,13,2,1,1,"generalist","specialist","specialist","Oak_2022_spring"
"Colias_eurytheme",1,0,1,1,0,1,"specialist","generalist","specialist","Oak_2022_spring"
"Eucera_actuosa",2,1,1,2,1,1,"generalist","specialist","specialist","Oak_2022_spring"
"Eucera_frater_albopilosa",2,2,0,2,2,0,"generalist","generalist","generalist","Oak_2022_spring"
"Hippodamia_convergens",1,1,0,1,1,0,"specialist","specialist","generalist","Oak_2022_spring"
"Osmia_cara",5,5,0,2,2,0,"generalist","generalist","generalist","Oak_2022_spring"
"silver_moth_Lepidoptera",2,2,0,1,1,0,"specialist","specialist","generalist","Oak_2022_spring"
"Andrena_nigrocaerulea",4,1,3,3,1,2,"generalist","specialist","generalist","Owl_Seep_2023_spring"
"Andrena_sp.",1,1,0,1,1,0,"specialist","specialist","generalist","Owl_Seep_2023_spring"
"Annaphila_decia",1,1,0,1,1,0,"specialist","specialist","generalist","Owl_Seep_2023_spring"
"Anthophora_californica",33,22,11,4,3,1,"generalist","generalist","specialist","Owl_Seep_2023_spring"
"Anthrenus_sp.",2,2,0,1,1,0,"specialist","specialist","generalist","Owl_Seep_2023_spring"
"Apis_mellifera",204,76,128,3,2,1,"generalist","generalist","specialist","Owl_Seep_2023_spring"
"BF1_Diptera",1,1,0,1,1,0,"specialist","specialist","generalist","Owl_Seep_2023_spring"
"Bombus_californicus",13,3,10,4,3,1,"generalist","generalist","specialist","Owl_Seep_2023_spring"
"Bombus_crotchii",11,5,6,3,2,1,"generalist","generalist","specialist","Owl_Seep_2023_spring"
"Bombus_melanopygus",24,8,16,3,2,1,"generalist","generalist","specialist","Owl_Seep_2023_spring"
"Bombus_sp.",1,0,1,1,0,1,"specialist","generalist","specialist","Owl_Seep_2023_spring"
"Bombus_vosnesenskii",88,59,29,5,4,1,"generalist","generalist","specialist","Owl_Seep_2023_spring"
"Braconidae",1,1,0,1,1,0,"specialist","specialist","generalist","Owl_Seep_2023_spring"
"Coenonympha_californica",1,1,0,1,1,0,"specialist","specialist","generalist","Owl_Seep_2023_spring"
"Colias_eurytheme",1,0,1,1,0,1,"specialist","generalist","specialist","Owl_Seep_2023_spring"
"Conophorus_fenestratus",13,13,0,1,1,0,"specialist","specialist","generalist","Owl_Seep_2023_spring"
"Diadasia_bituberculata",3,1,2,2,1,1,"generalist","specialist","specialist","Owl_Seep_2023_spring"
"Eucera_actuosa",73,67,6,3,1,2,"generalist","specialist","generalist","Owl_Seep_2023_spring"
"Eucera_frater_albopilosa",2,2,0,1,1,0,"specialist","specialist","generalist","Owl_Seep_2023_spring"
"Glaucophysche_lygdamus",1,1,0,1,1,0,"specialist","specialist","generalist","Owl_Seep_2023_spring"
"Halictus_tripartitus",1,1,0,1,1,0,"specialist","specialist","generalist","Owl_Seep_2023_spring"
"Hippodamia_convergens",2,1,1,2,1,1,"generalist","specialist","specialist","Owl_Seep_2023_spring"
"Junonia_grisea",1,1,0,1,1,0,"specialist","specialist","generalist","Owl_Seep_2023_spring"
"Lasioglossum_incompletum",1,0,1,1,0,1,"specialist","generalist","specialist","Owl_Seep_2023_spring"
"Listrus_sp._1",9,9,0,2,2,0,"generalist","generalist","generalist","Owl_Seep_2023_spring"
"Malachius_sp.",7,7,0,1,1,0,"specialist","specialist","generalist","Owl_Seep_2023_spring"
"Muscidae",1,0,1,1,0,1,"specialist","generalist","specialist","Owl_Seep_2023_spring"
"Nomada_hesperia",6,6,0,1,1,0,"specialist","specialist","generalist","Owl_Seep_2023_spring"
"Osmia_aglaia",1,1,0,1,1,0,"specialist","specialist","generalist","Owl_Seep_2023_spring"
"Osmia_nemoris",2,2,0,1,1,0,"specialist","specialist","generalist","Owl_Seep_2023_spring"
"Osmia_sanctaerosae",8,0,8,1,0,1,"specialist","generalist","specialist","Owl_Seep_2023_spring"
"Osmia_sp.",2,1,1,2,1,1,"generalist","specialist","specialist","Owl_Seep_2023_spring"
"Panurginus_sp.",37,37,0,2,2,0,"generalist","generalist","generalist","Owl_Seep_2023_spring"
"Polistes_aurifer",3,3,0,1,1,0,"specialist","specialist","generalist","Owl_Seep_2023_spring"
"Pseudomasaris_coquilletti",7,7,0,2,2,0,"generalist","generalist","generalist","Owl_Seep_2023_spring"
"Scaeva_affinis",6,1,5,2,1,1,"generalist","specialist","specialist","Owl_Seep_2023_spring"
"Sphaerophoria_sp.",1,1,0,1,1,0,"specialist","specialist","generalist","Owl_Seep_2023_spring"
"Trichodes_ornatus",1,1,0,1,1,0,"specialist","specialist","generalist","Owl_Seep_2023_spring"
"Anthrenus_sp.",1,1,0,1,1,0,"specialist","specialist","generalist","Pond_2022_summer"
"Apis_mellifera",177,38,139,3,2,1,"generalist","generalist","specialist","Pond_2022_summer"
"Ashmeadiella_aridula_astragali",2,1,1,2,1,1,"generalist","specialist","specialist","Pond_2022_summer"
"Bombus_californicus",3,3,0,1,1,0,"specialist","specialist","generalist","Pond_2022_summer"
"Bombus_crotchii",16,16,0,1,1,0,"specialist","specialist","generalist","Pond_2022_summer"
"Bombus_sp.",3,1,2,2,1,1,"generalist","specialist","specialist","Pond_2022_summer"
"Bombus_vosnesenskii",230,118,112,5,4,1,"generalist","generalist","specialist","Pond_2022_summer"
"Braconidae",2,2,0,2,2,0,"generalist","generalist","generalist","Pond_2022_summer"
"Ceratina_punctigena",3,3,0,2,2,0,"generalist","generalist","generalist","Pond_2022_summer"
"Chrysochus_colbaltinus",1,1,0,1,1,0,"specialist","specialist","generalist","Pond_2022_summer"
"Danaus_plexippus",8,8,0,1,1,0,"specialist","specialist","generalist","Pond_2022_summer"
"Dianthidium_dubium",1,1,0,1,1,0,"specialist","specialist","generalist","Pond_2022_summer"
"Eristalis_stipador",2,2,0,1,1,0,"specialist","specialist","generalist","Pond_2022_summer"
"Erynnis_tristus",1,1,0,1,1,0,"specialist","specialist","generalist","Pond_2022_summer"
"Euodyneras_hidalgo",1,1,0,1,1,0,"specialist","specialist","generalist","Pond_2022_summer"
"Halictidae",1,1,0,1,1,0,"specialist","specialist","generalist","Pond_2022_summer"
"Halictus_ligatus",7,7,0,1,1,0,"specialist","specialist","generalist","Pond_2022_summer"
"Halictus_tripartitus",3,0,3,1,0,1,"specialist","generalist","specialist","Pond_2022_summer"
"Heliopetes_ericetorum",3,0,3,1,0,1,"specialist","generalist","specialist","Pond_2022_summer"
"Heliothis_phloxiphaga",1,0,1,1,0,1,"specialist","generalist","specialist","Pond_2022_summer"
"Heliothodes_diminutivus",3,3,0,1,1,0,"specialist","specialist","generalist","Pond_2022_summer"
"Icaricia_acmon",17,16,1,3,2,1,"generalist","generalist","specialist","Pond_2022_summer"
"Junonia_grisea",5,4,1,3,2,1,"generalist","generalist","specialist","Pond_2022_summer"
"Lasioglossum_incompletum",2,2,0,1,1,0,"specialist","specialist","generalist","Pond_2022_summer"
"Megachile_apicalis",8,2,6,2,1,1,"generalist","specialist","specialist","Pond_2022_summer"
"Melissodes_lupina",31,31,0,2,2,0,"generalist","generalist","generalist","Pond_2022_summer"
"Muscidae",1,1,0,1,1,0,"specialist","specialist","generalist","Pond_2022_summer"
"Polistes_aurifer",2,2,0,1,1,0,"specialist","specialist","generalist","Pond_2022_summer"
"Polistes_dorsalis",3,3,0,1,1,0,"specialist","specialist","generalist","Pond_2022_summer"
"Sphex_ichneumoneus",6,6,0,1,1,0,"specialist","specialist","generalist","Pond_2022_summer"
"Sphex_sp.",1,1,0,1,1,0,"specialist","specialist","generalist","Pond_2022_summer"
"Strymon_melinus",15,13,2,2,1,1,"generalist","specialist","specialist","Pond_2022_summer"
"Tachinidae",3,3,0,2,2,0,"generalist","generalist","generalist","Pond_2022_summer"
"Andrena_dissona",1,1,0,1,1,0,"specialist","specialist","generalist","Pond_2023_spring"
"Andrena_pensilis",2,2,0,1,1,0,"specialist","specialist","generalist","Pond_2023_spring"
"Andrena_subchalybea",1,1,0,1,1,0,"specialist","specialist","generalist","Pond_2023_spring"
"Apis_mellifera",9,4,5,2,1,1,"generalist","specialist","specialist","Pond_2023_spring"
"Bombus_californicus",5,3,2,2,1,1,"generalist","specialist","specialist","Pond_2023_spring"
"Bombus_melanopygus",28,1,27,2,1,1,"generalist","specialist","specialist","Pond_2023_spring"
"Bombus_vosnesenskii",8,0,8,1,0,1,"specialist","generalist","specialist","Pond_2023_spring"
"Bombylius_major",1,1,0,1,1,0,"specialist","specialist","generalist","Pond_2023_spring"
"Brachysomida_californica",5,5,0,1,1,0,"specialist","specialist","generalist","Pond_2023_spring"
"Coenonympha_californica",2,2,0,2,2,0,"generalist","generalist","generalist","Pond_2023_spring"
"Cyrtopogon_sp.",3,3,0,1,1,0,"specialist","specialist","generalist","Pond_2023_spring"
"Diadasia_bituberculata",1,1,0,1,1,0,"specialist","specialist","generalist","Pond_2023_spring"
"Diadasia_nigrifrons",1,1,0,1,1,0,"specialist","specialist","generalist","Pond_2023_spring"
"Eristalis_hirta",1,1,0,1,1,0,"specialist","specialist","generalist","Pond_2023_spring"
"Erynnis_sp.",1,1,0,1,1,0,"specialist","specialist","generalist","Pond_2023_spring"
"Eucera_actuosa",12,1,11,2,1,1,"generalist","specialist","specialist","Pond_2023_spring"
"Helithodes_dimutiva",9,9,0,2,2,0,"generalist","generalist","generalist","Pond_2023_spring"
"Listrus_sp._1",16,16,0,5,5,0,"generalist","generalist","generalist","Pond_2023_spring"
"Malachius_sp.",1,1,0,1,1,0,"specialist","specialist","generalist","Pond_2023_spring"
"Nymphalis_californica",1,1,0,1,1,0,"specialist","specialist","generalist","Pond_2023_spring"
"Osmia_sp.",1,0,1,1,0,1,"specialist","generalist","specialist","Pond_2023_spring"
"Panurginus_sp.",2,2,0,2,2,0,"generalist","generalist","generalist","Pond_2023_spring"
"Polistes_aurifer",5,4,1,2,1,1,"generalist","specialist","specialist","Pond_2023_spring"
"Scaeva_affinis",1,0,1,1,0,1,"specialist","generalist","specialist","Pond_2023_spring"
"silver_moth_Lepidoptera",1,1,0,1,1,0,"specialist","specialist","generalist","Pond_2023_spring"
"Sphaerophoria_sp.",2,2,0,2,2,0,"generalist","generalist","generalist","Pond_2023_spring"
"Xylocopa_sonorina",1,1,0,1,1,0,"specialist","specialist","generalist","Pond_2023_spring"
"Xylocopa_sp.",1,1,0,1,1,0,"specialist","specialist","generalist","Pond_2023_spring"
"Xylocopa_tabaniformis",9,8,1,4,3,1,"generalist","generalist","specialist","Pond_2023_spring"
"Agapostemon_subtilior",1,1,0,1,1,0,"specialist","specialist","generalist","Pond_2023_summer"
"Anastrangalia_laetifca",3,3,0,2,2,0,"generalist","generalist","generalist","Pond_2023_summer"
"Anthrenus_sp.",5,4,1,2,1,1,"generalist","specialist","specialist","Pond_2023_summer"
"Apis_mellifera",89,56,33,7,4,3,"generalist","generalist","generalist","Pond_2023_summer"
"Ashmeadiella_aridula_astragali",2,0,2,1,0,1,"specialist","generalist","specialist","Pond_2023_summer"
"Autographa_californica",1,1,0,1,1,0,"specialist","specialist","generalist","Pond_2023_summer"
"Bombus_californicus",4,1,3,2,1,1,"generalist","specialist","specialist","Pond_2023_summer"
"Bombus_crotchii",2,2,0,1,1,0,"specialist","specialist","generalist","Pond_2023_summer"
"Bombus_sp.",1,0,1,1,0,1,"specialist","generalist","specialist","Pond_2023_summer"
"Bombus_vosnesenskii",350,192,158,5,3,2,"generalist","generalist","generalist","Pond_2023_summer"
"Bombylius_major",1,1,0,1,1,0,"specialist","specialist","generalist","Pond_2023_summer"
"Brachynomada_melanantha",1,1,0,1,1,0,"specialist","specialist","generalist","Pond_2023_summer"
"Braconidae",5,4,1,2,1,1,"generalist","specialist","specialist","Pond_2023_summer"
"Ceratina_punctigena",2,2,0,1,1,0,"specialist","specialist","generalist","Pond_2023_summer"
"Chrysochus_colbaltinus",1,1,0,1,1,0,"specialist","specialist","generalist","Pond_2023_summer"
"Colias_eurytheme",3,2,1,2,1,1,"generalist","specialist","specialist","Pond_2023_summer"
"Diabrotica_undecimpunctata",1,1,0,1,1,0,"specialist","specialist","generalist","Pond_2023_summer"
"Dianthidium_dubium",7,6,1,2,1,1,"generalist","specialist","specialist","Pond_2023_summer"
"Drosophilidae",1,1,0,1,1,0,"specialist","specialist","generalist","Pond_2023_summer"
"Eristalis_stipador",22,21,1,2,1,1,"generalist","specialist","specialist","Pond_2023_summer"
"Erynnis_tristus",1,1,0,1,1,0,"specialist","specialist","generalist","Pond_2023_summer"
"Halictidae",5,5,0,3,3,0,"generalist","generalist","generalist","Pond_2023_summer"
"Halictus_ligatus",26,20,6,2,1,1,"generalist","specialist","specialist","Pond_2023_summer"
"Halictus_tripartitus",7,6,1,2,1,1,"generalist","specialist","specialist","Pond_2023_summer"
"Heliothis_phloxiphaga",2,2,0,1,1,0,"specialist","specialist","generalist","Pond_2023_summer"
"Heliothodes_diminutivus",3,2,1,3,2,1,"generalist","generalist","specialist","Pond_2023_summer"
"Icaricia_acmon",2,2,0,1,1,0,"specialist","specialist","generalist","Pond_2023_summer"
"Lasioglossum_incompletum",40,32,8,2,1,1,"generalist","specialist","specialist","Pond_2023_summer"
"Listrus_sp_1",1,0,1,1,0,1,"specialist","generalist","specialist","Pond_2023_summer"
"Megachile_apicalis",18,11,7,2,1,1,"generalist","specialist","specialist","Pond_2023_summer"
"Megachile_sp.",1,1,0,1,1,0,"specialist","specialist","generalist","Pond_2023_summer"
"Melissodes_lupina",11,10,1,2,1,1,"generalist","specialist","specialist","Pond_2023_summer"
"Melissodes_robustior",3,3,0,1,1,0,"specialist","specialist","generalist","Pond_2023_summer"
"Osmia_nemoris",1,1,0,1,1,0,"specialist","specialist","generalist","Pond_2023_summer"
"small_narrow_ab_Syrphidae",1,1,0,1,1,0,"specialist","specialist","generalist","Pond_2023_summer"
"Sphex_ashmeadi",2,2,0,1,1,0,"specialist","specialist","generalist","Pond_2023_summer"
"Thysanoptera",32,32,0,1,1,0,"specialist","specialist","generalist","Pond_2023_summer"
"Trichodes_ornatus",1,1,0,1,1,0,"specialist","specialist","generalist","Pond_2023_summer"
"Villa_sp.",3,2,1,3,2,1,"generalist","generalist","specialist","Pond_2023_summer"
"white_moth_Lepidoptera",1,1,0,1,1,0,"specialist","specialist","generalist","Pond_2023_summer"
"Xylocopa_sp.",6,6,0,2,2,0,"generalist","generalist","generalist","Pond_2023_summer"
"Xylocopa_tabiformis",12,12,0,2,2,0,"generalist","generalist","generalist","Pond_2023_summer"
"Anastrangalia_laetifca",1,1,0,1,1,0,"specialist","specialist","generalist","Pond_2024_summer"
"Apis_mellifera",5,5,0,2,2,0,"generalist","generalist","generalist","Pond_2024_summer"
"Bombus_sp.",1,1,0,1,1,0,"specialist","specialist","generalist","Pond_2024_summer"
"Bombus_vosnesenskii",7,7,0,2,2,0,"generalist","generalist","generalist","Pond_2024_summer"
"Chrysochus_colbaltinus",2,2,0,1,1,0,"specialist","specialist","generalist","Pond_2024_summer"
"Colias_eurytheme",3,3,0,1,1,0,"specialist","specialist","generalist","Pond_2024_summer"
"Danaus_plexippus",7,7,0,2,2,0,"generalist","generalist","generalist","Pond_2024_summer"
"Dianthidium_dubium",30,30,0,1,1,0,"specialist","specialist","generalist","Pond_2024_summer"
"Euodyneras_hidalgo",2,2,0,1,1,0,"specialist","specialist","generalist","Pond_2024_summer"
"Halictus_ligatus",16,16,0,3,3,0,"generalist","generalist","generalist","Pond_2024_summer"
"Halictus_tripartitus",6,6,0,2,2,0,"generalist","generalist","generalist","Pond_2024_summer"
"Lasioglossum_incompletum",9,9,0,2,2,0,"generalist","generalist","generalist","Pond_2024_summer"
"Listrus_sp_2",1,1,0,1,1,0,"specialist","specialist","generalist","Pond_2024_summer"
"Listrus_sp.",2,2,0,1,1,0,"specialist","specialist","generalist","Pond_2024_summer"
"Megachile_apicalis",11,11,0,3,3,0,"generalist","generalist","generalist","Pond_2024_summer"
"Melissodes_lupina",43,42,1,3,2,1,"generalist","generalist","specialist","Pond_2024_summer"
"Melissodes_robustior",5,5,0,1,1,0,"specialist","specialist","generalist","Pond_2024_summer"
"Nemognatha_scutellaris",1,1,0,1,1,0,"specialist","specialist","generalist","Pond_2024_summer"
"Polistes_aurifer",6,6,0,2,2,0,"generalist","generalist","generalist","Pond_2024_summer"
"Prionyx_sp.",3,3,0,1,1,0,"specialist","specialist","generalist","Pond_2024_summer"
"red_Prionyx_sp.",1,1,0,1,1,0,"specialist","specialist","generalist","Pond_2024_summer"
"Sphex_sp.",1,1,0,1,1,0,"specialist","specialist","generalist","Pond_2024_summer"
"Strymon_melinus",3,3,0,2,2,0,"generalist","generalist","generalist","Pond_2024_summer"
"Tachinidae",2,2,0,1,1,0,"specialist","specialist","generalist","Pond_2024_summer"
"Tetraopes_basalis",7,7,0,1,1,0,"specialist","specialist","generalist","Pond_2024_summer"
"Villa_sp.",3,3,0,1,1,0,"specialist","specialist","generalist","Pond_2024_summer"
"white_moth_Lepidoptera",1,1,0,1,1,0,"specialist","specialist","generalist","Pond_2024_summer"
"Xylocopa_tabiformis",4,4,0,1,1,0,"specialist","specialist","generalist","Pond_2024_summer"
"Adela_eldorada",1,1,0,1,1,0,"specialist","specialist","generalist","Quarry_1_2022_spring"
"Adela_trigrapha",1,1,0,1,1,0,"specialist","specialist","generalist","Quarry_1_2022_spring"
"Andrena_baeriae",3,3,0,2,2,0,"generalist","generalist","generalist","Quarry_1_2022_spring"
"Andrena_sp.",7,7,0,2,2,0,"generalist","generalist","generalist","Quarry_1_2022_spring"
"Andrena_subchalybea",11,11,0,4,4,0,"generalist","generalist","generalist","Quarry_1_2022_spring"
"Annaphila_decia",3,3,0,1,1,0,"specialist","specialist","generalist","Quarry_1_2022_spring"
"Anthophora_californica",11,8,3,5,4,1,"generalist","generalist","specialist","Quarry_1_2022_spring"
"Apis_mellifera",375,368,7,3,2,1,"generalist","generalist","specialist","Quarry_1_2022_spring"
"BF1_Diptera",1,1,0,1,1,0,"specialist","specialist","generalist","Quarry_1_2022_spring"
"Bombus_californicus",2,2,0,1,1,0,"specialist","specialist","generalist","Quarry_1_2022_spring"
"Bombus_crotchii",1,1,0,1,1,0,"specialist","specialist","generalist","Quarry_1_2022_spring"
"Bombus_melanopygus",10,10,0,3,3,0,"generalist","generalist","generalist","Quarry_1_2022_spring"
"Bombus_vosnesenskii",23,23,0,1,1,0,"specialist","specialist","generalist","Quarry_1_2022_spring"
"Bombylius_major",6,5,1,4,3,1,"generalist","generalist","specialist","Quarry_1_2022_spring"
"Chrysis_angolensis",1,1,0,1,1,0,"specialist","specialist","generalist","Quarry_1_2022_spring"
"Chrysoperla_sp.",1,1,0,1,1,0,"specialist","specialist","generalist","Quarry_1_2022_spring"
"Coenonympha_californica",1,1,0,1,1,0,"specialist","specialist","generalist","Quarry_1_2022_spring"
"Conophorus_fenestratus",59,59,0,3,3,0,"generalist","generalist","generalist","Quarry_1_2022_spring"
"Cylindromyia sp.",1,1,0,1,1,0,"specialist","specialist","generalist","Quarry_1_2022_spring"
"Cyrtopogon_sp.",6,6,0,2,2,0,"generalist","generalist","generalist","Quarry_1_2022_spring"
"Elateridae",3,2,1,3,2,1,"generalist","generalist","specialist","Quarry_1_2022_spring"
"Eristalis_hirta",1,1,0,1,1,0,"specialist","specialist","generalist","Quarry_1_2022_spring"
"Erynnis_propertius",1,1,0,1,1,0,"specialist","specialist","generalist","Quarry_1_2022_spring"
"Eucera_actuosa",15,11,4,6,5,1,"generalist","generalist","specialist","Quarry_1_2022_spring"
"Eucera_frater_albopilosa",7,4,3,3,2,1,"generalist","generalist","specialist","Quarry_1_2022_spring"
"Eucera_sp.",1,1,0,1,1,0,"specialist","specialist","generalist","Quarry_1_2022_spring"
"Euopeodes_fumipennis",1,1,0,1,1,0,"specialist","specialist","generalist","Quarry_1_2022_spring"
"Euphydryas_chalcedona",4,4,0,2,2,0,"generalist","generalist","generalist","Quarry_1_2022_spring"
"Glaucophysche_lygdamus",1,0,1,1,0,1,"specialist","generalist","specialist","Quarry_1_2022_spring"
"Halictus_ligatus",1,1,0,1,1,0,"specialist","specialist","generalist","Quarry_1_2022_spring"
"Heliolonche_modiella",2,2,0,2,2,0,"generalist","generalist","generalist","Quarry_1_2022_spring"
"Helithodes_dimutiva",5,5,0,3,3,0,"generalist","generalist","generalist","Quarry_1_2022_spring"
"Junonia_grisea",13,13,0,6,6,0,"generalist","generalist","generalist","Quarry_1_2022_spring"
"Listrus_sp._1",2,2,0,2,2,0,"generalist","generalist","generalist","Quarry_1_2022_spring"
"Muscidae",4,4,0,3,3,0,"generalist","generalist","generalist","Quarry_1_2022_spring"
"Nomada_hesperia",36,36,0,2,2,0,"generalist","generalist","generalist","Quarry_1_2022_spring"
"Osmia_cara",14,11,3,6,5,1,"generalist","generalist","specialist","Quarry_1_2022_spring"
"Osmia_nemoris",13,13,0,1,1,0,"specialist","specialist","generalist","Quarry_1_2022_spring"
"Osmia_sp.",1,1,0,1,1,0,"specialist","specialist","generalist","Quarry_1_2022_spring"
"Panurginus_sp.",1,1,0,1,1,0,"specialist","specialist","generalist","Quarry_1_2022_spring"
"Phychoides_mytilla",3,3,0,3,3,0,"generalist","generalist","generalist","Quarry_1_2022_spring"
"Prosperpinus_clarkiae",1,1,0,1,1,0,"specialist","specialist","generalist","Quarry_1_2022_spring"
"Scaeva_affinis",7,7,0,5,5,0,"generalist","generalist","generalist","Quarry_1_2022_spring"
"Acmaeodera_sp.",3,3,0,3,3,0,"generalist","generalist","generalist","Quarry_1_2023_spring"
"Adela_eldorada",17,17,0,3,3,0,"generalist","generalist","generalist","Quarry_1_2023_spring"
"Agapostemon_subtilior",2,2,0,2,2,0,"generalist","generalist","generalist","Quarry_1_2023_spring"
"Andrena_nigrocaerulea",1,1,0,1,1,0,"specialist","specialist","generalist","Quarry_1_2023_spring"
"Andrena_pensilis",3,3,0,1,1,0,"specialist","specialist","generalist","Quarry_1_2023_spring"
"Andrena_sp.",11,11,0,3,3,0,"generalist","generalist","generalist","Quarry_1_2023_spring"
"Andrena_subchalybea",33,33,0,3,3,0,"generalist","generalist","generalist","Quarry_1_2023_spring"
"Anthophora_californica",5,5,0,2,2,0,"generalist","generalist","generalist","Quarry_1_2023_spring"
"Anthrenus_sp.",3,3,0,2,2,0,"generalist","generalist","generalist","Quarry_1_2023_spring"
"Apis_mellifera",13,1,12,2,1,1,"generalist","specialist","specialist","Quarry_1_2023_spring"
"Asilidae",1,1,0,1,1,0,"specialist","specialist","generalist","Quarry_1_2023_spring"
"BF1_Diptera",10,10,0,6,6,0,"generalist","generalist","generalist","Quarry_1_2023_spring"
"Bombus_californicus",5,5,0,2,2,0,"generalist","generalist","generalist","Quarry_1_2023_spring"
"Bombus_melanopygus",4,2,2,2,1,1,"generalist","specialist","specialist","Quarry_1_2023_spring"
"Bombus_vosnesenskii",8,6,2,4,3,1,"generalist","generalist","specialist","Quarry_1_2023_spring"
"Bombylius_major",7,7,0,4,4,0,"generalist","generalist","generalist","Quarry_1_2023_spring"
"Brachysomida_californica",2,2,0,2,2,0,"generalist","generalist","generalist","Quarry_1_2023_spring"
"Braconidae",2,2,0,2,2,0,"generalist","generalist","generalist","Quarry_1_2023_spring"
"Burnsius_communis",1,1,0,1,1,0,"specialist","specialist","generalist","Quarry_1_2023_spring"
"Cantharidae",1,1,0,1,1,0,"specialist","specialist","generalist","Quarry_1_2023_spring"
"Chlosyne_palla",4,4,0,1,1,0,"specialist","specialist","generalist","Quarry_1_2023_spring"
"Coenonympha_californica",7,6,1,3,2,1,"generalist","generalist","specialist","Quarry_1_2023_spring"
"Colias_eurytheme",3,1,2,2,1,1,"generalist","specialist","specialist","Quarry_1_2023_spring"
"Conophorus_fenestratus",9,7,2,4,3,1,"generalist","generalist","specialist","Quarry_1_2023_spring"
"Diabrotica_undecimpunctata",1,1,0,1,1,0,"specialist","specialist","generalist","Quarry_1_2023_spring"
"Diadasia_bituberculata",11,10,1,5,4,1,"generalist","generalist","specialist","Quarry_1_2023_spring"
"Eristalis_hirta",34,34,0,3,3,0,"generalist","generalist","generalist","Quarry_1_2023_spring"
"Erynnis_propertius",1,1,0,1,1,0,"specialist","specialist","generalist","Quarry_1_2023_spring"
"Eucera_actuosa",32,3,29,2,1,1,"generalist","specialist","specialist","Quarry_1_2023_spring"
"Eucera_frater_albopilosa",6,2,4,2,1,1,"generalist","specialist","specialist","Quarry_1_2023_spring"
"Euopeodes_fumipennis",4,4,0,3,3,0,"generalist","generalist","generalist","Quarry_1_2023_spring"
"Euphydryas_chalcedona",6,6,0,3,3,0,"generalist","generalist","generalist","Quarry_1_2023_spring"
"Halictus_tripartitus",1,1,0,1,1,0,"specialist","specialist","generalist","Quarry_1_2023_spring"
"Helithodes_dimutiva",6,6,0,5,5,0,"generalist","generalist","generalist","Quarry_1_2023_spring"
"Hippodamia_convergens",4,1,3,2,1,1,"generalist","specialist","specialist","Quarry_1_2023_spring"
"Lasioglossum_incompletum",6,6,0,5,5,0,"generalist","generalist","generalist","Quarry_1_2023_spring"
"Listrus_sp._1",99,98,1,14,13,1,"generalist","generalist","specialist","Quarry_1_2023_spring"
"Listrus_sp._2",25,25,0,3,3,0,"generalist","generalist","generalist","Quarry_1_2023_spring"
"Muscidae",5,3,2,3,2,1,"generalist","generalist","specialist","Quarry_1_2023_spring"
"Nomada_obscurella",2,2,0,1,1,0,"specialist","specialist","generalist","Quarry_1_2023_spring"
"Osmia_aglaia",2,2,0,1,1,0,"specialist","specialist","generalist","Quarry_1_2023_spring"
"Osmia_nemoris",1,1,0,1,1,0,"specialist","specialist","generalist","Quarry_1_2023_spring"
"Osmia_sanctaerosae",13,10,3,4,3,1,"generalist","generalist","specialist","Quarry_1_2023_spring"
"Osmia_sp.",4,4,0,2,2,0,"generalist","generalist","generalist","Quarry_1_2023_spring"
"Panurginus_sp.",3,3,0,2,2,0,"generalist","generalist","generalist","Quarry_1_2023_spring"
"Phychoides_mytilla",2,2,0,2,2,0,"generalist","generalist","generalist","Quarry_1_2023_spring"
"Scaeva_affinis",4,2,2,2,1,1,"generalist","specialist","specialist","Quarry_1_2023_spring"
"silver_moth_Lepidoptera",1,1,0,1,1,0,"specialist","specialist","generalist","Quarry_1_2023_spring"
"Sphaerophoria_sp.",1,1,0,1,1,0,"specialist","specialist","generalist","Quarry_1_2023_spring"
"Tetraopes_basilus",1,1,0,1,1,0,"specialist","specialist","generalist","Quarry_1_2023_spring"
"Thysanoptera",1,0,1,1,0,1,"specialist","generalist","specialist","Quarry_1_2023_spring"
"Trichodes_ornatus",1,1,0,1,1,0,"specialist","specialist","generalist","Quarry_1_2023_spring"
"Acmaeodera_sp.",1,1,0,1,1,0,"specialist","specialist","generalist","Quarry_1_2024_spring"
"Adela_eldorada",2,2,0,1,1,0,"specialist","specialist","generalist","Quarry_1_2024_spring"
"Adela_flammeusella",3,3,0,2,2,0,"generalist","generalist","generalist","Quarry_1_2024_spring"
"Adela_trigrapha",1,1,0,1,1,0,"specialist","specialist","generalist","Quarry_1_2024_spring"
"Andrena_pallidifovea",2,2,0,1,1,0,"specialist","specialist","generalist","Quarry_1_2024_spring"
"Andrena_pensilis",4,4,0,2,2,0,"generalist","generalist","generalist","Quarry_1_2024_spring"
"Andrena_sp.",2,2,0,1,1,0,"specialist","specialist","generalist","Quarry_1_2024_spring"
"Anthophora_crotchii",1,1,0,1,1,0,"specialist","specialist","generalist","Quarry_1_2024_spring"
"Anthrenus_sp.",11,11,0,1,1,0,"specialist","specialist","generalist","Quarry_1_2024_spring"
"Apis_mellifera",12,0,12,1,0,1,"specialist","generalist","specialist","Quarry_1_2024_spring"
"BF1_Diptera",10,10,0,2,2,0,"generalist","generalist","generalist","Quarry_1_2024_spring"
"Bombus_californicus",8,2,6,2,1,1,"generalist","specialist","specialist","Quarry_1_2024_spring"
"Bombus_melanopygus",5,1,4,2,1,1,"generalist","specialist","specialist","Quarry_1_2024_spring"
"Bombus_sp.",1,1,0,1,1,0,"specialist","specialist","generalist","Quarry_1_2024_spring"
"Bombus_vosnesenskii",2,1,1,2,1,1,"generalist","specialist","specialist","Quarry_1_2024_spring"
"Bombylius_major",12,12,0,1,1,0,"specialist","specialist","generalist","Quarry_1_2024_spring"
"Braconidae",1,1,0,1,1,0,"specialist","specialist","generalist","Quarry_1_2024_spring"
"Chrysis_angolensis",2,2,0,1,1,0,"specialist","specialist","generalist","Quarry_1_2024_spring"
"Coenonympha_californica",11,10,1,6,5,1,"generalist","generalist","specialist","Quarry_1_2024_spring"
"Cyrtopogon_sp.",7,7,0,1,1,0,"specialist","specialist","generalist","Quarry_1_2024_spring"
"Erynnis_propertius",3,0,3,1,0,1,"specialist","generalist","specialist","Quarry_1_2024_spring"
"Eucera_actuosa",10,1,9,2,1,1,"generalist","specialist","specialist","Quarry_1_2024_spring"
"Eucera_frater_albopilosa",6,2,4,2,1,1,"generalist","specialist","specialist","Quarry_1_2024_spring"
"Eucera_sp.",2,2,0,2,2,0,"generalist","generalist","generalist","Quarry_1_2024_spring"
"Glaucophysche_lygdamus",2,2,0,2,2,0,"generalist","generalist","generalist","Quarry_1_2024_spring"
"Listrus_sp._1",168,168,0,6,6,0,"generalist","generalist","generalist","Quarry_1_2024_spring"
"Listrus_sp._2",6,6,0,1,1,0,"specialist","specialist","generalist","Quarry_1_2024_spring"
"Muscidae",3,2,1,3,2,1,"generalist","generalist","specialist","Quarry_1_2024_spring"
"Nomada_hesperia",4,4,0,1,1,0,"specialist","specialist","generalist","Quarry_1_2024_spring"
"Osmia_cara",3,0,3,1,0,1,"specialist","generalist","specialist","Quarry_1_2024_spring"
"Osmia_nemoris",2,0,2,1,0,1,"specialist","generalist","specialist","Quarry_1_2024_spring"
"Osmia_sp.",3,2,1,2,1,1,"generalist","specialist","specialist","Quarry_1_2024_spring"
"Panurginus_sp.",1,1,0,1,1,0,"specialist","specialist","generalist","Quarry_1_2024_spring"
"Scaeva_affinis",1,0,1,1,0,1,"specialist","generalist","specialist","Quarry_1_2024_spring"
"silver_moth_Lepidoptera",1,1,0,1,1,0,"specialist","specialist","generalist","Quarry_1_2024_spring"
"Trichodes_ornatus",1,1,0,1,1,0,"specialist","specialist","generalist","Quarry_1_2024_spring"
"Acmaeodera_sp.",2,2,0,2,2,0,"generalist","generalist","generalist","Quarry_2_2023_spring"
"Adela_eldorada",3,3,0,2,2,0,"generalist","generalist","generalist","Quarry_2_2023_spring"
"Andrena_pensilis",2,2,0,1,1,0,"specialist","specialist","generalist","Quarry_2_2023_spring"
"Andrena_sp.",3,3,0,2,2,0,"generalist","generalist","generalist","Quarry_2_2023_spring"
"Andrena_subchalybea",56,56,0,1,1,0,"specialist","specialist","generalist","Quarry_2_2023_spring"
"Andrena-mimic_Syrpid",2,2,0,2,2,0,"generalist","generalist","generalist","Quarry_2_2023_spring"
"Apis_mellifera",3,2,1,3,2,1,"generalist","generalist","specialist","Quarry_2_2023_spring"
"BF1_Diptera",33,33,0,3,3,0,"generalist","generalist","generalist","Quarry_2_2023_spring"
"big_blue_butterfly_Lepidoptera",1,1,0,1,1,0,"specialist","specialist","generalist","Quarry_2_2023_spring"
"Bombus_melanopygus",8,8,0,2,2,0,"generalist","generalist","generalist","Quarry_2_2023_spring"
"Bombylius_major",12,12,0,5,5,0,"generalist","generalist","generalist","Quarry_2_2023_spring"
"brown_moth_Lepidoptera",2,2,0,1,1,0,"specialist","specialist","generalist","Quarry_2_2023_spring"
"Coenonympha_californica",1,1,0,1,1,0,"specialist","specialist","generalist","Quarry_2_2023_spring"
"Conophorus_fenestratus",15,15,0,1,1,0,"specialist","specialist","generalist","Quarry_2_2023_spring"
"Diadasia_nigrifrons",1,1,0,1,1,0,"specialist","specialist","generalist","Quarry_2_2023_spring"
"Elateridae",1,1,0,1,1,0,"specialist","specialist","generalist","Quarry_2_2023_spring"
"Eristalis_hirta",2,2,0,1,1,0,"specialist","specialist","generalist","Quarry_2_2023_spring"
"Eucera_actuosa",3,0,3,1,0,1,"specialist","generalist","specialist","Quarry_2_2023_spring"
"Euopeodes_fumipennis",3,3,0,3,3,0,"generalist","generalist","generalist","Quarry_2_2023_spring"
"gray_Bombyliidae",1,1,0,1,1,0,"specialist","specialist","generalist","Quarry_2_2023_spring"
"Heliolonche_modiella",4,4,0,1,1,0,"specialist","specialist","generalist","Quarry_2_2023_spring"
"Helithodes_dimutiva",1,1,0,1,1,0,"specialist","specialist","generalist","Quarry_2_2023_spring"
"Listrus_sp._1",62,62,0,6,6,0,"generalist","generalist","generalist","Quarry_2_2023_spring"
"Malachius_sp.",6,6,0,2,2,0,"generalist","generalist","generalist","Quarry_2_2023_spring"
"Muscidae",2,2,0,1,1,0,"specialist","specialist","generalist","Quarry_2_2023_spring"
"Nomada_hesperia",2,2,0,1,1,0,"specialist","specialist","generalist","Quarry_2_2023_spring"
"Osmia_atrocyanea",2,2,0,1,1,0,"specialist","specialist","generalist","Quarry_2_2023_spring"
"Osmia_sanctaerosae",2,2,0,1,1,0,"specialist","specialist","generalist","Quarry_2_2023_spring"
"Panurginus_sp.",4,4,0,1,1,0,"specialist","specialist","generalist","Quarry_2_2023_spring"
"Scaeva_affinis",2,2,0,1,1,0,"specialist","specialist","generalist","Quarry_2_2023_spring"
"silver_moth_Lepidoptera",1,1,0,1,1,0,"specialist","specialist","generalist","Quarry_2_2023_spring"
"Trichodes_ornatus",2,2,0,2,2,0,"generalist","generalist","generalist","Quarry_2_2023_spring"
"Acmaeodera_sp.",1,1,0,1,1,0,"specialist","specialist","generalist","Quarry_2_2024_spring"
"Adela_flammeusella",1,1,0,1,1,0,"specialist","specialist","generalist","Quarry_2_2024_spring"
"Andrena_pallidifovea",4,4,0,3,3,0,"generalist","generalist","generalist","Quarry_2_2024_spring"
"Andrena_pensilis",1,1,0,1,1,0,"specialist","specialist","generalist","Quarry_2_2024_spring"
"Andrena_sp.",2,1,1,2,1,1,"generalist","specialist","specialist","Quarry_2_2024_spring"
"Andrena_subchalybea",1,1,0,1,1,0,"specialist","specialist","generalist","Quarry_2_2024_spring"
"Anthrenus_sp.",11,11,0,2,2,0,"generalist","generalist","generalist","Quarry_2_2024_spring"
"Apis_mellifera",77,0,77,1,0,1,"specialist","generalist","specialist","Quarry_2_2024_spring"
"BF1_Diptera",7,7,0,1,1,0,"specialist","specialist","generalist","Quarry_2_2024_spring"
"Bombus_californicus",14,9,5,4,3,1,"generalist","generalist","specialist","Quarry_2_2024_spring"
"Bombus_melanopygus",15,0,15,1,0,1,"specialist","generalist","specialist","Quarry_2_2024_spring"
"Bombus_vosnesenskii",5,0,5,1,0,1,"specialist","generalist","specialist","Quarry_2_2024_spring"
"Bombylius_major",6,6,0,1,1,0,"specialist","specialist","generalist","Quarry_2_2024_spring"
"Cantharidae",1,1,0,1,1,0,"specialist","specialist","generalist","Quarry_2_2024_spring"
"Chrysis_angolensis",1,1,0,1,1,0,"specialist","specialist","generalist","Quarry_2_2024_spring"
"Coenonympha_californica",3,2,1,2,1,1,"generalist","specialist","specialist","Quarry_2_2024_spring"
"Colias_eurytheme",1,1,0,1,1,0,"specialist","specialist","generalist","Quarry_2_2024_spring"
"Cyrtopogon_sp.",4,4,0,1,1,0,"specialist","specialist","generalist","Quarry_2_2024_spring"
"Erynnis_propertius",7,1,6,2,1,1,"generalist","specialist","specialist","Quarry_2_2024_spring"
"Eucera_actuosa",18,0,18,1,0,1,"specialist","generalist","specialist","Quarry_2_2024_spring"
"Eucera_frater_albopilosa",7,0,7,1,0,1,"specialist","generalist","specialist","Quarry_2_2024_spring"
"Euopeodes_fumipennis",1,0,1,1,0,1,"specialist","generalist","specialist","Quarry_2_2024_spring"
"Glaucophysche_lygdamus",2,0,2,1,0,1,"specialist","generalist","specialist","Quarry_2_2024_spring"
"Lasioglossum_titusi",3,3,0,1,1,0,"specialist","specialist","generalist","Quarry_2_2024_spring"
"Listrus_sp._1",47,47,0,4,4,0,"generalist","generalist","generalist","Quarry_2_2024_spring"
"Osmia_cara",3,1,2,2,1,1,"generalist","specialist","specialist","Quarry_2_2024_spring"
"Osmia_nemoris",1,0,1,1,0,1,"specialist","generalist","specialist","Quarry_2_2024_spring"
"Osmia_sp.",3,1,2,2,1,1,"generalist","specialist","specialist","Quarry_2_2024_spring"
"Panurginus_sp.",1,1,0,1,1,0,"specialist","specialist","generalist","Quarry_2_2024_spring"
"Polistes_aurifer",7,3,4,3,2,1,"generalist","generalist","specialist","Quarry_2_2024_spring"
"Scaeva_affinis",1,0,1,1,0,1,"specialist","generalist","specialist","Quarry_2_2024_spring"
"silver_moth_Lepidoptera",1,0,1,1,0,1,"specialist","generalist","specialist","Quarry_2_2024_spring"
"Sphaerophoria_sp.",1,0,1,1,0,1,"specialist","generalist","specialist","Quarry_2_2024_spring"
"Vanessa_cardui",1,0,1,1,0,1,"specialist","generalist","specialist","Quarry_2_2024_spring"
"Anthophora_californica",1,0,1,1,0,1,"specialist","generalist","specialist","Quarry_3_2024_spring"
"Apis_mellifera",39,0,39,1,0,1,"specialist","generalist","specialist","Quarry_3_2024_spring"
"BF1_Diptera",1,1,0,1,1,0,"specialist","specialist","generalist","Quarry_3_2024_spring"
"Bombus_californicus",6,5,1,3,2,1,"generalist","generalist","specialist","Quarry_3_2024_spring"
"Bombus_melanopygus",9,2,7,2,1,1,"generalist","specialist","specialist","Quarry_3_2024_spring"
"Bombus_vosnesenskii",1,1,0,1,1,0,"specialist","specialist","generalist","Quarry_3_2024_spring"
"Bombylius_major",1,1,0,1,1,0,"specialist","specialist","generalist","Quarry_3_2024_spring"
"Coenonympha_californica",10,10,0,3,3,0,"generalist","generalist","generalist","Quarry_3_2024_spring"
"Erynnis_propertius",2,1,1,2,1,1,"generalist","specialist","specialist","Quarry_3_2024_spring"
"Eucera_actuosa",25,9,16,3,2,1,"generalist","generalist","specialist","Quarry_3_2024_spring"
"Eucera_frater_albopilosa",11,0,11,1,0,1,"specialist","generalist","specialist","Quarry_3_2024_spring"
"Glaucophysche_lygdamus",11,1,10,2,1,1,"generalist","specialist","specialist","Quarry_3_2024_spring"
"Hippodamia_convergens",1,1,0,1,1,0,"specialist","specialist","generalist","Quarry_3_2024_spring"
"Listrus_sp._1",33,33,0,2,2,0,"generalist","generalist","generalist","Quarry_3_2024_spring"
"Muscidae",1,0,1,1,0,1,"specialist","generalist","specialist","Quarry_3_2024_spring"
"Osmia_cara",3,1,2,2,1,1,"generalist","specialist","specialist","Quarry_3_2024_spring"
"Osmia_nemoris",3,2,1,2,1,1,"generalist","specialist","specialist","Quarry_3_2024_spring"
"Polistes_aurifer",3,1,2,2,1,1,"generalist","specialist","specialist","Quarry_3_2024_spring"
"Trichodes_ornatus",4,4,0,1,1,0,"specialist","specialist","generalist","Quarry_3_2024_spring"
"Agapostemon_subtilior",1,1,0,1,1,0,"specialist","specialist","generalist","Quarry_4_2024_spring"
"Andrena_dissona",1,1,0,1,1,0,"specialist","specialist","generalist","Quarry_4_2024_spring"
"Andrena_pallidifovea",1,1,0,1,1,0,"specialist","specialist","generalist","Quarry_4_2024_spring"
"Anthophora_crotchii",1,1,0,1,1,0,"specialist","specialist","generalist","Quarry_4_2024_spring"
"Apis_mellifera",15,0,15,1,0,1,"specialist","generalist","specialist","Quarry_4_2024_spring"
"BF1_Diptera",3,3,0,1,1,0,"specialist","specialist","generalist","Quarry_4_2024_spring"
"Bombus_californicus",5,1,4,2,1,1,"generalist","specialist","specialist","Quarry_4_2024_spring"
"Bombus_melanopygus",2,0,2,1,0,1,"specialist","generalist","specialist","Quarry_4_2024_spring"
"Bombus_vosnesenskii",4,2,2,2,1,1,"generalist","specialist","specialist","Quarry_4_2024_spring"
"Coenonympha_californica",2,2,0,1,1,0,"specialist","specialist","generalist","Quarry_4_2024_spring"
"Erynnis_propertius",2,0,2,1,0,1,"specialist","generalist","specialist","Quarry_4_2024_spring"
"Eucera_actuosa",10,2,8,3,1,2,"generalist","specialist","generalist","Quarry_4_2024_spring"
"Eucera_frater_albopilosa",1,1,0,1,1,0,"specialist","specialist","generalist","Quarry_4_2024_spring"
"Glaucophysche_lygdamus",4,1,3,2,1,1,"generalist","specialist","specialist","Quarry_4_2024_spring"
"Hippodamia_convergens",1,1,0,1,1,0,"specialist","specialist","generalist","Quarry_4_2024_spring"
"Lasioglossum_titusi",1,0,1,1,0,1,"specialist","generalist","specialist","Quarry_4_2024_spring"
"Listrus_sp._1",75,75,0,4,4,0,"generalist","generalist","generalist","Quarry_4_2024_spring"
"Osmia_cara",1,0,1,1,0,1,"specialist","generalist","specialist","Quarry_4_2024_spring"
"Polistes_aurifer",1,1,0,1,1,0,"specialist","specialist","generalist","Quarry_4_2024_spring"
"Acmaeodera_sp.",1,1,0,1,1,0,"specialist","specialist","generalist","Quarry_5_2024_spring"
"Adela_flammeusella",1,1,0,1,1,0,"specialist","specialist","generalist","Quarry_5_2024_spring"
"Andrena_dissona",3,3,0,1,1,0,"specialist","specialist","generalist","Quarry_5_2024_spring"
"Andrena_pallidifovea",2,2,0,2,2,0,"generalist","generalist","generalist","Quarry_5_2024_spring"
"Andrena_pensilis",4,4,0,1,1,0,"specialist","specialist","generalist","Quarry_5_2024_spring"
"Andrena_sp.",1,1,0,1,1,0,"specialist","specialist","generalist","Quarry_5_2024_spring"
"Andrena_subchalybea",33,33,0,2,2,0,"generalist","generalist","generalist","Quarry_5_2024_spring"
"Anthocharis_sara",1,1,0,1,1,0,"specialist","specialist","generalist","Quarry_5_2024_spring"
"Anthophora_californica",3,3,0,2,2,0,"generalist","generalist","generalist","Quarry_5_2024_spring"
"Anthrenus_sp.",1,1,0,1,1,0,"specialist","specialist","generalist","Quarry_5_2024_spring"
"Apis_mellifera",2,0,2,1,0,1,"specialist","generalist","specialist","Quarry_5_2024_spring"
"BF1_Diptera",2,2,0,1,1,0,"specialist","specialist","generalist","Quarry_5_2024_spring"
"Bombus_californicus",27,27,0,3,3,0,"generalist","generalist","generalist","Quarry_5_2024_spring"
"Bombus_melanopygus",1,1,0,1,1,0,"specialist","specialist","generalist","Quarry_5_2024_spring"
"Bombus_vosnesenskii",8,8,0,2,2,0,"generalist","generalist","generalist","Quarry_5_2024_spring"
"Bombylius_major",20,20,0,3,3,0,"generalist","generalist","generalist","Quarry_5_2024_spring"
"brown_moth_Lepidoptera",1,1,0,1,1,0,"specialist","specialist","generalist","Quarry_5_2024_spring"
"Coenonympha_californica",17,17,0,4,4,0,"generalist","generalist","generalist","Quarry_5_2024_spring"
"Cyrtopogon_sp.",2,2,0,2,2,0,"generalist","generalist","generalist","Quarry_5_2024_spring"
"Erynnis_propertius",7,7,0,1,1,0,"specialist","specialist","generalist","Quarry_5_2024_spring"
"Eucera_actuosa",2,0,2,1,0,1,"specialist","generalist","specialist","Quarry_5_2024_spring"
"Eucera_sp.",3,3,0,1,1,0,"specialist","specialist","generalist","Quarry_5_2024_spring"
"Glaucophysche_lygdamus",1,0,1,1,0,1,"specialist","generalist","specialist","Quarry_5_2024_spring"
"Heliolonche_modiella",9,9,0,2,2,0,"generalist","generalist","generalist","Quarry_5_2024_spring"
"Helithodes_dimutiva",2,2,0,2,2,0,"generalist","generalist","generalist","Quarry_5_2024_spring"
"Hoplitus_hypocrita",1,1,0,1,1,0,"specialist","specialist","generalist","Quarry_5_2024_spring"
"Lasioglossum_titusi",3,3,0,2,2,0,"generalist","generalist","generalist","Quarry_5_2024_spring"
"Listrus_sp._1",290,290,0,6,6,0,"generalist","generalist","generalist","Quarry_5_2024_spring"
"Malachius_sp.",1,1,0,1,1,0,"specialist","specialist","generalist","Quarry_5_2024_spring"
"Nomada_hesperia",1,1,0,1,1,0,"specialist","specialist","generalist","Quarry_5_2024_spring"
"Osmia_cara",10,10,0,1,1,0,"specialist","specialist","generalist","Quarry_5_2024_spring"
"Osmia_nemoris",3,2,1,2,1,1,"generalist","specialist","specialist","Quarry_5_2024_spring"
"Osmia_sp.",4,4,0,1,1,0,"specialist","specialist","generalist","Quarry_5_2024_spring"
"Phychoides_mytilla",1,1,0,1,1,0,"specialist","specialist","generalist","Quarry_5_2024_spring"
"Polistes_aurifer",1,1,0,1,1,0,"specialist","specialist","generalist","Quarry_5_2024_spring"
"Prosperpinus_clarkiae",2,2,0,2,2,0,"generalist","generalist","generalist","Quarry_5_2024_spring"
"red_Braconidae",1,1,0,1,1,0,"specialist","specialist","generalist","Quarry_5_2024_spring"
"Trichodes_ornatus",1,1,0,1,1,0,"specialist","specialist","generalist","Quarry_5_2024_spring"
"Zerene_eurydice",1,1,0,1,1,0,"specialist","specialist","generalist","Quarry_5_2024_spring"
"Agapostemon_subtilior",5,4,1,2,1,1,"generalist","specialist","specialist","Quarry_Close_2022_summer"
"Anastrangalia_laetifca",1,1,0,1,1,0,"specialist","specialist","generalist","Quarry_Close_2022_summer"
"Anthophorula_chionura",1,1,0,1,1,0,"specialist","specialist","generalist","Quarry_Close_2022_summer"
"Apis_mellifera",433,170,263,2,1,1,"generalist","specialist","specialist","Quarry_Close_2022_summer"
"Ashmeadiella_aridula_astragali",2,2,0,2,2,0,"generalist","generalist","generalist","Quarry_Close_2022_summer"
"Bombus_californicus",3,2,1,3,2,1,"generalist","generalist","specialist","Quarry_Close_2022_summer"
"Bombus_vosnesenskii",388,207,181,10,9,1,"generalist","generalist","specialist","Quarry_Close_2022_summer"
"Brachynomada_melanantha",1,1,0,1,1,0,"specialist","specialist","generalist","Quarry_Close_2022_summer"
"Braconidae",1,1,0,1,1,0,"specialist","specialist","generalist","Quarry_Close_2022_summer"
"Colias_eurytheme",1,1,0,1,1,0,"specialist","specialist","generalist","Quarry_Close_2022_summer"
"Curculionidae",1,1,0,1,1,0,"specialist","specialist","generalist","Quarry_Close_2022_summer"
"Danaus_plexippus",3,1,2,2,1,1,"generalist","specialist","specialist","Quarry_Close_2022_summer"
"Dianthidium_dubium",7,7,0,1,1,0,"specialist","specialist","generalist","Quarry_Close_2022_summer"
"Epicauta_puncticollis",1,0,1,1,0,1,"specialist","generalist","specialist","Quarry_Close_2022_summer"
"Eristalis_stipador",11,11,0,1,1,0,"specialist","specialist","generalist","Quarry_Close_2022_summer"
"Erynnis_tristus",3,1,2,2,1,1,"generalist","specialist","specialist","Quarry_Close_2022_summer"
"Halictidae",21,21,0,5,5,0,"generalist","generalist","generalist","Quarry_Close_2022_summer"
"Halictus_ligatus",118,108,10,6,5,1,"generalist","generalist","specialist","Quarry_Close_2022_summer"
"Halictus_tripartitus",14,11,3,6,5,1,"generalist","generalist","specialist","Quarry_Close_2022_summer"
"Heliothodes_diminutivus",16,16,0,2,2,0,"generalist","generalist","generalist","Quarry_Close_2022_summer"
"Icaricia_acmon",27,25,2,5,4,1,"generalist","generalist","specialist","Quarry_Close_2022_summer"
"Junonia_grisea",1,1,0,1,1,0,"specialist","specialist","generalist","Quarry_Close_2022_summer"
"Lasioglossum_incompletum",6,6,0,4,4,0,"generalist","generalist","generalist","Quarry_Close_2022_summer"
"Lasioglossum_titusi",2,2,0,1,1,0,"specialist","specialist","generalist","Quarry_Close_2022_summer"
"Listrus_sp_1",1,1,0,1,1,0,"specialist","specialist","generalist","Quarry_Close_2022_summer"
"Megachile_apicalis",20,6,14,3,2,1,"generalist","generalist","specialist","Quarry_Close_2022_summer"
"Megachile_frugalis_pseudofrugalis",2,1,1,2,1,1,"generalist","specialist","specialist","Quarry_Close_2022_summer"
"Melissodes_lupina",16,16,0,2,2,0,"generalist","generalist","generalist","Quarry_Close_2022_summer"
"Melissodes_robustior",11,10,1,3,2,1,"generalist","generalist","specialist","Quarry_Close_2022_summer"
"Mordellidae",1,1,0,1,1,0,"specialist","specialist","generalist","Quarry_Close_2022_summer"
"Nemognatha_scutellaris",3,3,0,1,1,0,"specialist","specialist","generalist","Quarry_Close_2022_summer"
"Ochlodes_sp.",2,2,0,1,1,0,"specialist","specialist","generalist","Quarry_Close_2022_summer"
"Panurginus_sp.",1,1,0,1,1,0,"specialist","specialist","generalist","Quarry_Close_2022_summer"
"Polistes_aurifer",4,3,1,2,1,1,"generalist","specialist","specialist","Quarry_Close_2022_summer"
"red_Prionyx_sp.",2,2,0,1,1,0,"specialist","specialist","generalist","Quarry_Close_2022_summer"
"Strymon_melinus",9,9,0,2,2,0,"generalist","generalist","generalist","Quarry_Close_2022_summer"
"Tachinidae",2,2,0,2,2,0,"generalist","generalist","generalist","Quarry_Close_2022_summer"
"Villa_sp.",11,9,2,4,3,1,"generalist","generalist","specialist","Quarry_Close_2022_summer"
"white_moth_Lepidoptera",6,6,0,1,1,0,"specialist","specialist","generalist","Quarry_Close_2022_summer"
"Agapostemon_subtilior",43,42,1,3,2,1,"generalist","generalist","specialist","Quarry_Close_2023_summer"
"Anastrangalia_laetifca",5,5,0,1,1,0,"specialist","specialist","generalist","Quarry_Close_2023_summer"
"Apis_mellifera",1261,1081,180,3,2,1,"generalist","generalist","specialist","Quarry_Close_2023_summer"
"Bombus_vosnesenskii",70,60,10,2,1,1,"generalist","specialist","specialist","Quarry_Close_2023_summer"
"Bombus-melanopygus",9,9,0,1,1,0,"specialist","specialist","generalist","Quarry_Close_2023_summer"
"Braconidae",1,1,0,1,1,0,"specialist","specialist","generalist","Quarry_Close_2023_summer"
"brown_Syrphidae",2,2,0,1,1,0,"specialist","specialist","generalist","Quarry_Close_2023_summer"
"Calypte_anna",1,1,0,1,1,0,"specialist","specialist","generalist","Quarry_Close_2023_summer"
"Colias_eurytheme",8,8,0,1,1,0,"specialist","specialist","generalist","Quarry_Close_2023_summer"
"Danaus_plexippus",3,3,0,1,1,0,"specialist","specialist","generalist","Quarry_Close_2023_summer"
"Dianthidium_dubium",15,15,0,1,1,0,"specialist","specialist","generalist","Quarry_Close_2023_summer"
"Epicauta_puncticollis",9,9,0,2,2,0,"generalist","generalist","generalist","Quarry_Close_2023_summer"
"Eristalis_stipador",263,263,0,2,2,0,"generalist","generalist","generalist","Quarry_Close_2023_summer"
"Erynnis_tristus",10,6,4,2,1,1,"generalist","specialist","specialist","Quarry_Close_2023_summer"
"Euodyneras_hidalgo",1,1,0,1,1,0,"specialist","specialist","generalist","Quarry_Close_2023_summer"
"gray_Bombyliidae",1,0,1,1,0,1,"specialist","generalist","specialist","Quarry_Close_2023_summer"
"Halictidae",2,2,0,1,1,0,"specialist","specialist","generalist","Quarry_Close_2023_summer"
"Halictus_farinosus",4,4,0,1,1,0,"specialist","specialist","generalist","Quarry_Close_2023_summer"
"Halictus_ligatus",140,131,9,3,2,1,"generalist","generalist","specialist","Quarry_Close_2023_summer"
"Halictus_tripartitus",3,1,2,2,1,1,"generalist","specialist","specialist","Quarry_Close_2023_summer"
"Heliothis_phloxiphaga",22,21,1,2,1,1,"generalist","specialist","specialist","Quarry_Close_2023_summer"
"Heliothodes_diminutivus",6,6,0,1,1,0,"specialist","specialist","generalist","Quarry_Close_2023_summer"
"Hemaris_thetis",5,5,0,1,1,0,"specialist","specialist","generalist","Quarry_Close_2023_summer"
"Icaricia_acmon",2,2,0,2,2,0,"generalist","generalist","generalist","Quarry_Close_2023_summer"
"Lasioglossum_incompletum",69,66,3,4,3,1,"generalist","generalist","specialist","Quarry_Close_2023_summer"
"Lasioglossum_titusi",1,1,0,1,1,0,"specialist","specialist","generalist","Quarry_Close_2023_summer"
"Megachile_apicalis",17,14,3,2,1,1,"generalist","specialist","specialist","Quarry_Close_2023_summer"
"Melissodes_lupina",46,46,0,3,3,0,"generalist","generalist","generalist","Quarry_Close_2023_summer"
"Melissodes_robustior",12,11,1,3,2,1,"generalist","generalist","specialist","Quarry_Close_2023_summer"
"Nemognatha_scutellaris",17,17,0,1,1,0,"specialist","specialist","generalist","Quarry_Close_2023_summer"
"Polistes_aurifer",1,1,0,1,1,0,"specialist","specialist","generalist","Quarry_Close_2023_summer"
"Pterophoridae",1,1,0,1,1,0,"specialist","specialist","generalist","Quarry_Close_2023_summer"
"Strymon_melinus",3,3,0,1,1,0,"specialist","specialist","generalist","Quarry_Close_2023_summer"
"Thysanoptera",1,1,0,1,1,0,"specialist","specialist","generalist","Quarry_Close_2023_summer"
"tiny_pale_green_Diptera",1,1,0,1,1,0,"specialist","specialist","generalist","Quarry_Close_2023_summer"
"Vanessa_virginiensis",3,3,0,1,1,0,"specialist","specialist","generalist","Quarry_Close_2023_summer"
"Villa_sp.",3,3,0,2,2,0,"generalist","generalist","generalist","Quarry_Close_2023_summer"
"white_moth_Lepidoptera",1,1,0,1,1,0,"specialist","specialist","generalist","Quarry_Close_2023_summer"
"Xylocopa_sp.",2,2,0,2,2,0,"generalist","generalist","generalist","Quarry_Close_2023_summer"
"Agapostemon_subtilior",90,62,28,5,4,1,"generalist","generalist","specialist","Quarry_Close_2024_summer"
"Anthrenus_sp.",3,1,2,2,1,1,"generalist","specialist","specialist","Quarry_Close_2024_summer"
"Apis_mellifera",285,263,22,4,3,1,"generalist","generalist","specialist","Quarry_Close_2024_summer"
"BF1_Diptera",1,1,0,1,1,0,"specialist","specialist","generalist","Quarry_Close_2024_summer"
"Bombus_californicus",5,5,0,2,2,0,"generalist","generalist","generalist","Quarry_Close_2024_summer"
"Bombus_sp.",1,1,0,1,1,0,"specialist","specialist","generalist","Quarry_Close_2024_summer"
"Bombus_vosnesenskii",142,135,7,6,5,1,"generalist","generalist","specialist","Quarry_Close_2024_summer"
"Calypte_anna",1,1,0,1,1,0,"specialist","specialist","generalist","Quarry_Close_2024_summer"
"Ceratina_punctigena",2,2,0,2,2,0,"generalist","generalist","generalist","Quarry_Close_2024_summer"
"Chrysochus_colbaltinus",1,1,0,1,1,0,"specialist","specialist","generalist","Quarry_Close_2024_summer"
"Colias_eurytheme",2,0,2,1,0,1,"specialist","generalist","specialist","Quarry_Close_2024_summer"
"Curculionidae",1,1,0,1,1,0,"specialist","specialist","generalist","Quarry_Close_2024_summer"
"Danaus_plexippus",10,10,0,1,1,0,"specialist","specialist","generalist","Quarry_Close_2024_summer"
"Dianthidium_dubium",39,38,1,5,4,1,"generalist","generalist","specialist","Quarry_Close_2024_summer"
"Epicauta_puncticollis",27,27,0,2,2,0,"generalist","generalist","generalist","Quarry_Close_2024_summer"
"Erynnis_propertius",3,3,0,1,1,0,"specialist","specialist","generalist","Quarry_Close_2024_summer"
"Erynnis_tristus",2,2,0,1,1,0,"specialist","specialist","generalist","Quarry_Close_2024_summer"
"Euodyneras_hidalgo",8,8,0,2,2,0,"generalist","generalist","generalist","Quarry_Close_2024_summer"
"Halictidae",1,1,0,1,1,0,"specialist","specialist","generalist","Quarry_Close_2024_summer"
"Halictus_farinosus",1,1,0,1,1,0,"specialist","specialist","generalist","Quarry_Close_2024_summer"
"Halictus_ligatus",169,130,39,6,5,1,"generalist","generalist","specialist","Quarry_Close_2024_summer"
"Halictus_tripartitus",6,6,0,4,4,0,"generalist","generalist","generalist","Quarry_Close_2024_summer"
"Icaricia_acmon",2,1,1,2,1,1,"generalist","specialist","specialist","Quarry_Close_2024_summer"
"Junonia_grisea",3,3,0,1,1,0,"specialist","specialist","generalist","Quarry_Close_2024_summer"
"Lasioglossum_incompletum",19,18,1,3,2,1,"generalist","generalist","specialist","Quarry_Close_2024_summer"
"Lasioglossum_titusi",8,7,1,2,1,1,"generalist","specialist","specialist","Quarry_Close_2024_summer"
"Listrus_sp.",1,0,1,1,0,1,"specialist","generalist","specialist","Quarry_Close_2024_summer"
"Megachile_apicalis",97,9,88,5,4,1,"generalist","generalist","specialist","Quarry_Close_2024_summer"
"Melissodes_lupina",48,38,10,2,1,1,"generalist","specialist","specialist","Quarry_Close_2024_summer"
"Melissodes_robustior",1,1,0,1,1,0,"specialist","specialist","generalist","Quarry_Close_2024_summer"
"Nemognatha_scutellaris",17,17,0,1,1,0,"specialist","specialist","generalist","Quarry_Close_2024_summer"
"Nomada_obscurella",1,0,1,1,0,1,"specialist","generalist","specialist","Quarry_Close_2024_summer"
"Nomada_vegana",1,1,0,1,1,0,"specialist","specialist","generalist","Quarry_Close_2024_summer"
"Ochlodes_sp.",2,2,0,2,2,0,"generalist","generalist","generalist","Quarry_Close_2024_summer"
"Phycoides_mytilla",1,1,0,1,1,0,"specialist","specialist","generalist","Quarry_Close_2024_summer"
"Polistes_aurifer",14,14,0,3,3,0,"generalist","generalist","generalist","Quarry_Close_2024_summer"
"Polistes_dorsalis",2,2,0,1,1,0,"specialist","specialist","generalist","Quarry_Close_2024_summer"
"Prionyx_sp.",1,1,0,1,1,0,"specialist","specialist","generalist","Quarry_Close_2024_summer"
"Sphex_ashmeadi",16,16,0,1,1,0,"specialist","specialist","generalist","Quarry_Close_2024_summer"
"Sphex_ichneumoneus",1,1,0,1,1,0,"specialist","specialist","generalist","Quarry_Close_2024_summer"
"Sphex_sp.",1,0,1,1,0,1,"specialist","generalist","specialist","Quarry_Close_2024_summer"
"Strymon_melinus",1,1,0,1,1,0,"specialist","specialist","generalist","Quarry_Close_2024_summer"
"Tetraopes_basalis",4,4,0,1,1,0,"specialist","specialist","generalist","Quarry_Close_2024_summer"
"Thysanoptera",7,7,0,1,1,0,"specialist","specialist","generalist","Quarry_Close_2024_summer"
"white_moth_Lepidoptera",6,6,0,1,1,0,"specialist","specialist","generalist","Quarry_Close_2024_summer"
"Xeromelecta_californica",1,1,0,1,1,0,"specialist","specialist","generalist","Quarry_Close_2024_summer"
"Xylocopa_tabiformis",2,2,0,2,2,0,"generalist","generalist","generalist","Quarry_Close_2024_summer"
"Apis_mellifera",63,48,15,4,3,1,"generalist","generalist","specialist","Quarry_Far_2022_summer"
"Bombus_vosnesenskii",111,105,6,5,4,1,"generalist","generalist","specialist","Quarry_Far_2022_summer"
"Bombylius_major",2,2,0,1,1,0,"specialist","specialist","generalist","Quarry_Far_2022_summer"
"Dianthidium_dubium",23,23,0,2,2,0,"generalist","generalist","generalist","Quarry_Far_2022_summer"
"Eristalis_sp.",1,1,0,1,1,0,"specialist","specialist","generalist","Quarry_Far_2022_summer"
"Eristalis_stipador",2,2,0,1,1,0,"specialist","specialist","generalist","Quarry_Far_2022_summer"
"Eristalis_tenax",1,1,0,1,1,0,"specialist","specialist","generalist","Quarry_Far_2022_summer"
"Eupeodes_fumipennis",1,1,0,1,1,0,"specialist","specialist","generalist","Quarry_Far_2022_summer"
"gray_Bombyliidae",1,1,0,1,1,0,"specialist","specialist","generalist","Quarry_Far_2022_summer"
"Halictidae",2,1,1,2,1,1,"generalist","specialist","specialist","Quarry_Far_2022_summer"
"Halictus_ligatus",9,9,0,3,3,0,"generalist","generalist","generalist","Quarry_Far_2022_summer"
"Halictus_tripartitus",4,2,2,3,2,1,"generalist","generalist","specialist","Quarry_Far_2022_summer"
"Heliothodes_diminutivus",1,1,0,1,1,0,"specialist","specialist","generalist","Quarry_Far_2022_summer"
"Icaricia_acmon",5,5,0,3,3,0,"generalist","generalist","generalist","Quarry_Far_2022_summer"
"Junonia_grisea",1,1,0,1,1,0,"specialist","specialist","generalist","Quarry_Far_2022_summer"
"Lasioglossum_incompletum",2,2,0,2,2,0,"generalist","generalist","generalist","Quarry_Far_2022_summer"
"Megachile_apicalis",15,7,8,3,2,1,"generalist","generalist","specialist","Quarry_Far_2022_summer"
"Melissodes_lupina",3,3,0,2,2,0,"generalist","generalist","generalist","Quarry_Far_2022_summer"
"Mordellidae",1,1,0,1,1,0,"specialist","specialist","generalist","Quarry_Far_2022_summer"
"stripe_fly_Diptera",2,2,0,1,1,0,"specialist","specialist","generalist","Quarry_Far_2022_summer"
"Strymon_melinus",1,1,0,1,1,0,"specialist","specialist","generalist","Quarry_Far_2022_summer"
"Villa_sp.",2,2,0,1,1,0,"specialist","specialist","generalist","Quarry_Far_2022_summer"
"Xylocopa_sp.",1,1,0,1,1,0,"specialist","specialist","generalist","Quarry_Far_2022_summer"
"Agapostemon_subtilior",3,3,0,1,1,0,"specialist","specialist","generalist","Quarry_Far_2023_summer"
"Anthrenus_sp.",1,1,0,1,1,0,"specialist","specialist","generalist","Quarry_Far_2023_summer"
"Apis_mellifera",362,323,39,4,3,1,"generalist","generalist","specialist","Quarry_Far_2023_summer"
"Ashmeadiella_aridula_astragali",1,1,0,1,1,0,"specialist","specialist","generalist","Quarry_Far_2023_summer"
"BF1_Diptera",1,1,0,1,1,0,"specialist","specialist","generalist","Quarry_Far_2023_summer"
"Bombus_sp.",1,1,0,1,1,0,"specialist","specialist","generalist","Quarry_Far_2023_summer"
"Bombus_vosnesenskii",103,64,39,4,3,1,"generalist","generalist","specialist","Quarry_Far_2023_summer"
"Brachysomida_californica",1,1,0,1,1,0,"specialist","specialist","generalist","Quarry_Far_2023_summer"
"Braconidae",7,7,0,3,3,0,"generalist","generalist","generalist","Quarry_Far_2023_summer"
"Calliphoridae",1,1,0,1,1,0,"specialist","specialist","generalist","Quarry_Far_2023_summer"
"Ceratina_punctigena",1,1,0,1,1,0,"specialist","specialist","generalist","Quarry_Far_2023_summer"
"Dianthidium_dubium",30,29,1,3,2,1,"generalist","generalist","specialist","Quarry_Far_2023_summer"
"Dianthidium-mimic_Syprhid",1,1,0,1,1,0,"specialist","specialist","generalist","Quarry_Far_2023_summer"
"Epicauta_puncticollis",2,2,0,2,2,0,"generalist","generalist","generalist","Quarry_Far_2023_summer"
"Eristalis_stipador",68,68,0,2,2,0,"generalist","generalist","generalist","Quarry_Far_2023_summer"
"Erynnis_tristus",8,5,3,3,2,1,"generalist","generalist","specialist","Quarry_Far_2023_summer"
"Euodyneras_hidalgo",1,1,0,1,1,0,"specialist","specialist","generalist","Quarry_Far_2023_summer"
"Halictidae",5,5,0,2,2,0,"generalist","generalist","generalist","Quarry_Far_2023_summer"
"Halictus_ligatus",49,46,3,4,3,1,"generalist","generalist","specialist","Quarry_Far_2023_summer"
"Halictus_tripartitus",7,5,2,3,2,1,"generalist","generalist","specialist","Quarry_Far_2023_summer"
"Heliothis_phloxiphaga",7,7,0,1,1,0,"specialist","specialist","generalist","Quarry_Far_2023_summer"
"Heliothodes_diminutivus",12,12,0,4,4,0,"generalist","generalist","generalist","Quarry_Far_2023_summer"
"Icaricia_acmon",2,2,0,1,1,0,"specialist","specialist","generalist","Quarry_Far_2023_summer"
"Lasioglossum_incompletum",64,56,8,5,4,1,"generalist","generalist","specialist","Quarry_Far_2023_summer"
"Lasioglossum_titusi",12,12,0,2,2,0,"generalist","generalist","generalist","Quarry_Far_2023_summer"
"Listrus_sp_1",1,1,0,1,1,0,"specialist","specialist","generalist","Quarry_Far_2023_summer"
"Megachile_apicalis",62,44,18,2,1,1,"generalist","specialist","specialist","Quarry_Far_2023_summer"
"Melissodes_lupina",50,50,0,4,4,0,"generalist","generalist","generalist","Quarry_Far_2023_summer"
"Melissodes_robustior",3,2,1,3,2,1,"generalist","generalist","specialist","Quarry_Far_2023_summer"
"Muscidae",1,1,0,1,1,0,"specialist","specialist","generalist","Quarry_Far_2023_summer"
"Nemognatha_scutellaris",2,2,0,1,1,0,"specialist","specialist","generalist","Quarry_Far_2023_summer"
"Polistes_aurifer",1,1,0,1,1,0,"specialist","specialist","generalist","Quarry_Far_2023_summer"
"Prionyx_sp.",2,2,0,1,1,0,"specialist","specialist","generalist","Quarry_Far_2023_summer"
"Pterophoridae",3,3,0,1,1,0,"specialist","specialist","generalist","Quarry_Far_2023_summer"
"Sphaerophoria_sp.",1,1,0,1,1,0,"specialist","specialist","generalist","Quarry_Far_2023_summer"
"Sphex_ashmeadi",2,2,0,1,1,0,"specialist","specialist","generalist","Quarry_Far_2023_summer"
"Strymon_melinus",3,3,0,2,2,0,"generalist","generalist","generalist","Quarry_Far_2023_summer"
"Thysanoptera",1,1,0,1,1,0,"specialist","specialist","generalist","Quarry_Far_2023_summer"
"Villa_sp.",7,6,1,3,2,1,"generalist","generalist","specialist","Quarry_Far_2023_summer"
"white_moth_Lepidoptera",1,1,0,1,1,0,"specialist","specialist","generalist","Quarry_Far_2023_summer"
"Xylocopa-mimic_Diptera",3,3,0,1,1,0,"specialist","specialist","generalist","Quarry_Far_2023_summer"
"Apis_mellifera",18,14,4,2,1,1,"generalist","specialist","specialist","Quarry_Far_2024_summer"
"Bombus_vosnesenskii",1,1,0,1,1,0,"specialist","specialist","generalist","Quarry_Far_2024_summer"
"Epicauta_puncticollis",3,3,0,1,1,0,"specialist","specialist","generalist","Quarry_Far_2024_summer"
"Geron_sp.",1,1,0,1,1,0,"specialist","specialist","generalist","Quarry_Far_2024_summer"
"Halictus_ligatus",6,2,4,2,1,1,"generalist","specialist","specialist","Quarry_Far_2024_summer"
"Junonia_grisea",1,0,1,1,0,1,"specialist","generalist","specialist","Quarry_Far_2024_summer"
"Lasioglossum_incompletum",5,5,0,1,1,0,"specialist","specialist","generalist","Quarry_Far_2024_summer"
"Lasioglossum_titusi",2,1,1,2,1,1,"generalist","specialist","specialist","Quarry_Far_2024_summer"
"Megachile_apicalis",14,0,14,1,0,1,"specialist","generalist","specialist","Quarry_Far_2024_summer"
"Prionyx_sp.",1,1,0,1,1,0,"specialist","specialist","generalist","Quarry_Far_2024_summer"
"Apis_mellifera",6,6,0,2,2,0,"generalist","generalist","generalist","Randy_2022_summer"
"Ashmeadiella_aridula_astragali",1,1,0,1,1,0,"specialist","specialist","generalist","Randy_2022_summer"
"Autographa_californica",1,1,0,1,1,0,"specialist","specialist","generalist","Randy_2022_summer"
"Bombus_crotchii",7,7,0,2,2,0,"generalist","generalist","generalist","Randy_2022_summer"
"Bombus_vosnesenskii",193,185,8,6,5,1,"generalist","generalist","specialist","Randy_2022_summer"
"Braconidae",5,4,1,3,2,1,"generalist","generalist","specialist","Randy_2022_summer"
"Ceratina_punctigena",3,3,0,2,2,0,"generalist","generalist","generalist","Randy_2022_summer"
"Colias_eurytheme",3,3,0,1,1,0,"specialist","specialist","generalist","Randy_2022_summer"
"Danaus_plexippus",1,1,0,1,1,0,"specialist","specialist","generalist","Randy_2022_summer"
"Dianthidium_dubium",3,3,0,1,1,0,"specialist","specialist","generalist","Randy_2022_summer"
"Eristalis_stipador",13,10,3,3,2,1,"generalist","generalist","specialist","Randy_2022_summer"
"Geron_sp.",2,2,0,2,2,0,"generalist","generalist","generalist","Randy_2022_summer"
"gray_Bombyliidae",1,1,0,1,1,0,"specialist","specialist","generalist","Randy_2022_summer"
"Halictus_ligatus",5,4,1,3,2,1,"generalist","generalist","specialist","Randy_2022_summer"
"Halictus_tripartitus",1,1,0,1,1,0,"specialist","specialist","generalist","Randy_2022_summer"
"Heliothodes_diminutivus",10,10,0,2,2,0,"generalist","generalist","generalist","Randy_2022_summer"
"Icaricia_acmon",5,5,0,2,2,0,"generalist","generalist","generalist","Randy_2022_summer"
"Lasioglossum_incompletum",4,4,0,2,2,0,"generalist","generalist","generalist","Randy_2022_summer"
"Megachile_apicalis",5,3,2,3,2,1,"generalist","generalist","specialist","Randy_2022_summer"
"Melissodes_lupina",23,23,0,2,2,0,"generalist","generalist","generalist","Randy_2022_summer"
"Melissodes_robustior",1,1,0,1,1,0,"specialist","specialist","generalist","Randy_2022_summer"
"Muscidae",1,1,0,1,1,0,"specialist","specialist","generalist","Randy_2022_summer"
"orange_Syrphidae",1,1,0,1,1,0,"specialist","specialist","generalist","Randy_2022_summer"
"Osmia_nemoris",1,1,0,1,1,0,"specialist","specialist","generalist","Randy_2022_summer"
"Panurginus_sp.",1,1,0,1,1,0,"specialist","specialist","generalist","Randy_2022_summer"
"Sphex_ichneumoneus",1,1,0,1,1,0,"specialist","specialist","generalist","Randy_2022_summer"
"Strymon_melinus",6,4,2,4,3,1,"generalist","generalist","specialist","Randy_2022_summer"
"Xeromelecta_californica",1,1,0,1,1,0,"specialist","specialist","generalist","Randy_2022_summer"
"Apis_mellifera",115,115,0,3,3,0,"generalist","generalist","generalist","Randy_2023_summer"
"Ashmeadiella_aridula_astragali",1,1,0,1,1,0,"specialist","specialist","generalist","Randy_2023_summer"
"Bombus_vosnesenskii",202,202,0,3,3,0,"generalist","generalist","generalist","Randy_2023_summer"
"Braconidae",1,1,0,1,1,0,"specialist","specialist","generalist","Randy_2023_summer"
"Calypte_anna",4,4,0,1,1,0,"specialist","specialist","generalist","Randy_2023_summer"
"Colias_eurytheme",5,5,0,1,1,0,"specialist","specialist","generalist","Randy_2023_summer"
"Danaus_plexippus",6,6,0,2,2,0,"generalist","generalist","generalist","Randy_2023_summer"
"Dianthidium_dubium",11,11,0,1,1,0,"specialist","specialist","generalist","Randy_2023_summer"
"Epicauta_puncticollis",2,2,0,1,1,0,"specialist","specialist","generalist","Randy_2023_summer"
"Eristalis_stipador",47,47,0,1,1,0,"specialist","specialist","generalist","Randy_2023_summer"
"Euodyneras_hidalgo",3,3,0,2,2,0,"generalist","generalist","generalist","Randy_2023_summer"
"Geron_sp.",1,1,0,1,1,0,"specialist","specialist","generalist","Randy_2023_summer"
"Halictidae",2,2,0,2,2,0,"generalist","generalist","generalist","Randy_2023_summer"
"Halictus_ligatus",41,40,1,3,2,1,"generalist","generalist","specialist","Randy_2023_summer"
"Halictus_tripartitus",2,2,0,1,1,0,"specialist","specialist","generalist","Randy_2023_summer"
"Heliothis_phloxiphaga",8,8,0,1,1,0,"specialist","specialist","generalist","Randy_2023_summer"
"Heliothodes_diminutivus",10,10,0,3,3,0,"generalist","generalist","generalist","Randy_2023_summer"
"Icaricia_acmon",6,6,0,2,2,0,"generalist","generalist","generalist","Randy_2023_summer"
"Lasioglossum_incompletum",16,16,0,3,3,0,"generalist","generalist","generalist","Randy_2023_summer"
"Megachile_apicalis",7,7,0,2,2,0,"generalist","generalist","generalist","Randy_2023_summer"
"Megachile_parallela",7,7,0,2,2,0,"generalist","generalist","generalist","Randy_2023_summer"
"Melissodes_lupina",20,20,0,3,3,0,"generalist","generalist","generalist","Randy_2023_summer"
"Melissodes_robustior",7,7,0,1,1,0,"specialist","specialist","generalist","Randy_2023_summer"
"Nemognatha_scutellaris",8,8,0,1,1,0,"specialist","specialist","generalist","Randy_2023_summer"
"Polistes_aurifer",2,2,0,1,1,0,"specialist","specialist","generalist","Randy_2023_summer"
"Pterophoridae",1,1,0,1,1,0,"specialist","specialist","generalist","Randy_2023_summer"
"Sphex_ichneumoneus",2,2,0,1,1,0,"specialist","specialist","generalist","Randy_2023_summer"
"Strymon_melinus",2,2,0,1,1,0,"specialist","specialist","generalist","Randy_2023_summer"
"Villa_sp.",1,1,0,1,1,0,"specialist","specialist","generalist","Randy_2023_summer"
"Anthophora_californica",3,2,1,2,1,1,"generalist","specialist","specialist","Reservoir_2022_spring"
"Apis_mellifera",25,1,24,2,1,1,"generalist","specialist","specialist","Reservoir_2022_spring"
"Bombus_vosnesenskii",1,1,0,1,1,0,"specialist","specialist","generalist","Reservoir_2022_spring"
"Diabrotica_undecimpunctata",2,2,0,1,1,0,"specialist","specialist","generalist","Reservoir_2022_spring"
"Junonia_grisea",4,4,0,2,2,0,"generalist","generalist","generalist","Reservoir_2022_spring"
"Osmia_cara",3,0,3,1,0,1,"specialist","generalist","specialist","Reservoir_2022_spring"
"Scaeva_affinis",7,0,7,1,0,1,"specialist","generalist","specialist","Reservoir_2022_spring"
"Anthophora_californica",12,2,10,2,1,1,"generalist","specialist","specialist","Rock_2022_spring"
"Apis_mellifera",97,77,20,2,1,1,"generalist","specialist","specialist","Rock_2022_spring"
"BF1_Diptera",2,2,0,1,1,0,"specialist","specialist","generalist","Rock_2022_spring"
"Bombus_californicus",2,1,1,2,1,1,"generalist","specialist","specialist","Rock_2022_spring"
"Bombus_crotchii",1,1,0,1,1,0,"specialist","specialist","generalist","Rock_2022_spring"
"Bombus_melanopygus",2,2,0,1,1,0,"specialist","specialist","generalist","Rock_2022_spring"
"Bombus_vosnesenskii",10,9,1,3,2,1,"generalist","generalist","specialist","Rock_2022_spring"
"Bombylius_major",1,0,1,1,0,1,"specialist","generalist","specialist","Rock_2022_spring"
"Brachysomida_californica",2,2,0,1,1,0,"specialist","specialist","generalist","Rock_2022_spring"
"Elateridae",1,1,0,1,1,0,"specialist","specialist","generalist","Rock_2022_spring"
"Eucera_actuosa",9,6,3,4,3,1,"generalist","generalist","specialist","Rock_2022_spring"
"Eucera_frater_albopilosa",4,3,1,4,3,1,"generalist","generalist","specialist","Rock_2022_spring"
"Hippodamia_convergens",1,1,0,1,1,0,"specialist","specialist","generalist","Rock_2022_spring"
"Junonia_grisea",3,3,0,2,2,0,"generalist","generalist","generalist","Rock_2022_spring"
"Listrus_sp._1",1,1,0,1,1,0,"specialist","specialist","generalist","Rock_2022_spring"
"Muscidae",1,1,0,1,1,0,"specialist","specialist","generalist","Rock_2022_spring"
"orange_beetle_Coleoptera",1,1,0,1,1,0,"specialist","specialist","generalist","Rock_2022_spring"
"Osmia_cara",10,7,3,4,3,1,"generalist","generalist","specialist","Rock_2022_spring"
"Polistes_aurifer",2,1,1,2,1,1,"generalist","specialist","specialist","Rock_2022_spring"
"Trichodes_ornatus",1,1,0,1,1,0,"specialist","specialist","generalist","Rock_2022_spring"
"Anthophora_californica",4,0,4,1,0,1,"specialist","generalist","specialist","Rock_2023_spring"
"Apis_mellifera",35,3,32,2,1,1,"generalist","specialist","specialist","Rock_2023_spring"
"Bombus_melanopygus",1,0,1,1,0,1,"specialist","generalist","specialist","Rock_2023_spring"
"Bombus_vosnesenskii",1,0,1,1,0,1,"specialist","generalist","specialist","Rock_2023_spring"
"Coenonympha_californica",1,0,1,1,0,1,"specialist","generalist","specialist","Rock_2023_spring"
"Elateridae",2,2,0,2,2,0,"generalist","generalist","generalist","Rock_2023_spring"
"Eucera_actuosa",1,0,1,1,0,1,"specialist","generalist","specialist","Rock_2023_spring"
"Glaucophysche_lygdamus",3,1,2,2,1,1,"generalist","specialist","specialist","Rock_2023_spring"
"Habropoda_sp.",2,0,2,1,0,1,"specialist","generalist","specialist","Rock_2023_spring"
"Hoplitus_hypocrita",1,0,1,1,0,1,"specialist","generalist","specialist","Rock_2023_spring"
"Listrus_sp._1",11,9,2,7,5,2,"generalist","generalist","generalist","Rock_2023_spring"
"Osmia_atrocyanea",1,0,1,1,0,1,"specialist","generalist","specialist","Rock_2023_spring"
"Osmia_sanctaerosae",8,1,7,2,1,1,"generalist","specialist","specialist","Rock_2023_spring"
"Osmia_sp.",1,0,1,1,0,1,"specialist","generalist","specialist","Rock_2023_spring"
"Panurginus_sp.",1,0,1,1,0,1,"specialist","generalist","specialist","Rock_2023_spring"
"Xylocopa_sp.",1,0,1,1,0,1,"specialist","generalist","specialist","Rock_2023_spring"
"Acmaeodera_sp.",14,14,0,4,4,0,"generalist","generalist","generalist","Rock_2024_spring"
"Andrena_pensilis",1,1,0,1,1,0,"specialist","specialist","generalist","Rock_2024_spring"
"Andrena_sp.",1,1,0,1,1,0,"specialist","specialist","generalist","Rock_2024_spring"
"Andrena_subchalybea",2,2,0,1,1,0,"specialist","specialist","generalist","Rock_2024_spring"
"Anthrenus_sp.",1,1,0,1,1,0,"specialist","specialist","generalist","Rock_2024_spring"
"Apis_mellifera",9,0,9,1,0,1,"specialist","generalist","specialist","Rock_2024_spring"
"BF1_Diptera",2,2,0,2,2,0,"generalist","generalist","generalist","Rock_2024_spring"
"Bombus_californicus",2,1,1,2,1,1,"generalist","specialist","specialist","Rock_2024_spring"
"Bombus_melanopygus",9,0,9,1,0,1,"specialist","generalist","specialist","Rock_2024_spring"
"Bombus_vosnesenskii",2,1,1,2,1,1,"generalist","specialist","specialist","Rock_2024_spring"
"Coenonympha_californica",3,3,0,2,2,0,"generalist","generalist","generalist","Rock_2024_spring"
"Diabrotica_undecimpunctata",4,4,0,1,1,0,"specialist","specialist","generalist","Rock_2024_spring"
"Eucera_actuosa",11,0,11,1,0,1,"specialist","generalist","specialist","Rock_2024_spring"
"Euphydryas_chalcedona",1,1,0,1,1,0,"specialist","specialist","generalist","Rock_2024_spring"
"Glaucophysche_lygdamus",3,0,3,1,0,1,"specialist","generalist","specialist","Rock_2024_spring"
"Listrus_sp._1",42,42,0,4,4,0,"generalist","generalist","generalist","Rock_2024_spring"
"Listrus_sp._2",1,1,0,1,1,0,"specialist","specialist","generalist","Rock_2024_spring"
"Malachius_sp.",15,15,0,3,3,0,"generalist","generalist","generalist","Rock_2024_spring"
"Muscidae",2,2,0,2,2,0,"generalist","generalist","generalist","Rock_2024_spring"
"Nomada_hesperia",1,1,0,1,1,0,"specialist","specialist","generalist","Rock_2024_spring"
"Osmia_cara",6,2,4,2,1,1,"generalist","specialist","specialist","Rock_2024_spring"
"Osmia_nemoris",1,0,1,1,0,1,"specialist","generalist","specialist","Rock_2024_spring"
"Tachnidae",2,2,0,1,1,0,"specialist","specialist","generalist","Rock_2024_spring"
"Adela_eldorada",1,1,0,1,1,0,"specialist","specialist","generalist","South_Goatgrass_2024_spring"
"Adela_trigrapha",1,1,0,1,1,0,"specialist","specialist","generalist","South_Goatgrass_2024_spring"
"Andrena_dissona",1,1,0,1,1,0,"specialist","specialist","generalist","South_Goatgrass_2024_spring"
"Andrena_pensilis",3,3,0,1,1,0,"specialist","specialist","generalist","South_Goatgrass_2024_spring"
"Andrena_sp.",3,3,0,2,2,0,"generalist","generalist","generalist","South_Goatgrass_2024_spring"
"Andrena_subchalybea",3,3,0,1,1,0,"specialist","specialist","generalist","South_Goatgrass_2024_spring"
"Anthophora_crotchii",2,0,2,1,0,1,"specialist","generalist","specialist","South_Goatgrass_2024_spring"
"Anthrenus_sp.",1,1,0,1,1,0,"specialist","specialist","generalist","South_Goatgrass_2024_spring"
"Apis_mellifera",53,2,51,3,2,1,"generalist","generalist","specialist","South_Goatgrass_2024_spring"
"BF1_Diptera",89,89,0,2,2,0,"generalist","generalist","generalist","South_Goatgrass_2024_spring"
"Bombus_melanopygus",152,5,147,4,3,1,"generalist","generalist","specialist","South_Goatgrass_2024_spring"
"Bombus_vosnesenskii",18,1,17,2,1,1,"generalist","specialist","specialist","South_Goatgrass_2024_spring"
"Bombylius_major",16,16,0,2,2,0,"generalist","generalist","generalist","South_Goatgrass_2024_spring"
"Coenonympha_californica",3,3,0,1,1,0,"specialist","specialist","generalist","South_Goatgrass_2024_spring"
"Cyrtopogon_sp.",1,1,0,1,1,0,"specialist","specialist","generalist","South_Goatgrass_2024_spring"
"Eucera_actuosa",21,1,20,2,1,1,"generalist","specialist","specialist","South_Goatgrass_2024_spring"
"Eucera_frater_albopilosa",6,0,6,1,0,1,"specialist","generalist","specialist","South_Goatgrass_2024_spring"
"Glaucophysche_lygdamus",2,1,1,2,1,1,"generalist","specialist","specialist","South_Goatgrass_2024_spring"
"Helithodes_dimutiva",1,1,0,1,1,0,"specialist","specialist","generalist","South_Goatgrass_2024_spring"
"Icaricia_acmon",2,2,0,2,2,0,"generalist","generalist","generalist","South_Goatgrass_2024_spring"
"Listrus_sp._1",35,35,0,2,2,0,"generalist","generalist","generalist","South_Goatgrass_2024_spring"
"Muscidae",1,1,0,1,1,0,"specialist","specialist","generalist","South_Goatgrass_2024_spring"
"Osmia_cara",4,2,2,2,1,1,"generalist","specialist","specialist","South_Goatgrass_2024_spring"
"Osmia_nemoris",3,0,3,1,0,1,"specialist","generalist","specialist","South_Goatgrass_2024_spring"
"Osmia_sp.",1,0,1,1,0,1,"specialist","generalist","specialist","South_Goatgrass_2024_spring"
"Panurginus_sp.",3,3,0,2,2,0,"generalist","generalist","generalist","South_Goatgrass_2024_spring"
"Polistes_aurifer",1,0,1,1,0,1,"specialist","generalist","specialist","South_Goatgrass_2024_spring"
"red_Pterophoridae",1,1,0,1,1,0,"specialist","specialist","generalist","South_Goatgrass_2024_spring"
"Scaeva_affinis",1,0,1,1,0,1,"specialist","generalist","specialist","South_Goatgrass_2024_spring"
"Sphaerophoria_sp.",1,1,0,1,1,0,"specialist","specialist","generalist","South_Goatgrass_2024_spring"
"Tachnidae",1,1,0,1,1,0,"specialist","specialist","generalist","South_Goatgrass_2024_spring"
"Xylocopa_tabaniformis",2,0,2,1,0,1,"specialist","generalist","specialist","South_Goatgrass_2024_spring"
"Anthophora_californica",2,2,0,1,1,0,"specialist","specialist","generalist","Tac_Shack_2022_spring"
"Anthrenus_sp.",1,1,0,1,1,0,"specialist","specialist","generalist","Tac_Shack_2022_spring"
"Apis_mellifera",90,8,82,3,2,1,"generalist","generalist","specialist","Tac_Shack_2022_spring"
"Bombus_crotchii",3,3,0,2,2,0,"generalist","generalist","generalist","Tac_Shack_2022_spring"
"Bombus_melanopygus",1,0,1,1,0,1,"specialist","generalist","specialist","Tac_Shack_2022_spring"
"Bombus_vosnesenskii",20,19,1,4,3,1,"generalist","generalist","specialist","Tac_Shack_2022_spring"
"Elateridae",1,1,0,1,1,0,"specialist","specialist","generalist","Tac_Shack_2022_spring"
"Eucera_actuosa",5,5,0,2,2,0,"generalist","generalist","generalist","Tac_Shack_2022_spring"
"Hippodamia_convergens",2,2,0,1,1,0,"specialist","specialist","generalist","Tac_Shack_2022_spring"
"Muscidae",1,0,1,1,0,1,"specialist","generalist","specialist","Tac_Shack_2022_spring"
"Prosperpinus_clarkiae",1,1,0,1,1,0,"specialist","specialist","generalist","Tac_Shack_2022_spring"
"Scaeva_affinis",41,33,8,2,1,1,"generalist","specialist","specialist","Tac_Shack_2022_spring"
"Adela_eldorada",6,6,0,1,1,0,"specialist","specialist","generalist","Upper_Grid_1_2023_spring"
"Adela_trigrapha",1,1,0,1,1,0,"specialist","specialist","generalist","Upper_Grid_1_2023_spring"
"Andrena_pensilis",1,1,0,1,1,0,"specialist","specialist","generalist","Upper_Grid_1_2023_spring"
"Andrena_plana",2,2,0,2,2,0,"generalist","generalist","generalist","Upper_Grid_1_2023_spring"
"Andrena_sp.",5,5,0,2,2,0,"generalist","generalist","generalist","Upper_Grid_1_2023_spring"
"Apis_mellifera",5,2,3,2,1,1,"generalist","specialist","specialist","Upper_Grid_1_2023_spring"
"BF1_Diptera",1,1,0,1,1,0,"specialist","specialist","generalist","Upper_Grid_1_2023_spring"
"Bombus_melanopygus",1,1,0,1,1,0,"specialist","specialist","generalist","Upper_Grid_1_2023_spring"
"Bombylius_major",4,4,0,2,2,0,"generalist","generalist","generalist","Upper_Grid_1_2023_spring"
"Coenonympha_californica",2,2,0,1,1,0,"specialist","specialist","generalist","Upper_Grid_1_2023_spring"
"Duforea sp.",1,1,0,1,1,0,"specialist","specialist","generalist","Upper_Grid_1_2023_spring"
"Elateridae",12,12,0,2,2,0,"generalist","generalist","generalist","Upper_Grid_1_2023_spring"
"Eucera_actuosa",10,9,1,5,4,1,"generalist","generalist","specialist","Upper_Grid_1_2023_spring"
"Eucera_frater_albopilosa",1,0,1,1,0,1,"specialist","generalist","specialist","Upper_Grid_1_2023_spring"
"Halictus_tripartitus",2,2,0,2,2,0,"generalist","generalist","generalist","Upper_Grid_1_2023_spring"
"Junonia_grisea",1,1,0,1,1,0,"specialist","specialist","generalist","Upper_Grid_1_2023_spring"
"Listrus_sp._1",18,18,0,4,4,0,"generalist","generalist","generalist","Upper_Grid_1_2023_spring"
"Malachius_sp.",11,11,0,4,4,0,"generalist","generalist","generalist","Upper_Grid_1_2023_spring"
"Muscidae",1,1,0,1,1,0,"specialist","specialist","generalist","Upper_Grid_1_2023_spring"
"Nomada_hesperia",2,2,0,1,1,0,"specialist","specialist","generalist","Upper_Grid_1_2023_spring"
"Panurginus_sp.",25,25,0,2,2,0,"generalist","generalist","generalist","Upper_Grid_1_2023_spring"
"Syrphidae",1,1,0,1,1,0,"specialist","specialist","generalist","Upper_Grid_1_2023_spring"
"Acmaeodera_sp.",1,1,0,1,1,0,"specialist","specialist","generalist","Upper_Grid_2_2023_spring"
"Andrena_pensilis",1,1,0,1,1,0,"specialist","specialist","generalist","Upper_Grid_2_2023_spring"
"Anthophora_californica",6,0,6,1,0,1,"specialist","generalist","specialist","Upper_Grid_2_2023_spring"
"Anthophora_edwardsii",1,0,1,1,0,1,"specialist","generalist","specialist","Upper_Grid_2_2023_spring"
"Anthrenus_sp.",1,1,0,1,1,0,"specialist","specialist","generalist","Upper_Grid_2_2023_spring"
"Apis_mellifera",168,0,168,1,0,1,"specialist","generalist","specialist","Upper_Grid_2_2023_spring"
"Autographa_californica",1,0,1,1,0,1,"specialist","generalist","specialist","Upper_Grid_2_2023_spring"
"Bombus_californicus",10,4,6,2,1,1,"generalist","specialist","specialist","Upper_Grid_2_2023_spring"
"Bombus_crotchii",2,0,2,1,0,1,"specialist","generalist","specialist","Upper_Grid_2_2023_spring"
"Bombus_melanopygus",7,0,7,1,0,1,"specialist","generalist","specialist","Upper_Grid_2_2023_spring"
"Bombus_sp.",1,0,1,1,0,1,"specialist","generalist","specialist","Upper_Grid_2_2023_spring"
"Bombus_vosnesenskii",16,5,11,3,2,1,"generalist","generalist","specialist","Upper_Grid_2_2023_spring"
"Braconidae",3,0,3,1,0,1,"specialist","generalist","specialist","Upper_Grid_2_2023_spring"
"Chrysoperla_sp.",2,0,2,1,0,1,"specialist","generalist","specialist","Upper_Grid_2_2023_spring"
"Elateridae",1,1,0,1,1,0,"specialist","specialist","generalist","Upper_Grid_2_2023_spring"
"Eucera_actuosa",1,0,1,1,0,1,"specialist","generalist","specialist","Upper_Grid_2_2023_spring"
"Euopeodes_fumipennis",1,0,1,1,0,1,"specialist","generalist","specialist","Upper_Grid_2_2023_spring"
"Hippodamia_convergens",13,3,10,2,1,1,"generalist","specialist","specialist","Upper_Grid_2_2023_spring"
"Listrus_sp._1",106,106,0,7,7,0,"generalist","generalist","generalist","Upper_Grid_2_2023_spring"
"Muscidae",1,0,1,1,0,1,"specialist","generalist","specialist","Upper_Grid_2_2023_spring"
"Osmia_sanctaerosae",4,0,4,1,0,1,"specialist","generalist","specialist","Upper_Grid_2_2023_spring"
"Scaeva_affinis",7,0,7,1,0,1,"specialist","generalist","specialist","Upper_Grid_2_2023_spring"
"Sphex_sp.",1,0,1,1,0,1,"specialist","generalist","specialist","Upper_Grid_2_2023_spring"
"Syrphidae",1,1,0,1,1,0,"specialist","specialist","generalist","Upper_Grid_2_2023_spring"
"Thysanoptera",1,1,0,1,1,0,"specialist","specialist","generalist","Upper_Grid_2_2023_spring"
"Trichodes_ornatus",1,1,0,1,1,0,"specialist","specialist","generalist","Upper_Grid_2_2023_spring"
"Anthophora_californica",2,0,2,1,0,1,"specialist","generalist","specialist","Upper_Grid_2_2024_spring"
"Apis_mellifera",26,0,26,1,0,1,"specialist","generalist","specialist","Upper_Grid_2_2024_spring"
"Bombus_californicus",1,0,1,1,0,1,"specialist","generalist","specialist","Upper_Grid_2_2024_spring"
"Bombus_crotchii",1,0,1,1,0,1,"specialist","generalist","specialist","Upper_Grid_2_2024_spring"
"Bombus_melanopygus",16,1,15,2,1,1,"generalist","specialist","specialist","Upper_Grid_2_2024_spring"
"Bombus_vosnesenskii",3,1,2,2,1,1,"generalist","specialist","specialist","Upper_Grid_2_2024_spring"
"Chrysoperla_sp.",1,0,1,1,0,1,"specialist","generalist","specialist","Upper_Grid_2_2024_spring"
"Coenonympha_californica",1,1,0,1,1,0,"specialist","specialist","generalist","Upper_Grid_2_2024_spring"
"Eucera_actuosa",15,1,14,2,1,1,"generalist","specialist","specialist","Upper_Grid_2_2024_spring"
"Lasiglossum (Hemihalictus sp.)",1,0,1,1,0,1,"specialist","generalist","specialist","Upper_Grid_2_2024_spring"
"Listrus_sp._1",125,125,0,5,5,0,"generalist","generalist","generalist","Upper_Grid_2_2024_spring"
"Listrus_sp._2",1,1,0,1,1,0,"specialist","specialist","generalist","Upper_Grid_2_2024_spring"
"Muscidae",9,0,9,1,0,1,"specialist","generalist","specialist","Upper_Grid_2_2024_spring"
"Osmia_cara",6,5,1,2,1,1,"generalist","specialist","specialist","Upper_Grid_2_2024_spring"
"white_moth_Lepidoptera",1,1,0,1,1,0,"specialist","specialist","generalist","Upper_Grid_2_2024_spring"
"Acmaeodera_sp.",3,3,0,1,1,0,"specialist","specialist","generalist","Upper_Seep_2023_spring"
"Anthophora_californica",8,3,5,2,1,1,"generalist","specialist","specialist","Upper_Seep_2023_spring"
"Anthrenus_sp.",1,1,0,1,1,0,"specialist","specialist","generalist","Upper_Seep_2023_spring"
"Apis_mellifera",88,0,88,1,0,1,"specialist","generalist","specialist","Upper_Seep_2023_spring"
"Bombus_californicus",6,0,6,1,0,1,"specialist","generalist","specialist","Upper_Seep_2023_spring"
"Bombus_crotchii",1,0,1,1,0,1,"specialist","generalist","specialist","Upper_Seep_2023_spring"
"Bombus_melanopygus",9,0,9,1,0,1,"specialist","generalist","specialist","Upper_Seep_2023_spring"
"Bombus_sp.",4,1,3,2,1,1,"generalist","specialist","specialist","Upper_Seep_2023_spring"
"Bombus_vosnesenskii",13,0,13,1,0,1,"specialist","generalist","specialist","Upper_Seep_2023_spring"
"Braconidae",2,1,1,2,1,1,"generalist","specialist","specialist","Upper_Seep_2023_spring"
"Conophorus_fenestratus",1,1,0,1,1,0,"specialist","specialist","generalist","Upper_Seep_2023_spring"
"Eristalis_hirta",1,1,0,1,1,0,"specialist","specialist","generalist","Upper_Seep_2023_spring"
"Eucera_actuosa",5,3,2,2,1,1,"generalist","specialist","specialist","Upper_Seep_2023_spring"
"Eucera_frater_albopilosa",2,0,2,1,0,1,"specialist","generalist","specialist","Upper_Seep_2023_spring"
"Halictus_tripartitus",1,1,0,1,1,0,"specialist","specialist","generalist","Upper_Seep_2023_spring"
"Hippodamia_convergens",2,0,2,1,0,1,"specialist","generalist","specialist","Upper_Seep_2023_spring"
"Lasioglossum_incompletum",1,1,0,1,1,0,"specialist","specialist","generalist","Upper_Seep_2023_spring"
"Listrus_sp._1",6,6,0,3,3,0,"generalist","generalist","generalist","Upper_Seep_2023_spring"
"Muscidae",1,0,1,1,0,1,"specialist","generalist","specialist","Upper_Seep_2023_spring"
"Osmia_sanctaerosae",2,0,2,1,0,1,"specialist","generalist","specialist","Upper_Seep_2023_spring"
"Osmia_sp.",1,1,0,1,1,0,"specialist","specialist","generalist","Upper_Seep_2023_spring"
"Panurginus_sp.",1,1,0,1,1,0,"specialist","specialist","generalist","Upper_Seep_2023_spring"
"Scaeva_affinis",3,0,3,1,0,1,"specialist","generalist","specialist","Upper_Seep_2023_spring"
"Scathophaga_stercoraria",1,0,1,1,0,1,"specialist","generalist","specialist","Upper_Seep_2023_spring"
"Agapostemon_subtilior",3,2,1,2,1,1,"generalist","specialist","specialist","Vineyard_2022_summer"
"Andrena_novo_sp.",1,1,0,1,1,0,"specialist","specialist","generalist","Vineyard_2022_summer"
"Apis_mellifera",100,11,89,3,2,1,"generalist","generalist","specialist","Vineyard_2022_summer"
"Bombus_crotchii",2,2,0,1,1,0,"specialist","specialist","generalist","Vineyard_2022_summer"
"Bombus_vosnesenskii",256,25,231,7,6,1,"generalist","generalist","specialist","Vineyard_2022_summer"
"Chrysochus_colbaltinus",4,4,0,1,1,0,"specialist","specialist","generalist","Vineyard_2022_summer"
"Danaus_plexippus",2,1,1,2,1,1,"generalist","specialist","specialist","Vineyard_2022_summer"
"Dianthidium_dubium",8,7,1,2,1,1,"generalist","specialist","specialist","Vineyard_2022_summer"
"Eristalis_stipador",1,1,0,1,1,0,"specialist","specialist","generalist","Vineyard_2022_summer"
"Erynnis_tristus",2,1,1,2,1,1,"generalist","specialist","specialist","Vineyard_2022_summer"
"Euodyneras_hidalgo",1,1,0,1,1,0,"specialist","specialist","generalist","Vineyard_2022_summer"
"Halictus_ligatus",5,1,4,2,1,1,"generalist","specialist","specialist","Vineyard_2022_summer"
"Halictus_tripartitus",4,3,1,2,1,1,"generalist","specialist","specialist","Vineyard_2022_summer"
"Heliopetes_ericetorum",2,0,2,1,0,1,"specialist","generalist","specialist","Vineyard_2022_summer"
"Icaricia_acmon",2,2,0,1,1,0,"specialist","specialist","generalist","Vineyard_2022_summer"
"Junonia_grisea",7,5,2,3,2,1,"generalist","generalist","specialist","Vineyard_2022_summer"
"Lasioglossum_helianthi",2,2,0,1,1,0,"specialist","specialist","generalist","Vineyard_2022_summer"
"Lasioglossum_incompletum",6,6,0,3,3,0,"generalist","generalist","generalist","Vineyard_2022_summer"
"Megachile_apicalis",13,0,13,1,0,1,"specialist","generalist","specialist","Vineyard_2022_summer"
"Megachile_montivaga",2,1,1,2,1,1,"generalist","specialist","specialist","Vineyard_2022_summer"
"Melissodes_lupina",9,8,1,3,2,1,"generalist","generalist","specialist","Vineyard_2022_summer"
"Nemognatha_scutellaris",1,1,0,1,1,0,"specialist","specialist","generalist","Vineyard_2022_summer"
"Panurginus_sp.",1,0,1,1,0,1,"specialist","generalist","specialist","Vineyard_2022_summer"
"Sphex_ichneumoneus",1,1,0,1,1,0,"specialist","specialist","generalist","Vineyard_2022_summer"
"Strymon_melinus",3,3,0,1,1,0,"specialist","specialist","generalist","Vineyard_2022_summer"
"Villa_sp.",1,0,1,1,0,1,"specialist","generalist","specialist","Vineyard_2022_summer"
"Zerene_eurydice",1,1,0,1,1,0,"specialist","specialist","generalist","Vineyard_2022_summer"
"Apis_mellifera",4,0,4,1,0,1,"specialist","generalist","specialist","Vineyard_2023_summer"
"Bombus_californicus",3,1,2,2,1,1,"generalist","specialist","specialist","Vineyard_2023_summer"
"Bombus_crotchii",1,1,0,1,1,0,"specialist","specialist","generalist","Vineyard_2023_summer"
"Bombus_vosnesenskii",2,1,1,2,1,1,"generalist","specialist","specialist","Vineyard_2023_summer"
"Diadasia_sp.",2,2,0,1,1,0,"specialist","specialist","generalist","Vineyard_2023_summer"
"Eucera_frater_albopilosa",1,1,0,1,1,0,"specialist","specialist","generalist","Vineyard_2023_summer"
"Megachile_apicalis",1,0,1,1,0,1,"specialist","generalist","specialist","Vineyard_2023_summer"
"Melissodes_lupina",1,1,0,1,1,0,"specialist","specialist","generalist","Vineyard_2023_summer"
"Trichodes_ornatus",1,1,0,1,1,0,"specialist","specialist","generalist","Vineyard_2023_summer"
"Agapostemon_subtilior",14,4,10,2,1,1,"generalist","specialist","specialist","Vineyard_2024_summer"
"Anastrangalia_laetifca",1,1,0,1,1,0,"specialist","specialist","generalist","Vineyard_2024_summer"
"Apis_mellifera",49,41,8,4,3,1,"generalist","generalist","specialist","Vineyard_2024_summer"
"Bombus_vosnesenskii",32,29,3,3,2,1,"generalist","generalist","specialist","Vineyard_2024_summer"
"Colias_eurytheme",1,1,0,1,1,0,"specialist","specialist","generalist","Vineyard_2024_summer"
"Danaus_plexippus",1,1,0,1,1,0,"specialist","specialist","generalist","Vineyard_2024_summer"
"Dianthidium_dubium",4,4,0,3,3,0,"generalist","generalist","generalist","Vineyard_2024_summer"
"Eristalis_hirta",1,1,0,1,1,0,"specialist","specialist","generalist","Vineyard_2024_summer"
"Halictus_ligatus",4,4,0,2,2,0,"generalist","generalist","generalist","Vineyard_2024_summer"
"Lasioglossum_titusi",1,0,1,1,0,1,"specialist","generalist","specialist","Vineyard_2024_summer"
"Megachile_apicalis",11,0,11,1,0,1,"specialist","generalist","specialist","Vineyard_2024_summer"
"Melissodes_lupina",6,5,1,2,1,1,"generalist","specialist","specialist","Vineyard_2024_summer"
"Melissodes_robustior",4,4,0,1,1,0,"specialist","specialist","generalist","Vineyard_2024_summer"
"Nemognatha_scutellaris",3,3,0,1,1,0,"specialist","specialist","generalist","Vineyard_2024_summer"
"Polistes_aurifer",5,3,2,3,1,2,"generalist","specialist","generalist","Vineyard_2024_summer"
"Sphaerophoria_sp.",1,1,0,1,1,0,"specialist","specialist","generalist","Vineyard_2024_summer"
"Sphex_ashmeadi",2,2,0,1,1,0,"specialist","specialist","generalist","Vineyard_2024_summer"
"Tachinidae",1,1,0,1,1,0,"specialist","specialist","generalist","Vineyard_2024_summer"
"Villa_sp.",2,0,2,1,0,1,"specialist","generalist","specialist","Vineyard_2024_summer"
"Xylocopa_tabiformis",1,1,0,1,1,0,"specialist","specialist","generalist","Vineyard_2024_summer"
