"Year","Month","Day","StartTime","StopTime","Transect_ID","Site","Patch_ID","PLANT","ARTH","Number_Visits","Distance","Focal_ID"
2022,3,9,"12_44","4_05","Focal_Only","Aikawa","ATR1","TRFU","Listrus_sp._1",1,0,NA
2022,3,9,"12_44","4_05","Focal_Only","Aikawa","ATR1","TRFU","Listrus_sp._1",2,1,NA
2022,3,9,"12_44","4_05","Focal_Only","Aikawa","ATR1","TRFU","Listrus_sp._1",1,1,NA
2022,3,9,"12_44","4_05","Focal_Only","Aikawa","ATR1","TRFU","Listrus_sp._1",1,50,NA
2022,3,9,"12_44","4_05","Focal_Only","Aikawa","ATR1","TRFU","Listrus_sp._1",1,50,NA
2022,3,9,"12_44","4_05","Focal_Only","Aikawa","ATR1","TRFU","Listrus_sp._1",1,50,NA
2022,3,9,"12_44","4_05","Focal_Only","Aikawa","ATR1","TRFU","Listrus_sp._1",1,50,NA
2022,3,9,"12_44","4_05","Focal_Only","Aikawa","ATR1","TRFU","Listrus_sp._1",1,50,NA
2022,3,9,"12_44","4_05","Focal_Only","Aikawa","ATR1","TRFU","Bombus_vosnesenskii",1,NA,NA
2022,3,9,"12_44","4_05","Focal_Only","Aikawa","ATR1","TRFU","Listrus_sp._1",1,50,NA
2022,3,23,"12_40","1_04","VV_2","Aikawa","ATR1","VIVI","Habropoda_trissema",2,0,NA
2022,3,23,"1_05","1_18","VV_1","Aikawa","ATR1","TRFU","Listrus_sp._1",1,50,NA
2022,3,26,"10_54","11_27","5","Aikawa","ATR1","TRFU","Bombus_vosnesenskii",3,30,NA
2022,3,26,"10_54","11_27","5","Aikawa","ATR1","PLER","Junonia_grisea",1,50,NA
2022,3,26,"10_54","11_27","5","Aikawa","ATR1","TRFU","Apis_mellifera",4,50,NA
2022,3,26,"10_54","11_27","5","Aikawa","ATR1","ANFI","Junonia_grisea",1,50,NA
2022,3,26,"10_54","11_27","5","Aikawa","ATR1","LACA","Euopeodes_fumipennis",1,50,NA
2022,3,26,"10_54","11_27","5","Aikawa","ATR1","LACA","Andrena_sp.",1,50,NA
2022,3,26,"10_54","11_27","5","Aikawa","ATR1","LACA","Andrena_subchalybea",2,50,NA
2022,3,26,"10_54","11_27","5","Aikawa","ATR1","LACA","Andrena_pensilis",2,50,NA
2022,3,26,"10_54","11_27","5","Aikawa","ATR1","VIVI","Anthophora_californica",9,0,NA
2022,3,26,"10_54","11_27","5","Aikawa","ATR1","VIVI","Anthophora_californica",1,0,NA
2022,3,26,"10_54","11_27","5","Aikawa","ATR1","VIVI","Anthophora_californica",4,0,NA
2022,3,26,"10_54","11_27","5","Aikawa","ATR1","VIVI","Anthophora_californica",1,0,NA
2022,3,26,"10_54","11_27","5","Aikawa","ATR1","TRFU","Bombus_vosnesenskii",2,5,NA
2022,3,26,"10_54","11_27","5","Aikawa","ATR1","ANFI","Junonia_grisea",1,NA,NA
2022,4,1,"2_01","2_12","4","Aikawa","ATR1","LACA","Braconidae",1,60,NA
2022,4,1,"2_01","2_12","4","Aikawa","ATR1","LACA","Andrena_subchalybea",1,60,NA
2022,4,1,"2_01","2_12","4","Aikawa","ATR1","LACA","Andrena_subchalybea",1,60,NA
2022,4,1,"2_14","2_38","5","Aikawa","ATR1","LACA","Andrena_subchalybea",1,50,NA
2022,4,1,"2_14","2_38","5","Aikawa","ATR1","TRFU","Apis_mellifera",2,50,NA
2022,4,1,"2_14","2_38","5","Aikawa","ATR1","TRFU","Adela_trigrapha",1,50,NA
2022,4,1,"2_14","2_38","5","Aikawa","ATR1","TRFU","Apis_mellifera",3,50,NA
2022,4,1,"2_14","2_38","5","Aikawa","ATR1","TRFU","Apis_mellifera",3,50,NA
2022,4,1,"2_14","2_38","5","Aikawa","ATR1","TRFU","Apis_mellifera",2,50,NA
2022,4,1,"2_14","2_38","5","Aikawa","ATR1","DICA","Bombylius_major",1,50,NA
2022,4,1,"2_14","2_38","5","Aikawa","ATR1","TRFU","Apis_mellifera",3,15,NA
2022,4,1,"2_14","2_38","5","Aikawa","ATR1","TRFU","Junonia_grisea",1,10,NA
2022,4,1,"2_14","2_38","5","Aikawa","ATR1","TRFU","Apis_mellifera",1,10,NA
2022,4,1,"2_14","2_38","5","Aikawa","ATR1","TRFU","Apis_mellifera",3,10,NA
2022,4,1,"2_14","2_38","5","Aikawa","ATR1","TRFU","Apis_mellifera",1,5,NA
2022,4,1,"2_14","2_38","5","Aikawa","ATR1","VIVI","Colias_eurytheme",1,0,NA
2022,4,1,"2_14","2_38","5","Aikawa","ATR1","LACA","Listrus_sp._1",1,0,NA
2022,4,1,"2_14","2_38","5","Aikawa","ATR1","VIVI","Prosperpinus_clarkiae",6,0,NA
2022,4,1,"2_14","2_38","5","Aikawa","ATR1","VIVI","Apis_mellifera",4,0,NA
2022,4,1,"2_14","2_38","5","Aikawa","ATR1","TRFU","Diadasia_nigrifrons",2,1,NA
2022,4,3,"3_28","3_28","4","Aikawa","ATR1","TRFU","Bombus_californicus",2,60,NA
2022,4,3,"3_26","3_28","4","Aikawa","ATR1","LACA","Andrena_dissona",1,NA,NA
2022,4,3,"3_26","3_28","4","Aikawa","ATR1","TRFU","Bombus_vosnesenskii",2,60,NA
2022,4,3,"3_26","3_28","4","Aikawa","ATR1","ACBR","Junonia_grisea",1,NA,NA
2022,4,7,"11_45","11_59","4","Aikawa","ATR1","TRFU","Apis_mellifera",1,60,NA
2022,4,7,"11_45","11_59","4","Aikawa","ATR1","TRFU","Andrena_pensilis",1,60,NA
2022,4,7,"11_45","11_59","4","Aikawa","ATR1","TRFU","Osmia_cara",1,50,NA
2022,4,7,"11_45","11_59","4","Aikawa","ATR1","LACA","Andrena_sp.",1,NA,NA
2022,4,7,"11_45","11_59","4","Aikawa","ATR1","LACA","Listrus_sp._1",1,NA,NA
2022,4,7,"11_45","11_59","4","Aikawa","ATR1","LACA","Listrus_sp._1",1,50,NA
2022,4,7,"11_45","11_59","4","Aikawa","ATR1","TRFU","Apis_mellifera",1,50,NA
2022,4,7,"11_59","12_26","5","Aikawa","ATR1","TRFU","Apis_mellifera",2,50,NA
2022,4,7,"11_59","12_26","5","Aikawa","ATR1","TRFU","Bombylius_major",1,50,NA
2022,4,7,"11_59","12_26","5","Aikawa","ATR1","TRFU","Apis_mellifera",1,50,NA
2022,4,7,"11_59","12_26","5","Aikawa","ATR1","TRFU","Apis_mellifera",1,50,NA
2022,4,7,"11_59","12_26","5","Aikawa","ATR1","TRFU","Bombus_vosnesenskii",3,10,NA
2022,4,7,"11_59","12_26","5","Aikawa","ATR1","TRFU","Apis_mellifera",1,5,NA
2022,4,7,"11_59","12_26","5","Aikawa","ATR1","TRFU","Apis_mellifera",4,5,NA
2022,4,7,"11_59","12_26","5","Aikawa","ATR1","TRFU","Apis_mellifera",1,5,NA
2022,4,7,"11_59","12_26","5","Aikawa","ATR1","TRFU","Apis_mellifera",4,5,NA
2022,4,7,"11_59","12_26","5","Aikawa","ATR1","TRFU","Apis_mellifera",2,5,NA
2022,4,7,"11_59","12_26","5","Aikawa","ATR1","TRFU","Bombus_vosnesenskii",1,5,NA
2022,4,7,"11_59","12_26","5","Aikawa","ATR1","TRFU","Apis_mellifera",2,5,NA
2022,4,7,"11_59","12_26","5","Aikawa","ATR1","TRFU","Apis_mellifera",2,5,NA
2022,4,7,"11_59","12_26","5","Aikawa","ATR1","TRFU","Apis_mellifera",2,5,NA
2022,4,7,"11_59","12_26","5","Aikawa","ATR1","TRFU","Apis_mellifera",4,5,NA
2022,4,7,"11_59","12_26","5","Aikawa","ATR1","VIVI","Bombus_vosnesenskii",2,0,NA
2022,4,7,"11_59","12_26","5","Aikawa","ATR1","VIVI","Apis_mellifera",1,0,NA
2022,4,7,"11_59","12_26","5","Aikawa","ATR1","VIVI","Apis_mellifera",1,0,NA
2022,4,7,"11_59","12_26","5","Aikawa","ATR1","VIVI","Apis_mellifera",1,0,NA
2022,4,7,"11_59","12_26","5","Aikawa","ATR1","TRFU","Bombus_vosnesenskii",1,0,NA
2022,4,7,"11_59","12_26","5","Aikawa","ATR1","VIVI","Apis_mellifera",2,0,NA
2022,4,7,"11_59","12_26","5","Aikawa","ATR1","TRFU","Eucera_actuosa",1,0,NA
2022,4,7,"11_59","12_26","5","Aikawa","ATR1","VIVI","Apis_mellifera",1,0,NA
2022,4,7,"11_59","12_26","5","Aikawa","ATR1","VIVI","Bombus_vosnesenskii",1,0,NA
2022,4,7,"11_59","12_26","5","Aikawa","ATR1","VIVI","Osmia_cara",1,0,NA
2022,4,7,"11_59","12_26","5","Aikawa","ATR1","VIVI","Bombus_melanopygus",1,0,NA
2022,4,7,"11_59","12_26","5","Aikawa","ATR1","VIVI","Apis_mellifera",3,0,NA
2022,4,7,"11_59","12_26","5","Aikawa","ATR1","TRFU","Bombus_vosnesenskii",1,0,NA
2022,4,7,"11_59","12_26","5","Aikawa","ATR1","VIVI","Bombus_vosnesenskii",1,0,NA
2022,4,7,"11_59","12_26","5","Aikawa","ATR1","TRFU","Bombus_vosnesenskii",2,0,NA
2022,4,7,"11_59","12_26","5","Aikawa","ATR1","VIVI","silver_moth_Lepidoptera",1,0,NA
2022,4,7,"11_59","12_26","5","Aikawa","ATR1","RACA","Listrus_sp._1",1,0,NA
2022,4,7,"11_59","12_26","5","Aikawa","ATR1","VIVI","Osmia_cara",2,0,NA
2022,4,7,"11_59","12_26","5","Aikawa","ATR1","VIVI","Apis_mellifera",1,0,NA
2022,4,7,"11_59","12_26","5","Aikawa","ATR1","VIVI","Bombus_melanopygus",1,0,NA
2022,4,7,"11_59","12_26","5","Aikawa","ATR1","VIVI","Eucera_actuosa",2,0,NA
2022,4,7,"11_59","12_26","5","Aikawa","ATR1","TRFU","Apis_mellifera",2,1,NA
2022,4,7,"11_59","12_26","5","Aikawa","ATR1","TRFU","Adela_eldorada",1,5,NA
2022,4,7,"11_59","12_26","5","Aikawa","ATR1","TRFU","Adela_eldorada",1,10,NA
2022,3,9,"12_44","4_05","Focal_Only","Aikawa","ATR2","TRFU","Listrus_sp._1",1,1,NA
2022,3,9,"12_44","4_05","Focal_Only","Aikawa","ATR2","TRFU","Listrus_sp._1",1,1,NA
2022,3,9,"12_44","4_05","Focal_Only","Aikawa","ATR2","TRFU","Euopeodes_fumipennis",1,1,NA
2022,3,9,"12_44","4_05","Focal_Only","Aikawa","ATR2","TRFU","Listrus_sp._1",1,1,NA
2022,3,9,"12_44","4_05","Focal_Only","Aikawa","ATR2","TRFU","Listrus_sp._1",1,1,NA
2022,3,9,"12_44","4_05","Focal_Only","Aikawa","ATR2","TRFU","Listrus_sp._1",1,1,NA
2022,3,9,"12_44","4_05","Focal_Only","Aikawa","ATR2","TRFU","Listrus_sp._1",1,1,NA
2022,3,9,"12_44","4_05","Focal_Only","Aikawa","ATR2","AMME","Listrus_sp._1",NA,NA,NA
2022,3,9,"12_44","4_05","Focal_Only","Aikawa","ATR2","ESCA","Listrus_sp._1",NA,NA,NA
2022,3,9,"12_44","4_05","Focal_Only","Aikawa","ATR2","TRFU","Listrus_sp._1",1,1,NA
2022,3,9,"12_44","4_05","Focal_Only","Aikawa","ATR2","TRFU","Listrus_sp._1",1,1,NA
2022,3,9,"12_44","4_05","Focal_Only","Aikawa","ATR2","TRFU","Listrus_sp._1",1,1,NA
2022,3,9,"12_44","4_05","Focal_Only","Aikawa","ATR2","TRFU","Listrus_sp._1",1,10,NA
2022,3,9,"12_44","4_05","Focal_Only","Aikawa","ATR2","TRFU","silver_moth_Lepidoptera",2,50,NA
2022,3,9,"12_44","4_05","Focal_Only","Aikawa","ATR2","TRFU","Listrus_sp._1",1,10,NA
2022,3,9,"12_44","4_05","Focal_Only","Aikawa","ATR2","TRFU","Apis_mellifera",1,50,NA
2022,3,9,"12_44","4_05","Focal_Only","Aikawa","ATR2","TRFU","Listrus_sp._1",1,50,NA
2022,3,9,"12_44","4_05","Focal_Only","Aikawa","ATR2","TRFU","silver_moth_Lepidoptera",1,50,NA
2022,3,23,"11_09","11_28","VV_3","Aikawa","ATR2","TRFU","Listrus_sp._1",1,0,NA
2022,3,23,"11_09","11_28","VV_3","Aikawa","ATR2","TRFU","Bombus_vosnesenskii",4,5,NA
2022,3,23,"11_09","11_28","VV_3","Aikawa","ATR2","TRFU","Apis_mellifera",7,5,NA
2022,3,23,"11_09","11_28","VV_3","Aikawa","ATR2","TRFU","Junonia_grisea",1,10,NA
2022,3,23,"11_09","11_28","VV_3","Aikawa","ATR2","TRFU","Apis_mellifera",3,50,NA
2022,3,23,"11_30","11_50","VV_4","Aikawa","ATR2","TRFU","Scaeva_affinis",3,0,NA
2022,3,23,"11_30","11_50","VV_4","Aikawa","ATR2","TRFU","Apis_mellifera",3,1,NA
2022,3,23,"11_30","11_50","VV_4","Aikawa","ATR2","TRFU","Apis_mellifera",1,1,NA
2022,3,23,"11_30","11_50","VV_4","Aikawa","ATR2","TRFU","Apis_mellifera",1,1,NA
2022,3,23,"11_30","11_50","VV_4","Aikawa","ATR2","TRFU","Apis_mellifera",1,1,NA
2022,3,23,"11_30","11_50","VV_4","Aikawa","ATR2","TRFU","Apis_mellifera",1,5,NA
2022,3,23,"11_30","11_50","VV_4","Aikawa","ATR2","TRFU","Apis_mellifera",2,5,NA
2022,3,23,"11_30","11_50","VV_4","Aikawa","ATR2","TRFU","Apis_mellifera",2,5,NA
2022,3,23,"11_30","11_50","VV_4","Aikawa","ATR2","TRFU","Eucera_frater_albopilosa",2,10,NA
2022,3,23,"11_30","11_50","VV_4","Aikawa","ATR2","TRFU","Apis_mellifera",1,10,NA
2022,3,23,"11_30","11_50","VV_4","Aikawa","ATR2","TRFU","Apis_mellifera",1,10,NA
2022,3,23,"11_30","11_50","VV_4","Aikawa","ATR2","ESCA","Listrus_sp._1",1,1,NA
2022,3,23,"11_58","12_03","Sun_8","Aikawa","ATR2","TRFU","Listrus_sp._1",1,1,NA
2022,3,23,"11_58","12_03","Sun_8","Aikawa","ATR2","TRFU","Listrus_sp._1",1,1,NA
2022,3,26,"9_08","10_04","1","Aikawa","ATR2","TRFU","Heliolonche_modiella",2,10,NA
2022,3,26,"9_08","10_04","1","Aikawa","ATR2","TRFU","Apis_mellifera",9,10,NA
2022,3,26,"9_08","10_04","1","Aikawa","ATR2","AGHE","Heliolonche_modiella",1,10,NA
2022,3,26,"9_08","10_04","1","Aikawa","ATR2","AMME","Eucera_frater_albopilosa",10,10,NA
2022,3,26,"9_08","10_04","1","Aikawa","ATR2","AGHE","Heliolonche_modiella",2,50,NA
2022,3,26,"9_08","10_04","1","Aikawa","ATR2","AGHE","Heliolonche_modiella",1,50,NA
2022,3,26,"9_08","10_04","1","Aikawa","ATR2","TRFU","Heliolonche_modiella",1,50,NA
2022,3,26,"9_08","10_04","1","Aikawa","ATR2","TRFU","Scaeva_affinis",1,50,NA
2022,3,26,"9_08","10_04","1","Aikawa","ATR2","AGHE","Heliolonche_modiella",1,50,NA
2022,3,26,"9_08","10_04","1","Aikawa","ATR2","AGHE","Heliolonche_modiella",1,50,NA
2022,3,26,"9_08","10_04","1","Aikawa","ATR2","AGHE","Heliolonche_modiella",1,50,NA
2022,3,26,"9_08","10_04","1","Aikawa","ATR2","AMME","Bombylius_major",3,50,NA
2022,3,26,"9_08","10_04","1","Aikawa","ATR2","AMME","Scaeva_affinis",1,70,NA
2022,3,26,"9_08","10_04","1","Aikawa","ATR2","TRFU","Scaeva_affinis",2,70,NA
2022,3,26,"9_08","10_04","1","Aikawa","ATR2","TRFU","Apis_mellifera",4,70,NA
2022,3,26,"9_08","10_04","1","Aikawa","ATR2","AGHE","Scaeva_affinis",1,100,NA
2022,3,26,"9_08","10_04","1","Aikawa","ATR2","TRFU","Muscidae",2,10,NA
2022,3,26,"9_08","10_04","1","Aikawa","ATR2","AGHE","Heliolonche_modiella",1,10,NA
2022,3,26,"9_08","10_04","1","Aikawa","ATR2","TRFU","Apis_mellifera",2,10,NA
2022,3,26,"9_08","10_04","1","Aikawa","ATR2","AGHE","Heliolonche_modiella",1,10,NA
2022,3,26,"9_08","10_04","1","Aikawa","ATR2","TRFU","Scaeva_affinis",2,5,NA
2022,3,26,"9_08","10_04","1","Aikawa","ATR2","AGHE","Scaeva_affinis",1,5,NA
2022,3,26,"9_08","10_04","1","Aikawa","ATR2","AGHE","Heliolonche_modiella",1,5,NA
2022,3,26,"9_08","10_04","1","Aikawa","ATR2","AGHE","Heliolonche_modiella",1,5,NA
2022,3,26,"9_08","10_04","1","Aikawa","ATR2","AGHE","Heliolonche_modiella",1,5,NA
2022,3,26,"9_08","10_04","1","Aikawa","ATR2","TRFU","Apis_mellifera",3,5,NA
2022,3,26,"9_08","10_04","1","Aikawa","ATR2","AGHE","Scaeva_affinis",1,5,NA
2022,3,26,"9_08","10_04","1","Aikawa","ATR2","AGHE","Heliolonche_modiella",1,5,NA
2022,3,26,"9_08","10_04","1","Aikawa","ATR2","TRFU","Heliolonche_modiella",2,5,NA
2022,3,26,"9_08","10_04","1","Aikawa","ATR2","TRFU","Apis_mellifera",1,5,NA
2022,3,26,"9_08","10_04","1","Aikawa","ATR2","TRFU","Apis_mellifera",1,5,NA
2022,3,26,"9_08","10_04","1","Aikawa","ATR2","TRFU","Apis_mellifera",1,5,NA
2022,3,26,"9_08","10_04","1","Aikawa","ATR2","TRFU","Apis_mellifera",1,5,NA
2022,3,26,"9_08","10_04","1","Aikawa","ATR2","TRFU","Apis_mellifera",2,5,NA
2022,3,26,"9_08","10_04","1","Aikawa","ATR2","TRFU","Heliolonche_modiella",1,5,NA
2022,3,26,"9_08","10_04","1","Aikawa","ATR2","AGHE","Euopeodes_fumipennis",1,5,NA
2022,3,26,"9_08","10_04","1","Aikawa","ATR2","AGHE","Heliolonche_modiella",1,5,NA
2022,3,26,"9_08","10_04","1","Aikawa","ATR2","TRFU","Apis_mellifera",1,5,NA
2022,3,26,"9_08","10_04","1","Aikawa","ATR2","TRFU","Apis_mellifera",1,5,NA
2022,3,26,"9_08","10_04","1","Aikawa","ATR2","AGHE","Scaeva_affinis",1,5,NA
2022,3,26,"9_08","10_04","1","Aikawa","ATR2","TRFU","Apis_mellifera",3,1,NA
2022,3,26,"9_08","10_04","1","Aikawa","ATR2","TRFU","Apis_mellifera",2,1,NA
2022,3,26,"9_08","10_04","1","Aikawa","ATR2","TRFU","Apis_mellifera",1,1,NA
2022,3,26,"9_08","10_04","1","Aikawa","ATR2","TRFU","Apis_mellifera",1,1,NA
2022,3,26,"9_08","10_04","1","Aikawa","ATR2","VIVI","Eucera_frater_albopilosa",2,0,NA
2022,3,26,"9_08","10_04","1","Aikawa","ATR2","AGHE","Cylindromyia sp.",1,1,NA
2022,3,26,"9_08","10_04","1","Aikawa","ATR2","TRFU","Apis_mellifera",1,50,NA
2022,3,26,"9_08","10_04","1","Aikawa","ATR2","TRFU","Apis_mellifera",2,50,NA
2022,3,26,"9_08","10_04","1","Aikawa","ATR2","LUSU","Hippodamia_convergens",2,0,NA
2022,3,26,"9_08","10_04","1","Aikawa","ATR2","LUSU","Hippodamia_convergens",2,0,NA
2022,3,26,"9_08","10_04","1","Aikawa","ATR2","VIVI","Bombus_melanopygus",1,0,NA
2022,3,26,"9_08","10_04","1","Aikawa","ATR2","VIVI","Glaucophysche_lygdamus",1,0,NA
2022,3,26,"9_08","10_04","1","Aikawa","ATR2","TRFU","Apis_mellifera",1,0,NA
2022,3,26,"9_08","10_04","1","Aikawa","ATR2","TRFU","Apis_mellifera",2,0,NA
2022,3,26,"9_08","10_04","1","Aikawa","ATR2","TRFU","Scaeva_affinis",1,0,NA
2022,3,26,"9_08","10_04","1","Aikawa","ATR2","ERCI","Scaeva_affinis",1,0,NA
2022,3,26,"9_08","10_04","1","Aikawa","ATR2","TRFU","Apis_mellifera",1,0,NA
2022,3,26,"9_08","10_04","1","Aikawa","ATR2","URLI","Heliolonche_modiella",1,0,NA
2022,3,26,"9_08","10_04","1","Aikawa","ATR2","TRFU","Apis_mellifera",3,1,NA
2022,3,26,"9_08","10_04","1","Aikawa","ATR2","RACA","Heliolonche_modiella",1,2,NA
2022,3,26,"9_08","10_04","1","Aikawa","ATR2","TRFU","Apis_mellifera",1,10,NA
2022,3,26,"10_04","10_28","2","Aikawa","ATR2","TRFU","Eucera_frater_albopilosa",2,5,NA
2022,3,26,"10_04","10_28","2","Aikawa","ATR2","TRFU","Bombus_melanopygus",7,5,NA
2022,3,26,"10_04","10_28","2","Aikawa","ATR2","TRFU","Apis_mellifera",5,5,NA
2022,3,26,"10_04","10_28","2","Aikawa","ATR2","TRFU","Apis_mellifera",2,5,NA
2022,3,26,"10_04","10_28","2","Aikawa","ATR2","TRFU","Apis_mellifera",1,5,NA
2022,3,26,"10_04","10_28","2","Aikawa","ATR2","TRFU","Bombus_sp.",1,10,NA
2022,3,26,"10_04","10_28","2","Aikawa","ATR2","TRFU","Apis_mellifera",1,20,NA
2022,3,26,"10_04","10_28","2","Aikawa","ATR2","TRFU","Apis_mellifera",3,20,NA
2022,3,26,"10_04","10_28","2","Aikawa","ATR2","TRFU","Bombus_melanopygus",3,50,NA
2022,3,26,"10_04","10_28","2","Aikawa","ATR2","LUBI","Hippodamia_convergens",1,50,NA
2022,3,26,"10_04","10_28","2","Aikawa","ATR2","AGHE","Heliolonche_modiella",1,50,NA
2022,3,26,"10_04","10_28","2","Aikawa","ATR2","TRFU","Bombus_melanopygus",1,50,NA
2022,3,26,"10_04","10_28","2","Aikawa","ATR2","TRFU","Apis_mellifera",1,50,NA
2022,3,26,"10_04","10_28","2","Aikawa","ATR2","LACA","Heliolonche_modiella",1,50,NA
2022,3,26,"10_04","10_28","2","Aikawa","ATR2","TRFU","Apis_mellifera",4,50,NA
2022,3,26,"10_04","10_28","2","Aikawa","ATR2","TRFU","Osmia_cara",3,50,NA
2022,3,26,"10_04","10_28","2","Aikawa","ATR2","TRFU","Muscidae",1,50,NA
2022,3,26,"10_04","10_28","2","Aikawa","ATR2","RACA","Heliolonche_modiella",2,50,NA
2022,3,26,"10_04","10_28","2","Aikawa","ATR2","RACA","Andrena_sp.",2,50,NA
2022,3,26,"10_41","10_53","4","Aikawa","ATR2","TRFU","Apis_mellifera",2,60,NA
2022,3,26,"10_41","10_53","4","Aikawa","ATR2","TRFU","Apis_mellifera",3,60,NA
2022,4,1,"12_51","1_27","1","Aikawa","ATR2","TRFU","Apis_mellifera",1,10,NA
2022,4,1,"12_51","1_27","1","Aikawa","ATR2","TRFU","Apis_mellifera",1,10,NA
2022,4,1,"12_51","1_27","1","Aikawa","ATR2","TRFU","Apis_mellifera",2,10,NA
2022,4,1,"12_51","1_27","1","Aikawa","ATR2","TRFU","Apis_mellifera",1,10,NA
2022,4,1,"12_51","1_27","1","Aikawa","ATR2","TRFU","Bombylius_major",1,10,NA
2022,4,1,"12_51","1_27","1","Aikawa","ATR2","TRFU","Apis_mellifera",5,15,NA
2022,4,1,"12_51","1_27","1","Aikawa","ATR2","TRFU","Apis_mellifera",1,30,NA
2022,4,1,"12_51","1_27","1","Aikawa","ATR2","TRFU","Apis_mellifera",1,30,NA
2022,4,1,"12_51","1_27","1","Aikawa","ATR2","TRFU","Osmia_cara",1,30,NA
2022,4,1,"12_51","1_27","1","Aikawa","ATR2","TRFU","Apis_mellifera",1,30,NA
2022,4,1,"12_51","1_27","1","Aikawa","ATR2","TRFU","Apis_mellifera",1,40,NA
2022,4,1,"12_51","1_27","1","Aikawa","ATR2","TRFU","Apis_mellifera",1,50,NA
2022,4,1,"12_51","1_27","1","Aikawa","ATR2","TRFU","Apis_mellifera",1,50,NA
2022,4,1,"12_51","1_27","1","Aikawa","ATR2","TRFU","Apis_mellifera",2,50,NA
2022,4,1,"12_51","1_27","1","Aikawa","ATR2","TRFU","Apis_mellifera",2,50,NA
2022,4,1,"12_51","1_27","1","Aikawa","ATR2","TRFU","Apis_mellifera",3,50,NA
2022,4,1,"12_51","1_27","1","Aikawa","ATR2","TRFU","Apis_mellifera",3,50,NA
2022,4,1,"12_51","1_27","1","Aikawa","ATR2","TRFU","Apis_mellifera",2,50,NA
2022,4,1,"12_51","1_27","1","Aikawa","ATR2","TRFU","Apis_mellifera",1,50,NA
2022,4,1,"12_51","1_27","1","Aikawa","ATR2","TRFU","Apis_mellifera",1,50,NA
2022,4,1,"12_51","1_27","1","Aikawa","ATR2","TRFU","Apis_mellifera",2,50,NA
2022,4,1,"12_51","1_27","1","Aikawa","ATR2","TRFU","Apis_mellifera",2,50,NA
2022,4,1,"12_51","1_27","1","Aikawa","ATR2","TRFU","Apis_mellifera",1,50,NA
2022,4,1,"12_51","1_27","1","Aikawa","ATR2","TRFU","Eucera_actuosa",1,50,NA
2022,4,1,"12_51","1_27","1","Aikawa","ATR2","TRFU","Apis_mellifera",4,50,NA
2022,4,1,"12_51","1_27","1","Aikawa","ATR2","TRFU","small_gray_black_moth_Lepidoptera",1,50,NA
2022,4,1,"12_51","1_27","1","Aikawa","ATR2","TRFU","Apis_mellifera",1,50,NA
2022,4,1,"12_51","1_27","1","Aikawa","ATR2","TRFU","Apis_mellifera",1,50,NA
2022,4,1,"12_51","1_27","1","Aikawa","ATR2","TRFU","Eucera_actuosa",3,55,NA
2022,4,1,"12_51","1_27","1","Aikawa","ATR2","TRFU","Apis_mellifera",1,55,NA
2022,4,1,"12_51","1_27","1","Aikawa","ATR2","TRFU","Apis_mellifera",2,55,NA
2022,4,1,"12_51","1_27","1","Aikawa","ATR2","TRFU","Apis_mellifera",1,55,NA
2022,4,1,"12_51","1_27","1","Aikawa","ATR2","TRFU","Apis_mellifera",2,55,NA
2022,4,1,"12_51","1_27","1","Aikawa","ATR2","TRFU","Apis_mellifera",2,55,NA
2022,4,1,"12_51","1_27","1","Aikawa","ATR2","TRFU","Apis_mellifera",2,50,NA
2022,4,1,"12_51","1_27","1","Aikawa","ATR2","ERGU","Elateridae",1,50,NA
2022,4,1,"12_51","1_27","1","Aikawa","ATR2","TRFU","Apis_mellifera",1,10,NA
2022,4,1,"12_51","1_27","1","Aikawa","ATR2","TRFU","Apis_mellifera",1,10,NA
2022,4,1,"12_51","1_27","1","Aikawa","ATR2","TRFU","Apis_mellifera",2,10,NA
2022,4,1,"12_51","1_27","1","Aikawa","ATR2","TRFU","Apis_mellifera",1,10,NA
2022,4,1,"12_51","1_27","1","Aikawa","ATR2","TRFU","Apis_mellifera",2,5,NA
2022,4,1,"12_51","1_27","1","Aikawa","ATR2","TRFU","Apis_mellifera",1,5,NA
2022,4,1,"12_51","1_27","1","Aikawa","ATR2","TRFU","Apis_mellifera",1,5,NA
2022,4,1,"12_51","1_27","1","Aikawa","ATR2","ESCA","Bombylius_major",1,5,NA
2022,4,1,"12_51","1_27","1","Aikawa","ATR2","TRFU","Bombylius_major",NA,5,NA
2022,4,1,"12_51","1_27","1","Aikawa","ATR2","TRFU","Apis_mellifera",2,5,NA
2022,4,1,"12_51","1_27","1","Aikawa","ATR2","TRFU","Apis_mellifera",2,5,NA
2022,4,1,"12_51","1_27","1","Aikawa","ATR2","TRFU","Apis_mellifera",2,5,NA
2022,4,1,"12_51","1_27","1","Aikawa","ATR2","TRFU","Apis_mellifera",2,5,NA
2022,4,1,"12_51","1_27","1","Aikawa","ATR2","TRFU","Apis_mellifera",1,1,NA
2022,4,1,"12_51","1_27","1","Aikawa","ATR2","TRFU","Apis_mellifera",1,5,NA
2022,4,1,"12_51","1_27","1","Aikawa","ATR2","TRFU","Apis_mellifera",2,1,NA
2022,4,1,"12_51","1_27","1","Aikawa","ATR2","TRFU","Apis_mellifera",1,0,NA
2022,4,1,"12_51","1_27","1","Aikawa","ATR2","TRFU","Apis_mellifera",1,0,NA
2022,4,1,"12_51","1_27","1","Aikawa","ATR2","TRFU","Apis_mellifera",1,1,NA
2022,4,1,"12_51","1_27","1","Aikawa","ATR2","TRFU","Apis_mellifera",1,0,NA
2022,4,1,"12_51","1_27","1","Aikawa","ATR2","TRFU","Apis_mellifera",1,0,NA
2022,4,1,"12_51","1_27","1","Aikawa","ATR2","TRFU","Apis_mellifera",1,0,NA
2022,4,1,"12_51","1_27","1","Aikawa","ATR2","TRFU","Apis_mellifera",2,0,NA
2022,4,1,"12_51","1_27","1","Aikawa","ATR2","TRFU","Apis_mellifera",2,0,NA
2022,4,1,"12_51","1_27","1","Aikawa","ATR2","TRFU","Apis_mellifera",1,0,NA
2022,4,1,"12_51","1_27","1","Aikawa","ATR2","TRFU","Apis_mellifera",2,0,NA
2022,4,1,"12_51","1_27","1","Aikawa","ATR2","TRFU","Adela_trigrapha",1,0,NA
2022,4,1,"12_51","1_27","1","Aikawa","ATR2","VIVI","Apis_mellifera",2,0,NA
2022,4,1,"12_51","1_27","1","Aikawa","ATR2","VIVI","Junonia_grisea",3,0,NA
2022,4,1,"12_51","1_27","1","Aikawa","ATR2","SIBE","Andrena_baeriae",1,0,NA
2022,4,1,"12_51","1_27","1","Aikawa","ATR2","SIBE","Euopeodes_fumipennis",1,0,NA
2022,4,1,"12_51","1_27","1","Aikawa","ATR2","VIVI","Anthophora_californica",3,0,NA
2022,4,1,"12_51","1_27","1","Aikawa","ATR2","VIVI","Bombus_vosnesenskii",1,0,NA
2022,4,1,"12_51","1_27","1","Aikawa","ATR2","TRFU","Apis_mellifera",4,0,NA
2022,4,1,"12_51","1_27","1","Aikawa","ATR2","TRFU","Apis_mellifera",2,0,NA
2022,4,1,"1_27","1_53","2","Aikawa","ATR2","TRFU","Apis_mellifera",1,5,NA
2022,4,1,"1_27","1_53","2","Aikawa","ATR2","TRFU","Bombus_vosnesenskii",8,5,NA
2022,4,1,"1_27","1_53","2","Aikawa","ATR2","TRFU","Apis_mellifera",1,5,NA
2022,4,1,"1_27","1_53","2","Aikawa","ATR2","TRFU","Apis_mellifera",2,5,NA
2022,4,1,"1_27","1_53","2","Aikawa","ATR2","TRFU","Apis_mellifera",1,5,NA
2022,4,1,"1_27","1_53","2","Aikawa","ATR2","TRFU","Apis_mellifera",1,5,NA
2022,4,1,"1_27","1_53","2","Aikawa","ATR2","TRFU","Apis_mellifera",1,5,NA
2022,4,1,"1_27","1_53","2","Aikawa","ATR2","TRFU","Apis_mellifera",1,8,NA
2022,4,1,"1_27","1_53","2","Aikawa","ATR2","TRFU","Apis_mellifera",1,8,NA
2022,4,1,"1_27","1_53","2","Aikawa","ATR2","TRFU","Apis_mellifera",1,8,NA
2022,4,1,"1_27","1_53","2","Aikawa","ATR2","EUSP","Andrena_dissona",4,10,NA
2022,4,1,"1_27","1_53","2","Aikawa","ATR2","TRFU","Apis_mellifera",2,10,NA
2022,4,1,"1_27","1_53","2","Aikawa","ATR2","TRFU","Apis_mellifera",2,10,NA
2022,4,1,"1_27","1_53","2","Aikawa","ATR2","TRFU","Apis_mellifera",1,10,NA
2022,4,1,"1_27","1_53","2","Aikawa","ATR2","DICA","Bombylius_major",1,50,NA
2022,4,1,"1_27","1_53","2","Aikawa","ATR2","TRFU","Apis_mellifera",2,50,NA
2022,4,1,"1_27","1_53","2","Aikawa","ATR2","TRFU","Apis_mellifera",2,50,NA
2022,4,1,"1_27","1_53","2","Aikawa","ATR2","TRFU","Heliolonche_modiella",2,50,NA
2022,4,1,"1_27","1_53","2","Aikawa","ATR2","ERGU","Osmia_cara",1,50,NA
2022,4,1,"1_27","1_53","2","Aikawa","ATR2","TRFU","Bombus_vosnesenskii",1,60,NA
2022,4,1,"1_27","1_53","2","Aikawa","ATR2","TRFU","Apis_mellifera",1,50,NA
2022,4,1,"1_27","1_53","2","Aikawa","ATR2","TRFU","Apis_mellifera",4,50,NA
2022,4,1,"1_27","1_53","2","Aikawa","ATR2","TRFU","Apis_mellifera",1,50,NA
2022,4,1,"1_27","1_53","2","Aikawa","ATR2","TRFU","Apis_mellifera",1,50,NA
2022,4,1,"1_27","1_53","2","Aikawa","ATR2","LACA","Heliolonche_modiella",1,50,NA
2022,4,1,"1_27","1_53","2","Aikawa","ATR2","LACA","Listrus_sp._1",1,50,NA
2022,4,1,"1_27","1_53","2","Aikawa","ATR2","LACA","Listrus_sp._1",1,50,NA
2022,4,1,"1_27","1_53","2","Aikawa","ATR2","LACA","Andrena_sp.",1,50,NA
2022,4,1,"1_27","1_53","2","Aikawa","ATR2","LACA","Braconidae",1,50,NA
2022,4,1,"1_27","1_53","2","Aikawa","ATR2","TRFU","Apis_mellifera",4,50,NA
2022,4,1,"1_27","1_53","2","Aikawa","ATR2","TRFU","Apis_mellifera",1,50,NA
2022,4,1,"1_27","1_53","2","Aikawa","ATR2","TRFU","Apis_mellifera",2,50,NA
2022,4,1,"1_27","1_53","2","Aikawa","ATR2","RACA","Andrena_sp.",1,50,NA
2022,4,1,"1_55","2_01","3","Aikawa","ATR2","LACA","Listrus_sp._1",1,100,NA
2022,4,1,"1_55","2_01","3","Aikawa","ATR2","TRFU","Apis_mellifera",3,100,NA
2022,4,1,"1_55","2_01","3","Aikawa","ATR2","LACA","Braconidae",1,100,NA
2022,4,1,"1_55","2_01","3","Aikawa","ATR2","LACA","Braconidae",1,100,NA
2022,4,1,"1_55","2_01","3","Aikawa","ATR2","Sidalcea_sp.","Elateridae",1,100,NA
2022,4,1,"1_55","2_01","3","Aikawa","ATR2","TRFU","Heliolonche_modiella",1,100,NA
2022,4,3,"2_39","3_12","1","Aikawa","ATR2","TRFU","Apis_mellifera",5,10,NA
2022,4,3,"2_39","3_12","1","Aikawa","ATR2","TRFU","Apis_mellifera",5,10,NA
2022,4,3,"2_39","3_12","1","Aikawa","ATR2","TRFU","Apis_mellifera",1,10,NA
2022,4,3,"2_39","3_12","1","Aikawa","ATR2","TRFU","Apis_mellifera",1,0,NA
2022,4,3,"2_39","3_12","1","Aikawa","ATR2","TRFU","Apis_mellifera",2,0,NA
2022,4,3,"2_39","3_12","1","Aikawa","ATR2","TRFU","Apis_mellifera",1,0,NA
2022,4,3,"2_39","3_12","1","Aikawa","ATR2","TRFU","Apis_mellifera",1,0,NA
2022,4,3,"2_39","3_12","1","Aikawa","ATR2","TRFU","Apis_mellifera",1,0,NA
2022,4,3,"2_39","3_12","1","Aikawa","ATR2","TRFU","Bombus_vosnesenskii",1,1,NA
2022,4,3,"2_39","3_12","1","Aikawa","ATR2","TRFU","Apis_mellifera",1,5,NA
2022,4,3,"2_39","3_12","1","Aikawa","ATR2","TRFU","Apis_mellifera",2,1,NA
2022,4,3,"2_39","3_12","1","Aikawa","ATR2","TRFU","Apis_mellifera",2,1,NA
2022,4,3,"2_39","3_12","1","Aikawa","ATR2","TRFU","Apis_mellifera",2,5,NA
2022,4,3,"2_39","3_12","1","Aikawa","ATR2","TRFU","Apis_mellifera",1,5,NA
2022,4,3,"2_39","3_12","1","Aikawa","ATR2","TRFU","Apis_mellifera",1,5,NA
2022,4,3,"2_39","3_12","1","Aikawa","ATR2","TRFU","Bombus_vosnesenskii",1,5,NA
2022,4,3,"2_39","3_12","1","Aikawa","ATR2","TRFU","Apis_mellifera",1,5,NA
2022,4,3,"2_39","3_12","1","Aikawa","ATR2","TRFU","Bombus_vosnesenskii",2,5,NA
2022,4,3,"2_39","3_12","1","Aikawa","ATR2","TRFU","Apis_mellifera",2,10,NA
2022,4,3,"2_39","3_12","1","Aikawa","ATR2","GICA","Bombylius_major",1,30,NA
2022,4,3,"2_39","3_12","1","Aikawa","ATR2","TRFU","Apis_mellifera",3,50,NA
2022,4,3,"2_39","3_12","1","Aikawa","ATR2","TRFU","Apis_mellifera",1,50,NA
2022,4,3,"2_39","3_12","1","Aikawa","ATR2","TRFU","Apis_mellifera",2,50,NA
2022,4,3,"2_39","3_12","1","Aikawa","ATR2","TRFU","Apis_mellifera",1,50,NA
2022,4,3,"2_39","3_12","1","Aikawa","ATR2","TRFU","Apis_mellifera",1,60,NA
2022,4,3,"2_39","3_12","1","Aikawa","ATR2","TRFU","Apis_mellifera",1,60,NA
2022,4,3,"2_39","3_12","1","Aikawa","ATR2","TRFU","Bombus_vosnesenskii",1,10,NA
2022,4,3,"2_39","3_12","1","Aikawa","ATR2","VIVI","Apis_mellifera",2,0,NA
2022,4,3,"2_39","3_12","1","Aikawa","ATR2","TRFU","Muscidae",1,0,NA
2022,4,3,"2_39","3_12","1","Aikawa","ATR2","VIVI","Apis_mellifera",2,0,NA
2022,4,3,"2_39","3_12","1","Aikawa","ATR2","TRFU","Apis_mellifera",4,1,NA
2022,4,3,"2_39","3_12","1","Aikawa","ATR2","TRFU","Apis_mellifera",1,0,NA
2022,4,3,"2_39","3_12","1","Aikawa","ATR2","TRFU","Bombus_vosnesenskii",1,5,NA
2022,4,3,"2_39","3_12","1","Aikawa","ATR2","TRFU","Apis_mellifera",1,5,NA
2022,4,3,"2_39","3_12","1","Aikawa","ATR2","TRFU","Bombus_vosnesenskii",4,5,NA
2022,4,3,"2_39","3_12","1","Aikawa","ATR2","TRFU","Apis_mellifera",2,10,NA
2022,4,3,"2_39","3_12","1","Aikawa","ATR2","TRFU","Apis_mellifera",1,10,NA
2022,4,3,"2_39","3_12","1","Aikawa","ATR2","TRFU","Apis_mellifera",1,10,NA
2022,4,3,"2_39","3_12","1","Aikawa","ATR2","TRFU","Apis_mellifera",1,5,NA
2022,4,3,"3_12","3_20","2","Aikawa","ATR2","TRFU","Bombus_vosnesenskii",2,50,NA
2022,4,3,"3_12","3_20","2","Aikawa","ATR2","TRFU","Bombus_vosnesenskii",1,50,NA
2022,4,3,"3_12","3_20","2","Aikawa","ATR2","TRFU","Apis_mellifera",1,10,NA
2022,4,3,"3_12","3_20","2","Aikawa","ATR2","TRFU","Apis_mellifera",1,50,NA
2022,4,3,"3_12","3_20","2","Aikawa","ATR2","TRFU","Apis_mellifera",1,50,NA
2022,4,3,"3_12","3_20","2","Aikawa","ATR2","TRFU","Apis_mellifera",2,50,NA
2022,4,3,"3_12","3_20","2","Aikawa","ATR2","RACA","Heliolonche_modiella",1,50,NA
2022,4,3,"3_22","3_26","3","Aikawa","ATR2","SIBE","Bombylius_major",1,100,NA
2022,4,3,"3_22","3_26","3","Aikawa","ATR2","TRFU","Apis_mellifera",1,100,NA
2022,4,3,"3_22","3_26","3","Aikawa","ATR2","TRFU","Bombus_melanopygus",2,200,NA
2022,4,7,"10_32","11_11","1","Aikawa","ATR2","TRFU","Apis_mellifera",4,10,NA
2022,4,7,"10_32","11_11","1","Aikawa","ATR2","TRFU","Apis_mellifera",6,10,NA
2022,4,7,"10_32","11_11","1","Aikawa","ATR2","TRFU","Apis_mellifera",7,5,NA
2022,4,7,"10_32","11_11","1","Aikawa","ATR2","TRFU","Adela_flammeusella",1,5,NA
2022,4,7,"10_32","11_11","1","Aikawa","ATR2","TRFU","Bombus_vosnesenskii",1,5,NA
2022,4,7,"10_32","11_11","1","Aikawa","ATR2","TRFU","brown_moth_Lepidoptera",2,5,NA
2022,4,7,"10_32","11_11","1","Aikawa","ATR2","TRFU","Apis_mellifera",2,1,NA
2022,4,7,"10_32","11_11","1","Aikawa","ATR2","TRFU","Apis_mellifera",2,1,NA
2022,4,7,"10_32","11_11","1","Aikawa","ATR2","TRFU","Apis_mellifera",1,1,NA
2022,4,7,"10_32","11_11","1","Aikawa","ATR2","TRFU","Apis_mellifera",3,1,NA
2022,4,7,"10_32","11_11","1","Aikawa","ATR2","TRFU","Apis_mellifera",1,1,NA
2022,4,7,"10_32","11_11","1","Aikawa","ATR2","TRFU","Apis_mellifera",1,5,NA
2022,4,7,"10_32","11_11","1","Aikawa","ATR2","TRFU","Apis_mellifera",1,5,NA
2022,4,7,"10_32","11_11","1","Aikawa","ATR2","TRFU","Apis_mellifera",1,0,NA
2022,4,7,"10_32","11_11","1","Aikawa","ATR2","TRFU","Osmia_sp.",1,0,NA
2022,4,7,"10_32","11_11","1","Aikawa","ATR2","TRFU","Apis_mellifera",2,0,NA
2022,4,7,"10_32","11_11","1","Aikawa","ATR2","TRFU","Apis_mellifera",1,0,NA
2022,4,7,"10_32","11_11","1","Aikawa","ATR2","TRFU","Apis_mellifera",2,0,NA
2022,4,7,"10_32","11_11","1","Aikawa","ATR2","VIVI","Apis_mellifera",1,0,NA
2022,4,7,"10_32","11_11","1","Aikawa","ATR2","VIVI","Apis_mellifera",2,0,NA
2022,4,7,"10_32","11_11","1","Aikawa","ATR2","TRFU","Apis_mellifera",1,0,NA
2022,4,7,"10_32","11_11","1","Aikawa","ATR2","TRFU","Bombus_vosnesenskii",2,1,NA
2022,4,7,"10_32","11_11","1","Aikawa","ATR2","TRFU","Bombus_vosnesenskii",1,5,NA
2022,4,7,"10_32","11_11","1","Aikawa","ATR2","TRFU","Apis_mellifera",1,0,NA
2022,4,7,"10_32","11_11","1","Aikawa","ATR2","VIVI","Apis_mellifera",1,0,NA
2022,4,7,"10_32","11_11","1","Aikawa","ATR2","TRFU","Apis_mellifera",1,20,NA
2022,4,7,"10_32","11_11","1","Aikawa","ATR2","AGHE","Heliolonche_modiella",1,20,NA
2022,4,7,"10_32","11_11","1","Aikawa","ATR2","AGHE","Heliolonche_modiella",1,20,NA
2022,4,7,"10_32","11_11","1","Aikawa","ATR2","TRFU","Apis_mellifera",1,50,NA
2022,4,7,"10_32","11_11","1","Aikawa","ATR2","TRFU","Apis_mellifera",2,50,NA
2022,4,7,"10_32","11_11","1","Aikawa","ATR2","TRFU","Apis_mellifera",2,50,NA
2022,4,7,"10_32","11_11","1","Aikawa","ATR2","TRFU","Apis_mellifera",2,50,NA
2022,4,7,"10_32","11_11","1","Aikawa","ATR2","TRFU","Apis_mellifera",1,50,NA
2022,4,7,"10_32","11_11","1","Aikawa","ATR2","TRFU","Apis_mellifera",1,50,NA
2022,4,7,"10_32","11_11","1","Aikawa","ATR2","TRFU","Apis_mellifera",2,50,NA
2022,4,7,"10_32","11_11","1","Aikawa","ATR2","TRFU","Apis_mellifera",2,50,NA
2022,4,7,"10_32","11_11","1","Aikawa","ATR2","AGHE","Andrena_subchalybea",1,50,NA
2022,4,7,"10_32","11_11","1","Aikawa","ATR2","TRFU","Apis_mellifera",1,50,NA
2022,4,7,"10_32","11_11","1","Aikawa","ATR2","TRFU","Apis_mellifera",2,50,NA
2022,4,7,"10_32","11_11","1","Aikawa","ATR2","TRFU","Apis_mellifera",2,50,NA
2022,4,7,"10_32","11_11","1","Aikawa","ATR2","TRFU","Apis_mellifera",1,60,NA
2022,4,7,"10_32","11_11","1","Aikawa","ATR2","TRFU","Apis_mellifera",1,60,NA
2022,4,7,"10_32","11_11","1","Aikawa","ATR2","TRFU","Apis_mellifera",3,60,NA
2022,4,7,"10_32","11_11","1","Aikawa","ATR2","TRFU","Apis_mellifera",1,60,NA
2022,4,7,"10_32","11_11","1","Aikawa","ATR2","TRFU","Apis_mellifera",3,60,NA
2022,4,7,"10_32","11_11","1","Aikawa","ATR2","TRFU","Apis_mellifera",1,50,NA
2022,4,7,"10_32","11_11","1","Aikawa","ATR2","TRFU","Bombus_melanopygus",2,20,NA
2022,4,7,"10_32","11_11","1","Aikawa","ATR2","TRFU","Apis_mellifera",1,20,NA
2022,4,7,"10_32","11_11","1","Aikawa","ATR2","AGHE","Heliolonche_modiella",1,10,NA
2022,4,7,"10_32","11_11","1","Aikawa","ATR2","AGHE","Andrena_subchalybea",1,10,NA
2022,4,7,"10_32","11_11","1","Aikawa","ATR2","AGHE","Andrena_sp.",1,10,NA
2022,4,7,"10_32","11_11","1","Aikawa","ATR2","TRFU","Apis_mellifera",3,1,NA
2022,4,7,"10_32","11_11","1","Aikawa","ATR2","TRFU","Adela_flammeusella",2,1,NA
2022,4,7,"10_32","11_11","1","Aikawa","ATR2","TRFU","Bombus_melanopygus",4,1,NA
2022,4,7,"10_32","11_11","1","Aikawa","ATR2","TRFU","Apis_mellifera",1,5,NA
2022,4,7,"10_32","11_11","1","Aikawa","ATR2","ERGU","Listrus_sp._1",1,0,NA
2022,4,7,"10_32","11_11","1","Aikawa","ATR2","TRFU","Bombus_vosnesenskii",5,0,NA
2022,4,7,"10_32","11_11","1","Aikawa","ATR2","VIVI","Apis_mellifera",1,0,NA
2022,4,7,"10_32","11_11","1","Aikawa","ATR2","VIVI","Eucera_actuosa",1,0,NA
2022,4,7,"10_32","11_11","1","Aikawa","ATR2","VIVI","Bombus_vosnesenskii",1,0,NA
2022,4,7,"10_32","11_11","1","Aikawa","ATR2","TRFU","Osmia_cara",2,0,NA
2022,4,7,"10_32","11_11","1","Aikawa","ATR2","VIVI","Osmia_cara",2,0,NA
2022,4,7,"10_32","11_11","1","Aikawa","ATR2","TRFU","Osmia_cara",2,0,NA
2022,4,7,"10_32","11_11","1","Aikawa","ATR2","TRFU","Bombus_melanopygus",3,1,NA
2022,4,7,"10_32","11_11","1","Aikawa","ATR2","TRFU","Apis_mellifera",2,5,NA
2022,4,7,"10_32","11_11","1","Aikawa","ATR2","TRFU","Apis_mellifera",1,1,NA
2022,4,7,"10_32","11_11","1","Aikawa","ATR2","TRFU","Apis_mellifera",1,1,NA
2022,4,7,"10_32","11_11","1","Aikawa","ATR2","TRFU","Bombus_vosnesenskii",2,5,NA
2022,4,7,"10_32","11_11","1","Aikawa","ATR2","TRFU","Apis_mellifera",1,5,NA
2022,4,7,"10_32","11_11","1","Aikawa","ATR2","TRFU","Bombus_melanopygus",2,1,NA
2022,4,7,"10_32","11_11","1","Aikawa","ATR2","RACA","Andrena_subchalybea",1,1,NA
2022,4,7,"10_32","11_11","1","Aikawa","ATR2","TRFU","Apis_mellifera",1,1,NA
2022,4,7,"10_32","11_11","1","Aikawa","ATR2","TRFU","Apis_mellifera",1,5,NA
2022,4,7,"11_11","11_33","2","Aikawa","ATR2","TRFU","Apis_mellifera",1,5,NA
2022,4,7,"11_11","11_33","2","Aikawa","ATR2","TRFU","Apis_mellifera",2,5,NA
2022,4,7,"11_11","11_33","2","Aikawa","ATR2","TRFU","Apis_mellifera",1,5,NA
2022,4,7,"11_11","11_33","2","Aikawa","ATR2","TRFU","Bombus_vosnesenskii",5,10,NA
2022,4,7,"11_11","11_33","2","Aikawa","ATR2","TRFU","Apis_mellifera",1,5,NA
2022,4,7,"11_11","11_33","2","Aikawa","ATR2","TRFU","Apis_mellifera",2,10,NA
2022,4,7,"11_11","11_33","2","Aikawa","ATR2","TRFU","Apis_mellifera",2,10,NA
2022,4,7,"11_11","11_33","2","Aikawa","ATR2","TRFU","Apis_mellifera",1,10,NA
2022,4,7,"11_11","11_33","2","Aikawa","ATR2","TRFU","Apis_mellifera",2,10,NA
2022,4,7,"11_11","11_33","2","Aikawa","ATR2","TRFU","Apis_mellifera",1,10,NA
2022,4,7,"11_11","11_33","2","Aikawa","ATR2","TRFU","Apis_mellifera",1,10,NA
2022,4,7,"11_11","11_33","2","Aikawa","ATR2","TRFU","Apis_mellifera",1,10,NA
2022,4,7,"11_11","11_33","2","Aikawa","ATR2","TRFU","Apis_mellifera",1,15,NA
2022,4,7,"11_11","11_33","2","Aikawa","ATR2","TRFU","Apis_mellifera",1,10,NA
2022,4,7,"11_11","11_33","2","Aikawa","ATR2","AGHE","Heliolonche_modiella",1,15,NA
2022,4,7,"11_11","11_33","2","Aikawa","ATR2","TRFU","Apis_mellifera",1,20,NA
2022,4,7,"11_11","11_33","2","Aikawa","ATR2","TRFU","Apis_mellifera",1,20,NA
2022,4,7,"11_11","11_33","2","Aikawa","ATR2","TRFU","Apis_mellifera",2,20,NA
2022,4,7,"11_11","11_33","2","Aikawa","ATR2","TRFU","Apis_mellifera",1,50,NA
2022,4,7,"11_11","11_33","2","Aikawa","ATR2","AGHE","Euopeodes_fumipennis",1,50,NA
2022,4,7,"11_11","11_33","2","Aikawa","ATR2","AGHE","Andrena_dissona",1,50,NA
2022,4,7,"11_11","11_33","2","Aikawa","ATR2","AGHE","Scaeva_affinis",1,60,NA
2022,4,7,"11_11","11_33","2","Aikawa","ATR2","TRFU","Eucera_actuosa",1,70,NA
2022,4,7,"11_11","11_33","2","Aikawa","ATR2","AGHE","Eristalis_hirta",1,NA,NA
2022,4,7,"11_11","11_33","2","Aikawa","ATR2","AGHE","Heliolonche_modiella",1,20,NA
2022,4,7,"11_11","11_33","2","Aikawa","ATR2","TRFU","Apis_mellifera",1,10,NA
2022,4,7,"11_11","11_33","2","Aikawa","ATR2","TRFU","Apis_mellifera",2,10,NA
2022,4,7,"11_11","11_33","2","Aikawa","ATR2","TRFU","Apis_mellifera",1,10,NA
2022,4,7,"11_11","11_33","2","Aikawa","ATR2","TRFU","Apis_mellifera",2,20,NA
2022,4,7,"11_11","11_33","2","Aikawa","ATR2","AGHE","Andrena_subchalybea",1,20,NA
2022,4,7,"11_11","11_33","2","Aikawa","ATR2","AGHE","Andrena_subchalybea",1,20,NA
2022,4,7,"11_11","11_33","2","Aikawa","ATR2","AGHE","Andrena_subchalybea",1,20,NA
2022,4,7,"11_11","11_33","2","Aikawa","ATR2","TRFU","Apis_mellifera",1,40,NA
2022,4,7,"11_11","11_33","2","Aikawa","ATR2","TRFU","Apis_mellifera",3,40,NA
2022,4,7,"11_11","11_33","2","Aikawa","ATR2","LUSU","Hippodamia_convergens",1,40,NA
2022,4,7,"11_11","11_33","2","Aikawa","ATR2","TRFU","Apis_mellifera",1,40,NA
2022,4,7,"11_11","11_33","2","Aikawa","ATR2","TRFU","Bombus_vosnesenskii",2,40,NA
2022,4,7,"11_11","11_33","2","Aikawa","ATR2","TRFU","Apis_mellifera",1,40,NA
2022,4,7,"11_11","11_33","2","Aikawa","ATR2","TRFU","Apis_mellifera",2,50,NA
2022,4,7,"11_11","11_33","2","Aikawa","ATR2","TRFU","Apis_mellifera",2,50,NA
2022,4,7,"11_11","11_33","2","Aikawa","ATR2","TRFU","Apis_mellifera",1,50,NA
2022,4,7,"11_11","11_33","2","Aikawa","ATR2","TRFU","Apis_mellifera",4,50,NA
2022,4,7,"11_11","11_33","2","Aikawa","ATR2","AGHE","Heliolonche_modiella",1,50,NA
2022,4,7,"11_11","11_33","2","Aikawa","ATR2","TRFU","Apis_mellifera",2,50,NA
2022,4,7,"11_11","11_33","2","Aikawa","ATR2","RACA","Andrena_baeriae",1,50,NA
2022,4,7,"11_11","11_33","2","Aikawa","ATR2","TRFU","Apis_mellifera",4,50,NA
2022,4,7,"11_34","11_44","3","Aikawa","ATR2","AGHE","Andrena_subchalybea",1,60,NA
2022,4,7,"11_34","11_44","3","Aikawa","ATR2","AGHE","Helithodes_dimutiva",1,60,NA
2022,4,7,"11_34","11_44","3","Aikawa","ATR2","TRFU","Apis_mellifera",2,60,NA
2022,4,7,"11_34","11_44","3","Aikawa","ATR2","TRFU","Apis_mellifera",1,60,NA
2022,4,7,"11_34","11_44","3","Aikawa","ATR2","TRFU","Adela_flammeusella",1,60,NA
2022,4,7,"11_34","11_44","3","Aikawa","ATR2","TRFU","Apis_mellifera",1,60,NA
2022,4,7,"11_34","11_44","3","Aikawa","ATR2","RACA","Andrena_pensilis",2,NA,NA
2022,4,7,"11_34","11_44","3","Aikawa","ATR2","TRFU","Adela_flammeusella",2,100,NA
2022,4,7,"11_34","11_44","3","Aikawa","ATR2","TRFU","Apis_mellifera",3,150,NA
2022,4,7,"11_34","11_44","3","Aikawa","ATR2","TRFU","Bombus_vosnesenskii",6,100,NA
2022,4,7,"11_34","11_44","3","Aikawa","ATR2","TRFU","Apis_mellifera",1,150,NA
2022,4,7,"11_34","11_44","3","Aikawa","ATR2","TRFU","Apis_mellifera",1,150,NA
2022,4,7,"11_34","11_44","3","Aikawa","ATR2","TRFU","Apis_mellifera",1,100,NA
2022,4,7,"11_34","11_44","3","Aikawa","ATR2","TRFU","Apis_mellifera",1,150,NA
2022,4,7,"11_34","11_44","3","Aikawa","ATR2","TRFU","Apis_mellifera",1,150,NA
2022,3,24,"2_46","3_01","transect_5","Bertha","BTR1","LACA","Listrus_sp._1",1,NA,NA
2022,3,24,"2_46","3_01","transect_5","Bertha","BTR1","LACA","Listrus_sp._1",1,NA,NA
2022,3,24,"2_46","3_01","transect_5","Bertha","BTR1","LACA","Listrus_sp._1",1,NA,NA
2022,3,24,"2_46","3_01","transect_5","Bertha","BTR1","LACA","Listrus_sp._1",1,NA,NA
2022,3,24,"2_46","3_01","transect_5","Bertha","BTR1","LACA","Listrus_sp._1",1,NA,NA
2022,3,24,"2_46","3_01","transect_5","Bertha","BTR1","LACA","Conophorus_fenestratus",1,NA,NA
2022,3,24,"2_46","3_01","transect_5","Bertha","BTR1","LACA","Conophorus_fenestratus",1,NA,NA
2022,3,24,"2_46","3_01","transect_5","Bertha","BTR1","PLER","Junonia_grisea",1,NA,NA
2022,3,24,"2_46","3_01","transect_5","Bertha","BTR1","LACA","Andrena_pensilis",1,NA,NA
2022,3,24,"2_46","3_01","transect_5","Bertha","BTR1","LACA","Adela_trigrapha",1,NA,NA
2022,3,24,"2_46","3_01","transect_5","Bertha","BTR1","LACA","Listrus_sp._1",1,NA,NA
2022,3,24,"2_46","3_01","transect_5","Bertha","BTR1","LACA","Listrus_sp._1",1,NA,NA
2022,3,24,"2_46","3_01","transect_5","Bertha","BTR1","TRFU","Listrus_sp._1",1,10,NA
2022,3,24,"2_46","3_01","transect_5","Bertha","BTR1","PLER","Junonia_grisea",1,NA,NA
2022,3,24,"2_46","3_01","transect_5","Bertha","BTR1","LACA","Listrus_sp._1",1,NA,NA
2022,3,24,"2_46","3_01","transect_5","Bertha","BTR1","LACA","Listrus_sp._1",1,NA,NA
2022,3,24,"2_46","3_01","transect_5","Bertha","BTR1","LACA","Listrus_sp._1",1,NA,NA
2022,3,24,"2_46","3_01","transect_5","Bertha","BTR1","AMME","Bombylius_major",7,NA,NA
2022,3,24,"2_46","3_01","transect_5","Bertha","BTR1","LACA","Conophorus_fenestratus",1,NA,NA
2022,3,24,"2_46","3_01","transect_5","Bertha","BTR1","LACA","Andrena_sp.",1,NA,NA
2022,3,24,"2_46","3_01","transect_5","Bertha","BTR1","LACA","Listrus_sp._1",1,NA,NA
2022,4,7,"1_57","2_21","5","Bertha","BTR1","TRFU","Anthophora_californica",2,50,NA
2022,4,7,"1_57","2_21","5","Bertha","BTR1","TRFU","Bombus_vosnesenskii",5,0,NA
2022,4,1,"3_15","3_31","1","Bertha","BTR2","TRFU","Eucera_actuosa",2,1,NA
2022,4,1,"3_15","3_31","1","Bertha","BTR2","TRFU","Anthophora_californica",3,1,NA
2022,4,1,"3_53","4_10","3","Bertha","BTR2","TRFU","Apis_mellifera",4,10,NA
2022,4,6,"2_33","2_46","1","Bertha","BTR2","TRFU","Eucera_actuosa",1,5,NA
2022,4,7,"12_51","1_10","1","Bertha","BTR2","TRFU","Anthophora_californica",1,0,NA
2022,4,7,"12_51","1_10","1","Bertha","BTR2","TRFU","Chrysoperla_sp.",1,5,NA
2022,3,23,"9_23","9_59","VV_1","Goatgrass","GTR1","TRFU","Junonia_grisea",1,0,NA
2022,3,29,"1_04","1_34","1","Goatgrass","GTR1","TRFU","Bombus_vosnesenskii",5,10,NA
2022,3,29,"1_04","1_34","1","Goatgrass","GTR1","TRFU","Eucera_sp.",1,20,NA
2022,4,6,"12_39","1_06","1","Goatgrass","GTR1","TRFU","Andrena_baeriae",1,1,NA
2022,3,23,"1_51","1_59","VV_6","Goatgrass","GTR2","TRFU","Junonia_grisea",1,10,NA
2022,3,23,"1_51","1_59","VV_6","Goatgrass","GTR2","TRFU","Listrus_sp._1",1,10,NA
2022,3,23,"1_51","1_59","VV_6","Goatgrass","GTR2","TRFU","Listrus_sp._1",1,50,NA
2022,3,29,"2_33","2_54","5","Goatgrass","GTR2","TRFU","Bombus_californicus",1,5,NA
2022,4,3,"10_40","10_58","5","Goatgrass","GTR2","TRFU","Osmia_sp.",2,2,NA
2022,4,6,"2_00","2_14","5","Goatgrass","GTR2","TRFU","Eucera_actuosa",2,10,NA
2022,4,6,"2_00","2_14","5","Goatgrass","GTR2","TRFU","Eucera_actuosa",1,40,NA
2022,4,6,"2_00","2_14","5","Goatgrass","GTR2","TRFU","Eucera_actuosa",2,50,NA
2022,4,6,"2_00","2_14","5","Goatgrass","GTR2","TRFU","Junonia_grisea",1,50,NA
2022,4,8,"10_51","11_10","5","Goatgrass","GTR2","TRFU","Eucera_actuosa",1,10,NA
2022,4,8,"10_51","11_10","5","Goatgrass","GTR2","TRFU","Eucera_actuosa",2,10,NA
2022,4,8,"10_51","11_10","5","Goatgrass","GTR2","TRFU","Bombus_vosnesenskii",8,10,NA
2022,4,8,"10_51","11_10","5","Goatgrass","GTR2","TRFU","Adela_eldorada",1,50,NA
2022,4,8,"10_51","11_10","5","Goatgrass","GTR2","TRFU","Adela_eldorada",1,50,NA
2022,3,24,"9_48","10_52","vetch_2","Long","LTR1","TRFU","Apis_mellifera",4,5,NA
2022,3,24,"9_48","10_52","vetch_2","Long","LTR1","TRFU","Apis_mellifera",6,10,NA
2022,3,24,"9_48","10_52","vetch_2","Long","LTR1","TRFU","Bombus_vosnesenskii",1,40,NA
2022,3,24,"9_48","10_52","vetch_2","Long","LTR1","TRFU","Bombus_vosnesenskii",9,50,NA
2022,3,24,"9_48","10_52","vetch_2","Long","LTR1","TRFU","Bombus_melanopygus",1,50,NA
2022,3,24,"9_48","10_52","vetch_2","Long","LTR1","TRFU","Bombus_vosnesenskii",1,50,NA
2022,3,24,"9_48","10_52","vetch_2","Long","LTR1","TRFU","Habropoda_trissema",5,20,NA
2022,3,24,"9_48","10_52","vetch_2","Long","LTR1","TRFU","Scaeva_affinis",3,20,NA
2022,3,24,"9_48","10_52","vetch_2","Long","LTR1","TRFU","Apis_mellifera",2,20,NA
2022,3,24,"10_53","11_20","vetch_3","Long","LTR1","TRFU","Bombylius_major",3,1,NA
2022,3,26,"1_07","2_00","4","Long","LTR1","TRFU","Bombus_vosnesenskii",1,10,NA
2022,3,26,"1_07","2_00","4","Long","LTR1","TRFU","Apis_mellifera",1,10,NA
2022,3,26,"1_07","2_00","4","Long","LTR1","TRFU","Apis_mellifera",1,10,NA
2022,3,26,"1_07","2_00","4","Long","LTR1","TRFU","Apis_mellifera",1,5,NA
2022,3,26,"1_07","2_00","4","Long","LTR1","TRFU","Bombus_vosnesenskii",3,10,NA
2022,3,26,"1_07","2_00","4","Long","LTR1","TRFU","Apis_mellifera",1,0,NA
2022,3,26,"1_07","2_00","4","Long","LTR1","TRFU","Apis_mellifera",3,20,NA
2022,3,26,"2_01","2_44","5","Long","LTR1","TRFU","Bombus_vosnesenskii",4,50,NA
2022,3,26,"2_01","2_44","5","Long","LTR1","TRFU","Apis_mellifera",1,1,NA
2022,3,26,"2_01","2_44","5","Long","LTR1","TRFU","Apis_mellifera",1,40,NA
2022,3,26,"2_01","2_44","5","Long","LTR1","TRFU","Apis_mellifera",3,40,NA
2022,3,30,"10_44","11_32","1","Long","LTR1","TRFU","Scaeva_affinis",1,5,NA
2022,3,30,"10_44","11_32","1","Long","LTR1","TRFU","Euopeodes_fumipennis",1,10,NA
2022,3,30,"10_44","11_32","1","Long","LTR1","TRFU","Euopeodes_fumipennis",1,20,NA
2022,3,30,"11_53","12_46","3","Long","LTR1","TRFU","Scaeva_affinis",1,50,NA
2022,3,30,"11_53","12_46","3","Long","LTR1","TRFU","Bombus_vosnesenskii",16,40,NA
2022,3,30,"12_49","1_27","4","Long","LTR1","TRFU","Bombus_vosnesenskii",4,10,NA
2022,3,30,"12_49","1_27","4","Long","LTR1","TRFU","Bombus_vosnesenskii",6,50,NA
2022,3,30,"12_49","1_27","4","Long","LTR1","TRFU","Bombus_vosnesenskii",11,50,NA
2022,3,30,"12_49","1_27","4","Long","LTR1","TRFU","Bombus_vosnesenskii",3,70,NA
2022,3,30,"12_49","1_27","4","Long","LTR1","TRFU","Bombus_vosnesenskii",4,70,NA
2022,3,30,"12_49","1_27","4","Long","LTR1","TRFU","Bombus_vosnesenskii",1,75,NA
2022,3,30,"12_49","1_27","4","Long","LTR1","TRFU","Bombus_vosnesenskii",3,80,NA
2022,3,30,"12_49","1_27","4","Long","LTR1","TRFU","Bombus_vosnesenskii",17,60,NA
2022,3,30,"12_49","1_27","4","Long","LTR1","TRFU","Apis_mellifera",2,50,NA
2022,3,30,"12_49","1_27","4","Long","LTR1","TRFU","Apis_mellifera",2,100,NA
2022,3,30,"12_49","1_27","4","Long","LTR1","TRFU","Bombus_vosnesenskii",4,100,NA
2022,4,3,"12_42","1_05","3","Long","LTR1","TRFU","Apis_mellifera",1,20,NA
2022,4,3,"12_42","1_05","3","Long","LTR1","TRFU","Apis_mellifera",3,50,NA
2022,4,3,"1_05","1_29","4","Long","LTR1","TRFU","Osmia_cara",1,0,NA
2022,4,3,"1_05","1_29","4","Long","LTR1","TRFU","Bombus_vosnesenskii",10,10,NA
2022,4,3,"1_05","1_29","4","Long","LTR1","TRFU","Apis_mellifera",5,50,NA
2022,4,3,"1_32","1_44","5","Long","LTR1","TRFU","Apis_mellifera",2,50,NA
2022,4,3,"1_32","1_44","5","Long","LTR1","TRFU","Osmia_cara",1,50,NA
2022,4,8,"12_19","12_41","4","Long","LTR1","TRFU","Bombus_vosnesenskii",13,50,NA
2022,4,8,"12_42","12_52","5","Long","LTR1","TRFU","Eucera_actuosa",1,50,NA
2022,3,24,"11_50","12_15","far_TR","Long","LTR2","TRFU","Bombus_vosnesenskii",1,500,NA
2022,3,24,"11_50","12_15","far_TR","Long","LTR2","RACA","Andrena_sp.",1,NA,NA
2022,3,24,"11_50","12_15","far_TR","Long","LTR2","LACA","Andrena_duboisi",2,NA,NA
2022,3,24,"11_50","12_15","far_TR","Long","LTR2","LACA","Andrena_pensilis",2,NA,NA
2022,3,24,"11_50","12_15","far_TR","Long","LTR2","TRFU","Apis_mellifera",2,300,NA
2022,3,24,"11_50","12_15","far_TR","Long","LTR2","TRFU","Apis_mellifera",1,200,NA
2022,3,24,"11_50","12_15","far_TR","Long","LTR2","TRFU","Apis_mellifera",6,100,NA
2022,3,24,"11_50","12_15","far_TR","Long","LTR2","TRFU","Apis_mellifera",2,100,NA
2022,3,24,"11_50","12_15","far_TR","Long","LTR2","TRFU","Bombus_vosnesenskii",2,100,NA
2022,3,24,"11_50","12_15","far_TR","Long","LTR2","TRFU","Apis_mellifera",2,100,NA
2022,3,24,"11_50","12_15","far_TR","Long","LTR2","TRFU","Bombus_vosnesenskii",6,100,NA
2022,3,24,"11_50","12_15","far_TR","Long","LTR2","TRFU","Heliolonche_modiella",1,50,NA
2022,3,26,"2_57","3_33","far_TR","Long","LTR2","LACA","Andrena_sp.",1,200,NA
2022,3,26,"2_57","3_33","far_TR","Long","LTR2","DICA","Junonia_grisea",1,200,NA
2022,3,26,"2_57","3_33","far_TR","Long","LTR2","DICA","Bombylius_major",1,200,NA
2022,3,26,"2_57","3_33","far_TR","Long","LTR2","DICA","Bombylius_major",1,200,NA
2022,3,26,"2_57","3_33","far_TR","Long","LTR2","LUBI","Hippodamia_convergens",1,200,NA
2022,3,26,"2_57","3_33","far_TR","Long","LTR2","DICA","Bombylius_major",1,200,NA
2022,3,26,"2_57","3_33","far_TR","Long","LTR2","DICA","Bombylius_major",1,200,NA
2022,3,26,"2_57","3_33","far_TR","Long","LTR2","LACH","silver_moth_Lepidoptera",1,300,NA
2022,3,26,"2_57","3_33","far_TR","Long","LTR2","LACH","silver_moth_Lepidoptera",1,300,NA
2022,3,26,"2_57","3_33","far_TR","Long","LTR2","LACA","Andrena_sp.",1,300,NA
2022,3,26,"2_57","3_33","far_TR","Long","LTR2","LACH","Andrena_pensilis",2,300,NA
2022,3,26,"2_57","3_33","far_TR","Long","LTR2","LACH","silver_moth_Lepidoptera",1,300,NA
2022,3,26,"2_57","3_33","far_TR","Long","LTR2","TRFU","Bombylius_major",1,400,NA
2022,3,26,"2_57","3_33","far_TR","Long","LTR2","TRFU","Bombylius_major",1,400,NA
2022,3,26,"2_57","3_33","far_TR","Long","LTR2","TRFU","Apis_mellifera",1,400,NA
2022,3,26,"2_57","3_33","far_TR","Long","LTR2","LACA","Andrena_subchalybea",2,400,NA
2022,3,26,"2_57","3_33","far_TR","Long","LTR2","TRFU","Apis_mellifera",1,400,NA
2022,3,26,"2_57","3_33","far_TR","Long","LTR2","LACA","Panurginus_sp.",3,400,NA
2022,3,26,"2_57","3_33","far_TR","Long","LTR2","LACA","Andrena_pensilis",1,400,NA
2022,3,26,"2_57","3_33","far_TR","Long","LTR2","TRFU","Sphex_sp.",1,400,NA
2022,3,26,"2_57","3_33","far_TR","Long","LTR2","LACA","Andrena_sp.",1,400,NA
2022,3,26,"2_57","3_33","far_TR","Long","LTR2","LACA","Panurginus_sp.",1,600,NA
2022,3,26,"2_57","3_33","far_TR","Long","LTR2","TRFU","Osmia_cara",1,600,NA
2022,3,26,"2_57","3_33","far_TR","Long","LTR2","TRFU","Bombus_vosnesenskii",7,600,NA
2022,3,26,"2_57","3_33","far_TR","Long","LTR2","TRFU","Apis_mellifera",3,600,NA
2022,3,26,"2_57","3_33","far_TR","Long","LTR2","LACA","Andrena_sp.",1,700,NA
2022,3,26,"2_57","3_33","far_TR","Long","LTR2","TRLA","Eucera_actuosa",2,700,NA
2022,3,26,"2_57","3_33","far_TR","Long","LTR2","TRFU","Eucera_actuosa",1,700,NA
2022,3,26,"2_57","3_33","far_TR","Long","LTR2","LACA","Panurginus_sp.",1,600,NA
2022,3,26,"2_57","3_33","far_TR","Long","LTR2","TRFU","Andrena_subchalybea",2,400,NA
2022,3,26,"2_57","3_33","far_TR","Long","LTR2","LODA","Conophorus_fenestratus",1,400,NA
2022,3,26,"2_57","3_33","far_TR","Long","LTR2","TRFU","Andrena_subchalybea",NA,400,NA
2022,3,30,"1_41","1_57","Far_TR","Long","LTR2","TRLA","Heliolonche_modiella",1,600,NA
2022,3,30,"1_41","1_57","Far_TR","Long","LTR2","LACH","Scaeva_affinis",1,700,NA
2022,3,30,"1_41","1_57","Far_TR","Long","LTR2","TRFU","Bombus_vosnesenskii",2,800,NA
2022,3,30,"1_41","1_57","Far_TR","Long","LTR2","TRFU","Apis_mellifera",3,800,NA
2022,3,30,"1_41","1_57","Far_TR","Long","LTR2","TRFU","Bombus_melanopygus",6,850,NA
2022,3,30,"1_41","1_57","Far_TR","Long","LTR2","TRFU","Bombus_vosnesenskii",4,900,NA
2022,3,30,"1_41","1_57","Far_TR","Long","LTR2","LACA","Scaeva_affinis",1,900,NA
2022,3,30,"1_41","1_57","Far_TR","Long","LTR2","TRFU","Bombus_vosnesenskii",1,900,NA
2022,3,30,"1_41","1_57","Far_TR","Long","LTR2","EUSP","Euopeodes_fumipennis",1,900,NA
2022,3,30,"1_41","1_57","Far_TR","Long","LTR2","RACA","Scaeva_affinis",1,1000,NA
2022,3,30,"1_41","1_57","Far_TR","Long","LTR2","TRFU","Muscidae",1,900,NA
2022,3,30,"1_41","1_57","Far_TR","Long","LTR2","TRFU","Bombus_vosnesenskii",1,900,NA
2022,4,3,"1_47","2_03","far_TRFU","Long","LTR2","LACA","Scaeva_affinis",1,200,NA
2022,4,3,"1_47","2_03","far_TRFU","Long","LTR2","LACA","Andrena_sp.",1,600,NA
2022,4,3,"1_47","2_03","far_TRFU","Long","LTR2","LACA","Andrena_sp.",2,600,NA
2022,4,3,"1_47","2_03","far_TRFU","Long","LTR2","LACA","Euopeodes_fumipennis",1,600,NA
2022,4,3,"1_47","2_03","far_TRFU","Long","LTR2","TRFU","Eucera_actuosa",2,600,NA
2022,4,3,"1_47","2_03","far_TRFU","Long","LTR2","TRFU","Eucera_actuosa",1,600,NA
2022,4,3,"1_47","2_03","far_TRFU","Long","LTR2","LACA","Andrena_sp.",1,1000,NA
2022,4,3,"1_47","2_03","far_TRFU","Long","LTR2","LACA","Helithodes_dimutiva",1,300,NA
2022,3,26,"12_09","12_34","1","Long","LTR3","TRFU","Junonia_grisea",1,10,NA
2022,3,26,"12_09","12_34","1","Long","LTR3","TRFU","Apis_mellifera",3,10,NA
2022,3,26,"12_09","12_34","1","Long","LTR3","TRFU","Apis_mellifera",2,5,NA
2022,3,26,"12_09","12_34","1","Long","LTR3","TRFU","Apis_mellifera",2,5,NA
2022,3,26,"12_09","12_34","1","Long","LTR3","TRFU","Muscidae",3,5,NA
2022,3,26,"12_09","12_34","1","Long","LTR3","TRFU","Apis_mellifera",3,5,NA
2022,3,26,"12_09","12_34","1","Long","LTR3","TRFU","Apis_mellifera",6,10,NA
2022,3,26,"12_09","12_34","1","Long","LTR3","TRFU","Apis_mellifera",2,10,NA
2022,4,3,"11_42","12_21","1","Long","LTR3","TRFU","Apis_mellifera",3,1,NA
2022,4,3,"11_42","12_21","1","Long","LTR3","TRFU","Apis_mellifera",4,0,NA
2022,4,3,"11_42","12_21","1","Long","LTR3","TRFU","Apis_mellifera",1,5,NA
2022,4,3,"11_42","12_21","1","Long","LTR3","TRFU","Apis_mellifera",3,5,NA
2022,4,3,"11_42","12_21","1","Long","LTR3","TRFU","Apis_mellifera",1,5,NA
2022,4,3,"11_42","12_21","1","Long","LTR3","TRFU","Apis_mellifera",2,5,NA
2022,4,3,"11_42","12_21","1","Long","LTR3","TRFU","Apis_mellifera",1,5,NA
2022,4,3,"11_42","12_21","1","Long","LTR3","TRFU","Apis_mellifera",2,5,NA
2022,4,3,"11_42","12_21","1","Long","LTR3","TRFU","Apis_mellifera",3,10,NA
2022,4,3,"11_42","12_21","1","Long","LTR3","TRFU","Apis_mellifera",1,10,NA
2022,4,3,"11_42","12_21","1","Long","LTR3","TRFU","Apis_mellifera",1,12,NA
2022,4,3,"11_42","12_21","1","Long","LTR3","TRFU","Apis_mellifera",1,15,NA
2022,4,3,"11_42","12_21","1","Long","LTR3","TRFU","Apis_mellifera",1,10,NA
2022,4,3,"11_42","12_21","1","Long","LTR3","TRFU","Apis_mellifera",3,20,NA
2022,4,3,"11_42","12_21","1","Long","LTR3","TRFU","Apis_mellifera",1,20,NA
2022,4,3,"11_42","12_21","1","Long","LTR3","TRFU","Apis_mellifera",1,20,NA
2022,4,3,"11_42","12_21","1","Long","LTR3","TRFU","Apis_mellifera",1,10,NA
2022,4,3,"11_42","12_21","1","Long","LTR3","TRFU","Apis_mellifera",1,10,NA
2022,4,8,"11_37","11_48","1","Long","LTR3","TRFU","Apis_mellifera",1,0,NA
2022,4,8,"11_37","11_48","1","Long","LTR3","TRFU","Osmia_cara",1,0,NA
2022,4,8,"11_37","11_48","1","Long","LTR3","TRFU","Apis_mellifera",1,20,NA
2022,4,8,"11_37","11_48","1","Long","LTR3","TRFU","Apis_mellifera",2,20,NA
2022,4,8,"11_37","11_48","1","Long","LTR3","TRFU","Apis_mellifera",3,20,NA
2022,4,8,"11_37","11_48","1","Long","LTR3","TRFU","Apis_mellifera",1,20,NA
2022,4,8,"11_37","11_48","1","Long","LTR3","TRFU","Bombus_vosnesenskii",4,30,NA
2022,4,8,"11_50","12_02","2","Long","LTR3","TRFU","Osmia_cara",1,10,NA
2022,4,8,"11_50","12_02","2","Long","LTR3","TRFU","Eucera_actuosa",1,10,NA
2022,4,19,"2_49","3_34","First_floral_array_attempt","Aikawa","NV1","LUSU","Scaeva_affinis",1,50,NA
2022,4,19,"4_07","4_33","","Bertha","NV1","LACA","Scaeva_affinis",2,50,NA
2022,3,31,"2_14","2_21","1","Oak","OT1","VIVI","Apis_mellifera",3,0,NA
2022,3,31,"2_14","2_21","1","Oak","OT1","VIVI","Apis_mellifera",1,0,NA
2022,3,31,"2_14","2_21","1","Oak","OT1","VIVI","Apis_mellifera",1,0,NA
2022,3,31,"2_14","2_21","1","Oak","OT1","VIVI","Apis_mellifera",1,0,NA
2022,3,31,"2_21","2_26","2","Oak","OT1","VIVI","Apis_mellifera",1,0,NA
2022,3,31,"2_26","2_37","3","Oak","OT1","TRFU","Osmia_cara",3,10,NA
2022,3,31,"2_26","2_37","3","Oak","OT1","TRFU","Eucera_frater_albopilosa",1,15,NA
2022,3,31,"2_26","2_37","3","Oak","OT1","TRFU","Osmia_cara",3,50,NA
2022,3,31,"2_26","2_37","3","Oak","OT1","LUMI","Eucera_actuosa",1,50,NA
2022,3,31,"2_26","2_37","3","Oak","OT1","TRFU","Osmia_cara",1,60,NA
2022,3,31,"2_26","2_37","3","Oak","OT1","LUMI","Eucera_frater_albopilosa",5,10,NA
2022,3,25,"12_51","12_55","1","Oak","OTR1","VIVI","Apis_mellifera",1,0,NA
2022,3,25,"12_51","12_55","1","Oak","OTR1","VIVI","Apis_mellifera",1,0,NA
2022,3,25,"12_51","12_55","1","Oak","OTR1","VIVI","Apis_mellifera",2,0,NA
2022,3,25,"12_51","12_55","1","Oak","OTR1","VIVI","Apis_mellifera",1,0,NA
2022,3,25,"12_51","12_55","1","Oak","OTR1","VIVI","Apis_mellifera",2,0,NA
2022,3,25,"12_51","12_55","1","Oak","OTR1","VIVI","Colias_eurytheme",2,0,NA
2022,3,25,"12_51","12_55","1","Oak","OTR1","VIVI","Apis_mellifera",3,0,NA
2022,3,25,"12_55","12_58","2","Oak","OTR1","VIVI","Apis_mellifera",1,0,NA
2022,3,25,"12_55","12_58","2","Oak","OTR1","VIVI","Eucera_actuosa",1,0,NA
2022,3,25,"12_55","12_58","2","Oak","OTR1","VIVI","Apis_mellifera",1,0,NA
2022,3,25,"12_59","1_09","3","Oak","OTR1","LUSU","Hippodamia_convergens",1,5,NA
2022,3,25,"12_59","1_09","3","Oak","OTR1","LUSU","silver_moth_Lepidoptera",2,10,NA
2022,3,25,"12_59","1_09","3","Oak","OTR1","LUSU","Apis_mellifera",2,10,NA
2022,3,25,"1_10","1_16","4","Oak","OTR1","LUSU","silver_moth_Lepidoptera",1,50,NA
2022,3,25,"1_10","1_16","4","Oak","OTR1","LUSU","Osmia_cara",1,50,NA
2022,3,25,"1_10","1_16","4","Oak","OTR1","LUSU","Anthophora_californica",1,20,NA
2022,3,25,"1_17","1_30","5","Oak","OTR1","TRFU","Osmia_cara",2,50,NA
2022,3,25,"1_17","1_30","5","Oak","OTR1","LUSU","Anthophora_californica",1,0,NA
2022,3,25,"4_00","5_00","2","Quarry_1","QTR1","CRHI","Cyrtopogon_sp.",1,60,NA
2022,3,25,"4_00","5_00","2","Quarry_1","QTR1","CRHI","Conophorus_fenestratus",1,NA,NA
2022,3,25,"4_00","5_00","2","Quarry_1","QTR1","CRHI","Conophorus_fenestratus",2,NA,NA
2022,3,25,"4_00","5_00","2","Quarry_1","QTR1","CRHI","Conophorus_fenestratus",2,NA,NA
2022,3,25,"4_00","5_00","2","Quarry_1","QTR1","CRHI","Conophorus_fenestratus",2,NA,NA
2022,3,25,"4_00","5_00","2","Quarry_1","QTR1","CRHI","Conophorus_fenestratus",4,NA,NA
2022,3,25,"4_00","5_00","2","Quarry_1","QTR1","CRHI","Halictus_ligatus",2,NA,NA
2022,3,25,"4_00","5_00","2","Quarry_1","QTR1","CRHI","Cyrtopogon_sp.",1,NA,NA
2022,3,25,"4_00","5_00","2","Quarry_1","QTR1","CRHI","Conophorus_fenestratus",1,NA,NA
2022,3,25,"4_00","5_00","2","Quarry_1","QTR1","CRHI","Conophorus_fenestratus",1,NA,NA
2022,3,25,"4_00","5_00","2","Quarry_1","QTR1","CRHI","Nomada_hesperia",1,NA,NA
2022,3,25,"4_00","5_00","2","Quarry_1","QTR1","ERGU","Helithodes_dimutiva",1,NA,NA
2022,3,25,"4_00","5_00","2","Quarry_1","QTR1","TRFU","Apis_mellifera",1,150,NA
2022,3,25,"4_00","5_00","2","Quarry_1","QTR1","TRFU","Apis_mellifera",1,150,NA
2022,3,25,"4_00","5_00","2","Quarry_1","QTR1","DICA","Bombylius_major",3,150,NA
2022,3,25,"4_00","5_00","2","Quarry_1","QTR1","TRFU","Apis_mellifera",1,150,NA
2022,3,25,"4_00","5_00","2","Quarry_1","QTR1","TRFU","Apis_mellifera",2,150,NA
2022,3,25,"4_00","5_00","2","Quarry_1","QTR1","TRFU","Apis_mellifera",2,150,NA
2022,3,25,"4_00","5_00","2","Quarry_1","QTR1","TRFU","Apis_mellifera",2,150,NA
2022,3,25,"4_00","5_00","2","Quarry_1","QTR1","TRFU","Apis_mellifera",2,150,NA
2022,3,25,"4_00","5_00","2","Quarry_1","QTR1","TRFU","Apis_mellifera",1,150,NA
2022,3,25,"4_00","5_00","2","Quarry_1","QTR1","TRFU","Apis_mellifera",1,150,NA
2022,3,25,"4_00","5_00","2","Quarry_1","QTR1","TRFU","Apis_mellifera",1,150,NA
2022,3,25,"4_00","5_00","2","Quarry_1","QTR1","TRFU","Apis_mellifera",1,150,NA
2022,3,25,"4_00","5_00","2","Quarry_1","QTR1","EUSP","BF1_Diptera",1,150,NA
2022,3,25,"4_00","5_00","2","Quarry_1","QTR1","TRFU","Apis_mellifera",1,150,NA
2022,3,25,"4_00","5_00","2","Quarry_1","QTR1","TRFU","Bombus_vosnesenskii",2,150,NA
2022,3,25,"4_00","5_00","2","Quarry_1","QTR1","TRFU","Apis_mellifera",1,100,NA
2022,3,25,"4_00","5_00","2","Quarry_1","QTR1","TRFU","Apis_mellifera",1,100,NA
2022,3,25,"4_00","5_00","2","Quarry_1","QTR1","TRFU","Apis_mellifera",1,100,NA
2022,3,25,"4_00","5_00","2","Quarry_1","QTR1","TRFU","Conophorus_fenestratus",1,100,NA
2022,3,25,"4_00","5_00","2","Quarry_1","QTR1","TRFU","Apis_mellifera",1,100,NA
2022,3,25,"4_00","5_00","2","Quarry_1","QTR1","TRFU","Apis_mellifera",1,100,NA
2022,3,25,"4_00","5_00","2","Quarry_1","QTR1","TRFU","Apis_mellifera",1,100,NA
2022,3,25,"4_00","5_00","2","Quarry_1","QTR1","TRFU","Apis_mellifera",1,100,NA
2022,3,25,"4_00","5_00","2","Quarry_1","QTR1","TRFU","Osmia_cara",2,100,NA
2022,3,25,"4_00","5_00","2","Quarry_1","QTR1","TRFU","Osmia_cara",3,100,NA
2022,3,25,"4_00","5_00","2","Quarry_1","QTR1","TRFU","Apis_mellifera",1,100,NA
2022,3,25,"4_00","5_00","2","Quarry_1","QTR1","TRFU","Apis_mellifera",1,100,NA
2022,3,25,"4_00","5_00","2","Quarry_1","QTR1","TRFU","Bombus_vosnesenskii",4,100,NA
2022,3,25,"4_00","5_00","2","Quarry_1","QTR1","TRFU","Apis_mellifera",1,100,NA
2022,3,25,"4_00","5_00","2","Quarry_1","QTR1","TRFU","Bombus_vosnesenskii",4,100,NA
2022,3,25,"4_00","5_00","2","Quarry_1","QTR1","TRFU","Apis_mellifera",1,100,NA
2022,3,25,"4_00","5_00","2","Quarry_1","QTR1","TRFU","Apis_mellifera",2,100,NA
2022,3,25,"4_00","5_00","2","Quarry_1","QTR1","TRFU","Apis_mellifera",2,100,NA
2022,3,25,"4_00","5_00","2","Quarry_1","QTR1","LACA","Euopeodes_fumipennis",1,100,NA
2022,3,25,"4_00","5_00","2","Quarry_1","QTR1","LACA","Conophorus_fenestratus",1,100,NA
2022,3,25,"4_00","5_00","2","Quarry_1","QTR1","TRFU","Apis_mellifera",2,100,NA
2022,3,25,"4_00","5_00","2","Quarry_1","QTR1","TRFU","Apis_mellifera",1,100,NA
2022,3,25,"4_00","5_00","2","Quarry_1","QTR1","TRFU","Apis_mellifera",1,100,NA
2022,3,25,"4_00","5_00","2","Quarry_1","QTR1","TRFU","Apis_mellifera",1,100,NA
2022,3,25,"4_00","5_00","2","Quarry_1","QTR1","TRFU","Apis_mellifera",1,100,NA
2022,3,25,"4_00","5_00","2","Quarry_1","QTR1","TRFU","Apis_mellifera",1,100,NA
2022,3,25,"4_00","5_00","2","Quarry_1","QTR1","TRFU","Apis_mellifera",1,100,NA
2022,3,25,"4_00","5_00","2","Quarry_1","QTR1","TRFU","Apis_mellifera",1,100,NA
2022,3,25,"4_00","5_00","2","Quarry_1","QTR1","TRFU","Eucera_frater_albopilosa",2,100,NA
2022,3,25,"4_00","5_00","2","Quarry_1","QTR1","TRFU","Bombus_vosnesenskii",1,100,NA
2022,3,25,"4_00","5_00","2","Quarry_1","QTR1","TRFU","Eucera_actuosa",1,100,NA
2022,3,25,"4_00","5_00","2","Quarry_1","QTR1","TRFU","Apis_mellifera",2,100,NA
2022,3,25,"4_00","5_00","2","Quarry_1","QTR1","TRFU","Apis_mellifera",1,100,NA
2022,3,25,"4_00","5_00","2","Quarry_1","QTR1","TRFU","Apis_mellifera",1,100,NA
2022,3,25,"4_00","5_00","2","Quarry_1","QTR1","TRFU","Apis_mellifera",1,100,NA
2022,3,25,"4_00","5_00","2","Quarry_1","QTR1","TRFU","Apis_mellifera",1,100,NA
2022,3,25,"4_00","5_00","2","Quarry_1","QTR1","TRFU","Bombus_melanopygus",5,100,NA
2022,3,25,"4_00","5_00","2","Quarry_1","QTR1","TRFU","Apis_mellifera",1,100,NA
2022,3,25,"4_00","5_00","2","Quarry_1","QTR1","TRFU","Apis_mellifera",1,100,NA
2022,3,25,"4_00","5_00","2","Quarry_1","QTR1","TRFU","Apis_mellifera",1,100,NA
2022,3,25,"4_00","5_00","2","Quarry_1","QTR1","TRFU","Bombus_vosnesenskii",1,100,NA
2022,3,25,"4_00","5_00","2","Quarry_1","QTR1","TRFU","Bombus_crotchii",8,100,NA
2022,3,25,"4_00","5_00","2","Quarry_1","QTR1","TRFU","Apis_mellifera",1,100,NA
2022,3,25,"4_00","5_00","2","Quarry_1","QTR1","TRFU","Apis_mellifera",2,100,NA
2022,3,25,"4_00","5_00","2","Quarry_1","QTR1","TRFU","Bombus_vosnesenskii",4,100,NA
2022,3,25,"4_00","5_00","2","Quarry_1","QTR1","DICA","Junonia_grisea",1,100,NA
2022,3,25,"4_00","5_00","2","Quarry_1","QTR1","DICA","Junonia_grisea",1,100,NA
2022,3,25,"4_00","5_00","2","Quarry_1","QTR1","TRFU","Bombus_melanopygus",1,50,NA
2022,3,25,"4_00","5_00","2","Quarry_1","QTR1","TRFU","Apis_mellifera",1,50,NA
2022,3,25,"4_00","5_00","2","Quarry_1","QTR1","TRFU","Apis_mellifera",1,50,NA
2022,3,25,"4_00","5_00","2","Quarry_1","QTR1","TRFU","Bombus_melanopygus",1,50,NA
2022,3,25,"4_00","5_00","2","Quarry_1","QTR1","TRFU","Bombus_melanopygus",1,50,NA
2022,3,25,"4_00","5_00","2","Quarry_1","QTR1","TRFU","Apis_mellifera",1,50,NA
2022,3,25,"4_00","5_00","2","Quarry_1","QTR1","TRFU","Bombus_melanopygus",1,20,NA
2022,3,25,"4_00","5_00","2","Quarry_1","QTR1","TRFU","Bombus_melanopygus",1,20,NA
2022,3,25,"4_00","5_00","2","Quarry_1","QTR1","TRFU","Bombus_melanopygus",1,20,NA
2022,3,25,"4_00","5_00","2","Quarry_1","QTR1","TRFU","Bombus_californicus",6,20,NA
2022,3,25,"4_00","5_00","2","Quarry_1","QTR1","TRFU","Apis_mellifera",1,20,NA
2022,3,25,"4_00","5_00","2","Quarry_1","QTR1","TRFU","Bombus_vosnesenskii",1,20,NA
2022,3,25,"4_00","5_00","2","Quarry_1","QTR1","TRFU","Apis_mellifera",2,0,NA
2022,3,25,"4_00","5_00","2","Quarry_1","QTR1","TRFU","Apis_mellifera",1,5,NA
2022,3,25,"4_00","5_00","2","Quarry_1","QTR1","TRFU","Bombus_californicus",2,5,NA
2022,3,25,"4_00","5_00","2","Quarry_1","QTR1","TRFU","Apis_mellifera",2,5,NA
2022,3,25,"4_00","5_00","2","Quarry_1","QTR1","TRFU","Apis_mellifera",1,5,NA
2022,3,25,"4_00","5_00","2","Quarry_1","QTR1","TRFU","Apis_mellifera",1,5,NA
2022,3,25,"4_00","5_00","2","Quarry_1","QTR1","DICA","Junonia_grisea",1,1,NA
2022,3,25,"4_00","5_00","2","Quarry_1","QTR1","TRFU","Apis_mellifera",1,10,NA
2022,3,25,"4_00","5_00","2","Quarry_1","QTR1","TRFU","Apis_mellifera",2,10,NA
2022,3,25,"4_00","5_00","2","Quarry_1","QTR1","TRFU","Apis_mellifera",1,10,NA
2022,3,25,"4_00","5_00","2","Quarry_1","QTR1","TRFU","Apis_mellifera",1,10,NA
2022,3,25,"4_00","5_00","2","Quarry_1","QTR1","TRFU","Apis_mellifera",1,10,NA
2022,3,25,"4_00","5_00","2","Quarry_1","QTR1","TRFU","Apis_mellifera",1,10,NA
2022,3,25,"4_00","5_00","2","Quarry_1","QTR1","TRFU","Apis_mellifera",2,10,NA
2022,3,25,"4_00","5_00","2","Quarry_1","QTR1","TRFU","Apis_mellifera",2,10,NA
2022,3,25,"4_00","5_00","2","Quarry_1","QTR1","TRFU","Eucera_actuosa",3,10,NA
2022,3,25,"4_00","5_00","2","Quarry_1","QTR1","LUSU","Helithodes_dimutiva",1,20,NA
2022,3,25,"4_00","5_00","2","Quarry_1","QTR1","TRFU","Apis_mellifera",1,30,NA
2022,3,25,"4_00","5_00","2","Quarry_1","QTR1","TRFU","Apis_mellifera",1,30,NA
2022,3,25,"4_00","5_00","2","Quarry_1","QTR1","LUSU","Eucera_actuosa",1,30,NA
2022,3,25,"4_00","5_00","2","Quarry_1","QTR1","TRFU","Helithodes_dimutiva",1,30,NA
2022,3,29,"3_50","5_05","1","Quarry_1","QTR1","TRFU","Bombus_vosnesenskii",1,30,NA
2022,3,29,"3_50","5_05","1","Quarry_1","QTR1","CARU","Eucera_actuosa",2,30,NA
2022,3,29,"3_50","5_05","1","Quarry_1","QTR1","TRFU","Apis_mellifera",1,30,NA
2022,3,29,"3_50","5_05","1","Quarry_1","QTR1","TRFU","Apis_mellifera",2,30,NA
2022,3,29,"3_50","5_05","1","Quarry_1","QTR1","TRFU","Apis_mellifera",1,30,NA
2022,3,29,"3_50","5_05","1","Quarry_1","QTR1","TRFU","Apis_mellifera",1,30,NA
2022,3,29,"3_50","5_05","1","Quarry_1","QTR1","ESCA","Scaeva_affinis",1,10,NA
2022,3,29,"3_50","5_05","1","Quarry_1","QTR1","LUSU","Scaeva_affinis",1,10,NA
2022,3,29,"3_50","5_05","1","Quarry_1","QTR1","ESCA","Scaeva_affinis",1,10,NA
2022,3,29,"3_50","5_05","1","Quarry_1","QTR1","LUSU","Scaeva_affinis",3,10,NA
2022,3,29,"3_50","5_05","1","Quarry_1","QTR1","TRFU","Apis_mellifera",1,5,NA
2022,3,29,"3_50","5_05","1","Quarry_1","QTR1","TRFU","Apis_mellifera",2,5,NA
2022,3,29,"3_50","5_05","1","Quarry_1","QTR1","TRFU","Apis_mellifera",4,5,NA
2022,3,29,"3_50","5_05","1","Quarry_1","QTR1","TRFU","Apis_mellifera",1,5,NA
2022,3,29,"3_50","5_05","1","Quarry_1","QTR1","TRFU","Apis_mellifera",1,5,NA
2022,3,29,"3_50","5_05","1","Quarry_1","QTR1","TRFU","Eucera_frater_albopilosa",1,5,NA
2022,3,29,"3_50","5_05","1","Quarry_1","QTR1","TRFU","Apis_mellifera",1,5,NA
2022,3,29,"3_50","5_05","1","Quarry_1","QTR1","VIVI","Eucera_actuosa",1,0,NA
2022,3,29,"3_50","5_05","1","Quarry_1","QTR1","VIVI","Eucera_frater_albopilosa",3,0,NA
2022,3,29,"3_50","5_05","1","Quarry_1","QTR1","TRFU","Apis_mellifera",1,0,NA
2022,3,29,"3_50","5_05","1","Quarry_1","QTR1","TRFU","Apis_mellifera",1,1,NA
2022,3,29,"3_50","5_05","1","Quarry_1","QTR1","TRFU","Apis_mellifera",1,1,NA
2022,3,29,"3_50","5_05","1","Quarry_1","QTR1","TRFU","Apis_mellifera",1,1,NA
2022,3,29,"3_50","5_05","1","Quarry_1","QTR1","TRFU","Apis_mellifera",1,1,NA
2022,3,29,"3_50","5_05","1","Quarry_1","QTR1","TRFU","Apis_mellifera",1,1,NA
2022,3,29,"3_50","5_05","1","Quarry_1","QTR1","TRFU","Apis_mellifera",1,1,NA
2022,3,29,"3_50","5_05","1","Quarry_1","QTR1","TRFU","Apis_mellifera",1,1,NA
2022,3,29,"3_50","5_05","1","Quarry_1","QTR1","TRFU","Phychoides_mytilla",1,1,NA
2022,3,29,"3_50","5_05","1","Quarry_1","QTR1","TRFU","Apis_mellifera",1,5,NA
2022,3,29,"3_50","5_05","1","Quarry_1","QTR1","TRFU","Apis_mellifera",1,5,NA
2022,3,29,"3_50","5_05","1","Quarry_1","QTR1","TRFU","Bombus_vosnesenskii",2,5,NA
2022,3,29,"3_50","5_05","1","Quarry_1","QTR1","TRFU","Apis_mellifera",2,1,NA
2022,3,29,"3_50","5_05","1","Quarry_1","QTR1","TRFU","Apis_mellifera",1,1,NA
2022,3,29,"3_50","5_05","1","Quarry_1","QTR1","TRFU","Bombus_vosnesenskii",1,1,NA
2022,3,29,"3_50","5_05","1","Quarry_1","QTR1","TRFU","Apis_mellifera",1,5,NA
2022,3,29,"3_50","5_05","1","Quarry_1","QTR1","TRFU","Bombus_vosnesenskii",3,5,NA
2022,3,29,"3_50","5_05","1","Quarry_1","QTR1","TRFU","Apis_mellifera",1,5,NA
2022,3,29,"3_50","5_05","1","Quarry_1","QTR1","CARU","Scaeva_affinis",1,1,NA
2022,3,29,"3_50","5_05","1","Quarry_1","QTR1","TRFU","Apis_mellifera",2,1,NA
2022,3,29,"3_50","5_05","1","Quarry_1","QTR1","TRFU","Apis_mellifera",1,1,NA
2022,3,29,"3_50","5_05","1","Quarry_1","QTR1","TRFU","Bombus_vosnesenskii",1,10,NA
2022,3,29,"3_50","5_05","1","Quarry_1","QTR1","TRFU","Apis_mellifera",1,10,NA
2022,3,29,"3_50","5_05","1","Quarry_1","QTR1","TRFU","Bombus_vosnesenskii",7,10,NA
2022,3,29,"3_50","5_05","1","Quarry_1","QTR1","TRFU","Apis_mellifera",2,10,NA
2022,3,29,"3_50","5_05","1","Quarry_1","QTR1","TRFU","Apis_mellifera",1,10,NA
2022,3,29,"3_50","5_05","1","Quarry_1","QTR1","TRFU","Apis_mellifera",1,10,NA
2022,3,29,"3_50","5_05","1","Quarry_1","QTR1","TRFU","Apis_mellifera",1,20,NA
2022,3,29,"3_50","5_05","1","Quarry_1","QTR1","ASJE","Eucera_frater_albopilosa",1,20,NA
2022,3,29,"3_50","5_05","1","Quarry_1","QTR1","TRFU","Apis_mellifera",4,20,NA
2022,3,29,"3_50","5_05","1","Quarry_1","QTR1","TRFU","Apis_mellifera",1,20,NA
2022,3,29,"3_50","5_05","1","Quarry_1","QTR1","TRFU","Bombus_vosnesenskii",1,5,NA
2022,3,29,"3_50","5_05","1","Quarry_1","QTR1","TRFU","Apis_mellifera",1,10,NA
2022,3,29,"3_50","5_05","1","Quarry_1","QTR1","TRFU","Apis_mellifera",1,10,NA
2022,3,29,"3_50","5_05","1","Quarry_1","QTR1","TRFU","Apis_mellifera",1,10,NA
2022,3,29,"3_50","5_05","1","Quarry_1","QTR1","TRFU","Bombus_vosnesenskii",4,15,NA
2022,3,29,"3_50","5_05","1","Quarry_1","QTR1","TRFU","Apis_mellifera",1,15,NA
2022,3,29,"3_50","5_05","1","Quarry_1","QTR1","TRFU","Apis_mellifera",1,15,NA
2022,3,29,"3_50","5_05","1","Quarry_1","QTR1","TRFU","Apis_mellifera",1,15,NA
2022,3,29,"3_50","5_05","1","Quarry_1","QTR1","CARU","Apis_mellifera",1,15,NA
2022,3,29,"3_50","5_05","1","Quarry_1","QTR1","TRFU","Apis_mellifera",2,15,NA
2022,3,29,"3_50","5_05","1","Quarry_1","QTR1","TRFU","Apis_mellifera",1,15,NA
2022,3,29,"3_50","5_05","1","Quarry_1","QTR1","TRFU","Apis_mellifera",1,20,NA
2022,3,29,"3_50","5_05","1","Quarry_1","QTR1","LACA","Andrena_subchalybea",2,20,NA
2022,3,29,"3_50","5_05","1","Quarry_1","QTR1","LACA","Andrena_baeriae",3,20,NA
2022,3,29,"3_50","5_05","1","Quarry_1","QTR1","LACA","Andrena_sp.",1,20,NA
2022,3,29,"3_50","5_05","1","Quarry_1","QTR1","LACA","Andrena_baeriae",1,20,NA
2022,3,29,"3_50","5_05","1","Quarry_1","QTR1","TRFU","Apis_mellifera",1,20,NA
2022,3,29,"3_50","5_05","1","Quarry_1","QTR1","TRFU","Apis_mellifera",1,20,NA
2022,3,29,"3_50","5_05","1","Quarry_1","QTR1","TRFU","Apis_mellifera",1,20,NA
2022,3,29,"3_50","5_05","1","Quarry_1","QTR1","TRFU","Apis_mellifera",1,20,NA
2022,3,29,"3_50","5_05","1","Quarry_1","QTR1","TRFU","Apis_mellifera",1,20,NA
2022,3,29,"3_50","5_05","1","Quarry_1","QTR1","TRFU","Apis_mellifera",1,20,NA
2022,3,29,"3_50","5_05","1","Quarry_1","QTR1","TRFU","Apis_mellifera",1,20,NA
2022,3,29,"3_50","5_05","1","Quarry_1","QTR1","TRFU","Apis_mellifera",2,20,NA
2022,3,29,"3_50","5_05","1","Quarry_1","QTR1","TRFU","Bombus_vosnesenskii",2,20,NA
2022,3,29,"3_50","5_05","1","Quarry_1","QTR1","TRFU","Apis_mellifera",3,20,NA
2022,3,29,"3_50","5_05","1","Quarry_1","QTR1","TRFU","Bombus_vosnesenskii",1,20,NA
2022,3,29,"3_50","5_05","1","Quarry_1","QTR1","CARU","Apis_mellifera",1,20,NA
2022,3,29,"3_50","5_05","1","Quarry_1","QTR1","TRFU","Apis_mellifera",1,20,NA
2022,3,29,"3_50","5_05","1","Quarry_1","QTR1","TRFU","Apis_mellifera",1,20,NA
2022,3,29,"3_50","5_05","1","Quarry_1","QTR1","TRFU","Apis_mellifera",1,20,NA
2022,3,29,"3_50","5_05","1","Quarry_1","QTR1","TRFU","Apis_mellifera",1,20,NA
2022,3,29,"3_50","5_05","1","Quarry_1","QTR1","TRFU","Apis_mellifera",1,20,NA
2022,3,29,"3_50","5_05","1","Quarry_1","QTR1","TRFU","Apis_mellifera",1,20,NA
2022,3,29,"3_50","5_05","1","Quarry_1","QTR1","TRFU","Apis_mellifera",1,30,NA
2022,3,29,"3_50","5_05","1","Quarry_1","QTR1","TRFU","Apis_mellifera",1,30,NA
2022,3,29,"3_50","5_05","1","Quarry_1","QTR1","TRFU","Apis_mellifera",1,30,NA
2022,3,29,"3_50","5_05","1","Quarry_1","QTR1","TRFU","Apis_mellifera",1,30,NA
2022,3,29,"3_50","5_05","1","Quarry_1","QTR1","TRFU","Apis_mellifera",1,30,NA
2022,3,29,"3_50","5_05","1","Quarry_1","QTR1","TRFU","Osmia_sp.",1,30,NA
2022,3,29,"3_50","5_05","1","Quarry_1","QTR1","TRFU","Chrysoperla_sp.",1,30,NA
2022,3,29,"3_50","5_05","1","Quarry_1","QTR1","TRFU","Apis_mellifera",1,30,NA
2022,3,29,"3_50","5_05","1","Quarry_1","QTR1","TRFU","Apis_mellifera",1,30,NA
2022,3,29,"3_50","5_05","1","Quarry_1","QTR1","TRFU","Apis_mellifera",2,50,NA
2022,3,29,"3_50","5_05","1","Quarry_1","QTR1","TRFU","Apis_mellifera",1,50,NA
2022,3,29,"3_50","5_05","1","Quarry_1","QTR1","TRFU","Apis_mellifera",1,50,NA
2022,3,29,"3_50","5_05","1","Quarry_1","QTR1","TRFU","Apis_mellifera",4,50,NA
2022,3,29,"3_50","5_05","1","Quarry_1","QTR1","DICA","Cyrtopogon_sp.",1,NA,NA
2022,3,29,"3_50","5_05","1","Quarry_1","QTR1","TRFU","Apis_mellifera",1,NA,NA
2022,3,29,"3_50","5_05","1","Quarry_1","QTR1","TRFU","Apis_mellifera",1,NA,NA
2022,3,29,"3_50","5_05","1","Quarry_1","QTR1","TRFU","Apis_mellifera",1,NA,NA
2022,3,29,"3_50","5_05","1","Quarry_1","QTR1","TRFU","Apis_mellifera",1,NA,NA
2022,3,29,"3_50","5_05","1","Quarry_1","QTR1","TRFU","Apis_mellifera",1,NA,NA
2022,3,29,"3_50","5_05","1","Quarry_1","QTR1","TRFU","Apis_mellifera",1,NA,NA
2022,3,29,"3_50","5_05","1","Quarry_1","QTR1","TRFU","Apis_mellifera",1,NA,NA
2022,3,29,"3_50","5_05","1","Quarry_1","QTR1","TRFU","Apis_mellifera",1,NA,NA
2022,3,29,"3_50","5_05","1","Quarry_1","QTR1","TRFU","Apis_mellifera",1,NA,NA
2022,3,29,"3_50","5_05","1","Quarry_1","QTR1","TRFU","Bombus_vosnesenskii",4,NA,NA
2022,3,29,"3_50","5_05","1","Quarry_1","QTR1","TRFU","Apis_mellifera",1,NA,NA
2022,4,1,"10_07","11_04","2 main meadow","Quarry_1","QTR1","TRFU","Apis_mellifera",1,10,NA
2022,4,1,"10_07","11_04","2 main meadow","Quarry_1","QTR1","TRFU","Apis_mellifera",1,10,NA
2022,4,1,"10_07","11_04","2 main meadow","Quarry_1","QTR1","TRFU","Apis_mellifera",1,10,NA
2022,4,1,"10_07","11_04","2 main meadow","Quarry_1","QTR1","TRFU","Apis_mellifera",1,10,NA
2022,4,1,"10_07","11_04","2 main meadow","Quarry_1","QTR1","LUSU","Osmia_cara",1,10,NA
2022,4,1,"10_07","11_04","2 main meadow","Quarry_1","QTR1","TRFU","Osmia_cara",1,10,NA
2022,4,1,"10_07","11_04","2 main meadow","Quarry_1","QTR1","TRFU","Apis_mellifera",4,10,NA
2022,4,1,"10_07","11_04","2 main meadow","Quarry_1","QTR1","TRFU","Apis_mellifera",2,10,NA
2022,4,1,"10_07","11_04","2 main meadow","Quarry_1","QTR1","TRFU","Bombus_vosnesenskii",7,10,NA
2022,4,1,"10_07","11_04","2 main meadow","Quarry_1","QTR1","TRFU","Apis_mellifera",2,10,NA
2022,4,1,"10_07","11_04","2 main meadow","Quarry_1","QTR1","TRFU","Apis_mellifera",2,10,NA
2022,4,1,"10_07","11_04","2 main meadow","Quarry_1","QTR1","TRFU","Apis_mellifera",2,10,NA
2022,4,1,"10_07","11_04","2 main meadow","Quarry_1","QTR1","TRFU","Apis_mellifera",2,10,NA
2022,4,1,"10_07","11_04","2 main meadow","Quarry_1","QTR1","TRFU","Apis_mellifera",2,10,NA
2022,4,1,"10_07","11_04","2 main meadow","Quarry_1","QTR1","TRFU","Apis_mellifera",2,5,NA
2022,4,1,"10_07","11_04","2 main meadow","Quarry_1","QTR1","TRFU","Apis_mellifera",2,5,NA
2022,4,1,"10_07","11_04","2 main meadow","Quarry_1","QTR1","TRFU","Apis_mellifera",1,10,NA
2022,4,1,"10_07","11_04","2 main meadow","Quarry_1","QTR1","AGHE","Listrus_sp._1",1,0,NA
2022,4,1,"10_07","11_04","2 main meadow","Quarry_1","QTR1","VIVI","Osmia_cara",2,0,NA
2022,4,1,"10_07","11_04","2 main meadow","Quarry_1","QTR1","VIVI","Anthophora_californica",1,0,NA
2022,4,1,"10_07","11_04","2 main meadow","Quarry_1","QTR1","TRFU","Muscidae",1,0,NA
2022,4,1,"10_07","11_04","2 main meadow","Quarry_1","QTR1","TRFU","Bombylius_major",1,0,NA
2022,4,1,"10_07","11_04","2 main meadow","Quarry_1","QTR1","VIVI","Bombylius_major",1,0,NA
2022,4,1,"10_07","11_04","2 main meadow","Quarry_1","QTR1","TRFU","Apis_mellifera",1,0,NA
2022,4,1,"10_07","11_04","2 main meadow","Quarry_1","QTR1","TRFU","Apis_mellifera",1,1,NA
2022,4,1,"10_07","11_04","2 main meadow","Quarry_1","QTR1","TRFU","Apis_mellifera",2,1,NA
2022,4,1,"10_07","11_04","2 main meadow","Quarry_1","QTR1","TRFU","Apis_mellifera",3,1,NA
2022,4,1,"10_07","11_04","2 main meadow","Quarry_1","QTR1","TRFU","Apis_mellifera",1,1,NA
2022,4,1,"10_07","11_04","2 main meadow","Quarry_1","QTR1","TRFU","Apis_mellifera",3,1,NA
2022,4,1,"10_07","11_04","2 main meadow","Quarry_1","QTR1","TRFU","Apis_mellifera",4,1,NA
2022,4,1,"10_07","11_04","2 main meadow","Quarry_1","QTR1","TRFU","Apis_mellifera",1,1,NA
2022,4,1,"10_07","11_04","2 main meadow","Quarry_1","QTR1","TRFU","Apis_mellifera",1,1,NA
2022,4,1,"10_07","11_04","2 main meadow","Quarry_1","QTR1","TRFU","Apis_mellifera",1,1,NA
2022,4,1,"10_07","11_04","2 main meadow","Quarry_1","QTR1","TRFU","Apis_mellifera",1,1,NA
2022,4,1,"10_07","11_04","2 main meadow","Quarry_1","QTR1","TRFU","Apis_mellifera",4,1,NA
2022,4,1,"10_07","11_04","2 main meadow","Quarry_1","QTR1","TRFU","Apis_mellifera",1,1,NA
2022,4,1,"10_07","11_04","2 main meadow","Quarry_1","QTR1","TRFU","Apis_mellifera",2,5,NA
2022,4,1,"10_07","11_04","2 main meadow","Quarry_1","QTR1","TRFU","Apis_mellifera",1,5,NA
2022,4,1,"10_07","11_04","2 main meadow","Quarry_1","QTR1","TRFU","Apis_mellifera",1,5,NA
2022,4,1,"10_07","11_04","2 main meadow","Quarry_1","QTR1","TRFU","Apis_mellifera",2,5,NA
2022,4,1,"10_07","11_04","2 main meadow","Quarry_1","QTR1","TRFU","Apis_mellifera",1,5,NA
2022,4,1,"10_07","11_04","2 main meadow","Quarry_1","QTR1","TRFU","Apis_mellifera",1,10,NA
2022,4,1,"10_07","11_04","2 main meadow","Quarry_1","QTR1","TRFU","Apis_mellifera",1,5,NA
2022,4,1,"10_07","11_04","2 main meadow","Quarry_1","QTR1","TRFU","Apis_mellifera",1,5,NA
2022,4,1,"10_07","11_04","2 main meadow","Quarry_1","QTR1","TRFU","Apis_mellifera",1,10,NA
2022,4,1,"10_07","11_04","2 main meadow","Quarry_1","QTR1","TRFU","Apis_mellifera",2,10,NA
2022,4,1,"10_07","11_04","2 main meadow","Quarry_1","QTR1","TRFU","Apis_mellifera",3,10,NA
2022,4,1,"10_07","11_04","2 main meadow","Quarry_1","QTR1","TRFU","Apis_mellifera",2,10,NA
2022,4,1,"10_07","11_04","2 main meadow","Quarry_1","QTR1","TRFU","Apis_mellifera",1,10,NA
2022,4,1,"10_07","11_04","2 main meadow","Quarry_1","QTR1","TRFU","Apis_mellifera",1,10,NA
2022,4,1,"10_07","11_04","2 main meadow","Quarry_1","QTR1","LACA","Andrena_subchalybea",1,20,NA
2022,4,1,"10_07","11_04","2 main meadow","Quarry_1","QTR1","TRFU","Apis_mellifera",1,20,NA
2022,4,1,"10_07","11_04","2 main meadow","Quarry_1","QTR1","TRFU","Apis_mellifera",1,20,NA
2022,4,1,"10_07","11_04","2 main meadow","Quarry_1","QTR1","TRFU","Apis_mellifera",2,20,NA
2022,4,1,"10_07","11_04","2 main meadow","Quarry_1","QTR1","TRFU","Apis_mellifera",2,20,NA
2022,4,1,"10_07","11_04","2 main meadow","Quarry_1","QTR1","TRFU","Apis_mellifera",2,20,NA
2022,4,1,"10_07","11_04","2 main meadow","Quarry_1","QTR1","TRFU","Apis_mellifera",1,20,NA
2022,4,1,"10_07","11_04","2 main meadow","Quarry_1","QTR1","TRFU","Apis_mellifera",1,20,NA
2022,4,1,"10_07","11_04","2 main meadow","Quarry_1","QTR1","TRFU","Apis_mellifera",1,20,NA
2022,4,1,"10_07","11_04","2 main meadow","Quarry_1","QTR1","TRFU","Apis_mellifera",1,20,NA
2022,4,1,"10_07","11_04","2 main meadow","Quarry_1","QTR1","TRFU","Apis_mellifera",1,10,NA
2022,4,1,"10_07","11_04","2 main meadow","Quarry_1","QTR1","TRFU","Apis_mellifera",1,10,NA
2022,4,1,"10_07","11_04","2 main meadow","Quarry_1","QTR1","TRFU","Apis_mellifera",1,10,NA
2022,4,1,"10_07","11_04","2 main meadow","Quarry_1","QTR1","TRFU","Apis_mellifera",1,10,NA
2022,4,1,"10_07","11_04","2 main meadow","Quarry_1","QTR1","TRFU","Apis_mellifera",2,10,NA
2022,4,1,"10_07","11_04","2 main meadow","Quarry_1","QTR1","TRFU","Apis_mellifera",1,10,NA
2022,4,1,"10_07","11_04","2 main meadow","Quarry_1","QTR1","TRFU","Osmia_cara",2,10,NA
2022,4,1,"10_07","11_04","2 main meadow","Quarry_1","QTR1","TRFU","Apis_mellifera",1,10,NA
2022,4,1,"10_07","11_04","2 main meadow","Quarry_1","QTR1","TRFU","Apis_mellifera",1,10,NA
2022,4,1,"10_07","11_04","2 main meadow","Quarry_1","QTR1","TRFU","Apis_mellifera",1,10,NA
2022,4,1,"10_07","11_04","2 main meadow","Quarry_1","QTR1","TRFU","Apis_mellifera",1,10,NA
2022,4,1,"10_07","11_04","2 main meadow","Quarry_1","QTR1","TRFU","Apis_mellifera",1,10,NA
2022,4,1,"10_07","11_04","2 main meadow","Quarry_1","QTR1","TRFU","Apis_mellifera",2,10,NA
2022,4,1,"10_07","11_04","2 main meadow","Quarry_1","QTR1","TRFU","Apis_mellifera",1,10,NA
2022,4,1,"10_07","11_04","2 main meadow","Quarry_1","QTR1","TRFU","Apis_mellifera",1,10,NA
2022,4,1,"10_07","11_04","2 main meadow","Quarry_1","QTR1","TRFU","Apis_mellifera",2,10,NA
2022,4,1,"10_07","11_04","2 main meadow","Quarry_1","QTR1","TRFU","Apis_mellifera",1,10,NA
2022,4,1,"10_07","11_04","2 main meadow","Quarry_1","QTR1","TRFU","Apis_mellifera",1,10,NA
2022,4,1,"10_07","11_04","2 main meadow","Quarry_1","QTR1","TRFU","Apis_mellifera",1,50,NA
2022,4,1,"10_07","11_04","2 main meadow","Quarry_1","QTR1","TRFU","Apis_mellifera",1,50,NA
2022,4,1,"10_07","11_04","2 main meadow","Quarry_1","QTR1","TRFU","Apis_mellifera",1,50,NA
2022,4,1,"10_07","11_04","2 main meadow","Quarry_1","QTR1","TRFU","Apis_mellifera",1,50,NA
2022,4,1,"10_07","11_04","2 main meadow","Quarry_1","QTR1","TRFU","Apis_mellifera",1,50,NA
2022,4,1,"10_07","11_04","2 main meadow","Quarry_1","QTR1","TRFU","Apis_mellifera",1,50,NA
2022,4,1,"10_07","11_04","2 main meadow","Quarry_1","QTR1","TRFU","Apis_mellifera",1,50,NA
2022,4,1,"10_07","11_04","2 main meadow","Quarry_1","QTR1","TRFU","Apis_mellifera",1,50,NA
2022,4,1,"10_07","11_04","2 main meadow","Quarry_1","QTR1","TRFU","Apis_mellifera",1,50,NA
2022,4,1,"10_07","11_04","2 main meadow","Quarry_1","QTR1","TRFU","Apis_mellifera",1,50,NA
2022,4,1,"10_07","11_04","2 main meadow","Quarry_1","QTR1","TRFU","Apis_mellifera",3,50,NA
2022,4,1,"10_07","11_04","2 main meadow","Quarry_1","QTR1","TRFU","Apis_mellifera",3,50,NA
2022,4,1,"10_07","11_04","2 main meadow","Quarry_1","QTR1","TRFU","Apis_mellifera",3,50,NA
2022,4,1,"10_07","11_04","2 main meadow","Quarry_1","QTR1","TRFU","Bombus_vosnesenskii",1,50,NA
2022,4,1,"10_07","11_04","2 main meadow","Quarry_1","QTR1","TRFU","Apis_mellifera",1,50,NA
2022,4,1,"10_07","11_04","2 main meadow","Quarry_1","QTR1","TRFU","Apis_mellifera",1,50,NA
2022,4,1,"10_07","11_04","2 main meadow","Quarry_1","QTR1","TRFU","Apis_mellifera",2,50,NA
2022,4,1,"10_07","11_04","2 main meadow","Quarry_1","QTR1","TRFU","Apis_mellifera",1,50,NA
2022,4,1,"10_07","11_04","2 main meadow","Quarry_1","QTR1","TRFU","Apis_mellifera",1,50,NA
2022,4,1,"10_07","11_04","2 main meadow","Quarry_1","QTR1","TRFU","Apis_mellifera",1,50,NA
2022,4,1,"10_07","11_04","2 main meadow","Quarry_1","QTR1","TRFU","Apis_mellifera",1,50,NA
2022,4,5,"3_28","4_05","2_main","Quarry_1","QTR1","TRFU","Bombus_vosnesenskii",2,10,NA
2022,4,5,"3_28","4_05","2_main","Quarry_1","QTR1","TRFU","Apis_mellifera",1,10,NA
2022,4,5,"3_28","4_05","2_main","Quarry_1","QTR1","TRFU","Osmia_cara",1,10,NA
2022,4,5,"3_28","4_05","2_main","Quarry_1","QTR1","TRFU","Apis_mellifera",1,10,NA
2022,4,5,"3_28","4_05","2_main","Quarry_1","QTR1","TRFU","Apis_mellifera",2,10,NA
2022,4,5,"3_28","4_05","2_main","Quarry_1","QTR1","TRFU","Apis_mellifera",1,10,NA
2022,4,5,"3_28","4_05","2_main","Quarry_1","QTR1","TRFU","Apis_mellifera",1,10,NA
2022,4,5,"3_28","4_05","2_main","Quarry_1","QTR1","TRFU","Apis_mellifera",2,10,NA
2022,4,5,"3_28","4_05","2_main","Quarry_1","QTR1","ERGU","Bombus_melanopygus",6,10,NA
2022,4,5,"3_28","4_05","2_main","Quarry_1","QTR1","TRFU","Apis_mellifera",1,10,NA
2022,4,5,"3_28","4_05","2_main","Quarry_1","QTR1","TRFU","Apis_mellifera",2,10,NA
2022,4,5,"3_28","4_05","2_main","Quarry_1","QTR1","TRFU","Eucera_actuosa",2,10,NA
2022,4,5,"3_28","4_05","2_main","Quarry_1","QTR1","TRFU","Apis_mellifera",2,10,NA
2022,4,5,"3_28","4_05","2_main","Quarry_1","QTR1","TRFU","Apis_mellifera",2,10,NA
2022,4,5,"3_28","4_05","2_main","Quarry_1","QTR1","TRFU","Apis_mellifera",1,20,NA
2022,4,5,"3_28","4_05","2_main","Quarry_1","QTR1","TRFU","Apis_mellifera",1,20,NA
2022,4,5,"3_28","4_05","2_main","Quarry_1","QTR1","TRFU","Apis_mellifera",1,10,NA
2022,4,5,"3_28","4_05","2_main","Quarry_1","QTR1","VIVI","Osmia_cara",2,0,NA
2022,4,5,"3_28","4_05","2_main","Quarry_1","QTR1","VIVI","Osmia_cara",1,0,NA
2022,4,5,"3_28","4_05","2_main","Quarry_1","QTR1","TRFU","Apis_mellifera",1,0,NA
2022,4,5,"3_28","4_05","2_main","Quarry_1","QTR1","TRFU","Apis_mellifera",4,1,NA
2022,4,5,"3_28","4_05","2_main","Quarry_1","QTR1","TRFU","Apis_mellifera",3,1,NA
2022,4,5,"3_28","4_05","2_main","Quarry_1","QTR1","TRFU","Apis_mellifera",1,1,NA
2022,4,5,"3_28","4_05","2_main","Quarry_1","QTR1","TRFU","Apis_mellifera",1,1,NA
2022,4,5,"3_28","4_05","2_main","Quarry_1","QTR1","LACA","Conophorus_fenestratus",1,NA,NA
2022,4,5,"3_28","4_05","2_main","Quarry_1","QTR1","LACA","Conophorus_fenestratus",1,NA,NA
2022,4,5,"3_28","4_05","2_main","Quarry_1","QTR1","TRFU","Apis_mellifera",1,20,NA
2022,4,5,"3_28","4_05","2_main","Quarry_1","QTR1","TRFU","Apis_mellifera",1,20,NA
2022,4,5,"3_28","4_05","2_main","Quarry_1","QTR1","TRFU","Apis_mellifera",1,5,NA
2022,4,5,"3_28","4_05","2_main","Quarry_1","QTR1","TRFU","Apis_mellifera",2,5,NA
2022,4,5,"3_28","4_05","2_main","Quarry_1","QTR1","TRFU","Apis_mellifera",1,5,NA
2022,4,5,"3_28","4_05","2_main","Quarry_1","QTR1","TRFU","Apis_mellifera",3,5,NA
2022,4,5,"3_28","4_05","2_main","Quarry_1","QTR1","TRFU","Apis_mellifera",2,5,NA
2022,4,5,"3_28","4_05","2_main","Quarry_1","QTR1","TRFU","Apis_mellifera",1,5,NA
2022,4,5,"3_28","4_05","2_main","Quarry_1","QTR1","TRFU","Apis_mellifera",2,5,NA
2022,4,5,"3_28","4_05","2_main","Quarry_1","QTR1","TRFU","Apis_mellifera",2,5,NA
2022,4,5,"3_28","4_05","2_main","Quarry_1","QTR1","TRFU","Apis_mellifera",1,5,NA
2022,4,5,"3_28","4_05","2_main","Quarry_1","QTR1","TRFU","Apis_mellifera",2,5,NA
2022,4,5,"3_28","4_05","2_main","Quarry_1","QTR1","DICA","Junonia_grisea",1,10,NA
2022,4,5,"3_28","4_05","2_main","Quarry_1","QTR1","DICA","Junonia_grisea",1,10,NA
2022,4,5,"3_28","4_05","2_main","Quarry_1","QTR1","TRFU","Apis_mellifera",1,10,NA
2022,4,5,"3_28","4_05","2_main","Quarry_1","QTR1","TRFU","Apis_mellifera",1,10,NA
2022,4,5,"3_28","4_05","2_main","Quarry_1","QTR1","TRFU","Apis_mellifera",3,10,NA
2022,4,5,"3_28","4_05","2_main","Quarry_1","QTR1","TRFU","Apis_mellifera",3,10,NA
2022,4,5,"3_28","4_05","2_main","Quarry_1","QTR1","TRFU","Apis_mellifera",1,10,NA
2022,4,5,"3_28","4_05","2_main","Quarry_1","QTR1","TRFU","Apis_mellifera",1,15,NA
2022,4,5,"3_28","4_05","2_main","Quarry_1","QTR1","TRFU","Apis_mellifera",3,15,NA
2022,4,5,"3_28","4_05","2_main","Quarry_1","QTR1","TRFU","Apis_mellifera",4,15,NA
2022,4,5,"3_28","4_05","2_main","Quarry_1","QTR1","TRFU","Apis_mellifera",1,15,NA
2022,4,5,"3_28","4_05","2_main","Quarry_1","QTR1","TRFU","Apis_mellifera",1,20,NA
2022,4,5,"3_28","4_05","2_main","Quarry_1","QTR1","TRFU","Apis_mellifera",1,20,NA
2022,4,5,"3_28","4_05","2_main","Quarry_1","QTR1","TRFU","Apis_mellifera",1,20,NA
2022,4,5,"3_28","4_05","2_main","Quarry_1","QTR1","TRFU","Apis_mellifera",1,30,NA
2022,4,5,"3_28","4_05","2_main","Quarry_1","QTR1","TRFU","Apis_mellifera",3,30,NA
2022,4,5,"3_28","4_05","2_main","Quarry_1","QTR1","TRFU","Apis_mellifera",1,40,NA
2022,4,5,"3_28","4_05","2_main","Quarry_1","QTR1","TRFU","Apis_mellifera",1,30,NA
2022,4,5,"3_28","4_05","2_main","Quarry_1","QTR1","TRFU","Apis_mellifera",1,30,NA
2022,4,5,"3_28","4_05","2_main","Quarry_1","QTR1","TRFU","Apis_mellifera",1,50,NA
2022,4,5,"3_28","4_05","2_main","Quarry_1","QTR1","TRFU","Apis_mellifera",2,50,NA
2022,4,5,"3_28","4_05","2_main","Quarry_1","QTR1","TRFU","Apis_mellifera",3,50,NA
2022,4,5,"3_28","4_05","2_main","Quarry_1","QTR1","TRFU","Apis_mellifera",3,50,NA
2022,4,5,"3_28","4_05","2_main","Quarry_1","QTR1","TRFU","Apis_mellifera",1,50,NA
2022,4,5,"3_28","4_05","2_main","Quarry_1","QTR1","TRFU","Apis_mellifera",4,50,NA
2022,4,5,"3_28","4_05","2_main","Quarry_1","QTR1","TRFU","Apis_mellifera",2,50,NA
2022,4,5,"3_28","4_05","2_main","Quarry_1","QTR1","TRFU","Apis_mellifera",1,50,NA
2022,4,5,"3_28","4_05","2_main","Quarry_1","QTR1","TRFU","Apis_mellifera",2,50,NA
2022,4,5,"3_28","4_05","2_main","Quarry_1","QTR1","TRFU","Apis_mellifera",2,50,NA
2022,4,5,"3_28","4_05","2_main","Quarry_1","QTR1","TRFU","Apis_mellifera",3,50,NA
2022,4,5,"3_28","4_05","2_main","Quarry_1","QTR1","TRFU","Apis_mellifera",1,50,NA
2022,4,7,"4_43","5_13","1","Quarry_1","QTR1","TRFU","Apis_mellifera",1,10,NA
2022,4,7,"4_43","5_13","1","Quarry_1","QTR1","VIVI","Eucera_frater_albopilosa",3,0,NA
2022,4,7,"4_43","5_13","1","Quarry_1","QTR1","VIVI","Eucera_frater_albopilosa",1,0,NA
2022,4,7,"4_43","5_13","1","Quarry_1","QTR1","VIVI","Eucera_actuosa",1,0,NA
2022,4,7,"4_43","5_13","1","Quarry_1","QTR1","VIVI","Apis_mellifera",1,0,NA
2022,4,7,"4_43","5_13","1","Quarry_1","QTR1","TRFU","Apis_mellifera",1,0,NA
2022,4,7,"4_43","5_13","1","Quarry_1","QTR1","TRFU","Apis_mellifera",1,0,NA
2022,4,7,"4_43","5_13","1","Quarry_1","QTR1","TRFU","Apis_mellifera",1,1,NA
2022,4,7,"4_43","5_13","1","Quarry_1","QTR1","TRFU","Apis_mellifera",1,1,NA
2022,4,7,"4_43","5_13","1","Quarry_1","QTR1","ERGU","Helithodes_dimutiva",2,5,NA
2022,4,7,"4_43","5_13","1","Quarry_1","QTR1","TRFU","Apis_mellifera",2,10,NA
2022,4,7,"4_43","5_13","1","Quarry_1","QTR1","LACA","Chrysis_angolensis",4,NA,NA
2022,4,7,"4_43","5_13","1","Quarry_1","QTR1","LACA","Listrus_sp._1",1,NA,NA
2022,4,7,"4_43","5_13","1","Quarry_1","QTR1","TRFU","Apis_mellifera",1,10,NA
2022,4,7,"4_43","5_13","1","Quarry_1","QTR1","TRFU","Apis_mellifera",1,10,NA
2022,4,7,"4_43","5_13","1","Quarry_1","QTR1","TRFU","Apis_mellifera",1,10,NA
2022,4,7,"4_43","5_13","1","Quarry_1","QTR1","TRFU","Apis_mellifera",2,10,NA
2022,4,7,"4_43","5_13","1","Quarry_1","QTR1","TRFU","Apis_mellifera",3,10,NA
2022,4,7,"4_43","5_13","1","Quarry_1","QTR1","TRFU","Apis_mellifera",2,10,NA
2022,4,7,"4_43","5_13","1","Quarry_1","QTR1","TRFU","Apis_mellifera",2,10,NA
2022,4,7,"4_43","5_13","1","Quarry_1","QTR1","TRFU","Apis_mellifera",1,10,NA
2022,4,7,"4_43","5_13","1","Quarry_1","QTR1","TRFU","Apis_mellifera",1,10,NA
2022,4,7,"4_43","5_13","1","Quarry_1","QTR1","TRFU","Apis_mellifera",2,10,NA
2022,4,7,"4_43","5_13","1","Quarry_1","QTR1","TRFU","Apis_mellifera",1,10,NA
2022,4,7,"4_43","5_13","1","Quarry_1","QTR1","TRFU","Panurginus_sp.",1,5,NA
2022,4,7,"4_43","5_13","1","Quarry_1","QTR1","TRFU","Apis_mellifera",1,5,NA
2022,4,7,"4_43","5_13","1","Quarry_1","QTR1","TRFU","Apis_mellifera",3,5,NA
2022,4,7,"4_43","5_13","1","Quarry_1","QTR1","TRFU","Apis_mellifera",2,5,NA
2022,4,7,"4_43","5_13","1","Quarry_1","QTR1","TRFU","Apis_mellifera",2,5,NA
2022,4,7,"4_43","5_13","1","Quarry_1","QTR1","TRFU","Apis_mellifera",1,5,NA
2022,4,7,"4_43","5_13","1","Quarry_1","QTR1","TRFU","Apis_mellifera",1,5,NA
2022,4,7,"4_43","5_13","1","Quarry_1","QTR1","TRFU","Apis_mellifera",2,5,NA
2022,4,7,"4_43","5_13","1","Quarry_1","QTR1","TRFU","Apis_mellifera",2,10,NA
2022,4,7,"4_43","5_13","1","Quarry_1","QTR1","TRFU","Apis_mellifera",1,10,NA
2022,4,7,"4_43","5_13","1","Quarry_1","QTR1","TRFU","Apis_mellifera",1,5,NA
2022,4,7,"4_43","5_13","1","Quarry_1","QTR1","TRFU","Apis_mellifera",1,10,NA
2022,4,7,"4_43","5_13","1","Quarry_1","QTR1","TRFU","Apis_mellifera",1,10,NA
2022,4,7,"4_43","5_13","1","Quarry_1","QTR1","TRFU","Bombus_vosnesenskii",3,5,NA
2022,4,7,"4_43","5_13","1","Quarry_1","QTR1","TRFU","Apis_mellifera",1,40,NA
2022,4,7,"4_43","5_13","1","Quarry_1","QTR1","TRFU","Apis_mellifera",1,50,NA
2022,4,7,"4_43","5_13","1","Quarry_1","QTR1","TRFU","Apis_mellifera",4,50,NA
2022,4,7,"4_43","5_13","1","Quarry_1","QTR1","TRFU","Apis_mellifera",3,50,NA
2022,4,7,"4_43","5_13","1","Quarry_1","QTR1","TRFU","Apis_mellifera",1,50,NA
2022,4,7,"4_43","5_13","1","Quarry_1","QTR1","TRFU","Apis_mellifera",1,50,NA
2022,4,7,"4_43","5_13","1","Quarry_1","QTR1","TRFU","Apis_mellifera",2,50,NA
2022,4,7,"4_43","5_13","1","Quarry_1","QTR1","TRFU","Apis_mellifera",1,50,NA
2022,4,7,"4_43","5_13","1","Quarry_1","QTR1","TRFU","Apis_mellifera",1,50,NA
2022,4,7,"4_43","5_13","1","Quarry_1","QTR1","TRFU","Apis_mellifera",1,50,NA
2022,3,25,"3_35","4_00","1","Quarry_1","QTR2","VIVI","Apis_mellifera",1,0,NA
2022,3,25,"3_35","4_00","1","Quarry_1","QTR2","CRHI","Conophorus_fenestratus",2,5,NA
2022,3,25,"3_35","4_00","1","Quarry_1","QTR2","CRHI","Nomada_hesperia",3,5,NA
2022,3,25,"3_35","4_00","1","Quarry_1","QTR2","CRHI","Conophorus_fenestratus",2,5,NA
2022,3,25,"3_35","4_00","1","Quarry_1","QTR2","CRHI","Conophorus_fenestratus",1,5,NA
2022,3,25,"3_35","4_00","1","Quarry_1","QTR2","CRHI","Conophorus_fenestratus",1,5,NA
2022,3,25,"3_35","4_00","1","Quarry_1","QTR2","CRHI","Nomada_hesperia",3,5,NA
2022,3,25,"3_35","4_00","1","Quarry_1","QTR2","ERGU","Elateridae",1,5,NA
2022,3,25,"3_35","4_00","1","Quarry_1","QTR2","CRHI","Conophorus_fenestratus",1,5,NA
2022,3,25,"3_35","4_00","1","Quarry_1","QTR2","CRHI","Conophorus_fenestratus",1,5,NA
2022,3,25,"3_35","4_00","1","Quarry_1","QTR2","CRHI","Conophorus_fenestratus",1,5,NA
2022,3,25,"3_35","4_00","1","Quarry_1","QTR2","TRFU","Apis_mellifera",3,10,NA
2022,3,25,"3_35","4_00","1","Quarry_1","QTR2","TRFU","Bombus_vosnesenskii",1,50,NA
2022,3,25,"3_35","4_00","1","Quarry_1","QTR2","TRFU","Eucera_frater_albopilosa",2,10,NA
2022,3,25,"3_35","4_00","1","Quarry_1","QTR2","TRFU","Apis_mellifera",4,10,NA
2022,3,25,"3_35","4_00","1","Quarry_1","QTR2","CRHI","Junonia_grisea",1,10,NA
2022,3,25,"3_35","4_00","1","Quarry_1","QTR2","CRHI","Nomada_hesperia",3,10,NA
2022,3,25,"3_35","4_00","1","Quarry_1","QTR2","CRHI","Conophorus_fenestratus",1,10,NA
2022,3,25,"3_35","4_00","1","Quarry_1","QTR2","CRHI","Conophorus_fenestratus",1,10,NA
2022,3,25,"3_35","4_00","1","Quarry_1","QTR2","CRHI","Conophorus_fenestratus",1,10,NA
2022,3,25,"3_35","4_00","1","Quarry_1","QTR2","TRFU","Anthophora_californica",2,10,NA
2022,3,25,"3_35","4_00","1","Quarry_1","QTR2","CRHI","Conophorus_fenestratus",1,NA,NA
2022,3,25,"3_35","4_00","1","Quarry_1","QTR2","CRHI","Conophorus_fenestratus",1,NA,NA
2022,3,25,"3_35","4_00","1","Quarry_1","QTR2","CRHI","Andrena_subchalybea",3,NA,NA
2022,3,25,"3_35","4_00","1","Quarry_1","QTR2","CRHI","Conophorus_fenestratus",2,NA,NA
2022,3,25,"3_35","4_00","1","Quarry_1","QTR2","CRHI","Conophorus_fenestratus",1,NA,NA
2022,3,25,"3_35","4_00","1","Quarry_1","QTR2","CRHI","Andrena_subchalybea",1,NA,NA
2022,3,25,"3_35","4_00","1","Quarry_1","QTR2","PLER","Junonia_grisea",1,NA,NA
2022,3,25,"3_35","4_00","1","Quarry_1","QTR2","ASJE","Osmia_nemoris",2,60,NA
2022,3,25,"3_35","4_00","1","Quarry_1","QTR2","ASJE","Osmia_nemoris",1,60,NA
2022,3,25,"3_35","4_00","1","Quarry_1","QTR2","CRHI","Nomada_hesperia",2,60,NA
2022,3,29,"3_50","5_05","1","Quarry_1","QTR2","CRHI","Bombylius_major",1,NA,NA
2022,3,29,"3_50","5_05","1","Quarry_1","QTR2","CRHI","Conophorus_fenestratus",1,NA,NA
2022,3,29,"3_50","5_05","1","Quarry_1","QTR2","CRHI","Conophorus_fenestratus",1,NA,NA
2022,3,29,"3_50","5_05","1","Quarry_1","QTR2","CRHI","Andrena_baeriae",1,NA,NA
2022,3,29,"3_50","5_05","1","Quarry_1","QTR2","CRHI","Cyrtopogon_sp.",2,NA,NA
2022,3,29,"3_50","5_05","1","Quarry_1","QTR2","CRHI","Heliolonche_modiella",1,NA,NA
2022,3,29,"3_50","5_05","1","Quarry_1","QTR2","CRHI","Andrena_sp.",1,NA,NA
2022,3,29,"3_50","5_05","1","Quarry_1","QTR2","CRHI","Conophorus_fenestratus",1,NA,NA
2022,3,29,"3_50","5_05","1","Quarry_1","QTR2","CRHI","Nomada_hesperia",2,NA,NA
2022,3,29,"3_50","5_05","1","Quarry_1","QTR2","CRHI","Cyrtopogon_sp.",1,NA,NA
2022,3,29,"3_50","5_05","1","Quarry_1","QTR2","CRHI","Coenonympha_californica",1,NA,NA
2022,3,29,"3_50","5_05","1","Quarry_1","QTR2","CRHI","Nomada_hesperia",1,NA,NA
2022,3,29,"3_50","5_05","1","Quarry_1","QTR2","CRHI","Nomada_hesperia",1,NA,NA
2022,3,29,"3_50","5_05","1","Quarry_1","QTR2","ASJE","Eucera_actuosa",1,100,NA
2022,3,29,"3_50","5_05","1","Quarry_1","QTR2","ASJE","Eucera_actuosa",4,100,NA
2022,3,29,"3_50","5_05","1","Quarry_1","QTR2","ASJE","Eucera_actuosa",1,100,NA
2022,3,29,"3_50","5_05","1","Quarry_1","QTR2","CRHI","Conophorus_fenestratus",1,NA,NA
2022,3,29,"3_50","5_05","1","Quarry_1","QTR2","CRHI","Andrena_sp.",1,NA,NA
2022,3,29,"3_50","5_05","1","Quarry_1","QTR2","CRHI","Andrena_sp.",1,NA,NA
2022,3,29,"3_50","5_05","1","Quarry_1","QTR2","CRHI","Andrena_sp.",1,NA,NA
2022,3,29,"3_50","5_05","1","Quarry_1","QTR2","CRHI","Conophorus_fenestratus",1,NA,NA
2022,3,29,"3_50","5_05","1","Quarry_1","QTR2","CRHI","Conophorus_fenestratus",1,NA,NA
2022,3,29,"3_50","5_05","1","Quarry_1","QTR2","CRHI","Phychoides_mytilla",1,NA,NA
2022,3,29,"3_50","5_05","1","Quarry_1","QTR2","CRHI","Nomada_hesperia",1,NA,NA
2022,3,29,"3_50","5_05","1","Quarry_1","QTR2","CRHI","Nomada_hesperia",1,NA,NA
2022,3,29,"3_50","5_05","1","Quarry_1","QTR2","CRHI","Nomada_hesperia",1,NA,NA
2022,3,29,"3_50","5_05","1","Quarry_1","QTR2","CRHI","Conophorus_fenestratus",1,NA,NA
2022,3,29,"3_50","5_05","1","Quarry_1","QTR2","DICA","Junonia_grisea",1,0,NA
2022,3,29,"3_50","5_05","1","Quarry_1","QTR2","TRFU","Apis_mellifera",1,10,NA
2022,3,29,"3_50","5_05","1","Quarry_1","QTR2","TRFU","Apis_mellifera",1,10,NA
2022,3,29,"3_50","5_05","1","Quarry_1","QTR2","TRFU","Apis_mellifera",1,10,NA
2022,4,1,"11_04","11_48","3 (down the seep)","Quarry_1","QTR2","ERGU","Junonia_grisea",1,NA,NA
2022,4,1,"11_04","11_48","3 (down the seep)","Quarry_1","QTR2","Asteraceae sp.","Elateridae",1,NA,NA
2022,4,1,"11_04","11_48","3 (down the seep)","Quarry_1","QTR2","DICA","Bombylius_major",1,NA,NA
2022,4,1,"11_04","11_48","3 (down the seep)","Quarry_1","QTR2","ERGU","Helithodes_dimutiva",1,NA,NA
2022,4,1,"11_04","11_48","3 (down the seep)","Quarry_1","QTR2","ACBR","Scaeva_affinis",1,NA,NA
2022,4,1,"11_04","11_48","3 (down the seep)","Quarry_1","QTR2","ERGU","Adela_trigrapha",1,NA,NA
2022,4,1,"11_04","11_48","3 (down the seep)","Quarry_1","QTR2","CRHI","Conophorus_fenestratus",1,NA,NA
2022,4,1,"11_04","11_48","3 (down the seep)","Quarry_1","QTR2","CRHI","Conophorus_fenestratus",1,NA,NA
2022,4,1,"11_04","11_48","3 (down the seep)","Quarry_1","QTR2","CRHI","Conophorus_fenestratus",1,NA,NA
2022,4,1,"11_04","11_48","3 (down the seep)","Quarry_1","QTR2","CRHI","Conophorus_fenestratus",1,NA,NA
2022,4,1,"11_04","11_48","3 (down the seep)","Quarry_1","QTR2","CRHI","Conophorus_fenestratus",1,NA,NA
2022,4,1,"11_04","11_48","3 (down the seep)","Quarry_1","QTR2","CRHI","Andrena_subchalybea",1,NA,NA
2022,4,1,"11_04","11_48","3 (down the seep)","Quarry_1","QTR2","CRHI","Conophorus_fenestratus",1,NA,NA
2022,4,1,"11_04","11_48","3 (down the seep)","Quarry_1","QTR2","CRHI","Annaphila_decia",1,NA,NA
2022,4,1,"11_04","11_48","3 (down the seep)","Quarry_1","QTR2","CRHI","Annaphila_decia",1,NA,NA
2022,4,1,"11_04","11_48","3 (down the seep)","Quarry_1","QTR2","CRHI","Nomada_hesperia",1,NA,NA
2022,4,1,"11_04","11_48","3 (down the seep)","Quarry_1","QTR2","CRHI","Conophorus_fenestratus",2,NA,NA
2022,4,1,"11_04","11_48","3 (down the seep)","Quarry_1","QTR2","CRHI","Conophorus_fenestratus",2,NA,NA
2022,4,1,"11_04","11_48","3 (down the seep)","Quarry_1","QTR2","CRHI","Andrena_subchalybea",1,NA,NA
2022,4,1,"11_04","11_48","3 (down the seep)","Quarry_1","QTR2","CRHI","Conophorus_fenestratus",2,NA,NA
2022,4,1,"11_04","11_48","3 (down the seep)","Quarry_1","QTR2","CRHI","Conophorus_fenestratus",2,NA,NA
2022,4,1,"11_04","11_48","3 (down the seep)","Quarry_1","QTR2","CRHI","Conophorus_fenestratus",1,NA,NA
2022,4,1,"11_04","11_48","3 (down the seep)","Quarry_1","QTR2","CRHI","Nomada_hesperia",1,NA,NA
2022,4,1,"11_04","11_48","3 (down the seep)","Quarry_1","QTR2","ASJE","Nomada_hesperia",1,50,NA
2022,4,1,"11_04","11_48","3 (down the seep)","Quarry_1","QTR2","ASJE","Osmia_nemoris",4,50,NA
2022,4,1,"11_04","11_48","3 (down the seep)","Quarry_1","QTR2","ASJE","Osmia_cara",1,50,NA
2022,4,1,"11_04","11_48","3 (down the seep)","Quarry_1","QTR2","CRHI","Conophorus_fenestratus",1,NA,NA
2022,4,1,"11_04","11_48","3 (down the seep)","Quarry_1","QTR2","CRHI","Annaphila_decia",1,NA,NA
2022,4,1,"11_04","11_48","3 (down the seep)","Quarry_1","QTR2","CRHI","Conophorus_fenestratus",1,NA,NA
2022,4,1,"11_04","11_48","3 (down the seep)","Quarry_1","QTR2","CRHI","Conophorus_fenestratus",1,NA,NA
2022,4,1,"11_04","11_48","3 (down the seep)","Quarry_1","QTR2","CRHI","Andrena_sp.",1,NA,NA
2022,4,1,"11_04","11_48","3 (down the seep)","Quarry_1","QTR2","CRHI","Nomada_hesperia",1,NA,NA
2022,4,1,"11_04","11_48","3 (down the seep)","Quarry_1","QTR2","CRHI","Conophorus_fenestratus",1,NA,NA
2022,4,1,"11_04","11_48","3 (down the seep)","Quarry_1","QTR2","CRHI","Conophorus_fenestratus",1,NA,NA
2022,4,1,"11_04","11_48","3 (down the seep)","Quarry_1","QTR2","CRHI","Conophorus_fenestratus",1,NA,NA
2022,4,1,"11_04","11_48","3 (down the seep)","Quarry_1","QTR2","CRHI","Conophorus_fenestratus",1,NA,NA
2022,4,1,"11_04","11_48","3 (down the seep)","Quarry_1","QTR2","TRFU","Anthophora_californica",1,10,NA
2022,4,1,"11_04","11_48","3 (down the seep)","Quarry_1","QTR2","TRFU","Anthophora_californica",1,10,NA
2022,4,1,"11_04","11_48","3 (down the seep)","Quarry_1","QTR2","CRHI","Conophorus_fenestratus",1,NA,NA
2022,4,1,"11_04","11_48","3 (down the seep)","Quarry_1","QTR2","CRHI","Nomada_hesperia",1,NA,NA
2022,4,1,"11_04","11_48","3 (down the seep)","Quarry_1","QTR2","CRHI","Conophorus_fenestratus",1,NA,NA
2022,4,1,"11_04","11_48","3 (down the seep)","Quarry_1","QTR2","CRHI","Cylindromyia sp.",1,NA,NA
2022,4,1,"11_04","11_48","3 (down the seep)","Quarry_1","QTR2","CRHI","Junonia_grisea",2,NA,NA
2022,4,1,"11_04","11_48","3 (down the seep)","Quarry_1","QTR2","CRHI","Conophorus_fenestratus",1,NA,NA
2022,4,1,"11_04","11_48","3 (down the seep)","Quarry_1","QTR2","ERGU","Osmia_cara",1,NA,NA
2022,4,1,"11_04","11_48","3 (down the seep)","Quarry_1","QTR2","ACBR","Eucera_actuosa",1,NA,NA
2022,4,5,"4_05","4_40","3_Seep","Quarry_1","QTR2","TRFU","Apis_mellifera",1,50,NA
2022,4,5,"4_05","4_40","3_Seep","Quarry_1","QTR2","TRFU","Apis_mellifera",1,50,NA
2022,4,5,"4_05","4_40","3_Seep","Quarry_1","QTR2","TRFU","Apis_mellifera",1,60,NA
2022,4,5,"4_05","4_40","3_Seep","Quarry_1","QTR2","SIBE","Anthophora_californica",9,60,NA
2022,4,5,"4_05","4_40","3_Seep","Quarry_1","QTR2","ACBR","Eucera_actuosa",3,60,NA
2022,4,5,"4_05","4_40","3_Seep","Quarry_1","QTR2","ERGU","Adela_eldorada",1,NA,NA
2022,4,5,"4_05","4_40","3_Seep","Quarry_1","QTR2","ACBR","Eucera_actuosa",2,200,NA
2022,4,5,"4_05","4_40","3_Seep","Quarry_1","QTR2","CRHI","Muscidae",1,NA,NA
2022,4,5,"4_05","4_40","3_Seep","Quarry_1","QTR2","CRHI","Nomada_hesperia",1,NA,NA
2022,4,5,"4_05","4_40","3_Seep","Quarry_1","QTR2","CRHI","Conophorus_fenestratus",1,NA,NA
2022,4,5,"4_05","4_40","3_Seep","Quarry_1","QTR2","CRHI","Conophorus_fenestratus",2,NA,NA
2022,4,5,"4_05","4_40","3_Seep","Quarry_1","QTR2","CRHI","Nomada_hesperia",2,NA,NA
2022,4,5,"4_05","4_40","3_Seep","Quarry_1","QTR2","CRHI","Andrena_subchalybea",1,NA,NA
2022,4,5,"4_05","4_40","3_Seep","Quarry_1","QTR2","CRHI","Nomada_hesperia",1,NA,NA
2022,4,5,"4_05","4_40","3_Seep","Quarry_1","QTR2","CRHI","Nomada_hesperia",1,NA,NA
2022,4,5,"4_05","4_40","3_Seep","Quarry_1","QTR2","ASJE","Osmia_nemoris",1,150,NA
2022,4,5,"4_05","4_40","3_Seep","Quarry_1","QTR2","ASJE","Osmia_nemoris",1,150,NA
2022,4,5,"4_05","4_40","3_Seep","Quarry_1","QTR2","ASJE","Eucera_sp.",1,150,NA
2022,4,5,"4_05","4_40","3_Seep","Quarry_1","QTR2","CRHI","Nomada_hesperia",1,NA,NA
2022,4,5,"4_05","4_40","3_Seep","Quarry_1","QTR2","CRHI","Nomada_hesperia",1,NA,NA
2022,4,5,"4_05","4_40","3_Seep","Quarry_1","QTR2","CRHI","Nomada_hesperia",1,NA,NA
2022,4,5,"4_05","4_40","3_Seep","Quarry_1","QTR2","CRHI","Andrena_subchalybea",1,NA,NA
2022,4,5,"4_05","4_40","3_Seep","Quarry_1","QTR2","CRHI","Conophorus_fenestratus",2,50,NA
2022,4,5,"4_05","4_40","3_Seep","Quarry_1","QTR2","CRHI","Conophorus_fenestratus",2,50,NA
2022,4,5,"4_05","4_40","3_Seep","Quarry_1","QTR2","ASJE","Erynnis_propertius",6,50,NA
2022,4,5,"4_05","4_40","3_Seep","Quarry_1","QTR2","TRFU","Apis_mellifera",1,10,NA
2022,4,5,"4_05","4_40","3_Seep","Quarry_1","QTR2","TRFU","Apis_mellifera",7,10,NA
2022,4,5,"4_05","4_40","3_Seep","Quarry_1","QTR2","TRFU","Apis_mellifera",2,10,NA
2022,4,5,"4_05","4_40","3_Seep","Quarry_1","QTR2","TRFU","Apis_mellifera",1,10,NA
2022,4,5,"4_05","4_40","3_Seep","Quarry_1","QTR2","TRFU","Elateridae",1,10,NA
2022,4,5,"4_05","4_40","3_Seep","Quarry_1","QTR2","CRHI","Andrena_sp.",2,NA,NA
2022,4,5,"4_05","4_40","3_Seep","Quarry_1","QTR2","VIVI","Eucera_actuosa",2,0,NA
2022,4,5,"4_05","4_40","3_Seep","Quarry_1","QTR2","VIVI","Eucera_actuosa",1,0,NA
2022,4,5,"4_05","4_40","3_Seep","Quarry_1","QTR2","VIVI","Glaucophysche_lygdamus",1,0,NA
2022,4,5,"4_05","4_40","3_Seep","Quarry_1","QTR2","TRFU","Prosperpinus_clarkiae",4,50,NA
2022,4,7,"5_14","5_40","2_seep","Quarry_1","QTR2","ERGU","Junonia_grisea",1,60,NA
2022,4,7,"5_14","5_40","2_seep","Quarry_1","QTR2","ERGU","Anthophora_californica",3,60,NA
2022,4,7,"5_14","5_40","2_seep","Quarry_1","QTR2","ERGU","Osmia_cara",1,NA,NA
2022,4,7,"5_14","5_40","2_seep","Quarry_1","QTR2","ERGU","Andrena_subchalybea",1,NA,NA
2022,4,7,"5_14","5_40","2_seep","Quarry_1","QTR2","CRHI","Nomada_hesperia",1,NA,NA
2022,4,7,"5_14","5_40","2_seep","Quarry_1","QTR2","CRHI","Cyrtopogon_sp.",1,NA,NA
2022,4,7,"5_14","5_40","2_seep","Quarry_1","QTR2","CRHI","Nomada_hesperia",1,NA,NA
2022,4,7,"5_14","5_40","2_seep","Quarry_1","QTR2","CRHI","Muscidae",1,NA,NA
2022,4,7,"5_14","5_40","2_seep","Quarry_1","QTR2","CRHI","Nomada_hesperia",1,NA,NA
2022,4,7,"5_14","5_40","2_seep","Quarry_1","QTR2","CRHI","Nomada_hesperia",1,NA,NA
2022,4,7,"5_14","5_40","2_seep","Quarry_1","QTR2","CRHI","Nomada_hesperia",1,NA,NA
2022,4,7,"5_14","5_40","2_seep","Quarry_1","QTR2","CRHI","Nomada_hesperia",1,NA,NA
2022,4,7,"5_14","5_40","2_seep","Quarry_1","QTR2","ASJE","Osmia_nemoris",2,110,NA
2022,4,7,"5_14","5_40","2_seep","Quarry_1","QTR2","ASJE","Osmia_nemoris",3,110,NA
2022,4,7,"5_14","5_40","2_seep","Quarry_1","QTR2","ASJE","Osmia_nemoris",1,110,NA
2022,4,7,"5_14","5_40","2_seep","Quarry_1","QTR2","ASJE","Osmia_nemoris",1,110,NA
2022,4,7,"5_14","5_40","2_seep","Quarry_1","QTR2","CRHI","Nomada_hesperia",1,NA,NA
2022,4,7,"5_14","5_40","2_seep","Quarry_1","QTR2","CRHI","Nomada_hesperia",1,NA,NA
2022,4,7,"5_14","5_40","2_seep","Quarry_1","QTR2","ASJE","Osmia_nemoris",3,70,NA
2022,4,7,"5_14","5_40","2_seep","Quarry_1","QTR2","CRHI","Nomada_hesperia",1,NA,NA
2022,4,7,"5_14","5_40","2_seep","Quarry_1","QTR2","CRHI","Conophorus_fenestratus",1,NA,NA
2022,4,7,"5_14","5_40","2_seep","Quarry_1","QTR2","CRHI","Nomada_hesperia",1,NA,NA
2022,4,7,"5_14","5_40","2_seep","Quarry_1","QTR2","CRHI","Nomada_hesperia",1,NA,NA
2022,4,7,"5_14","5_40","2_seep","Quarry_1","QTR2","ASJE","Osmia_nemoris",1,50,NA
2022,4,7,"5_14","5_40","2_seep","Quarry_1","QTR2","ASJE","Osmia_nemoris",1,50,NA
2022,4,7,"5_14","5_40","2_seep","Quarry_1","QTR2","ASJE","Osmia_nemoris",1,50,NA
2022,4,7,"5_14","5_40","2_seep","Quarry_1","QTR2","TRFU","Apis_mellifera",1,10,NA
2022,4,7,"5_14","5_40","2_seep","Quarry_1","QTR2","TRFU","Apis_mellifera",1,10,NA
2022,4,7,"5_14","5_40","2_seep","Quarry_1","QTR2","TRFU","Apis_mellifera",3,10,NA
2022,4,7,"5_14","5_40","2_seep","Quarry_1","QTR2","TRFU","Osmia_cara",1,10,NA
2022,4,7,"5_14","5_40","2_seep","Quarry_1","QTR2","CRHI","Nomada_hesperia",1,NA,NA
2022,4,7,"5_14","5_40","2_seep","Quarry_1","QTR2","CRHI","Conophorus_fenestratus",1,NA,NA
2022,4,7,"5_14","5_40","2_seep","Quarry_1","QTR2","CRHI","Nomada_hesperia",1,NA,NA
2022,4,7,"5_14","5_40","2_seep","Quarry_1","QTR2","VIVI","Anthophora_californica",1,0,NA
2022,4,7,"5_14","5_40","2_seep","Quarry_1","QTR2","VIVI","Apis_mellifera",1,0,NA
2022,4,7,"5_14","5_40","2_seep","Quarry_1","QTR2","VIVI","Anthophora_californica",1,0,NA
2022,4,7,"5_14","5_40","2_seep","Quarry_1","QTR2","VIVI","Apis_mellifera",1,0,NA
2022,4,7,"5_14","5_40","2_seep","Quarry_1","QTR2","DICA","Euphydryas_chalcedona",2,10,NA
2022,4,7,"5_14","5_40","2_seep","Quarry_1","QTR2","ERLA","Phychoides_mytilla",1,NA,NA
2022,4,1,"10_07","11_04","1 (top of hill on other side of road)","Quarry_1","QTR3","AGHE","Andrena_subchalybea",3,30,NA
2022,4,1,"10_07","11_04","1 (top of hill on other side of road)","Quarry_1","QTR3","DICA","Bombylius_major",1,30,NA
2022,4,1,"10_07","11_04","1 (top of hill on other side of road)","Quarry_1","QTR3","AGHE","Andrena_subchalybea",1,30,NA
2022,4,1,"10_07","11_04","1 (top of hill on other side of road)","Quarry_1","QTR3","TRFU","Apis_mellifera",5,30,NA
2022,4,1,"10_07","11_04","1 (top of hill on other side of road)","Quarry_1","QTR3","TRFU","Apis_mellifera",2,30,NA
2022,4,1,"10_07","11_04","1 (top of hill on other side of road)","Quarry_1","QTR3","TRFU","Apis_mellifera",2,30,NA
2022,4,1,"10_07","11_04","1 (top of hill on other side of road)","Quarry_1","QTR3","AGHE","Heliolonche_modiella",1,30,NA
2022,4,1,"10_07","11_04","1 (top of hill on other side of road)","Quarry_1","QTR3","TRFU","Apis_mellifera",2,10,NA
2022,4,1,"10_07","11_04","1 (top of hill on other side of road)","Quarry_1","QTR3","TRFU","Apis_mellifera",2,10,NA
2022,4,1,"10_07","11_04","1 (top of hill on other side of road)","Quarry_1","QTR3","TRFU","Apis_mellifera",1,10,NA
2022,4,1,"10_07","11_04","1 (top of hill on other side of road)","Quarry_1","QTR3","TRFU","Apis_mellifera",2,10,NA
2022,4,1,"10_07","11_04","1 (top of hill on other side of road)","Quarry_1","QTR3","TRFU","Apis_mellifera",1,10,NA
2022,4,1,"10_07","11_04","1 (top of hill on other side of road)","Quarry_1","QTR3","TRFU","Apis_mellifera",4,10,NA
2022,4,1,"10_07","11_04","1 (top of hill on other side of road)","Quarry_1","QTR3","TRFU","Apis_mellifera",1,10,NA
2022,4,1,"10_07","11_04","1 (top of hill on other side of road)","Quarry_1","QTR3","TRFU","Apis_mellifera",1,10,NA
2022,4,1,"10_07","11_04","1 (top of hill on other side of road)","Quarry_1","QTR3","TRFU","Apis_mellifera",2,10,NA
2022,4,1,"10_07","11_04","1 (top of hill on other side of road)","Quarry_1","QTR3","TRFU","Apis_mellifera",1,10,NA
2022,4,1,"10_07","11_04","1 (top of hill on other side of road)","Quarry_1","QTR3","LUSU","Bombus_melanopygus",4,20,NA
2022,4,5,"3_16","3_28","1","Quarry_1","QTR3","TRFU","Apis_mellifera",1,10,NA
2022,4,5,"3_16","3_28","1","Quarry_1","QTR3","TRFU","Apis_mellifera",1,10,NA
2022,4,5,"3_16","3_28","1","Quarry_1","QTR3","TRFU","Apis_mellifera",1,10,NA
2022,4,5,"3_16","3_28","1","Quarry_1","QTR3","TRFU","Anthophora_californica",2,10,NA
2022,4,5,"3_16","3_28","1","Quarry_1","QTR3","TRFU","Apis_mellifera",7,10,NA
2022,4,5,"3_16","3_28","1","Quarry_1","QTR3","TRFU","Apis_mellifera",1,10,NA
2022,4,5,"3_16","3_28","1","Quarry_1","QTR3","TRFU","Apis_mellifera",1,10,NA
2022,4,5,"3_16","3_28","1","Quarry_1","QTR3","TRFU","Apis_mellifera",1,10,NA
2022,4,5,"3_16","3_28","1","Quarry_1","QTR3","LUSU","Bombus_melanopygus",6,10,NA
2022,4,5,"3_16","3_28","1","Quarry_1","QTR3","TRFU","Apis_mellifera",1,10,NA
2022,4,5,"3_16","3_28","1","Quarry_1","QTR3","TRFU","Anthophora_californica",3,10,NA
2022,4,5,"3_16","3_28","1","Quarry_1","QTR3","LUSU","Anthophora_californica",1,10,NA
2022,4,5,"3_16","3_28","1","Quarry_1","QTR3","LUMI","Muscidae",1,10,NA
2022,4,5,"3_16","3_28","1","Quarry_1","QTR3","LUMI","Osmia_cara",1,10,NA
2022,4,5,"3_16","3_28","1","Quarry_1","QTR3","TRFU","Apis_mellifera",1,10,NA
2022,4,5,"3_16","3_28","1","Quarry_1","QTR3","LUMI","Junonia_grisea",1,10,NA
2022,4,5,"3_16","3_28","1","Quarry_1","QTR3","TRFU","Apis_mellifera",2,10,NA
2022,4,5,"3_16","3_28","1","Quarry_1","QTR3","TRFU","Apis_mellifera",2,10,NA
2022,4,5,"3_16","3_28","1","Quarry_1","QTR3","TRFU","Apis_mellifera",2,10,NA
2022,4,5,"3_16","3_28","1","Quarry_1","QTR3","TRFU","Apis_mellifera",2,10,NA
2022,3,25,"11_59","12_26","1","Rock","RT1","VIVI","Anthophora_californica",3,0,NA
2022,3,25,"11_59","12_26","1","Rock","RT1","TRFU","Bombus_vosnesenskii",4,5,NA
2022,3,25,"11_59","12_26","1","Rock","RT1","TRFU","Bombus_vosnesenskii",2,10,NA
2022,3,25,"11_59","12_26","1","Rock","RT1","TRFU","Osmia_cara",2,5,NA
2022,3,25,"11_59","12_26","1","Rock","RT1","TRFU","Listrus_sp._1",1,5,NA
2022,3,25,"11_59","12_26","1","Rock","RT1","TRFU","Eucera_actuosa",3,10,NA
2022,3,25,"11_59","12_26","1","Rock","RT1","TRFU","Bombus_vosnesenskii",3,10,NA
2022,3,25,"11_59","12_26","1","Rock","RT1","TRFU","Bombus_vosnesenskii",6,10,NA
2022,3,25,"11_59","12_26","1","Rock","RT1","TRFU","Apis_mellifera",4,10,NA
2022,3,25,"11_59","12_26","1","Rock","RT1","TRFU","Polistes_aurifer",1,10,NA
2022,3,25,"11_59","12_26","1","Rock","RT1","TRFU","Bombus_californicus",1,50,NA
2022,3,25,"11_59","12_26","1","Rock","RT1","VIVI","Bombylius_major",2,0,NA
2022,3,25,"11_59","12_26","1","Rock","RT1","VIVI","Osmia_cara",1,0,NA
2022,3,25,"11_59","12_26","1","Rock","RT1","VIVI","Apis_mellifera",1,1,NA
2022,3,25,"12_30","12_37","2 through 3","Rock","RT1","LUSU","Bombus_melanopygus",3,20,NA
2022,3,25,"12_30","12_37","2 through 3","Rock","RT1","ERGU","Elateridae",1,5,NA
2022,3,25,"12_30","12_37","2 through 3","Rock","RT1","ERGU","BF1_Diptera",1,1,NA
2022,3,25,"12_30","12_37","2 through 3","Rock","RT1","VIVI","Anthophora_californica",2,0,NA
2022,3,25,"12_30","12_37","2 through 3","Rock","RT1","ERGU","BF1_Diptera",1,1,NA
2022,3,25,"12_37","12_43","4","Rock","RT1","VIVI","Apis_mellifera",1,0,NA
2022,3,25,"12_37","12_43","4","Rock","RT1","VIVI","Apis_mellifera",1,0,NA
2022,3,31,"12_50","1_00","1","Rock","RT1","VIVI","Anthophora_californica",10,0,NA
2022,3,31,"12_50","1_00","1","Rock","RT1","VIVI","Polistes_aurifer",2,0,NA
2022,3,31,"12_50","1_00","1","Rock","RT1","VIVI","Apis_mellifera",8,0,NA
2022,3,31,"12_50","1_00","1","Rock","RT1","VIVI","Apis_mellifera",1,0,NA
2022,3,31,"12_50","1_00","1","Rock","RT1","VIVI","Eucera_actuosa",3,0,NA
2022,3,31,"12_50","1_00","1","Rock","RT1","VIVI","Osmia_cara",2,0,NA
2022,3,31,"12_50","1_00","1","Rock","RT1","VIVI","Anthophora_californica",4,0,NA
2022,3,31,"12_50","1_00","1","Rock","RT1","VIVI","Anthophora_californica",6,0,NA
2022,3,31,"12_50","1_00","1","Rock","RT1","VIVI","Anthophora_californica",1,0,NA
2022,3,31,"12_50","1_00","1","Rock","RT1","VIVI","Eucera_frater_albopilosa",5,0,NA
2022,3,31,"12_50","1_00","1","Rock","RT1","VIVI","Apis_mellifera",1,0,NA
2022,3,31,"12_50","1_00","1","Rock","RT1","VIVI","Anthophora_californica",1,0,NA
2022,3,31,"12_50","1_00","1","Rock","RT1","VIVI","Eucera_actuosa",3,0,NA
2022,3,31,"12_50","1_00","1","Rock","RT1","VIVI","Apis_mellifera",1,0,NA
2022,3,31,"1_01","1_16","2","Rock","RT1","TRFU","Osmia_cara",2,5,NA
2022,3,31,"1_01","1_16","2","Rock","RT1","TRFU","Apis_mellifera",3,5,NA
2022,3,31,"1_01","1_16","2","Rock","RT1","TRFU","Apis_mellifera",6,5,NA
2022,3,31,"1_01","1_16","2","Rock","RT1","TRFU","Apis_mellifera",3,5,NA
2022,3,31,"1_01","1_16","2","Rock","RT1","TRFU","Apis_mellifera",1,5,NA
2022,3,31,"1_01","1_16","2","Rock","RT1","TRFU","Apis_mellifera",1,10,NA
2022,3,31,"1_01","1_16","2","Rock","RT1","TRFU","Junonia_grisea",2,10,NA
2022,3,31,"1_01","1_16","2","Rock","RT1","TRFU","Apis_mellifera",1,10,NA
2022,3,31,"1_01","1_16","2","Rock","RT1","TRFU","Apis_mellifera",2,10,NA
2022,3,31,"1_01","1_16","2","Rock","RT1","TRFU","Apis_mellifera",1,10,NA
2022,3,31,"1_01","1_16","2","Rock","RT1","TRFU","Eucera_actuosa",1,10,NA
2022,3,31,"1_01","1_16","2","Rock","RT1","TRFU","Osmia_cara",1,10,NA
2022,3,31,"1_01","1_16","2","Rock","RT1","TRFU","Apis_mellifera",1,12,NA
2022,3,31,"1_01","1_16","2","Rock","RT1","TRFU","Apis_mellifera",3,10,NA
2022,3,31,"1_17","1_27","3","Rock","RT1","TRFU","Apis_mellifera",10,20,NA
2022,3,31,"1_17","1_27","3","Rock","RT1","TRFU","Apis_mellifera",1,20,NA
2022,3,31,"1_17","1_27","3","Rock","RT1","TRFU","Osmia_cara",6,20,NA
2022,3,31,"1_17","1_27","3","Rock","RT1","TRFU","Bombus_vosnesenskii",5,20,NA
2022,3,31,"1_17","1_27","3","Rock","RT1","TRFU","Apis_mellifera",1,20,NA
2022,3,31,"1_17","1_27","3","Rock","RT1","TRFU","Apis_mellifera",3,20,NA
2022,3,31,"1_17","1_27","3","Rock","RT1","TRFU","Apis_mellifera",3,20,NA
2022,3,31,"1_17","1_27","3","Rock","RT1","TRFU","Bombus_vosnesenskii",2,5,NA
2022,3,31,"1_17","1_27","3","Rock","RT1","TRFU","Apis_mellifera",1,30,NA
2022,3,31,"1_17","1_27","3","Rock","RT1","TRFU","Apis_mellifera",1,20,NA
2022,3,31,"1_17","1_27","3","Rock","RT1","TRFU","Apis_mellifera",3,20,NA
2022,3,31,"1_17","1_27","3","Rock","RT1","TRFU","Apis_mellifera",2,25,NA
2022,3,31,"1_27","1_32","4","Rock","RT1","TRFU","Apis_mellifera",3,21,NA
2022,3,31,"1_27","1_32","4","Rock","RT1","TRFU","Apis_mellifera",1,30,NA
2022,3,31,"1_27","1_32","4","Rock","RT1","TRFU","Apis_mellifera",1,20,NA
2022,3,31,"1_27","1_32","4","Rock","RT1","TRFU","Apis_mellifera",1,30,NA
2022,3,31,"1_27","1_32","4","Rock","RT1","TRFU","Apis_mellifera",3,30,NA
2022,3,31,"1_27","1_32","4","Rock","RT1","TRFU","Apis_mellifera",6,30,NA
2022,3,31,"1_27","1_32","4","Rock","RT1","TRFU","Apis_mellifera",2,29,NA
2022,3,31,"1_27","1_32","4","Rock","RT1","TRFU","Apis_mellifera",1,32,NA
2022,3,31,"1_32","1_43","5","Rock","RT1","TRFU","Apis_mellifera",3,32,NA
2022,3,31,"1_32","1_43","5","Rock","RT1","TRFU","Apis_mellifera",5,32,NA
2022,3,31,"1_32","1_43","5","Rock","RT1","TRFU","Eucera_frater_albopilosa",5,5,NA
2022,3,31,"1_32","1_43","5","Rock","RT1","TRFU","Apis_mellifera",1,40,NA
2022,3,31,"1_32","1_43","5","Rock","RT1","TRFU","Apis_mellifera",1,40,NA
2022,3,31,"1_32","1_43","5","Rock","RT1","TRFU","Apis_mellifera",2,40,NA
2022,3,31,"1_32","1_43","5","Rock","RT1","TRFU","Apis_mellifera",2,40,NA
2022,3,31,"1_32","1_43","5","Rock","RT1","TRFU","Apis_mellifera",1,40,NA
2022,3,31,"1_32","1_43","5","Rock","RT1","TRFU","Apis_mellifera",2,40,NA
2022,3,31,"1_32","1_43","5","Rock","RT1","TRFU","Apis_mellifera",2,40,NA
2022,3,31,"1_32","1_43","5","Rock","RT1","TRFU","Apis_mellifera",1,43,NA
2022,3,31,"1_45","2_06","6","Rock","RT1","LUSU","Eucera_frater_albopilosa",2,1,NA
2022,3,31,"1_45","2_06","6","Rock","RT1","LUMI","Eucera_actuosa",3,10,NA
2022,3,31,"1_45","2_06","6","Rock","RT1","LUSU","Eucera_actuosa",1,10,NA
2022,3,31,"1_45","2_06","6","Rock","RT1","LUSU","Anthophora_californica",2,10,NA
2022,3,31,"1_45","2_06","6","Rock","RT1","LUSU","Eucera_actuosa",1,10,NA
2022,3,31,"1_45","2_06","6","Rock","RT1","LUMI","Eucera_actuosa",1,10,NA
2022,3,31,"1_45","2_06","6","Rock","RT1","LUSU","Anthophora_californica",2,10,NA
2022,3,31,"1_45","2_06","6","Rock","RT1","LUMI","Bombus_crotchii",2,5,NA
2022,3,31,"1_45","2_06","6","Rock","RT1","LUMI","Eucera_frater_albopilosa",3,5,NA
2022,3,31,"1_45","2_06","6","Rock","RT1","VIVI","Anthophora_californica",2,0,NA
2022,3,31,"1_45","2_06","6","Rock","RT1","VIVI","Anthophora_californica",3,0,NA
2022,3,31,"1_45","2_06","6","Rock","RT1","VIVI","Apis_mellifera",1,0,NA
2022,3,31,"1_45","2_06","6","Rock","RT1","VIVI","Apis_mellifera",6,0,NA
2022,4,2,"11_28","11_56","1","Rock","RT1","VIVI","Osmia_cara",1,0,NA
2022,4,2,"11_28","11_56","1","Rock","RT1","VIVI","Bombus_vosnesenskii",8,0,NA
2022,4,2,"11_28","11_56","1","Rock","RT1","VIVI","Eucera_actuosa",2,0,NA
2022,4,2,"11_28","11_56","1","Rock","RT1","TRFU","Apis_mellifera",1,1,NA
2022,4,2,"11_28","11_56","1","Rock","RT1","TRFU","Apis_mellifera",6,1,NA
2022,4,2,"11_28","11_56","1","Rock","RT1","TRFU","Apis_mellifera",1,5,NA
2022,4,2,"11_28","11_56","1","Rock","RT1","TRFU","Apis_mellifera",2,5,NA
2022,4,2,"11_28","11_56","1","Rock","RT1","TRFU","Apis_mellifera",1,5,NA
2022,4,2,"11_28","11_56","1","Rock","RT1","TRFU","Apis_mellifera",1,5,NA
2022,4,2,"11_28","11_56","1","Rock","RT1","TRFU","Apis_mellifera",1,5,NA
2022,4,2,"11_28","11_56","1","Rock","RT1","TRFU","Apis_mellifera",1,5,NA
2022,4,2,"11_28","11_56","1","Rock","RT1","TRFU","Apis_mellifera",2,5,NA
2022,4,2,"11_28","11_56","1","Rock","RT1","TRFU","Apis_mellifera",9,5,NA
2022,4,2,"11_28","11_56","1","Rock","RT1","TRFU","Apis_mellifera",2,5,NA
2022,4,2,"11_28","11_56","1","Rock","RT1","TRFU","Bombus_vosnesenskii",1,10,NA
2022,4,2,"11_28","11_56","1","Rock","RT1","TRFU","Apis_mellifera",1,10,NA
2022,4,2,"11_28","11_56","1","Rock","RT1","TRFU","Apis_mellifera",4,10,NA
2022,4,2,"11_28","11_56","1","Rock","RT1","TRFU","Apis_mellifera",1,10,NA
2022,4,2,"11_28","11_56","1","Rock","RT1","TRFU","Apis_mellifera",1,10,NA
2022,4,2,"11_28","11_56","1","Rock","RT1","TRFU","Apis_mellifera",2,10,NA
2022,4,2,"11_28","11_56","1","Rock","RT1","TRFU","Apis_mellifera",9,10,NA
2022,4,2,"11_28","11_56","1","Rock","RT1","TRFU","Apis_mellifera",2,10,NA
2022,4,2,"11_28","11_56","1","Rock","RT1","TRFU","Apis_mellifera",1,10,NA
2022,4,2,"11_28","11_56","1","Rock","RT1","TRFU","Apis_mellifera",1,10,NA
2022,4,2,"11_28","11_56","1","Rock","RT1","TRFU","Apis_mellifera",1,10,NA
2022,4,2,"11_28","11_56","1","Rock","RT1","TRFU","Apis_mellifera",1,10,NA
2022,4,2,"11_28","11_56","1","Rock","RT1","TRFU","Apis_mellifera",1,15,NA
2022,4,2,"11_28","11_56","1","Rock","RT1","TRFU","Apis_mellifera",4,15,NA
2022,4,2,"11_28","11_56","1","Rock","RT1","TRFU","Apis_mellifera",1,15,NA
2022,4,2,"11_28","11_56","1","Rock","RT1","TRFU","Apis_mellifera",1,15,NA
2022,4,2,"11_28","11_56","1","Rock","RT1","TRFU","Apis_mellifera",1,15,NA
2022,4,2,"11_28","11_56","1","Rock","RT1","TRFU","Apis_mellifera",2,15,NA
2022,4,2,"11_28","11_56","1","Rock","RT1","TRFU","Apis_mellifera",1,15,NA
2022,4,2,"11_28","11_56","1","Rock","RT1","TRFU","Apis_mellifera",2,15,NA
2022,4,2,"11_28","11_56","1","Rock","RT1","TRFU","Apis_mellifera",1,15,NA
2022,4,2,"11_28","11_56","1","Rock","RT1","TRFU","Apis_mellifera",2,20,NA
2022,4,2,"11_28","11_56","1","Rock","RT1","TRFU","Apis_mellifera",4,20,NA
2022,4,2,"11_28","11_56","1","Rock","RT1","TRFU","Apis_mellifera",3,20,NA
2022,4,2,"11_28","11_56","1","Rock","RT1","TRFU","Apis_mellifera",1,25,NA
2022,4,2,"11_28","11_56","1","Rock","RT1","TRFU","Apis_mellifera",1,25,NA
2022,4,2,"11_28","11_56","1","Rock","RT1","TRFU","Apis_mellifera",6,50,NA
2022,4,2,"11_28","11_56","1","Rock","RT1","TRFU","Apis_mellifera",1,50,NA
2022,4,7,"2_59","3_03","1","Rock","RT1","VIVI","Apis_mellifera",1,0,NA
2022,4,7,"2_59","3_03","1","Rock","RT1","VIVI","Apis_mellifera",2,0,NA
2022,4,7,"2_59","3_03","1","Rock","RT1","VIVI","Apis_mellifera",3,0,NA
2022,4,7,"2_59","3_03","1","Rock","RT1","VIVI","Apis_mellifera",2,0,NA
2022,4,7,"2_59","3_03","1","Rock","RT1","VIVI","Apis_mellifera",1,0,NA
2022,4,7,"2_59","3_03","1","Rock","RT1","VIVI","Apis_mellifera",1,0,NA
2022,4,7,"2_59","3_03","1","Rock","RT1","VIVI","Apis_mellifera",1,0,NA
2022,4,7,"2_59","3_03","1","Rock","RT1","VIVI","Apis_mellifera",1,0,NA
2022,4,7,"2_59","3_03","1","Rock","RT1","VIVI","Apis_mellifera",1,0,NA
2022,4,7,"2_59","3_03","1","Rock","RT1","VIVI","Apis_mellifera",1,0,NA
2022,4,7,"3_03","3_08","2","Rock","RT1","TRFU","Apis_mellifera",2,20,NA
2022,4,7,"3_09","3_16","3","Rock","RT1","LUMI","Osmia_cara",1,10,NA
2022,4,7,"3_09","3_16","3","Rock","RT1","LUSU","Osmia_cara",3,5,NA
2022,4,8,"1_40","1_48","1","Rock","RT1","VIVI","Apis_mellifera",1,0,NA
2022,4,8,"1_40","1_48","1","Rock","RT1","LUMI","orange_beetle_Coleoptera",1,30,NA
2022,4,8,"1_40","1_48","1","Rock","RT1","LUMI","Trichodes_ornatus",1,30,NA
2022,4,8,"1_40","1_48","1","Rock","RT1","LUMI","Brachysomida_californica",1,30,NA
2022,4,8,"1_40","1_48","1","Rock","RT1","LUMI","Brachysomida_californica",1,30,NA
2022,4,8,"1_49","1_56","2","Rock","RT1","ERGU","Junonia_grisea",1,5,NA
2022,4,8,"1_49","1_56","2","Rock","RT1","ERGU","Junonia_grisea",3,5,NA
2022,4,8,"1_49","1_56","2","Rock","RT1","LUMI","Osmia_cara",2,1,NA
2022,4,8,"1_49","1_56","2","Rock","RT1","LUSU","Muscidae",2,5,NA
2022,4,15,"10_24","10_55","","Goatgrass","V_12","VIVI","Bombus_melanopygus",3,0,NA
2022,4,15,"10_24","10_55","","Goatgrass","V_12","VIVI","Bombus_melanopygus",3,0,NA
2022,4,15,"10_24","10_55","","Goatgrass","V_12","VIVI","Bombus_melanopygus",3,0,NA
2022,4,15,"10_24","10_55","","Goatgrass","V_12","VIVI","Bombus_melanopygus",1,0,NA
2022,4,15,"9_52","10_20","1","Goatgrass","VV_1","VIVI","Bombus_melanopygus",3,0,NA
2022,4,15,"12_56","2_15","1","Aikawa","VV_1","VIVI","Glaucophysche_lygdamus",1,0,NA
2022,4,15,"12_56","2_15","1","Aikawa","VV_1","TRFU","Bombus_vosnesenskii",1,10,NA
2022,4,15,"12_56","2_15","1","Aikawa","VV_1","VIVI","Bombus_melanopygus",5,10,NA
2022,4,15,"12_56","2_15","1","Aikawa","VV_1","VIVI","Bombus_melanopygus",5,0,NA
2022,4,15,"12_56","2_15","1","Aikawa","VV_1","VIVI","Apis_mellifera",1,0,NA
2022,4,15,"12_56","2_15","1","Aikawa","VV_1","VIVI","Apis_mellifera",1,0,NA
2022,4,15,"12_56","2_15","1","Aikawa","VV_1","VIVI","Apis_mellifera",1,0,NA
2022,4,15,"12_56","2_15","1","Aikawa","VV_1","VIVI","Bombus_vosnesenskii",1,0,NA
2022,4,15,"12_56","2_15","1","Aikawa","VV_1","VIVI","Bombus_melanopygus",3,0,NA
2022,4,15,"12_56","2_15","1","Aikawa","VV_1","VIVI","Bombus_melanopygus",3,0,NA
2022,4,15,"12_56","2_15","1","Aikawa","VV_1","VIVI","Bombus_vosnesenskii",2,0,NA
2022,4,15,"12_56","2_15","1","Aikawa","VV_1","VIVI","Bombus_vosnesenskii",2,0,NA
2022,4,15,"12_56","2_15","1","Aikawa","VV_1","VIVI","Apis_mellifera",1,0,NA
2022,4,15,"12_56","2_15","1","Aikawa","VV_1","VIVI","Bombus_vosnesenskii",1,0,NA
2022,4,15,"10_24","10_55","","Goatgrass","VV_10","VIVI","Bombus_melanopygus",4,0,NA
2022,4,15,"10_24","10_55","","Goatgrass","VV_10","VIVI","Bombus_melanopygus",3,0,NA
2022,4,15,"10_24","10_55","","Goatgrass","VV_10","VIVI","Bombus_melanopygus",4,0,NA
2022,4,15,"10_24","10_55","","Goatgrass","VV_10","VIVI","Bombus_melanopygus",4,0,NA
2022,4,15,"10_24","10_55","","Goatgrass","VV_10","VIVI","Bombus_melanopygus",2,0,NA
2022,4,15,"10_24","10_55","","Goatgrass","VV_10","VIVI","Eucera_actuosa",1,0,NA
2022,4,15,"10_24","10_55","","Goatgrass","VV_10","VIVI","Bombus_vosnesenskii",1,0,NA
2022,4,15,"10_24","10_55","","Goatgrass","VV_10","VIVI","Bombus_vosnesenskii",2,0,NA
2022,4,15,"10_24","10_55","","Goatgrass","VV_11","VIVI","Bombus_melanopygus",3,0,NA
2022,4,15,"9_52","10_20","","Goatgrass","VV_2","VIVI","Scaeva_affinis",1,0,NA
2022,4,15,"9_52","10_20","","Goatgrass","VV_2","VIVI","Bombus_melanopygus",2,0,NA
2022,4,15,"12_56","2_15","1","Aikawa","VV_2","VIVI","Bombus_vosnesenskii",3,0,NA
2022,4,15,"12_56","2_15","1","Aikawa","VV_2","VIVI","Apis_mellifera",2,0,NA
2022,4,15,"12_56","2_15","1","Aikawa","VV_2","VIVI","Bombus_vosnesenskii",4,0,NA
2022,4,15,"12_56","2_15","1","Aikawa","VV_2","TRFU","Bombus_vosnesenskii",2,1,NA
2022,4,15,"12_56","2_15","1","Aikawa","VV_2","VIVI","Anthophora_californica",3,0,NA
2022,4,15,"12_56","2_15","1","Aikawa","VV_2","THCA","Bombus_crotchii",37,10,NA
2022,4,15,"12_56","2_15","1","Aikawa","VV_2","TRLA","Bombus_vosnesenskii",5,10,NA
2022,4,15,"12_56","2_15","1","Aikawa","VV_2","TRFU","Bombus_vosnesenskii",2,50,NA
2022,4,15,"12_56","2_15","1","Aikawa","VV_2","AGHE","Andrena_subchalybea",1,60,NA
2022,4,15,"12_56","2_15","1","Aikawa","VV_2","TRFU","Bombus_vosnesenskii",4,60,NA
2022,4,15,"12_56","2_15","1","Aikawa","VV_2","TRFU","Apis_mellifera",1,60,NA
2022,4,15,"12_56","2_15","1","Aikawa","VV_2","TRFU","Apis_mellifera",1,60,NA
2022,4,15,"12_56","2_15","1","Aikawa","VV_2","TRFU","Apis_mellifera",1,60,NA
2022,4,15,"12_56","2_15","1","Aikawa","VV_2","TRFU","Bombus_vosnesenskii",2,60,NA
2022,4,15,"12_56","2_15","1","Aikawa","VV_2","TRFU","Bombus_vosnesenskii",1,60,NA
2022,4,15,"12_56","2_15","1","Aikawa","VV_2","TRFU","Bombus_vosnesenskii",1,60,NA
2022,4,15,"9_52","10_20","","Goatgrass","VV_3","VIVI","Bombus_melanopygus",5,0,NA
2022,4,15,"12_56","2_15","1","Aikawa","VV_3","VIVI","Helithodes_dimutiva",1,0,NA
2022,4,15,"12_56","2_15","1","Aikawa","VV_3","VIVI","Apis_mellifera",2,0,NA
2022,4,15,"12_56","2_15","1","Aikawa","VV_3","VIVI","Apis_mellifera",1,0,NA
2022,4,15,"12_56","2_15","1","Aikawa","VV_3","VIVI","Muscidae",1,0,NA
2022,4,15,"12_56","2_15","1","Aikawa","VV_3","VIVI","Bombus_melanopygus",4,0,NA
2022,4,15,"12_56","2_15","1","Aikawa","VV_3","VIVI","Apis_mellifera",2,0,NA
2022,4,15,"12_56","2_15","1","Aikawa","VV_3","TRFU","Bombus_vosnesenskii",1,1,NA
2022,4,15,"9_52","10_20","","Goatgrass","VV_4","VIVI","Bombus_melanopygus",15,0,NA
2022,4,15,"12_56","2_15","1","Aikawa","VV_4","VIVI","Bombus_melanopygus",2,0,NA
2022,4,15,"12_56","2_15","1","Aikawa","VV_4","VIVI","Apis_mellifera",1,0,NA
2022,4,15,"12_56","2_15","1","Aikawa","VV_4","TRFU","Apis_mellifera",1,0,NA
2022,4,15,"12_56","2_15","1","Aikawa","VV_4","VIVI","Apis_mellifera",1,0,NA
2022,4,15,"12_56","2_15","1","Aikawa","VV_4","TRFU","Scaeva_affinis",2,0,NA
2022,4,15,"12_56","2_15","1","Aikawa","VV_4","VIVI","Eucera_frater_albopilosa",3,0,NA
2022,4,15,"12_56","2_15","1","Aikawa","VV_4","VIVI","Bombus_vosnesenskii",1,0,NA
2022,4,15,"12_56","2_15","1","Aikawa","VV_4","TRFU","Bombus_vosnesenskii",1,10,NA
2022,4,15,"12_56","2_15","1","Aikawa","VV_4","TRFU","Bombus_vosnesenskii",1,5,NA
2022,4,15,"12_56","2_15","1","Aikawa","VV_4","TRFU","Bombus_vosnesenskii",2,1,NA
2022,4,15,"12_56","2_15","1","Aikawa","VV_4","TRFU","Apis_mellifera",1,1,NA
2022,4,15,"12_56","2_15","1","Aikawa","VV_4","TRFU","Apis_mellifera",1,1,NA
2022,4,15,"9_52","10_20","","Goatgrass","VV_5","VIVI","Scaeva_affinis",3,0,NA
2022,4,15,"9_52","10_20","","Goatgrass","VV_6","VIVI","Bombus_vosnesenskii",1,0,NA
2022,3,9,"11_27","12_00","Focal_Only","Long","","LUBI","Listrus_sp._1",1,0,NA
2022,3,9,"11_27","12_00","Focal_Only","Long","","LUBI","Listrus_sp._1",1,0,NA
2022,3,23,"9_23","9_59","VV_1","Goatgrass","","AGHE","Scaeva_affinis",1,0,NA
2022,3,23,"9_23","9_59","VV_1","Goatgrass","","AGHE","Listrus_sp._1",NA,0,NA
2022,3,23,"9_23","9_59","VV_1","Goatgrass","","ERCI","Bombylius_major",1,1,NA
2022,3,23,"9_23","9_59","VV_1","Goatgrass","","EUSP","Scaeva_affinis",2,5,NA
2022,3,23,"9_23","9_59","VV_1","Goatgrass","","LACA","Andrena_sp.",1,40,NA
2022,3,23,"9_23","9_59","VV_1","Goatgrass","","LUBI","Hippodamia_convergens",1,1,NA
2022,3,23,"9_23","9_59","VV_1","Goatgrass","","AGHE","silver_moth_Lepidoptera",2,1,NA
2022,3,23,"9_23","9_59","VV_1","Goatgrass","","URLI","Scaeva_affinis",1,1,NA
2022,3,23,"9_23","9_59","VV_1","Goatgrass","","LACA","silver_moth_Lepidoptera",1,1,NA
2022,3,23,"9_23","9_59","VV_1","Goatgrass","","LUMI","Bombus_vosnesenskii",1,1,NA
2022,3,23,"9_23","9_59","VV_1","Goatgrass","","VIVI","Bombus_vosnesenskii",3,1,NA
2022,3,23,"9_23","9_59","VV_1","Goatgrass","","ASBR","Junonia_grisea",1,0,NA
2022,3,23,"10_00","10_39","VV_2","Goatgrass","","AMME","Scaeva_affinis",1,0,NA
2022,3,23,"10_00","10_39","VV_2","Goatgrass","","AMME","Eucera_frater_albopilosa",5,0,NA
2022,3,23,"10_00","10_39","VV_2","Goatgrass","","AMME","Scaeva_affinis",2,0,NA
2022,3,23,"10_00","10_39","VV_2","Goatgrass","","AMME","Bombylius_major",5,0,NA
2022,3,23,"10_00","10_39","VV_2","Goatgrass","","AMME","Polistes_aurifer",1,0,NA
2022,3,23,"10_00","10_39","VV_2","Goatgrass","","URLI","Listrus_sp._1",1,5,NA
2022,3,23,"10_00","10_39","VV_2","Goatgrass","","RACA","Scaeva_affinis",2,50,NA
2022,3,23,"10_00","10_39","VV_2","Goatgrass","","LACA","Andrena_baeriae",3,50,NA
2022,3,23,"10_00","10_39","VV_2","Goatgrass","","LACA","Andrena_pensilis",1,50,NA
2022,3,23,"10_00","10_39","VV_2","Goatgrass","","LACA","Euopeodes_fumipennis",3,50,NA
2022,3,23,"10_00","10_39","VV_2","Goatgrass","","LACA","Listrus_sp._1",1,50,NA
2022,3,23,"10_00","10_39","VV_2","Goatgrass","","LACA","Listrus_sp._1",1,50,NA
2022,3,23,"10_00","10_39","VV_2","Goatgrass","","LACA","Andrena_pensilis",2,50,NA
2022,3,23,"10_00","10_39","VV_2","Goatgrass","","LACA","Andrena_pensilis",1,50,NA
2022,3,23,"10_00","10_39","VV_2","Goatgrass","","LACA","Andrena_pensilis",3,50,NA
2022,3,23,"10_00","10_39","VV_2","Goatgrass","","LACA","Listrus_sp._1",1,50,NA
2022,3,23,"1_51","1_59","VV_9","Goatgrass","","VIVI","Osmia_cara",4,0,NA
2022,3,23,"1_51","1_59","VV_9","Goatgrass","","VIVI","Eucera_actuosa",2,0,NA
2022,3,23,"2_00","2_30","VV_4","Goatgrass","","RACA","Conophorus_fenestratus",1,1,NA
2022,3,23,"2_00","2_30","VV_4","Goatgrass","","RACA","Listrus_sp._1",1,NA,NA
2022,3,23,"2_00","2_30","VV_4","Goatgrass","","LACA","Listrus_sp._1",1,NA,NA
2022,3,23,"2_00","2_30","VV_4","Goatgrass","","LACA","Andrena_sp.",2,NA,NA
2022,3,23,"2_00","2_30","VV_4","Goatgrass","","LACA","Andrena_subchalybea",5,NA,NA
2022,3,23,"2_00","2_30","VV_4","Goatgrass","","DICA","Scaeva_affinis",2,NA,NA
2022,3,23,"2_00","2_30","VV_4","Goatgrass","","LACA","Listrus_sp._1",1,NA,NA
2022,3,23,"2_00","2_30","VV_4","Goatgrass","","LACA","Andrena_sp.",1,NA,NA
2022,3,23,"2_00","2_30","VV_4","Goatgrass","","LACA","Scaeva_affinis",2,NA,NA
2022,3,23,"2_00","2_30","VV_4","Goatgrass","","TRER","Scaeva_affinis",2,NA,NA
2022,3,23,"2_00","2_30","VV_4","Goatgrass","","LACA","Hippodamia_convergens",1,NA,NA
2022,3,23,"2_00","2_30","VV_4","Goatgrass","","LACA","Scaeva_affinis",2,NA,NA
2022,3,23,"2_00","2_30","VV_4","Goatgrass","","LACA","Andrena_dissona",1,NA,NA
2022,3,23,"2_00","2_30","VV_4","Goatgrass","","LACA","Listrus_sp._1",1,NA,NA
2022,3,23,"3_23","4_00","VV_7","Goatgrass","","LACA","Conophorus_fenestratus",1,NA,NA
2022,3,23,"3_23","4_00","VV_7","Goatgrass","","LACA","Listrus_sp._1",1,NA,NA
2022,3,23,"3_23","4_00","VV_7","Goatgrass","","LACA","Listrus_sp._1",1,NA,NA
2022,3,23,"3_23","4_00","VV_7","Goatgrass","","LACA","Listrus_sp._1",1,NA,NA
2022,3,23,"3_23","4_00","VV_7","Goatgrass","","LACA","Andrena_pensilis",1,NA,NA
2022,3,23,"3_23","4_00","VV_7","Goatgrass","","DICA","Junonia_grisea",1,NA,NA
2022,3,23,"3_23","4_00","VV_7","Goatgrass","","LUBI","Listrus_sp._1",1,1,NA
2022,3,23,"3_23","4_00","VV_7","Goatgrass","","DICA","Junonia_grisea",1,NA,NA
2022,3,23,"3_23","4_00","VV_7","Goatgrass","","LACA","Conophorus_fenestratus",2,NA,NA
2022,3,23,"3_23","4_00","VV_7","Goatgrass","","LACA","Conophorus_fenestratus",2,NA,NA
2022,3,23,"3_23","4_00","VV_7","Goatgrass","","LACA","Elateridae",1,NA,NA
2022,3,23,"3_23","4_00","VV_7","Goatgrass","","DICA","Colias_eurytheme",1,NA,NA
2022,3,23,"2_00","2_30","VV_4","Goatgrass","","LACA","Andrena_subchalybea",3,NA,NA
2022,3,23,"2_00","2_30","VV_4","Goatgrass","","LACA","Euopeodes_fumipennis",1,NA,NA
2022,3,23,"2_00","2_30","VV_4","Goatgrass","","LACA","Andrena_sp.",1,NA,NA
2022,3,23,"2_00","2_30","VV_4","Goatgrass","","LACA","Adela_trigrapha",1,NA,NA
2022,3,23,"2_00","2_30","VV_4","Goatgrass","","LACA","Andrena_subchalybea",3,NA,NA
2022,3,23,"2_00","2_30","VV_4","Goatgrass","","LACA","Conophorus_fenestratus",1,NA,NA
2022,3,23,"2_00","2_30","VV_4","Goatgrass","","LACA","Andrena_baeriae",1,NA,NA
2022,3,23,"2_00","2_30","VV_4","Goatgrass","","LACA","Andrena_dissona",1,NA,NA
2022,3,23,"2_00","2_30","VV_10","Goatgrass","","LUBI","Listrus_sp._1",1,5,NA
2022,3,23,"2_17","2_45","VV_5","Goatgrass","","GITR","Bombylius_major",8,NA,NA
2022,3,23,"2_17","2_45","VV_5","Goatgrass","","LACA","Listrus_sp._1",1,NA,NA
2022,3,23,"2_17","2_45","VV_5","Goatgrass","","LACA","Listrus_sp._1",1,NA,NA
2022,3,23,"2_17","2_45","VV_5","Goatgrass","","LACA","Listrus_sp._1",1,NA,NA
2022,3,23,"2_17","2_45","VV_5","Goatgrass","","LACA","Conophorus_fenestratus",1,NA,NA
2022,3,23,"2_17","2_45","VV_5","Goatgrass","","LACA","Andrena_dissona",1,NA,NA
2022,3,23,"2_17","2_45","VV_5","Goatgrass","","LACA","Conophorus_fenestratus",1,NA,NA
2022,3,23,"2_17","2_45","VV_6","Goatgrass","","ASBR","Andrena_sp.",1,50,NA
2022,3,23,"2_17","2_45","VV_6","Goatgrass","","ASBR","Eucera_frater_albopilosa",3,50,NA
2022,3,23,"2_17","2_45","VV_6","Goatgrass","","LACA","Junonia_grisea",1,NA,NA
2022,3,23,"2_17","2_45","VV_6","Goatgrass","","LACA","Andrena_pensilis",2,NA,NA
2022,3,23,"2_17","2_45","VV_6","Goatgrass","","LACA","Andrena_baeriae",1,NA,NA
2022,3,23,"2_17","2_45","VV_6","Goatgrass","","LACA","Andrena_baeriae",2,NA,NA
2022,3,23,"2_17","2_45","VV_6","Goatgrass","","DICA","Junonia_grisea",1,NA,NA
2022,3,23,"2_17","2_45","VV_6","Goatgrass","","LACA","Listrus_sp._1",1,NA,NA
2022,3,23,"2_17","2_45","VV_6","Goatgrass","","LACA","Conophorus_fenestratus",1,NA,NA
2022,3,23,"2_17","2_45","VV_6","Goatgrass","","LACA","Conophorus_fenestratus",2,NA,NA
2022,3,23,"12_09","12_18","RN_1","Aikawa","","LACA","Andrena_pensilis",1,NA,NA
2022,3,23,"12_09","12_18","RN_1","Aikawa","","LACA","Listrus_sp._1",1,NA,NA
2022,3,23,"12_09","12_18","RN_1","Aikawa","","LACA","Listrus_sp._1",1,NA,NA
2022,3,23,"12_09","12_18","RN_1","Aikawa","","LACA","Andrena_sp.",1,NA,NA
2022,3,23,"12_09","12_18","RN_1","Aikawa","","LACA","Andrena_dissona",1,NA,NA
2022,3,23,"12_30","12_44","seep","Aikawa","","LACA","Listrus_sp._1",1,NA,NA
2022,3,23,"12_30","12_44","seep","Aikawa","","LACA","Listrus_sp._1",1,NA,NA
2022,3,23,"12_30","12_44","seep","Aikawa","","LACA","Andrena_sp.",1,NA,NA
2022,3,23,"12_30","12_44","seep","Aikawa","","LACA","Andrena_dissona",1,NA,NA
2022,3,23,"12_30","12_44","seep","Aikawa","","LACA","Conophorus_fenestratus",1,NA,NA
2022,3,23,"12_30","12_44","seep","Aikawa","","LACA","Conophorus_fenestratus",1,NA,NA
2022,3,23,"12_30","12_44","seep","Aikawa","","LACA","Conophorus_fenestratus",1,NA,NA
2022,3,24,"9_10","9_47","vetch","Long","","VIVI","Scaeva_affinis",6,0,NA
2022,3,24,"9_10","9_47","vetch","Long","","LUBI","Diabrotica_undecimpunctata",1,0,NA
2022,3,24,"9_10","9_47","vetch","Long","","VIVI","Eucera_frater_albopilosa",2,0,NA
2022,3,24,"9_10","9_47","vetch","Long","","VIVI","Bombus_vosnesenskii",1,0,NA
2022,3,24,"9_10","9_47","vetch","Long","","VIVI","Bombus_melanopygus",1,0,NA
2022,3,24,"9_10","9_47","vetch","Long","","VIVI","Bombus_melanopygus",1,0,NA
2022,3,24,"9_10","9_47","vetch","Long","","VIVI","Bombus_vosnesenskii",1,0,NA
2022,3,24,"9_10","9_47","vetch","Long","","VIVI","Apis_mellifera",1,0,NA
2022,3,24,"9_10","9_47","vetch","Long","","VIVI","Apis_mellifera",2,0,NA
2022,3,24,"9_10","9_47","vetch","Long","","VIVI","Bombus_vosnesenskii",3,0,NA
2022,3,24,"9_10","9_47","vetch","Long","","VIVI","Anthophora_californica",4,0,NA
2022,3,24,"9_10","9_47","vetch","Long","","VIVI","Bombus_vosnesenskii",1,0,NA
2022,3,24,"9_10","9_47","vetch","Long","","VIVI","Scaeva_affinis",4,0,NA
2022,3,24,"9_10","9_47","vetch","Long","","VIVI","Bombus_melanopygus",6,0,NA
2022,3,24,"9_10","9_47","vetch","Long","","VIVI","Anthophora_californica",2,0,NA
2022,3,24,"9_10","9_47","vetch","Long","","VIVI","Diadasia_nigrifrons",3,0,NA
2022,3,24,"9_10","9_47","vetch","Long","","VIVI","Bombus_vosnesenskii",1,0,NA
2022,3,24,"9_10","9_47","vetch","Long","","VIVI","Eucera_frater_albopilosa",2,0,NA
2022,3,24,"9_10","9_47","vetch","Long","","VIVI","Prosperpinus_clarkiae",2,0,NA
2022,3,24,"9_48","10_52","vetch_2","Long","","VIVI","Apis_mellifera",1,0,NA
2022,3,24,"9_48","10_52","vetch_2","Long","","VIVI","Apis_mellifera",1,0,NA
2022,3,24,"9_48","10_52","vetch_2","Long","","AGHE","Rhaphidioptera",1,0,NA
2022,3,24,"9_48","10_52","vetch_2","Long","","VIVI","Apis_mellifera",1,0,NA
2022,3,24,"9_48","10_52","vetch_2","Long","","AGHE","Andrena_subchalybea",7,5,NA
2022,3,24,"9_48","10_52","vetch_2","Long","","AGHE","Scaeva_affinis",1,5,NA
2022,3,24,"9_48","10_52","vetch_2","Long","","AGHE","Heliolonche_modiella",2,5,NA
2022,3,24,"9_48","10_52","vetch_2","Long","","LACA","Conophorus_fenestratus",1,50,NA
2022,3,24,"9_48","10_52","vetch_2","Long","","LUBI","Hippodamia_convergens",1,50,NA
2022,3,24,"9_48","10_52","vetch_2","Long","","LACA","blue_red_stripe_moth_Lepidoptera",4,50,NA
2022,3,24,"9_48","10_52","vetch_2","Long","","LACA","Andrena_sp.",1,NA,NA
2022,3,24,"9_48","10_52","vetch_2","Long","","LACA","Andrena_sp.",1,NA,NA
2022,3,24,"9_48","10_52","vetch_2","Long","","LACA","Adela_trigrapha",1,NA,NA
2022,3,24,"9_48","10_52","vetch_2","Long","","AGHE","Andrena_pensilis",1,NA,NA
2022,3,24,"9_48","10_52","vetch_2","Long","","PLER","Junonia_grisea",1,NA,NA
2022,3,24,"9_48","10_52","vetch_2","Long","","LACA","Junonia_grisea",1,NA,NA
2022,3,24,"9_48","10_52","vetch_2","Long","","LACA","Panurginus_sp.",1,NA,NA
2022,3,24,"9_48","10_52","vetch_2","Long","","LACA","Andrena_sp.",1,NA,NA
2022,3,24,"9_48","10_52","vetch_2","Long","","LACA","Andrena_sp.",1,NA,NA
2022,3,24,"9_48","10_52","vetch_2","Long","","LACA","Andrena_sp.",1,NA,NA
2022,3,24,"9_48","10_52","vetch_2","Long","","PLER","Andrena_subchalybea",2,NA,NA
2022,3,24,"9_48","10_52","vetch_2","Long","","LACA","Andrena_pensilis",2,NA,NA
2022,3,24,"9_48","10_52","vetch_2","Long","","PLER","Andrena_subchalybea",1,NA,NA
2022,3,24,"9_48","10_52","vetch_2","Long","","LUBI","Listrus_sp._1",1,NA,NA
2022,3,24,"9_48","10_52","vetch_2","Long","","LACA","Andrena_subchalybea",2,NA,NA
2022,3,24,"9_48","10_52","vetch_2","Long","","LACA","Andrena_duboisi",3,NA,NA
2022,3,24,"9_48","10_52","vetch_2","Long","","LACA","Andrena_pensilis",3,NA,NA
2022,3,24,"9_48","10_52","vetch_2","Long","","LACA","Andrena_duboisi",1,NA,NA
2022,3,24,"9_48","10_52","vetch_2","Long","","LACA","Andrena_duboisi",1,NA,NA
2022,3,24,"9_48","10_52","vetch_2","Long","","AGHE","Andrena_subchalybea",1,NA,NA
2022,3,24,"9_48","10_52","vetch_2","Long","","LACA","Andrena_pensilis",3,NA,NA
2022,3,24,"10_53","11_20","vetch_3","Long","","VIVI","Habropoda_depressa",4,0,NA
2022,3,24,"10_53","11_20","vetch_3","Long","","VIVI","Eucera_actuosa",2,0,NA
2022,3,24,"10_53","11_20","vetch_3","Long","","VIVI","Apis_mellifera",1,0,NA
2022,3,24,"10_53","11_20","vetch_3","Long","","EUSP","Scaeva_affinis",2,NA,NA
2022,3,24,"10_53","11_20","vetch_3","Long","","LACA","Andrena_pensilis",1,NA,NA
2022,3,24,"10_53","11_20","vetch_3","Long","","TRFU","Bombus_vosnesenskii",7,20,NA
2022,3,24,"10_53","11_20","vetch_3","Long","","TRFU","Apis_mellifera",1,20,NA
2022,3,24,"10_53","11_20","vetch_3","Long","","TRFU","Apis_mellifera",2,20,NA
2022,3,24,"10_53","11_20","vetch_3","Long","","EUSP","Scaeva_affinis",1,NA,NA
2022,3,24,"10_53","11_20","vetch_3","Long","","EUSP","Panurginus_sp.",2,NA,NA
2022,3,24,"10_53","11_20","vetch_3","Long","","LACA","Listrus_sp._1",1,NA,NA
2022,3,24,"10_53","11_20","vetch_3","Long","","LACA","Andrena_subchalybea",1,NA,NA
2022,3,24,"10_53","11_20","vetch_3","Long","","LACA","Andrena_subchalybea",1,NA,NA
2022,3,24,"10_53","11_20","vetch_3","Long","","LACA","Andrena_duboisi",1,NA,NA
2022,3,24,"10_53","11_20","vetch_3","Long","","LACA","Andrena_duboisi",1,NA,NA
2022,3,24,"10_53","11_20","vetch_3","Long","","LACA","Andrena chalybioides",1,NA,NA
2022,3,24,"10_53","11_20","vetch_3","Long","","LACA","Andrena_sp.",2,NA,NA
2022,3,24,"10_53","11_20","vetch_3","Long","","LACA","Andrena_sp.",1,NA,NA
2022,3,24,"10_53","11_20","vetch_3","Long","","LACA","Andrena_pensilis",1,NA,NA
2022,3,24,"11_21","11_40","vetch_4","Long","","LACA","Listrus_sp._1",1,NA,NA
2022,3,24,"11_21","11_40","vetch_4","Long","","LACA","Listrus_sp._1",1,NA,NA
2022,3,24,"11_21","11_40","vetch_4","Long","","LACA","Andrena_subchalybea",3,NA,NA
2022,3,24,"11_21","11_40","vetch_4","Long","","LACA","Andrena_pensilis",2,NA,NA
2022,3,24,"11_21","11_40","vetch_4","Long","","EUSP","Muscidae",1,NA,NA
2022,3,24,"11_21","11_40","vetch_4","Long","","EUSP","Andrena_duboisi",1,NA,NA
2022,3,24,"11_21","11_40","vetch_4","Long","","EUSP","Polistes_aurifer",1,NA,NA
2022,3,24,"11_21","11_40","vetch_4","Long","","LUNA","red_Diptera",4,0,NA
2022,3,24,"11_21","11_40","vetch_4","Long","","LACA","Listrus_sp._1",1,NA,NA
2022,3,24,"1_21","1_46","far_seep","Bertha","","VIVI","Bombus_melanopygus",5,0,NA
2022,3,24,"1_21","1_46","far_seep","Bertha","","LACA","Elateridae",1,NA,NA
2022,3,24,"1_21","1_46","far_seep","Bertha","","LACA","Listrus_sp._1",1,NA,NA
2022,3,24,"1_21","1_46","far_seep","Bertha","","LACA","Helithodes_dimutiva",2,NA,NA
2022,3,24,"1_21","1_46","far_seep","Bertha","","LACA","Panurginus_sp.",1,NA,NA
2022,3,24,"1_21","1_46","far_seep","Bertha","","LACA","Listrus_sp._1",1,NA,NA
2022,3,24,"1_21","1_46","far_seep","Bertha","","LACA","Conophorus_fenestratus",1,NA,NA
2022,3,24,"1_21","1_46","far_seep","Bertha","","LACA","Conophorus_fenestratus",1,NA,NA
2022,3,24,"1_21","1_46","far_seep","Bertha","","LACA","Andrena_subchalybea",3,NA,NA
2022,3,24,"1_21","1_46","far_seep","Bertha","","LACA","Andrena_sp.",1,NA,NA
2022,3,24,"1_21","1_46","far_seep","Bertha","","LACA","Conophorus_fenestratus",1,NA,NA
2022,3,24,"1_21","1_46","far_seep","Bertha","","LACA","Listrus_sp._1",1,NA,NA
2022,3,24,"1_21","1_46","far_seep","Bertha","","LACA","Listrus_sp._1",1,NA,NA
2022,3,24,"1_21","1_46","far_seep","Bertha","","LACA","Listrus_sp._1",1,NA,NA
2022,3,24,"1_21","1_46","far_seep","Bertha","","LACA","Andrena_subchalybea",1,NA,NA
2022,3,24,"1_21","1_46","far_seep","Bertha","","LACA","Andrena_subchalybea",1,NA,NA
2022,3,24,"1_21","1_46","far_seep","Bertha","","LACA","Conophorus_fenestratus",1,NA,NA
2022,3,24,"1_21","1_46","far_seep","Bertha","","LACA","Conophorus_fenestratus",1,NA,NA
2022,3,24,"1_21","1_46","far_seep","Bertha","","LACA","Listrus_sp._1",1,NA,NA
2022,3,24,"1_21","1_46","far_seep","Bertha","","LACA","Andrena_dissona",2,NA,NA
2022,3,24,"1_21","1_46","far_seep","Bertha","","LACA","Listrus_sp._1",1,NA,NA
2022,3,24,"1_21","1_46","far_seep","Bertha","","LACA","Listrus_sp._1",1,NA,NA
2022,3,24,"1_21","1_46","far_seep","Bertha","","LACA","Conophorus_fenestratus",1,NA,NA
2022,3,24,"1_48","2_08","goldbanner_2","Bertha","","LACA","Panurginus_sp.",2,NA,NA
2022,3,24,"1_48","2_08","goldbanner_3","Bertha","","LACA","Euopeodes_fumipennis",1,NA,NA
2022,3,24,"1_48","2_08","goldbanner_4","Bertha","","LACA","Andrena_dissona",3,NA,NA
2022,3,24,"1_48","2_08","goldbanner_5","Bertha","","LACA","Euopeodes_fumipennis",1,NA,NA
2022,3,24,"1_48","2_08","goldbanner_6","Bertha","","LACA","Andrena_sp.",1,NA,NA
2022,3,24,"1_48","2_08","goldbanner_7","Bertha","","LACA","Andrena_subchalybea",1,NA,NA
2022,3,24,"1_48","2_08","goldbanner_8","Bertha","","LACA","Andrena_subchalybea",2,NA,NA
2022,3,24,"1_48","2_08","goldbanner_9","Bertha","","LACA","Andrena_pensilis",1,NA,NA
2022,3,24,"1_48","2_08","goldbanner_10","Bertha","","LACA","Andrena_dissona",1,NA,NA
2022,3,24,"1_48","2_08","goldbanner_11","Bertha","","LACA","Listrus_sp._1",1,NA,NA
2022,3,24,"1_48","2_08","goldbanner_12","Bertha","","LACA","Andrena_sp.",1,NA,NA
2022,3,24,"1_48","2_08","goldbanner_13","Bertha","","LACA","Andrena_pensilis",3,NA,NA
2022,3,24,"1_48","2_08","goldbanner_14","Bertha","","LACA","Andrena_subchalybea",1,NA,NA
2022,3,24,"1_48","2_08","goldbanner_15","Bertha","","LACA","Muscidae",3,NA,NA
2022,3,24,"1_48","2_08","goldbanner_16","Bertha","","LACA","Andrena_pensilis",1,NA,NA
2022,3,24,"1_48","2_08","goldbanner_17","Bertha","","LACA","Andrena_pensilis",1,NA,NA
2022,3,24,"1_48","2_08","goldbanner_18","Bertha","","LACA","Andrena_pensilis",2,NA,NA
2022,3,24,"1_48","2_08","goldbanner_19","Bertha","","LACA","Andrena_pensilis",1,NA,NA
2022,3,24,"2_12","2_30","transect_3","Bertha","","LACA","Xylocopa_sp.",3,NA,NA
2022,3,24,"2_12","2_30","transect_3","Bertha","","LUSU","Xylocopa_sp.",1,NA,NA
2022,3,24,"2_12","2_30","transect_3","Bertha","","LACA","Listrus_sp._1",1,NA,NA
2022,3,24,"2_12","2_30","transect_3","Bertha","","EUSP","Andrena_pensilis",1,NA,NA
2022,3,24,"2_12","2_30","transect_3","Bertha","","LACA","Andrena_subchalybea",2,NA,NA
2022,3,24,"2_12","2_30","transect_3","Bertha","","LACA","Andrena_pensilis",2,NA,NA
2022,3,24,"2_12","2_30","transect_3","Bertha","","LACA","Andrena_sp.",1,NA,NA
2022,3,24,"2_12","2_30","transect_3","Bertha","","LACA","Andrena_subchalybea",3,NA,NA
2022,3,24,"2_12","2_30","transect_3","Bertha","","LACA","Conophorus_fenestratus",1,NA,NA
2022,3,24,"2_32","2_45","close_lupines","Bertha","","LACA","Listrus_sp._1",4,NA,NA
2022,3,24,"2_32","2_45","close_lupines","Bertha","","PLER","Junonia_grisea",1,NA,NA
2022,3,24,"2_32","2_45","close_lupines","Bertha","","LACA","Junonia_grisea",1,NA,NA
2022,3,24,"2_32","2_45","close_lupines","Bertha","","LACA","Panurginus_sp.",2,NA,NA
2022,3,24,"2_32","2_45","close_lupines","Bertha","","LACA","Listrus_sp._1",1,NA,NA
2022,3,25,"9_36","9_59","1","Far_Gate","","VIVI","Scaeva_affinis",1,0,NA
2022,3,25,"9_36","9_59","1","Far_Gate","","VIVI","Scaeva_affinis",2,0,NA
2022,3,25,"9_36","9_59","1","Far_Gate","","VIVI","Scaeva_affinis",2,0,NA
2022,3,25,"9_36","9_59","1","Far_Gate","","VIVI","Scaeva_affinis",4,0,NA
2022,3,25,"9_36","9_59","1","Far_Gate","","VIVI","Apis_mellifera",2,0,NA
2022,3,25,"9_36","9_59","1","Far_Gate","","VIVI","Scaeva_affinis",1,0,NA
2022,3,25,"9_36","9_59","1","Far_Gate","","VIVI","Scaeva_affinis",1,0,NA
2022,3,25,"9_36","9_59","1","Far_Gate","","ERCI","Eucera_actuosa",5,5,NA
2022,3,25,"9_36","9_59","1","Far_Gate","","ERCI","Scaeva_affinis",3,10,NA
2022,3,25,"9_36","9_59","1","Far_Gate","","ERCI","Junonia_grisea",2,50,NA
2022,3,25,"9_36","9_59","1","Far_Gate","","ERCI","Scaeva_affinis",2,50,NA
2022,3,25,"9_36","9_59","1","Far_Gate","","ERCI","Scaeva_affinis",1,50,NA
2022,3,25,"10_00","10_12","2","Far_Gate","","VIVI","Apis_mellifera",1,0,NA
2022,3,25,"10_00","10_12","2","Far_Gate","","VIVI","Apis_mellifera",1,0,NA
2022,3,25,"10_00","10_12","2","Far_Gate","","VIVI","Apis_mellifera",1,0,NA
2022,3,25,"10_00","10_12","2","Far_Gate","","VIVI","Apis_mellifera",1,0,NA
2022,3,25,"10_00","10_12","2","Far_Gate","","VIVI","Apis_mellifera",1,0,NA
2022,3,25,"10_00","10_12","2","Far_Gate","","VIVI","Apis_mellifera",1,0,NA
2022,3,25,"10_00","10_12","2","Far_Gate","","VIVI","Scaeva_affinis",1,0,NA
2022,3,25,"10_00","10_12","2","Far_Gate","","VIVI","Eucera_actuosa",2,0,NA
2022,3,25,"10_00","10_12","2","Far_Gate","","VIVI","Apis_mellifera",1,0,NA
2022,3,25,"10_00","10_12","2","Far_Gate","","VIVI","Apis_mellifera",1,0,NA
2022,3,25,"10_00","10_12","2","Far_Gate","","VIVI","Apis_mellifera",1,0,NA
2022,3,25,"10_00","10_12","2","Far_Gate","","VIVI","Scaeva_affinis",3,0,NA
2022,3,25,"10_00","10_12","2","Far_Gate","","VIVI","Colias_eurytheme",2,0,NA
2022,3,25,"10_00","10_12","2","Far_Gate","","VIVI","Apis_mellifera",1,0,NA
2022,3,25,"10_00","10_12","2","Far_Gate","","VIVI","Apis_mellifera",1,0,NA
2022,3,25,"10_13","10_23","3","Far_Gate","","VIVI","Scaeva_affinis",1,0,NA
2022,3,25,"10_13","10_23","3","Far_Gate","","VIVI","Colias_eurytheme",1,0,NA
2022,3,25,"10_13","10_23","3","Far_Gate","","VIVI","Apis_mellifera",4,0,NA
2022,3,25,"10_13","10_23","3","Far_Gate","","VIVI","Apis_mellifera",5,0,NA
2022,3,25,"10_13","10_23","3","Far_Gate","","VIVI","Euopeodes_fumipennis",1,0,NA
2022,3,25,"10_13","10_23","3","Far_Gate","","VIVI","Apis_mellifera",1,0,NA
2022,3,25,"10_13","10_23","3","Far_Gate","","VIVI","Apis_mellifera",1,0,NA
2022,3,25,"10_13","10_23","3","Far_Gate","","VIVI","Apis_mellifera",2,0,NA
2022,3,25,"10_13","10_23","3","Far_Gate","","VIVI","Apis_mellifera",1,0,NA
2022,3,25,"10_13","10_23","3","Far_Gate","","VIVI","Apis_mellifera",1,0,NA
2022,3,25,"10_13","10_23","3","Far_Gate","","VIVI","Apis_mellifera",3,0,NA
2022,3,25,"10_13","10_23","3","Far_Gate","","VIVI","Eucera_actuosa",2,0,NA
2022,3,25,"10_24","10_33","4","Far_Gate","","LUSU","Eucera_actuosa",6,10,NA
2022,3,25,"10_24","10_33","4","Far_Gate","","VIVI","Apis_mellifera",1,0,NA
2022,3,25,"10_24","10_33","4","Far_Gate","","VIVI","Apis_mellifera",3,0,NA
2022,3,25,"10_24","10_33","4","Far_Gate","","VIVI","Apis_mellifera",1,0,NA
2022,3,25,"10_24","10_33","4","Far_Gate","","VIVI","Apis_mellifera",1,0,NA
2022,3,25,"10_24","10_33","4","Far_Gate","","VIVI","Apis_mellifera",1,0,NA
2022,3,25,"10_24","10_33","4","Far_Gate","","VIVI","Apis_mellifera",1,0,NA
2022,3,25,"10_24","10_33","4","Far_Gate","","VIVI","Apis_mellifera",1,0,NA
2022,3,25,"10_24","10_33","4","Far_Gate","","VIVI","Apis_mellifera",1,0,NA
2022,3,25,"10_44","10_56","1","Tac_Shack","","VIVI","Apis_mellifera",3,0,NA
2022,3,25,"10_44","10_56","1","Tac_Shack","","VIVI","Scaeva_affinis",2,0,NA
2022,3,25,"10_44","10_56","1","Tac_Shack","","VIVI","Apis_mellifera",1,0,NA
2022,3,25,"10_44","10_56","1","Tac_Shack","","VIVI","Apis_mellifera",1,0,NA
2022,3,25,"10_44","10_56","1","Tac_Shack","","VIVI","Apis_mellifera",1,0,NA
2022,3,25,"10_44","10_56","1","Tac_Shack","","VIVI","Bombus_melanopygus",1,0,NA
2022,3,25,"10_44","10_56","1","Tac_Shack","","VIVI","Scaeva_affinis",1,0,NA
2022,3,25,"10_44","10_56","1","Tac_Shack","","VIVI","Apis_mellifera",1,0,NA
2022,3,25,"10_44","10_56","1","Tac_Shack","","VIVI","Apis_mellifera",2,0,NA
2022,3,25,"10_44","10_56","1","Tac_Shack","","VIVI","Apis_mellifera",1,0,NA
2022,3,25,"10_44","10_56","1","Tac_Shack","","VIVI","Apis_mellifera",1,0,NA
2022,3,25,"10_44","10_56","1","Tac_Shack","","VIVI","Muscidae",1,0,NA
2022,3,25,"10_44","10_56","1","Tac_Shack","","LUSU","Scaeva_affinis",1,0,NA
2022,3,25,"10_44","10_56","1","Tac_Shack","","VIVI","Apis_mellifera",2,0,NA
2022,3,25,"10_44","10_56","1","Tac_Shack","","VIVI","Apis_mellifera",1,0,NA
2022,3,25,"10_44","10_56","1","Tac_Shack","","VIVI","Apis_mellifera",1,0,NA
2022,3,25,"10_44","10_56","1","Tac_Shack","","VIVI","Apis_mellifera",1,0,NA
2022,3,25,"10_44","10_56","1","Tac_Shack","","VIVI","Apis_mellifera",1,0,NA
2022,3,25,"10_44","10_56","1","Tac_Shack","","LUSU","Eucera_actuosa",1,0,NA
2022,3,25,"10_44","10_56","1","Tac_Shack","","VIVI","Apis_mellifera",3,0,NA
2022,3,25,"10_44","10_56","1","Tac_Shack","","VIVI","Apis_mellifera",4,0,NA
2022,3,25,"10_44","10_56","1","Tac_Shack","","VIVI","Apis_mellifera",1,0,NA
2022,3,25,"10_44","10_56","1","Tac_Shack","","VIVI","Apis_mellifera",1,0,NA
2022,3,25,"10_57","11_05","2","Tac_Shack","","VIVI","Apis_mellifera",2,0,NA
2022,3,25,"10_57","11_05","2","Tac_Shack","","VIVI","Apis_mellifera",2,0,NA
2022,3,25,"10_57","11_05","2","Tac_Shack","","VIVI","Scaeva_affinis",1,0,NA
2022,3,25,"10_57","11_05","2","Tac_Shack","","VIVI","Apis_mellifera",2,0,NA
2022,3,25,"10_57","11_05","2","Tac_Shack","","VIVI","Bombus_vosnesenskii",6,0,NA
2022,3,25,"10_57","11_05","2","Tac_Shack","","VIVI","Apis_mellifera",1,0,NA
2022,3,25,"10_57","11_05","2","Tac_Shack","","VIVI","Apis_mellifera",1,0,NA
2022,3,25,"10_57","11_05","2","Tac_Shack","","VIVI","Apis_mellifera",2,0,NA
2022,3,25,"10_57","11_05","2","Tac_Shack","","VIVI","Apis_mellifera",1,0,NA
2022,3,25,"10_57","11_05","2","Tac_Shack","","VIVI","Apis_mellifera",1,0,NA
2022,3,25,"10_57","11_05","2","Tac_Shack","","VIVI","Apis_mellifera",1,0,NA
2022,3,25,"10_57","11_05","2","Tac_Shack","","VIVI","Apis_mellifera",1,0,NA
2022,3,25,"10_57","11_05","2","Tac_Shack","","VIVI","Apis_mellifera",1,0,NA
2022,3,25,"10_57","11_05","2","Tac_Shack","","VIVI","Apis_mellifera",2,0,NA
2022,3,25,"10_57","11_05","2","Tac_Shack","","VIVI","Apis_mellifera",1,0,NA
2022,3,25,"10_57","11_05","2","Tac_Shack","","LUSU","Scaeva_affinis",1,0,NA
2022,3,25,"10_57","11_05","2","Tac_Shack","","VIVI","Apis_mellifera",1,0,NA
2022,3,25,"11_06","11_19","3","Tac_Shack","","VIVI","Scaeva_affinis",1,0,NA
2022,3,25,"11_06","11_19","3","Tac_Shack","","LUSU","Scaeva_affinis",1,0,NA
2022,3,25,"11_06","11_19","3","Tac_Shack","","VIVI","Apis_mellifera",1,0,NA
2022,3,25,"11_06","11_19","3","Tac_Shack","","VIVI","Apis_mellifera",1,0,NA
2022,3,25,"11_06","11_19","3","Tac_Shack","","LUSU","Apis_mellifera",2,0,NA
2022,3,25,"11_06","11_19","3","Tac_Shack","","VIVI","Apis_mellifera",1,0,NA
2022,3,25,"11_06","11_19","3","Tac_Shack","","VIVI","Apis_mellifera",1,0,NA
2022,3,25,"11_06","11_19","3","Tac_Shack","","VIVI","Apis_mellifera",1,0,NA
2022,3,25,"11_06","11_19","3","Tac_Shack","","VIVI","Apis_mellifera",2,0,NA
2022,3,25,"11_06","11_19","3","Tac_Shack","","LUSU","Scaeva_affinis",2,0,NA
2022,3,25,"11_06","11_19","3","Tac_Shack","","VIVI","Apis_mellifera",1,0,NA
2022,3,25,"11_06","11_19","3","Tac_Shack","","LUSU","Scaeva_affinis",1,0,NA
2022,3,25,"11_06","11_19","3","Tac_Shack","","LUSU","Scaeva_affinis",1,0,NA
2022,3,25,"11_06","11_19","3","Tac_Shack","","LUSU","Apis_mellifera",1,0,NA
2022,3,25,"11_06","11_19","3","Tac_Shack","","VIVI","Apis_mellifera",1,0,NA
2022,3,25,"11_06","11_19","3","Tac_Shack","","VIVI","Apis_mellifera",2,0,NA
2022,3,25,"11_06","11_19","3","Tac_Shack","","LUSU","Scaeva_affinis",1,0,NA
2022,3,25,"11_06","11_19","3","Tac_Shack","","LUSU","Scaeva_affinis",2,0,NA
2022,3,25,"11_06","11_19","3","Tac_Shack","","LUSU","Scaeva_affinis",3,0,NA
2022,3,25,"11_06","11_19","3","Tac_Shack","","LUSU","Eucera_actuosa",13,0,NA
2022,3,25,"11_06","11_19","3","Tac_Shack","","LUSU","Scaeva_affinis",2,0,NA
2022,3,25,"11_06","11_19","3","Tac_Shack","","LUSU","Scaeva_affinis",1,0,NA
2022,3,25,"11_20","11_29","4","Tac_Shack","","LUSU","Scaeva_affinis",1,1,NA
2022,3,25,"11_20","11_29","4","Tac_Shack","","LUSU","Apis_mellifera",1,0,NA
2022,3,25,"11_20","11_29","4","Tac_Shack","","LUSU","Apis_mellifera",3,0,NA
2022,3,25,"11_20","11_29","4","Tac_Shack","","LUSU","Scaeva_affinis",1,0,NA
2022,3,25,"11_20","11_29","4","Tac_Shack","","LUSU","Scaeva_affinis",1,0,NA
2022,3,25,"11_20","11_29","4","Tac_Shack","","LUSU","Scaeva_affinis",1,0,NA
2022,3,25,"11_20","11_29","4","Tac_Shack","","LUSU","Scaeva_affinis",1,0,NA
2022,3,25,"11_20","11_29","4","Tac_Shack","","VIVI","Apis_mellifera",1,0,NA
2022,3,25,"11_20","11_29","4","Tac_Shack","","LUSU","Scaeva_affinis",1,0,NA
2022,3,25,"11_20","11_29","4","Tac_Shack","","LUSU","Scaeva_affinis",1,0,NA
2022,3,25,"11_20","11_29","4","Tac_Shack","","LUSU","Scaeva_affinis",1,0,NA
2022,3,25,"11_20","11_29","4","Tac_Shack","","LUSU","Scaeva_affinis",1,0,NA
2022,3,25,"11_20","11_29","4","Tac_Shack","","VIVI","Scaeva_affinis",1,0,NA
2022,3,25,"11_20","11_29","4","Tac_Shack","","LUSU","Scaeva_affinis",1,0,NA
2022,3,25,"11_30","11_40","5","Tac_Shack","","LUSU","Scaeva_affinis",1,5,NA
2022,3,25,"11_30","11_40","5","Tac_Shack","","LUSU","Scaeva_affinis",1,10,NA
2022,3,25,"11_30","11_40","5","Tac_Shack","","LUSU","Scaeva_affinis",1,0,NA
2022,3,25,"11_30","11_40","5","Tac_Shack","","LUSU","Eucera_actuosa",2,5,NA
2022,3,25,"11_30","11_40","5","Tac_Shack","","LUSU","Scaeva_affinis",1,10,NA
2022,3,25,"11_30","11_40","5","Tac_Shack","","ESCA","Elateridae",1,10,NA
2022,3,25,"1_43","1_53","1","Hill_Base","","VIVI","Anthophora_californica",2,0,NA
2022,3,25,"1_43","1_53","1","Hill_Base","","LUSU","Hippodamia_convergens",1,0,NA
2022,3,25,"1_43","1_53","1","Hill_Base","","LUSU","Scaeva_affinis",1,0,NA
2022,3,25,"1_43","1_53","1","Hill_Base","","LUSU","Anthophora_californica",1,1,NA
2022,3,25,"1_43","1_53","1","Hill_Base","","VIVI","Apis_mellifera",1,0,NA
2022,3,25,"1_43","1_53","1","Hill_Base","","LUSU","Bombus_vosnesenskii",5,0,NA
2022,3,25,"1_43","1_53","1","Hill_Base","","VIVI","Apis_mellifera",1,0,NA
2022,3,25,"1_54","1_58","2","Hill_Base","","VIVI","Apis_mellifera",2,0,NA
2022,3,25,"1_59","2_08","3","Hill_Base","","LUSU","Apis_mellifera",1,1,NA
2022,3,25,"1_59","2_08","3","Hill_Base","","LUSU","Apis_mellifera",1,10,NA
2022,3,25,"1_59","2_08","3","Hill_Base","","LUSU","Apis_mellifera",2,10,NA
2022,3,25,"1_59","2_08","3","Hill_Base","","LUSU","Scaeva_affinis",1,10,NA
2022,3,25,"1_59","2_08","3","Hill_Base","","LUSU","Scaeva_affinis",3,10,NA
2022,3,25,"2_08","2_13","4","Hill_Base","","LUSU","Scaeva_affinis",1,10,NA
2022,3,25,"2_08","2_13","4","Hill_Base","","LUSU","Anthophora_californica",1,1,NA
2022,3,25,"2_08","2_13","4","Hill_Base","","LUSU","Anthophora_californica",1,1,NA
2022,3,25,"2_22","2_32","1","Reservoir","","VIVI","Apis_mellifera",1,0,NA
2022,3,25,"2_22","2_32","1","Reservoir","","VIVI","Apis_mellifera",1,0,NA
2022,3,25,"2_22","2_32","1","Reservoir","","VIVI","Osmia_cara",2,0,NA
2022,3,25,"2_22","2_32","1","Reservoir","","VIVI","Osmia_cara",1,0,NA
2022,3,25,"2_22","2_32","1","Reservoir","","LUMI","Anthophora_californica",1,0,NA
2022,3,25,"2_22","2_32","1","Reservoir","","VIVI","Apis_mellifera",2,0,NA
2022,3,25,"2_22","2_32","1","Reservoir","","VIVI","Osmia_cara",1,0,NA
2022,3,25,"2_22","2_32","1","Reservoir","","VIVI","Anthophora_californica",1,0,NA
2022,3,25,"2_22","2_32","1","Reservoir","","LUMI","Diabrotica_undecimpunctata",2,0,NA
2022,3,25,"2_22","2_32","1","Reservoir","","LUMI","Diabrotica_undecimpunctata",2,0,NA
2022,3,25,"2_22","2_32","1","Reservoir","","VIVI","Apis_mellifera",2,0,NA
2022,3,25,"2_32","2_42","2","Reservoir","","VIVI","Scaeva_affinis",1,0,NA
2022,3,25,"2_32","2_42","2","Reservoir","","VIVI","Apis_mellifera",1,0,NA
2022,3,25,"2_32","2_42","2","Reservoir","","VIVI","Apis_mellifera",2,0,NA
2022,3,26,"10_31","10_39","3","Aikawa","","EUSP","Junonia_grisea",1,200,NA
2022,3,26,"10_31","10_39","3","Aikawa","","LACA","Conophorus_fenestratus",1,NA,NA
2022,3,26,"10_31","10_39","3","Aikawa","","LACA","Andrena_subchalybea",3,NA,NA
2022,3,26,"10_41","10_53","4","Aikawa","","DICA","Euopeodes_fumipennis",2,NA,NA
2022,3,26,"10_41","10_53","4","Aikawa","","LACA","Listrus_sp._1",1,50,NA
2022,3,26,"10_41","10_53","4","Aikawa","","LACA","Heliolonche_modiella",2,70,NA
2022,3,26,"10_41","10_53","4","Aikawa","","LACA","Heliolonche_modiella",2,70,NA
2022,3,26,"10_41","10_53","4","Aikawa","","LACA","Heliolonche_modiella",2,70,NA
2022,3,26,"10_41","10_53","4","Aikawa","","LACA","Helithodes_dimutiva",1,70,NA
2022,3,26,"10_41","10_53","4","Aikawa","","LACA","Helithodes_dimutiva",2,70,NA
2022,3,26,"10_41","10_53","4","Aikawa","","LACA","Andrena_subchalybea",1,70,NA
2022,3,26,"10_41","10_53","4","Aikawa","","LACA","Listrus_sp._1",1,70,NA
2022,3,26,"10_41","10_53","4","Aikawa","","LACA","Andrena_subchalybea",3,70,NA
2022,3,26,"12_09","12_34","1","Long","","VIVI","Apis_mellifera",1,0,NA
2022,3,26,"12_09","12_34","1","Long","","VIVI","Apis_mellifera",1,0,NA
2022,3,26,"12_09","12_34","1","Long","","VIVI","Apis_mellifera",1,0,NA
2022,3,26,"12_09","12_34","1","Long","","VIVI","Apis_mellifera",2,0,NA
2022,3,26,"12_09","12_34","1","Long","","VIVI","Anthophora_californica",4,0,NA
2022,3,26,"12_09","12_34","1","Long","","VIVI","Apis_mellifera",1,0,NA
2022,3,26,"12_09","12_34","1","Long","","VIVI","Apis_mellifera",4,0,NA
2022,3,26,"12_09","12_34","1","Long","","VIVI","Apis_mellifera",3,0,NA
2022,3,26,"12_09","12_34","1","Long","","VIVI","Apis_mellifera",3,0,NA
2022,3,26,"12_09","12_34","1","Long","","VIVI","Apis_mellifera",1,0,NA
2022,3,26,"12_09","12_34","1","Long","","VIVI","Apis_mellifera",2,0,NA
2022,3,26,"12_09","12_34","1","Long","","VIVI","Apis_mellifera",2,0,NA
2022,3,26,"12_09","12_34","1","Long","","VIVI","Apis_mellifera",1,0,NA
2022,3,26,"12_09","12_34","1","Long","","VIVI","Apis_mellifera",1,0,NA
2022,3,26,"12_09","12_34","1","Long","","VIVI","Eucera_actuosa",1,0,NA
2022,3,26,"12_09","12_34","1","Long","","VIVI","Apis_mellifera",2,0,NA
2022,3,26,"12_09","12_34","1","Long","","VIVI","Apis_mellifera",2,0,NA
2022,3,26,"12_09","12_34","1","Long","","LUBI","Hippodamia_convergens",1,1,NA
2022,3,26,"12_35","12_45","2","Long","","VIVI","Anthophora_californica",2,0,NA
2022,3,26,"12_35","12_45","2","Long","","VIVI","Apis_mellifera",1,0,NA
2022,3,26,"12_35","12_45","2","Long","","VIVI","Apis_mellifera",1,0,NA
2022,3,26,"12_35","12_45","2","Long","","VIVI","Apis_mellifera",1,0,NA
2022,3,26,"12_35","12_45","2","Long","","VIVI","Apis_mellifera",1,0,NA
2022,3,26,"12_35","12_45","2","Long","","VIVI","Apis_mellifera",2,0,NA
2022,3,26,"12_46","1_05","3","Long","","LUBI","Junonia_grisea",1,0,NA
2022,3,26,"12_46","1_05","3","Long","","VIVI","Apis_mellifera",1,0,NA
2022,3,26,"12_46","1_05","3","Long","","VIVI","Bombus_melanopygus",2,0,NA
2022,3,26,"12_46","1_05","3","Long","","VIVI","Apis_mellifera",1,0,NA
2022,3,26,"12_46","1_05","3","Long","","VIVI","Apis_mellifera",1,0,NA
2022,3,26,"12_46","1_05","3","Long","","VIVI","Apis_mellifera",1,0,NA
2022,3,26,"12_46","1_05","3","Long","","VIVI","Eucera_frater_albopilosa",1,0,NA
2022,3,26,"12_46","1_05","3","Long","","VIVI","Apis_mellifera",1,0,NA
2022,3,26,"12_46","1_05","3","Long","","VIVI","Apis_mellifera",1,0,NA
2022,3,26,"12_46","1_05","3","Long","","VIVI","Bombus_melanopygus",1,0,NA
2022,3,26,"12_46","1_05","3","Long","","VIVI","Apis_mellifera",1,0,NA
2022,3,26,"12_46","1_05","3","Long","","VIVI","Apis_mellifera",1,0,NA
2022,3,26,"12_46","1_05","3","Long","","VIVI","Apis_mellifera",1,0,NA
2022,3,26,"12_46","1_05","3","Long","","VIVI","Bombus_vosnesenskii",3,0,NA
2022,3,26,"12_46","1_05","3","Long","","VIVI","Apis_mellifera",2,0,NA
2022,3,26,"12_46","1_05","3","Long","","VIVI","Apis_mellifera",2,0,NA
2022,3,26,"12_46","1_05","3","Long","","LACA","Elateridae",1,0,NA
2022,3,26,"12_46","1_05","3","Long","","LACA","Listrus_sp._1",1,0,NA
2022,3,26,"12_46","1_05","3","Long","","VIVI","Bombus_vosnesenskii",4,0,NA
2022,3,26,"12_46","1_05","3","Long","","VIVI","Apis_mellifera",2,0,NA
2022,3,26,"12_46","1_05","3","Long","","VIVI","Apis_mellifera",1,0,NA
2022,3,26,"12_46","1_05","3","Long","","VIVI","Apis_mellifera",1,0,NA
2022,3,26,"12_46","1_05","3","Long","","VIVI","Apis_mellifera",1,0,NA
2022,3,26,"12_46","1_05","3","Long","","VIVI","Bombus_melanopygus",2,0,NA
2022,3,26,"12_46","1_05","3","Long","","VIVI","Scaeva_affinis",1,0,NA
2022,3,26,"12_46","1_05","3","Long","","VIVI","Apis_mellifera",1,0,NA
2022,3,26,"12_46","1_05","3","Long","","VIVI","Eucera_frater_albopilosa",1,0,NA
2022,3,26,"12_46","1_05","3","Long","","VIVI","Apis_mellifera",2,0,NA
2022,3,26,"12_46","1_05","3","Long","","VIVI","Apis_mellifera",2,0,NA
2022,3,26,"12_46","1_05","3","Long","","VIVI","Apis_mellifera",1,0,NA
2022,3,26,"12_46","1_05","3","Long","","VIVI","Apis_mellifera",1,0,NA
2022,3,26,"12_46","1_05","3","Long","","VIVI","Apis_mellifera",1,0,NA
2022,3,26,"12_46","1_05","3","Long","","LACA","Andrena_sp.",3,0,NA
2022,3,26,"1_07","2_00","4","Long","","LACA","Chrysis_angolensis",1,0,NA
2022,3,26,"1_07","2_00","4","Long","","VIVI","Apis_mellifera",4,0,NA
2022,3,26,"1_07","2_00","4","Long","","LACA","Listrus_sp._1",1,0,NA
2022,3,26,"1_07","2_00","4","Long","","VIVI","Apis_mellifera",2,0,NA
2022,3,26,"1_07","2_00","4","Long","","VIVI","Eucera_actuosa",1,0,NA
2022,3,26,"1_07","2_00","4","Long","","VIVI","Apis_mellifera",2,0,NA
2022,3,26,"1_07","2_00","4","Long","","VIVI","Apis_mellifera",1,0,NA
2022,3,26,"1_07","2_00","4","Long","","VIVI","Apis_mellifera",1,0,NA
2022,3,26,"1_07","2_00","4","Long","","VIVI","Apis_mellifera",2,1,NA
2022,3,26,"1_07","2_00","4","Long","","VIVI","Apis_mellifera",1,0,NA
2022,3,26,"1_07","2_00","4","Long","","VIVI","Apis_mellifera",1,0,NA
2022,3,26,"1_07","2_00","4","Long","","TRFU","Apis_mellifera",1,1,NA
2022,3,26,"1_07","2_00","4","Long","","EUSP","Nomada_hesperia",2,1,NA
2022,3,26,"1_07","2_00","4","Long","","LACA","Listrus_sp._1",1,1,NA
2022,3,26,"1_07","2_00","4","Long","","LACA","Andrena_subchalybea",1,1,NA
2022,3,26,"1_07","2_00","4","Long","","VIVI","Apis_mellifera",1,0,NA
2022,3,26,"1_07","2_00","4","Long","","VIVI","Apis_mellifera",1,0,NA
2022,3,26,"1_07","2_00","4","Long","","VIVI","Apis_mellifera",1,0,NA
2022,3,26,"1_07","2_00","4","Long","","VIVI","Apis_mellifera",1,0,NA
2022,3,26,"1_07","2_00","4","Long","","LACA","Andrena_subchalybea",2,50,NA
2022,3,26,"1_07","2_00","4","Long","","LACA","Andrena_sp.",1,50,NA
2022,3,26,"1_07","2_00","4","Long","","LACA","Andrena_sp.",1,50,NA
2022,3,26,"1_07","2_00","4","Long","","LACA","Andrena_pensilis",3,50,NA
2022,3,26,"1_07","2_00","4","Long","","LACA","Helithodes_dimutiva",1,50,NA
2022,3,26,"1_07","2_00","4","Long","","LACA","Andrena_pensilis",3,NA,NA
2022,3,26,"1_07","2_00","4","Long","","LACA","Andrena_pensilis",1,NA,NA
2022,3,26,"1_07","2_00","4","Long","","VIVI","Bombus_vosnesenskii",6,0,NA
2022,3,26,"1_07","2_00","4","Long","","VIVI","Apis_mellifera",1,0,NA
2022,3,26,"1_07","2_00","4","Long","","TRFU","Anthophora_californica",1,0,NA
2022,3,26,"1_07","2_00","4","Long","","EUSP","Nomada_hesperia",1,0,NA
2022,3,26,"1_07","2_00","4","Long","","VIVI","Bombus_melanopygus",1,0,NA
2022,3,26,"1_07","2_00","4","Long","","VIVI","Apis_mellifera",1,0,NA
2022,3,26,"1_07","2_00","4","Long","","VIVI","Prosperpinus_clarkiae",10,0,NA
2022,3,26,"1_07","2_00","4","Long","","VIVI","Apis_mellifera",1,0,NA
2022,3,26,"1_07","2_00","4","Long","","VIVI","Apis_mellifera",1,0,NA
2022,3,26,"1_07","2_00","4","Long","","VIVI","Anthophora_californica",3,0,NA
2022,3,26,"1_07","2_00","4","Long","","VIVI","Apis_mellifera",1,0,NA
2022,3,26,"1_07","2_00","4","Long","","VIVI","Apis_mellifera",2,0,NA
2022,3,26,"1_07","2_00","4","Long","","VIVI","Apis_mellifera",2,0,NA
2022,3,26,"1_07","2_00","4","Long","","VIVI","Eucera_actuosa",3,0,NA
2022,3,26,"1_07","2_00","4","Long","","VIVI","Apis_mellifera",1,0,NA
2022,3,26,"1_07","2_00","4","Long","","VIVI","Anthophora_californica",1,0,NA
2022,3,26,"1_07","2_00","4","Long","","LACA","Andrena_pensilis",2,50,NA
2022,3,26,"1_07","2_00","4","Long","","LACA","Andrena_duboisi",9,50,NA
2022,3,26,"1_07","2_00","4","Long","","LACA","Andrena_pensilis",2,50,NA
2022,3,26,"1_07","2_00","4","Long","","LACA","Andrena_sp.",2,50,NA
2022,3,26,"1_07","2_00","4","Long","","LACA","Junonia_grisea",1,100,NA
2022,3,26,"1_07","2_00","4","Long","","LACA","Conophorus_fenestratus",1,100,NA
2022,3,26,"2_01","2_44","5","Long","","LACA","Andrena_baeriae",2,50,NA
2022,3,26,"2_01","2_44","5","Long","","LACA","Andrena_pensilis",2,NA,NA
2022,3,26,"2_01","2_44","5","Long","","LACA","Andrena_duboisi",2,NA,NA
2022,3,26,"2_01","2_44","5","Long","","LACA","Andrena_sp.",1,NA,NA
2022,3,26,"2_01","2_44","5","Long","","LACA","Andrena_sp.",1,NA,NA
2022,3,26,"2_01","2_44","5","Long","","LACA","Andrena_baeriae",1,NA,NA
2022,3,26,"2_01","2_44","5","Long","","LACA","Andrena_sp.",1,NA,NA
2022,3,26,"2_01","2_44","5","Long","","LACA","Andrena_pensilis",1,NA,NA
2022,3,26,"2_01","2_44","5","Long","","LACA","Andrena_pensilis",2,NA,NA
2022,3,26,"2_01","2_44","5","Long","","LACA","Andrena_duboisi",2,NA,NA
2022,3,26,"2_01","2_44","5","Long","","VIVI","Apis_mellifera",1,0,NA
2022,3,26,"2_01","2_44","5","Long","","VIVI","Anthophora_californica",1,9,NA
2022,3,26,"2_01","2_44","5","Long","","VIVI","Apis_mellifera",1,0,NA
2022,3,26,"2_01","2_44","5","Long","","ASBR","Eucera_frater_albopilosa",1,1,NA
2022,3,26,"2_01","2_44","5","Long","","VIVI","Apis_mellifera",1,0,NA
2022,3,26,"2_01","2_44","5","Long","","VIVI","Eucera_frater_albopilosa",1,0,NA
2022,3,26,"2_01","2_44","5","Long","","VIVI","Apis_mellifera",2,0,NA
2022,3,26,"2_01","2_44","5","Long","","VIVI","Eucera_frater_albopilosa",2,0,NA
2022,3,26,"2_01","2_44","5","Long","","TRFU","Osmia_cara",2,30,NA
2022,3,26,"2_01","2_44","5","Long","","EUSP","Scaeva_affinis",1,40,NA
2022,3,26,"2_01","2_44","5","Long","","LACA","Listrus_sp._1",1,40,NA
2022,3,26,"2_01","2_44","5","Long","","LACA","Andrena_duboisi",1,50,NA
2022,3,26,"2_01","2_44","5","Long","","LACA","Panurginus_sp.",2,NA,NA
2022,3,26,"2_01","2_44","5","Long","","LACA","Listrus_sp._1",1,NA,NA
2022,3,26,"2_01","2_44","5","Long","","LACA","Andrena_baeriae",3,NA,NA
2022,3,26,"2_01","2_44","5","Long","","LACA","Andrena_sp.",2,NA,NA
2022,3,26,"2_01","2_44","5","Long","","LACA","Conophorus_fenestratus",1,NA,NA
2022,3,29,"9_25","9_56","1","Bertha","","LUBI","Listrus_sp._1",1,1,NA
2022,3,29,"9_25","9_56","1","Bertha","","LUBI","Scaeva_affinis",1,1,NA
2022,3,29,"10_00","10_28","2","Bertha","","AGHE","Andrena_sp.",1,NA,NA
2022,3,29,"10_00","10_28","2","Bertha","","LACA","Listrus_sp._1",1,NA,NA
2022,3,29,"10_00","10_28","2","Bertha","","LACA","Listrus_sp._1",1,NA,NA
2022,3,29,"10_00","10_28","2","Bertha","","EUSP","Scaeva_affinis",2,NA,NA
2022,3,29,"10_00","10_28","2","Bertha","","LACA","Listrus_sp._1",1,NA,NA
2022,3,29,"10_00","10_28","2","Bertha","","LACA","Euopeodes_fumipennis",1,NA,NA
2022,3,29,"10_00","10_28","2","Bertha","","EUSP","Euopeodes_fumipennis",1,NA,NA
2022,3,29,"10_00","10_28","2","Bertha","","EUSP","Scaeva_affinis",2,NA,NA
2022,3,29,"10_00","10_28","2","Bertha","","LACA","Scaeva_affinis",1,NA,NA
2022,3,29,"10_00","10_28","2","Bertha","","LACA","Scaeva_affinis",1,NA,NA
2022,3,29,"10_00","10_28","2","Bertha","","LACA","Scaeva_affinis",2,NA,NA
2022,3,29,"10_00","10_28","2","Bertha","","LUMI","Listrus_sp._1",1,10,NA
2022,3,29,"10_00","10_28","2","Bertha","","LUMI","Listrus_sp._1",1,10,NA
2022,3,29,"10_00","10_28","2","Bertha","","LACA","Conophorus_fenestratus",1,10,NA
2022,3,29,"10_00","10_28","2","Bertha","","LACA","Conophorus_fenestratus",1,10,NA
2022,3,29,"10_00","10_28","2","Bertha","","LACA","Scaeva_affinis",1,1,NA
2022,3,29,"10_00","10_28","2","Bertha","","LUBI","Muscidae",1,1,NA
2022,3,29,"10_00","10_28","2","Bertha","","LACA","Cyrtopogon_sp.",1,1,NA
2022,3,29,"10_32","10_52","3","Bertha","","LACA","Andrena_subchalybea",1,NA,NA
2022,3,29,"10_32","10_52","3","Bertha","","LACA","Euopeodes_fumipennis",1,NA,NA
2022,3,29,"10_32","10_52","3","Bertha","","LACA","Heliolonche_modiella",1,NA,NA
2022,3,29,"10_32","10_52","3","Bertha","","LACA","Andrena-mimic_Syrpid",1,NA,NA
2022,3,29,"10_32","10_52","3","Bertha","","AGHE","Scaeva_affinis",1,NA,NA
2022,3,29,"10_32","10_52","3","Bertha","","LACA","Scaeva_affinis",1,NA,NA
2022,3,29,"10_32","10_52","3","Bertha","","LACA","Andrena_subchalybea",1,NA,NA
2022,3,29,"10_32","10_52","3","Bertha","","AGHE","Andrena_subchalybea",1,NA,NA
2022,3,29,"10_32","10_52","3","Bertha","","LACA","Elateridae",1,NA,NA
2022,3,29,"10_32","10_52","3","Bertha","","LACA","Heliolonche_modiella",1,NA,NA
2022,3,29,"10_32","10_52","3","Bertha","","LACA","Conophorus_fenestratus",1,NA,NA
2022,3,29,"10_32","10_52","3","Bertha","","AGHE","Hippodamia_convergens",1,NA,NA
2022,3,29,"10_32","10_52","3","Bertha","","LACA","Andrena_pensilis",2,NA,NA
2022,3,29,"10_32","10_52","3","Bertha","","LACA","Scaeva_affinis",2,NA,NA
2022,3,29,"10_32","10_52","3","Bertha","","LACA","Euopeodes_fumipennis",2,NA,NA
2022,3,29,"10_32","10_52","3","Bertha","","ANFI","Junonia_grisea",1,NA,NA
2022,3,29,"10_32","10_52","3","Bertha","","LUSU","Bombus_vosnesenskii",1,50,NA
2022,3,29,"10_32","10_52","3","Bertha","","LACA","Scaeva_affinis",1,50,NA
2022,3,29,"10_55","11_12","4","Bertha","","ANFI","Junonia_grisea",1,NA,NA
2022,3,29,"10_55","11_12","4","Bertha","","LACA","Andrena_pensilis",1,NA,NA
2022,3,29,"10_55","11_12","4","Bertha","","LACA","Andrena_pensilis",1,NA,NA
2022,3,29,"10_55","11_12","4","Bertha","","LACA","Muscidae",1,NA,NA
2022,3,29,"10_55","11_12","4","Bertha","","LUMI","Muscidae",1,50,NA
2022,3,29,"10_55","11_12","4","Bertha","","LACA","Scaeva_affinis",2,NA,NA
2022,3,29,"10_55","11_12","4","Bertha","","LACA","Scaeva_affinis",1,NA,NA
2022,3,29,"10_55","11_12","4","Bertha","","LACA","Scaeva_affinis",1,NA,NA
2022,3,29,"10_55","11_12","4","Bertha","","LACA","Andrena_sp.",1,NA,NA
2022,3,29,"10_55","11_12","4","Bertha","","LACA","Cyrtopogon_sp.",1,NA,NA
2022,3,29,"10_55","11_12","4","Bertha","","LACA","Cyrtopogon_sp.",2,NA,NA
2022,3,29,"10_55","11_12","4","Bertha","","LACA","Heliolonche_modiella",1,NA,NA
2022,3,29,"10_55","11_12","4","Bertha","","LACA","Andrena_pensilis",1,NA,NA
2022,3,29,"10_55","11_12","4","Bertha","","LACA","Cyrtopogon_sp.",2,NA,NA
2022,3,29,"10_55","11_12","4","Bertha","","LACA","Muscidae",1,NA,NA
2022,3,29,"10_55","11_12","4","Bertha","","LACA","Listrus_sp._1",1,NA,NA
2022,3,29,"11_16","11_36","5","Bertha","","LACA","Conophorus_fenestratus",2,1,NA
2022,3,29,"11_16","11_36","5","Bertha","","LACA","Cyrtopogon_sp.",2,5,NA
2022,3,29,"11_16","11_36","5","Bertha","","LACA","Scaeva_affinis",3,5,NA
2022,3,29,"11_16","11_36","5","Bertha","","LACA","Listrus_sp._1",1,1,NA
2022,3,29,"11_16","11_36","5","Bertha","","LACA","Scaeva_affinis",1,5,NA
2022,3,29,"11_16","11_36","5","Bertha","","LACA","Andrena_subchalybea",1,5,NA
2022,3,29,"11_16","11_36","5","Bertha","","RACA","Conophorus_fenestratus",1,5,NA
2022,3,29,"11_16","11_36","5","Bertha","","VIVI","Bombus_melanopygus",3,0,NA
2022,3,29,"11_16","11_36","5","Bertha","","LUMI","Helithodes_dimutiva",2,10,NA
2022,3,29,"11_16","11_36","5","Bertha","","LUMI","Coenonympha_californica",1,1,NA
2022,3,29,"11_16","11_36","5","Bertha","","VIVI","Bombus_vosnesenskii",5,0,NA
2022,3,29,"11_16","11_36","5","Bertha","","VIVI","Bombus_vosnesenskii",4,0,NA
2022,3,29,"11_16","11_36","5","Bertha","","VIVI","Bombus_melanopygus",2,0,NA
2022,3,29,"11_16","11_36","5","Bertha","","VIVI","Bombus_melanopygus",1,0,NA
2022,3,29,"11_16","11_36","5","Bertha","","VIVI","Eucera_actuosa",5,0,NA
2022,3,29,"11_16","11_36","5","Bertha","","VIVI","Bombus_vosnesenskii",1,0,NA
2022,3,29,"11_16","11_36","5","Bertha","","RACA","Andrena_sp.",1,0,NA
2022,3,29,"11_16","11_36","5","Bertha","","RACA","Andrena_pensilis",2,0,NA
2022,3,29,"1_04","1_34","1","Goatgrass","","LACA","Andrena_pensilis",2,NA,NA
2022,3,29,"1_04","1_34","1","Goatgrass","","LACA","Coenonympha_californica",1,NA,NA
2022,3,29,"1_04","1_34","1","Goatgrass","","LACA","Scaeva_affinis",1,NA,NA
2022,3,29,"1_04","1_34","1","Goatgrass","","LACA","Andrena_dissona",2,NA,NA
2022,3,29,"1_04","1_34","1","Goatgrass","","LACA","Conophorus_fenestratus",1,NA,NA
2022,3,29,"1_04","1_34","1","Goatgrass","","LACA","Andrena_pensilis",1,NA,NA
2022,3,29,"1_04","1_34","1","Goatgrass","","LACA","Scaeva_affinis",1,NA,NA
2022,3,29,"1_04","1_34","1","Goatgrass","","LACA","Listrus_sp._1",1,NA,NA
2022,3,29,"1_04","1_34","1","Goatgrass","","LACA","Junonia_grisea",1,NA,NA
2022,3,29,"1_04","1_34","1","Goatgrass","","LACA","Conophorus_fenestratus",1,NA,NA
2022,3,29,"1_04","1_34","1","Goatgrass","","LACA","Junonia_grisea",1,NA,NA
2022,3,29,"1_04","1_34","1","Goatgrass","","LACA","Andrena_sp.",1,NA,NA
2022,3,29,"1_04","1_34","1","Goatgrass","","LACA","Andrena_subchalybea",1,NA,NA
2022,3,29,"1_04","1_34","1","Goatgrass","","LACA","Conophorus_fenestratus",1,NA,NA
2022,3,29,"1_04","1_34","1","Goatgrass","","LACA","Andrena_pensilis",1,NA,NA
2022,3,29,"1_04","1_34","1","Goatgrass","","LACA","Andrena_subchalybea",1,NA,NA
2022,3,29,"1_04","1_34","1","Goatgrass","","LACA","Andrena_pensilis",1,NA,NA
2022,3,29,"1_04","1_34","1","Goatgrass","","RACA","Scaeva_affinis",1,NA,NA
2022,3,29,"1_04","1_34","1","Goatgrass","","LACA","Malachius_sp.",1,NA,NA
2022,3,29,"1_04","1_34","1","Goatgrass","","LACA","Andrena_pensilis",1,NA,NA
2022,3,29,"1_04","1_34","1","Goatgrass","","LACA","Andrena_subchalybea",1,NA,NA
2022,3,29,"1_04","1_34","1","Goatgrass","","LACA","Andrena_sp.",1,NA,NA
2022,3,29,"1_04","1_34","1","Goatgrass","","LACA","Andrena_subchalybea",1,NA,NA
2022,3,29,"1_04","1_34","1","Goatgrass","","LACA","Andrena_subchalybea",1,NA,NA
2022,3,29,"1_04","1_34","1","Goatgrass","","LACA","Andrena_baeriae",3,NA,NA
2022,3,29,"1_04","1_34","1","Goatgrass","","LACA","Andrena_subchalybea",1,NA,NA
2022,3,29,"1_04","1_34","1","Goatgrass","","LACA","Andrena_sp.",1,NA,NA
2022,3,29,"1_04","1_34","1","Goatgrass","","LACA","Listrus_sp._1",1,NA,NA
2022,3,29,"1_04","1_34","1","Goatgrass","","LACA","Listrus_sp._1",1,NA,NA
2022,3,29,"1_35","2_02","2","Goatgrass","","VIVI","Bombus_vosnesenskii",4,0,NA
2022,3,29,"1_35","2_02","2","Goatgrass","","AGHE","Andrena_subchalybea",1,0,NA
2022,3,29,"1_35","2_02","2","Goatgrass","","VIVI","Eucera_actuosa",1,0,NA
2022,3,29,"1_35","2_02","2","Goatgrass","","ASBR","Eucera_actuosa",3,0,NA
2022,3,29,"1_35","2_02","2","Goatgrass","","ASBR","Eucera_actuosa",2,0,NA
2022,3,29,"1_35","2_02","2","Goatgrass","","ASBR","Eucera_actuosa",1,1,NA
2022,3,29,"1_35","2_02","2","Goatgrass","","VIVI","Eucera_actuosa",1,0,NA
2022,3,29,"1_35","2_02","2","Goatgrass","","VIVI","Eucera_actuosa",1,0,NA
2022,3,29,"1_35","2_02","2","Goatgrass","","PLER","Adela_trigrapha",1,0,NA
2022,3,29,"1_35","2_02","2","Goatgrass","","PLER","Adela_trigrapha",1,0,NA
2022,3,29,"1_35","2_02","2","Goatgrass","","PLER","Adela_trigrapha",1,0,NA
2022,3,29,"1_35","2_02","2","Goatgrass","","PLER","Adela_trigrapha",1,0,NA
2022,3,29,"1_35","2_02","2","Goatgrass","","PLER","Adela_trigrapha",1,0,NA
2022,3,29,"1_35","2_02","2","Goatgrass","","LACA","Elateridae",1,0,NA
2022,3,29,"1_35","2_02","2","Goatgrass","","LACA","Andrena_subchalybea",3,NA,NA
2022,3,29,"1_35","2_02","2","Goatgrass","","LACA","Scaeva_affinis",1,NA,NA
2022,3,29,"1_35","2_02","2","Goatgrass","","LACA","Adela_trigrapha",1,NA,NA
2022,3,29,"1_35","2_02","2","Goatgrass","","LACA","Andrena_pensilis",1,NA,NA
2022,3,29,"1_35","2_02","2","Goatgrass","","LACA","Andrena_pensilis",2,NA,NA
2022,3,29,"1_35","2_02","2","Goatgrass","","LACA","Adela_trigrapha",1,NA,NA
2022,3,29,"1_35","2_02","2","Goatgrass","","LACA","Adela_trigrapha",1,NA,NA
2022,3,29,"1_35","2_02","2","Goatgrass","","LACA","Adela_trigrapha",1,NA,NA
2022,3,29,"1_35","2_02","2","Goatgrass","","LACA","Scaeva_affinis",2,NA,NA
2022,3,29,"1_35","2_02","2","Goatgrass","","LACA","Andrena_subchalybea",1,NA,NA
2022,3,29,"1_35","2_02","2","Goatgrass","","LACA","Andrena_subchalybea",1,NA,NA
2022,3,29,"1_35","2_02","2","Goatgrass","","LACA","Andrena_subchalybea",1,NA,NA
2022,3,29,"1_35","2_02","2","Goatgrass","","LACA","Andrena_subchalybea",1,NA,NA
2022,3,29,"1_35","2_02","2","Goatgrass","","LACA","Colias_eurytheme",1,NA,NA
2022,3,29,"1_35","2_02","2","Goatgrass","","LACA","Andrena_subchalybea",1,NA,NA
2022,3,29,"1_35","2_02","2","Goatgrass","","LACA","Andrena_subchalybea",1,NA,NA
2022,3,29,"1_35","2_02","2","Goatgrass","","EUSP","Scaeva_affinis",1,NA,NA
2022,3,29,"1_35","2_02","2","Goatgrass","","VIVI","Eucera_actuosa",5,0,NA
2022,3,29,"1_35","2_02","2","Goatgrass","","VIVI","Bombus_melanopygus",4,0,NA
2022,3,29,"1_35","2_02","2","Goatgrass","","VIVI","Eucera_actuosa",1,0,NA
2022,3,29,"2_03","2_16","3","Goatgrass","","AMME","Polistes_aurifer",2,0,NA
2022,3,29,"2_03","2_16","3","Goatgrass","","AMME","Eucera_actuosa",1,0,NA
2022,3,29,"2_03","2_16","3","Goatgrass","","VIVI","Apis_mellifera",4,0,NA
2022,3,29,"2_03","2_16","3","Goatgrass","","RACA","Andrena_subchalybea",3,NA,NA
2022,3,29,"2_03","2_16","3","Goatgrass","","LACA","Andrena_subchalybea",1,NA,NA
2022,3,29,"2_03","2_16","3","Goatgrass","","LACA","Listrus_sp._1",1,NA,NA
2022,3,29,"2_03","2_16","3","Goatgrass","","LACA","Listrus_sp._1",1,NA,NA
2022,3,29,"2_03","2_16","3","Goatgrass","","MICA","Andrena_subchalybea",1,NA,NA
2022,3,29,"2_03","2_16","3","Goatgrass","","LACA","Scaeva_affinis",1,NA,NA
2022,3,29,"2_03","2_16","3","Goatgrass","","GITR","Bombylius_major",2,NA,NA
2022,3,29,"2_03","2_16","3","Goatgrass","","LACA","Andrena_subchalybea",1,NA,NA
2022,3,29,"2_03","2_16","3","Goatgrass","","LODA","Andrena_subchalybea",1,NA,NA
2022,3,29,"2_17","2_32","4","Goatgrass","","RACA","Conophorus_fenestratus",1,NA,NA
2022,3,29,"2_17","2_32","4","Goatgrass","","LACA","Scaeva_affinis",1,NA,NA
2022,3,29,"2_17","2_32","4","Goatgrass","","LACA","Andrena_sp.",1,NA,NA
2022,3,29,"2_17","2_32","4","Goatgrass","","LOHO","Andrena_sp.",1,NA,NA
2022,3,29,"2_17","2_32","4","Goatgrass","","LACA","Andrena_sp.",2,NA,NA
2022,3,29,"2_17","2_32","4","Goatgrass","","EUSP","Euopeodes_fumipennis",1,NA,NA
2022,3,29,"2_17","2_32","4","Goatgrass","","EUSP","Hippodamia_convergens",1,NA,NA
2022,3,29,"2_17","2_32","4","Goatgrass","","VIVI","Apis_mellifera",2,0,NA
2022,3,29,"2_17","2_32","4","Goatgrass","","EUSP","Scaeva_affinis",1,0,NA
2022,3,29,"2_17","2_32","4","Goatgrass","","EUSP","Andrena_subchalybea",1,0,NA
2022,3,29,"2_17","2_32","4","Goatgrass","","EUSP","Andrena_baeriae",1,0,NA
2022,3,29,"2_17","2_32","4","Goatgrass","","EUSP","Scaeva_affinis",1,0,NA
2022,3,29,"2_17","2_32","4","Goatgrass","","VIVI","Apis_mellifera",4,0,NA
2022,3,29,"2_33","2_54","5","Goatgrass","","EUSP","Scaeva_affinis",1,0,NA
2022,3,29,"2_33","2_54","5","Goatgrass","","DICA","Junonia_grisea",1,0,NA
2022,3,29,"2_33","2_54","5","Goatgrass","","EUSP","Andrena_subchalybea",1,0,NA
2022,3,29,"2_33","2_54","5","Goatgrass","","VIVI","Bombus_vosnesenskii",2,0,NA
2022,3,29,"2_33","2_54","5","Goatgrass","","ASBR","Eucera_actuosa",2,5,NA
2022,3,29,"2_33","2_54","5","Goatgrass","","DEVA","Bombus_californicus",1,5,NA
2022,3,29,"2_33","2_54","5","Goatgrass","","ASBR","Andrena_sp.",1,10,NA
2022,3,29,"2_33","2_54","5","Goatgrass","","LOHO","Eucera_actuosa",2,20,NA
2022,3,29,"2_33","2_54","5","Goatgrass","","LACA","Andrena_subchalybea",1,NA,NA
2022,3,29,"2_33","2_54","5","Goatgrass","","LACA","Andrena_subchalybea",1,NA,NA
2022,3,29,"2_33","2_54","5","Goatgrass","","VIVI","Bombus_vosnesenskii",3,0,NA
2022,3,29,"2_33","2_54","5","Goatgrass","","VIVI","Eucera_actuosa",3,0,NA
2022,3,29,"2_33","2_54","5","Goatgrass","","VIVI","Bombus_melanopygus",4,0,NA
2022,3,29,"2_33","2_54","5","Goatgrass","","VIVI","Bombus_melanopygus",4,0,NA
2022,3,29,"2_33","2_54","5","Goatgrass","","ASBR","Eucera_actuosa",4,1,NA
2022,3,29,"2_33","2_54","5","Goatgrass","","ASBR","Eucera_actuosa",2,1,NA
2022,3,29,"2_33","2_54","5","Goatgrass","","ASBR","Eucera_actuosa",2,1,NA
2022,3,29,"2_33","2_54","5","Goatgrass","","VIVI","Bombus_vosnesenskii",2,0,NA
2022,3,29,"2_33","2_54","5","Goatgrass","","LOHO","Andrena_sp.",1,0,NA
2022,3,29,"2_33","2_54","5","Goatgrass","","VIVI","Bombus_vosnesenskii",2,0,NA
2022,3,29,"2_33","2_54","5","Goatgrass","","LUMI","Apis_mellifera",2,5,NA
2022,3,29,"2_33","2_54","5","Goatgrass","","VIVI","Bombus_melanopygus",2,0,NA
2022,3,29,"2_33","2_54","5","Goatgrass","","VIVI","Apis_mellifera",2,0,NA
2022,3,29,"2_33","2_54","5","Goatgrass","","VIVI","Eucera_actuosa",2,0,NA
2022,3,29,"2_33","2_54","5","Goatgrass","","VIVI","Eucera_actuosa",2,0,NA
2022,3,29,"2_33","2_54","5","Goatgrass","","VIVI","Apis_mellifera",1,0,NA
2022,3,29,"2_33","2_54","5","Goatgrass","","VIVI","Eucera_actuosa",1,0,NA
2022,3,29,"2_33","2_54","5","Goatgrass","","VIVI","Eucera_actuosa",1,0,NA
2022,3,29,"2_33","2_54","5","Goatgrass","","VIVI","Bombus_vosnesenskii",2,0,NA
2022,3,29,"2_33","2_54","5","Goatgrass","","VIVI","Eucera_actuosa",1,0,NA
2022,3,30,"10_44","11_32","1","Long","","VIVI","Glaucophysche_lygdamus",1,0,NA
2022,3,30,"10_44","11_32","1","Long","","VIVI","Muscidae",1,0,NA
2022,3,30,"10_44","11_32","1","Long","","VIVI","Muscidae",2,0,NA
2022,3,30,"10_44","11_32","1","Long","","VIVI","Muscidae",1,0,NA
2022,3,30,"10_44","11_32","1","Long","","VIVI","Bombus_vosnesenskii",15,0,NA
2022,3,30,"10_44","11_32","1","Long","","VIVI","Eucera_frater_albopilosa",3,0,NA
2022,3,30,"10_44","11_32","1","Long","","VIVI","Scaeva_affinis",1,0,NA
2022,3,30,"10_44","11_32","1","Long","","VIVI","Bombus_vosnesenskii",2,0,NA
2022,3,30,"10_44","11_32","1","Long","","LUBI","Hippodamia_convergens",1,0,NA
2022,3,30,"10_44","11_32","1","Long","","VIVI","Muscidae",1,0,NA
2022,3,30,"10_44","11_32","1","Long","","VIVI","Scaeva_affinis",1,0,NA
2022,3,30,"10_44","11_32","1","Long","","VIVI","Anthophora_californica",3,0,NA
2022,3,30,"10_44","11_32","1","Long","","LUBI","Scaeva_affinis",1,20,NA
2022,3,30,"10_44","11_32","1","Long","","VIVI","Bombus_melanopygus",2,0,NA
2022,3,30,"10_44","11_32","1","Long","","VIVI","Bombus_melanopygus",5,0,NA
2022,3,30,"10_44","11_32","1","Long","","VIVI","Bombus_melanopygus",6,0,NA
2022,3,30,"10_44","11_32","1","Long","","VIVI","Bombus_vosnesenskii",3,0,NA
2022,3,30,"10_44","11_32","1","Long","","VIVI","Eucera_actuosa",3,0,NA
2022,3,30,"10_44","11_32","1","Long","","VIVI","Bombus_vosnesenskii",1,0,NA
2022,3,30,"10_44","11_32","1","Long","","VIVI","Apis_mellifera",1,0,NA
2022,3,30,"10_44","11_32","1","Long","","VIVI","Anthophora_californica",2,0,NA
2022,3,30,"10_44","11_32","1","Long","","VIVI","Anthophora_californica",4,0,NA
2022,3,30,"10_44","11_32","1","Long","","VIVI","Apis_mellifera",1,0,NA
2022,3,30,"10_44","11_32","1","Long","","VIVI","Bombus_vosnesenskii",1,0,NA
2022,3,30,"10_44","11_32","1","Long","","VIVI","Bombus_melanopygus",2,0,NA
2022,3,30,"11_33","11_44","2","Long","","VIVI","Apis_mellifera",1,0,NA
2022,3,30,"11_33","11_44","2","Long","","VIVI","Bombus_melanopygus",2,0,NA
2022,3,30,"11_33","11_44","2","Long","","VIVI","Anthophora_californica",1,0,NA
2022,3,30,"11_33","11_44","2","Long","","VIVI","Bombus_melanopygus",6,0,NA
2022,3,30,"11_33","11_44","2","Long","","VIVI","Bombus_vosnesenskii",2,0,NA
2022,3,30,"11_33","11_44","2","Long","","VIVI","Eucera_actuosa",1,0,NA
2022,3,30,"11_33","11_44","2","Long","","VIVI","Eucera_frater_albopilosa",1,0,NA
2022,3,30,"11_33","11_44","2","Long","","VIVI","Bombus_melanopygus",3,0,NA
2022,3,30,"11_33","11_44","2","Long","","VIVI","Eucera_frater_albopilosa",2,0,NA
2022,3,30,"11_33","11_44","2","Long","","VIVI","Bombus_melanopygus",2,0,NA
2022,3,30,"11_33","11_44","2","Long","","VIVI","Bombus_vosnesenskii",3,0,NA
2022,3,30,"11_33","11_44","2","Long","","VIVI","Bombus_melanopygus",1,0,NA
2022,3,30,"11_33","11_44","2","Long","","VIVI","Bombus_vosnesenskii",3,0,NA
2022,3,30,"11_33","11_44","2","Long","","VIVI","Bombus_melanopygus",1,0,NA
2022,3,30,"11_33","11_44","2","Long","","VIVI","Bombus_melanopygus",1,0,NA
2022,3,30,"11_33","11_44","2","Long","","VIVI","Bombus_melanopygus",2,0,NA
2022,3,30,"11_33","11_44","2","Long","","VIVI","Bombus_melanopygus",1,0,NA
2022,3,30,"11_53","12_46","3","Long","","AGHE","Andrena_pensilis",1,1,NA
2022,3,30,"11_53","12_46","3","Long","","VIVI","Bombus_melanopygus",2,0,NA
2022,3,30,"11_53","12_46","3","Long","","VIVI","Bombus_melanopygus",2,0,NA
2022,3,30,"11_53","12_46","3","Long","","VIVI","Bombus_melanopygus",1,0,NA
2022,3,30,"11_53","12_46","3","Long","","VIVI","Eucera_frater_albopilosa",2,0,NA
2022,3,30,"11_53","12_46","3","Long","","VIVI","Eucera_actuosa",1,0,NA
2022,3,30,"11_53","12_46","3","Long","","VIVI","Scaeva_affinis",1,0,NA
2022,3,30,"11_53","12_46","3","Long","","VIVI","Bombus_vosnesenskii",2,0,NA
2022,3,30,"11_53","12_46","3","Long","","VIVI","Apis_mellifera",1,0,NA
2022,3,30,"11_53","12_46","3","Long","","VIVI","Bombus_melanopygus",1,0,NA
2022,3,30,"11_53","12_46","3","Long","","VIVI","Bombus_melanopygus",1,0,NA
2022,3,30,"11_53","12_46","3","Long","","VIVI","Bombus_vosnesenskii",1,0,NA
2022,3,30,"11_53","12_46","3","Long","","VIVI","Bombus_melanopygus",1,0,NA
2022,3,30,"11_53","12_46","3","Long","","VIVI","Bombus_melanopygus",1,0,NA
2022,3,30,"11_53","12_46","3","Long","","LACH","silver_moth_Lepidoptera",1,0,NA
2022,3,30,"11_53","12_46","3","Long","","LACA","Listrus_sp._1",1,0,NA
2022,3,30,"11_53","12_46","3","Long","","VIVI","Bombus_vosnesenskii",2,0,NA
2022,3,30,"11_53","12_46","3","Long","","VIVI","Apis_mellifera",1,0,NA
2022,3,30,"11_53","12_46","3","Long","","VIVI","Scaeva_affinis",1,0,NA
2022,3,30,"11_53","12_46","3","Long","","VIVI","Scaeva_affinis",1,0,NA
2022,3,30,"11_53","12_46","3","Long","","VIVI","Bombus_vosnesenskii",1,0,NA
2022,3,30,"11_53","12_46","3","Long","","VIVI","Bombus_melanopygus",3,0,NA
2022,3,30,"11_53","12_46","3","Long","","VIVI","Apis_mellifera",1,0,NA
2022,3,30,"11_53","12_46","3","Long","","VIVI","Bombus_vosnesenskii",1,0,NA
2022,3,30,"11_53","12_46","3","Long","","VIVI","Bombus_vosnesenskii",1,0,NA
2022,3,30,"11_53","12_46","3","Long","","VIVI","Scaeva_affinis",1,0,NA
2022,3,30,"11_53","12_46","3","Long","","VIVI","Bombus_melanopygus",2,0,NA
2022,3,30,"11_53","12_46","3","Long","","VIVI","Apis_mellifera",1,0,NA
2022,3,30,"11_53","12_46","3","Long","","VIVI","Bombus_melanopygus",1,0,NA
2022,3,30,"11_53","12_46","3","Long","","VIVI","Bombus_vosnesenskii",2,0,NA
2022,3,30,"11_53","12_46","3","Long","","VIVI","Apis_mellifera",1,0,NA
2022,3,30,"11_53","12_46","3","Long","","VIVI","Apis_mellifera",1,0,NA
2022,3,30,"11_53","12_46","3","Long","","VIVI","Bombus_melanopygus",1,0,NA
2022,3,30,"11_53","12_46","3","Long","","VIVI","Apis_mellifera",1,0,NA
2022,3,30,"11_53","12_46","3","Long","","VIVI","Bombus_melanopygus",2,0,NA
2022,3,30,"11_53","12_46","3","Long","","VIVI","Bombus_melanopygus",1,0,NA
2022,3,30,"11_53","12_46","3","Long","","VIVI","Bombus_melanopygus",1,0,NA
2022,3,30,"11_53","12_46","3","Long","","VIVI","Bombus_melanopygus",2,0,NA
2022,3,30,"11_53","12_46","3","Long","","VIVI","Bombus_melanopygus",1,0,NA
2022,3,30,"11_53","12_46","3","Long","","VIVI","Apis_mellifera",1,0,NA
2022,3,30,"11_53","12_46","3","Long","","VIVI","Eucera_actuosa",1,0,NA
2022,3,30,"11_53","12_46","3","Long","","VIVI","Apis_mellifera",3,0,NA
2022,3,30,"11_53","12_46","3","Long","","VIVI","Bombus_vosnesenskii",1,0,NA
2022,3,30,"11_53","12_46","3","Long","","VIVI","Apis_mellifera",1,0,NA
2022,3,30,"11_53","12_46","3","Long","","VIVI","Apis_mellifera",1,0,NA
2022,3,30,"11_53","12_46","3","Long","","VIVI","Apis_mellifera",1,0,NA
2022,3,30,"11_53","12_46","3","Long","","VIVI","Bombus_melanopygus",1,0,NA
2022,3,30,"11_53","12_46","3","Long","","VIVI","Bombus_vosnesenskii",1,0,NA
2022,3,30,"11_53","12_46","3","Long","","VIVI","Apis_mellifera",1,0,NA
2022,3,30,"11_53","12_46","3","Long","","VIVI","Apis_mellifera",1,0,NA
2022,3,30,"11_53","12_46","3","Long","","VIVI","Apis_mellifera",1,0,NA
2022,3,30,"11_53","12_46","3","Long","","VIVI","Bombus_vosnesenskii",1,0,NA
2022,3,30,"11_53","12_46","3","Long","","AGHE","Andrena_subchalybea",1,0,NA
2022,3,30,"11_53","12_46","3","Long","","AGHE","Heliolonche_modiella",1,0,NA
2022,3,30,"11_53","12_46","3","Long","","LACA","Scaeva_affinis",1,10,NA
2022,3,30,"11_53","12_46","3","Long","","LACA","Conophorus_fenestratus",1,10,NA
2022,3,30,"11_53","12_46","3","Long","","VIVI","Bombus_vosnesenskii",1,0,NA
2022,3,30,"11_53","12_46","3","Long","","LACA","Andrena_subchalybea",1,0,NA
2022,3,30,"11_53","12_46","3","Long","","LACA","Andrena_subchalybea",1,0,NA
2022,3,30,"11_53","12_46","3","Long","","LACA","Andrena_subchalybea",1,0,NA
2022,3,30,"11_53","12_46","3","Long","","VIVI","Bombus_vosnesenskii",2,0,NA
2022,3,30,"11_53","12_46","3","Long","","AGHE","Andrena_subchalybea",1,0,NA
2022,3,30,"11_53","12_46","3","Long","","VIVI","Bombus_vosnesenskii",4,0,NA
2022,3,30,"11_53","12_46","3","Long","","VIVI","Bombus_vosnesenskii",1,0,NA
2022,3,30,"11_53","12_46","3","Long","","VIVI","Bombus_vosnesenskii",1,0,NA
2022,3,30,"11_53","12_46","3","Long","","VIVI","Eucera_actuosa",1,0,NA
2022,3,30,"11_53","12_46","3","Long","","VIVI","Bombus_vosnesenskii",6,0,NA
2022,3,30,"11_53","12_46","3","Long","","VIVI","Apis_mellifera",1,0,NA
2022,3,30,"11_53","12_46","3","Long","","VIVI","Apis_mellifera",2,0,NA
2022,3,30,"11_53","12_46","3","Long","","VIVI","Bombus_vosnesenskii",1,0,NA
2022,3,30,"11_53","12_46","3","Long","","VIVI","Bombus_vosnesenskii",1,0,NA
2022,3,30,"11_53","12_46","3","Long","","VIVI","Eucera_actuosa",1,0,NA
2022,3,30,"11_53","12_46","3","Long","","AGHE","Heliolonche_modiella",1,10,NA
2022,3,30,"11_53","12_46","3","Long","","AGHE","Andrena_subchalybea",3,10,NA
2022,3,30,"11_53","12_46","3","Long","","AGHE","Heliolonche_modiella",1,20,NA
2022,3,30,"11_53","12_46","3","Long","","TRFU","Apis_mellifera",3,20,NA
2022,3,30,"11_53","12_46","3","Long","","AGHE","Scaeva_affinis",1,50,NA
2022,3,30,"11_53","12_46","3","Long","","EUSP","Scaeva_affinis",1,50,NA
2022,3,30,"11_53","12_46","3","Long","","AGHE","Andrena_subchalybea",2,50,NA
2022,3,30,"11_53","12_46","3","Long","","LACA","Scaeva_affinis",1,50,NA
2022,3,30,"11_53","12_46","3","Long","","LACA","Scaeva_affinis",1,50,NA
2022,3,30,"11_53","12_46","3","Long","","AGHE","Bombylius_major",2,50,NA
2022,3,30,"12_49","1_27","4","Long","","AGHE","Heliolonche_modiella",1,0,NA
2022,3,30,"12_49","1_27","4","Long","","URLI","Andrena_subchalybea",1,0,NA
2022,3,30,"12_49","1_27","4","Long","","VIVI","Apis_mellifera",2,0,NA
2022,3,30,"12_49","1_27","4","Long","","VIVI","Eucera_actuosa",3,0,NA
2022,3,30,"12_49","1_27","4","Long","","LACA","Listrus_sp._1",1,5,NA
2022,3,30,"12_49","1_27","4","Long","","LACA","Andrena_baeriae",3,1,NA
2022,3,30,"12_49","1_27","4","Long","","VIVI","Apis_mellifera",3,0,NA
2022,3,30,"12_49","1_27","4","Long","","VIVI","Eucera_actuosa",2,0,NA
2022,3,30,"12_49","1_27","4","Long","","VIVI","Eucera_actuosa",3,0,NA
2022,3,30,"12_49","1_27","4","Long","","VIVI","Bombus_melanopygus",7,0,NA
2022,3,30,"12_49","1_27","4","Long","","VIVI","Apis_mellifera",10,0,NA
2022,3,30,"12_49","1_27","4","Long","","VIVI","Apis_mellifera",1,0,NA
2022,3,30,"12_49","1_27","4","Long","","VIVI","Apis_mellifera",1,0,NA
2022,3,30,"12_49","1_27","4","Long","","VIVI","Bombus_vosnesenskii",1,0,NA
2022,3,30,"12_49","1_27","4","Long","","VIVI","Euopeodes_fumipennis",1,0,NA
2022,3,30,"12_49","1_27","4","Long","","VIVI","Apis_mellifera",2,0,NA
2022,3,30,"12_49","1_27","4","Long","","LACA","small_brown_moth_Lepidoptera",1,80,NA
2022,3,30,"12_49","1_27","4","Long","","TRFU","Bombus_vosnesenskii",6,60,NA
2022,3,30,"12_49","1_27","4","Long","","AGHE","Elateridae",1,60,NA
2022,3,30,"12_49","1_27","4","Long","","LACA","Andrena_subchalybea",2,60,NA
2022,3,30,"12_49","1_27","4","Long","","EUSP","Muscidae",1,50,NA
2022,3,30,"12_49","1_27","4","Long","","TRFU","Bombus_vosnesenskii",3,60,NA
2022,3,30,"12_49","1_27","4","Long","","TRLA","Heliolonche_modiella",1,NA,NA
2022,3,30,"12_49","1_27","4","Long","","LACA","Scaeva_affinis",1,NA,NA
2022,3,30,"1_28","1_38","5","Long","","AGHE","Elateridae",1,NA,NA
2022,3,30,"1_28","1_38","5","Long","","AGHE","Andrena_pensilis",1,NA,NA
2022,3,30,"1_28","1_38","5","Long","","AGHE","Heliolonche_modiella",1,NA,NA
2022,3,30,"1_28","1_38","5","Long","","VIVI","Bombus_melanopygus",1,0,NA
2022,3,30,"1_28","1_38","5","Long","","VIVI","Anthophora_californica",3,0,NA
2022,3,31,"2_47","3_03","1","Hill_Base","","LUSU","Hippodamia_convergens",1,0,NA
2022,3,31,"2_47","3_03","1","Hill_Base","","LUSU","Anthophora_californica",4,5,NA
2022,3,31,"2_47","3_03","1","Hill_Base","","LUSU","Trichodes_ornatus",2,0,NA
2022,3,31,"2_47","3_03","1","Hill_Base","","LUSU","Scaeva_affinis",1,0,NA
2022,3,31,"2_47","3_03","1","Hill_Base","","TRLA","Trichodes_ornatus",1,0,NA
2022,3,31,"2_47","3_03","1","Hill_Base","","VIVI","Trichodes_ornatus",1,0,NA
2022,3,31,"2_47","3_03","1","Hill_Base","","LUSU","Anthophora_californica",2,10,NA
2022,3,31,"2_47","3_03","1","Hill_Base","","LUSU","Anthophora_californica",2,10,NA
2022,3,31,"3_17","3_39","1","Reservoir","","VIVI","Apis_mellifera",1,0,NA
2022,3,31,"3_17","3_39","1","Reservoir","","VIVI","Apis_mellifera",1,0,NA
2022,3,31,"3_17","3_39","1","Reservoir","","VIVI","Apis_mellifera",2,0,NA
2022,3,31,"3_17","3_39","1","Reservoir","","VIVI","Apis_mellifera",2,0,NA
2022,3,31,"3_17","3_39","1","Reservoir","","VIVI","Apis_mellifera",1,0,NA
2022,3,31,"3_17","3_39","1","Reservoir","","VIVI","Apis_mellifera",1,0,NA
2022,3,31,"3_17","3_39","1","Reservoir","","VIVI","Apis_mellifera",1,0,NA
2022,3,31,"3_17","3_39","1","Reservoir","","VIVI","Apis_mellifera",1,0,NA
2022,3,31,"3_17","3_39","1","Reservoir","","VIVI","Apis_mellifera",1,0,NA
2022,3,31,"3_17","3_39","1","Reservoir","","VIVI","Apis_mellifera",2,0,NA
2022,3,31,"3_17","3_39","1","Reservoir","","VIVI","Apis_mellifera",2,0,NA
2022,3,31,"3_17","3_39","1","Reservoir","","VIVI","Apis_mellifera",1,0,NA
2022,3,31,"3_17","3_39","1","Reservoir","","LUMI","Bombus_vosnesenskii",7,0,NA
2022,3,31,"3_17","3_39","1","Reservoir","","VIVI","Apis_mellifera",2,0,NA
2022,3,31,"3_17","3_39","1","Reservoir","","LUMI","Apis_mellifera",2,0,NA
2022,3,31,"3_17","3_39","1","Reservoir","","VIVI","Apis_mellifera",1,0,NA
2022,3,31,"3_17","3_39","1","Reservoir","","VIVI","Apis_mellifera",2,0,NA
2022,3,31,"3_17","3_39","1","Reservoir","","VIVI","Apis_mellifera",1,0,NA
2022,3,31,"3_17","3_39","1","Reservoir","","TRHI","Junonia_grisea",2,5,NA
2022,3,31,"3_17","3_39","1","Reservoir","","LUMI","Junonia_grisea",1,5,NA
2022,3,31,"3_17","3_39","1","Reservoir","","LUMI","Anthophora_californica",3,5,NA
2022,3,31,"3_17","3_39","1","Reservoir","","TRHI","Junonia_grisea",2,5,NA
2022,3,31,"3_17","3_39","1","Reservoir","","LUMI","Junonia_grisea",1,5,NA
2022,3,31,"3_17","3_39","1","Reservoir","","VIVI","Apis_mellifera",2,0,NA
2022,3,31,"3_53","4_16","1","Tac_Shack","","VIVI","Apis_mellifera",2,0,NA
2022,3,31,"3_53","4_16","1","Tac_Shack","","VIVI","Apis_mellifera",1,0,NA
2022,3,31,"3_53","4_16","1","Tac_Shack","","LUSU","Apis_mellifera",1,0,NA
2022,3,31,"3_53","4_16","1","Tac_Shack","","VIVI","Apis_mellifera",3,0,NA
2022,3,31,"3_53","4_16","1","Tac_Shack","","VIVI","Apis_mellifera",2,0,NA
2022,3,31,"3_53","4_16","1","Tac_Shack","","VIVI","Scaeva_affinis",2,0,NA
2022,3,31,"3_53","4_16","1","Tac_Shack","","VIVI","Apis_mellifera",2,0,NA
2022,3,31,"3_53","4_16","1","Tac_Shack","","LUSU","Scaeva_affinis",1,0,NA
2022,3,31,"3_53","4_16","1","Tac_Shack","","LUSU","Anthrenus_sp.",1,0,NA
2022,3,31,"3_53","4_16","1","Tac_Shack","","LUSU","Apis_mellifera",2,0,NA
2022,3,31,"3_53","4_16","1","Tac_Shack","","LUSU","Scaeva_affinis",1,0,NA
2022,3,31,"3_53","4_16","1","Tac_Shack","","LUSU","Scaeva_affinis",1,0,NA
2022,3,31,"3_53","4_16","1","Tac_Shack","","LUSU","Scaeva_affinis",1,0,NA
2022,3,31,"3_53","4_16","1","Tac_Shack","","LUSU","Scaeva_affinis",2,0,NA
2022,3,31,"3_53","4_16","1","Tac_Shack","","VIVI","Scaeva_affinis",1,0,NA
2022,3,31,"3_53","4_16","1","Tac_Shack","","LUSU","Scaeva_affinis",3,0,NA
2022,3,31,"3_53","4_16","1","Tac_Shack","","VIVI","Scaeva_affinis",2,0,NA
2022,3,31,"3_53","4_16","1","Tac_Shack","","VIVI","Apis_mellifera",1,0,NA
2022,3,31,"3_53","4_16","1","Tac_Shack","","LUSU","Scaeva_affinis",1,0,NA
2022,3,31,"3_53","4_16","1","Tac_Shack","","LUSU","Scaeva_affinis",1,0,NA
2022,3,31,"3_53","4_16","1","Tac_Shack","","VIVI","Apis_mellifera",1,0,NA
2022,3,31,"3_53","4_16","1","Tac_Shack","","LUSU","Anthophora_californica",1,0,NA
2022,3,31,"3_53","4_16","1","Tac_Shack","","VIVI","Apis_mellifera",2,0,NA
2022,3,31,"3_53","4_16","1","Tac_Shack","","LUSU","Hippodamia_convergens",1,0,NA
2022,3,31,"3_53","4_16","1","Tac_Shack","","VIVI","Apis_mellifera",1,0,NA
2022,3,31,"3_53","4_16","1","Tac_Shack","","VIVI","Apis_mellifera",1,0,NA
2022,3,31,"3_53","4_16","1","Tac_Shack","","VIVI","Apis_mellifera",1,0,NA
2022,3,31,"3_53","4_16","1","Tac_Shack","","VIVI","Apis_mellifera",2,0,NA
2022,3,31,"3_53","4_16","1","Tac_Shack","","VIVI","Apis_mellifera",1,0,NA
2022,3,31,"3_53","4_16","1","Tac_Shack","","VIVI","Apis_mellifera",1,0,NA
2022,3,31,"3_53","4_16","1","Tac_Shack","","VIVI","Apis_mellifera",1,0,NA
2022,3,31,"3_53","4_16","1","Tac_Shack","","VIVI","Apis_mellifera",1,0,NA
2022,3,31,"3_53","4_16","1","Tac_Shack","","VIVI","Apis_mellifera",1,0,NA
2022,3,31,"3_53","4_16","1","Tac_Shack","","VIVI","Apis_mellifera",1,0,NA
2022,3,31,"3_53","4_16","1","Tac_Shack","","VIVI","Apis_mellifera",2,0,NA
2022,3,31,"3_53","4_16","1","Tac_Shack","","VIVI","Apis_mellifera",1,0,NA
2022,3,31,"3_53","4_16","1","Tac_Shack","","VIVI","Apis_mellifera",2,0,NA
2022,3,31,"3_53","4_16","1","Tac_Shack","","VIVI","Apis_mellifera",2,0,NA
2022,3,31,"3_53","4_16","1","Tac_Shack","","VIVI","Apis_mellifera",2,0,NA
2022,3,31,"3_53","4_16","1","Tac_Shack","","VIVI","Apis_mellifera",1,0,NA
2022,3,31,"3_53","4_16","1","Tac_Shack","","VIVI","Apis_mellifera",2,0,NA
2022,3,31,"3_53","4_16","1","Tac_Shack","","VIVI","Apis_mellifera",1,0,NA
2022,3,31,"3_53","4_16","1","Tac_Shack","","VIVI","Apis_mellifera",1,0,NA
2022,3,31,"3_53","4_16","1","Tac_Shack","","VIVI","Apis_mellifera",2,0,NA
2022,3,31,"4_20","4_42","1","Far_Gate","","VIVI","Apis_mellifera",4,0,NA
2022,3,31,"4_20","4_42","1","Far_Gate","","VIVI","Apis_mellifera",1,0,NA
2022,3,31,"4_20","4_42","1","Far_Gate","","VIVI","Apis_mellifera",1,0,NA
2022,3,31,"4_20","4_42","1","Far_Gate","","VIVI","Apis_mellifera",1,0,NA
2022,3,31,"4_20","4_42","1","Far_Gate","","VIVI","Apis_mellifera",1,0,NA
2022,3,31,"4_20","4_42","1","Far_Gate","","VIVI","Colias_eurytheme",1,0,NA
2022,3,31,"4_20","4_42","1","Far_Gate","","VIVI","Apis_mellifera",1,0,NA
2022,3,31,"4_20","4_42","1","Far_Gate","","VIVI","Apis_mellifera",1,0,NA
2022,3,31,"4_20","4_42","1","Far_Gate","","VIVI","Apis_mellifera",2,0,NA
2022,3,31,"4_20","4_42","1","Far_Gate","","VIVI","Apis_mellifera",1,0,NA
2022,3,31,"4_20","4_42","1","Far_Gate","","VIVI","Apis_mellifera",1,0,NA
2022,3,31,"4_20","4_42","1","Far_Gate","","VIVI","Apis_mellifera",1,0,NA
2022,3,31,"4_20","4_42","1","Far_Gate","","VIVI","Apis_mellifera",1,0,NA
2022,3,31,"4_20","4_42","1","Far_Gate","","VIVI","Apis_mellifera",1,0,NA
2022,3,31,"4_20","4_42","1","Far_Gate","","VIVI","Apis_mellifera",1,0,NA
2022,3,31,"4_20","4_42","1","Far_Gate","","VIVI","Apis_mellifera",1,0,NA
2022,3,31,"4_20","4_42","1","Far_Gate","","VIVI","Apis_mellifera",1,0,NA
2022,3,31,"4_20","4_42","1","Far_Gate","","VIVI","Apis_mellifera",1,0,NA
2022,3,31,"4_20","4_42","1","Far_Gate","","VIVI","Apis_mellifera",1,0,NA
2022,3,31,"4_20","4_42","1","Far_Gate","","VIVI","Apis_mellifera",1,0,NA
2022,3,31,"4_20","4_42","1","Far_Gate","","VIVI","Apis_mellifera",1,0,NA
2022,3,31,"4_20","4_42","1","Far_Gate","","VIVI","Apis_mellifera",2,0,NA
2022,3,31,"4_20","4_42","1","Far_Gate","","VIVI","Anthophora_californica",1,0,NA
2022,3,31,"4_20","4_42","1","Far_Gate","","VIVI","Scaeva_affinis",1,0,NA
2022,3,31,"4_20","4_42","1","Far_Gate","","VIVI","Scaeva_affinis",1,0,NA
2022,3,31,"4_20","4_42","1","Far_Gate","","VIVI","Apis_mellifera",1,0,NA
2022,3,31,"4_20","4_42","1","Far_Gate","","VIVI","Apis_mellifera",2,0,NA
2022,3,31,"4_20","4_42","1","Far_Gate","","VIVI","Apis_mellifera",1,0,NA
2022,3,31,"4_20","4_42","1","Far_Gate","","VIVI","Apis_mellifera",1,0,NA
2022,3,31,"4_20","4_42","1","Far_Gate","","VIVI","Apis_mellifera",1,0,NA
2022,3,31,"4_20","4_42","1","Far_Gate","","VIVI","Apis_mellifera",1,0,NA
2022,3,31,"4_20","4_42","1","Far_Gate","","VIVI","Apis_mellifera",1,0,NA
2022,3,31,"4_20","4_42","1","Far_Gate","","VIVI","Apis_mellifera",2,0,NA
2022,3,31,"4_20","4_42","1","Far_Gate","","VIVI","Apis_mellifera",1,0,NA
2022,3,31,"4_20","4_42","1","Far_Gate","","VIVI","Apis_mellifera",2,0,NA
2022,3,31,"4_20","4_42","1","Far_Gate","","VIVI","Apis_mellifera",1,0,NA
2022,3,31,"4_20","4_42","1","Far_Gate","","VIVI","Apis_mellifera",1,0,NA
2022,3,31,"4_20","4_42","1","Far_Gate","","VIVI","Apis_mellifera",2,0,NA
2022,3,31,"4_20","4_42","1","Far_Gate","","VIVI","Scaeva_affinis",3,0,NA
2022,3,31,"4_20","4_42","1","Far_Gate","","VIVI","Apis_mellifera",2,0,NA
2022,3,31,"4_20","4_42","1","Far_Gate","","VIVI","Apis_mellifera",1,0,NA
2022,3,31,"4_20","4_42","1","Far_Gate","","VIVI","Apis_mellifera",1,0,NA
2022,3,31,"4_20","4_42","1","Far_Gate","","VIVI","Apis_mellifera",1,0,NA
2022,3,31,"4_20","4_42","1","Far_Gate","","VIVI","Apis_mellifera",1,0,NA
2022,3,31,"4_20","4_42","1","Far_Gate","","VIVI","Apis_mellifera",1,0,NA
2022,3,31,"4_20","4_42","1","Far_Gate","","VIVI","Apis_mellifera",1,0,NA
2022,3,31,"4_20","4_42","1","Far_Gate","","VIVI","Apis_mellifera",1,0,NA
2022,3,31,"4_20","4_42","1","Far_Gate","","LUMI","Bombus_vosnesenskii",8,15,NA
2022,3,31,"4_20","4_42","1","Far_Gate","","HIIN","Coenonympha_californica",1,NA,NA
2022,4,1,"3_15","3_31","1","Bertha","","LACA","Scaeva_affinis",1,0,NA
2022,4,1,"3_15","3_31","1","Bertha","","LACA","Listrus_sp._1",1,0,NA
2022,4,1,"3_15","3_31","1","Bertha","","LACA","Listrus_sp._1",1,0,NA
2022,4,1,"3_15","3_31","1","Bertha","","LACA","Scaeva_affinis",1,0,NA
2022,4,1,"3_15","3_31","1","Bertha","","EUSP","Scaeva_affinis",1,0,NA
2022,4,1,"3_15","3_31","1","Bertha","","LACA","Andrena_subchalybea",1,0,NA
2022,4,1,"3_15","3_31","1","Bertha","","LACA","Andrena_subchalybea",1,0,NA
2022,4,1,"3_15","3_31","1","Bertha","","LACA","Braconidae",1,0,NA
2022,4,1,"3_15","3_31","1","Bertha","","LACA","Andrena_sp.",1,0,NA
2022,4,1,"3_15","3_31","1","Bertha","","AMME","Apis_mellifera",1,0,NA
2022,4,1,"3_15","3_31","1","Bertha","","LACA","Polistes_aurifer",1,1,NA
2022,4,1,"3_15","3_31","1","Bertha","","LACA","Braconidae",1,1,NA
2022,4,1,"3_15","3_31","1","Bertha","","LACA","Andrena_sp.",1,10,NA
2022,4,1,"3_15","3_31","1","Bertha","","LACA","Conophorus_fenestratus",1,50,NA
2022,4,1,"3_15","3_31","1","Bertha","","LACA","Braconidae",1,50,NA
2022,4,1,"3_33","3_51","2","Bertha","","VIVI","Apis_mellifera",5,0,NA
2022,4,1,"3_33","3_51","2","Bertha","","VIVI","Scaeva_affinis",2,0,NA
2022,4,1,"3_33","3_51","2","Bertha","","EUSP","Scaeva_affinis",2,0,NA
2022,4,1,"3_33","3_51","2","Bertha","","VIVI","Apis_mellifera",2,0,NA
2022,4,1,"3_33","3_51","2","Bertha","","VIVI","Apis_mellifera",4,0,NA
2022,4,1,"3_33","3_51","2","Bertha","","PLNO","Scaeva_affinis",1,0,NA
2022,4,1,"3_33","3_51","2","Bertha","","VIVI","Apis_mellifera",1,0,NA
2022,4,1,"3_33","3_51","2","Bertha","","LUBI","Euopeodes_fumipennis",2,0,NA
2022,4,1,"3_33","3_51","2","Bertha","","LACA","Listrus_sp._1",1,0,NA
2022,4,1,"3_33","3_51","2","Bertha","","LACA","Scaeva_affinis",1,5,NA
2022,4,1,"3_33","3_51","2","Bertha","","LACA","Andrena_subchalybea",1,NA,NA
2022,4,1,"3_33","3_51","2","Bertha","","LACA","Listrus_sp._1",1,NA,NA
2022,4,1,"3_33","3_51","2","Bertha","","LACA","Nomada_hesperia",4,NA,NA
2022,4,1,"3_33","3_51","2","Bertha","","LACA","Andrena_pensilis",2,NA,NA
2022,4,1,"3_33","3_51","2","Bertha","","LACA","Andrena_sp.",2,NA,NA
2022,4,1,"3_33","3_51","2","Bertha","","LACA","Junonia_grisea",1,NA,NA
2022,4,1,"3_33","3_51","2","Bertha","","LACA","Andrena_sp.",1,NA,NA
2022,4,1,"3_33","3_51","2","Bertha","","PLER","Scaeva_affinis",1,NA,NA
2022,4,1,"3_33","3_51","2","Bertha","","LACA","Listrus_sp._1",1,NA,NA
2022,4,1,"3_53","4_10","3","Bertha","","AMME","Eucera_actuosa",2,100,NA
2022,4,1,"3_53","4_10","3","Bertha","","AMME","Eucera_actuosa",2,100,NA
2022,4,1,"3_53","4_10","3","Bertha","","LACA","Andrena_subchalybea",2,NA,NA
2022,4,1,"3_53","4_10","3","Bertha","","LACA","Andrena_subchalybea",1,NA,NA
2022,4,1,"3_53","4_10","3","Bertha","","LACA","Euopeodes_fumipennis",2,NA,NA
2022,4,1,"3_53","4_10","3","Bertha","","LACA","Andrena_sp.",1,NA,NA
2022,4,1,"3_53","4_10","3","Bertha","","LACA","Andrena_sp.",1,NA,NA
2022,4,1,"3_53","4_10","3","Bertha","","LACA","Andrena_subchalybea",1,NA,NA
2022,4,1,"3_53","4_10","3","Bertha","","LACA","Andrena_subchalybea",1,NA,NA
2022,4,1,"3_53","4_10","3","Bertha","","LACA","Andrena_subchalybea",1,NA,NA
2022,4,1,"3_53","4_10","3","Bertha","","LACA","Andrena_subchalybea",1,NA,NA
2022,4,1,"3_53","4_10","3","Bertha","","LACA","Scaeva_affinis",1,NA,NA
2022,4,1,"3_53","4_10","3","Bertha","","LACA","Scaeva_affinis",1,NA,NA
2022,4,1,"3_53","4_10","3","Bertha","","GITR","Junonia_grisea",1,NA,NA
2022,4,1,"3_53","4_10","3","Bertha","","LACA","Scaeva_affinis",3,NA,NA
2022,4,1,"3_53","4_10","3","Bertha","","LACA","Heliolonche_modiella",1,NA,NA
2022,4,1,"3_53","4_10","3","Bertha","","LACA","Andrena_pensilis",2,NA,NA
2022,4,1,"3_53","4_10","3","Bertha","","LACA","Andrena_pensilis",1,NA,NA
2022,4,1,"3_53","4_10","3","Bertha","","LACA","Andrena_baeriae",1,NA,NA
2022,4,1,"3_53","4_10","3","Bertha","","LACA","Andrena_baeriae",1,NA,NA
2022,4,1,"3_53","4_10","3","Bertha","","LACA","Andrena_pensilis",1,NA,NA
2022,4,1,"3_53","4_10","3","Bertha","","EUSP","Scaeva_affinis",1,NA,NA
2022,4,1,"3_53","4_10","3","Bertha","","EUSP","Scaeva_affinis",1,NA,NA
2022,4,1,"3_53","4_10","3","Bertha","","LACA","Andrena_dissona",1,NA,NA
2022,4,1,"3_53","4_10","3","Bertha","","LACA","Andrena_subchalybea",2,NA,NA
2022,4,1,"3_53","4_10","3","Bertha","","LACA","Andrena_subchalybea",1,10,NA
2022,4,1,"3_53","4_10","3","Bertha","","TRFU","Apis_mellifera",1,5,NA
2022,4,1,"3_53","4_10","3","Bertha","","LACA","Euopeodes_fumipennis",1,5,NA
2022,4,1,"3_53","4_10","3","Bertha","","EUSP","Euopeodes_fumipennis",1,5,NA
2022,4,1,"3_53","4_10","3","Bertha","","TRFU","Apis_mellifera",3,5,NA
2022,4,1,"3_53","4_10","3","Bertha","","LACA","Andrena_sp.",1,0,NA
2022,4,1,"3_53","4_10","3","Bertha","","LACA","Euopeodes_fumipennis",1,0,NA
2022,4,1,"3_53","4_10","3","Bertha","","AMME","Scaeva_affinis",1,0,NA
2022,4,1,"4_11","4_25","4","Bertha","","LACA","Andrena_baeriae",1,0,NA
2022,4,1,"4_11","4_25","4","Bertha","","LACA","Bombylius_major",1,0,NA
2022,4,1,"4_11","4_25","4","Bertha","","RACA","Listrus_sp._1",1,0,NA
2022,4,1,"4_11","4_25","4","Bertha","","RACA","Listrus_sp._1",1,0,NA
2022,4,1,"4_11","4_25","4","Bertha","","LACA","Andrena_subchalybea",1,0,NA
2022,4,1,"4_11","4_25","4","Bertha","","LACA","Euopeodes_fumipennis",1,0,NA
2022,4,1,"4_11","4_25","4","Bertha","","LACA","Andrena_sp.",1,0,NA
2022,4,1,"4_11","4_25","4","Bertha","","LACA","Andrena_sp.",1,0,NA
2022,4,1,"4_11","4_25","4","Bertha","","LACA","Conophorus_fenestratus",2,0,NA
2022,4,1,"4_11","4_25","4","Bertha","","LACA","Andrena_baeriae",1,0,NA
2022,4,1,"4_11","4_25","4","Bertha","","LACA","Andrena_baeriae",1,0,NA
2022,4,1,"4_11","4_25","4","Bertha","","LACA","Andrena_baeriae",1,0,NA
2022,4,1,"4_11","4_25","4","Bertha","","LACA","Scaeva_affinis",1,0,NA
2022,4,1,"4_11","4_25","4","Bertha","","LACA","Anthophora_californica",1,0,NA
2022,4,1,"4_11","4_25","4","Bertha","","LACA","Andrena_pensilis",1,0,NA
2022,4,1,"4_11","4_25","4","Bertha","","LACA","Andrena_subchalybea",1,0,NA
2022,4,1,"4_11","4_25","4","Bertha","","LACA","Nomada_hesperia",1,0,NA
2022,4,1,"4_11","4_25","4","Bertha","","LACA","Andrena_baeriae",1,0,NA
2022,4,1,"4_11","4_25","4","Bertha","","LACA","Scaeva_affinis",1,0,NA
2022,4,1,"4_11","4_25","4","Bertha","","LACA","Andrena_pensilis",2,0,NA
2022,4,1,"4_11","4_25","4","Bertha","","LACA","Panurginus_sp.",1,0,NA
2022,4,1,"4_11","4_25","4","Bertha","","LACA","Listrus_sp._1",1,0,NA
2022,4,1,"4_11","4_25","4","Bertha","","LACA","Listrus_sp._1",1,0,NA
2022,4,1,"4_11","4_25","4","Bertha","","LACA","Listrus_sp._1",1,0,NA
2022,4,1,"4_11","4_25","4","Bertha","","LACA","Nomada_hesperia",2,0,NA
2022,4,1,"4_11","4_25","4","Bertha","","LACA","Euopeodes_fumipennis",2,0,NA
2022,4,1,"4_11","4_25","4","Bertha","","LACA","Conophorus_fenestratus",2,0,NA
2022,4,1,"4_11","4_25","4","Bertha","","TRLA","Heliolonche_modiella",1,0,NA
2022,4,1,"4_28","4_42","5","Bertha","","VIVI","Apis_mellifera",2,0,NA
2022,4,1,"4_28","4_42","5","Bertha","","VIVI","Eucera_actuosa",1,0,NA
2022,4,1,"4_28","4_42","5","Bertha","","VIVI","Euopeodes_fumipennis",1,0,NA
2022,4,1,"4_28","4_42","5","Bertha","","VIVI","Eucera_actuosa",1,0,NA
2022,4,1,"4_28","4_42","5","Bertha","","VIVI","Anthophora_californica",1,0,NA
2022,4,1,"4_28","4_42","5","Bertha","","LUMI","Eucera_actuosa",2,0,NA
2022,4,1,"4_28","4_42","5","Bertha","","LUSU","Hippodamia_convergens",1,5,NA
2022,4,1,"4_28","4_42","5","Bertha","","DICA","Junonia_grisea",1,5,NA
2022,4,1,"4_28","4_42","5","Bertha","","LACA","Listrus_sp._1",1,NA,NA
2022,4,1,"4_28","4_42","5","Bertha","","LACA","Conophorus_fenestratus",1,NA,NA
2022,4,1,"4_28","4_42","5","Bertha","","TRLA","Eucera_actuosa",2,10,NA
2022,4,1,"4_28","4_42","5","Bertha","","LACA","Andrena_subchalybea",3,NA,NA
2022,4,1,"4_28","4_42","5","Bertha","","LACA","Coenonympha_californica",2,NA,NA
2022,4,1,"4_28","4_42","5","Bertha","","LACA","Andrena_subchalybea",1,NA,NA
2022,4,1,"4_28","4_42","5","Bertha","","LACA","Cyrtopogon_sp.",1,NA,NA
2022,4,1,"4_28","4_42","5","Bertha","","LACA","Elateridae",1,NA,NA
2022,4,1,"4_28","4_42","5","Bertha","","LACA","Andrena_subchalybea",1,NA,NA
2022,4,1,"4_28","4_42","5","Bertha","","LACA","Andrena_pensilis",1,NA,NA
2022,4,1,"4_28","4_42","5","Bertha","","LACA","Scaeva_affinis",1,NA,NA
2022,4,2,"10_57","11_12","1","Reservoir","","VIVI","Apis_mellifera",1,0,NA
2022,4,2,"10_57","11_12","1","Reservoir","","VIVI","Scaeva_affinis",2,0,NA
2022,4,2,"10_57","11_12","1","Reservoir","","VIVI","Scaeva_affinis",2,0,NA
2022,4,2,"10_57","11_12","1","Reservoir","","VIVI","Scaeva_affinis",1,0,NA
2022,4,2,"10_57","11_12","1","Reservoir","","VIVI","Scaeva_affinis",1,0,NA
2022,4,2,"10_57","11_12","1","Reservoir","","VIVI","Scaeva_affinis",1,0,NA
2022,4,2,"10_57","11_12","1","Reservoir","","VIVI","Scaeva_affinis",1,0,NA
2022,4,3,"9_17","9_46","1","Goatgrass","","LUNA","Junonia_grisea",1,1,NA
2022,4,3,"9_17","9_46","1","Goatgrass","","LUNA","Scaeva_affinis",1,1,NA
2022,4,3,"9_17","9_46","1","Goatgrass","","AGHE","Elateridae",1,1,NA
2022,4,3,"9_17","9_46","1","Goatgrass","","LACA","Nomada_hesperia",5,10,NA
2022,4,3,"9_17","9_46","1","Goatgrass","","LACA","Andrena_subchalybea",1,10,NA
2022,4,3,"9_17","9_46","1","Goatgrass","","LACA","Andrena_subchalybea",3,10,NA
2022,4,3,"9_17","9_46","1","Goatgrass","","LACA","Andrena_dissona",1,20,NA
2022,4,3,"9_17","9_46","1","Goatgrass","","LACA","Andrena_subchalybea",1,20,NA
2022,4,3,"9_17","9_46","1","Goatgrass","","LACA","Andrena_subchalybea",1,20,NA
2022,4,3,"9_17","9_46","1","Goatgrass","","LACA","Andrena_sp.",1,20,NA
2022,4,3,"9_17","9_46","1","Goatgrass","","LACA","Nomada_hesperia",1,50,NA
2022,4,3,"9_17","9_46","1","Goatgrass","","LACA","Andrena_subchalybea",2,50,NA
2022,4,3,"9_17","9_46","1","Goatgrass","","LACA","Andrena_baeriae",3,50,NA
2022,4,3,"9_17","9_46","1","Goatgrass","","LACA","Euopeodes_fumipennis",1,NA,NA
2022,4,3,"9_17","9_46","1","Goatgrass","","LACA","Andrena_subchalybea",6,NA,NA
2022,4,3,"9_17","9_46","1","Goatgrass","","LACA","Andrena_baeriae",2,NA,NA
2022,4,3,"9_17","9_46","1","Goatgrass","","LACA","Euopeodes_fumipennis",1,20,NA
2022,4,3,"9_17","9_46","1","Goatgrass","","WYAN","Osmia_sp.",1,20,NA
2022,4,3,"9_47","10_07","2","Goatgrass","","VIVI","Bombus_melanopygus",9,0,NA
2022,4,3,"9_47","10_07","2","Goatgrass","","AMME","Bombylius_major",3,0,NA
2022,4,3,"9_47","10_07","2","Goatgrass","","LACA","Adela_trigrapha",1,NA,NA
2022,4,3,"9_47","10_07","2","Goatgrass","","LACA","Euopeodes_fumipennis",2,NA,NA
2022,4,3,"9_47","10_07","2","Goatgrass","","PLER","Euopeodes_fumipennis",1,NA,NA
2022,4,3,"9_47","10_07","2","Goatgrass","","LACA","Euopeodes_fumipennis",2,NA,NA
2022,4,3,"9_47","10_07","2","Goatgrass","","LACA","Andrena_subchalybea",1,NA,NA
2022,4,3,"9_47","10_07","2","Goatgrass","","LACA","Conophorus_fenestratus",1,NA,NA
2022,4,3,"9_47","10_07","2","Goatgrass","","LACA","Cyrtopogon_sp.",1,NA,NA
2022,4,3,"9_47","10_07","2","Goatgrass","","LACA","Andrena_subchalybea",1,NA,NA
2022,4,3,"9_47","10_07","2","Goatgrass","","LACA","Andrena_subchalybea",3,0,NA
2022,4,3,"9_47","10_07","2","Goatgrass","","AGHE","Heliolonche_modiella",1,0,NA
2022,4,3,"9_47","10_07","2","Goatgrass","","AGHE","Andrena_subchalybea",2,1,NA
2022,4,3,"9_47","10_07","2","Goatgrass","","VIVI","Apis_mellifera",2,0,NA
2022,4,3,"9_47","10_07","2","Goatgrass","","VIVI","Apis_mellifera",2,0,NA
2022,4,3,"9_47","10_07","2","Goatgrass","","AGHE","Heliolonche_modiella",1,0,NA
2022,4,3,"10_08","10_26","3","Goatgrass","","AGHE","Andrena_subchalybea",1,0,NA
2022,4,3,"10_08","10_26","3","Goatgrass","","AGHE","Heliolonche_modiella",1,0,NA
2022,4,3,"10_08","10_26","3","Goatgrass","","AGHE","Andrena_sp.",1,0,NA
2022,4,3,"10_08","10_26","3","Goatgrass","","AGHE","Elateridae",1,0,NA
2022,4,3,"10_08","10_26","3","Goatgrass","","AGHE","Andrena_subchalybea",1,0,NA
2022,4,3,"10_08","10_26","3","Goatgrass","","VIVI","Eucera_actuosa",4,0,NA
2022,4,3,"10_08","10_26","3","Goatgrass","","VIVI","Eucera_actuosa",2,0,NA
2022,4,3,"10_08","10_26","3","Goatgrass","","VIVI","Apis_mellifera",1,0,NA
2022,4,3,"10_08","10_26","3","Goatgrass","","AGHE","Elateridae",1,0,NA
2022,4,3,"10_08","10_26","3","Goatgrass","","AGHE","Heliolonche_modiella",1,0,NA
2022,4,3,"10_08","10_26","3","Goatgrass","","VIVI","Apis_mellifera",2,0,NA
2022,4,3,"10_08","10_26","3","Goatgrass","","ASBR","Eucera_actuosa",6,10,NA
2022,4,3,"10_08","10_26","3","Goatgrass","","EUSP","Euopeodes_fumipennis",1,10,NA
2022,4,3,"10_08","10_26","3","Goatgrass","","EUSP","Euopeodes_fumipennis",1,11,NA
2022,4,3,"10_08","10_26","3","Goatgrass","","LACA","Adela_trigrapha",2,NA,NA
2022,4,3,"10_08","10_26","3","Goatgrass","","LACA","Conophorus_fenestratus",1,NA,NA
2022,4,3,"10_08","10_26","3","Goatgrass","","VIVI","Bombus_melanopygus",5,0,NA
2022,4,3,"10_08","10_26","3","Goatgrass","","LACA","Cyrtopogon_sp.",1,0,NA
2022,4,3,"10_26","10_40","4","Goatgrass","","LACA","Adela_trigrapha",1,NA,NA
2022,4,3,"10_26","10_40","4","Goatgrass","","LACA","Adela_trigrapha",1,NA,NA
2022,4,3,"10_26","10_40","4","Goatgrass","","LACA","Adela_trigrapha",1,NA,NA
2022,4,3,"10_26","10_40","4","Goatgrass","","LACA","Adela_trigrapha",1,NA,NA
2022,4,3,"10_26","10_40","4","Goatgrass","","PLER","Adela_trigrapha",1,NA,NA
2022,4,3,"10_26","10_40","4","Goatgrass","","LACA","Conophorus_fenestratus",1,NA,NA
2022,4,3,"10_26","10_40","4","Goatgrass","","LACA","Andrena_subchalybea",2,NA,NA
2022,4,3,"10_26","10_40","4","Goatgrass","","LACA","Helithodes_dimutiva",1,NA,NA
2022,4,3,"10_26","10_40","4","Goatgrass","","RACA","Andrena_subchalybea",2,NA,NA
2022,4,3,"10_26","10_40","4","Goatgrass","","LACA","Andrena_duboisi",2,NA,NA
2022,4,3,"10_26","10_40","4","Goatgrass","","LACA","Tetraopes_basilus",1,NA,NA
2022,4,3,"10_26","10_40","4","Goatgrass","","LACA","Adela_trigrapha",1,NA,NA
2022,4,3,"10_26","10_40","4","Goatgrass","","AGHE","Heliolonche_modiella",1,NA,NA
2022,4,3,"10_26","10_40","4","Goatgrass","","EUSP","Euopeodes_fumipennis",2,0,NA
2022,4,3,"10_26","10_40","4","Goatgrass","","VIVI","Apis_mellifera",2,0,NA
2022,4,3,"10_26","10_40","4","Goatgrass","","VIVI","Apis_mellifera",3,0,NA
2022,4,3,"10_40","10_58","5","Goatgrass","","VIVI","Apis_mellifera",1,0,NA
2022,4,3,"10_40","10_58","5","Goatgrass","","AGHE","Elateridae",1,0,NA
2022,4,3,"10_40","10_58","5","Goatgrass","","RACA","Andrena_subchalybea",1,1,NA
2022,4,3,"10_40","10_58","5","Goatgrass","","ASBR","Osmia_sp.",1,2,NA
2022,4,3,"10_40","10_58","5","Goatgrass","","AGHE","Heliolonche_modiella",1,2,NA
2022,4,3,"10_40","10_58","5","Goatgrass","","LACA","Heliolonche_modiella",1,2,NA
2022,4,3,"10_40","10_58","5","Goatgrass","","MICA","Adela_trigrapha",1,10,NA
2022,4,3,"10_40","10_58","5","Goatgrass","","VIVI","Bombus_melanopygus",1,0,NA
2022,4,3,"10_40","10_58","5","Goatgrass","","VIVI","Anthophora_californica",2,0,NA
2022,4,3,"10_40","10_58","5","Goatgrass","","VIVI","Apis_mellifera",2,0,NA
2022,4,3,"10_40","10_58","5","Goatgrass","","VIVI","Bombus_vosnesenskii",4,0,NA
2022,4,3,"10_40","10_58","5","Goatgrass","","VIVI","Apis_mellifera",1,0,NA
2022,4,3,"10_40","10_58","5","Goatgrass","","VIVI","Apis_mellifera",1,0,NA
2022,4,3,"10_40","10_58","5","Goatgrass","","VIVI","Bombus_melanopygus",2,0,NA
2022,4,3,"10_40","10_58","5","Goatgrass","","VIVI","Bombus_melanopygus",2,0,NA
2022,4,3,"10_40","10_58","5","Goatgrass","","VIVI","Bombus_melanopygus",1,0,NA
2022,4,3,"10_40","10_58","5","Goatgrass","","VIVI","Bombus_melanopygus",2,0,NA
2022,4,3,"10_40","10_58","5","Goatgrass","","VIVI","Eucera_frater_albopilosa",3,0,NA
2022,4,3,"10_40","10_58","5","Goatgrass","","VIVI","Apis_mellifera",1,0,NA
2022,4,3,"10_40","10_58","5","Goatgrass","","VIVI","Apis_mellifera",6,0,NA
2022,4,3,"10_40","10_58","5","Goatgrass","","VIVI","Apis_mellifera",2,0,NA
2022,4,3,"10_40","10_58","5","Goatgrass","","VIVI","Apis_mellifera",2,0,NA
2022,4,3,"10_40","10_58","5","Goatgrass","","VIVI","Apis_mellifera",1,0,NA
2022,4,3,"10_40","10_58","5","Goatgrass","","VIVI","Eucera_frater_albopilosa",1,0,NA
2022,4,3,"10_40","10_58","5","Goatgrass","","VIVI","Eucera_actuosa",2,0,NA
2022,4,3,"11_42","12_21","1","Long","","VIVI","Apis_mellifera",2,0,NA
2022,4,3,"11_42","12_21","1","Long","","VIVI","Euopeodes_fumipennis",1,0,NA
2022,4,3,"11_42","12_21","1","Long","","VIVI","Apis_mellifera",2,0,NA
2022,4,3,"11_42","12_21","1","Long","","VIVI","Apis_mellifera",1,0,NA
2022,4,3,"11_42","12_21","1","Long","","VIVI","Apis_mellifera",1,0,NA
2022,4,3,"11_42","12_21","1","Long","","VIVI","Apis_mellifera",2,0,NA
2022,4,3,"11_42","12_21","1","Long","","VIVI","Apis_mellifera",1,0,NA
2022,4,3,"11_42","12_21","1","Long","","VIVI","Apis_mellifera",3,0,NA
2022,4,3,"11_42","12_21","1","Long","","VIVI","Scaeva_affinis",1,0,NA
2022,4,3,"11_42","12_21","1","Long","","VIVI","Apis_mellifera",1,0,NA
2022,4,3,"11_42","12_21","1","Long","","VIVI","Apis_mellifera",1,0,NA
2022,4,3,"11_42","12_21","1","Long","","VIVI","Apis_mellifera",3,0,NA
2022,4,3,"11_42","12_21","1","Long","","VIVI","Scaeva_affinis",1,0,NA
2022,4,3,"11_42","12_21","1","Long","","VIVI","Apis_mellifera",1,0,NA
2022,4,3,"11_42","12_21","1","Long","","VIVI","Apis_mellifera",1,0,NA
2022,4,3,"11_42","12_21","1","Long","","VIVI","Apis_mellifera",2,0,NA
2022,4,3,"11_42","12_21","1","Long","","VIVI","Apis_mellifera",1,0,NA
2022,4,3,"11_42","12_21","1","Long","","VIVI","Apis_mellifera",1,0,NA
2022,4,3,"11_42","12_21","1","Long","","VIVI","Anthophora_californica",1,0,NA
2022,4,3,"11_42","12_21","1","Long","","VIVI","Apis_mellifera",1,0,NA
2022,4,3,"11_42","12_21","1","Long","","VIVI","Apis_mellifera",1,0,NA
2022,4,3,"11_42","12_21","1","Long","","VIVI","Colias_eurytheme",1,0,NA
2022,4,3,"11_42","12_21","1","Long","","VIVI","Scaeva_affinis",1,0,NA
2022,4,3,"11_42","12_21","1","Long","","VIVI","Apis_mellifera",1,0,NA
2022,4,3,"11_42","12_21","1","Long","","VIVI","Apis_mellifera",1,0,NA
2022,4,3,"11_42","12_21","1","Long","","VIVI","Apis_mellifera",2,0,NA
2022,4,3,"11_42","12_21","1","Long","","VIVI","Anthophora_californica",3,0,NA
2022,4,3,"11_42","12_21","1","Long","","RACA","Elateridae",1,1,NA
2022,4,3,"11_42","12_21","1","Long","","VIVI","Apis_mellifera",1,0,NA
2022,4,3,"11_42","12_21","1","Long","","VIVI","Apis_mellifera",1,0,NA
2022,4,3,"11_42","12_21","1","Long","","VIVI","Bombus_vosnesenskii",3,0,NA
2022,4,3,"11_42","12_21","1","Long","","VIVI","Apis_mellifera",1,0,NA
2022,4,3,"11_42","12_21","1","Long","","VIVI","Apis_mellifera",1,0,NA
2022,4,3,"11_42","12_21","1","Long","","EUSP","Euopeodes_fumipennis",1,5,NA
2022,4,3,"11_42","12_21","1","Long","","VIVI","Apis_mellifera",2,0,NA
2022,4,3,"11_42","12_21","1","Long","","VIVI","Apis_mellifera",1,0,NA
2022,4,3,"11_42","12_21","1","Long","","VIVI","Apis_mellifera",1,0,NA
2022,4,3,"11_42","12_21","1","Long","","VIVI","Apis_mellifera",1,0,NA
2022,4,3,"11_42","12_21","1","Long","","VIVI","Apis_mellifera",1,0,NA
2022,4,3,"11_42","12_21","1","Long","","VIVI","Apis_mellifera",1,0,NA
2022,4,3,"11_42","12_21","1","Long","","VIVI","Eucera_frater_albopilosa",7,0,NA
2022,4,3,"11_42","12_21","1","Long","","VIVI","Apis_mellifera",1,0,NA
2022,4,3,"11_42","12_21","1","Long","","VIVI","Apis_mellifera",1,0,NA
2022,4,3,"11_42","12_21","1","Long","","VIVI","Eucera_actuosa",1,0,NA
2022,4,3,"12_23","12_39","2","Long","","VIVI","Apis_mellifera",1,0,NA
2022,4,3,"12_23","12_39","2","Long","","VIVI","Apis_mellifera",1,0,NA
2022,4,3,"12_23","12_39","2","Long","","VIVI","Eucera_actuosa",1,0,NA
2022,4,3,"12_23","12_39","2","Long","","VIVI","Apis_mellifera",2,0,NA
2022,4,3,"12_23","12_39","2","Long","","VIVI","Euopeodes_fumipennis",1,0,NA
2022,4,3,"12_23","12_39","2","Long","","VIVI","Apis_mellifera",2,0,NA
2022,4,3,"12_23","12_39","2","Long","","VIVI","Apis_mellifera",1,0,NA
2022,4,3,"12_23","12_39","2","Long","","VIVI","Apis_mellifera",1,0,NA
2022,4,3,"12_23","12_39","2","Long","","VIVI","Apis_mellifera",1,0,NA
2022,4,3,"12_23","12_39","2","Long","","VIVI","Apis_mellifera",1,0,NA
2022,4,3,"12_23","12_39","2","Long","","VIVI","Anthophora_californica",1,0,NA
2022,4,3,"12_23","12_39","2","Long","","VIVI","Apis_mellifera",1,0,NA
2022,4,3,"12_23","12_39","2","Long","","VIVI","Bombus_melanopygus",1,0,NA
2022,4,3,"12_23","12_39","2","Long","","VIVI","Apis_mellifera",1,0,NA
2022,4,3,"12_23","12_39","2","Long","","VIVI","Apis_mellifera",2,0,NA
2022,4,3,"12_23","12_39","2","Long","","VIVI","Apis_mellifera",2,0,NA
2022,4,3,"12_23","12_39","2","Long","","VIVI","Apis_mellifera",1,0,NA
2022,4,3,"12_23","12_39","2","Long","","VIVI","Apis_mellifera",1,0,NA
2022,4,3,"12_23","12_39","2","Long","","VIVI","Scaeva_affinis",3,0,NA
2022,4,3,"12_23","12_39","2","Long","","VIVI","Scaeva_affinis",3,0,NA
2022,4,3,"12_23","12_39","2","Long","","VIVI","Bombus_melanopygus",1,0,NA
2022,4,3,"12_23","12_39","2","Long","","VIVI","Apis_mellifera",1,0,NA
2022,4,3,"12_23","12_39","2","Long","","VIVI","Apis_mellifera",1,0,NA
2022,4,3,"12_23","12_39","2","Long","","LACA","Listrus_sp._1",1,1,NA
2022,4,3,"12_23","12_39","2","Long","","LACA","Listrus_sp._1",1,1,NA
2022,4,3,"12_23","12_39","2","Long","","LACA","Listrus_sp._1",1,1,NA
2022,4,3,"12_23","12_39","2","Long","","LACA","Helithodes_dimutiva",1,1,NA
2022,4,3,"12_23","12_39","2","Long","","LACA","Euopeodes_fumipennis",1,0,NA
2022,4,3,"12_23","12_39","2","Long","","VIVI","Apis_mellifera",1,0,NA
2022,4,3,"12_23","12_39","2","Long","","VIVI","Apis_mellifera",1,0,NA
2022,4,3,"12_23","12_39","2","Long","","VIVI","Apis_mellifera",1,0,NA
2022,4,3,"12_23","12_39","2","Long","","VIVI","Apis_mellifera",1,0,NA
2022,4,3,"12_23","12_39","2","Long","","VIVI","Apis_mellifera",1,0,NA
2022,4,3,"12_23","12_39","2","Long","","VIVI","Scaeva_affinis",1,0,NA
2022,4,3,"12_23","12_39","2","Long","","VIVI","Apis_mellifera",1,0,NA
2022,4,3,"12_23","12_39","2","Long","","VIVI","Apis_mellifera",1,0,NA
2022,4,3,"12_42","1_05","3","Long","","VIVI","Apis_mellifera",1,0,NA
2022,4,3,"12_42","1_05","3","Long","","VIVI","Apis_mellifera",3,0,NA
2022,4,3,"12_42","1_05","3","Long","","VIVI","Apis_mellifera",1,0,NA
2022,4,3,"12_42","1_05","3","Long","","VIVI","Apis_mellifera",2,0,NA
2022,4,3,"12_42","1_05","3","Long","","VIVI","Apis_mellifera",1,0,NA
2022,4,3,"12_42","1_05","3","Long","","VIVI","Apis_mellifera",1,0,NA
2022,4,3,"12_42","1_05","3","Long","","VIVI","Apis_mellifera",1,0,NA
2022,4,3,"12_42","1_05","3","Long","","VIVI","Apis_mellifera",1,0,NA
2022,4,3,"12_42","1_05","3","Long","","LACA","Andrena_subchalybea",2,50,NA
2022,4,3,"12_42","1_05","3","Long","","VIVI","Apis_mellifera",1,0,NA
2022,4,3,"12_42","1_05","3","Long","","VIVI","Apis_mellifera",1,0,NA
2022,4,3,"12_42","1_05","3","Long","","VIVI","Apis_mellifera",1,0,NA
2022,4,3,"12_42","1_05","3","Long","","VIVI","Eucera_actuosa",2,0,NA
2022,4,3,"12_42","1_05","3","Long","","VIVI","Eucera_actuosa",1,0,NA
2022,4,3,"12_42","1_05","3","Long","","VIVI","Apis_mellifera",1,0,NA
2022,4,3,"12_42","1_05","3","Long","","VIVI","Apis_mellifera",1,0,NA
2022,4,3,"12_42","1_05","3","Long","","VIVI","Apis_mellifera",1,0,NA
2022,4,3,"12_42","1_05","3","Long","","VIVI","Apis_mellifera",1,0,NA
2022,4,3,"12_42","1_05","3","Long","","VIVI","Apis_mellifera",1,0,NA
2022,4,3,"1_05","1_29","4","Long","","LACA","Listrus_sp._1",1,10,NA
2022,4,3,"1_05","1_29","4","Long","","TRFU","Apis_mellifera",1,5,NA
2022,4,3,"1_05","1_29","4","Long","","VIVI","Bombus_vosnesenskii",4,0,NA
2022,4,3,"1_05","1_29","4","Long","","VIVI","Junonia_grisea",1,0,NA
2022,4,3,"1_05","1_29","4","Long","","VIVI","Junonia_grisea",1,0,NA
2022,4,3,"1_05","1_29","4","Long","","VIVI","Apis_mellifera",1,0,NA
2022,4,3,"1_05","1_29","4","Long","","VIVI","Apis_mellifera",1,0,NA
2022,4,3,"1_05","1_29","4","Long","","VIVI","Eucera_actuosa",2,0,NA
2022,4,3,"1_05","1_29","4","Long","","VIVI","Scaeva_affinis",2,0,NA
2022,4,3,"1_05","1_29","4","Long","","VIVI","Apis_mellifera",2,0,NA
2022,4,3,"1_05","1_29","4","Long","","VIVI","Bombus_vosnesenskii",2,0,NA
2022,4,3,"1_05","1_29","4","Long","","LACA","Andrena_subchalybea",2,50,NA
2022,4,3,"1_05","1_29","4","Long","","LACA","Cyrtopogon_sp.",1,50,NA
2022,4,3,"1_05","1_29","4","Long","","LACA","Andrena_subchalybea",3,50,NA
2022,4,3,"1_32","1_44","5","Long","","LACA","Andrena_pensilis",3,NA,NA
2022,4,3,"1_32","1_44","5","Long","","LACA","Andrena_pensilis",2,NA,NA
2022,4,3,"1_32","1_44","5","Long","","LACA","Andrena_subchalybea",3,50,NA
2022,4,3,"1_32","1_44","5","Long","","VIVI","Scaeva_affinis",2,0,NA
2022,4,3,"1_32","1_44","5","Long","","VIVI","Bombus_melanopygus",4,0,NA
2022,4,3,"1_32","1_44","5","Long","","VIVI","Scaeva_affinis",1,0,NA
2022,4,3,"1_32","1_44","5","Long","","VIVI","Apis_mellifera",1,0,NA
2022,4,3,"1_32","1_44","5","Long","","VIVI","Apis_mellifera",1,0,NA
2022,4,3,"1_32","1_44","5","Long","","VIVI","Apis_mellifera",1,0,NA
2022,4,3,"1_32","1_44","5","Long","","LACA","Listrus_sp._1",1,0,NA
2022,4,6,"12_39","1_06","1","Goatgrass","","DEVA","Junonia_grisea",1,0,NA
2022,4,6,"12_39","1_06","1","Goatgrass","","LACA","Listrus_sp._1",1,1,NA
2022,4,6,"12_39","1_06","1","Goatgrass","","VIVI","Apis_mellifera",1,0,NA
2022,4,6,"12_39","1_06","1","Goatgrass","","EUSP","Cylindromyia sp.",1,1,NA
2022,4,6,"12_39","1_06","1","Goatgrass","","PLER","Junonia_grisea",1,5,NA
2022,4,6,"12_39","1_06","1","Goatgrass","","LACA","Adela_eldorada",2,NA,NA
2022,4,6,"12_39","1_06","1","Goatgrass","","LACA","Adela_eldorada",2,NA,NA
2022,4,6,"12_39","1_06","1","Goatgrass","","SIBE","Junonia_grisea",1,5,NA
2022,4,6,"12_39","1_06","1","Goatgrass","","LACA","Listrus_sp._1",2,NA,NA
2022,4,6,"12_39","1_06","1","Goatgrass","","LOHO","Andrena_sp.",1,NA,NA
2022,4,6,"12_39","1_06","1","Goatgrass","","LACA","Polistes_aurifer",1,NA,NA
2022,4,6,"12_39","1_06","1","Goatgrass","","VIVI","Apis_mellifera",2,0,NA
2022,4,6,"12_39","1_06","1","Goatgrass","","VIVI","Apis_mellifera",4,0,NA
2022,4,6,"12_39","1_06","1","Goatgrass","","VIVI","Apis_mellifera",2,0,NA
2022,4,6,"12_39","1_06","1","Goatgrass","","VIVI","Apis_mellifera",2,0,NA
2022,4,6,"12_39","1_06","1","Goatgrass","","VIVI","Apis_mellifera",2,0,NA
2022,4,6,"12_39","1_06","1","Goatgrass","","VIVI","Bombus_melanopygus",2,0,NA
2022,4,6,"12_39","1_06","1","Goatgrass","","VIVI","Bombus_melanopygus",2,0,NA
2022,4,6,"12_39","1_06","1","Goatgrass","","VIVI","Bombus_melanopygus",2,0,NA
2022,4,6,"12_39","1_06","1","Goatgrass","","VIVI","Bombus_vosnesenskii",2,0,NA
2022,4,6,"12_39","1_06","1","Goatgrass","","VIVI","Apis_mellifera",2,0,NA
2022,4,6,"12_39","1_06","1","Goatgrass","","VIVI","Osmia_sp.",1,0,NA
2022,4,6,"12_39","1_06","1","Goatgrass","","LOHO","Andrena_subchalybea",1,NA,NA
2022,4,6,"1_07","1_19","2","Goatgrass","","LACA","Adela_eldorada",1,NA,NA
2022,4,6,"1_07","1_19","2","Goatgrass","","LACA","Listrus_sp._1",1,NA,NA
2022,4,6,"1_07","1_19","2","Goatgrass","","LACA","Listrus_sp._1",1,NA,NA
2022,4,6,"1_07","1_19","2","Goatgrass","","LACA","Mordellidae",1,NA,NA
2022,4,6,"1_07","1_19","2","Goatgrass","","LACA","Listrus_sp._1",1,NA,NA
2022,4,6,"1_21","1_35","3","Goatgrass","","VIVI","Eucera_actuosa",1,0,NA
2022,4,6,"1_21","1_35","3","Goatgrass","","VIVI","Apis_mellifera",1,0,NA
2022,4,6,"1_21","1_35","3","Goatgrass","","VIVI","Eucera_actuosa",1,0,NA
2022,4,6,"1_21","1_35","3","Goatgrass","","VIVI","Eucera_actuosa",1,0,NA
2022,4,6,"1_21","1_35","3","Goatgrass","","LACA","Andrena_sp.",1,NA,NA
2022,4,6,"1_21","1_35","3","Goatgrass","","LACA","Andrena_dissona",3,NA,NA
2022,4,6,"1_21","1_35","3","Goatgrass","","LACA","Andrena_sp.",1,NA,NA
2022,4,6,"1_21","1_35","3","Goatgrass","","LACA","Conophorus_fenestratus",1,NA,NA
2022,4,6,"1_21","1_35","3","Goatgrass","","LACA","Conophorus_fenestratus",2,NA,NA
2022,4,6,"1_21","1_35","3","Goatgrass","","LACA","Adela_eldorada",1,NA,NA
2022,4,6,"1_21","1_35","3","Goatgrass","","MICA","Adela_eldorada",1,NA,NA
2022,4,6,"1_21","1_35","3","Goatgrass","","LACA","Adela_eldorada",2,NA,NA
2022,4,6,"1_36","1_57","4","Goatgrass","","VIVI","Osmia_sp.",1,0,NA
2022,4,6,"1_36","1_57","4","Goatgrass","","VIVI","Apis_mellifera",1,0,NA
2022,4,6,"1_36","1_57","4","Goatgrass","","VIVI","Eucera_actuosa",1,0,NA
2022,4,6,"1_36","1_57","4","Goatgrass","","VIVI","Eucera_actuosa",1,0,NA
2022,4,6,"1_36","1_57","4","Goatgrass","","WYAN","Osmia_sp.",1,50,NA
2022,4,6,"1_36","1_57","4","Goatgrass","","LACA","Listrus_sp._1",1,NA,NA
2022,4,6,"1_36","1_57","4","Goatgrass","","LACA","Listrus_sp._1",1,NA,NA
2022,4,6,"1_36","1_57","4","Goatgrass","","PLER","Junonia_grisea",1,NA,NA
2022,4,6,"1_36","1_57","4","Goatgrass","","ACWR","Eucera_actuosa",1,50,NA
2022,4,6,"1_36","1_57","4","Goatgrass","","LACA","Adela_eldorada",1,NA,NA
2022,4,6,"1_36","1_57","4","Goatgrass","","LACA","Listrus_sp._1",1,NA,NA
2022,4,6,"1_36","1_57","4","Goatgrass","","LACA","Listrus_sp._1",1,NA,NA
2022,4,6,"1_36","1_57","4","Goatgrass","","LACA","Listrus_sp._1",1,NA,NA
2022,4,6,"1_36","1_57","4","Goatgrass","","LACA","Cyrtopogon_sp.",1,NA,NA
2022,4,6,"1_36","1_57","4","Goatgrass","","LACA","Conophorus_fenestratus",1,NA,NA
2022,4,6,"1_36","1_57","4","Goatgrass","","LACA","Listrus_sp._1",1,NA,NA
2022,4,6,"1_36","1_57","4","Goatgrass","","LACA","Adela_eldorada",1,NA,NA
2022,4,6,"1_36","1_57","4","Goatgrass","","LACA","Adela_eldorada",1,NA,NA
2022,4,6,"1_36","1_57","4","Goatgrass","","LACA","Listrus_sp._1",1,NA,NA
2022,4,6,"1_36","1_57","4","Goatgrass","","LACA","Muscidae",3,NA,NA
2022,4,6,"1_36","1_57","4","Goatgrass","","LACA","Conophorus_fenestratus",1,NA,NA
2022,4,6,"1_36","1_57","4","Goatgrass","","LACA","Andrena_sp.",1,NA,NA
2022,4,6,"1_36","1_57","4","Goatgrass","","LACA","Andrena_subchalybea",4,NA,NA
2022,4,6,"1_36","1_57","4","Goatgrass","","VIVI","Eucera_actuosa",2,0,NA
2022,4,6,"1_36","1_57","4","Goatgrass","","VIVI","Eucera_actuosa",1,0,NA
2022,4,6,"2_00","2_14","5","Goatgrass","","VIVI","Apis_mellifera",1,0,NA
2022,4,6,"2_00","2_14","5","Goatgrass","","VIVI","Apis_mellifera",2,0,NA
2022,4,6,"2_00","2_14","5","Goatgrass","","LACA","Listrus_sp._1",1,5,NA
2022,4,6,"2_00","2_14","5","Goatgrass","","LACA","Nomada_hesperia",2,40,NA
2022,4,6,"2_00","2_14","5","Goatgrass","","LACA","Nomada_hesperia",3,50,NA
2022,4,6,"2_00","2_14","5","Goatgrass","","LACA","Muscidae",2,50,NA
2022,4,6,"2_00","2_14","5","Goatgrass","","LACA","Nomada_hesperia",1,NA,NA
2022,4,6,"2_00","2_14","5","Goatgrass","","LACA","Listrus_sp._1",1,NA,NA
2022,4,6,"2_00","2_14","5","Goatgrass","","LACA","Listrus_sp._1",1,NA,NA
2022,4,6,"2_00","2_14","5","Goatgrass","","TRHI","Elateridae",1,NA,NA
2022,4,6,"2_33","2_46","1","Bertha","","LACA","Andrena_pensilis",1,5,NA
2022,4,6,"2_33","2_46","1","Bertha","","LACA","Andrena_subchalybea",1,5,NA
2022,4,6,"2_33","2_46","1","Bertha","","LACA","Andrena_pensilis",1,NA,NA
2022,4,6,"2_33","2_46","1","Bertha","","TRFU","Anthophora_californica",1,50,NA
2022,4,6,"2_48","3_00","2","Bertha","","LACA","Andrena_subchalybea",2,NA,NA
2022,4,6,"2_48","3_00","2","Bertha","","LACA","Andrena_pensilis",3,NA,NA
2022,4,6,"2_48","3_00","2","Bertha","","LACA","Andrena_subchalybea",1,NA,NA
2022,4,6,"2_48","3_00","2","Bertha","","LACA","Andrena_sp.",1,NA,NA
2022,4,6,"2_48","3_00","2","Bertha","","LACA","Nomada_hesperia",1,NA,NA
2022,4,6,"2_48","3_00","2","Bertha","","LACA","Conophorus_fenestratus",1,NA,NA
2022,4,6,"2_48","3_00","2","Bertha","","LACA","Conophorus_fenestratus",1,NA,NA
2022,4,6,"2_48","3_00","2","Bertha","","LACA","Andrena_sp.",1,NA,NA
2022,4,6,"2_48","3_00","2","Bertha","","LACA","silver_moth_Lepidoptera",1,NA,NA
2022,4,6,"2_48","3_00","2","Bertha","","LUMI","Anthophora_californica",1,0,NA
2022,4,6,"2_48","3_00","2","Bertha","","LUMI","Anthophora_californica",1,0,NA
2022,4,6,"2_48","3_00","2","Bertha","","VIVI","Anthophora_californica",1,0,NA
2022,4,6,"2_48","3_00","2","Bertha","","VIVI","Osmia_cara",1,0,NA
2022,4,6,"2_48","3_00","2","Bertha","","VIVI","Anthophora_californica",1,0,NA
2022,4,6,"2_48","3_00","2","Bertha","","VIVI","Apis_mellifera",2,0,NA
2022,4,6,"3_00","3_15","3","Bertha","","VIVI","Chrysoperla_sp.",1,0,NA
2022,4,6,"3_00","3_15","3","Bertha","","LACA","Euopeodes_fumipennis",1,NA,NA
2022,4,6,"3_00","3_15","3","Bertha","","LACA","Andrena_sp.",1,NA,NA
2022,4,6,"3_00","3_15","3","Bertha","","LACA","Nomada_hesperia",1,NA,NA
2022,4,6,"3_00","3_15","3","Bertha","","LACA","Nomada_hesperia",2,NA,NA
2022,4,6,"3_00","3_15","3","Bertha","","LACA","Nomada_hesperia",1,NA,NA
2022,4,6,"3_00","3_15","3","Bertha","","LACA","Andrena_subchalybea",1,NA,NA
2022,4,6,"3_00","3_15","3","Bertha","","LACA","Andrena_subchalybea",1,NA,NA
2022,4,6,"3_00","3_15","3","Bertha","","LACA","Conophorus_fenestratus",1,NA,NA
2022,4,6,"3_00","3_15","3","Bertha","","LACA","Nomada_hesperia",1,NA,NA
2022,4,6,"3_00","3_15","3","Bertha","","LUSU","Bombus_melanopygus",1,100,NA
2022,4,6,"3_00","3_15","3","Bertha","","AMME","Eucera_actuosa",2,100,NA
2022,4,6,"3_00","3_15","3","Bertha","","AMME","Eucera_actuosa",2,100,NA
2022,4,6,"3_16","3_24","4","Bertha","","LACA","Andrena_sp.",2,NA,NA
2022,4,6,"3_16","3_24","4","Bertha","","LUMI","Anthophora_californica",3,200,NA
2022,4,6,"3_16","3_24","4","Bertha","","LUMI","Anthophora_californica",1,200,NA
2022,4,6,"3_16","3_24","4","Bertha","","LUMI","Anthophora_californica",4,200,NA
2022,4,6,"3_16","3_24","4","Bertha","","LACA","Andrena_sp.",1,NA,NA
2022,4,6,"3_16","3_24","4","Bertha","","LUMI","Anthophora_californica",2,700,NA
2022,4,6,"3_16","3_24","4","Bertha","","LACA","Nomada_hesperia",2,NA,NA
2022,4,6,"3_16","3_24","4","Bertha","","LACA","Andrena_subchalybea",1,NA,NA
2022,4,6,"3_16","3_24","4","Bertha","","LACA","Nomada_hesperia",1,NA,NA
2022,4,6,"3_16","3_24","4","Bertha","","LACA","Anthophora_californica",1,NA,NA
2022,4,6,"3_16","3_24","4","Bertha","","LACA","Panurginus_sp.",1,NA,NA
2022,4,6,"3_16","3_24","4","Bertha","","LACA","Cyrtopogon_sp.",1,NA,NA
2022,4,6,"3_26","3_36","5","Bertha","","TRLA","Bombylius_major",1,NA,NA
2022,4,6,"3_26","3_36","5","Bertha","","LUMI","Anthophora_californica",1,5,NA
2022,4,6,"3_26","3_36","5","Bertha","","LUMI","Anthidium_illustre",6,0,NA
2022,4,6,"3_26","3_36","5","Bertha","","LUMI","Anthidium_illustre",1,0,NA
2022,4,6,"3_26","3_36","5","Bertha","","VIVI","Apis_mellifera",1,0,NA
2022,4,6,"3_26","3_36","5","Bertha","","VIVI","Eucera_actuosa",1,0,NA
2022,4,7,"12_51","1_10","1","Bertha","","LACA","Listrus_sp._1",1,NA,NA
2022,4,7,"12_51","1_10","1","Bertha","","LACA","Listrus_sp._1",1,NA,NA
2022,4,7,"12_51","1_10","1","Bertha","","LACA","Listrus_sp._1",1,NA,NA
2022,4,7,"12_51","1_10","1","Bertha","","LACA","Andrena_subchalybea",1,NA,NA
2022,4,7,"12_51","1_10","1","Bertha","","LACA","Adela_eldorada",1,NA,NA
2022,4,7,"12_51","1_10","1","Bertha","","LACA","red_Braconidae",1,NA,NA
2022,4,7,"12_51","1_10","1","Bertha","","LACA","Scaeva_affinis",1,0,NA
2022,4,7,"12_51","1_10","1","Bertha","","VIVI","Scaeva_affinis",1,0,NA
2022,4,7,"12_51","1_10","1","Bertha","","LACA","Scaeva_affinis",1,0,NA
2022,4,7,"12_51","1_10","1","Bertha","","LACA","Andrena_subchalybea",1,NA,NA
2022,4,7,"12_51","1_10","1","Bertha","","LACA","Adela_sp.",2,NA,NA
2022,4,7,"12_51","1_10","1","Bertha","","LACA","Andrena_subchalybea",1,NA,NA
2022,4,7,"12_51","1_10","1","Bertha","","LACA","Cyrtopogon_sp.",1,NA,NA
2022,4,7,"12_51","1_10","1","Bertha","","LACA","Helithodes_dimutiva",2,NA,NA
2022,4,7,"12_51","1_10","1","Bertha","","LACA","Adela_eldorada",3,NA,NA
2022,4,7,"12_51","1_10","1","Bertha","","LACA","Cyrtopogon_sp.",1,NA,NA
2022,4,7,"12_51","1_10","1","Bertha","","TRFU","Anthophora_californica",2,NA,NA
2022,4,7,"12_51","1_10","1","Bertha","","LACA","Andrena_sp.",1,NA,NA
2022,4,7,"12_51","1_10","1","Bertha","","LACA","Helithodes_dimutiva",2,NA,NA
2022,4,7,"12_51","1_10","1","Bertha","","LACA","Andrena_baeriae",1,NA,NA
2022,4,7,"12_51","1_10","1","Bertha","","LACA","Andrena_subchalybea",1,NA,NA
2022,4,7,"12_51","1_10","1","Bertha","","LACA","Nomada_hesperia",1,NA,NA
2022,4,7,"12_51","1_10","1","Bertha","","LACA","Diadasia_nigrifrons",2,NA,NA
2022,4,7,"12_51","1_10","1","Bertha","","LACA","Listrus_sp._1",1,NA,NA
2022,4,7,"12_51","1_10","1","Bertha","","VIVI","Eucera_actuosa",2,0,NA
2022,4,7,"12_51","1_10","1","Bertha","","TRFU","Anthophora_californica",2,5,NA
2022,4,7,"12_51","1_10","1","Bertha","","TRFU","Anthophora_californica",3,5,NA
2022,4,7,"1_11","1_21","2","Bertha","","VIVI","Apis_mellifera",1,0,NA
2022,4,7,"1_11","1_21","2","Bertha","","LUMI","Anthophora_californica",2,1,NA
2022,4,7,"1_11","1_21","2","Bertha","","LACA","Andrena_subchalybea",1,NA,NA
2022,4,7,"1_11","1_21","2","Bertha","","LACA","Conophorus_fenestratus",3,NA,NA
2022,4,7,"1_22","1_36","3","Bertha","","TRLA","Eucera_actuosa",1,50,NA
2022,4,7,"1_22","1_36","3","Bertha","","LACA","Conophorus_fenestratus",2,NA,NA
2022,4,7,"1_22","1_36","3","Bertha","","LACA","Anthophora_californica",1,NA,NA
2022,4,7,"1_22","1_36","3","Bertha","","LACA","Nomada_hesperia",1,NA,NA
2022,4,7,"1_22","1_36","3","Bertha","","LACA","Conophorus_fenestratus",1,NA,NA
2022,4,7,"1_22","1_36","3","Bertha","","LACA","Nomada_hesperia",3,NA,NA
2022,4,7,"1_22","1_36","3","Bertha","","LACA","Andrena_pensilis",3,NA,NA
2022,4,7,"1_22","1_36","3","Bertha","","LACA","Andrena_pensilis",2,NA,NA
2022,4,7,"1_22","1_36","3","Bertha","","TRLA","Muscidae",1,NA,NA
2022,4,7,"1_22","1_36","3","Bertha","","LACA","Andrena_subchalybea",1,NA,NA
2022,4,7,"1_22","1_36","3","Bertha","","LACA","Andrena_subchalybea",1,NA,NA
2022,4,7,"1_22","1_36","3","Bertha","","LACA","Andrena_subchalybea",3,NA,NA
2022,4,7,"1_22","1_36","3","Bertha","","LACA","Conophorus_fenestratus",1,NA,NA
2022,4,7,"1_22","1_36","3","Bertha","","LACA","Andrena_subchalybea",1,NA,NA
2022,4,7,"1_22","1_36","3","Bertha","","LACA","Andrena_pensilis",2,NA,NA
2022,4,7,"1_22","1_36","3","Bertha","","LACA","Andrena_pensilis",2,NA,NA
2022,4,7,"1_22","1_36","3","Bertha","","AMME","Eucera_actuosa",2,0,NA
2022,4,7,"1_39","1_52","4","Bertha","","LACA","Nomada_hesperia",2,NA,NA
2022,4,7,"1_39","1_52","4","Bertha","","LACA","Andrena_subchalybea",1,NA,NA
2022,4,7,"1_39","1_52","4","Bertha","","LACA","Andrena_pensilis",2,NA,NA
2022,4,7,"1_39","1_52","4","Bertha","","LACA","Andrena_subchalybea",1,NA,NA
2022,4,7,"1_39","1_52","4","Bertha","","LACA","Andrena_subchalybea",2,NA,NA
2022,4,7,"1_39","1_52","4","Bertha","","LACA","Andrena_pensilis",3,NA,NA
2022,4,7,"1_39","1_52","4","Bertha","","LACA","Hippodamia_convergens",1,NA,NA
2022,4,7,"1_39","1_52","4","Bertha","","LACA","Andrena_pensilis",2,NA,NA
2022,4,7,"1_39","1_52","4","Bertha","","LACA","Andrena_sp.",1,NA,NA
2022,4,7,"1_39","1_52","4","Bertha","","LACA","Nomada_hesperia",1,NA,NA
2022,4,7,"1_39","1_52","4","Bertha","","LACA","Andrena_subchalybea",2,NA,NA
2022,4,7,"1_39","1_52","4","Bertha","","LACA","Andrena_subchalybea",1,NA,NA
2022,4,7,"1_39","1_52","4","Bertha","","LACA","Andrena_subchalybea",4,NA,NA
2022,4,7,"1_39","1_52","4","Bertha","","LACA","Andrena_sp.",2,NA,NA
2022,4,7,"1_39","1_52","4","Bertha","","LACA","Andrena-mimic_Syrpid",3,NA,NA
2022,4,7,"1_39","1_52","4","Bertha","","LACA","Andrena_baeriae",2,NA,NA
2022,4,7,"1_39","1_52","4","Bertha","","LACA","Nomada_hesperia",2,NA,NA
2022,4,7,"1_39","1_52","4","Bertha","","LACA","Andrena_pensilis",1,NA,NA
2022,4,7,"1_39","1_52","4","Bertha","","LACA","Cyrtopogon_sp.",1,NA,NA
2022,4,7,"1_39","1_52","4","Bertha","","LACA","Andrena_sp.",1,NA,NA
2022,4,7,"1_39","1_52","4","Bertha","","LACA","Andrena_subchalybea",1,NA,NA
2022,4,7,"1_39","1_52","4","Bertha","","LACA","Andrena_pensilis",2,NA,NA
2022,4,7,"1_39","1_52","4","Bertha","","LUSU","Andrena_baeriae",1,100,NA
2022,4,7,"1_39","1_52","4","Bertha","","AMME","Nomada_hesperia",2,100,NA
2022,4,7,"1_39","1_52","4","Bertha","","AMME","Xylocopa_sp.",1,100,NA
2022,4,7,"1_57","2_21","5","Bertha","","LUMI","Anthophora_californica",1,0,NA
2022,4,7,"1_57","2_21","5","Bertha","","LUMI","Habropoda_sp.",1,1,NA
2022,4,7,"1_57","2_21","5","Bertha","","LUMI","Hippodamia_convergens",1,0,NA
2022,4,7,"1_57","2_21","5","Bertha","","EUSP","Anthophora_californica",3,0,NA
2022,4,7,"1_57","2_21","5","Bertha","","LUMI","Osmia_cara",2,0,NA
2022,4,7,"1_57","2_21","5","Bertha","","VIVI","Apis_mellifera",2,0,NA
2022,4,7,"1_57","2_21","5","Bertha","","VIVI","Apis_mellifera",2,0,NA
2022,4,7,"1_57","2_21","5","Bertha","","LACA","Nomada_hesperia",4,NA,NA
2022,4,7,"1_57","2_21","5","Bertha","","LACA","Andrena-mimic_Syrpid",3,NA,NA
2022,4,7,"1_57","2_21","5","Bertha","","LACA","Helithodes_dimutiva",2,NA,NA
2022,4,7,"1_57","2_21","5","Bertha","","LACA","Andrena_subchalybea",1,NA,NA
2022,4,7,"1_57","2_21","5","Bertha","","LACA","Andrena_sp.",1,NA,NA
2022,4,7,"1_57","2_21","5","Bertha","","LACA","Conophorus_fenestratus",1,NA,NA
2022,4,7,"1_57","2_21","5","Bertha","","LACA","Braconidae",2,NA,NA
2022,4,7,"1_57","2_21","5","Bertha","","LACA","Conophorus_fenestratus",1,NA,NA
2022,4,7,"3_21","3_43","1","Tac_Shack","","VIVI","Apis_mellifera",1,0,NA
2022,4,7,"3_21","3_43","1","Tac_Shack","","VIVI","Apis_mellifera",2,0,NA
2022,4,7,"3_21","3_43","1","Tac_Shack","","VIVI","Apis_mellifera",1,0,NA
2022,4,7,"3_21","3_43","1","Tac_Shack","","VIVI","Apis_mellifera",1,0,NA
2022,4,7,"3_21","3_43","1","Tac_Shack","","VIVI","Apis_mellifera",1,0,NA
2022,4,7,"3_21","3_43","1","Tac_Shack","","VIVI","Apis_mellifera",1,0,NA
2022,4,7,"3_21","3_43","1","Tac_Shack","","VIVI","Apis_mellifera",2,0,NA
2022,4,7,"3_21","3_43","1","Tac_Shack","","VIVI","Apis_mellifera",1,0,NA
2022,4,7,"3_21","3_43","1","Tac_Shack","","VIVI","Apis_mellifera",2,0,NA
2022,4,7,"3_21","3_43","1","Tac_Shack","","VIVI","Apis_mellifera",2,0,NA
2022,4,7,"3_21","3_43","1","Tac_Shack","","LUSU","Apis_mellifera",1,0,NA
2022,4,7,"3_21","3_43","1","Tac_Shack","","LUMI","Apis_mellifera",1,30,NA
2022,4,7,"3_21","3_43","1","Tac_Shack","","LUSU","Bombus_crotchii",2,10,NA
2022,4,7,"3_21","3_43","1","Tac_Shack","","LUMI","Bombus_crotchii",2,10,NA
2022,4,7,"3_21","3_43","1","Tac_Shack","","LUMI","Bombus_vosnesenskii",5,10,NA
2022,4,7,"3_21","3_43","1","Tac_Shack","","LUMI","Bombus_vosnesenskii",6,10,NA
2022,4,7,"3_21","3_43","1","Tac_Shack","","LUMI","Prosperpinus_clarkiae",6,10,NA
2022,4,7,"3_52","4_04","1","Far_Gate","","LUMI","Osmia_cara",4,0,NA
2022,4,7,"3_52","4_04","1","Far_Gate","","LUMI","Osmia_cara",1,50,NA
2022,4,7,"3_52","4_04","1","Far_Gate","","VIVI","Apis_mellifera",2,0,NA
2022,4,7,"3_52","4_04","1","Far_Gate","","VIVI","Apis_mellifera",2,0,NA
2022,4,7,"3_52","4_04","1","Far_Gate","","VIVI","Apis_mellifera",1,0,NA
2022,4,7,"3_52","4_04","1","Far_Gate","","VIVI","Apis_mellifera",1,0,NA
2022,4,7,"3_52","4_04","1","Far_Gate","","VIVI","Apis_mellifera",1,0,NA
2022,4,7,"3_52","4_04","1","Far_Gate","","VIVI","Apis_mellifera",1,0,NA
2022,4,7,"3_52","4_04","1","Far_Gate","","VIVI","Apis_mellifera",2,0,NA
2022,4,7,"3_52","4_04","1","Far_Gate","","VIVI","Apis_mellifera",1,0,NA
2022,4,7,"3_52","4_04","1","Far_Gate","","VIVI","Apis_mellifera",1,0,NA
2022,4,7,"3_52","4_04","1","Far_Gate","","VIVI","Apis_mellifera",1,0,NA
2022,4,7,"3_52","4_04","1","Far_Gate","","VIVI","Apis_mellifera",1,0,NA
2022,4,7,"3_52","4_04","1","Far_Gate","","VIVI","Apis_mellifera",1,0,NA
2022,4,7,"3_52","4_04","1","Far_Gate","","VIVI","Apis_mellifera",1,0,NA
2022,4,7,"3_52","4_04","1","Far_Gate","","VIVI","Apis_mellifera",1,0,NA
2022,4,7,"3_52","4_04","1","Far_Gate","","VIVI","Apis_mellifera",1,0,NA
2022,4,7,"3_52","4_04","1","Far_Gate","","VIVI","Apis_mellifera",1,0,NA
2022,4,7,"3_52","4_04","1","Far_Gate","","VIVI","Apis_mellifera",1,0,NA
2022,4,7,"3_52","4_04","1","Far_Gate","","VIVI","Apis_mellifera",1,0,NA
2022,4,7,"3_52","4_04","1","Far_Gate","","VIVI","Apis_mellifera",1,0,NA
2022,4,7,"3_52","4_04","1","Far_Gate","","VIVI","Apis_mellifera",1,0,NA
2022,4,7,"3_52","4_04","1","Far_Gate","","VIVI","Apis_mellifera",1,0,NA
2022,4,8,"9_48","10_10","1","Goatgrass","","AGHE","Elateridae",1,0,NA
2022,4,8,"9_48","10_10","1","Goatgrass","","AGHE","Andrena_subchalybea",3,NA,NA
2022,4,8,"9_48","10_10","1","Goatgrass","","LACA","Adela_eldorada",1,NA,NA
2022,4,8,"9_48","10_10","1","Goatgrass","","LACA","Adela_eldorada",1,NA,NA
2022,4,8,"9_48","10_10","1","Goatgrass","","ASBR","Adela_eldorada",1,0,NA
2022,4,8,"9_48","10_10","1","Goatgrass","","MICA","Adela_eldorada",1,0,NA
2022,4,8,"9_48","10_10","1","Goatgrass","","ASBR","Adela_eldorada",1,0,NA
2022,4,8,"9_48","10_10","1","Goatgrass","","ASBR","Adela_eldorada",1,0,NA
2022,4,8,"9_48","10_10","1","Goatgrass","","VIVI","Scaeva_affinis",1,0,NA
2022,4,8,"9_48","10_10","1","Goatgrass","","VIVI","Eucera_actuosa",2,0,NA
2022,4,8,"9_48","10_10","1","Goatgrass","","VIVI","Scaeva_affinis",1,0,NA
2022,4,8,"9_48","10_10","1","Goatgrass","","VIVI","Apis_mellifera",1,0,NA
2022,4,8,"9_48","10_10","1","Goatgrass","","VIVI","Scaeva_affinis",1,0,NA
2022,4,8,"9_48","10_10","1","Goatgrass","","VIVI","Scaeva_affinis",1,0,NA
2022,4,8,"9_48","10_10","1","Goatgrass","","VIVI","Apis_mellifera",1,0,NA
2022,4,8,"9_48","10_10","1","Goatgrass","","VIVI","Bombus_vosnesenskii",2,0,NA
2022,4,8,"9_48","10_10","1","Goatgrass","","LUMI","Bombus_vosnesenskii",1,0,NA
2022,4,8,"9_48","10_10","1","Goatgrass","","AGHE","Eucera_actuosa",1,0,NA
2022,4,8,"9_48","10_10","1","Goatgrass","","VIVI","Bombus_melanopygus",7,0,NA
2022,4,8,"9_48","10_10","1","Goatgrass","","VIVI","Apis_mellifera",2,0,NA
2022,4,8,"10_11","10_25","2","Goatgrass","","VIVI","Bombus_vosnesenskii",2,0,NA
2022,4,8,"10_11","10_25","2","Goatgrass","","LOHO","Bombus_vosnesenskii",1,0,NA
2022,4,8,"10_11","10_25","2","Goatgrass","","VIVI","Bombus_vosnesenskii",4,0,NA
2022,4,8,"10_11","10_25","2","Goatgrass","","LACA","Elateridae",1,0,NA
2022,4,8,"10_11","10_25","2","Goatgrass","","LACA","Adela_eldorada",1,NA,NA
2022,4,8,"10_11","10_25","2","Goatgrass","","LACA","Adela_eldorada",1,NA,NA
2022,4,8,"10_11","10_25","2","Goatgrass","","LACA","Andrena_baeriae",5,NA,NA
2022,4,8,"10_11","10_25","2","Goatgrass","","LACA","Andrena_subchalybea",1,NA,NA
2022,4,8,"10_11","10_25","2","Goatgrass","","LACA","Listrus_sp._1",1,NA,NA
2022,4,8,"10_11","10_25","2","Goatgrass","","LACA","Andrena_subchalybea",1,NA,NA
2022,4,8,"10_11","10_25","2","Goatgrass","","LACA","Andrena_subchalybea",1,NA,NA
2022,4,8,"10_11","10_25","2","Goatgrass","","LACA","Andrena_subchalybea",1,NA,NA
2022,4,8,"10_11","10_25","2","Goatgrass","","VIVI","Apis_mellifera",1,0,NA
2022,4,8,"10_11","10_25","2","Goatgrass","","VIVI","Scathophaga_stercoraria",1,0,NA
2022,4,8,"10_11","10_25","2","Goatgrass","","VIVI","Apis_mellifera",1,0,NA
2022,4,8,"10_11","10_25","2","Goatgrass","","VIVI","Hippodamia_convergens",1,0,NA
2022,4,8,"10_11","10_25","2","Goatgrass","","VIVI","Apis_mellifera",1,0,NA
2022,4,8,"10_26","10_34","3","Goatgrass","","VIVI","Anthophora_californica",1,0,NA
2022,4,8,"10_26","10_34","3","Goatgrass","","VIVI","Eucera_actuosa",2,0,NA
2022,4,8,"10_26","10_34","3","Goatgrass","","LACA","Euopeodes_fumipennis",1,0,NA
2022,4,8,"10_26","10_34","3","Goatgrass","","VIVI","Helithodes_dimutiva",1,0,NA
2022,4,8,"10_26","10_34","3","Goatgrass","","LACA","Helithodes_dimutiva",1,0,NA
2022,4,8,"10_26","10_34","3","Goatgrass","","LACA","Adela_eldorada",1,NA,NA
2022,4,8,"10_26","10_34","3","Goatgrass","","LACA","Listrus_sp._1",1,NA,NA
2022,4,8,"10_26","10_34","3","Goatgrass","","LACA","Andrena_subchalybea",2,NA,NA
2022,4,8,"10_34","10_49","4","Goatgrass","","LACA","Andrena_pensilis",2,NA,NA
2022,4,8,"10_34","10_49","4","Goatgrass","","LACA","Andrena_sp.",2,NA,NA
2022,4,8,"10_34","10_49","4","Goatgrass","","LACA","Andrena_subchalybea",3,NA,NA
2022,4,8,"10_34","10_49","4","Goatgrass","","LACA","Panurginus_sp.",1,NA,NA
2022,4,8,"10_34","10_49","4","Goatgrass","","SIBE","Panurginus_sp.",1,NA,NA
2022,4,8,"10_34","10_49","4","Goatgrass","","LACA","Euopeodes_fumipennis",1,NA,NA
2022,4,8,"10_34","10_49","4","Goatgrass","","LACA","Andrena_subchalybea",1,NA,NA
2022,4,8,"10_34","10_49","4","Goatgrass","","LACA","Conophorus_fenestratus",1,NA,NA
2022,4,8,"10_34","10_49","4","Goatgrass","","LACA","Adela_eldorada",1,NA,NA
2022,4,8,"10_34","10_49","4","Goatgrass","","AGHE","Eucera_frater_albopilosa",1,60,NA
2022,4,8,"10_34","10_49","4","Goatgrass","","VIVI","Eucera_actuosa",3,0,NA
2022,4,8,"10_51","11_10","5","Goatgrass","","URLI","Euopeodes_fumipennis",1,0,NA
2022,4,8,"10_51","11_10","5","Goatgrass","","AGHE","Listrus_sp._1",1,0,NA
2022,4,8,"10_51","11_10","5","Goatgrass","","TRBI","Andrena_pensilis",3,1,NA
2022,4,8,"10_51","11_10","5","Goatgrass","","AGHE","Andrena_sp.",2,5,NA
2022,4,8,"10_51","11_10","5","Goatgrass","","LACA","Andrena_subchalybea",1,NA,NA
2022,4,8,"10_51","11_10","5","Goatgrass","","LACA","Andrena_pensilis",2,NA,NA
2022,4,8,"10_51","11_10","5","Goatgrass","","LACA","Andrena_pensilis",1,NA,NA
2022,4,8,"10_51","11_10","5","Goatgrass","","LACA","Listrus_sp._1",1,NA,NA
2022,4,8,"10_51","11_10","5","Goatgrass","","LACA","Andrena_subchalybea",3,NA,NA
2022,4,8,"10_51","11_10","5","Goatgrass","","LACA","Andrena_subchalybea",2,10,NA
2022,4,8,"10_51","11_10","5","Goatgrass","","LACA","Andrena_subchalybea",2,NA,NA
2022,4,8,"10_51","11_10","5","Goatgrass","","LACA","Andrena_pensilis",2,NA,NA
2022,4,8,"10_51","11_10","5","Goatgrass","","AGHE","Andrena_subchalybea",2,NA,NA
2022,4,8,"10_51","11_10","5","Goatgrass","","LACA","Junonia_grisea",1,NA,NA
2022,4,8,"10_51","11_10","5","Goatgrass","","LACA","Adela_eldorada",1,NA,NA
2022,4,8,"10_51","11_10","5","Goatgrass","","LACA","Adela_eldorada",1,NA,NA
2022,4,8,"10_51","11_10","5","Goatgrass","","LACA","Andrena_subchalybea",3,NA,NA
2022,4,8,"10_51","11_10","5","Goatgrass","","LACA","Adela_eldorada",1,50,NA
2022,4,8,"10_51","11_10","5","Goatgrass","","LACA","Adela_eldorada",1,50,NA
2022,4,8,"10_51","11_10","5","Goatgrass","","WYAN","Osmia_cara",1,50,NA
2022,4,8,"11_37","11_48","1","Long","","VIVI","Eucera_actuosa",4,0,NA
2022,4,8,"11_37","11_48","1","Long","","VIVI","Apis_mellifera",1,0,NA
2022,4,8,"11_37","11_48","1","Long","","VIVI","Apis_mellifera",2,0,NA
2022,4,8,"11_37","11_48","1","Long","","VIVI","Apis_mellifera",1,0,NA
2022,4,8,"11_37","11_48","1","Long","","VIVI","Apis_mellifera",1,0,NA
2022,4,8,"11_37","11_48","1","Long","","VIVI","Apis_mellifera",1,0,NA
2022,4,8,"11_37","11_48","1","Long","","VIVI","Apis_mellifera",2,0,NA
2022,4,8,"11_37","11_48","1","Long","","VIVI","Apis_mellifera",1,0,NA
2022,4,8,"11_50","12_02","2","Long","","VIVI","Eucera_actuosa",1,0,NA
2022,4,8,"11_50","12_02","2","Long","","VIVI","Apis_mellifera",1,0,NA
2022,4,8,"11_50","12_02","2","Long","","VIVI","Apis_mellifera",1,0,NA
2022,4,8,"11_50","12_02","2","Long","","VIVI","Apis_mellifera",1,0,NA
2022,4,8,"11_50","12_02","2","Long","","VIVI","Eucera_actuosa",1,0,NA
2022,4,8,"11_50","12_02","2","Long","","VIVI","Apis_mellifera",1,0,NA
2022,4,8,"11_50","12_02","2","Long","","VIVI","Apis_mellifera",1,0,NA
2022,4,8,"11_50","12_02","2","Long","","VIVI","Apis_mellifera",1,0,NA
2022,4,8,"11_50","12_02","2","Long","","VIVI","Apis_mellifera",1,0,NA
2022,4,8,"11_50","12_02","2","Long","","VIVI","Apis_mellifera",1,0,NA
2022,4,8,"11_50","12_02","2","Long","","VIVI","Apis_mellifera",1,0,NA
2022,4,8,"11_50","12_02","2","Long","","VIVI","Apis_mellifera",1,0,NA
2022,4,8,"11_50","12_02","2","Long","","VIVI","Apis_mellifera",3,0,NA
2022,4,8,"11_50","12_02","2","Long","","VIVI","Bombus_vosnesenskii",2,0,NA
2022,4,8,"11_50","12_02","2","Long","","VIVI","Apis_mellifera",1,0,NA
2022,4,8,"11_50","12_02","2","Long","","VIVI","Apis_mellifera",1,0,NA
2022,4,8,"11_50","12_02","2","Long","","VIVI","Apis_mellifera",1,0,NA
2022,4,8,"12_03","12_17","3","Long","","VIVI","Apis_mellifera",1,0,NA
2022,4,8,"12_03","12_17","3","Long","","VIVI","Apis_mellifera",1,0,NA
2022,4,8,"12_03","12_17","3","Long","","VIVI","Apis_mellifera",1,0,NA
2022,4,8,"12_03","12_17","3","Long","","VIVI","Apis_mellifera",1,0,NA
2022,4,8,"12_03","12_17","3","Long","","VIVI","Bombus_melanopygus",2,0,NA
2022,4,8,"12_03","12_17","3","Long","","VIVI","Apis_mellifera",1,0,NA
2022,4,8,"12_03","12_17","3","Long","","VIVI","Apis_mellifera",1,0,NA
2022,4,8,"12_03","12_17","3","Long","","VIVI","Bombus_melanopygus",4,0,NA
2022,4,8,"12_03","12_17","3","Long","","VIVI","Chrysoperla_sp.",1,0,NA
2022,4,8,"12_03","12_17","3","Long","","VIVI","Apis_mellifera",1,0,NA
2022,4,8,"12_03","12_17","3","Long","","VIVI","Apis_mellifera",1,0,NA
2022,4,8,"12_03","12_17","3","Long","","VIVI","Scaeva_affinis",1,0,NA
2022,4,8,"12_03","12_17","3","Long","","VIVI","Apis_mellifera",2,0,NA
2022,4,8,"12_03","12_17","3","Long","","LACA","Listrus_sp._1",1,0,NA
2022,4,8,"12_03","12_17","3","Long","","ALAM","silver_moth_Lepidoptera",1,0,NA
2022,4,8,"12_03","12_17","3","Long","","ALAM","silver_moth_Lepidoptera",1,0,NA
2022,4,8,"12_03","12_17","3","Long","","VIVI","Apis_mellifera",1,0,NA
2022,4,8,"12_03","12_17","3","Long","","VIVI","Apis_mellifera",1,0,NA
2022,4,8,"12_03","12_17","3","Long","","VIVI","Apis_mellifera",1,0,NA
2022,4,8,"12_03","12_17","3","Long","","VIVI","Apis_mellifera",1,0,NA
2022,4,8,"12_03","12_17","3","Long","","VIVI","Apis_mellifera",1,0,NA
2022,4,8,"12_03","12_17","3","Long","","VIVI","Apis_mellifera",1,0,NA
2022,4,8,"12_03","12_17","3","Long","","VIVI","Apis_mellifera",2,0,NA
2022,4,8,"12_03","12_17","3","Long","","VIVI","Apis_mellifera",1,0,NA
2022,4,8,"12_03","12_17","3","Long","","VIVI","Apis_mellifera",1,0,NA
2022,4,8,"12_03","12_17","3","Long","","VIVI","Apis_mellifera",1,0,NA
2022,4,8,"12_03","12_17","3","Long","","VIVI","Apis_mellifera",1,0,NA
2022,4,8,"12_03","12_17","3","Long","","VIVI","Eucera_actuosa",1,0,NA
2022,4,8,"12_03","12_17","3","Long","","VIVI","Apis_mellifera",2,0,NA
2022,4,8,"12_03","12_17","3","Long","","VIVI","Apis_mellifera",1,0,NA
2022,4,8,"12_03","12_17","3","Long","","VIVI","Apis_mellifera",1,0,NA
2022,4,8,"12_03","12_17","3","Long","","VIVI","Apis_mellifera",1,0,NA
2022,4,8,"12_03","12_17","3","Long","","VIVI","Apis_mellifera",1,0,NA
2022,4,8,"12_03","12_17","3","Long","","VIVI","Apis_mellifera",1,0,NA
2022,4,8,"12_03","12_17","3","Long","","VIVI","Apis_mellifera",1,0,NA
2022,4,8,"12_03","12_17","3","Long","","VIVI","Apis_mellifera",1,0,NA
2022,4,8,"12_03","12_17","3","Long","","VIVI","Apis_mellifera",1,0,NA
2022,4,8,"12_03","12_17","3","Long","","VIVI","Apis_mellifera",1,0,NA
2022,4,8,"12_03","12_17","3","Long","","VIVI","Apis_mellifera",1,0,NA
2022,4,8,"12_03","12_17","3","Long","","VIVI","Apis_mellifera",1,0,NA
2022,4,8,"12_19","12_41","4","Long","","VIVI","Scaeva_affinis",1,0,NA
2022,4,8,"12_19","12_41","4","Long","","VIVI","Scaeva_affinis",1,0,NA
2022,4,8,"12_19","12_41","4","Long","","VIVI","Apis_mellifera",1,0,NA
2022,4,8,"12_19","12_41","4","Long","","VIVI","Bombus_melanopygus",2,0,NA
2022,4,8,"12_19","12_41","4","Long","","VIVI","Bombus_melanopygus",4,0,NA
2022,4,8,"12_19","12_41","4","Long","","VIVI","Scaeva_affinis",1,0,NA
2022,4,8,"12_19","12_41","4","Long","","VIVI","Apis_mellifera",1,0,NA
2022,4,8,"12_19","12_41","4","Long","","VIVI","Eucera_actuosa",1,0,NA
2022,4,8,"12_19","12_41","4","Long","","VIVI","Bombus_melanopygus",2,0,NA
2022,4,8,"12_19","12_41","4","Long","","VIVI","Apis_mellifera",1,0,NA
2022,4,8,"12_19","12_41","4","Long","","VIVI","Apis_mellifera",1,0,NA
2022,4,8,"12_19","12_41","4","Long","","VIVI","Bombus_melanopygus",1,0,NA
2022,4,8,"12_19","12_41","4","Long","","VIVI","Apis_mellifera",1,0,NA
2022,4,8,"12_19","12_41","4","Long","","VIVI","Apis_mellifera",1,0,NA
2022,4,8,"12_19","12_41","4","Long","","VIVI","Apis_mellifera",1,0,NA
2022,4,8,"12_19","12_41","4","Long","","VIVI","Apis_mellifera",1,0,NA
2022,4,8,"12_19","12_41","4","Long","","VIVI","Eucera_actuosa",1,0,NA
2022,4,8,"12_19","12_41","4","Long","","VIVI","Apis_mellifera",1,0,NA
2022,4,8,"12_19","12_41","4","Long","","VIVI","Apis_mellifera",1,0,NA
2022,4,8,"12_19","12_41","4","Long","","VIVI","Apis_mellifera",1,0,NA
2022,4,8,"12_19","12_41","4","Long","","VIVI","Bombus_melanopygus",1,0,NA
2022,4,8,"12_19","12_41","4","Long","","VIVI","Scaeva_affinis",1,0,NA
2022,4,8,"12_19","12_41","4","Long","","VIVI","Apis_mellifera",1,0,NA
2022,4,8,"12_19","12_41","4","Long","","VIVI","Apis_mellifera",1,0,NA
2022,4,8,"12_19","12_41","4","Long","","VIVI","Apis_mellifera",1,0,NA
2022,4,8,"12_19","12_41","4","Long","","VIVI","Bombus_melanopygus",1,0,NA
2022,4,8,"12_19","12_41","4","Long","","VIVI","Apis_mellifera",1,0,NA
2022,4,8,"12_19","12_41","4","Long","","VIVI","Bombus_melanopygus",2,0,NA
2022,4,8,"12_19","12_41","4","Long","","VIVI","Apis_mellifera",1,0,NA
2022,4,8,"12_19","12_41","4","Long","","VIVI","Scaeva_affinis",1,0,NA
2022,4,8,"12_19","12_41","4","Long","","VIVI","Apis_mellifera",1,0,NA
2022,4,8,"12_19","12_41","4","Long","","LACA","Andrena_sp.",1,10,NA
2022,4,8,"12_19","12_41","4","Long","","TRFU","Apis_mellifera",1,50,NA
2022,4,8,"12_19","12_41","4","Long","","LUBI","Hippodamia_convergens",1,50,NA
2022,4,8,"12_19","12_41","4","Long","","LACA","Conophorus_fenestratus",1,50,NA
2022,4,8,"12_19","12_41","4","Long","","LACA","Listrus_sp._1",1,50,NA
2022,4,8,"12_42","12_52","5","Long","","LACA","red_Braconidae",1,50,NA
2022,4,8,"12_42","12_52","5","Long","","TRBI","Hippodamia_convergens",1,10,NA
2022,4,8,"12_42","12_52","5","Long","","VIVI","Apis_mellifera",1,0,NA
2022,4,8,"12_42","12_52","5","Long","","VIVI","Apis_mellifera",1,0,NA
2022,4,8,"12_42","12_52","5","Long","","VIVI","Apis_mellifera",1,0,NA
2022,4,8,"12_42","12_52","5","Long","","VIVI","Apis_mellifera",1,0,NA
2022,4,8,"12_42","12_52","5","Long","","VIVI","Eucera_actuosa",1,0,NA
2022,4,8,"12_42","12_52","5","Long","","VIVI","Apis_mellifera",1,0,NA
2022,4,8,"12_42","12_52","5","Long","","VIVI","Apis_mellifera",1,0,NA
2022,4,8,"12_42","12_52","5","Long","","VIVI","Apis_mellifera",1,0,NA
2022,4,8,"2_04","2_15","1","Far_Gate","","VIVI","Apis_mellifera",1,0,NA
2022,4,8,"2_04","2_15","1","Far_Gate","","VIVI","Apis_mellifera",1,0,NA
2022,4,8,"2_04","2_15","1","Far_Gate","","VIVI","Apis_mellifera",1,0,NA
2022,4,8,"2_04","2_15","1","Far_Gate","","VIVI","Apis_mellifera",1,0,NA
2022,4,8,"2_04","2_15","1","Far_Gate","","VIVI","Apis_mellifera",1,0,NA
2022,4,8,"2_04","2_15","1","Far_Gate","","VIVI","Apis_mellifera",1,0,NA
2022,4,8,"2_04","2_15","1","Far_Gate","","VIVI","Apis_mellifera",1,0,NA
2022,4,8,"2_04","2_15","1","Far_Gate","","VIVI","Apis_mellifera",1,0,NA
2022,4,8,"2_04","2_15","1","Far_Gate","","VIVI","Apis_mellifera",1,0,NA
2022,4,8,"2_04","2_15","1","Far_Gate","","VIVI","Apis_mellifera",1,0,NA
2022,4,8,"2_04","2_15","1","Far_Gate","","VIVI","Apis_mellifera",1,0,NA
2022,4,8,"2_04","2_15","1","Far_Gate","","VIVI","Apis_mellifera",1,0,NA
2022,4,8,"2_04","2_15","1","Far_Gate","","VIVI","Apis_mellifera",1,0,NA
2022,4,8,"2_04","2_15","1","Far_Gate","","VIVI","Apis_mellifera",1,0,NA
2022,4,8,"2_04","2_15","1","Far_Gate","","LUMI","Bombus_vosnesenskii",3,20,NA
2022,4,8,"2_04","2_15","1","Far_Gate","","LUMI","Bombus_vosnesenskii",1,10,NA
2022,4,8,"2_04","2_15","1","Far_Gate","","LUMI","Apis_mellifera",1,10,NA
2022,4,8,"2_04","2_15","1","Far_Gate","","LUMI","Osmia_sp.",1,5,NA
2022,4,8,"2_04","2_15","1","Far_Gate","","LUMI","Hippodamia_convergens",1,5,NA
2022,4,8,"2_20","2_32","1","Tac_Shack","","VIVI","Apis_mellifera",1,0,NA
2022,4,8,"2_20","2_32","1","Tac_Shack","","VIVI","Apis_mellifera",1,0,NA
2022,4,8,"2_20","2_32","1","Tac_Shack","","VIVI","Apis_mellifera",2,0,NA
2022,4,8,"2_20","2_32","1","Tac_Shack","","LUSU","Anthophora_californica",1,0,NA
2022,4,8,"2_20","2_32","1","Tac_Shack","","LUSU","Eucera_actuosa",7,1,NA
2022,4,8,"2_20","2_32","1","Tac_Shack","","ESCA","Bombus_vosnesenskii",2,10,NA
2022,4,8,"2_20","2_32","1","Tac_Shack","","LUMI","Eucera_actuosa",1,5,NA
2022,4,15,"9_52","10_20","","Goatgrass","","AGHE","Euopeodes_fumipennis",1,5,NA
2022,4,15,"9_52","10_20","","Goatgrass","","LUMI","Junonia_grisea",1,5,NA
2022,4,15,"9_52","10_20","","Goatgrass","","LUMI","Junonia_grisea",1,5,NA
2022,4,15,"10_24","10_55","","Goatgrass","","VIVI","Bombus_melanopygus",1,0,NA
2022,4,15,"10_52","12_08","1","Bertha","","VIVI","Bombus_melanopygus",3,0,NA
2022,4,15,"10_52","12_08","1","Bertha","","VIVI","Bombus_melanopygus",2,0,NA
2022,4,15,"10_52","12_08","1","Bertha","","VIVI","Muscidae",3,0,NA
2022,4,15,"10_52","12_08","1","Bertha","","CASAN","Bombus_californicus",6,0,NA
2022,4,15,"10_52","12_08","1","Bertha","","VIVI","Bombus_californicus",1,0,NA
2022,4,15,"10_52","12_08","1","Bertha","","CASAN","Euopeodes_fumipennis",2,0,NA
2022,4,15,"10_52","12_08","1","Bertha","","LACA","Andrena_sp.",1,0,NA
2022,4,15,"10_52","12_08","1","Bertha","","TRFU","Bombus_vosnesenskii",12,1,NA
2022,4,15,"10_52","12_08","1","Bertha","","LACA","Conophorus_fenestratus",1,1,NA
2022,4,15,"10_52","12_08","1","Bertha","","LACA","Adela_flammeusella",1,1,NA
2022,4,15,"10_52","12_08","1","Bertha","","AGHE","Scaeva_affinis",1,0,NA
2022,4,15,"10_52","12_08","1","Bertha","","LACA","Scaeva_affinis",1,1,NA
2022,4,15,"10_52","12_08","1","Bertha","","ERCI","Euopeodes_fumipennis",1,1,NA
2022,4,15,"10_52","12_08","1","Bertha","","AGHE","Scaeva_affinis",1,1,NA
2022,4,15,"10_52","12_08","1","Bertha","","LUMI","Junonia_grisea",1,10,NA
2022,4,15,"10_52","12_08","1","Bertha","","AGHE","Colias_eurytheme",1,10,NA
2022,4,15,"10_52","12_08","1","Bertha","","LUMI","Junonia_grisea",1,10,NA
2022,4,15,"10_52","12_08","1","Bertha","","VIVI","Bombus_californicus",2,0,NA
2022,4,15,"10_52","12_08","1","Bertha","","VIVI","Bombus_melanopygus",2,0,NA
2022,4,15,"10_52","12_08","1","Bertha","","AMME","Bombylius_major",3,0,NA
2022,4,15,"10_52","12_08","1","Bertha","","VIVI","Bombus_vosnesenskii",6,0,NA
2022,4,15,"10_52","12_08","1","Bertha","","VIVI","Bombus_melanopygus",15,0,NA
2022,4,15,"10_52","12_08","1","Bertha","","AGHE","Conophorus_fenestratus",1,0,NA
2022,4,15,"10_52","12_08","1","Bertha","","VIVI","Bombus_melanopygus",4,0,NA
2022,4,15,"10_52","12_08","1","Bertha","","VIVI","Bombus_vosnesenskii",1,0,NA
2022,4,15,"10_52","12_08","1","Bertha","","TRLA","Bombus_melanopygus",1,5,NA
2022,4,15,"10_52","12_08","1","Bertha","","AGHE","Bombus_melanopygus",1,5,NA
2022,4,15,"10_52","12_08","1","Bertha","","TRLA","Bombus_melanopygus",2,1,NA
2022,4,15,"10_52","12_08","1","Bertha","","VIVI","Bombus_vosnesenskii",1,0,NA
2022,4,15,"10_52","12_08","1","Bertha","","VIVI","Bombus_vosnesenskii",2,0,NA
2022,4,15,"10_52","12_08","1","Bertha","","VIVI","Bombus_melanopygus",1,0,NA
2022,4,15,"10_52","12_08","1","Bertha","","VIVI","Bombus_vosnesenskii",5,0,NA
2022,4,15,"10_52","12_08","1","Bertha","","VIVI","Bombus_vosnesenskii",5,0,NA
2022,4,15,"10_52","12_08","1","Bertha","","LUMI","Scaeva_affinis",1,0,NA
2022,4,15,"12_56","2_15","1","Aikawa","","TRFU","Bombus_melanopygus",1,60,NA
2022,4,15,"12_56","2_15","1","Aikawa","","CARU","Euopeodes_fumipennis",1,60,NA
2022,4,15,"12_56","2_15","1","Aikawa","","TRFU","Apis_mellifera",1,60,NA
2022,4,15,"12_56","2_15","1","Aikawa","","TRFU","Bombus_vosnesenskii",2,60,NA
2022,4,15,"12_56","2_15","1","Aikawa","","TRFU","Apis_mellifera",1,60,NA
2022,4,15,"12_56","2_15","1","Aikawa","","AGHE","Helithodes_dimutiva",1,50,NA
2022,4,15,"12_56","2_15","1","Aikawa","","TRFU","Apis_mellifera",2,50,NA
2022,4,15,"12_56","2_15","1","Aikawa","","AGHE","Euopeodes_fumipennis",1,50,NA
2022,4,15,"12_56","2_15","1","Aikawa","","AGHE","Junonia_grisea",1,50,NA
2022,4,15,"12_56","2_15","1","Aikawa","","TRFU","Bombus_vosnesenskii",3,50,NA
2022,4,15,"12_56","2_15","1","Aikawa","","TRFU","Apis_mellifera",1,50,NA
2022,4,15,"12_56","2_15","1","Aikawa","","AGHE","Andrena_sp.",1,50,NA
2022,4,15,"12_56","2_15","1","Aikawa","","AGHE","APME-mimic_Syrphid",2,50,NA
2022,4,15,"12_56","2_15","1","Aikawa","","AGHE","Apis_mellifera",2,50,NA
2022,4,15,"12_56","2_15","1","Aikawa","","ERCA","Bombus_vosnesenskii",2,100,NA
2022,4,15,"12_56","2_15","1","Aikawa","","ERCA","Bombus_melanopygus",1,100,NA
2022,4,15,"12_56","2_15","1","Aikawa","","ERCA","Junonia_grisea",1,100,NA
2022,4,15,"12_56","2_15","1","Aikawa","","ERCA","Junonia_grisea",1,100,NA
2022,4,15,"12_56","2_15","1","Aikawa","","ERLA","Euopeodes_fumipennis",1,100,NA
2022,4,15,"12_56","2_15","1","Aikawa","","ERCA","Chrysis_angolensis",1,100,NA
2022,4,15,"12_56","2_15","1","Aikawa","","ERCA","Junonia_grisea",1,100,NA
2022,4,15,"12_56","2_15","1","Aikawa","","TRFU","Bombus_vosnesenskii",4,50,NA
2022,4,15,"12_56","2_15","1","Aikawa","","TRFU","Bombus_vosnesenskii",2,50,NA
2022,4,15,"12_56","2_15","1","Aikawa","","TRFU","Bombus_melanopygus",2,50,NA
2022,4,15,"12_56","2_15","1","Aikawa","","TRFU","Bombus_vosnesenskii",1,50,NA
2022,4,15,"12_56","2_15","1","Aikawa","","TRFU","Bombus_vosnesenskii",4,50,NA
2022,4,15,"12_56","2_15","1","Aikawa","","TRFU","Bombus_vosnesenskii",1,50,NA
2022,4,15,"12_56","2_15","1","Aikawa","","TRFU","Bombus_vosnesenskii",3,10,NA
2022,4,15,"12_56","2_15","1","Aikawa","","TRFU","Bombus_vosnesenskii",3,10,NA
2022,4,15,"12_56","2_15","1","Aikawa","","TRFU","Bombus_vosnesenskii",1,5,NA
2022,4,15,"12_56","2_15","1","Aikawa","","TRFU","Bombus_vosnesenskii",1,10,NA
2022,4,15,"12_56","2_15","1","Aikawa","","TRFU","Bombus_vosnesenskii",2,5,NA
2022,4,15,"12_56","2_15","1","Aikawa","","TRFU","Apis_mellifera",1,5,NA
2022,4,15,"12_56","2_15","1","Aikawa","","TRFU","Euopeodes_fumipennis",1,5,NA
2022,4,15,"12_56","2_15","1","Aikawa","","TRFU","Bombus_vosnesenskii",1,5,NA
2022,4,15,"12_56","2_15","1","Aikawa","","TRFU","Apis_mellifera",1,5,NA
2022,4,15,"12_56","2_15","1","Aikawa","","TRFU","Apis_mellifera",1,5,NA
2022,4,15,"12_56","2_15","1","Aikawa","","TRFU","Apis_mellifera",1,5,NA
2022,4,15,"12_56","2_15","1","Aikawa","","TRFU","Apis_mellifera",1,5,NA
2022,4,15,"12_56","2_15","1","Aikawa","","AGHE","Heliolonche_modiella",1,5,NA
2022,4,15,"12_56","2_15","1","Aikawa","","TRFU","Bombus_melanopygus",1,1,NA
2022,4,15,"2_34","2_47","1","Long","","VIVI","Bombus_vosnesenskii",2,0,NA
2022,4,15,"2_34","2_47","1","Long","","VIVI","Apis_mellifera",1,0,NA
2022,4,15,"2_34","2_47","1","Long","","VIVI","Eucera_frater_albopilosa",1,0,NA
2022,4,15,"2_34","2_47","1","Long","","VIVI","Bombus_vosnesenskii",1,0,NA
2022,4,15,"2_34","2_47","1","Long","","VIVI","Bombus_vosnesenskii",1,0,NA
2022,4,15,"2_34","2_47","1","Long","","VIVI","Bombus_melanopygus",1,0,NA
2022,4,15,"2_34","2_47","1","Long","","VIVI","Bombus_melanopygus",1,0,NA
2022,4,15,"2_34","2_47","1","Long","","VIVI","Bombus_melanopygus",1,0,NA
2022,4,15,"2_34","2_47","1","Long","","VIVI","Bombus_melanopygus",1,0,NA
2022,4,15,"2_34","2_47","1","Long","","VIVI","Apis_mellifera",1,0,NA
2022,4,15,"2_34","2_47","1","Long","","VIVI","Bombus_vosnesenskii",1,0,NA
2022,4,15,"2_34","2_47","1","Long","","VIVI","Bombus_vosnesenskii",1,0,NA
2022,4,15,"2_34","2_47","1","Long","","VIVI","Bombus_vosnesenskii",2,0,NA
2022,4,15,"2_34","2_47","1","Long","","VIVI","Apis_mellifera",1,0,NA
2022,4,15,"2_34","2_47","1","Long","","VIVI","Bombus_melanopygus",2,0,NA
2022,4,15,"2_34","2_47","1","Long","","VIVI","Bombus_melanopygus",1,0,NA
2022,4,15,"2_34","2_47","1","Long","","VIVI","Bombus_melanopygus",1,0,NA
2022,4,15,"2_34","2_47","1","Long","","VIVI","Apis_mellifera",1,0,NA
2022,4,15,"2_34","2_47","1","Long","","VIVI","Apis_mellifera",1,0,NA
2022,4,15,"2_34","2_47","1","Long","","VIVI","Bombus_vosnesenskii",1,0,NA
2022,4,15,"2_34","2_47","1","Long","","VIVI","Eucera_actuosa",1,0,NA
2022,4,15,"2_34","2_47","1","Long","","VIVI","Eucera_frater_albopilosa",1,0,NA
2022,4,15,"2_34","2_47","1","Long","","VIVI","Bombus_vosnesenskii",1,0,NA
2022,4,15,"2_34","2_47","1","Long","","VIVI","Eucera_actuosa",1,0,NA
2022,4,15,"2_34","2_47","1","Long","","VIVI","Bombus_vosnesenskii",1,0,NA
2022,4,15,"2_34","2_47","1","Long","","VIVI","Bombus_melanopygus",1,0,NA
2022,4,15,"2_34","2_47","1","Long","","VIVI","Bombus_melanopygus",1,0,NA
2022,4,15,"2_34","2_47","1","Long","","VIVI","Scaeva_affinis",1,0,NA
2022,4,15,"2_34","2_47","1","Long","","VIVI","Bombus_melanopygus",1,0,NA
2022,4,15,"2_34","2_47","1","Long","","VIVI","Bombus_melanopygus",1,0,NA
2022,4,15,"2_47","3_07","2","Long","","VIVI","Bombus_melanopygus",1,0,NA
2022,4,15,"2_47","3_07","2","Long","","VIVI","Bombus_vosnesenskii",1,0,NA
2022,4,15,"2_47","3_07","2","Long","","VIVI","Junonia_grisea",1,0,NA
2022,4,15,"2_47","3_07","2","Long","","VIVI","Apis_mellifera",1,0,NA
2022,4,15,"2_47","3_07","2","Long","","VIVI","Bombus_melanopygus",1,0,NA
2022,4,15,"2_47","3_07","2","Long","","VIVI","Bombus_melanopygus",1,0,NA
2022,4,15,"2_47","3_07","2","Long","","VIVI","Bombus_melanopygus",1,0,NA
2022,4,15,"2_47","3_07","2","Long","","VIVI","Bombus_melanopygus",1,0,NA
2022,4,15,"2_47","3_07","2","Long","","VIVI","Bombus_melanopygus",1,0,NA
2022,4,15,"2_47","3_07","2","Long","","VIVI","Bombus_melanopygus",1,0,NA
2022,4,15,"2_47","3_07","2","Long","","VIVI","Bombus_vosnesenskii",1,0,NA
2022,4,15,"2_47","3_07","2","Long","","VIVI","Anthophora_californica",1,0,NA
2022,4,15,"2_47","3_07","2","Long","","VIVI","Bombus_vosnesenskii",1,0,NA
2022,4,15,"2_47","3_07","2","Long","","VIVI","Bombus_melanopygus",1,0,NA
2022,4,15,"2_47","3_07","2","Long","","VIVI","Bombus_melanopygus",1,0,NA
2022,4,15,"2_47","3_07","2","Long","","VIVI","Bombus_melanopygus",1,0,NA
2022,4,15,"2_47","3_07","2","Long","","VIVI","Bombus_vosnesenskii",1,0,NA
2022,4,15,"2_47","3_07","2","Long","","VIVI","Scaeva_affinis",1,0,NA
2022,4,15,"2_47","3_07","2","Long","","VIVI","Bombus_vosnesenskii",1,0,NA
2022,4,15,"2_47","3_07","2","Long","","VIVI","Apis_mellifera",1,0,NA
2022,4,15,"2_47","3_07","2","Long","","VIVI","Bombus_vosnesenskii",1,0,NA
2022,4,15,"2_47","3_07","2","Long","","VIVI","Bombus_melanopygus",1,0,NA
2022,4,15,"2_47","3_07","2","Long","","VIVI","Bombus_melanopygus",1,0,NA
2022,4,15,"2_47","3_07","2","Long","","VIVI","Bombus_vosnesenskii",1,0,NA
2022,4,15,"2_47","3_07","2","Long","","VIVI","Bombus_vosnesenskii",1,0,NA
2022,4,15,"2_47","3_07","2","Long","","VIVI","Eucera_frater_albopilosa",1,0,NA
2022,4,15,"2_47","3_07","2","Long","","VIVI","Scaeva_affinis",1,0,NA
2022,4,15,"2_47","3_07","2","Long","","VIVI","Bombus_vosnesenskii",1,0,NA
2022,4,15,"2_47","3_07","2","Long","","VIVI","Diadasia_nigrifrons",1,0,NA
2022,4,15,"3_37","3_45","1","Tac_Shack","","LUSU","Bombus_vosnesenskii",1,20,NA
2022,4,15,"3_37","3_45","1","Tac_Shack","","LUSU","Bombus_vosnesenskii",1,1,NA
2022,4,15,"3_37","3_45","1","Tac_Shack","","LUMI","Bombus_vosnesenskii",8,1,NA
2022,4,15,"3_37","3_45","1","Tac_Shack","","LUSU","Bombus_vosnesenskii",6,1,NA
2022,4,15,"3_37","3_45","1","Tac_Shack","","LUMI","Bombus_vosnesenskii",8,0,NA
2022,4,15,"3_37","3_45","1","Tac_Shack","","LUSU","Hippodamia_convergens",1,10,NA
2022,4,15,"3_50","4_08","1","Far_Gate","","LUMI","Bombus_crotchii",17,NA,NA
2022,4,15,"3_50","4_08","1","Far_Gate","","LUMI","Bombus_vosnesenskii",3,NA,NA
2022,4,15,"3_50","4_08","1","Far_Gate","","LUMI","Bombus_vosnesenskii",2,NA,NA
2022,4,15,"3_50","4_08","1","Far_Gate","","LUMI","Bombus_vosnesenskii",1,NA,NA
2022,4,15,"3_50","4_08","1","Far_Gate","","LUMI","Bombus_vosnesenskii",3,NA,NA
2022,4,15,"3_50","4_08","1","Far_Gate","","LUMI","Bombus_vosnesenskii",2,NA,NA
2022,4,15,"3_50","4_08","1","Far_Gate","","LUMI","Bombus_vosnesenskii",2,NA,NA
2022,4,15,"3_50","4_08","1","Far_Gate","","LUMI","Bombus_vosnesenskii",1,NA,NA
2022,4,15,"3_50","4_08","1","Far_Gate","","LUMI","Bombus_vosnesenskii",1,NA,NA
2022,4,15,"3_50","4_08","1","Far_Gate","","LUMI","Bombus_vosnesenskii",1,NA,NA
2022,4,15,"3_50","4_08","1","Far_Gate","","LUMI","Osmia_sp.",2,NA,NA
2022,4,15,"3_50","4_08","1","Far_Gate","","LUMI","Bombus_vosnesenskii",2,NA,NA
2022,4,15,"3_50","4_08","1","Far_Gate","","LUMI","Bombus_vosnesenskii",1,NA,NA
2022,4,15,"3_50","4_08","1","Far_Gate","","LUMI","Bombus_vosnesenskii",3,NA,NA
2022,4,15,"3_50","4_08","1","Far_Gate","","LUSU","Bombus_vosnesenskii",1,NA,NA
2022,4,15,"3_50","4_08","1","Far_Gate","","VIVI","Apis_mellifera",1,NA,NA
2022,4,15,"4_40","4_48","1","Rock","","LUSU","Bombus_melanopygus",6,10,NA
2022,4,15,"4_40","4_48","1","Rock","","VIVI","Anthophora_californica",4,10,NA
2022,4,15,"4_40","4_48","1","Rock","","VIVI","Bombus_californicus",5,10,NA
2022,4,18,"1_08","1_18","1","Far_Gate","","LUMI","Bombus_vosnesenskii",1,NA,NA
2022,4,18,"1_08","1_18","1","Far_Gate","","LUMI","Bombus_vosnesenskii",1,NA,NA
2022,4,18,"1_08","1_18","1","Far_Gate","","LUMI","Bombus_vosnesenskii",1,NA,NA
2022,4,18,"1_08","1_18","1","Far_Gate","","LUMI","Bombus_vosnesenskii",1,NA,NA
2022,4,18,"1_08","1_18","1","Far_Gate","","LUMI","Bombus_vosnesenskii",1,NA,NA
2022,4,18,"1_08","1_18","1","Far_Gate","","LUMI","Bombus_vosnesenskii",1,NA,NA
2022,4,18,"1_08","1_18","1","Far_Gate","","LUMI","Bombus_vosnesenskii",1,NA,NA
2022,4,18,"1_08","1_18","1","Far_Gate","","LUMI","Bombus_vosnesenskii",1,NA,NA
2022,4,18,"1_08","1_18","1","Far_Gate","","TRHI","Bombus_vosnesenskii",2,NA,NA
2022,4,18,"1_08","1_18","1","Far_Gate","","LUMI","Bombus_crotchii",1,NA,NA
2022,4,18,"1_08","1_18","1","Far_Gate","","LUSU","Bombus_crotchii",1,NA,NA
2022,4,18,"1_08","1_18","1","Far_Gate","","LUMI","Bombus_crotchii",46,NA,NA
2022,4,18,"1_08","1_18","1","Far_Gate","","LUSU","Bombus_vosnesenskii",1,NA,NA
2022,4,18,"1_08","1_18","1","Far_Gate","","LUMI","Bombus_vosnesenskii",3,NA,NA
2022,4,18,"1_08","1_18","1","Far_Gate","","HIIN","Euopeodes_fumipennis",1,NA,NA
2022,4,18,"1_08","1_18","1","Far_Gate","","LUMI","Bombus_vosnesenskii",1,NA,NA
2022,4,18,"1_08","1_18","1","Far_Gate","","LUSU","Bombus_vosnesenskii",1,NA,NA
2022,4,18,"1_08","1_18","1","Far_Gate","","LUMI","Bombus_vosnesenskii",2,NA,NA
2022,4,28,"2_50","2_55","1","Rock","","LUMI","Bombus_vosnesenskii",1,NA,NA
2022,4,28,"2_50","2_55","1","Rock","","LUMI","Bombus_vosnesenskii",1,NA,NA
2022,4,28,"2_50","2_55","1","Rock","","LUMI","Hippodamia_convergens",1,NA,NA
2022,4,28,"3_20","3_30","1","Tac_Shack","","LUMI","Bombus_vosnesenskii",1,NA,NA
2022,4,28,"3_20","3_30","1","Tac_Shack","","ESCA","Bombus_vosnesenskii",1,NA,NA
2022,4,28,"3_20","3_30","1","Tac_Shack","","ESCA","Bombus_vosnesenskii",1,NA,NA
2022,4,28,"3_20","3_30","1","Tac_Shack","","ESCA","Bombus_vosnesenskii",1,NA,NA
2022,4,28,"3_20","3_30","1","Tac_Shack","","LUMI","Bombus_vosnesenskii",1,NA,NA
2022,4,28,"3_20","3_30","1","Tac_Shack","","LUMI","Bombus_vosnesenskii",1,NA,NA
2022,4,28,"3_20","3_30","1","Tac_Shack","","LUMI","Bombus_vosnesenskii",1,NA,NA
2022,4,28,"3_20","3_30","1","Tac_Shack","","LUMI","Bombus_vosnesenskii",1,NA,NA
2022,4,28,"3_20","3_30","1","Tac_Shack","","LUMI","Bombus_vosnesenskii",1,NA,NA
2022,4,28,"3_20","3_30","1","Tac_Shack","","LUMI","Bombus_vosnesenskii",1,NA,NA
2022,4,28,"3_20","3_30","1","Tac_Shack","","LUMI","Bombus_crotchii",9,NA,NA
2022,4,28,"3_30","3_30","1","Tac_Shack","","LUSU","Bombus_vosnesenskii",1,NA,NA
2022,4,28,"3_30","3_40","1","Far_Gate","","LUMI","Bombus_vosnesenskii",2,NA,NA
2022,4,28,"3_30","3_40","1","Far_Gate","","ESCA","Bombus_vosnesenskii",4,NA,NA
2022,4,28,"3_30","3_40","1","Far_Gate","","LUMI","Bombus_vosnesenskii",2,NA,NA
2022,4,28,"3_30","3_40","1","Far_Gate","","LUMI","Bombus_vosnesenskii",4,NA,NA
2022,4,28,"3_30","3_40","1","Far_Gate","","LUMI","Bombus_vosnesenskii",2,NA,NA
2022,4,28,"3_30","3_40","1","Far_Gate","","LUMI","Bombus_vosnesenskii",2,NA,NA
2022,4,28,"3_30","3_40","1","Far_Gate","","LUMI","Bombus_vosnesenskii",1,NA,NA
2022,4,28,"3_30","3_40","1","Far_Gate","","LUMI","Bombus_vosnesenskii",3,NA,NA
2022,4,28,"3_30","3_40","1","Far_Gate","","LUMI","Bombus_vosnesenskii",3,NA,NA
2022,4,28,"3_30","3_40","1","Far_Gate","","LUMI","Bombus_vosnesenskii",1,NA,NA
2022,4,28,"3_30","3_40","1","Far_Gate","","TRHI","Bombus_vosnesenskii",1,NA,NA
2022,4,28,"3_30","3_40","1","Far_Gate","","LUMI","Bombus_vosnesenskii",2,NA,NA
2022,4,29,"10_30","11_30","1","Goatgrass","","VIVI","Bombus_vosnesenskii",2,NA,NA
2022,4,29,"10_30","11_30","1","Goatgrass","","WYAN","Bombus_vosnesenskii",1,NA,NA
2022,4,29,"10_30","11_30","1","Goatgrass","","LACA","BF1_Diptera",1,NA,NA
2022,4,29,"10_30","11_30","1","Goatgrass","","PHIM","Bombus_vosnesenskii",4,NA,NA
2022,4,29,"10_30","11_30","1","Goatgrass","","VIVI","Bombus_vosnesenskii",3,NA,NA
2022,4,29,"10_30","11_30","1","Goatgrass","","CLPU","Bombus_vosnesenskii",2,NA,NA
2022,4,29,"10_30","11_30","1","Goatgrass","","VIVI","Bombus_vosnesenskii",2,0,NA
2022,4,29,"10_30","11_30","1","Goatgrass","","LACA","Listrus_sp._1",1,NA,NA
2022,4,29,"10_30","11_30","1","Goatgrass","","LACA","Listrus_sp._1",1,NA,NA
2022,4,29,"10_30","11_30","1","Goatgrass","","LUMI","Listrus_sp._1",1,NA,NA
2022,4,29,"10_30","11_30","1","Goatgrass","","LACA","Listrus_sp._1",1,NA,NA
2022,4,29,"10_30","11_30","1","Goatgrass","","LACA","Listrus_sp._1",1,NA,NA
2022,4,29,"10_30","11_30","1","Goatgrass","","LACA","Listrus_sp._1",1,NA,NA
2022,4,29,"10_30","11_30","1","Goatgrass","","LACA","Listrus_sp._1",1,NA,NA
2022,4,29,"10_30","11_30","1","Goatgrass","","LACA","Listrus_sp._1",1,NA,NA
2022,4,29,"10_30","11_30","1","Goatgrass","","LACA","Listrus_sp._1",1,NA,NA
2022,4,29,"10_30","11_30","1","Goatgrass","","LACA","Listrus_sp._1",1,NA,NA
2022,4,29,"10_30","11_30","1","Goatgrass","","LACA","Listrus_sp._1",1,NA,NA
2022,4,29,"10_30","11_30","1","Goatgrass","","LACA","Listrus_sp._1",1,NA,NA
2022,4,29,"10_30","11_30","1","Goatgrass","","LACA","Listrus_sp._1",1,NA,NA
2022,4,29,"10_30","11_30","1","Goatgrass","","LACA","Andrena_subchalybea",1,NA,NA
2022,4,29,"10_30","11_30","1","Goatgrass","","LACA","Andrena_pensilis",2,NA,NA
2022,4,29,"10_30","11_30","1","Goatgrass","","LACA","Andrena_sp.",2,NA,NA
2022,4,29,"10_30","11_30","1","Goatgrass","","LACA","Listrus_sp._1",1,NA,NA
2022,4,29,"10_30","11_30","1","Goatgrass","","LACA","Listrus_sp._1",1,NA,NA
2022,4,29,"10_30","11_30","1","Goatgrass","","LACA","Listrus_sp._1",1,NA,NA
2022,4,29,"10_30","11_30","1","Goatgrass","","LACA","Listrus_sp._1",1,NA,NA
2022,4,29,"10_30","11_30","1","Goatgrass","","LACA","Listrus_sp._1",1,NA,NA
2022,4,29,"10_30","11_30","1","Goatgrass","","AGHE","Listrus_sp._1",1,NA,NA
2022,4,29,"11_39","12_12","1","Bertha","","VIVI","Colias_eurytheme",2,NA,NA
2022,4,29,"11_39","12_12","1","Bertha","","TRHI","Eucera_actuosa",3,NA,NA
2022,4,29,"11_39","12_12","1","Bertha","","AGHE","Helithodes_dimutiva",1,NA,NA
2022,4,29,"11_39","12_12","1","Bertha","","AGHE","Erynnis_sp.",1,NA,NA
2022,4,29,"11_39","12_12","1","Bertha","","LACA","Andrena_sp.",1,NA,NA
2022,4,29,"11_39","12_12","1","Bertha","","LACA","Listrus_sp._1",1,NA,NA
2022,4,29,"11_39","12_12","1","Bertha","","LUMI","Bombus_californicus",2,NA,NA
2022,4,29,"11_39","12_12","1","Bertha","","LUMI","Bombus_vosnesenskii",2,NA,NA
2022,4,29,"11_39","12_12","1","Bertha","","LUMI","Bombus_vosnesenskii",2,NA,NA
2022,4,29,"11_39","12_12","1","Bertha","","LUMI","Bombus_melanopygus",4,NA,NA
2022,4,29,"11_39","12_12","1","Bertha","","VIVI","Anthophora_californica",2,0,NA
2022,4,29,"11_39","12_12","1","Bertha","","TRFU","Bombus_californicus",2,1,NA
2022,4,29,"11_39","12_12","1","Bertha","","TRFU","Bombus_vosnesenskii",9,0,NA
2022,4,29,"11_39","12_12","1","Bertha","","TRFU","Scaeva_affinis",1,0,NA
2022,4,29,"11_39","12_12","1","Bertha","","TRFU","Apis_mellifera",2,1,NA
2022,4,29,"11_39","12_12","1","Bertha","","VIVI","Bombus_vosnesenskii",2,0,NA
2022,4,29,"11_39","12_12","1","Bertha","","LUNA/LUBI","Bombus_vosnesenskii",1,NA,NA
2022,4,29,"11_39","12_12","1","Bertha","","VIVI","Bombus_vosnesenskii",1,NA,NA
2022,4,29,"11_39","12_12","1","Bertha","","LUNA/LUBI","Bombus_vosnesenskii",1,NA,NA
2022,4,29,"11_39","12_12","1","Bertha","","VIVI","Bombus_vosnesenskii",3,NA,NA
2022,4,29,"11_39","12_12","1","Bertha","","VIVI","Apis_mellifera",1,NA,NA
2022,4,29,"11_39","12_12","1","Bertha","","VIVI","Colias_eurytheme",1,NA,NA
2022,4,29,"12_43","1_32","1","Long","","WYAN","Osmia_sp.",1,NA,NA
2022,4,29,"12_43","1_32","1","Long","","ERCA","Sphex_sp.",1,NA,NA
2022,4,29,"12_43","1_32","1","Long","","ERCA","Hippodamia_convergens",1,NA,NA
2022,4,29,"12_43","1_32","1","Long","","VIVI","Bombus_vosnesenskii",2,0,NA
2022,4,29,"12_43","1_32","1","Long","","VIVI","Hippodamia_convergens",1,0,NA
2022,4,29,"12_43","1_32","1","Long","","VIVI","Colias_eurytheme",1,0,NA
2022,4,29,"12_43","1_32","1","Long","","Sidalcea_sp.","Curculionidae",1,NA,NA
2022,4,29,"12_43","1_32","1","Long","","LACA","Listrus_sp._1",1,NA,NA
2022,4,29,"12_43","1_32","1","Long","","LACA","Listrus_sp._1",1,NA,NA
2022,4,29,"12_43","1_32","1","Long","","LACA","Listrus_sp._1",1,NA,NA
2022,4,29,"12_43","1_32","1","Long","","AGHE","Listrus_sp._1",1,NA,NA
2022,4,29,"12_43","1_32","1","Long","","LACA","Listrus_sp._1",1,NA,NA
2022,4,29,"12_43","1_32","1","Long","","LACH","Listrus_sp._1",1,NA,NA
2022,4,29,"12_43","1_32","1","Long","","LACH","Listrus_sp._1",1,NA,NA
2022,4,29,"12_43","1_32","1","Long","","VIVI","Diadasia_nigrifrons",1,NA,NA
2022,4,29,"12_43","1_32","1","Long","","VIVI","Colias_eurytheme",1,NA,NA
2022,4,29,"12_43","1_32","1","Long","","VIVI","Bombus_melanopygus",4,NA,NA
2022,4,29,"12_43","1_32","1","Long","","VIVI","Colias_eurytheme",1,NA,NA
2022,4,29,"12_43","1_32","1","Long","","VIVI","Apis_mellifera",2,NA,NA
2022,4,29,"12_43","1_32","1","Long","","VIVI","Anthophora_californica",1,NA,NA
2022,4,29,"12_43","1_32","1","Long","","VIVI","Bombus_vosnesenskii",1,NA,NA
2022,4,29,"12_43","1_32","1","Long","","VIVI","Apis_mellifera",1,NA,NA
2022,4,29,"1_47","","","Aikawa","","DEUL","Bombus_vosnesenskii",3,70,NA
2022,4,29,"1_47","","","Aikawa","","TRFU","Eucera_actuosa",8,60,NA
2022,4,29,"1_47","","","Aikawa","","TRFU","Bombus_vosnesenskii",3,100,NA
2022,4,29,"1_47","","","Aikawa","","TRFU","Bombus_vosnesenskii",4,60,NA
2022,4,29,"1_47","","","Aikawa","","Sidalcea_sp.","Listrus_sp._1",1,NA,NA
2022,4,29,"1_47","","","Aikawa","","TRFU","Osmia_sp.",2,15,NA
2022,4,29,"1_47","","","Aikawa","","TRFU","Bombus_vosnesenskii",3,1,NA
2022,4,29,"1_47","","","Aikawa","","VIVI","Bombus_vosnesenskii",1,0,NA
2022,4,29,"1_47","","","Aikawa","","GICA","Apis_mellifera",1,70,NA
2022,4,29,"1_47","","","Aikawa","","GICA","Apis_mellifera",1,70,NA
2022,4,29,"1_47","","","Aikawa","","ERCA","Hippodamia_convergens",1,NA,NA
2022,4,29,"1_47","","","Aikawa","","ESCA","Panurginus_sp.",1,NA,NA
2022,4,29,"1_47","","","Aikawa","","ESCA","Panurginus_sp.",1,NA,NA
2022,4,29,"1_47","","","Aikawa","","GICA","Junonia_grisea",1,30,NA
2022,4,29,"1_47","","","Aikawa","","GICA","Apis_mellifera",1,30,NA
2022,4,29,"1_47","","","Aikawa","","GICA","Osmia_sp.",1,30,NA
2022,4,29,"1_47","","","Aikawa","","ERCA","Polistes_aurifer",1,NA,NA
2022,4,29,"1_47","","","Aikawa","","ERCA","Scaeva_affinis",1,NA,NA
2022,4,29,"1_47","","","Aikawa","","TRFU","Bombus_vosnesenskii",1,10,NA
2022,4,29,"1_47","","","Aikawa","","VIVI","Bombus_vosnesenskii",1,0,NA
2022,4,29,"1_47","","","Aikawa","","TRFU","Eucera_actuosa",3,12,NA
2022,4,29,"1_47","","","Aikawa","","TRFU","Bombus_vosnesenskii",2,6,NA
2022,4,29,"1_47","","","Aikawa","","TRFU","Bombus_vosnesenskii",2,5,NA
2022,4,29,"1_47","","","Aikawa","","TRFU","Bombus_vosnesenskii",1,5,NA
2022,4,29,"1_47","","","Aikawa","","TRFU","Bombus_vosnesenskii",1,5,NA
2022,4,29,"1_47","","","Aikawa","","TRFU","Bombus_vosnesenskii",1,1,NA
2022,4,29,"1_47","","","Aikawa","","VIVI","Apis_mellifera",1,0,NA
2022,4,29,"1_47","","","Aikawa","","TRFU","Bombus_vosnesenskii",1,0,NA
2022,4,29,"1_47","","","Aikawa","","VIVI","Bombus_melanopygus",3,0,NA
2022,4,29,"1_47","","","Aikawa","","VIVI","Apis_mellifera",1,0,NA
2022,4,29,"1_47","","","Aikawa","","VIVI","Apis_mellifera",1,0,NA
2022,4,29,"1_47","","","Aikawa","","VIVI","Apis_mellifera",1,0,NA
2022,4,29,"1_47","","","Aikawa","","VIVI","Apis_mellifera",1,0,NA
2022,4,29,"1_47","","","Aikawa","","VIVI","Apis_mellifera",1,0,NA
2022,4,29,"1_47","","","Aikawa","","VIVI","Bombus_vosnesenskii",1,0,NA
2022,4,29,"1_47","","","Aikawa","","TRFU","Bombus_vosnesenskii",4,0,NA
2022,4,29,"3_34","3_55","","Quarry_1","","VIVI","Apis_mellifera",2,0,NA
2022,4,29,"3_34","3_55","","Quarry_1","","CARU","Junonia_grisea",1,NA,NA
2022,4,29,"3_34","3_55","","Quarry_1","","TOFR","Eristalis_hirta",1,NA,NA
2022,4,29,"3_34","3_55","","Quarry_1","","ERCA","Euphydryas_chalcedona",1,NA,NA
2022,4,29,"3_34","3_55","","Quarry_1","","ERCA","Euphydryas_chalcedona",1,NA,NA
2022,4,29,"3_34","3_55","","Quarry_1","","ERCA","Euphydryas_chalcedona",1,NA,NA
2022,4,29,"3_34","3_55","","Quarry_1","","ERCA","Scaeva_affinis",1,NA,NA
2022,4,29,"3_34","3_55","","Quarry_1","","VIVI","Apis_mellifera",1,NA,NA
2022,4,29,"3_34","3_55","","Quarry_1","","VIVI","Apis_mellifera",1,NA,NA
2022,4,19,"2_49","3_34","First_floral_array_attempt","Aikawa","","TRFU","Apis_mellifera",1,0,NA
2022,4,19,"2_49","3_34","First_floral_array_attempt","Aikawa","","TRFU","Scaeva_affinis",1,0,NA
2022,4,19,"2_49","3_34","First_floral_array_attempt","Aikawa","","TRFU","Apis_mellifera",2,0,NA
2022,4,19,"2_49","3_34","First_floral_array_attempt","Aikawa","","TRFU","Apis_mellifera",2,0,NA
2022,4,19,"2_49","3_34","First_floral_array_attempt","Aikawa","","AGHE","Heliolonche_modiella",1,5,NA
2022,4,19,"2_49","3_34","First_floral_array_attempt","Aikawa","","AGHE","Heliolonche_modiella",1,5,NA
2022,4,19,"2_49","3_34","First_floral_array_attempt","Aikawa","","TRFU","Bombus_vosnesenskii",2,1,NA
2022,4,19,"2_49","3_34","First_floral_array_attempt","Aikawa","","AGHE","Eristalis_hirta",1,10,NA
2022,4,19,"2_49","3_34","First_floral_array_attempt","Aikawa","","AGHE","Eristalis_hirta",1,40,NA
2022,4,19,"2_49","3_34","First_floral_array_attempt","Aikawa","","AGHE","Andrena_sp.",1,10,NA
2022,4,19,"2_49","3_34","First_floral_array_attempt","Aikawa","","AGHE","black_white_moth_Lepidoptera",1,50,NA
2022,4,19,"2_49","3_34","First_floral_array_attempt","Aikawa","","AGHE","Helithodes_dimutiva",2,50,NA
2022,4,17,"12_25","2_40","First_floral_array_attempt","Bertha","","VIVI","Scaeva_affinis",1,1,NA
2022,4,17,"12_25","2_40","First_floral_array_attempt","Bertha","","LUMI","Scaeva_affinis",1,1,NA
2022,4,17,"12_25","2_40","First_floral_array_attempt","Bertha","","LUMI","Scaeva_affinis",1,1,NA
2022,4,17,"12_25","2_40","First_floral_array_attempt","Bertha","","LACA","Andrena_pensilis",1,1,NA
2022,4,17,"12_25","2_40","First_floral_array_attempt","Bertha","","LUMI","Bombylius_major",1,5,NA
2022,4,17,"12_25","2_40","First_floral_array_attempt","Bertha","","LUMI","Hippodamia_convergens",1,5,NA
2022,4,17,"12_25","2_40","First_floral_array_attempt","Bertha","","LACA","Panurginus_sp.",1,5,NA
2022,4,17,"12_25","2_40","First_floral_array_attempt","Bertha","","LACA","Euopeodes_fumipennis",1,50,NA
2022,4,17,"12_25","2_40","First_floral_array_attempt","Bertha","","LACA","Euopeodes_fumipennis",1,50,NA
2022,4,17,"12_25","2_40","First_floral_array_attempt","Bertha","","LACA","Muscidae",1,50,NA
2022,4,17,"12_25","2_40","First_floral_array_attempt","Bertha","","VIVI","Scaeva_affinis",1,0,NA
2022,4,17,"12_25","2_40","First_floral_array_attempt","Bertha","","VIVI","Scaeva_affinis",2,0,NA
2022,4,17,"12_25","2_40","First_floral_array_attempt","Bertha","","VIVI","Bombus_vosnesenskii",2,0,NA
2022,4,17,"12_25","2_40","First_floral_array_attempt","Bertha","","LUMI","Adela_flammeusella",1,1,NA
2022,4,17,"12_25","2_40","First_floral_array_attempt","Bertha","","LUMI","Bombus_melanopygus",1,1,NA
2022,4,17,"12_25","2_40","First_floral_array_attempt","Bertha","","LACA","Bombus_melanopygus",1,1,NA
2022,4,17,"12_25","2_40","First_floral_array_attempt","Bertha","","LUMI","Adela_flammeusella",1,1,NA
2022,4,17,"12_25","2_40","First_floral_array_attempt","Bertha","","PLER","Adela_eldorada",1,5,NA
2022,4,17,"12_25","2_40","First_floral_array_attempt","Bertha","","LUMI","Bombylius_major",1,5,NA
2022,4,17,"12_25","2_40","First_floral_array_attempt","Bertha","","LACA","Scaeva_affinis",2,50,NA
2022,4,17,"12_25","2_40","First_floral_array_attempt","Bertha","","TRFU","Eucera_frater_albopilosa",6,50,NA
2022,4,17,"12_25","2_40","First_floral_array_attempt","Bertha","","LACA","Andrena_subchalybea",2,50,NA
2022,4,17,"12_25","2_40","First_floral_array_attempt","Bertha","","LACA","Andrena_sp.",1,50,NA
2022,4,17,"12_25","2_40","First_floral_array_attempt","Bertha","","LACA","Andrena_sp.",2,50,NA
2022,4,17,"12_25","2_40","First_floral_array_attempt","Bertha","","LACA","Andrena_subchalybea",1,0,NA
2022,4,17,"12_25","2_40","First_floral_array_attempt","Bertha","","LACA","Andrena_subchalybea",2,0,NA
2022,4,17,"12_25","2_40","First_floral_array_attempt","Bertha","","LACA","Andrena_subchalybea",2,0,NA
2022,4,17,"12_25","2_40","First_floral_array_attempt","Bertha","","LUMI","Adela_flammeusella",1,1,NA
2022,4,17,"12_25","2_40","First_floral_array_attempt","Bertha","","LACA","Conophorus_fenestratus",2,1,NA
2022,4,17,"12_25","2_40","First_floral_array_attempt","Bertha","","LACA","Scaeva_affinis",1,1,NA
2022,4,17,"12_25","2_40","First_floral_array_attempt","Bertha","","LACA","Andrena_pensilis",1,1,NA
2022,4,17,"12_25","2_40","First_floral_array_attempt","Bertha","","LACA","Scaeva_affinis",1,1,NA
2022,4,17,"12_25","2_40","First_floral_array_attempt","Bertha","","LACA","Conophorus_fenestratus",1,1,NA
2022,4,17,"12_25","2_40","First_floral_array_attempt","Bertha","","LACA","Muscidae",1,1,NA
2022,4,17,"12_25","2_40","First_floral_array_attempt","Bertha","","LACA","Andrena_baeriae",1,5,NA
2022,4,17,"12_25","2_40","First_floral_array_attempt","Bertha","","LACA","Andrena_subchalybea",1,5,NA
2022,4,17,"12_25","2_40","First_floral_array_attempt","Bertha","","LACA","Andrena_baeriae",1,5,NA
2022,4,17,"12_25","2_40","First_floral_array_attempt","Bertha","","LACA","Panurginus_sp.",1,5,NA
2022,4,17,"12_25","2_40","First_floral_array_attempt","Bertha","","LUMI","Listrus_sp.",1,5,NA
2022,4,17,"12_25","2_40","First_floral_array_attempt","Bertha","","LACA","Andrena_subchalybea",1,50,NA
2022,4,17,"12_25","2_40","First_floral_array_attempt","Bertha","","LACA","Andrena_subchalybea",1,50,NA
2022,4,17,"12_25","2_40","First_floral_array_attempt","Bertha","","LACA","Andrena_pensilis",1,50,NA
2022,4,17,"12_25","2_40","First_floral_array_attempt","Bertha","","LACA","Andrena_dissona",2,50,NA
2022,4,17,"12_25","2_40","First_floral_array_attempt","Bertha","","LUMI","Listrus_sp.",1,0,NA
2022,4,17,"12_25","2_40","First_floral_array_attempt","Bertha","","TRFU","Bombus_vosnesenskii",7,0,NA
2022,4,17,"12_25","2_40","First_floral_array_attempt","Bertha","","LACA","Cyrtopogon_sp.",1,1,NA
2022,4,17,"12_25","2_40","First_floral_array_attempt","Bertha","","LACA","Andrena_subchalybea",2,1,NA
2022,4,17,"12_25","2_40","First_floral_array_attempt","Bertha","","LACA","Conophorus_fenestratus",1,1,NA
2022,4,17,"12_25","2_40","First_floral_array_attempt","Bertha","","LACA","Andrena_subchalybea",3,1,NA
2022,4,17,"12_25","2_40","First_floral_array_attempt","Bertha","","LACA","Andrena_sp.",1,5,NA
2022,4,17,"12_25","2_40","First_floral_array_attempt","Bertha","","LUMI","Bombylius_major",1,5,NA
2022,4,17,"12_25","2_40","First_floral_array_attempt","Bertha","","TRFU","Apis_mellifera",1,50,NA
2022,4,17,"12_25","2_40","First_floral_array_attempt","Bertha","","LUMI","Conophorus_fenestratus",1,50,NA
2022,4,17,"12_25","2_40","First_floral_array_attempt","Bertha","","LUMI","Cyrtopogon_sp.",1,50,NA
2022,4,17,"12_25","2_40","First_floral_array_attempt","Bertha","","LACA","Euopeodes_fumipennis",2,5,NA
2022,4,17,"12_25","2_40","First_floral_array_attempt","Bertha","","LACA","Andrena_subchalybea",1,1,NA
2022,4,17,"12_25","2_40","First_floral_array_attempt","Bertha","","LACA","Andrena_subchalybea",1,1,NA
2022,4,17,"12_25","2_40","First_floral_array_attempt","Bertha","","LACA","Andrena_subchalybea",2,1,NA
2022,4,17,"12_25","2_40","First_floral_array_attempt","Bertha","","VIVI","Apis_mellifera",1,0,NA
2022,4,17,"12_25","2_40","First_floral_array_attempt","Bertha","","LACA","Apis_mellifera",1,0,NA
2022,4,17,"12_25","2_40","First_floral_array_attempt","Bertha","","LACA","Euopeodes_fumipennis",1,0,NA
2022,4,17,"12_25","2_40","First_floral_array_attempt","Bertha","","TRFU","Bombus_californicus",1,0,NA
2022,4,17,"12_25","2_40","First_floral_array_attempt","Bertha","","TRFU","Bombus_vosnesenskii",2,0,NA
2022,4,17,"2_55","5_02","First_floral_array_attempt","Goatgrass","","VIVI","Eucera_frater_albopilosa",9,0,NA
2022,4,17,"2_55","5_02","First_floral_array_attempt","Goatgrass","","VIVI","Bombus_vosnesenskii",1,0,NA
2022,4,17,"2_55","5_02","First_floral_array_attempt","Goatgrass","","VIVI","Osmia_cara",2,0,NA
2022,4,17,"2_55","5_02","First_floral_array_attempt","Goatgrass","","VIVI","Bombus_melanopygus",2,0,NA
2022,4,17,"2_55","5_02","First_floral_array_attempt","Goatgrass","","LUMI","Adela_flammeusella",2,1,NA
2022,4,17,"2_55","5_02","First_floral_array_attempt","Goatgrass","","LUMI","Diadasia_nigrifrons",1,1,NA
2022,4,17,"2_55","5_02","First_floral_array_attempt","Goatgrass","","VIVI","Diadasia_nigrifrons",1,0,NA
2022,4,17,"2_55","5_02","First_floral_array_attempt","Goatgrass","","LUMI","Diadasia_nigrifrons",1,1,NA
2022,4,17,"2_55","5_02","First_floral_array_attempt","Goatgrass","","LACA","Conophorus_fenestratus",1,5,NA
2022,4,17,"2_55","5_02","First_floral_array_attempt","Goatgrass","","LUMI","Bombylius_major",1,5,NA
2022,4,17,"2_55","5_02","First_floral_array_attempt","Goatgrass","","LUMI","Anthrenus_sp.",1,0,NA
2022,4,17,"2_55","5_02","First_floral_array_attempt","Goatgrass","","LUSU","Anthrenus_sp.",1,0,NA
2022,4,17,"2_55","5_02","First_floral_array_attempt","Goatgrass","","VIVI","Anthophora_californica",1,0,NA
2022,4,17,"2_55","5_02","First_floral_array_attempt","Goatgrass","","VIVI","Anthophora_californica",1,0,NA
2022,4,17,"2_55","5_02","First_floral_array_attempt","Goatgrass","","LUSU","Euopeodes_fumipennis",1,5,NA
2022,4,17,"2_55","5_02","First_floral_array_attempt","Goatgrass","","LUMI","Anthrenus_sp.",1,5,NA
2022,4,17,"2_55","5_02","First_floral_array_attempt","Goatgrass","","LUMI","Listrus_sp._1",1,1,NA
2022,4,17,"2_55","5_02","First_floral_array_attempt","Goatgrass","","LACA","Listrus_sp._1",1,1,NA
2022,4,17,"2_55","5_02","First_floral_array_attempt","Goatgrass","","LACA","Listrus_sp._1",1,1,NA
2022,4,17,"2_55","5_02","First_floral_array_attempt","Goatgrass","","LACA","Elateridae",1,1,NA
2022,4,17,"2_55","5_02","First_floral_array_attempt","Goatgrass","","DEVA","Listrus_sp._1",1,1,NA
2022,4,17,"2_55","5_02","First_floral_array_attempt","Goatgrass","","LUMI","Listrus_sp._1",1,1,NA
2022,4,17,"2_55","5_02","First_floral_array_attempt","Goatgrass","","DEVA","Listrus_sp._1",1,1,NA
2022,4,17,"2_55","5_02","First_floral_array_attempt","Goatgrass","","LUMI","Listrus_sp._1",1,1,NA
2022,4,17,"2_55","5_02","First_floral_array_attempt","Goatgrass","","LUSU","Scaeva_affinis",1,0,NA
2022,4,17,"2_55","5_02","First_floral_array_attempt","Goatgrass","","LUMI","Listrus_sp._1",1,0,NA
2022,4,17,"2_55","5_02","First_floral_array_attempt","Goatgrass","","LUMI","Listrus_sp._1",1,1,NA
2022,4,17,"2_55","5_02","First_floral_array_attempt","Goatgrass","","LUMI","Listrus_sp._1",1,1,NA
2022,4,17,"2_55","5_02","First_floral_array_attempt","Goatgrass","","LUMI","Muscidae",1,1,NA
2022,4,17,"2_55","5_02","First_floral_array_attempt","Goatgrass","","LUMI","BF1_Diptera",1,5,NA
2022,4,17,"2_55","5_02","First_floral_array_attempt","Aikawa","","VIVI","Eucera_frater_albopilosa",1,0,NA
2022,4,17,"2_55","5_02","First_floral_array_attempt","Aikawa","","LUSU","Adela_eldorada",1,1,NA
2022,4,17,"2_55","5_02","First_floral_array_attempt","Aikawa","","LUMI","Apis_mellifera",1,1,NA
2022,4,17,"2_55","5_02","First_floral_array_attempt","Aikawa","","LUMI","Adela_eldorada",1,1,NA
2022,4,17,"2_55","5_02","First_floral_array_attempt","Aikawa","","TRFU","Apis_mellifera",7,5,NA
2022,4,17,"2_55","5_02","First_floral_array_attempt","Aikawa","","TRFU","Bombus_vosnesenskii",1,0,NA
2022,4,17,"2_55","5_02","First_floral_array_attempt","Aikawa","","TRFU","Bombus_vosnesenskii",1,1,NA
2022,4,17,"2_55","5_02","First_floral_array_attempt","Aikawa","","TRFU","Bombus_vosnesenskii",1,5,NA
2022,4,17,"2_55","5_02","First_floral_array_attempt","Aikawa","","TRFU","Bombus_vosnesenskii",1,10,NA
2022,4,17,"2_55","5_02","First_floral_array_attempt","Aikawa","","TRFU","Bombus_vosnesenskii",6,5,NA
2022,4,17,"2_55","5_02","First_floral_array_attempt","Aikawa","","TRFU","Apis_mellifera",2,10,NA
2022,4,17,"2_55","5_02","First_floral_array_attempt","Aikawa","","TRFU","Bombus_vosnesenskii",3,10,NA
2022,4,17,"2_55","5_02","First_floral_array_attempt","Aikawa","","TRFU","Bombus_vosnesenskii",1,10,NA
2022,4,17,"2_55","5_02","First_floral_array_attempt","Aikawa","","TRFU","Apis_mellifera",4,90,NA
2022,4,17,"2_55","5_02","First_floral_array_attempt","Aikawa","","TRFU","Bombus_vosnesenskii",1,30,NA
2022,4,17,"2_55","5_02","First_floral_array_attempt","Aikawa","","TRFU","Apis_mellifera",1,40,NA
2022,4,17,"2_55","5_02","First_floral_array_attempt","Aikawa","","AGHE","Osmia_cara",1,30,NA
2022,4,17,"2_55","5_02","First_floral_array_attempt","Aikawa","","TRFU","Apis_mellifera",2,40,NA
2022,4,17,"2_55","5_02","First_floral_array_attempt","Aikawa","","LUSU","Hippodamia_convergens",1,40,NA
2022,4,17,"2_55","5_02","First_floral_array_attempt","Aikawa","","TRFU","Apis_mellifera",2,40,NA
2022,4,17,"2_55","5_02","First_floral_array_attempt","Aikawa","","ERCA","Bombus_melanopygus",1,50,NA
2022,4,17,"2_55","5_02","First_floral_array_attempt","Aikawa","","ERCA","Bombus_melanopygus",1,50,NA
2022,4,17,"2_55","5_02","First_floral_array_attempt","Aikawa","","ERCA","Bombus_melanopygus",1,50,NA
2023,4,20,"11_50","2_12","2","Upper_Grid_1","","LACA","Adela_eldorada",1,5,NA
2023,4,24,"10_01","12_45","3","Upper_Grid_1","","LACA","Adela_eldorada",1,20,NA
2023,4,24,"10_01","12_45","3","Upper_Grid_1","","LACA","Adela_eldorada",1,20,NA
2023,4,24,"10_01","12_45","3","Upper_Grid_1","","LACA","Adela_eldorada",1,20,NA
2023,4,24,"10_01","12_45","3","Upper_Grid_1","","LACA","Adela_eldorada",1,20,NA
2023,4,27,"2_33","3_15","3","Upper_Grid_1","","LACA","Adela_eldorada",1,20,NA
2023,5,5,"11_34","11_42","1","Quarry_2","V11","LACA","Adela_eldorada",1,2,NA
2023,5,11,"1_32","1_47","3","Goatgrass","","ACMO","Adela_eldorada",1,20,NA
2023,5,12,"9_08","9_21","5","Quarry_2","","ERGU","Adela_eldorada",1,100,NA
2023,5,12,"9_38","9_47","2","Quarry_1","ERGU2","ERGU","Adela_eldorada",1,20,NA
2023,5,12,"9_38","9_47","2","Quarry_1","ERGU2","ERGU","Adela_eldorada",1,30,NA
2023,5,12,"9_38","9_47","2","Quarry_1","ERGU1","ERGU","Adela_eldorada",1,50,NA
2023,5,12,"9_38","9_47","2","Quarry_1","ERGU1","ERGU","Adela_eldorada",1,50,NA
2023,5,12,"9_48","10_01","3","Quarry_1","","ERGU","Adela_eldorada",1,200,NA
2023,5,12,"10_14","10_27","5","Quarry_1","","ERGU","Adela_eldorada",1,10,NA
2023,5,14,"11_43","11_59","4","Bertha","","ACMO","Adela_eldorada",1,20,NA
2023,5,16,"7_31","7_54","3","Quarry_2","","ERGU","Adela_eldorada",1,60,NA
2023,5,16,"9_42","10_22","4","Quarry_1","ERGU_seep","ERGU","Adela_eldorada",1,30,NA
2023,5,16,"9_42","10_22","4","Quarry_1","ERGU_seep","ERGU","Adela_eldorada",1,30,NA
2023,5,16,"9_42","10_22","4","Quarry_1","side_seep_2","ERGU","Adela_eldorada",1,50,NA
2023,5,16,"9_42","10_22","4","Quarry_1","","ERGU","Adela_eldorada",1,40,NA
2023,5,16,"9_42","10_22","4","Quarry_1","","ERGU","Adela_eldorada",1,10,NA
2023,5,16,"10_27","10_44","3","Quarry_1","seep","ALAM","Adela_eldorada",1,100,NA
2023,5,16,"10_27","10_44","3","Quarry_1","seep","ERGU","Adela_eldorada",1,100,NA
2023,5,17,"8_35","8_56","3","Quarry_1","","AGHE","Adela_eldorada",1,20,NA
2023,5,17,"8_35","8_56","3","Quarry_1","","ERGU","Adela_eldorada",1,100,NA
2023,5,17,"8_35","8_56","3","Quarry_1","","ERGU","Adela_eldorada",1,100,NA
2023,5,17,"8_59","9_26","4","Quarry_1","","AGHE","Adela_eldorada",1,50,NA
2023,4,20,"11_50","2_12","2","Upper_Grid_1","","PLER","Adela_trigrapha",3,5,NA
2023,4,28,"11_06","11_49","2","Quarry_1","","LACA","Agapostemon_subtilior",1,100,NA
2023,4,28,"1_00","2_01","5","Goatgrass","","LACA","Agapostemon_subtilior",1,10,NA
2023,4,29,"10_32","10_52","Focal_Obs","Upper_Grid_2","0M focal","VIVI","Autographa_californica",1,0,NA
2023,5,8,"2_36","2_41","5","Upper_Seep","V2","VIVI","Anthophora_californica",1,0,NA
2023,4,22,"2_36","4_38","1","Owl_Seep","PH1","PHTA","Anthophora_californica",1,5,NA
2023,4,22,"2_36","4_38","1","Owl_Seep","ERGU1","ERGU","Anthophora_californica",1,10,NA
2023,4,22,"2_36","4_38","1","Owl_Seep","PH1","PHTA","Eucera_actuosa",1,5,NA
2023,4,22,"2_36","4_38","2","Owl_Seep","V1","VIVI","Anthophora_californica",2,0,NA
2023,4,22,"2_36","4_38","3","Owl_Seep","PH5","PHTA","Anthophora_californica",1,20,NA
2023,4,22,"2_36","4_38","4","Owl_Seep","V4","VIVI","Anthophora_californica",2,0,NA
2023,4,22,"2_36","4_38","5","Owl_Seep","PH10","PHTA","Anthophora_californica",1,20,NA
2023,4,23,"2_19","3_35","1","Owl_Seep","V1","VIVI","Anthophora_californica",3,0,NA
2023,4,23,"2_19","3_35","3","Owl_Seep","PH5","PHTA","Anthophora_californica",3,10,NA
2023,4,23,"2_19","3_35","3","Owl_Seep","PH5","PHTA","Anthophora_californica",1,10,NA
2023,4,23,"2_19","3_35","3","Owl_Seep","PH5","PHTA","Anthophora_californica",2,11,NA
2023,4,23,"2_19","3_35","3","Owl_Seep","PH5","PHTA","Anthophora_californica",1,10,NA
2023,4,23,"2_19","3_35","3","Owl_Seep","PH5","PHTA","Anthophora_californica",1,10,NA
2023,4,24,"1_19","2_09","1","Upper_Grid_2","V2","VIVI","Anthophora_californica",1,0,NA
2023,4,24,"1_19","2_09","2","Upper_Grid_2","V3","VIVI","Anthophora_californica",3,0,NA
2023,4,24,"1_19","2_09","4","Upper_Grid_2","V3","VIVI","Anthophora_californica",2,0,NA
2023,4,24,"3_24","4_04","2","Rock","V2","VIVI","Anthophora_californica",1,0,NA
2023,4,26,"8_54","11_57","1","Owl_Seep","not in marked patch","PHTA","Anthophora_californica",1,0,NA
2023,4,26,"8_54","11_57","1","Owl_Seep","not in marked patch","PHTA","Anthophora_californica",2,0,NA
2023,4,26,"8_54","11_57","1","Owl_Seep","V1","VIVI","Anthophora_californica",4,0,NA
2023,4,26,"8_54","11_57","1","Owl_Seep","V1","VIVI","Anthophora_californica",1,0,NA
2023,4,26,"8_54","11_57","2","Owl_Seep","V1","VIVI","Anthophora_californica",1,0,NA
2023,4,26,"8_54","11_57","2","Owl_Seep","V2","VIVI","Anthophora_californica",5,0,NA
2023,4,26,"8_54","11_57","3","Owl_Seep","PH5","PHTA","Anthophora_californica",1,20,NA
2023,4,26,"8_54","11_57","3","Owl_Seep","V4","VIVI","Anthophora_californica",1,0,NA
2023,4,27,"12_16","1_11","4","Upper_Grid_2","V4","VIVI","Anthophora_californica",1,0,NA
2023,4,27,"3_27","4_03","4","Upper_Seep","V3","VIVI","Anthophora_californica",1,0,NA
2023,4,28,"1_00","2_01","2","Goatgrass","V3","VIVI","Anthophora_californica",2,0,NA
2023,5,8,"10_11","10_34","2","Owl_Seep","V1","VIVI","Anthophora_californica",6,0,NA
2023,5,8,"10_11","10_34","2","Owl_Seep","V2","VIVI","Anthophora_californica",1,0,NA
2023,5,8,"10_35","10_44","3","Owl_Seep","","ESCA","Anthophora_californica",3,10,NA
2023,5,8,"10_35","10_44","3","Owl_Seep","PH4","PHTA","Anthophora_californica",1,10,NA
2023,5,8,"10_35","10_44","3","Owl_Seep","PH4","ERGU","Anthophora_californica",4,10,NA
2023,5,8,"10_35","10_44","3","Owl_Seep","PH4","ERGU","Anthophora_californica",1,10,NA
2023,5,8,"1_11","1_29","4","Upper_Grid_2","V1","VIVI","Anthophora_californica",1,0,NA
2023,5,8,"1_58","2_12","2","Upper_Seep","","ERGU","Anthophora_californica",1,5,NA
2023,5,8,"2_23","2_34","4","Upper_Seep","V3","VIVI","Anthophora_californica",1,0,NA
2023,5,9,"12_27","12_33","2","Rock","V2","VIVI","Anthophora_californica",2,0,NA
2023,5,9,"12_27","12_33","2","Rock","V2","VIVI","Anthophora_californica",1,0,NA
2023,5,9,"1_24","1_32","3","Lower_Grid_1","V1","VIVI","Anthophora_californica",4,0,NA
2023,5,9,"1_24","1_32","3","Lower_Grid_1","V1","VIVI","Anthophora_californica",1,0,NA
2023,5,9,"1_34","1_44","4","Lower_Grid_1","V2","VIVI","Anthophora_californica",1,0,NA
2023,5,9,"1_34","1_44","4","Lower_Grid_1","V2","VIVI","Anthophora_californica",1,0,NA
2023,5,9,"1_34","1_44","4","Lower_Grid_1","V2","VIVI","Anthophora_californica",2,0,NA
2023,5,9,"1_45","1_56","5","Lower_Grid_1","V2","VIVI","Anthophora_californica",1,0,NA
2023,5,9,"1_45","1_56","5","Lower_Grid_1","V2","VIVI","Anthophora_californica",1,0,NA
2023,5,9,"1_45","1_56","5","Lower_Grid_1","V2","VIVI","Anthophora_californica",1,0,NA
2023,5,9,"1_45","1_56","5","Lower_Grid_1","V2","VIVI","Anthophora_californica",1,0,NA
2023,5,9,"1_45","1_56","5","Lower_Grid_1","V2","VIVI","Anthophora_californica",1,0,NA
2023,5,9,"2_29","2_53","1","Owl_Seep","PH1","PHTA","Anthophora_californica",1,10,NA
2023,5,9,"2_29","2_53","1","Owl_Seep","PH1","PHTA","Anthophora_californica",1,10,NA
2023,5,9,"2_53","3_05","2","Owl_Seep","V2","VIVI","Anthophora_californica",1,0,NA
2023,5,9,"3_06","3_19","3","Owl_Seep","PH4","PHTA","Anthophora_californica",1,10,NA
2023,5,9,"3_32","3_42","5","Owl_Seep","PH5","PHTA","Anthophora_californica",1,10,NA
2023,5,10,"9_12","9_32","1","Upper_Seep","V2","VIVI","Anthophora_californica",1,0,NA
2023,5,10,"9_33","9_41","2","Upper_Seep","ERGU1","ERGU","Anthophora_californica",4,10,NA
2023,5,10,"9_33","9_41","2","Upper_Seep","ERGU1","ERGU","Anthophora_californica",1,10,NA
2023,5,10,"9_56","10_04","5","Upper_Seep","V3","VIVI","Anthophora_californica",2,0,NA
2023,5,10,"10_14","10_25","1","Upper_Grid_2","V3","VIVI","Anthophora_californica",1,0,NA
2023,5,10,"11_29","11_36","1","Rock","V2","VIVI","Anthophora_californica",1,0,NA
2023,5,10,"2_22","2_40","1","Owl_Seep","PH1","PHTA","Anthophora_californica",1,5,NA
2023,5,10,"2_22","2_40","1","Owl_Seep","PH1","PHTA","Anthophora_californica",1,1,NA
2023,5,11,"4_05","4_18","1","Bertha","","TRHI","Anthophora_californica",1,0,NA
2023,5,12,"9_48","10_01","3","Quarry_1","","EUSP","Anthophora_californica",2,100,NA
2023,5,14,"1_52","2_02","4","Goatgrass","","LOHO","Anthophora_californica",1,0,NA
2023,5,17,"8_13","8_33","2","Quarry_1","","ERGU","Anthophora_californica",6,30,NA
2023,5,17,"8_13","8_33","2","Quarry_1","","ERGU","Anthophora_californica",2,30,NA
2023,5,17,"8_13","8_33","2","Quarry_1","","ERGU","Anthophora_californica",1,20,NA
2023,5,17,"8_35","8_56","3","Quarry_1","","ERGU","Anthophora_californica",1,30,NA
2023,5,20,"7_36","7_49","2","Goatgrass","","PHIM","Anthophora_californica",3,10,NA
2023,5,9,"10_46","10_56","4","Pond","","LACA","Andrena_dissona",2,0,NA
2023,4,20,"11_50","2_12","1","Upper_Grid_1","","GITR","Andrena_sp.",1,2,NA
2023,4,20,"11_50","2_12","2","Upper_Grid_1","","LACA","Andrena_sp.",1,10,NA
2023,4,24,"10_01","12_45","5","Upper_Grid_1","","LACA","Andrena_sp.",1,40,NA
2023,5,10,"2_22","2_40","1","Owl_Seep","PH1","PHTA","Andrena_sp.",2,5,NA
2023,5,11,"4_38","4_58","3","Bertha","","LACA","Andrena_sp.",1,200,NA
2023,5,11,"5_13","5_26","5","Bertha","","LACA","Andrena_sp.",1,10,NA
2023,5,14,"11_22","11_42","3","Bertha","","LACA","Andrena_sp.",2,0,NA
2023,5,14,"1_52","2_02","4","Goatgrass","","LACA","Andrena_sp.",2,5,NA
2023,5,16,"7_55","8_03","4","Quarry_2","","AGHE","Andrena_sp.",1,100,NA
2023,5,16,"8_04","8_14","5","Quarry_2","","AGHE","Andrena_sp.",1,50,NA
2023,5,16,"10_27","10_44","3","Quarry_1","seep","ANFI","Andrena_sp.",1,100,NA
2023,5,17,"8_00","8_12","1","Quarry_1","","AGHE","Andrena_sp.",1,20,NA
2023,5,17,"8_00","8_12","1","Quarry_1","","MIDO","Andrena_sp.",2,20,NA
2023,5,17,"8_00","8_12","1","Quarry_1","","AGHE","Andrena_sp.",1,20,NA
2023,5,17,"8_00","8_12","1","Quarry_1","","AGHE","Andrena_sp.",1,20,NA
2023,5,17,"8_00","8_12","1","Quarry_1","","AGHE","Andrena_sp.",4,20,NA
2023,5,17,"8_13","8_33","2","Quarry_1","","AGHE","Andrena_sp.",1,5,NA
2023,4,24,"10_01","12_45","2","Upper_Grid_1","","GITR","Andrena_sp.",1,10,NA
2023,5,20,"7_36","7_49","2","Goatgrass","","AGHE","Andrena_sp.",1,0,NA
2023,5,21,"7_25","7_42","2","Quarry_1","","AGHE","Andrena_sp.",1,20,NA
2023,5,21,"7_57","8_21","4","Quarry_1","","AGHE","Andrena_sp.",1,20,NA
2023,5,21,"7_57","8_21","4","Quarry_1","","AGHE","Andrena_sp.",1,50,NA
2023,4,28,"9_38","10_49","5","Quarry_2","","LACA","Andrena_sp.",1,200,NA
2023,5,5,"11_50","11_55","3","Quarry_2","","AGHE","Andrena_subchalybea",1,10,NA
2023,5,5,"11_56","12_04","4","Quarry_2","","AGHE","Andrena_subchalybea",1,50,NA
2023,5,5,"11_56","12_04","4","Quarry_2","","AGHE","Andrena_subchalybea",2,50,NA
2023,5,5,"12_06","12_11","5","Quarry_2","","AGHE","Andrena_subchalybea",1,100,NA
2023,5,7,"9_49","10_04","4","Pond","","AGHE","Andrena_subchalybea",1,20,NA
2023,5,7,"10_16","10_27","1","Bertha","","AGHE","Andrena_subchalybea",1,0,NA
2023,5,7,"10_28","10_46","2","Bertha","","AGHE","Andrena_subchalybea",1,5,NA
2023,5,7,"10_28","10_46","2","Bertha","","AGHE","Andrena_subchalybea",1,5,NA
2023,5,7,"11_08","11_24","4","Bertha","","AGHE","Andrena_subchalybea",1,10,NA
2023,5,7,"11_26","11_46","5","Bertha","","AGHE","Andrena_subchalybea",1,0,NA
2023,5,7,"11_26","11_46","5","Bertha","","AGHE","Andrena_subchalybea",1,0,NA
2023,5,7,"11_26","11_46","5","Bertha","","AGHE","Andrena_subchalybea",1,0,NA
2023,5,7,"11_26","11_46","5","Bertha","","AGHE","Andrena_subchalybea",1,0,NA
2023,5,7,"11_26","11_46","5","Bertha","","AGHE","Andrena_subchalybea",1,10,NA
2023,5,7,"12_56","1_03","2","Goatgrass","","AGHE","Andrena_subchalybea",1,0,NA
2023,5,7,"12_56","1_03","2","Goatgrass","","AGHE","Andrena_subchalybea",1,0,NA
2023,5,9,"8_31","8_42","1","Bertha","","AGHE","Andrena_subchalybea",1,1,NA
2023,5,9,"8_43","8_57","2","Bertha","","AGHE","Andrena_subchalybea",1,10,NA
2023,5,9,"8_43","8_57","2","Bertha","","AGHE","Andrena_subchalybea",1,10,NA
2023,5,9,"8_58","9_16","3","Bertha","","AGHE","Andrena_subchalybea",1,5,NA
2023,5,9,"9_38","10_00","5","Bertha","","AGHE","Andrena_subchalybea",2,50,NA
2023,5,9,"9_38","10_00","5","Bertha","","AGHE","Andrena_subchalybea",1,0,NA
2023,5,9,"9_38","10_00","5","Bertha","","AGHE","Andrena_subchalybea",1,0,NA
2023,5,9,"9_38","10_00","5","Bertha","","AGHE","Andrena_subchalybea",2,0,NA
2023,5,12,"8_33","8_41","1","Quarry_2","","AGHE","Andrena_subchalybea",2,1,NA
2023,5,12,"8_42","8_48","2","Quarry_2","","AGHE","Andrena_subchalybea",1,10,NA
2023,5,12,"8_49","8_58","3","Quarry_2","","AGHE","Andrena_subchalybea",1,40,NA
2023,5,12,"8_49","8_58","3","Quarry_2","","AGHE","Andrena_subchalybea",3,45,NA
2023,5,12,"8_49","8_58","3","Quarry_2","","AGHE","Andrena_subchalybea",3,40,NA
2023,5,12,"8_49","8_58","3","Quarry_2","","AGHE","Andrena_subchalybea",1,45,NA
2023,5,12,"8_49","8_58","3","Quarry_2","","AGHE","Andrena_subchalybea",1,30,NA
2023,5,12,"8_49","8_58","3","Quarry_2","","AGHE","Andrena_subchalybea",1,30,NA
2023,5,12,"8_59","9_07","4","Quarry_2","","AGHE","Andrena_subchalybea",4,50,NA
2023,5,12,"8_59","9_07","4","Quarry_2","","AGHE","Andrena_subchalybea",1,50,NA
2023,5,12,"8_59","9_07","4","Quarry_2","","AGHE","Andrena_subchalybea",2,65,NA
2023,5,12,"8_59","9_07","4","Quarry_2","","AGHE","Andrena_subchalybea",1,65,NA
2023,5,12,"9_08","9_21","5","Quarry_2","","AGHE","Andrena_subchalybea",1,100,NA
2023,5,12,"9_08","9_21","5","Quarry_2","","AGHE","Andrena_subchalybea",3,100,NA
2023,5,12,"9_08","9_21","5","Quarry_2","","AGHE","Andrena_subchalybea",1,100,NA
2023,5,12,"9_08","9_21","5","Quarry_2","","AGHE","Andrena_subchalybea",4,100,NA
2023,5,12,"9_08","9_21","5","Quarry_2","","AGHE","Andrena_subchalybea",1,100,NA
2023,5,12,"9_08","9_21","5","Quarry_2","","AGHE","Andrena_subchalybea",1,100,NA
2023,5,12,"9_08","9_21","5","Quarry_2","","AGHE","Andrena_subchalybea",1,100,NA
2023,5,12,"9_28","9_37","1","Quarry_1","","AGHE","Andrena_subchalybea",1,10,NA
2023,5,12,"9_28","9_37","1","Quarry_1","","AGHE","Andrena_subchalybea",1,20,NA
2023,5,16,"7_31","7_54","3","Quarry_2","","AGHE","Andrena_subchalybea",1,40,NA
2023,5,16,"7_31","7_54","3","Quarry_2","","AGHE","Andrena_subchalybea",1,40,NA
2023,5,16,"7_31","7_54","3","Quarry_2","","AGHE","Andrena_subchalybea",3,50,NA
2023,5,16,"7_31","7_54","3","Quarry_2","","AGHE","Andrena_subchalybea",1,50,NA
2023,5,16,"7_31","7_54","3","Quarry_2","","AGHE","Andrena_subchalybea",2,60,NA
2023,5,16,"7_31","7_54","3","Quarry_2","","AGHE","Andrena_subchalybea",4,60,NA
2023,5,16,"7_31","7_54","3","Quarry_2","","AGHE","Andrena_subchalybea",1,70,NA
2023,5,16,"7_55","8_03","4","Quarry_2","","AGHE","Andrena_subchalybea",1,100,NA
2023,5,16,"7_55","8_03","4","Quarry_2","","AGHE","Andrena_subchalybea",3,100,NA
2023,5,16,"7_55","8_03","4","Quarry_2","","AGHE","Andrena_subchalybea",2,100,NA
2023,5,16,"7_55","8_03","4","Quarry_2","","AGHE","Andrena_subchalybea",1,100,NA
2023,5,16,"7_55","8_03","4","Quarry_2","","AGHE","Andrena_subchalybea",1,100,NA
2023,5,16,"7_55","8_03","4","Quarry_2","","AGHE","Andrena_subchalybea",1,100,NA
2023,5,16,"7_55","8_03","4","Quarry_2","","AGHE","Andrena_subchalybea",1,100,NA
2023,5,16,"7_55","8_03","4","Quarry_2","","AGHE","Andrena_subchalybea",1,100,NA
2023,5,16,"7_55","8_03","4","Quarry_2","","AGHE","Andrena_subchalybea",1,100,NA
2023,5,16,"7_55","8_03","4","Quarry_2","","AGHE","Andrena_subchalybea",1,100,NA
2023,5,16,"8_04","8_14","5","Quarry_2","","AGHE","Andrena_subchalybea",1,40,NA
2023,5,16,"8_04","8_14","5","Quarry_2","","AGHE","Andrena_subchalybea",1,40,NA
2023,5,16,"8_04","8_14","5","Quarry_2","","AGHE","Andrena_subchalybea",1,40,NA
2023,5,16,"8_04","8_14","5","Quarry_2","","AGHE","Andrena_subchalybea",1,50,NA
2023,5,16,"8_04","8_14","5","Quarry_2","","AGHE","Andrena_subchalybea",1,50,NA
2023,5,16,"8_04","8_14","5","Quarry_2","","AGHE","Andrena_subchalybea",2,50,NA
2023,5,16,"8_04","8_14","5","Quarry_2","","AGHE","Andrena_subchalybea",2,50,NA
2023,5,16,"8_04","8_14","5","Quarry_2","","AGHE","Andrena_subchalybea",1,50,NA
2023,5,16,"8_04","8_14","5","Quarry_2","","AGHE","Andrena_subchalybea",1,50,NA
2023,5,16,"8_04","8_14","5","Quarry_2","","AGHE","Andrena_subchalybea",1,50,NA
2023,5,16,"8_04","8_14","5","Quarry_2","","AGHE","Andrena_subchalybea",1,50,NA
2023,5,16,"8_04","8_14","5","Quarry_2","","AGHE","Andrena_subchalybea",1,50,NA
2023,5,16,"8_04","8_14","5","Quarry_2","","AGHE","Andrena_subchalybea",1,50,NA
2023,5,16,"8_04","8_14","5","Quarry_2","","AGHE","Andrena_subchalybea",1,50,NA
2023,5,16,"8_04","8_14","5","Quarry_2","","AGHE","Andrena_subchalybea",1,50,NA
2023,5,17,"8_00","8_12","1","Quarry_1","","AGHE","Andrena_subchalybea",1,30,NA
2023,5,17,"8_00","8_12","1","Quarry_1","","ERGU","Andrena_subchalybea",1,40,NA
2023,5,17,"8_00","8_12","1","Quarry_1","","AGHE","Andrena_subchalybea",2,40,NA
2023,5,17,"8_00","8_12","1","Quarry_1","","AGHE","Andrena_subchalybea",1,40,NA
2023,5,17,"8_00","8_12","1","Quarry_1","","AGHE","Andrena_subchalybea",1,35,NA
2023,5,17,"8_00","8_12","1","Quarry_1","","AGHE","Andrena_subchalybea",1,30,NA
2023,5,17,"8_00","8_12","1","Quarry_1","","AGHE","Andrena_subchalybea",1,20,NA
2023,5,17,"8_00","8_12","1","Quarry_1","","AGHE","Andrena_subchalybea",1,10,NA
2023,5,17,"8_00","8_12","1","Quarry_1","","AGHE","Andrena_subchalybea",1,10,NA
2023,5,17,"8_00","8_12","1","Quarry_1","","AGHE","Andrena_subchalybea",4,10,NA
2023,5,17,"8_00","8_12","1","Quarry_1","","AGHE","Andrena_subchalybea",2,10,NA
2023,5,17,"8_13","8_33","2","Quarry_1","","AGHE","Andrena_subchalybea",1,10,NA
2023,5,17,"8_13","8_33","2","Quarry_1","","AGHE","Andrena_subchalybea",2,5,NA
2023,5,17,"8_35","8_56","3","Quarry_1","","AGHE","Andrena_subchalybea",1,20,NA
2023,5,17,"8_35","8_56","3","Quarry_1","","AGHE","Andrena_subchalybea",1,20,NA
2023,5,20,"7_29","7_36","1","Goatgrass","","AGHE","Andrena_subchalybea",1,50,NA
2023,5,20,"7_29","7_36","1","Goatgrass","","AGHE","Andrena_subchalybea",1,20,NA
2023,5,20,"7_29","7_36","1","Goatgrass","","AGHE","Andrena_subchalybea",1,20,NA
2023,5,20,"7_36","7_49","2","Goatgrass","","AGHE","Andrena_subchalybea",1,20,NA
2023,5,20,"7_36","7_49","2","Goatgrass","","AGHE","Andrena_subchalybea",1,10,NA
2023,5,20,"7_36","7_49","2","Goatgrass","","AGHE","Andrena_subchalybea",1,10,NA
2023,5,20,"7_36","7_49","2","Goatgrass","","AGHE","Andrena_subchalybea",2,10,NA
2023,5,20,"7_36","7_49","2","Goatgrass","","AGHE","Andrena_subchalybea",1,1,NA
2023,5,20,"7_36","7_49","2","Goatgrass","","AGHE","Andrena_subchalybea",1,0,NA
2023,5,20,"7_36","7_49","2","Goatgrass","","AGHE","Andrena_subchalybea",1,0,NA
2023,5,20,"7_36","7_49","2","Goatgrass","","AGHE","Andrena_subchalybea",1,0,NA
2023,5,20,"7_36","7_49","2","Goatgrass","","AGHE","Andrena_subchalybea",1,0,NA
2023,5,20,"7_36","7_49","2","Goatgrass","","AGHE","Andrena_subchalybea",1,0,NA
2023,5,20,"7_36","7_49","2","Goatgrass","","AGHE","Andrena_subchalybea",1,0,NA
2023,5,20,"7_36","7_49","2","Goatgrass","","AGHE","Andrena_subchalybea",1,0,NA
2023,5,20,"7_36","7_49","2","Goatgrass","","AGHE","Andrena_subchalybea",1,0,NA
2023,5,20,"7_36","7_49","2","Goatgrass","","AGHE","Andrena_subchalybea",1,0,NA
2023,5,20,"7_36","7_49","2","Goatgrass","","AGHE","Andrena_subchalybea",1,0,NA
2023,5,20,"7_36","7_49","2","Goatgrass","","AGHE","Andrena_subchalybea",1,0,NA
2023,5,20,"7_36","7_49","2","Goatgrass","","AGHE","Andrena_subchalybea",2,0,NA
2023,5,20,"7_36","7_49","2","Goatgrass","","AGHE","Andrena_subchalybea",1,0,NA
2023,5,20,"7_50","8_00","3","Goatgrass","","AGHE","Andrena_subchalybea",1,0,NA
2023,5,20,"7_50","8_00","3","Goatgrass","","AGHE","Andrena_subchalybea",1,0,NA
2023,5,20,"7_50","8_00","3","Goatgrass","","AGHE","Andrena_subchalybea",1,0,NA
2023,5,20,"7_50","8_00","3","Goatgrass","","AGHE","Andrena_subchalybea",1,0,NA
2023,5,20,"7_50","8_00","3","Goatgrass","","AGHE","Andrena_subchalybea",1,0,NA
2023,5,20,"7_50","8_00","3","Goatgrass","","AGHE","Andrena_subchalybea",1,0,NA
2023,5,20,"7_50","8_00","3","Goatgrass","","AGHE","Andrena_subchalybea",1,0,NA
2023,5,20,"7_50","8_00","3","Goatgrass","","AGHE","Andrena_subchalybea",1,0,NA
2023,5,20,"7_50","8_00","3","Goatgrass","","AGHE","Andrena_subchalybea",1,0,NA
2023,5,20,"7_50","8_00","3","Goatgrass","","AGHE","Andrena_subchalybea",1,0,NA
2023,5,20,"7_50","8_00","3","Goatgrass","","AGHE","Andrena_subchalybea",1,0,NA
2023,5,20,"7_50","8_00","3","Goatgrass","","AGHE","Andrena_subchalybea",1,5,NA
2023,5,20,"7_50","8_00","3","Goatgrass","","AGHE","Andrena_subchalybea",1,5,NA
2023,5,20,"7_50","8_00","3","Goatgrass","","AGHE","Andrena_subchalybea",1,0,NA
2023,5,20,"7_50","8_00","3","Goatgrass","","AGHE","Andrena_subchalybea",1,0,NA
2023,5,20,"7_50","8_00","3","Goatgrass","","AGHE","Andrena_subchalybea",1,0,NA
2023,5,20,"7_50","8_00","3","Goatgrass","","AGHE","Andrena_subchalybea",1,0,NA
2023,5,20,"8_02","8_14","4","Goatgrass","","AGHE","Andrena_subchalybea",1,1,NA
2023,5,20,"8_02","8_14","4","Goatgrass","","AGHE","Andrena_subchalybea",1,1,NA
2023,5,20,"8_02","8_14","4","Goatgrass","","AGHE","Andrena_subchalybea",1,0,NA
2023,5,20,"8_02","8_14","4","Goatgrass","","AGHE","Andrena_subchalybea",1,0,NA
2023,5,20,"8_02","8_14","4","Goatgrass","","AGHE","Andrena_subchalybea",1,0,NA
2023,5,20,"8_02","8_14","4","Goatgrass","","AGHE","Andrena_subchalybea",1,0,NA
2023,5,20,"8_02","8_14","4","Goatgrass","","AGHE","Andrena_subchalybea",1,0,NA
2023,5,20,"8_02","8_14","4","Goatgrass","","AGHE","Andrena_subchalybea",1,0,NA
2023,5,20,"8_02","8_14","4","Goatgrass","","AGHE","Andrena_subchalybea",1,0,NA
2023,5,20,"8_16","8_26","5","Goatgrass","","AGHE","Andrena_subchalybea",3,10,NA
2023,5,20,"8_16","8_26","5","Goatgrass","","AGHE","Andrena_subchalybea",1,0,NA
2023,5,20,"8_16","8_26","5","Goatgrass","","AGHE","Andrena_subchalybea",1,10,NA
2023,5,20,"8_16","8_26","5","Goatgrass","","LAMI","Andrena_subchalybea",1,70,NA
2023,5,20,"8_40","8_50","5","Bertha","","AGHE","Andrena_subchalybea",1,0,NA
2023,5,20,"8_40","8_50","5","Bertha","","AGHE","Andrena_subchalybea",1,1,NA
2023,5,20,"9_16","9_30","2","Bertha","","AGHE","Andrena_subchalybea",1,100,NA
2023,5,20,"9_16","9_30","2","Bertha","","MIDO","Andrena_subchalybea",1,10,NA
2023,5,21,"7_25","7_42","2","Quarry_1","","AGHE","Andrena_subchalybea",1,20,NA
2023,5,21,"7_25","7_42","2","Quarry_1","","AGHE","Andrena_subchalybea",1,10,NA
2023,5,21,"7_25","7_42","2","Quarry_1","","AGHE","Andrena_subchalybea",1,10,NA
2023,5,21,"7_57","8_21","4","Quarry_1","","AGHE","Andrena_subchalybea",2,50,NA
2023,5,21,"7_57","8_21","4","Quarry_1","","AGHE","Andrena_subchalybea",2,50,NA
2023,5,21,"7_57","8_21","4","Quarry_1","","AGHE","Andrena_subchalybea",1,50,NA
2023,5,21,"7_57","8_21","4","Quarry_1","","AGHE","Andrena_subchalybea",1,50,NA
2023,5,21,"7_57","8_21","4","Quarry_1","","AGHE","Andrena_subchalybea",2,50,NA
2023,5,21,"7_57","8_21","4","Quarry_1","","AGHE","Andrena_subchalybea",2,50,NA
2023,5,21,"7_57","8_21","4","Quarry_1","","AGHE","Andrena_subchalybea",1,50,NA
2023,5,21,"7_57","8_21","4","Quarry_1","","AGHE","Andrena_subchalybea",1,40,NA
2023,5,7,"10_16","10_27","1","Bertha","","AGHE","Andrena_subchalybea",1,0,NA
2023,5,7,"9_35","9_48","3","Pond","","AGHE","Andrena_pensilis",1,10,NA
2023,5,7,"9_49","10_04","4","Pond","","AGHE","Andrena_pensilis",1,20,NA
2023,5,9,"9_17","9_36","4","Bertha","","LACA","Andrena_pensilis",4,60,NA
2023,5,9,"9_38","10_00","5","Bertha","","AGHE","Andrena_pensilis",2,30,NA
2023,5,9,"9_38","10_00","5","Bertha","","AGHE","Andrena_pensilis",1,5,NA
2023,5,11,"4_38","4_58","3","Bertha","","LACA","Andrena_pensilis",1,300,NA
2023,5,16,"7_55","8_03","4","Quarry_2","","AGHE","Andrena_pensilis",1,100,NA
2023,5,16,"7_55","8_03","4","Quarry_2","","AGHE","Andrena_pensilis",2,100,NA
2023,5,20,"7_36","7_49","2","Goatgrass","","AGHE","Andrena_pensilis",2,20,NA
2023,5,20,"8_16","8_26","5","Goatgrass","","AGHE","Andrena_pensilis",2,10,NA
2023,5,21,"7_25","7_42","2","Quarry_1","","AGHE","Andrena_pensilis",1,20,NA
2023,5,21,"7_57","8_21","4","Quarry_1","","AGHE","Andrena_pensilis",1,50,NA
2023,5,17,"8_00","8_12","1","Quarry_1","","AGHE","Andrena_pensilis",1,40,NA
2023,4,28,"1_00","2_01","1","Goatgrass","","TRGR","Andrena_plana",1,100,NA
2023,5,7,"10_48","11_07","3","Bertha","","LACA","Andrena_plana",2,50,NA
2023,5,11,"4_38","4_58","3","Bertha","","LACA","Andrena_plana",2,250,NA
2023,5,14,"11_22","11_42","3","Bertha","","LACA","Andrena_plana",1,30,NA
2023,4,24,"10_01","12_45","4","Upper_Grid_1","","GITR","Andrena_plana",1,20,NA
2023,4,24,"10_01","12_45","4","Upper_Grid_1","","LACA","Andrena_plana",1,20,NA
2023,5,7,"12_38","12_56","1","Goatgrass","","AGHE","Andrena_subchalybea",1,250,NA
2023,4,26,"8_54","11_57","1","Owl_Seep","PH1","PHTA","Scaeva_affinis",1,5,NA
2023,5,16,"12_17","12_27","2","Goatgrass","","PHIM","Anthidium_illustre",1,0,NA
2023,5,16,"12_17","12_27","2","Goatgrass","","PHIM","Anthidium_illustre",2,0,NA
2023,5,7,"11_26","11_46","5","Bertha","VA","VIVI","Euopeodes_fumipennis",1,0,NA
2023,5,7,"11_26","11_46","5","Bertha","VA","ERCI","Euopeodes_fumipennis",1,0,NA
2023,5,9,"8_58","9_16","3","Bertha","","ERCI","Euopeodes_fumipennis",1,0,NA
2023,5,11,"5_00","5_12","4","Bertha","","LACA","Euopeodes_fumipennis",2,50,NA
2023,5,12,"8_49","8_58","3","Quarry_2","","CRHI","Euopeodes_fumipennis",1,40,NA
2023,5,20,"12_41","1_01","focal_obs","Quarry_1","","TRFU","Euopeodes_fumipennis",1,1,NA
2023,5,20,"12_41","1_01","focal_obs","Quarry_1","","LUSU","Euopeodes_fumipennis",1,1,NA
2023,5,22,"9_41","10_01","focal_obs","Quarry_1","","VIVI","Apis_mellifera",1,0,NA
2023,5,22,"9_41","10_01","focal_obs","Quarry_1","","VIVI","Apis_mellifera",1,0,NA
2023,5,22,"9_41","10_01","focal_obs","Quarry_1","","VIVI","Apis_mellifera",1,0,NA
2023,4,20,"3_20","3_48","1","Upper_Grid_2","","VIVI","Apis_mellifera",1,0,NA
2023,4,20,"3_20","3_48","2","Upper_Grid_2","","VIVI","Apis_mellifera",4,0,NA
2023,4,20,"3_20","3_48","2","Upper_Grid_2","","VIVI","Apis_mellifera",1,0,NA
2023,4,20,"11_50","2_12","1","Upper_Grid_1","","GITR","Apis_mellifera",4,5,NA
2023,4,20,"11_50","2_12","5","Upper_Grid_1","","GITR","Apis_mellifera",2,5,NA
2023,4,20,"2_26","3_11","2","Upper_Seep","","VIVI","Apis_mellifera",2,0,NA
2023,4,20,"2_26","3_11","2","Upper_Seep","","VIVI","Apis_mellifera",3,0,NA
2023,4,20,"2_26","3_11","2","Upper_Seep","","VIVI","Apis_mellifera",3,0,NA
2023,4,20,"2_26","3_11","2","Upper_Seep","","VIVI","Apis_mellifera",2,0,NA
2023,4,20,"2_26","3_11","3","Upper_Seep","","VIVI","Apis_mellifera",1,0,NA
2023,4,20,"2_26","3_11","3","Upper_Seep","","VIVI","Apis_mellifera",1,0,NA
2023,4,20,"2_26","3_11","3","Upper_Seep","","VIVI","Apis_mellifera",1,0,NA
2023,4,22,"12_58","1_04","1","Rock","V1","VIVI","Apis_mellifera",4,0,NA
2023,4,22,"12_58","1_04","2","Rock","V2","VIVI","Apis_mellifera",2,0,NA
2023,4,22,"2_36","4_38","1","Owl_Seep","V1","VIVI","Apis_mellifera",1,0,NA
2023,4,22,"2_36","4_38","1","Owl_Seep","V1","VIVI","Apis_mellifera",1,0,NA
2023,4,22,"2_36","4_38","1","Owl_Seep","V1","VIVI","Apis_mellifera",2,0,NA
2023,4,22,"2_36","4_38","1","Owl_Seep","PH3","PHTA","Apis_mellifera",1,0,NA
2023,4,22,"2_36","4_38","1","Owl_Seep","V1","VIVI","Apis_mellifera",1,0,NA
2023,4,22,"2_36","4_38","2","Owl_Seep","V1","VIVI","Apis_mellifera",3,0,NA
2023,4,22,"2_36","4_38","2","Owl_Seep","V1","VIVI","Apis_mellifera",2,0,NA
2023,4,22,"2_36","4_38","2","Owl_Seep","V1","VIVI","Apis_mellifera",1,0,NA
2023,4,22,"2_36","4_38","2","Owl_Seep","V1","VIVI","Apis_mellifera",1,0,NA
2023,4,22,"2_36","4_38","3","Owl_Seep","PH5","PHTA","Apis_mellifera",5,20,NA
2023,4,22,"2_36","4_38","3","Owl_Seep","PH5","PHTA","Apis_mellifera",1,20,NA
2023,4,22,"2_36","4_38","3","Owl_Seep","PH6","PHTA","Apis_mellifera",4,3,NA
2023,4,22,"2_36","4_38","4","Owl_Seep","V4","VIVI","Apis_mellifera",1,0,NA
2023,4,22,"2_36","4_38","4","Owl_Seep","V4","VIVI","Apis_mellifera",1,0,NA
2023,4,22,"2_36","4_38","4","Owl_Seep","V4","VIVI","Apis_mellifera",1,0,NA
2023,4,22,"2_36","4_38","4","Owl_Seep","V4","VIVI","Apis_mellifera",1,0,NA
2023,4,22,"2_36","4_38","4","Owl_Seep","V4","VIVI","Apis_mellifera",1,0,NA
2023,4,22,"2_36","4_38","4","Owl_Seep","V4","VIVI","Apis_mellifera",1,0,NA
2023,4,22,"2_36","4_38","4","Owl_Seep","PH7","PHTA","Apis_mellifera",1,30,NA
2023,4,23,"11_42","12_40","1","Upper_Seep","V2","VIVI","Apis_mellifera",1,0,NA
2023,4,23,"11_42","12_40","1","Upper_Seep","V2","VIVI","Apis_mellifera",1,0,NA
2023,4,23,"11_42","12_40","1","Upper_Seep","V2","VIVI","Apis_mellifera",1,0,NA
2023,4,23,"11_42","12_40","1","Upper_Seep","V2","VIVI","Apis_mellifera",1,0,NA
2023,4,23,"11_42","12_40","2","Upper_Seep","V3","VIVI","Apis_mellifera",1,0,NA
2023,4,23,"11_42","12_40","3","Upper_Seep","V3","VIVI","Apis_mellifera",2,0,NA
2023,4,23,"11_42","12_40","3","Upper_Seep","V3","VIVI","Apis_mellifera",1,0,NA
2023,4,23,"11_42","12_40","4","Upper_Seep","V3","VIVI","Apis_mellifera",1,0,NA
2023,4,23,"11_42","12_40","4","Upper_Seep","V3","VIVI","Apis_mellifera",3,0,NA
2023,4,23,"11_42","12_40","4","Upper_Seep","V3","VIVI","Apis_mellifera",1,0,NA
2023,4,23,"11_42","12_40","5","Upper_Seep","V3","VIVI","Apis_mellifera",1,0,NA
2023,4,23,"2_19","3_35","1","Owl_Seep","","PHTA","Apis_mellifera",5,1,NA
2023,4,23,"2_19","3_35","1","Owl_Seep","V1","VIVI","Apis_mellifera",1,0,NA
2023,4,23,"2_19","3_35","1","Owl_Seep","V1","VIVI","Apis_mellifera",1,0,NA
2023,4,23,"2_19","3_35","1","Owl_Seep","V1","PHTA","Apis_mellifera",1,0,NA
2023,4,23,"2_19","3_35","2","Owl_Seep","PH3","VIVI","Apis_mellifera",1,0,NA
2023,4,23,"2_19","3_35","2","Owl_Seep","V1","VIVI","Apis_mellifera",1,0,NA
2023,4,23,"2_19","3_35","2","Owl_Seep","PH2","PHTA","Apis_mellifera",1,1,NA
2023,4,23,"2_19","3_35","2","Owl_Seep","PH4","PHTA","Apis_mellifera",5,10,NA
2023,4,23,"2_19","3_35","2","Owl_Seep","PH4","PHTA","Apis_mellifera",2,10,NA
2023,4,23,"2_19","3_35","3","Owl_Seep","PH5","PHTA","Apis_mellifera",1,12,NA
2023,4,23,"2_19","3_35","3","Owl_Seep","PH5","PHTA","Apis_mellifera",3,10,NA
2023,4,23,"2_19","3_35","3","Owl_Seep","V4","VIVI","Apis_mellifera",1,0,NA
2023,4,23,"2_19","3_35","3","Owl_Seep","V4","VIVI","Apis_mellifera",1,0,NA
2023,4,23,"2_19","3_35","3","Owl_Seep","V4","VIVI","Apis_mellifera",1,0,NA
2023,4,23,"2_19","3_35","3","Owl_Seep","V4","VIVI","Apis_mellifera",2,0,NA
2023,4,23,"2_19","3_35","4","Owl_Seep","V4","VIVI","Apis_mellifera",1,0,NA
2023,4,23,"2_19","3_35","4","Owl_Seep","PH7","PHTA","Apis_mellifera",1,20,NA
2023,4,23,"2_19","3_35","4","Owl_Seep","PH7","PHTA","Apis_mellifera",1,20,NA
2023,4,23,"2_19","3_35","4","Owl_Seep","PH7","PHTA","Apis_mellifera",1,10,NA
2023,4,23,"2_19","3_35","4","Owl_Seep","PH7","PHTA","Apis_mellifera",2,10,NA
2023,4,23,"2_19","3_35","5","Owl_Seep","V5","VIVI","Apis_mellifera",2,0,NA
2023,4,23,"9_57","10_17","Focal_Obs","Upper_Grid_2","0M focal","VIVI","Apis_mellifera",1,0,NA
2023,4,23,"9_57","10_17","Focal_Obs","Upper_Grid_2","0M focal","VIVI","Apis_mellifera",2,0,NA
2023,4,24,"10_01","12_45","5","Upper_Grid_1","","VIVI","Apis_mellifera",1,0,NA
2023,4,24,"1_19","2_09","1","Upper_Grid_2","V3","VIVI","Apis_mellifera",5,0,NA
2023,4,24,"1_19","2_09","1","Upper_Grid_2","V3","VIVI","Apis_mellifera",1,0,NA
2023,4,24,"1_19","2_09","1","Upper_Grid_2","V2","VIVI","Apis_mellifera",4,0,NA
2023,4,24,"1_19","2_09","2","Upper_Grid_2","V2","VIVI","Apis_mellifera",5,0,NA
2023,4,24,"1_19","2_09","2","Upper_Grid_2","V3","VIVI","Apis_mellifera",5,0,NA
2023,4,24,"1_19","2_09","2","Upper_Grid_2","V3","VIVI","Apis_mellifera",1,0,NA
2023,4,24,"1_19","2_09","2","Upper_Grid_2","V3","VIVI","Apis_mellifera",1,0,NA
2023,4,24,"1_19","2_09","2","Upper_Grid_2","V3","VIVI","Apis_mellifera",1,0,NA
2023,4,24,"1_19","2_09","2","Upper_Grid_2","V3","VIVI","Apis_mellifera",2,0,NA
2023,4,24,"1_19","2_09","2","Upper_Grid_2","V3","VIVI","Apis_mellifera",1,0,NA
2023,4,24,"1_19","2_09","2","Upper_Grid_2","V3","VIVI","Apis_mellifera",2,0,NA
2023,4,24,"1_19","2_09","3","Upper_Grid_2","V3","VIVI","Apis_mellifera",2,0,NA
2023,4,24,"1_19","2_09","3","Upper_Grid_2","V3","VIVI","Apis_mellifera",1,0,NA
2023,4,24,"1_19","2_09","3","Upper_Grid_2","V3","VIVI","Apis_mellifera",2,0,NA
2023,4,24,"1_19","2_09","3","Upper_Grid_2","V3","VIVI","Apis_mellifera",3,0,NA
2023,4,24,"1_19","2_09","3","Upper_Grid_2","V3","VIVI","Apis_mellifera",1,0,NA
2023,4,24,"1_19","2_09","3","Upper_Grid_2","V3","VIVI","Apis_mellifera",1,0,NA
2023,4,24,"1_19","2_09","4","Upper_Grid_2","V3","VIVI","Apis_mellifera",4,0,NA
2023,4,24,"1_19","2_09","4","Upper_Grid_2","V3","VIVI","Apis_mellifera",1,0,NA
2023,4,24,"1_19","2_09","4","Upper_Grid_2","V3","VIVI","Apis_mellifera",3,0,NA
2023,4,24,"1_19","2_09","4","Upper_Grid_2","V3","VIVI","Apis_mellifera",1,0,NA
2023,4,24,"1_19","2_09","4","Upper_Grid_2","V3","VIVI","Apis_mellifera",1,0,NA
2023,4,24,"2_55","3_15","Focal_Obs","Upper_Grid_2","0M focal","VIVI","Apis_mellifera",1,0,NA
2023,4,24,"2_55","3_15","Focal_Obs","Upper_Grid_2","0M focal","VIVI","Apis_mellifera",2,0,NA
2023,4,24,"2_55","3_15","Focal_Obs","Upper_Grid_2","0M focal","VIVI","Apis_mellifera",1,0,NA
2023,4,24,"2_55","3_15","Focal_Obs","Upper_Grid_2","0M focal","VIVI","Apis_mellifera",5,0,NA
2023,4,24,"3_24","4_04","1","Rock","V1","VIVI","Apis_mellifera",1,0,NA
2023,4,24,"3_24","4_04","1","Rock","V1","VIVI","Apis_mellifera",1,0,NA
2023,4,24,"3_24","4_04","1","Rock","V1","VIVI","Apis_mellifera",2,0,NA
2023,4,24,"3_24","4_04","1","Rock","V2","VIVI","Apis_mellifera",1,0,NA
2023,4,24,"3_24","4_04","1","Rock","V2","VIVI","Apis_mellifera",2,0,NA
2023,4,24,"3_24","4_04","1","Rock","V2","VIVI","Apis_mellifera",1,0,NA
2023,4,24,"3_24","4_04","2","Rock","V2","VIVI","Apis_mellifera",2,0,NA
2023,4,24,"3_24","4_04","2","Rock","V2","VIVI","Apis_mellifera",1,0,NA
2023,4,26,"8_54","11_57","1","Owl_Seep","not in marked patch","PHTA","Apis_mellifera",1,5,NA
2023,4,26,"8_54","11_57","1","Owl_Seep","not in marked patch","PHTA","Apis_mellifera",2,0,NA
2023,4,26,"8_54","11_57","1","Owl_Seep","not in marked patch","PHTA","Apis_mellifera",2,0,NA
2023,4,26,"8_54","11_57","1","Owl_Seep","not in marked patch","PHTA","Apis_mellifera",2,0,NA
2023,4,26,"8_54","11_57","1","Owl_Seep","not in marked patch","PHTA","Apis_mellifera",1,0,NA
2023,4,26,"8_54","11_57","1","Owl_Seep","not in marked patch","PHTA","Apis_mellifera",1,0,NA
2023,4,26,"8_54","11_57","1","Owl_Seep","PH1","PHTA","Apis_mellifera",1,10,NA
2023,4,26,"8_54","11_57","1","Owl_Seep","PH1","PHTA","Apis_mellifera",1,10,NA
2023,4,26,"8_54","11_57","1","Owl_Seep","V1","VIVI","Apis_mellifera",1,0,NA
2023,4,26,"8_54","11_57","1","Owl_Seep","V1","VIVI","Apis_mellifera",2,0,NA
2023,4,26,"8_54","11_57","1","Owl_Seep","V1","VIVI","Apis_mellifera",1,0,NA
2023,4,26,"8_54","11_57","1","Owl_Seep","V1","VIVI","Apis_mellifera",1,0,NA
2023,4,26,"8_54","11_57","1","Owl_Seep","V1","VIVI","Apis_mellifera",2,0,NA
2023,4,26,"8_54","11_57","1","Owl_Seep","V1","VIVI","Apis_mellifera",2,0,NA
2023,4,26,"8_54","11_57","1","Owl_Seep","V1","VIVI","Apis_mellifera",2,0,NA
2023,4,26,"8_54","11_57","1","Owl_Seep","V1","VIVI","Apis_mellifera",2,0,NA
2023,4,26,"8_54","11_57","1","Owl_Seep","V1","VIVI","Apis_mellifera",1,0,NA
2023,4,26,"8_54","11_57","2","Owl_Seep","V1","VIVI","Apis_mellifera",1,0,NA
2023,4,26,"8_54","11_57","2","Owl_Seep","V1","VIVI","Apis_mellifera",1,0,NA
2023,4,26,"8_54","11_57","2","Owl_Seep","V1","VIVI","Apis_mellifera",1,0,NA
2023,4,26,"8_54","11_57","2","Owl_Seep","V1","VIVI","Apis_mellifera",1,0,NA
2023,4,26,"8_54","11_57","2","Owl_Seep","V1","VIVI","Apis_mellifera",2,0,NA
2023,4,26,"8_54","11_57","2","Owl_Seep","V1","VIVI","Apis_mellifera",1,0,NA
2023,4,26,"8_54","11_57","2","Owl_Seep","V1","VIVI","Apis_mellifera",1,0,NA
2023,4,26,"8_54","11_57","2","Owl_Seep","V1","VIVI","Apis_mellifera",1,0,NA
2023,4,26,"8_54","11_57","2","Owl_Seep","V1","VIVI","Apis_mellifera",2,0,NA
2023,4,26,"8_54","11_57","2","Owl_Seep","PH2","PHTA","Apis_mellifera",4,1,NA
2023,4,26,"8_54","11_57","2","Owl_Seep","V2","VIVI","Apis_mellifera",1,0,NA
2023,4,26,"8_54","11_57","2","Owl_Seep","ERGU1","ERGU","Apis_mellifera",3,5,NA
2023,4,26,"8_54","11_57","3","Owl_Seep","ERGU4","ERGU","Apis_mellifera",4,5,NA
2023,4,26,"8_54","11_57","3","Owl_Seep","PH5","PHTA","Apis_mellifera",1,20,NA
2023,4,26,"8_54","11_57","3","Owl_Seep","PH5","PHTA","Apis_mellifera",1,20,NA
2023,4,26,"8_54","11_57","3","Owl_Seep","PH5","PHTA","Apis_mellifera",1,20,NA
2023,4,26,"8_54","11_57","3","Owl_Seep","PH5","PHTA","Apis_mellifera",1,20,NA
2023,4,26,"8_54","11_57","3","Owl_Seep","ERGU5","ERGU","Apis_mellifera",2,20,NA
2023,4,26,"8_54","11_57","3","Owl_Seep","PH5","PHTA","Apis_mellifera",1,20,NA
2023,4,26,"8_54","11_57","3","Owl_Seep","PH5","PHTA","Apis_mellifera",1,20,NA
2023,4,26,"8_54","11_57","3","Owl_Seep","V4","VIVI","Apis_mellifera",2,0,NA
2023,4,26,"8_54","11_57","3","Owl_Seep","V4","VIVI","Apis_mellifera",1,0,NA
2023,4,26,"8_54","11_57","3","Owl_Seep","V4","VIVI","Apis_mellifera",1,0,NA
2023,4,26,"8_54","11_57","3","Owl_Seep","V4","VIVI","Apis_mellifera",1,0,NA
2023,4,26,"8_54","11_57","3","Owl_Seep","V4","VIVI","Apis_mellifera",1,0,NA
2023,4,26,"8_54","11_57","3","Owl_Seep","V4","VIVI","Apis_mellifera",1,0,NA
2023,4,26,"8_54","11_57","3","Owl_Seep","V4","VIVI","Apis_mellifera",1,0,NA
2023,4,26,"8_54","11_57","3","Owl_Seep","V4","VIVI","Apis_mellifera",1,0,NA
2023,4,26,"8_54","11_57","3","Owl_Seep","V4","VIVI","Apis_mellifera",1,0,NA
2023,4,26,"8_54","11_57","3","Owl_Seep","V4","VIVI","Apis_mellifera",1,0,NA
2023,4,26,"8_54","11_57","3","Owl_Seep","V4","VIVI","Apis_mellifera",1,0,NA
2023,4,26,"8_54","11_57","3","Owl_Seep","V4","VIVI","Apis_mellifera",1,0,NA
2023,4,26,"8_54","11_57","3","Owl_Seep","V4","VIVI","Apis_mellifera",1,0,NA
2023,4,26,"8_54","11_57","4","Owl_Seep","V4","VIVI","Apis_mellifera",1,0,NA
2023,4,26,"8_54","11_57","4","Owl_Seep","V4","VIVI","Apis_mellifera",1,0,NA
2023,4,26,"8_54","11_57","4","Owl_Seep","V4","VIVI","Apis_mellifera",2,0,NA
2023,4,26,"8_54","11_57","4","Owl_Seep","V4","VIVI","Apis_mellifera",1,0,NA
2023,4,26,"8_54","11_57","4","Owl_Seep","PH7","PHTA","Apis_mellifera",1,10,NA
2023,4,26,"8_54","11_57","4","Owl_Seep","PH7","PHTA","Apis_mellifera",3,10,NA
2023,4,26,"8_54","11_57","4","Owl_Seep","PH7","PHTA","Apis_mellifera",1,10,NA
2023,4,26,"8_54","11_57","4","Owl_Seep","PH7","PHTA","Apis_mellifera",2,10,NA
2023,4,26,"8_54","11_57","4","Owl_Seep","PH7","PHTA","Apis_mellifera",1,10,NA
2023,4,26,"8_54","11_57","4","Owl_Seep","PH7","PHTA","Apis_mellifera",1,15,NA
2023,4,26,"8_54","11_57","4","Owl_Seep","PH7","PHTA","Apis_mellifera",1,15,NA
2023,4,26,"8_54","11_57","4","Owl_Seep","PH7","PHTA","Apis_mellifera",2,15,NA
2023,4,26,"8_54","11_57","4","Owl_Seep","PH7","PHTA","Apis_mellifera",2,10,NA
2023,4,26,"8_54","11_57","4","Owl_Seep","PH7","PHTA","Apis_mellifera",1,10,NA
2023,4,26,"8_54","11_57","4","Owl_Seep","V1","VIVI","Apis_mellifera",1,0,NA
2023,4,26,"8_54","11_57","4","Owl_Seep","V1","VIVI","Apis_mellifera",1,0,NA
2023,4,26,"8_54","11_57","5","Owl_Seep","V5","VIVI","Apis_mellifera",2,0,NA
2023,4,26,"8_54","11_57","5","Owl_Seep","V5","VIVI","Apis_mellifera",2,0,NA
2023,4,26,"8_54","11_57","5","Owl_Seep","V5","VIVI","Apis_mellifera",1,0,NA
2023,4,26,"8_54","11_57","5","Owl_Seep","V5","VIVI","Apis_mellifera",1,0,NA
2023,4,26,"8_54","11_57","5","Owl_Seep","V5","VIVI","Apis_mellifera",1,0,NA
2023,4,26,"8_54","11_57","5","Owl_Seep","V5","VIVI","Apis_mellifera",2,0,NA
2023,4,26,"8_54","11_57","5","Owl_Seep","PH10","PHTA","Apis_mellifera",1,20,NA
2023,4,26,"8_54","11_57","5","Owl_Seep","PH11","PHTA","Apis_mellifera",1,30,NA
2023,4,26,"8_54","11_57","5","Owl_Seep","PH12","PHTA","Apis_mellifera",1,30,NA
2023,4,26,"8_54","11_57","5","Owl_Seep","PH12","PHTA","Apis_mellifera",1,30,NA
2023,4,26,"12_44","1_20","1","Rock","V1","VIVI","Apis_mellifera",2,0,NA
2023,4,26,"12_44","1_20","1","Rock","V1","VIVI","Apis_mellifera",1,0,NA
2023,4,26,"12_44","1_20","1","Rock","V1","VIVI","Apis_mellifera",1,0,NA
2023,4,26,"12_44","1_20","1","Rock","V1","VIVI","Apis_mellifera",1,0,NA
2023,4,26,"12_44","1_20","1","Rock","V1","VIVI","Apis_mellifera",1,0,NA
2023,4,26,"12_44","1_20","1","Rock","V1","VIVI","Apis_mellifera",2,0,NA
2023,4,26,"12_44","1_20","1","Rock","V1","VIVI","Apis_mellifera",1,0,NA
2023,4,26,"12_44","1_20","1","Rock","V2","VIVI","Apis_mellifera",1,0,NA
2023,4,26,"12_44","1_20","1","Rock","V2","VIVI","Apis_mellifera",1,0,NA
2023,4,26,"12_44","1_20","2","Rock","V2","VIVI","Apis_mellifera",2,0,NA
2023,4,26,"12_44","1_20","2","Rock","V2","VIVI","Apis_mellifera",1,0,NA
2023,4,26,"12_44","1_20","2","Rock","V2","VIVI","Apis_mellifera",1,0,NA
2023,4,26,"1_39","2_24","2","Lower_Grid_1","GB2","THCA","Apis_mellifera",1,100,NA
2023,4,26,"1_39","2_24","2","Lower_Grid_1","GB2","THCA","Apis_mellifera",2,80,NA
2023,4,26,"1_39","2_24","2","Lower_Grid_1","GB2","THCA","Apis_mellifera",1,80,NA
2023,4,26,"1_39","2_24","2","Lower_Grid_1","GB2","THCA","Apis_mellifera",1,50,NA
2023,4,26,"1_39","2_24","3","Lower_Grid_1","","RACA","Apis_mellifera",1,0,NA
2023,4,26,"1_39","2_24","3","Lower_Grid_1","V1","VIVI","Apis_mellifera",2,0,NA
2023,4,26,"1_39","2_24","4","Lower_Grid_1","V2","VIVI","Apis_mellifera",1,0,NA
2023,4,26,"1_39","2_24","4","Lower_Grid_1","V2","VIVI","Apis_mellifera",1,0,NA
2023,4,26,"1_39","2_24","5","Lower_Grid_1","V2","VIVI","Apis_mellifera",1,0,NA
2023,4,26,"1_39","2_24","5","Lower_Grid_1","V2","VIVI","Apis_mellifera",1,0,NA
2023,4,26,"1_39","2_24","5","Lower_Grid_1","V2","VIVI","Apis_mellifera",2,0,NA
2023,4,26,"1_39","2_24","5","Lower_Grid_1","V2","VIVI","Apis_mellifera",1,0,NA
2023,4,26,"1_39","2_24","5","Lower_Grid_1","V2","VIVI","Apis_mellifera",1,0,NA
2023,4,26,"2_45","3_05","Focal_Obs","Upper_Grid_2","0M focal","VIVI","Apis_mellifera",4,0,NA
2023,4,26,"2_45","3_05","Focal_Obs","Upper_Grid_2","0M focal","VIVI","Apis_mellifera",1,0,NA
2023,4,26,"2_45","3_05","Focal_Obs","Upper_Grid_2","0M focal","VIVI","Apis_mellifera",4,0,NA
2023,4,26,"2_45","3_05","Focal_Obs","Upper_Grid_2","0M focal","VIVI","Apis_mellifera",1,0,NA
2023,4,26,"2_45","3_05","Focal_Obs","Upper_Grid_2","0M focal","VIVI","Apis_mellifera",1,0,NA
2023,4,26,"2_45","3_05","Focal_Obs","Upper_Grid_2","0M focal","VIVI","Apis_mellifera",2,0,NA
2023,4,26,"2_45","3_05","Focal_Obs","Upper_Grid_2","0M focal","VIVI","Apis_mellifera",2,0,NA
2023,4,26,"2_45","3_05","Focal_Obs","Upper_Grid_2","0M focal","VIVI","Apis_mellifera",7,0,NA
2023,4,26,"2_45","3_05","Focal_Obs","Upper_Grid_2","0M focal","VIVI","Apis_mellifera",1,0,NA
2023,4,27,"10_55","12_00","1","Lower_Grid_1","GB1","THCA","Apis_mellifera",1,300,NA
2023,4,27,"10_55","12_00","2","Lower_Grid_1","GB2","THCA","Apis_mellifera",3,200,NA
2023,4,27,"10_55","12_00","2","Lower_Grid_1","GB2","THCA","Apis_mellifera",2,250,NA
2023,4,27,"10_55","12_00","2","Lower_Grid_1","GB2","THCA","Apis_mellifera",2,250,NA
2023,4,27,"10_55","12_00","2","Lower_Grid_1","GB2","THCA","Apis_mellifera",1,250,NA
2023,4,27,"10_55","12_00","2","Lower_Grid_1","GB2","THCA","Apis_mellifera",2,250,NA
2023,4,27,"10_55","12_00","2","Lower_Grid_1","GB2","THCA","Apis_mellifera",2,250,NA
2023,4,27,"10_55","12_00","2","Lower_Grid_1","GB2","THCA","Apis_mellifera",1,250,NA
2023,4,27,"10_55","12_00","2","Lower_Grid_1","GB2","THCA","Apis_mellifera",1,200,NA
2023,4,27,"10_55","12_00","2","Lower_Grid_1","GB2","THCA","Apis_mellifera",2,200,NA
2023,4,27,"10_55","12_00","2","Lower_Grid_1","GB2","THCA","Apis_mellifera",1,250,NA
2023,4,27,"10_55","12_00","2","Lower_Grid_1","GB2","THCA","Apis_mellifera",2,250,NA
2023,4,27,"10_55","12_00","2","Lower_Grid_1","GB2","THCA","Apis_mellifera",2,250,NA
2023,4,27,"10_55","12_00","2","Lower_Grid_1","GB2","THCA","Apis_mellifera",1,300,NA
2023,4,27,"10_55","12_00","2","Lower_Grid_1","GB2","THCA","Apis_mellifera",2,300,NA
2023,4,27,"10_55","12_00","4","Lower_Grid_1","V1","VIVI","Apis_mellifera",2,0,NA
2023,4,27,"10_55","12_00","4","Lower_Grid_1","V1","VIVI","Apis_mellifera",2,0,NA
2023,4,27,"10_55","12_00","4","Lower_Grid_1","V1","VIVI","Apis_mellifera",3,0,NA
2023,4,27,"10_55","12_00","5","Lower_Grid_1","V2","VIVI","Apis_mellifera",2,0,NA
2023,4,27,"10_55","12_00","5","Lower_Grid_1","V2","VIVI","Apis_mellifera",2,0,NA
2023,4,27,"10_55","12_00","5","Lower_Grid_1","V2","VIVI","Apis_mellifera",3,0,NA
2023,4,27,"10_55","12_00","5","Lower_Grid_1","V2","VIVI","Apis_mellifera",1,0,NA
2023,4,27,"10_55","12_00","5","Lower_Grid_1","V2","VIVI","Apis_mellifera",2,0,NA
2023,4,27,"10_55","12_00","5","Lower_Grid_1","V2","VIVI","Apis_mellifera",3,0,NA
2023,4,27,"10_55","12_00","5","Lower_Grid_1","V2","VIVI","Apis_mellifera",1,0,NA
2023,4,27,"10_55","12_00","5","Lower_Grid_1","V2","VIVI","Apis_mellifera",1,0,NA
2023,4,27,"10_55","12_00","5","Lower_Grid_1","V2","VIVI","Apis_mellifera",2,0,NA
2023,4,27,"10_55","12_00","5","Lower_Grid_1","V2","VIVI","Apis_mellifera",1,0,NA
2023,4,27,"10_55","12_00","5","Lower_Grid_1","V2","VIVI","Apis_mellifera",1,0,NA
2023,4,27,"10_55","12_00","5","Lower_Grid_1","V2","VIVI","Apis_mellifera",1,0,NA
2023,4,27,"10_55","12_00","5","Lower_Grid_1","V2","VIVI","Apis_mellifera",1,0,NA
2023,4,27,"12_16","1_11","1","Upper_Grid_2","V2","VIVI","Apis_mellifera",1,0,NA
2023,4,27,"12_16","1_11","1","Upper_Grid_2","V2","VIVI","Apis_mellifera",2,0,NA
2023,4,27,"12_16","1_11","1","Upper_Grid_2","V2","VIVI","Apis_mellifera",1,0,NA
2023,4,27,"12_16","1_11","1","Upper_Grid_2","V2","VIVI","Apis_mellifera",1,0,NA
2023,4,27,"12_16","1_11","1","Upper_Grid_2","V2","VIVI","Apis_mellifera",1,0,NA
2023,4,27,"12_16","1_11","1","Upper_Grid_2","V2","VIVI","Apis_mellifera",2,0,NA
2023,4,27,"12_16","1_11","1","Upper_Grid_2","V2","VIVI","Apis_mellifera",1,0,NA
2023,4,27,"12_16","1_11","1","Upper_Grid_2","V2","VIVI","Apis_mellifera",1,0,NA
2023,4,27,"12_16","1_11","1","Upper_Grid_2","V2","VIVI","Apis_mellifera",1,0,NA
2023,4,27,"12_16","1_11","1","Upper_Grid_2","V2","VIVI","Apis_mellifera",1,0,NA
2023,4,27,"12_16","1_11","1","Upper_Grid_2","V2","VIVI","Apis_mellifera",1,0,NA
2023,4,27,"12_16","1_11","1","Upper_Grid_2","V2","VIVI","Apis_mellifera",1,0,NA
2023,4,27,"12_16","1_11","1","Upper_Grid_2","V2","VIVI","Apis_mellifera",2,0,NA
2023,4,27,"12_16","1_11","1","Upper_Grid_2","V2","VIVI","Apis_mellifera",2,0,NA
2023,4,27,"12_16","1_11","1","Upper_Grid_2","V2","VIVI","Apis_mellifera",1,0,NA
2023,4,27,"12_16","1_11","1","Upper_Grid_2","V2","VIVI","Apis_mellifera",2,0,NA
2023,4,27,"12_16","1_11","1","Upper_Grid_2","V2","VIVI","Apis_mellifera",2,0,NA
2023,4,27,"12_16","1_11","1","Upper_Grid_2","V2","VIVI","Apis_mellifera",2,0,NA
2023,4,27,"12_16","1_11","1","Upper_Grid_2","V2","VIVI","Apis_mellifera",1,0,NA
2023,4,27,"12_16","1_11","1","Upper_Grid_2","V2","VIVI","Apis_mellifera",3,0,NA
2023,4,27,"12_16","1_11","1","Upper_Grid_2","V2","VIVI","Apis_mellifera",1,0,NA
2023,4,27,"12_16","1_11","1","Upper_Grid_2","V2","VIVI","Apis_mellifera",1,0,NA
2023,4,27,"12_16","1_11","1","Upper_Grid_2","V2","VIVI","Apis_mellifera",1,0,NA
2023,4,27,"12_16","1_11","1","Upper_Grid_2","V2","VIVI","Apis_mellifera",1,0,NA
2023,4,27,"12_16","1_11","1","Upper_Grid_2","V2","VIVI","Apis_mellifera",1,0,NA
2023,4,27,"12_16","1_11","2","Upper_Grid_2","V2","VIVI","Apis_mellifera",2,0,NA
2023,4,27,"12_16","1_11","2","Upper_Grid_2","V2","VIVI","Apis_mellifera",1,0,NA
2023,4,27,"12_16","1_11","2","Upper_Grid_2","V2","VIVI","Apis_mellifera",1,0,NA
2023,4,27,"12_16","1_11","2","Upper_Grid_2","V2","VIVI","Apis_mellifera",1,0,NA
2023,4,27,"12_16","1_11","2","Upper_Grid_2","V2","VIVI","Apis_mellifera",3,0,NA
2023,4,27,"12_16","1_11","2","Upper_Grid_2","V2","VIVI","Apis_mellifera",3,0,NA
2023,4,27,"12_16","1_11","2","Upper_Grid_2","V2","VIVI","Apis_mellifera",2,0,NA
2023,4,27,"12_16","1_11","2","Upper_Grid_2","V2","VIVI","Apis_mellifera",1,0,NA
2023,4,27,"12_16","1_11","2","Upper_Grid_2","V2","VIVI","Apis_mellifera",2,0,NA
2023,4,27,"12_16","1_11","2","Upper_Grid_2","V2","VIVI","Apis_mellifera",1,0,NA
2023,4,27,"12_16","1_11","2","Upper_Grid_2","V2","VIVI","Apis_mellifera",1,0,NA
2023,4,27,"12_16","1_11","2","Upper_Grid_2","V2","VIVI","Apis_mellifera",1,0,NA
2023,4,27,"12_16","1_11","2","Upper_Grid_2","V2","VIVI","Apis_mellifera",2,0,NA
2023,4,27,"12_16","1_11","2","Upper_Grid_2","V2","VIVI","Apis_mellifera",1,0,NA
2023,4,27,"12_16","1_11","2","Upper_Grid_2","V2","VIVI","Apis_mellifera",1,0,NA
2023,4,27,"12_16","1_11","3","Upper_Grid_2","V2","VIVI","Apis_mellifera",1,0,NA
2023,4,27,"12_16","1_11","3","Upper_Grid_2","V2","VIVI","Apis_mellifera",2,0,NA
2023,4,27,"12_16","1_11","3","Upper_Grid_2","V2","VIVI","Apis_mellifera",1,0,NA
2023,4,27,"12_16","1_11","3","Upper_Grid_2","V2","VIVI","Apis_mellifera",3,0,NA
2023,4,27,"12_16","1_11","3","Upper_Grid_2","V2","VIVI","Apis_mellifera",1,0,NA
2023,4,27,"12_16","1_11","3","Upper_Grid_2","V2","VIVI","Apis_mellifera",1,0,NA
2023,4,27,"12_16","1_11","3","Upper_Grid_2","V2","VIVI","Apis_mellifera",1,0,NA
2023,4,27,"12_16","1_11","3","Upper_Grid_2","V2","VIVI","Apis_mellifera",2,0,NA
2023,4,27,"12_16","1_11","3","Upper_Grid_2","V2","VIVI","Apis_mellifera",2,0,NA
2023,4,27,"12_16","1_11","3","Upper_Grid_2","V2","VIVI","Apis_mellifera",2,0,NA
2023,4,27,"12_16","1_11","3","Upper_Grid_2","V2","VIVI","Apis_mellifera",2,0,NA
2023,4,27,"12_16","1_11","3","Upper_Grid_2","V2","VIVI","Apis_mellifera",1,0,NA
2023,4,27,"12_16","1_11","4","Upper_Grid_2","V1","VIVI","Apis_mellifera",1,0,NA
2023,4,27,"12_16","1_11","4","Upper_Grid_2","V1","VIVI","Apis_mellifera",2,0,NA
2023,4,27,"12_16","1_11","4","Upper_Grid_2","V1","VIVI","Apis_mellifera",1,0,NA
2023,4,27,"12_16","1_11","4","Upper_Grid_2","V1","VIVI","Apis_mellifera",1,0,NA
2023,4,27,"12_16","1_11","4","Upper_Grid_2","V1","VIVI","Apis_mellifera",1,0,NA
2023,4,27,"12_16","1_11","4","Upper_Grid_2","V4","VIVI","Apis_mellifera",1,0,NA
2023,4,27,"12_16","1_11","4","Upper_Grid_2","V4","VIVI","Apis_mellifera",1,0,NA
2023,4,27,"2_05","2_25","1","Upper_Grid_2","1M focal","VIVI","Apis_mellifera",1,0,NA
2023,4,27,"2_05","2_25","1","Upper_Grid_2","1M focal","VIVI","Apis_mellifera",2,0,NA
2023,4,27,"2_05","2_25","1","Upper_Grid_2","1M focal","VIVI","Apis_mellifera",1,0,NA
2023,4,27,"2_05","2_25","1","Upper_Grid_2","1M focal","VIVI","Apis_mellifera",1,0,NA
2023,4,27,"2_05","2_25","1","Upper_Grid_2","1M focal","VIVI","Apis_mellifera",1,0,NA
2023,4,27,"2_05","2_25","1","Upper_Grid_2","1M focal","VIVI","Apis_mellifera",2,0,NA
2023,4,27,"2_05","2_25","1","Upper_Grid_2","1M focal","VIVI","Apis_mellifera",5,0,NA
2023,4,27,"2_05","2_25","1","Upper_Grid_2","1M focal","VIVI","Apis_mellifera",1,0,NA
2023,4,27,"2_05","2_25","1","Upper_Grid_2","1M focal","VIVI","Apis_mellifera",2,0,NA
2023,4,27,"2_05","2_25","1","Upper_Grid_2","1M focal","VIVI","Apis_mellifera",1,0,NA
2023,4,27,"2_05","2_25","1","Upper_Grid_2","1M focal","VIVI","Apis_mellifera",1,0,NA
2023,4,27,"2_05","2_25","1","Upper_Grid_2","1M focal","VIVI","Apis_mellifera",1,0,NA
2023,4,27,"2_33","3_15","2","Upper_Grid_1","road_vetch","VIVI","Apis_mellifera",1,0,NA
2023,4,27,"2_33","3_15","5","Upper_Grid_1","road_vetch","VIVI","Apis_mellifera",3,0,NA
2023,4,27,"3_27","4_03","1","Upper_Seep","V2","VIVI","Apis_mellifera",1,0,NA
2023,4,27,"3_27","4_03","1","Upper_Seep","V2","VIVI","Apis_mellifera",1,0,NA
2023,4,27,"3_27","4_03","1","Upper_Seep","V2","VIVI","Apis_mellifera",1,0,NA
2023,4,27,"3_27","4_03","1","Upper_Seep","V2","VIVI","Apis_mellifera",1,0,NA
2023,4,27,"3_27","4_03","1","Upper_Seep","V2","VIVI","Apis_mellifera",1,0,NA
2023,4,27,"3_27","4_03","1","Upper_Seep","V2","VIVI","Apis_mellifera",1,0,NA
2023,4,27,"3_27","4_03","1","Upper_Seep","V2","VIVI","Apis_mellifera",1,0,NA
2023,4,27,"3_27","4_03","1","Upper_Seep","V2","VIVI","Apis_mellifera",2,0,NA
2023,4,27,"3_27","4_03","1","Upper_Seep","V2","VIVI","Apis_mellifera",2,0,NA
2023,4,27,"3_27","4_03","1","Upper_Seep","V2","VIVI","Apis_mellifera",2,0,NA
2023,4,27,"3_27","4_03","1","Upper_Seep","V2","VIVI","Apis_mellifera",3,0,NA
2023,4,27,"3_27","4_03","1","Upper_Seep","V2","VIVI","Apis_mellifera",1,0,NA
2023,4,27,"3_27","4_03","1","Upper_Seep","V2","VIVI","Apis_mellifera",2,0,NA
2023,4,27,"3_27","4_03","1","Upper_Seep","V2","VIVI","Apis_mellifera",1,0,NA
2023,4,27,"3_27","4_03","1","Upper_Seep","V2","VIVI","Apis_mellifera",1,0,NA
2023,4,27,"3_27","4_03","1","Upper_Seep","V2","VIVI","Apis_mellifera",1,0,NA
2023,4,27,"3_27","4_03","2","Upper_Seep","V3","VIVI","Apis_mellifera",1,0,NA
2023,4,27,"3_27","4_03","2","Upper_Seep","V3","VIVI","Apis_mellifera",1,0,NA
2023,4,27,"3_27","4_03","2","Upper_Seep","V3","VIVI","Apis_mellifera",1,0,NA
2023,4,27,"3_27","4_03","2","Upper_Seep","V3","VIVI","Apis_mellifera",1,0,NA
2023,4,27,"3_27","4_03","2","Upper_Seep","V3","VIVI","Apis_mellifera",1,0,NA
2023,4,27,"3_27","4_03","2","Upper_Seep","V3","VIVI","Apis_mellifera",1,0,NA
2023,4,27,"3_27","4_03","2","Upper_Seep","V3","VIVI","Apis_mellifera",1,0,NA
2023,4,27,"3_27","4_03","3","Upper_Seep","V2","VIVI","Apis_mellifera",1,0,NA
2023,4,27,"3_27","4_03","3","Upper_Seep","V2","VIVI","Apis_mellifera",1,0,NA
2023,4,27,"3_27","4_03","3","Upper_Seep","V2","VIVI","Apis_mellifera",1,0,NA
2023,4,27,"3_27","4_03","4","Upper_Seep","V3","VIVI","Apis_mellifera",1,0,NA
2023,4,27,"3_27","4_03","4","Upper_Seep","V3","VIVI","Apis_mellifera",1,0,NA
2023,4,27,"3_27","4_03","4","Upper_Seep","V3","VIVI","Apis_mellifera",1,0,NA
2023,4,27,"3_27","4_03","4","Upper_Seep","V3","VIVI","Apis_mellifera",1,0,NA
2023,4,27,"3_27","4_03","4","Upper_Seep","V3","VIVI","Apis_mellifera",1,0,NA
2023,4,27,"3_27","4_03","4","Upper_Seep","V3","VIVI","Apis_mellifera",1,0,NA
2023,4,27,"3_27","4_03","4","Upper_Seep","V3","VIVI","Apis_mellifera",1,0,NA
2023,4,27,"3_27","4_03","5","Upper_Seep","V3","VIVI","Apis_mellifera",1,0,NA
2023,4,27,"3_27","4_03","5","Upper_Seep","V3","VIVI","Apis_mellifera",1,0,NA
2023,4,27,"3_27","4_03","5","Upper_Seep","V3","VIVI","Apis_mellifera",1,0,NA
2023,4,28,"9_38","10_49","1","Quarry_2","LUAL1","LUAL","Apis_mellifera",1,1,NA
2023,4,28,"1_00","2_01","1","Goatgrass","V3","VIVI","Apis_mellifera",1,0,NA
2023,4,28,"1_00","2_01","1","Goatgrass","V3","VIVI","Apis_mellifera",1,0,NA
2023,4,28,"1_00","2_01","1","Goatgrass","V3","VIVI","Apis_mellifera",1,0,NA
2023,4,28,"1_00","2_01","1","Goatgrass","V3","VIVI","Apis_mellifera",1,0,NA
2023,4,28,"1_00","2_01","2","Goatgrass","V3","VIVI","Apis_mellifera",1,0,NA
2023,4,28,"1_00","2_01","2","Goatgrass","V3","VIVI","Apis_mellifera",1,0,NA
2023,4,29,"10_32","10_52","Focal_Obs","Upper_Grid_2","0M focal","VIVI","Apis_mellifera",2,0,NA
2023,4,29,"10_32","10_52","Focal_Obs","Upper_Grid_2","0M focal","VIVI","Apis_mellifera",2,0,NA
2023,4,29,"10_32","10_52","Focal_Obs","Upper_Grid_2","0M focal","VIVI","Apis_mellifera",1,0,NA
2023,4,29,"10_32","10_52","Focal_Obs","Upper_Grid_2","0M focal","VIVI","Apis_mellifera",2,0,NA
2023,4,29,"10_32","10_52","Focal_Obs","Upper_Grid_2","0M focal","VIVI","Apis_mellifera",3,0,NA
2023,4,29,"10_32","10_52","Focal_Obs","Upper_Grid_2","0M focal","VIVI","Apis_mellifera",4,0,NA
2023,4,29,"10_32","10_52","Focal_Obs","Upper_Grid_2","0M focal","VIVI","Apis_mellifera",2,0,NA
2023,4,29,"10_32","10_52","Focal_Obs","Upper_Grid_2","0M focal","VIVI","Apis_mellifera",2,0,NA
2023,4,29,"10_32","10_52","Focal_Obs","Upper_Grid_2","0M focal","VIVI","Apis_mellifera",1,0,NA
2023,4,29,"10_32","10_52","Focal_Obs","Upper_Grid_2","0M focal","VIVI","Apis_mellifera",3,0,NA
2023,4,29,"10_32","10_52","Focal_Obs","Upper_Grid_2","0M focal","VIVI","Apis_mellifera",2,0,NA
2023,4,29,"10_32","10_52","Focal_Obs","Upper_Grid_2","0M focal","VIVI","Apis_mellifera",3,0,NA
2023,5,5,"11_34","11_42","1","Quarry_2","V12","VIVI","Apis_mellifera",1,0,NA
2023,5,7,"9_49","10_04","4","Pond","","TRLA","Apis_mellifera",1,0,NA
2023,5,7,"9_49","10_04","4","Pond","V3","VIVI","Apis_mellifera",1,0,NA
2023,5,7,"1_05","1_17","3","Goatgrass","","LOHO","Apis_mellifera",6,30,NA
2023,5,7,"1_05","1_17","3","Goatgrass","","LOHO","Apis_mellifera",3,10,NA
2023,5,7,"1_05","1_17","3","Goatgrass","","LOHO","Apis_mellifera",2,10,NA
2023,5,7,"2_10","2_31","1","Owl_Seep","V3","VIVI","Apis_mellifera",1,0,NA
2023,5,7,"2_10","2_31","1","Owl_Seep","V3","VIVI","Apis_mellifera",1,0,NA
2023,5,7,"2_10","2_31","1","Owl_Seep","V3","VIVI","Apis_mellifera",2,0,NA
2023,5,7,"2_10","2_31","1","Owl_Seep","V3","VIVI","Apis_mellifera",1,0,NA
2023,5,7,"2_10","2_31","1","Owl_Seep","V3","VIVI","Apis_mellifera",1,0,NA
2023,5,7,"2_10","2_31","1","Owl_Seep","V3","VIVI","Apis_mellifera",1,0,NA
2023,5,7,"2_10","2_31","1","Owl_Seep","PH1","PHTA","Apis_mellifera",1,8,NA
2023,5,7,"2_10","2_31","1","Owl_Seep","PH1","PHTA","Apis_mellifera",2,8,NA
2023,5,7,"2_10","2_31","1","Owl_Seep","PH1","PHTA","Apis_mellifera",2,7,NA
2023,5,7,"2_10","2_31","1","Owl_Seep","PH1","PHTA","Apis_mellifera",2,7,NA
2023,5,7,"2_10","2_31","1","Owl_Seep","PH1","PHTA","Apis_mellifera",1,5,NA
2023,5,7,"2_10","2_31","1","Owl_Seep","PH1","PHTA","Apis_mellifera",1,5,NA
2023,5,7,"2_10","2_31","1","Owl_Seep","V1","VIVI","Apis_mellifera",1,0,NA
2023,5,7,"2_10","2_31","1","Owl_Seep","V1","VIVI","Apis_mellifera",2,0,NA
2023,5,7,"2_10","2_31","1","Owl_Seep","V1","VIVI","Apis_mellifera",1,0,NA
2023,5,7,"2_10","2_31","1","Owl_Seep","V1","VIVI","Apis_mellifera",1,0,NA
2023,5,7,"2_10","2_31","1","Owl_Seep","V1","VIVI","Apis_mellifera",2,0,NA
2023,5,7,"2_32","2_48","2","Owl_Seep","V1","VIVI","Apis_mellifera",1,0,NA
2023,5,7,"2_32","2_48","2","Owl_Seep","V1","VIVI","Apis_mellifera",2,0,NA
2023,5,7,"2_32","2_48","2","Owl_Seep","V1","VIVI","Apis_mellifera",1,0,NA
2023,5,7,"2_32","2_48","2","Owl_Seep","V1","VIVI","Apis_mellifera",1,0,NA
2023,5,7,"3_12","3_25","5","Owl_Seep","V5","VIVI","Apis_mellifera",1,0,NA
2023,5,7,"3_12","3_25","5","Owl_Seep","PH9","PHTA","Apis_mellifera",1,10,NA
2023,5,7,"3_12","3_25","5","Owl_Seep","PH9","PHTA","Apis_mellifera",2,10,NA
2023,5,7,"3_12","3_25","5","Owl_Seep","","ERGU","Apis_mellifera",1,10,NA
2023,5,7,"3_12","3_25","5","Owl_Seep","PH11","PHTA","Apis_mellifera",2,20,NA
2023,5,7,"3_12","3_25","5","Owl_Seep","PH12","PHTA","Apis_mellifera",1,15,NA
2023,5,8,"10_45","11_03","4","Owl_Seep","V5","VIVI","Apis_mellifera",2,0,NA
2023,5,8,"12_36","12_49","1","Upper_Grid_2","V3","VIVI","Apis_mellifera",1,0,NA
2023,5,8,"12_36","12_49","1","Upper_Grid_2","V3","VIVI","Apis_mellifera",1,0,NA
2023,5,8,"12_36","12_49","1","Upper_Grid_2","V3","VIVI","Apis_mellifera",2,0,NA
2023,5,8,"12_36","12_49","1","Upper_Grid_2","V3","VIVI","Apis_mellifera",2,0,NA
2023,5,8,"12_36","12_49","1","Upper_Grid_2","V3","VIVI","Apis_mellifera",1,0,NA
2023,5,8,"12_36","12_49","1","Upper_Grid_2","V3","VIVI","Apis_mellifera",1,0,NA
2023,5,8,"12_36","12_49","1","Upper_Grid_2","V3","VIVI","Apis_mellifera",1,0,NA
2023,5,8,"12_36","12_49","1","Upper_Grid_2","V2","VIVI","Apis_mellifera",3,0,NA
2023,5,8,"12_50","12_59","2","Upper_Grid_2","V3","VIVI","Apis_mellifera",1,0,NA
2023,5,8,"12_50","12_59","2","Upper_Grid_2","V3","VIVI","Apis_mellifera",3,0,NA
2023,5,8,"12_50","12_59","2","Upper_Grid_2","V3","VIVI","Apis_mellifera",2,0,NA
2023,5,8,"12_50","12_59","2","Upper_Grid_2","V3","VIVI","Apis_mellifera",2,0,NA
2023,5,8,"12_50","12_59","2","Upper_Grid_2","V3","VIVI","Apis_mellifera",1,0,NA
2023,5,8,"12_50","12_59","2","Upper_Grid_2","V3","VIVI","Apis_mellifera",1,0,NA
2023,5,8,"1_05","1_10","3","Upper_Grid_2","V3","VIVI","Apis_mellifera",3,0,NA
2023,5,8,"1_11","1_29","4","Upper_Grid_2","V1","VIVI","Apis_mellifera",1,0,NA
2023,5,8,"1_11","1_29","4","Upper_Grid_2","V1","VIVI","Apis_mellifera",1,0,NA
2023,5,8,"1_46","1_57","1","Upper_Seep","V2","VIVI","Apis_mellifera",1,0,NA
2023,5,8,"1_46","1_57","1","Upper_Seep","V2","VIVI","Apis_mellifera",1,0,NA
2023,5,8,"1_46","1_57","1","Upper_Seep","V2","VIVI","Apis_mellifera",1,0,NA
2023,5,8,"1_46","1_57","1","Upper_Seep","V2","VIVI","Apis_mellifera",1,0,NA
2023,5,8,"1_46","1_57","1","Upper_Seep","V3","VIVI","Apis_mellifera",2,0,NA
2023,5,8,"1_46","1_57","1","Upper_Seep","V3","VIVI","Apis_mellifera",3,0,NA
2023,5,8,"1_58","2_12","2","Upper_Seep","V3","VIVI","Apis_mellifera",2,0,NA
2023,5,8,"1_58","2_12","2","Upper_Seep","V2","VIVI","Apis_mellifera",1,0,NA
2023,5,8,"1_58","2_12","2","Upper_Seep","V2","VIVI","Apis_mellifera",1,0,NA
2023,5,8,"1_58","2_12","2","Upper_Seep","V2","VIVI","Apis_mellifera",3,0,NA
2023,5,8,"1_58","2_12","2","Upper_Seep","V2","VIVI","Apis_mellifera",1,0,NA
2023,5,8,"2_13","2_22","3","Upper_Seep","V2","VIVI","Apis_mellifera",1,0,NA
2023,5,8,"2_13","2_22","3","Upper_Seep","V3","VIVI","Apis_mellifera",1,0,NA
2023,5,8,"2_13","2_22","3","Upper_Seep","V3","VIVI","Apis_mellifera",1,0,NA
2023,5,8,"2_13","2_22","3","Upper_Seep","V3","VIVI","Apis_mellifera",3,0,NA
2023,5,8,"2_23","2_34","4","Upper_Seep","V3","VIVI","Apis_mellifera",1,0,NA
2023,5,8,"2_23","2_34","4","Upper_Seep","V3","VIVI","Apis_mellifera",1,0,NA
2023,5,8,"2_23","2_34","4","Upper_Seep","V3","VIVI","Apis_mellifera",1,0,NA
2023,5,8,"2_36","2_41","5","Upper_Seep","V3","VIVI","Apis_mellifera",1,0,NA
2023,5,8,"2_36","2_41","5","Upper_Seep","V3","VIVI","Apis_mellifera",1,0,NA
2023,5,8,"2_36","2_41","5","Upper_Seep","V3","VIVI","Apis_mellifera",1,0,NA
2023,5,8,"2_55","3_02","1","Rock","V1","VIVI","Apis_mellifera",2,0,NA
2023,5,8,"2_55","3_02","1","Rock","V2","VIVI","Apis_mellifera",1,0,NA
2023,5,9,"8_58","9_16","3","Bertha","","ERCI","Apis_mellifera",14,1,NA
2023,5,9,"9_38","10_00","5","Bertha","","AGHE","Apis_mellifera",8,0,NA
2023,5,9,"12_20","12_27","1","Rock","V1","VIVI","Apis_mellifera",1,0,NA
2023,5,9,"12_20","12_27","1","Rock","V1","VIVI","Apis_mellifera",4,0,NA
2023,5,9,"12_20","12_27","1","Rock","V1","VIVI","Apis_mellifera",5,0,NA
2023,5,9,"12_20","12_27","1","Rock","V1","VIVI","Apis_mellifera",1,0,NA
2023,5,9,"12_20","12_27","1","Rock","V2","VIVI","Apis_mellifera",1,0,NA
2023,5,9,"12_20","12_27","1","Rock","V2","VIVI","Apis_mellifera",1,0,NA
2023,5,9,"1_09","1_23","2","Lower_Grid_1","GB3","TRLA","Apis_mellifera",6,200,NA
2023,5,9,"1_09","1_23","2","Lower_Grid_1","","TRLA","Apis_mellifera",1,100,NA
2023,5,9,"1_09","1_23","2","Lower_Grid_1","","TRLA","Apis_mellifera",1,100,NA
2023,5,9,"1_09","1_23","2","Lower_Grid_1","","TRLA","Apis_mellifera",1,100,NA
2023,5,9,"1_09","1_23","2","Lower_Grid_1","","TRLA","Apis_mellifera",2,100,NA
2023,5,9,"1_24","1_32","3","Lower_Grid_1","V1","VIVI","Apis_mellifera",1,0,NA
2023,5,9,"1_24","1_32","3","Lower_Grid_1","V1","VIVI","Apis_mellifera",2,0,NA
2023,5,9,"1_34","1_44","4","Lower_Grid_1","V2","VIVI","Apis_mellifera",1,0,NA
2023,5,9,"1_34","1_44","4","Lower_Grid_1","V2","VIVI","Apis_mellifera",1,0,NA
2023,5,9,"1_34","1_44","4","Lower_Grid_1","V2","VIVI","Apis_mellifera",2,0,NA
2023,5,9,"1_45","1_56","5","Lower_Grid_1","V2","VIVI","Apis_mellifera",1,0,NA
2023,5,9,"1_45","1_56","5","Lower_Grid_1","V2","VIVI","Apis_mellifera",3,0,NA
2023,5,9,"1_45","1_56","5","Lower_Grid_1","V2","VIVI","Apis_mellifera",2,0,NA
2023,5,9,"1_45","1_56","5","Lower_Grid_1","V2","VIVI","Apis_mellifera",4,0,NA
2023,5,9,"1_45","1_56","5","Lower_Grid_1","V2","VIVI","Apis_mellifera",2,0,NA
2023,5,9,"1_45","1_56","5","Lower_Grid_1","V2","VIVI","Apis_mellifera",1,0,NA
2023,5,9,"1_45","1_56","5","Lower_Grid_1","V2","VIVI","Apis_mellifera",2,0,NA
2023,5,9,"1_45","1_56","5","Lower_Grid_1","V2","VIVI","Apis_mellifera",2,0,NA
2023,5,9,"1_45","1_56","5","Lower_Grid_1","V2","VIVI","Apis_mellifera",1,0,NA
2023,5,9,"1_45","1_56","5","Lower_Grid_1","V2","VIVI","Apis_mellifera",5,0,NA
2023,5,9,"1_45","1_56","5","Lower_Grid_1","V2","VIVI","Apis_mellifera",1,0,NA
2023,5,9,"1_45","1_56","5","Lower_Grid_1","V2","VIVI","Apis_mellifera",1,0,NA
2023,5,9,"1_45","1_56","5","Lower_Grid_1","V2","VIVI","Apis_mellifera",2,0,NA
2023,5,9,"1_45","1_56","5","Lower_Grid_1","V2","VIVI","Apis_mellifera",1,0,NA
2023,5,9,"1_45","1_56","5","Lower_Grid_1","V2","VIVI","Apis_mellifera",2,0,NA
2023,5,9,"2_29","2_53","1","Owl_Seep","V3","VIVI","Apis_mellifera",3,0,NA
2023,5,9,"2_29","2_53","1","Owl_Seep","V3","VIVI","Apis_mellifera",2,0,NA
2023,5,9,"2_29","2_53","1","Owl_Seep","V3","VIVI","Apis_mellifera",1,0,NA
2023,5,9,"2_29","2_53","1","Owl_Seep","V3","VIVI","Apis_mellifera",1,0,NA
2023,5,9,"2_29","2_53","1","Owl_Seep","V3","VIVI","Apis_mellifera",4,0,NA
2023,5,9,"2_29","2_53","1","Owl_Seep","V3","VIVI","Apis_mellifera",1,0,NA
2023,5,9,"2_29","2_53","1","Owl_Seep","PH1","PHTA","Apis_mellifera",1,10,NA
2023,5,9,"2_29","2_53","1","Owl_Seep","PH1","PHTA","Apis_mellifera",1,10,NA
2023,5,9,"2_29","2_53","1","Owl_Seep","PH1","PHTA","Apis_mellifera",1,10,NA
2023,5,9,"2_29","2_53","1","Owl_Seep","PH1","PHTA","Apis_mellifera",1,10,NA
2023,5,9,"2_53","3_05","2","Owl_Seep","V1","VIVI","Apis_mellifera",2,0,NA
2023,5,9,"2_53","3_05","2","Owl_Seep","V1","VIVI","Apis_mellifera",1,0,NA
2023,5,9,"2_53","3_05","2","Owl_Seep","V2","VIVI","Apis_mellifera",1,0,NA
2023,5,9,"3_06","3_19","3","Owl_Seep","PH4","PHTA","Apis_mellifera",3,10,NA
2023,5,9,"3_06","3_19","3","Owl_Seep","PH4","PHTA","Apis_mellifera",6,10,NA
2023,5,9,"3_06","3_19","3","Owl_Seep","PH4","PHTA","Apis_mellifera",1,10,NA
2023,5,9,"3_06","3_19","3","Owl_Seep","PH4","PHTA","Apis_mellifera",2,10,NA
2023,5,9,"3_06","3_19","3","Owl_Seep","V4","VIVI","Apis_mellifera",1,0,NA
2023,5,9,"3_06","3_19","3","Owl_Seep","V4","VIVI","Apis_mellifera",1,0,NA
2023,5,9,"3_06","3_19","3","Owl_Seep","V4","VIVI","Apis_mellifera",1,0,NA
2023,5,9,"3_06","3_19","3","Owl_Seep","V4","VIVI","Apis_mellifera",1,0,NA
2023,5,9,"3_20","3_31","4","Owl_Seep","V4","VIVI","Apis_mellifera",1,0,NA
2023,5,9,"3_20","3_31","4","Owl_Seep","V4","VIVI","Apis_mellifera",1,0,NA
2023,5,9,"3_20","3_31","4","Owl_Seep","PH7","PHTA","Apis_mellifera",1,10,NA
2023,5,9,"3_20","3_31","4","Owl_Seep","V5","VIVI","Apis_mellifera",2,0,NA
2023,5,9,"3_20","3_31","4","Owl_Seep","V5","VIVI","Apis_mellifera",1,0,NA
2023,5,9,"3_32","3_42","5","Owl_Seep","PH11","PHTA","Apis_mellifera",1,10,NA
2023,5,10,"9_12","9_32","1","Upper_Seep","V2","VIVI","Apis_mellifera",1,0,NA
2023,5,10,"9_12","9_32","1","Upper_Seep","V2","VIVI","Apis_mellifera",2,0,NA
2023,5,10,"9_33","9_41","2","Upper_Seep","V2","VIVI","Apis_mellifera",2,0,NA
2023,5,10,"9_42","9_49","3","Upper_Seep","V2","VIVI","Apis_mellifera",3,0,NA
2023,5,10,"9_42","9_49","3","Upper_Seep","V3","VIVI","Apis_mellifera",4,0,NA
2023,5,10,"9_42","9_49","3","Upper_Seep","V3","VIVI","Apis_mellifera",2,0,NA
2023,5,10,"9_42","9_49","3","Upper_Seep","V3","VIVI","Apis_mellifera",1,0,NA
2023,5,10,"9_50","9_55","4","Upper_Seep","V3","VIVI","Apis_mellifera",1,0,NA
2023,5,10,"9_50","9_55","4","Upper_Seep","V3","VIVI","Apis_mellifera",1,0,NA
2023,5,10,"9_50","9_55","4","Upper_Seep","V3","VIVI","Apis_mellifera",1,0,NA
2023,5,10,"9_50","9_55","4","Upper_Seep","V3","VIVI","Apis_mellifera",1,0,NA
2023,5,10,"9_56","10_04","5","Upper_Seep","V3","VIVI","Apis_mellifera",2,0,NA
2023,5,10,"9_56","10_04","5","Upper_Seep","V3","VIVI","Apis_mellifera",1,0,NA
2023,5,10,"10_14","10_25","1","Upper_Grid_2","V3","VIVI","Apis_mellifera",1,0,NA
2023,5,10,"10_14","10_25","1","Upper_Grid_2","V3","VIVI","Apis_mellifera",1,0,NA
2023,5,10,"10_14","10_25","1","Upper_Grid_2","V3","VIVI","Apis_mellifera",2,0,NA
2023,5,10,"10_14","10_25","1","Upper_Grid_2","V3","VIVI","Apis_mellifera",1,0,NA
2023,5,10,"10_14","10_25","1","Upper_Grid_2","V3","VIVI","Apis_mellifera",3,0,NA
2023,5,10,"10_14","10_25","1","Upper_Grid_2","V3","VIVI","Apis_mellifera",1,0,NA
2023,5,10,"10_14","10_25","1","Upper_Grid_2","V3","VIVI","Apis_mellifera",4,0,NA
2023,5,10,"10_14","10_25","1","Upper_Grid_2","V3","VIVI","Apis_mellifera",3,0,NA
2023,5,10,"10_26","10_35","2","Upper_Grid_2","V3","VIVI","Apis_mellifera",1,0,NA
2023,5,10,"10_26","10_35","2","Upper_Grid_2","V3","VIVI","Apis_mellifera",1,0,NA
2023,5,10,"10_26","10_35","2","Upper_Grid_2","V3","VIVI","Apis_mellifera",2,0,NA
2023,5,10,"10_26","10_35","2","Upper_Grid_2","V3","VIVI","Apis_mellifera",2,0,NA
2023,5,10,"10_26","10_35","2","Upper_Grid_2","V3","VIVI","Apis_mellifera",3,0,NA
2023,5,10,"10_26","10_35","2","Upper_Grid_2","V3","VIVI","Apis_mellifera",2,0,NA
2023,5,10,"10_36","10_39","3","Upper_Grid_2","V3","VIVI","Apis_mellifera",2,0,NA
2023,5,10,"10_36","10_39","3","Upper_Grid_2","V3","VIVI","Apis_mellifera",2,0,NA
2023,5,10,"10_36","10_39","3","Upper_Grid_2","V3","VIVI","Apis_mellifera",1,0,NA
2023,5,10,"10_36","10_39","3","Upper_Grid_2","V3","VIVI","Apis_mellifera",2,0,NA
2023,5,10,"10_40","11_17","4","Upper_Grid_2","V1","VIVI","Apis_mellifera",1,0,NA
2023,5,10,"10_40","11_17","4","Upper_Grid_2","V1","VIVI","Apis_mellifera",1,0,NA
2023,5,10,"10_40","11_17","4","Upper_Grid_2","V1","VIVI","Apis_mellifera",2,0,NA
2023,5,10,"10_40","11_17","4","Upper_Grid_2","V1","VIVI","Apis_mellifera",1,0,NA
2023,5,10,"10_40","11_17","4","Upper_Grid_2","V1","VIVI","Apis_mellifera",1,0,NA
2023,5,10,"10_40","11_17","4","Upper_Grid_2","V1","VIVI","Apis_mellifera",1,0,NA
2023,5,10,"11_29","11_36","1","Rock","V2","VIVI","Apis_mellifera",1,0,NA
2023,5,10,"11_29","11_36","1","Rock","V2","VIVI","Apis_mellifera",2,0,NA
2023,5,10,"11_47","11_52","5","Rock","","TRLA","Apis_mellifera",2,50,NA
2023,5,10,"11_47","11_52","5","Rock","","TRLA","Apis_mellifera",14,50,NA
2023,5,10,"11_47","11_52","5","Rock","","TRLA","Apis_mellifera",2,50,NA
2023,5,10,"12_22","12_34","2","Lower_Grid_1","","TRLA","Apis_mellifera",1,120,NA
2023,5,10,"12_22","12_34","2","Lower_Grid_1","","TRLA","Apis_mellifera",3,120,NA
2023,5,10,"12_22","12_34","2","Lower_Grid_1","","TRLA","Apis_mellifera",1,120,NA
2023,5,10,"12_22","12_34","2","Lower_Grid_1","","TRLA","Apis_mellifera",1,120,NA
2023,5,10,"12_22","12_34","2","Lower_Grid_1","","TRLA","Apis_mellifera",2,100,NA
2023,5,10,"12_22","12_34","2","Lower_Grid_1","GB2","THCA","Apis_mellifera",1,100,NA
2023,5,10,"12_22","12_34","2","Lower_Grid_1","GB2","TRLA","Apis_mellifera",1,100,NA
2023,5,10,"12_22","12_34","2","Lower_Grid_1","GB2","THCA","Apis_mellifera",1,100,NA
2023,5,10,"12_22","12_34","2","Lower_Grid_1","GB2","TRLA","Apis_mellifera",3,100,NA
2023,5,10,"12_35","12_43","3","Lower_Grid_1","V1","VIVI","Apis_mellifera",1,0,NA
2023,5,10,"12_35","12_43","3","Lower_Grid_1","V1","VIVI","Apis_mellifera",2,0,NA
2023,5,10,"12_35","12_43","3","Lower_Grid_1","V1","VIVI","Apis_mellifera",1,0,NA
2023,5,10,"12_44","12_54","4","Lower_Grid_1","V2","VIVI","Apis_mellifera",2,0,NA
2023,5,10,"12_44","12_54","4","Lower_Grid_1","V2","VIVI","Apis_mellifera",1,0,NA
2023,5,10,"12_44","12_54","4","Lower_Grid_1","V2","VIVI","Apis_mellifera",2,0,NA
2023,5,10,"12_44","12_54","4","Lower_Grid_1","V2","VIVI","Apis_mellifera",1,0,NA
2023,5,10,"12_44","12_54","4","Lower_Grid_1","V2","VIVI","Apis_mellifera",1,0,NA
2023,5,10,"12_44","12_54","4","Lower_Grid_1","V2","VIVI","Apis_mellifera",1,0,NA
2023,5,10,"12_44","12_54","4","Lower_Grid_1","V2","VIVI","Apis_mellifera",1,0,NA
2023,5,10,"12_44","12_54","4","Lower_Grid_1","V2","VIVI","Apis_mellifera",1,0,NA
2023,5,10,"12_44","12_54","4","Lower_Grid_1","V2","VIVI","Apis_mellifera",2,0,NA
2023,5,10,"12_44","12_54","4","Lower_Grid_1","V2","VIVI","Apis_mellifera",1,0,NA
2023,5,10,"12_44","12_54","4","Lower_Grid_1","V2","VIVI","Apis_mellifera",3,0,NA
2023,5,10,"12_44","12_54","4","Lower_Grid_1","V2","VIVI","Apis_mellifera",1,0,NA
2023,5,10,"12_44","12_54","4","Lower_Grid_1","V2","VIVI","Apis_mellifera",1,0,NA
2023,5,10,"12_44","12_54","4","Lower_Grid_1","V2","VIVI","Apis_mellifera",1,0,NA
2023,5,10,"12_44","12_54","4","Lower_Grid_1","V2","VIVI","Apis_mellifera",3,0,NA
2023,5,10,"12_44","12_54","4","Lower_Grid_1","V2","VIVI","Apis_mellifera",2,0,NA
2023,5,10,"12_44","12_54","4","Lower_Grid_1","V2","VIVI","Apis_mellifera",1,0,NA
2023,5,10,"12_55","1_06","5","Lower_Grid_1","V2","VIVI","Apis_mellifera",1,0,NA
2023,5,10,"12_55","1_06","5","Lower_Grid_1","V2","VIVI","Apis_mellifera",1,0,NA
2023,5,10,"12_55","1_06","5","Lower_Grid_1","V2","VIVI","Apis_mellifera",2,0,NA
2023,5,10,"12_55","1_06","5","Lower_Grid_1","V2","VIVI","Apis_mellifera",1,0,NA
2023,5,10,"12_55","1_06","5","Lower_Grid_1","V2","VIVI","Apis_mellifera",2,0,NA
2023,5,10,"12_55","1_06","5","Lower_Grid_1","V2","VIVI","Apis_mellifera",1,0,NA
2023,5,10,"12_55","1_06","5","Lower_Grid_1","V2","VIVI","Apis_mellifera",1,0,NA
2023,5,10,"12_55","1_06","5","Lower_Grid_1","V2","VIVI","Apis_mellifera",1,0,NA
2023,5,10,"12_55","1_06","5","Lower_Grid_1","V2","VIVI","Apis_mellifera",1,0,NA
2023,5,10,"12_55","1_06","5","Lower_Grid_1","V2","VIVI","Apis_mellifera",1,0,NA
2023,5,10,"12_55","1_06","5","Lower_Grid_1","V2","VIVI","Apis_mellifera",2,0,NA
2023,5,10,"12_55","1_06","5","Lower_Grid_1","V2","VIVI","Apis_mellifera",1,0,NA
2023,5,10,"12_55","1_06","5","Lower_Grid_1","V2","VIVI","Apis_mellifera",1,0,NA
2023,5,10,"2_22","2_40","1","Owl_Seep","V3","VIVI","Apis_mellifera",2,0,NA
2023,5,10,"2_22","2_40","1","Owl_Seep","V3","VIVI","Apis_mellifera",1,0,NA
2023,5,10,"2_22","2_40","1","Owl_Seep","V3","VIVI","Apis_mellifera",1,0,NA
2023,5,10,"2_22","2_40","1","Owl_Seep","V3","VIVI","Apis_mellifera",2,0,NA
2023,5,10,"2_22","2_40","1","Owl_Seep","PH1","PHTA","Apis_mellifera",2,10,NA
2023,5,10,"2_22","2_40","1","Owl_Seep","PH1","PHTA","Apis_mellifera",1,5,NA
2023,5,10,"2_22","2_40","1","Owl_Seep","PH1","PHTA","Apis_mellifera",1,1,NA
2023,5,10,"2_41","2_52","2","Owl_Seep","V1","VIVI","Apis_mellifera",1,0,NA
2023,5,10,"2_41","2_52","2","Owl_Seep","V3","VIVI","Apis_mellifera",1,0,NA
2023,5,10,"2_53","3_04","3","Owl_Seep","V4","VIVI","Apis_mellifera",1,0,NA
2023,5,10,"2_53","3_04","3","Owl_Seep","V4","VIVI","Apis_mellifera",1,0,NA
2023,5,10,"2_53","3_04","3","Owl_Seep","V4","VIVI","Apis_mellifera",1,0,NA
2023,5,10,"2_53","3_04","3","Owl_Seep","V4","VIVI","Apis_mellifera",1,0,NA
2023,5,10,"3_05","3_17","4","Owl_Seep","V4","VIVI","Apis_mellifera",1,0,NA
2023,5,10,"3_05","3_17","4","Owl_Seep","V4","VIVI","Apis_mellifera",1,0,NA
2023,5,10,"3_05","3_17","4","Owl_Seep","V4","VIVI","Apis_mellifera",1,0,NA
2023,5,10,"3_05","3_17","4","Owl_Seep","V4","VIVI","Apis_mellifera",1,0,NA
2023,5,10,"3_05","3_17","4","Owl_Seep","V4","VIVI","Apis_mellifera",1,0,NA
2023,5,10,"3_05","3_17","4","Owl_Seep","V4","VIVI","Apis_mellifera",1,0,NA
2023,5,10,"3_05","3_17","4","Owl_Seep","V4","VIVI","Apis_mellifera",1,0,NA
2023,5,10,"3_19","3_28","5","Owl_Seep","PH11","PHTA","Apis_mellifera",1,20,NA
2023,5,10,"3_19","3_28","5","Owl_Seep","PH12","PHTA","Apis_mellifera",1,20,NA
2023,5,11,"1_32","1_47","3","Goatgrass","","LOHO","Apis_mellifera",1,10,NA
2023,5,11,"1_48","2_08","4","Goatgrass","V4","VIVI","Apis_mellifera",6,0,NA
2023,5,11,"2_51","3_01","2","Pond","VA","VIVI","Apis_mellifera",1,0,NA
2023,5,11,"3_28","3_47","4","Pond","","TRLA","Apis_mellifera",5,20,NA
2023,5,11,"3_28","3_47","4","Pond","","TRLA","Apis_mellifera",1,10,NA
2023,5,11,"3_28","3_47","4","Pond","","TRLA","Apis_mellifera",1,10,NA
2023,5,11,"4_05","4_18","1","Bertha","V1","VIVI","Apis_mellifera",1,0,NA
2023,5,11,"4_05","4_18","1","Bertha","V1","VIVI","Apis_mellifera",2,0,NA
2023,5,11,"4_19","4_37","2","Bertha","V1","VIVI","Apis_mellifera",1,0,NA
2023,5,11,"4_19","4_37","2","Bertha","V1","VIVI","Apis_mellifera",1,0,NA
2023,5,11,"4_19","4_37","2","Bertha","V1","VIVI","Apis_mellifera",1,0,NA
2023,5,11,"4_19","4_37","2","Bertha","V1","VIVI","Apis_mellifera",1,0,NA
2023,5,11,"4_19","4_37","2","Bertha","V1","VIVI","Apis_mellifera",1,0,NA
2023,5,11,"4_19","4_37","2","Bertha","V1","VIVI","Apis_mellifera",1,0,NA
2023,5,11,"4_19","4_37","2","Bertha","V1","VIVI","Apis_mellifera",1,0,NA
2023,5,11,"4_19","4_37","2","Bertha","V1","VIVI","Apis_mellifera",1,0,NA
2023,5,11,"4_19","4_37","2","Bertha","V1","VIVI","Apis_mellifera",1,0,NA
2023,5,11,"4_19","4_37","2","Bertha","V1","VIVI","Apis_mellifera",1,0,NA
2023,5,11,"4_19","4_37","2","Bertha","V1","VIVI","Apis_mellifera",1,0,NA
2023,5,11,"4_19","4_37","2","Bertha","V1","VIVI","Apis_mellifera",3,0,NA
2023,5,11,"4_19","4_37","2","Bertha","V1","VIVI","Apis_mellifera",1,0,NA
2023,5,11,"4_19","4_37","2","Bertha","V1","VIVI","Apis_mellifera",1,0,NA
2023,5,11,"4_19","4_37","2","Bertha","","TRLA","Apis_mellifera",1,150,NA
2023,5,11,"4_38","4_58","3","Bertha","V2","VIVI","Apis_mellifera",1,0,NA
2023,5,11,"4_38","4_58","3","Bertha","V2","VIVI","Apis_mellifera",1,0,NA
2023,5,11,"4_38","4_58","3","Bertha","V2","VIVI","Apis_mellifera",1,0,NA
2023,5,11,"4_38","4_58","3","Bertha","V2","VIVI","Apis_mellifera",1,0,NA
2023,5,11,"4_38","4_58","3","Bertha","V2","VIVI","Apis_mellifera",1,0,NA
2023,5,11,"4_38","4_58","3","Bertha","V2","VIVI","Apis_mellifera",1,0,NA
2023,5,11,"5_13","5_26","5","Bertha","V4","VIVI","Apis_mellifera",1,0,NA
2023,5,12,"10_59","11_20","1","Owl_Seep","V3","VIVI","Apis_mellifera",3,0,NA
2023,5,12,"10_59","11_20","1","Owl_Seep","V3","VIVI","Apis_mellifera",2,0,NA
2023,5,12,"10_59","11_20","1","Owl_Seep","V3","VIVI","Apis_mellifera",1,0,NA
2023,5,12,"10_59","11_20","1","Owl_Seep","V3","VIVI","Apis_mellifera",1,0,NA
2023,5,12,"10_59","11_20","1","Owl_Seep","V3","VIVI","Apis_mellifera",1,0,NA
2023,5,12,"10_59","11_20","1","Owl_Seep","PH1","PHTA","Apis_mellifera",1,10,NA
2023,5,12,"11_21","11_32","2","Owl_Seep","V1","VIVI","Apis_mellifera",1,0,NA
2023,5,12,"11_21","11_32","2","Owl_Seep","V2","VIVI","Apis_mellifera",1,0,NA
2023,5,12,"11_33","11_41","3","Owl_Seep","V4","VIVI","Apis_mellifera",1,0,NA
2023,5,12,"11_50","11_58","5","Owl_Seep","V5","VIVI","Apis_mellifera",2,0,NA
2023,5,12,"11_50","11_58","5","Owl_Seep","PH11","PHTA","Apis_mellifera",2,20,NA
2023,5,13,"9_01","9_07","1","","","TRLA","Apis_mellifera",2,40,NA
2023,5,13,"9_01","9_07","1","","GB1","TRLA","Apis_mellifera",2,50,NA
2023,5,13,"9_07","9_14","2","Lower_Grid_1","","TRLA","Apis_mellifera",1,10,NA
2023,5,13,"9_38","9_44","3","Lower_Grid_1","V1","VIVI","Apis_mellifera",1,0,NA
2023,5,13,"9_38","9_44","3","Lower_Grid_1","V1","VIVI","Apis_mellifera",3,0,NA
2023,5,13,"9_45","9_52","4","Lower_Grid_1","V2","VIVI","Apis_mellifera",3,0,NA
2023,5,13,"9_45","9_52","4","Lower_Grid_1","V2","VIVI","Apis_mellifera",1,0,NA
2023,5,13,"9_45","9_52","4","Lower_Grid_1","V2","VIVI","Apis_mellifera",1,0,NA
2023,5,13,"9_45","9_52","4","Lower_Grid_1","V2","VIVI","Apis_mellifera",1,0,NA
2023,5,13,"9_45","9_52","4","Lower_Grid_1","V2","VIVI","Apis_mellifera",1,0,NA
2023,5,13,"9_45","9_52","4","Lower_Grid_1","V2","VIVI","Apis_mellifera",2,0,NA
2023,5,13,"9_53","10_01","5","Lower_Grid_1","V2","VIVI","Apis_mellifera",2,0,NA
2023,5,13,"9_53","10_01","5","Lower_Grid_1","V2","VIVI","Apis_mellifera",1,0,NA
2023,5,13,"9_53","10_01","5","Lower_Grid_1","V2","VIVI","Apis_mellifera",2,0,NA
2023,5,13,"9_53","10_01","5","Lower_Grid_1","V2","VIVI","Apis_mellifera",1,0,NA
2023,5,13,"9_53","10_01","5","Lower_Grid_1","V2","VIVI","Apis_mellifera",2,0,NA
2023,5,13,"9_53","10_01","5","Lower_Grid_1","V2","VIVI","Apis_mellifera",1,0,NA
2023,5,13,"9_53","10_01","5","Lower_Grid_1","V2","VIVI","Apis_mellifera",1,0,NA
2023,5,13,"9_53","10_01","5","Lower_Grid_1","V2","VIVI","Apis_mellifera",1,0,NA
2023,5,13,"10_31","10_38","1","Upper_Grid_2","V3","VIVI","Apis_mellifera",3,0,NA
2023,5,13,"10_31","10_38","1","Upper_Grid_2","V3","VIVI","Apis_mellifera",1,0,NA
2023,5,13,"10_31","10_38","1","Upper_Grid_2","V3","VIVI","Apis_mellifera",2,0,NA
2023,5,13,"10_45","10_49","3","Upper_Grid_2","V3","VIVI","Apis_mellifera",1,0,NA
2023,5,14,"11_02","11_21","2","Bertha","V1","VIVI","Apis_mellifera",1,0,NA
2023,5,14,"11_02","11_21","2","Bertha","V1","VIVI","Apis_mellifera",1,0,NA
2023,5,14,"11_02","11_21","2","Bertha","V1","VIVI","Apis_mellifera",1,0,NA
2023,5,14,"11_02","11_21","2","Bertha","V1","VIVI","Apis_mellifera",1,0,NA
2023,5,14,"11_02","11_21","2","Bertha","V1","VIVI","Apis_mellifera",1,0,NA
2023,5,14,"11_02","11_21","2","Bertha","","TRLA","Apis_mellifera",1,50,NA
2023,5,14,"11_43","11_59","4","Bertha","V2","VIVI","Apis_mellifera",1,0,NA
2023,5,14,"11_43","11_59","4","Bertha","V2","VIVI","Apis_mellifera",1,0,NA
2023,5,14,"11_43","11_59","4","Bertha","V2","VIVI","Apis_mellifera",1,0,NA
2023,5,14,"11_43","11_59","4","Bertha","V2","VIVI","Apis_mellifera",1,0,NA
2023,5,14,"11_43","11_59","4","Bertha","V2","VIVI","Apis_mellifera",1,0,NA
2023,5,14,"11_43","11_59","4","Bertha","V2","VIVI","Apis_mellifera",1,0,NA
2023,5,14,"11_43","11_59","4","Bertha","V2","VIVI","Apis_mellifera",1,0,NA
2023,5,14,"12_47","12_57","4","Pond","V2","VIVI","Apis_mellifera",1,0,NA
2023,5,14,"12_47","12_57","4","Pond","V2","VIVI","Apis_mellifera",2,0,NA
2023,5,14,"12_58","1_05","5","Pond","V3","VIVI","Apis_mellifera",1,0,NA
2023,5,14,"1_52","2_02","4","Goatgrass","V4","VIVI","Apis_mellifera",2,0,NA
2023,5,14,"1_52","2_02","4","Goatgrass","","LOHO","Apis_mellifera",1,0,NA
2023,5,14,"1_52","2_02","4","Goatgrass","V4","VIVI","Apis_mellifera",1,0,NA
2023,5,14,"1_52","2_02","4","Goatgrass","V4","VIVI","Apis_mellifera",1,0,NA
2023,5,14,"1_52","2_02","4","Goatgrass","V4","VIVI","Apis_mellifera",2,0,NA
2023,5,14,"3_31","3_41","3","Quarry_2","ERGU1","ERGU","Apis_mellifera",3,60,NA
2023,5,17,"12_42","12_54","2","Bertha","V1","VIVI","Apis_mellifera",2,0,NA
2023,5,17,"12_42","12_54","2","Bertha","V1","VIVI","Apis_mellifera",3,0,NA
2023,5,17,"12_42","12_54","2","Bertha","V1","VIVI","Apis_mellifera",1,0,NA
2023,5,17,"12_42","12_54","2","Bertha","V1","VIVI","Apis_mellifera",4,0,NA
2023,5,17,"12_42","12_54","2","Bertha","V1","VIVI","Apis_mellifera",1,0,NA
2023,5,17,"12_42","12_54","2","Bertha","V1","VIVI","Apis_mellifera",1,0,NA
2023,5,17,"12_42","12_54","2","Bertha","V1","VIVI","Apis_mellifera",1,0,NA
2023,5,20,"7_50","8_00","3","Goatgrass","","ACMO","Apis_mellifera",3,1,NA
2023,5,20,"7_50","8_00","3","Goatgrass","V3","VIVI","Apis_mellifera",2,0,NA
2023,5,20,"8_53","9_04","4","Bertha","V2","VIVI","Apis_mellifera",2,0,NA
2023,5,20,"8_53","9_04","4","Bertha","V2","VIVI","Apis_mellifera",3,0,NA
2023,5,20,"9_06","9_15","3","Bertha","V1","VIVI","Apis_mellifera",2,0,NA
2023,5,20,"9_16","9_30","2","Bertha","V1","VIVI","Apis_mellifera",1,0,NA
2023,5,20,"9_16","9_30","2","Bertha","V1","VIVI","Apis_mellifera",2,0,NA
2023,5,20,"9_16","9_30","2","Bertha","V1","VIVI","Apis_mellifera",2,0,NA
2023,5,20,"9_16","9_30","2","Bertha","V1","VIVI","Apis_mellifera",1,0,NA
2023,5,20,"9_16","9_30","2","Bertha","V1","VIVI","Apis_mellifera",1,0,NA
2023,5,21,"9_48","10_08","focal_obs","Quarry_1","","VIVI","Apis_mellifera",2,0,NA
2023,5,21,"9_48","10_08","focal_obs","Quarry_1","","VIVI","Apis_mellifera",1,0,NA
2023,5,21,"9_48","10_08","focal_obs","Quarry_1","","VIVI","Apis_mellifera",1,0,NA
2023,5,24,"2_36","2_56","focal_obs","Quarry_1","","VIVI","Apis_mellifera",6,0,NA
2023,5,25,"10_21","10_30","2","Quarry_1","ERGU1","ERGU","Apis_mellifera",4,20,NA
2023,5,26,"1_58","2_18","focal_obs","Quarry_1","","VIVI","Apis_mellifera",3,0,NA
2023,5,27,"2_49","3_09","focal_obs","Quarry_1","","VIVI","Apis_mellifera",2,0,NA
2023,5,27,"2_49","3_09","focal_obs","Quarry_1","","VIVI","Apis_mellifera",3,0,NA
2023,5,27,"2_49","3_09","focal_obs","Quarry_1","","VIVI","Apis_mellifera",6,0,NA
2023,5,23,"12_41","1_01","focal_obs","Quarry_1","","VIVI","Apis_mellifera",1,0,NA
2023,5,16,"10_27","10_44","3","Quarry_1","seep","MIDO","Agapostemon_subtilior",1,100,NA
2023,5,17,"9_30","9_45","5","Quarry_1","","AGHE","Listrus_sp._1",1,0,NA
2023,5,17,"9_30","9_45","5","Quarry_1","","Asteraceae_sp.","Listrus_sp._1",1,2,NA
2023,5,17,"11_53","12_00","1","Pond","","LACA","Listrus_sp._1",1,5,NA
2023,5,17,"11_53","12_00","1","Pond","","LACA","Listrus_sp._1",1,5,NA
2023,5,17,"11_53","12_00","1","Pond","","LACA","Listrus_sp._1",1,5,NA
2023,5,17,"11_53","12_00","1","Pond","","LACA","Listrus_sp._1",1,5,NA
2023,5,20,"8_53","9_04","4","Bertha","","LAMI","Listrus_sp._1",1,50,NA
2023,5,20,"8_53","9_04","4","Bertha","","LAMI","Listrus_sp._1",1,50,NA
2023,5,20,"9_06","9_15","3","Bertha","TRLA1","TRLA","Listrus_sp._1",1,30,NA
2023,5,20,"9_06","9_15","3","Bertha","TRLA1","TRLA","Listrus_sp._1",1,30,NA
2023,5,20,"9_06","9_15","3","Bertha","TRLA1","TRLA","Listrus_sp._1",1,30,NA
2023,5,20,"9_06","9_15","3","Bertha","","AGHE","Listrus_sp._1",1,100,NA
2023,5,20,"9_16","9_30","2","Bertha","","LACA","Listrus_sp._1",1,60,NA
2023,5,20,"12_41","1_01","focal_obs","Quarry_1","","TRFU","Listrus_sp._1",1,1,NA
2023,5,20,"1_02","1_22","focal_obs","Quarry_1","","LUSU","Listrus_sp._1",1,5,NA
2023,5,20,"1_02","1_22","focal_obs","Quarry_1","","TRFU","Listrus_sp._1",1,5,NA
2023,5,20,"1_02","1_22","focal_obs","Quarry_1","","LUSU","Listrus_sp._1",1,5,NA
2023,5,20,"1_02","1_22","focal_obs","Quarry_1","","LUSU","Listrus_sp._1",1,5,NA
2023,5,20,"1_27","1_47","focal_obs","Quarry_1","","LUSU","Listrus_sp._1",1,50,NA
2023,5,20,"1_27","1_47","focal_obs","Quarry_1","","LUSU","Listrus_sp._1",1,50,NA
2023,5,21,"8_22","8_36","5","Quarry_1","","RHAR","Listrus_sp._1",1,0,NA
2023,5,21,"7_08","7_23","1","Quarry_1","ERGU_upper","ERGU","Listrus_sp._1",1,30,NA
2023,5,21,"7_25","7_42","2","Quarry_1","","CARU","Listrus_sp._1",1,20,NA
2023,5,21,"7_25","7_42","2","Quarry_1","","CARU","Listrus_sp._1",1,20,NA
2023,5,21,"7_25","7_42","2","Quarry_1","","CARU","Listrus_sp._1",1,20,NA
2023,5,21,"7_25","7_42","2","Quarry_1","","CARU","Listrus_sp._1",1,35,NA
2023,5,21,"9_48","10_08","focal_obs","Quarry_1","","TRFU","Listrus_sp._1",1,0,NA
2023,5,21,"10_32","10_52","focal_obs","Quarry_1","","LUSU","Listrus_sp._1",1,5,NA
2023,5,21,"10_32","10_52","focal_obs","Quarry_1","","LUSU","Listrus_sp._1",1,5,NA
2023,5,21,"10_32","10_52","focal_obs","Quarry_1","","LUSU","Listrus_sp._1",1,5,NA
2023,5,21,"10_32","10_52","focal_obs","Quarry_1","","LUSU","Listrus_sp._1",1,5,NA
2023,5,21,"10_32","10_52","focal_obs","Quarry_1","","LUSU","Listrus_sp._1",1,5,NA
2023,5,21,"10_54","11_14","focal_obs","Quarry_1","","LUSU","Listrus_sp._1",1,50,NA
2023,4,20,"3_20","3_48","2","Upper_Grid_2","TRFU4","TRFU","Listrus_sp._1",1,10,NA
2023,4,20,"3_20","3_48","2","Upper_Grid_2","","DICA","Listrus_sp._1",1,3,NA
2023,4,20,"3_20","3_48","3","Upper_Grid_2","","TRFU","Listrus_sp._1",1,10,NA
2023,4,20,"3_20","3_48","5","Upper_Grid_2","","LUSU","Listrus_sp._1",1,30,NA
2023,4,20,"11_50","2_12","1","Upper_Grid_1","","DICA","Listrus_sp._1",1,4,NA
2023,4,20,"11_50","2_12","1","Upper_Grid_1","","DICA","Listrus_sp._1",1,4,NA
2023,4,20,"11_50","2_12","1","Upper_Grid_1","","DICA","Listrus_sp._1",1,4,NA
2023,4,20,"11_50","2_12","1","Upper_Grid_1","","DICA","Listrus_sp._1",1,4,NA
2023,4,23,"11_05","11_25","Focal_Obs","Upper_Grid_2","50M focal","LUSU","Listrus_sp._1",1,50,NA
2023,4,24,"10_01","12_45","1","Upper_Grid_1","","DICA","Listrus_sp._1",1,20,NA
2023,4,24,"10_01","12_45","1","Upper_Grid_1","","DICA","Listrus_sp._1",1,5,NA
2023,4,24,"10_01","12_45","1","Upper_Grid_1","","DICA","Listrus_sp._1",1,5,NA
2023,4,24,"10_01","12_45","2","Upper_Grid_1","","Asteraceae_sp.","Listrus_sp._1",1,0,NA
2023,4,24,"10_01","12_45","2","Upper_Grid_1","","LACA","Listrus_sp._1",1,10,NA
2023,4,24,"10_01","12_45","3","Upper_Grid_1","","RACA","Listrus_sp._1",1,20,NA
2023,4,24,"10_01","12_45","3","Upper_Grid_1","","DICA","Listrus_sp._1",1,30,NA
2023,4,24,"1_19","2_09","3","Upper_Grid_2","","DICA","Listrus_sp._1",1,0,NA
2023,4,24,"1_19","2_09","3","Upper_Grid_2","","DICA","Listrus_sp._1",1,0,NA
2023,4,24,"1_19","2_09","3","Upper_Grid_2","","DICA","Listrus_sp._1",1,10,NA
2023,4,24,"1_19","2_09","4","Upper_Grid_2","TRFU3","TRFU","Listrus_sp._1",1,6,NA
2023,4,24,"2_13","2_33","Focal_Obs","Upper_Grid_2","50M focal","LUSU","Listrus_sp._1",1,50,NA
2023,4,24,"2_13","2_33","Focal_Obs","Upper_Grid_2","50M focal","LUSU","Listrus_sp._1",3,50,NA
2023,4,24,"2_13","2_33","Focal_Obs","Upper_Grid_2","50M focal","LUSU","Listrus_sp._1",1,50,NA
2023,4,24,"2_13","2_33","Focal_Obs","Upper_Grid_2","50M focal","LUSU","Listrus_sp._1",1,50,NA
2023,4,24,"2_13","2_33","Focal_Obs","Upper_Grid_2","50M focal","LUSU","Listrus_sp._1",1,50,NA
2023,4,24,"2_13","2_33","Focal_Obs","Upper_Grid_2","50M focal","LUSU","Listrus_sp._1",1,50,NA
2023,4,24,"2_34","2_54","Focal_Obs","Upper_Grid_2","5M focal","LUSU","Listrus_sp._1",1,5,NA
2023,4,24,"2_34","2_54","Focal_Obs","Upper_Grid_2","5M focal","LUSU","Listrus_sp._1",1,5,NA
2023,4,24,"2_34","2_54","Focal_Obs","Upper_Grid_2","5M focal","LUSU","Listrus_sp._1",1,5,NA
2023,4,24,"2_34","2_54","Focal_Obs","Upper_Grid_2","5M focal","LUSU","Listrus_sp._1",1,5,NA
2023,4,24,"2_34","2_54","Focal_Obs","Upper_Grid_2","5M focal","LUSU","Listrus_sp._1",1,5,NA
2023,4,24,"2_34","2_54","Focal_Obs","Upper_Grid_2","1M focal","LUSU","Listrus_sp._1",1,1,NA
2023,4,24,"2_34","2_54","Focal_Obs","Upper_Grid_2","1M focal","LUSU","Listrus_sp._1",1,1,NA
2023,4,24,"2_34","2_54","Focal_Obs","Upper_Grid_2","1M focal","LUSU","Listrus_sp._1",1,1,NA
2023,4,24,"2_34","2_54","Focal_Obs","Upper_Grid_2","1M focal","LUSU","Listrus_sp._1",1,1,NA
2023,4,24,"2_34","2_54","Focal_Obs","Upper_Grid_2","1M focal","LUSU","Listrus_sp._1",1,1,NA
2023,4,24,"2_34","2_54","Focal_Obs","Upper_Grid_2","1M focal","LUSU","Listrus_sp._1",1,1,NA
2023,4,24,"2_34","2_54","Focal_Obs","Upper_Grid_2","1M focal","LUSU","Listrus_sp._1",1,1,NA
2023,4,24,"2_55","3_15","Focal_Obs","Upper_Grid_2","0M focal","LUSU","Listrus_sp._1",1,0,NA
2023,4,24,"2_55","3_15","Focal_Obs","Upper_Grid_2","0M focal","LUSU","Listrus_sp._1",1,0,NA
2023,4,24,"2_55","3_15","Focal_Obs","Upper_Grid_2","0M focal","LUSU","Listrus_sp._1",1,0,NA
2023,4,24,"3_24","4_04","1","Rock","","HIIN","Listrus_sp._1",1,1,NA
2023,4,24,"3_24","4_04","2","Rock","","AMME","Listrus_sp._1",1,0,NA
2023,4,24,"3_24","4_04","4","Rock","","LACA","Listrus_sp._1",1,20,NA
2023,4,24,"3_24","4_04","5","Rock","TRFU2","TRFU","Listrus_sp._1",1,50,NA
2023,4,26,"8_54","11_57","1","Owl_Seep","not in marked patch","PHTA","Listrus_sp._1",1,1,NA
2023,4,26,"8_54","11_57","1","Owl_Seep","not in marked patch","PHTA","Listrus_sp._1",1,5,NA
2023,4,26,"8_54","11_57","1","Owl_Seep","not in marked patch","PHTA","Listrus_sp._1",1,5,NA
2023,4,26,"8_54","11_57","2","Owl_Seep","PH1","PHTA","Listrus_sp._1",1,10,NA
2023,4,26,"12_44","1_20","4","Rock","","DICA","Listrus_sp._1",1,30,NA
2023,4,26,"1_39","2_24","4","Lower_Grid_1","","RACA","Listrus_sp._1",1,0,NA
2023,4,26,"2_45","3_05","Focal_Obs","Upper_Grid_2","0M focal","LUSU","Listrus_sp._1",1,0,NA
2023,4,26,"2_45","3_05","Focal_Obs","Upper_Grid_2","0M focal","LUSU","Listrus_sp._1",1,0,NA
2023,4,26,"2_45","3_05","Focal_Obs","Upper_Grid_2","0M focal","LUSU","Listrus_sp._1",1,0,NA
2023,4,26,"3_10","3_31","Focal_Obs","Upper_Grid_2","50M focal","LUSU","Listrus_sp._1",1,50,NA
2023,4,26,"3_10","3_31","Focal_Obs","Upper_Grid_2","50M focal","LUSU","Listrus_sp._1",1,50,NA
2023,4,26,"3_10","3_31","Focal_Obs","Upper_Grid_2","50M focal","LUSU","Listrus_sp._1",1,50,NA
2023,4,26,"3_10","3_31","Focal_Obs","Upper_Grid_2","50M focal","LUSU","Listrus_sp._1",1,50,NA
2023,4,26,"2_47","3_07","Focal_Obs","Upper_Grid_2","1M focal","LUSU","Listrus_sp._1",1,1,NA
2023,4,26,"2_47","3_07","Focal_Obs","Upper_Grid_2","1M focal","LUSU","Listrus_sp._1",1,1,NA
2023,4,26,"2_47","3_07","Focal_Obs","Upper_Grid_2","1M focal","LUSU","Listrus_sp._1",1,1,NA
2023,4,26,"2_47","3_07","Focal_Obs","Upper_Grid_2","1M focal","LUSU","Listrus_sp._1",1,1,NA
2023,4,26,"3_09","3_29","Focal_Obs","Upper_Grid_2","5M focal","LUSU","Listrus_sp._1",1,5,NA
2023,4,26,"3_09","3_29","Focal_Obs","Upper_Grid_2","5M focal","LUSU","Listrus_sp._1",1,5,NA
2023,4,26,"3_09","3_29","Focal_Obs","Upper_Grid_2","5M focal","LUSU","Listrus_sp._1",1,5,NA
2023,4,26,"3_09","3_29","Focal_Obs","Upper_Grid_2","5M focal","LUSU","Listrus_sp._1",1,5,NA
2023,4,26,"3_09","3_29","Focal_Obs","Upper_Grid_2","5M focal","LUSU","Listrus_sp._1",1,5,NA
2023,4,27,"10_55","12_00","2","Lower_Grid_1","GB2","THCA","Listrus_sp._1",1,200,NA
2023,4,27,"10_55","12_00","3","Lower_Grid_1","","TRLA","Listrus_sp._1",1,5,NA
2023,4,27,"10_55","12_00","3","Lower_Grid_1","","TRLA","Listrus_sp._1",1,1,NA
2023,4,27,"10_55","12_00","3","Lower_Grid_1","","TRLA","Listrus_sp._1",1,1,NA
2023,4,27,"10_55","12_00","3","Lower_Grid_1","","TRLA","Listrus_sp._1",1,1,NA
2023,4,27,"10_55","12_00","4","Lower_Grid_1","V1","RACA","Listrus_sp._1",1,NA,NA
2023,4,27,"12_16","1_11","5","Upper_Grid_2","LUSU1","LUSU","Listrus_sp._1",1,1,NA
2023,4,27,"1_16","1_36","50","Upper_Grid_2","50M focal","LUSU","Listrus_sp._1",1,50,NA
2023,4,27,"1_16","1_36","50","Upper_Grid_2","50M focal","LUSU","Listrus_sp._1",1,50,NA
2023,4,27,"1_16","1_36","50","Upper_Grid_2","50M focal","LUSU","Listrus_sp._1",1,50,NA
2023,4,27,"1_16","1_36","50","Upper_Grid_2","50M focal","LUSU","Listrus_sp._1",1,50,NA
2023,4,27,"1_16","1_36","50","Upper_Grid_2","50M focal","LUSU","Listrus_sp._1",1,50,NA
2023,4,27,"1_16","1_36","50","Upper_Grid_2","50M focal","LUSU","Listrus_sp._1",1,50,NA
2023,4,27,"1_39","1_59","5","Upper_Grid_2","5M focal","LUSU","Listrus_sp._1",1,5,NA
2023,4,27,"1_39","1_59","5","Upper_Grid_2","5M focal","LUSU","Listrus_sp._1",1,5,NA
2023,4,27,"1_39","1_59","5","Upper_Grid_2","5M focal","LUSU","Listrus_sp._1",1,5,NA
2023,4,27,"1_39","1_59","5","Upper_Grid_2","5M focal","LUSU","Listrus_sp._1",1,5,NA
2023,4,27,"1_39","1_59","5","Upper_Grid_2","5M focal","LUSU","Listrus_sp._1",1,5,NA
2023,4,27,"1_39","1_59","5","Upper_Grid_2","5M focal","LUSU","Listrus_sp._1",1,5,NA
2023,4,27,"1_38","1_56","1","Upper_Grid_2","1M focal","LUSU","Listrus_sp._1",1,1,NA
2023,4,27,"1_38","1_56","1","Upper_Grid_2","1M focal","LUSU","Listrus_sp._1",1,1,NA
2023,4,27,"1_38","1_56","1","Upper_Grid_2","1M focal","LUSU","Listrus_sp._1",2,1,NA
2023,4,27,"1_38","1_56","1","Upper_Grid_2","1M focal","LUSU","Listrus_sp._1",1,1,NA
2023,4,27,"1_38","1_56","1","Upper_Grid_2","1M focal","LUSU","Listrus_sp._1",1,1,NA
2023,4,27,"1_38","1_56","1","Upper_Grid_2","1M focal","LUSU","Listrus_sp._1",1,1,NA
2023,4,27,"1_38","1_56","1","Upper_Grid_2","1M focal","LUSU","Listrus_sp._1",1,1,NA
2023,4,27,"2_05","2_25","1","Upper_Grid_2","1M focal","LUSU","Listrus_sp._1",1,0,NA
2023,4,28,"9_38","10_49","1","Quarry_2","","CHGL","Listrus_sp._1",1,5,NA
2023,4,28,"9_38","10_49","1","Quarry_2","","LACA","Listrus_sp._1",1,5,NA
2023,4,28,"9_38","10_49","1","Quarry_2","","LACA","Listrus_sp._1",1,3,NA
2023,4,28,"9_38","10_49","1","Quarry_2","","LACA","Listrus_sp._1",1,3,NA
2023,4,28,"9_38","10_49","2","Quarry_2","","AGHE","Listrus_sp._1",1,10,NA
2023,4,28,"9_38","10_49","2","Quarry_2","","AGHE","Listrus_sp._1",1,10,NA
2023,4,28,"9_38","10_49","2","Quarry_2","","AGHE","Listrus_sp._1",1,10,NA
2023,4,28,"9_38","10_49","2","Quarry_2","","LACA","Listrus_sp._1",1,20,NA
2023,4,28,"9_38","10_49","4","Quarry_2","","LACA","Listrus_sp._1",1,100,NA
2023,4,28,"9_38","10_49","4","Quarry_2","","AGHE","Listrus_sp._1",1,150,NA
2023,4,28,"9_38","10_49","4","Quarry_2","","AGHE","Listrus_sp._1",1,150,NA
2023,4,28,"9_38","10_49","5","Quarry_2","","LACA","Listrus_sp._1",1,200,NA
2023,4,28,"9_38","10_49","5","Quarry_2","","LACA","Listrus_sp._1",1,200,NA
2023,4,28,"9_38","10_49","5","Quarry_2","","LACA","Listrus_sp._1",1,200,NA
2023,4,28,"9_38","10_49","5","Quarry_2","","LACA","Listrus_sp._1",1,200,NA
2023,4,28,"11_06","11_49","1","Quarry_1","","DICA","Listrus_sp._1",1,50,NA
2023,4,28,"11_06","11_49","1","Quarry_1","","DICA","Listrus_sp._1",1,50,NA
2023,4,28,"11_06","11_49","1","Quarry_1","","DICA","Listrus_sp._1",1,50,NA
2023,4,28,"11_06","11_49","1","Quarry_1","","DICA","Listrus_sp._1",1,50,NA
2023,4,28,"11_06","11_49","1","Quarry_1","","DICA","Listrus_sp._1",1,50,NA
2023,4,28,"11_06","11_49","1","Quarry_1","","LACA","Listrus_sp._1",1,50,NA
2023,4,28,"11_06","11_49","1","Quarry_1","","DICA","Listrus_sp._1",1,50,NA
2023,4,28,"11_06","11_49","2","Quarry_1","","DICA","Listrus_sp._1",1,100,NA
2023,4,28,"11_06","11_49","2","Quarry_1","","ERGU","Listrus_sp._1",1,100,NA
2023,4,28,"11_06","11_49","2","Quarry_1","","ERGU","Listrus_sp._1",1,100,NA
2023,4,28,"11_06","11_49","2","Quarry_1","","DICA","Listrus_sp._1",1,100,NA
2023,4,28,"11_06","11_49","3","Quarry_1","","LACA","Listrus_sp._1",1,150,NA
2023,4,28,"1_00","2_01","1","Goatgrass","","LACA","Listrus_sp._1",1,50,NA
2023,4,28,"1_00","2_01","3","Goatgrass","","LACA","Listrus_sp._1",1,10,NA
2023,4,28,"1_00","2_01","3","Goatgrass","","LACA","Listrus_sp._1",1,10,NA
2023,4,28,"1_00","2_01","4","Goatgrass","V3","SIBE","Listrus_sp._1",1,10,NA
2023,4,28,"1_00","2_01","5","Goatgrass","","RACA","Listrus_sp._1",1,NA,NA
2023,4,29,"10_57","11_17","Focal_Obs","Upper_Grid_2","1M focal","LUSU","Listrus_sp._1",1,1,NA
2023,4,29,"10_57","11_17","Focal_Obs","Upper_Grid_2","1M focal","LUSU","Listrus_sp._1",1,1,NA
2023,4,29,"10_57","11_17","Focal_Obs","Upper_Grid_2","1M focal","LUSU","Listrus_sp._1",1,1,NA
2023,4,29,"10_57","11_17","Focal_Obs","Upper_Grid_2","1M focal","LUSU","Listrus_sp._1",1,1,NA
2023,4,29,"10_57","11_17","Focal_Obs","Upper_Grid_2","1M focal","LUSU","Listrus_sp._1",1,1,NA
2023,4,29,"10_57","11_17","Focal_Obs","Upper_Grid_2","1M focal","LUSU","Listrus_sp._1",1,1,NA
2023,4,29,"10_57","11_17","Focal_Obs","Upper_Grid_2","1M focal","LUSU","Listrus_sp._1",1,1,NA
2023,4,29,"10_57","11_17","Focal_Obs","Upper_Grid_2","1M focal","LUSU","Listrus_sp._1",1,1,NA
2023,4,29,"10_57","11_17","Focal_Obs","Upper_Grid_2","1M focal","LUSU","Listrus_sp._1",1,1,NA
2023,4,29,"10_57","11_17","Focal_Obs","Upper_Grid_2","1M focal","LUSU","Listrus_sp._1",1,1,NA
2023,4,29,"10_57","11_17","Focal_Obs","Upper_Grid_2","1M focal","LUSU","Listrus_sp._1",1,1,NA
2023,4,29,"10_57","11_17","Focal_Obs","Upper_Grid_2","1M focal","LUSU","Listrus_sp._1",1,1,NA
2023,4,29,"10_57","11_17","Focal_Obs","Upper_Grid_2","1M focal","LUSU","Listrus_sp._1",1,1,NA
2023,4,29,"10_57","11_17","Focal_Obs","Upper_Grid_2","1M focal","LUSU","Listrus_sp._1",1,1,NA
2023,4,29,"11_17","11_37","Focal_Obs","Upper_Grid_2","5M focal","LUSU","Listrus_sp._1",1,5,NA
2023,4,29,"11_17","11_37","Focal_Obs","Upper_Grid_2","5M focal","LUSU","Listrus_sp._1",1,5,NA
2023,4,29,"11_17","11_37","Focal_Obs","Upper_Grid_2","5M focal","LUSU","Listrus_sp._1",1,5,NA
2023,4,29,"11_17","11_37","Focal_Obs","Upper_Grid_2","5M focal","LUSU","Listrus_sp._1",1,5,NA
2023,4,29,"11_17","11_37","Focal_Obs","Upper_Grid_2","5M focal","LUSU","Listrus_sp._1",1,5,NA
2023,4,29,"11_17","11_37","Focal_Obs","Upper_Grid_2","5M focal","LUSU","Listrus_sp._1",1,5,NA
2023,4,29,"11_17","11_37","Focal_Obs","Upper_Grid_2","5M focal","LUSU","Listrus_sp._1",1,5,NA
2023,4,29,"11_17","11_37","Focal_Obs","Upper_Grid_2","5M focal","LUSU","Listrus_sp._1",1,5,NA
2023,4,29,"11_17","11_37","Focal_Obs","Upper_Grid_2","5M focal","LUSU","Listrus_sp._1",1,5,NA
2023,4,29,"11_17","11_37","Focal_Obs","Upper_Grid_2","5M focal","LACA","Listrus_sp._1",1,5,NA
2023,4,29,"11_38","11_58","Focal_Obs","Upper_Grid_2","50M focal","LUSU","Listrus_sp._1",1,50,NA
2023,4,29,"11_38","11_58","Focal_Obs","Upper_Grid_2","50M focal","LUSU","Listrus_sp._1",1,50,NA
2023,4,29,"11_38","11_58","Focal_Obs","Upper_Grid_2","50M focal","LUSU","Listrus_sp._1",1,50,NA
2023,4,29,"11_38","11_58","Focal_Obs","Upper_Grid_2","50M focal","LUSU","Listrus_sp._1",1,50,NA
2023,4,29,"11_38","11_58","Focal_Obs","Upper_Grid_2","50M focal","LUSU","Listrus_sp._1",1,50,NA
2023,4,29,"11_38","11_58","Focal_Obs","Upper_Grid_2","50M focal","LUSU","Listrus_sp._1",1,50,NA
2023,5,5,"11_34","11_42","1","Quarry_2","V1","AGHE","Listrus_sp._1",1,0,NA
2023,5,5,"11_34","11_42","1","Quarry_2","V1","AGHE","Listrus_sp._1",1,1,NA
2023,5,5,"11_34","11_42","1","Quarry_2","V1","AGHE","Listrus_sp._1",1,1,NA
2023,5,5,"11_34","11_42","1","Quarry_2","V11","LACA","Listrus_sp._1",1,2,NA
2023,5,5,"11_44","11_49","2","Quarry_2","V5","AGHE","Listrus_sp._1",1,1,NA
2023,5,5,"11_50","11_55","3","Quarry_2","","AGHE","Listrus_sp._1",1,10,NA
2023,5,5,"11_50","11_55","3","Quarry_2","","AGHE","Listrus_sp._1",1,10,NA
2023,5,5,"11_50","11_55","3","Quarry_2","","AGHE","Listrus_sp._1",1,10,NA
2023,5,5,"11_50","11_55","3","Quarry_2","","LACA","Listrus_sp._1",1,10,NA
2023,5,5,"11_50","11_55","3","Quarry_2","","LACA","Listrus_sp._1",1,10,NA
2023,5,5,"11_56","12_04","4","Quarry_2","","AGHE","Listrus_sp._1",1,50,NA
2023,5,5,"11_56","12_04","4","Quarry_2","","AGHE","Listrus_sp._1",1,50,NA
2023,5,5,"11_56","12_04","4","Quarry_2","","AGHE","Listrus_sp._1",1,50,NA
2023,5,7,"9_35","9_48","3","Pond","","AGHE","Listrus_sp._1",1,10,NA
2023,5,7,"9_35","9_48","3","Pond","","AGHE","Listrus_sp._1",1,10,NA
2023,5,7,"10_28","10_46","2","Bertha","","AGHE","Listrus_sp._1",1,1,NA
2023,5,7,"10_28","10_46","2","Bertha","","AGHE","Listrus_sp._1",1,1,NA
2023,5,7,"10_28","10_46","2","Bertha","","LACA","Listrus_sp._1",1,30,NA
2023,5,7,"10_48","11_07","3","Bertha","","AGHE","Listrus_sp._1",1,100,NA
2023,5,7,"10_48","11_07","3","Bertha","","AGHE","Listrus_sp._1",1,100,NA
2023,5,7,"11_26","11_46","5","Bertha","","AGHE","Listrus_sp._1",1,80,NA
2023,5,7,"11_26","11_46","5","Bertha","","AGHE","Listrus_sp._1",1,0,NA
2023,5,7,"11_26","11_46","5","Bertha","","AGHE","Listrus_sp._1",1,0,NA
2023,5,7,"12_56","1_03","2","Goatgrass","","AGHE","Listrus_sp._1",1,30,NA
2023,5,7,"12_56","1_03","2","Goatgrass","","RACA","Listrus_sp._1",1,10,NA
2023,5,7,"12_56","1_03","2","Goatgrass","","AGHE","Listrus_sp._1",1,5,NA
2023,5,7,"12_56","1_03","2","Goatgrass","","AGHE","Listrus_sp._1",1,1,NA
2023,5,7,"1_05","1_17","3","Goatgrass","","LACA","Listrus_sp._1",1,50,NA
2023,5,7,"1_18","1_26","4","Goatgrass","","AGHE","Listrus_sp._1",1,10,NA
2023,5,7,"1_31","1_35","5","Goatgrass","V1","LACA","Listrus_sp._1",1,20,NA
2023,5,7,"1_31","1_35","5","Goatgrass","","LACA","Listrus_sp._1",1,20,NA
2023,5,7,"2_10","2_31","1","Owl_Seep","","ESCA","Listrus_sp._1",1,6,NA
2023,5,7,"3_12","3_25","5","Owl_Seep","PH12","PHTA","Listrus_sp._1",1,15,NA
2023,5,7,"4_08","4_16","1","Quarry_2","","CHGL","Listrus_sp._1",1,0,NA
2023,5,7,"4_08","4_16","1","Quarry_2","","LACA","Listrus_sp._1",1,1,NA
2023,5,7,"4_08","4_16","1","Quarry_2","","LACA","Listrus_sp._1",1,1,NA
2023,5,7,"4_08","4_16","1","Quarry_2","","LACA","Listrus_sp._1",1,1,NA
2023,5,7,"4_08","4_16","1","Quarry_2","","LACA","Listrus_sp._1",1,0,NA
2023,5,7,"4_08","4_16","1","Quarry_2","","ESCA","Listrus_sp._1",1,0,NA
2023,5,7,"4_17","4_22","2","Quarry_2","","LACA","Listrus_sp._1",1,1,NA
2023,5,7,"4_17","4_22","2","Quarry_2","","LACA","Listrus_sp._1",1,1,NA
2023,5,7,"4_17","4_22","2","Quarry_2","","LACA","Listrus_sp._1",1,1,NA
2023,5,7,"4_17","4_22","2","Quarry_2","","LACA","Listrus_sp._1",1,1,NA
2023,5,7,"4_23","4_27","3","Quarry_2","","LACA","Listrus_sp._1",1,30,NA
2023,5,7,"4_33","4_38","5","Quarry_2","","LACA","Listrus_sp._1",1,200,NA
2023,5,7,"4_33","4_38","5","Quarry_2","","LACA","Listrus_sp._1",1,200,NA
2023,5,7,"4_33","4_38","5","Quarry_2","","LACA","Listrus_sp._1",1,200,NA
2023,5,8,"9_57","10_10","1","Owl_Seep","PH1","PHTA","Listrus_sp._1",1,10,NA
2023,5,8,"1_11","1_29","4","Upper_Grid_2","","Sidalcea_sp.","Listrus_sp._1",1,0,NA
2023,5,8,"1_46","1_57","1","Upper_Seep","","CHGL","Listrus_sp._1",1,50,NA
2023,5,8,"1_46","1_57","1","Upper_Seep","","CHGL","Listrus_sp._1",1,50,NA
2023,5,8,"2_13","2_22","3","Upper_Seep","ERGU1","ERGU","Listrus_sp._1",1,5,NA
2023,5,8,"3_09","3_13","4","Rock","","TRFU","Listrus_sp._1",1,10,NA
2023,5,9,"8_43","8_57","2","Bertha","","AGHE","Listrus_sp._1",1,10,NA
2023,5,9,"8_58","9_16","3","Bertha","","AGHE","Listrus_sp._1",1,300,NA
2023,5,9,"8_58","9_16","3","Bertha","","AGHE","Listrus_sp._1",1,300,NA
2023,5,9,"8_58","9_16","3","Bertha","","LACA","Listrus_sp._1",1,20,NA
2023,5,9,"8_58","9_16","3","Bertha","","LACA","Listrus_sp._1",1,1,NA
2023,5,9,"9_17","9_36","4","Bertha","","DICA","Listrus_sp._1",1,100,NA
2023,5,9,"9_38","10_00","5","Bertha","","AGHE","Listrus_sp._1",1,50,NA
2023,5,9,"9_38","10_00","5","Bertha","","AGHE","Listrus_sp._1",1,5,NA
2023,5,9,"10_46","10_56","4","Pond","","AGHE","Listrus_sp._1",1,10,NA
2023,5,9,"10_46","10_56","4","Pond","","LACA","Listrus_sp._1",1,0,NA
2023,5,9,"10_57","11_07","5","Pond","GB3","THCA","Listrus_sp._1",1,10,NA
2023,5,9,"1_02","1_08","1","Lower_Grid_1","","TRLA","Listrus_sp._1",1,100,NA
2023,5,9,"2_29","2_53","1","Owl_Seep","","ESCA","Listrus_sp._1",1,20,NA
2023,5,10,"9_12","9_32","1","Upper_Seep","","ESCA","Listrus_sp._1",1,10,NA
2023,5,10,"9_12","9_32","1","Upper_Seep","","CHGL","Listrus_sp._1",1,20,NA
2023,5,10,"9_42","9_49","3","Upper_Seep","ERGU2","ERGU","Listrus_sp._1",1,10,NA
2023,5,10,"11_44","11_47","4","Rock","","TRLA","Listrus_sp._1",1,10,NA
2023,5,10,"11_44","11_47","4","Rock","","TRLA","Listrus_sp._1",1,10,NA
2023,5,10,"11_44","11_47","4","Rock","","TRLA","Listrus_sp._1",1,20,NA
2023,5,11,"1_02","1_17","1","Goatgrass","","Sidalcea_sp.","Listrus_sp._1",1,50,NA
2023,5,11,"1_19","1_31","2","Goatgrass","","LACA","Listrus_sp._1",1,10,NA
2023,5,11,"1_48","2_08","4","Goatgrass","","AGHE","Listrus_sp._1",1,0,NA
2023,5,11,"1_48","2_08","4","Goatgrass","","LACA","Listrus_sp._1",1,0,NA
2023,5,11,"2_12","2_22","5","Goatgrass","","LACA","Listrus_sp._1",1,30,NA
2023,5,11,"2_12","2_22","5","Goatgrass","","LACA","Listrus_sp._1",1,150,NA
2023,5,11,"3_17","3_27","3","Pond","","CARU","Listrus_sp._1",1,15,NA
2023,5,11,"3_48","3_59","5","Pond","GB3","THCA","Listrus_sp._1",1,5,NA
2023,5,11,"4_19","4_37","2","Bertha","TRFU1","TRFU","Listrus_sp._1",1,5,NA
2023,5,11,"4_38","4_58","3","Bertha","","LACA","Listrus_sp._1",1,300,NA
2023,5,11,"4_38","4_58","3","Bertha","","LACA","Listrus_sp._1",1,250,NA
2023,5,11,"4_38","4_58","3","Bertha","","TRLA","Listrus_sp._1",1,80,NA
2023,5,11,"5_13","5_26","5","Bertha","","LACA","Listrus_sp._1",1,100,NA
2023,5,11,"5_13","5_26","5","Bertha","LUMI3","LUMI","Listrus_sp._1",1,0,NA
2023,5,12,"8_33","8_41","1","Quarry_2","","AGHE","Listrus_sp._1",1,0,NA
2023,5,12,"8_33","8_41","1","Quarry_2","","AGHE","Listrus_sp._1",1,0,NA
2023,5,12,"8_42","8_48","2","Quarry_2","","AGHE","Listrus_sp._1",1,10,NA
2023,5,12,"8_42","8_48","2","Quarry_2","","Sidalcea_sp.","Listrus_sp._1",1,10,NA
2023,5,12,"8_42","8_48","2","Quarry_2","","Sidalcea_sp.","Listrus_sp._1",1,10,NA
2023,5,12,"8_42","8_48","2","Quarry_2","","AGHE","Listrus_sp._1",1,10,NA
2023,5,12,"8_49","8_58","3","Quarry_2","","Sidalcea_sp.","Listrus_sp._1",1,40,NA
2023,5,12,"8_59","9_07","4","Quarry_2","","Sidalcea_sp.","Listrus_sp._1",1,65,NA
2023,5,12,"9_08","9_21","5","Quarry_2","","AGHE","Listrus_sp._1",1,100,NA
2023,5,12,"9_08","9_21","5","Quarry_2","","AGHE","Listrus_sp._1",1,100,NA
2023,5,12,"9_08","9_21","5","Quarry_2","","AGHE","Listrus_sp._1",1,100,NA
2023,5,12,"9_28","9_37","1","Quarry_1","","ERGU","Listrus_sp._1",1,10,NA
2023,5,12,"9_28","9_37","1","Quarry_1","","MIDO","Listrus_sp._1",1,20,NA
2023,5,12,"9_28","9_37","1","Quarry_1","","AGHE","Listrus_sp._1",1,20,NA
2023,5,12,"9_28","9_37","1","Quarry_1","","LACA","Listrus_sp._1",1,10,NA
2023,5,12,"11_42","11_49","4","Owl_Seep","","ESCA","Listrus_sp._1",1,5,NA
2023,5,12,"4_01","4_08","3","Pond","","TRLA","Listrus_sp._1",1,10,NA
2023,5,12,"4_01","4_08","3","Pond","","TRLA","Listrus_sp._1",1,10,NA
2023,5,12,"4_01","4_08","3","Pond","","LACA","Listrus_sp._1",1,20,NA
2023,5,13,"9_07","9_14","2","Lower_Grid_1","","TRLA","Listrus_sp._1",1,10,NA
2023,5,13,"9_53","10_01","5","Lower_Grid_1","","TRLA","Listrus_sp._1",1,0,NA
2023,5,13,"10_45","10_49","3","Upper_Grid_2","LUMI1","LUMI","Listrus_sp._1",1,5,NA
2023,5,13,"10_50","10_55","4","Upper_Grid_2","LUMI1","LUMI","Listrus_sp._1",1,10,NA
2023,5,13,"10_56","11_00","5","Upper_Grid_2","LUMI1","LUMI","Listrus_sp._1",1,10,NA
2023,5,13,"10_56","11_00","5","Upper_Grid_2","LUMI1","LUMI","Listrus_sp._1",1,10,NA
2023,5,14,"11_02","11_21","2","Bertha","","LACA","Listrus_sp._1",1,5,NA
2023,5,14,"11_22","11_42","3","Bertha","","LACA","Listrus_sp._1",1,10,NA
2023,5,14,"1_25","1_32","1","Goatgrass","V3","Sidalcea_sp.","Listrus_sp._1",1,50,NA
2023,5,14,"1_33","1_42","2","Goatgrass","","LACA","Listrus_sp._1",1,0,NA
2023,5,14,"1_33","1_42","2","Goatgrass","","LACA","Listrus_sp._1",1,0,NA
2023,5,14,"1_43","1_51","3","Goatgrass","","DICA","Listrus_sp._1",1,0,NA
2023,5,14,"3_23","3_28","1","Quarry_2","","ESCA","Listrus_sp._1",1,1,NA
2023,5,15,"12_00","12_20","Focal_Obs","Quarry_1","","LUSU","Listrus_sp._1",1,50,NA
2023,5,15,"12_00","12_20","Focal_Obs","Quarry_1","","LUSU","Listrus_sp._1",1,NA,NA
2023,5,16,"7_31","7_54","3","Quarry_2","","ERGU","Listrus_sp._1",1,40,NA
2023,5,16,"7_31","7_54","3","Quarry_2","","Sidalcea_sp.","Listrus_sp._1",1,50,NA
2023,5,16,"8_04","8_14","5","Quarry_2","","Sidalcea_sp.","Listrus_sp._1",1,50,NA
2023,5,16,"8_04","8_14","5","Quarry_2","","Sidalcea_sp.","Listrus_sp._1",1,50,NA
2023,5,16,"8_04","8_14","5","Quarry_2","","AGHE","Listrus_sp._1",1,50,NA
2023,5,16,"10_54","10_58","1","Quarry_1","","URLI","Listrus_sp._1",1,10,NA
2023,5,17,"8_00","8_12","1","Quarry_1","","AGHE","Listrus_sp._1",1,35,NA
2023,5,11,"1_48","2_08","4","Goatgrass","","LACA","BF1_Diptera",1,0,NA
2023,5,14,"1_43","1_51","3","Goatgrass","","LACA","BF1_Diptera",1,20,NA
2023,5,16,"7_31","7_54","3","Quarry_2","","AGHE","BF1_Diptera",1,90,NA
2023,5,16,"12_28","12_35","3","Goatgrass","","LACA","BF1_Diptera",1,10,NA
2023,5,20,"8_16","8_26","5","Goatgrass","","AGHE","BF1_Diptera",1,50,NA
2023,5,24,"1_30","1_50","focal_obs","Quarry_1","","Sidalcea_sp.","BF1_Diptera",1,50,NA
2023,5,24,"1_30","1_50","focal_obs","Quarry_1","","Sidalcea_sp.","BF1_Diptera",1,50,NA
2023,5,24,"1_30","1_50","focal_obs","Quarry_1","","Sidalcea_sp.","BF1_Diptera",1,50,NA
2023,5,9,"10_46","10_56","4","Pond","","LACA","Cyrtopogon_sp.",2,0,NA
2023,5,9,"10_46","10_56","4","Pond","","LACA","Cyrtopogon_sp.",1,0,NA
2023,5,14,"11_22","11_42","3","Bertha","","LACA","Cyrtopogon_sp.",1,5,NA
2023,5,14,"11_22","11_42","3","Bertha","","LACA","Cyrtopogon_sp.",1,5,NA
2023,4,28,"9_38","10_49","5","Quarry_2","","ERGU","Osmia_atrocyanea",1,200,NA
2023,4,28,"9_38","10_49","5","Quarry_2","","ERGU","Osmia_atrocyanea",1,200,NA
2023,4,28,"9_38","10_49","3","Quarry_2","","DICA","big_blue_butterfly_Lepidoptera",1,100,NA
2023,4,23,"9_57","10_17","Focal_Obs","Upper_Grid_2","0M focal","LODA","Andrena_pensilis",3,0,NA
2023,5,7,"10_16","10_27","1","Bertha","","AGHE","Andrena_pensilis",1,5,NA
2023,5,25,"10_13","10_19","1","Quarry_1","","CASU","Listrus_sp._2",1,10,NA
2023,5,26,"12_53","1_13","focal_obs","Quarry_1","","Sidalcea_sp.","Listrus_sp._2",1,50,NA
2023,4,26,"8_54","11_57","1","Owl_Seep","PH1","PHTA","Pseudomasaris_coquilletti",3,10,NA
2023,4,26,"8_54","11_57","2","Owl_Seep","PH1","PHTA","Pseudomasaris_coquilletti",1,10,NA
2023,4,20,"11_50","2_12","2","Upper_Grid_1","","LACA","Andrena_pensilis",1,10,NA
2023,5,16,"10_45","10_53","2","Quarry_1","","ERGU","Diadasia_bituberculata",3,50,NA
2023,4,22,"2_36","4_38","5","Owl_Seep","","CRHI","Pseudomasaris_coquilletti",1,10,NA
2023,5,7,"4_33","4_38","5","Quarry_2","","LACA","Malachius_sp.",1,200,NA
2023,4,20,"11_50","2_12","5","Upper_Grid_1","","LACA","Panurginus_sp.",2,20,NA
2023,4,20,"11_50","2_12","5","Upper_Grid_1","","LACA","Panurginus_sp.",2,20,NA
2023,4,20,"11_50","2_12","5","Upper_Grid_1","","LACA","Panurginus_sp.",2,18,NA
2023,4,20,"11_50","2_12","5","Upper_Grid_1","","LACA","Panurginus_sp.",1,15,NA
2023,4,20,"11_50","2_12","5","Upper_Grid_1","","LACA","Panurginus_sp.",2,10,NA
2023,4,20,"11_50","2_12","5","Upper_Grid_1","","LACA","Panurginus_sp.",1,8,NA
2023,4,20,"11_50","2_12","5","Upper_Grid_1","","LACA","Panurginus_sp.",1,10,NA
2023,4,28,"11_06","11_49","3","Quarry_1","","LACA","Panurginus_sp.",1,150,NA
2023,5,11,"4_05","4_18","1","Bertha","LUMI1","ERGU","Xylocopa_sonorina",1,1,NA
2023,4,28,"11_06","11_49","3","Quarry_1","","LACA","BF1_Diptera",1,150,NA
2023,4,28,"11_06","11_49","3","Quarry_1","","LACA","BF1_Diptera",1,150,NA
2023,5,7,"9_49","10_04","4","Pond","","LACA","Cyrtopogon_sp.",1,0,NA
2023,4,28,"1_00","2_01","3","Goatgrass","near VV3","AMME","Osmia_atrocyanea",1,0,NA
2023,4,24,"2_34","2_54","Focal_Obs","Upper_Grid_2","1M focal","LUSU","Listrus_sp._1",1,1,NA
2023,5,25,"10_30","10_51","3","Quarry_1","","ALAM","Brachysomida_californica",1,100,NA
2023,5,25,"10_30","10_51","3","Quarry_1","","TOVE","Brachysomida_californica",1,100,NA
2023,5,25,"9_24","9_44","focal_obs","Quarry_1","","VIVI","Muscidae",1,0,NA
2023,5,9,"12_20","12_27","1","Rock","V1","VIVI","Osmia_atrocyanea",1,0,NA
2023,4,20,"11_50","2_12","5","Upper_Grid_1","","LACA","Listrus_sp._1",1,10,NA
2023,4,22,"2_36","4_38","3","Owl_Seep","ERGU5","ERGU","Annaphila_decia",1,20,NA
2023,5,14,"12_00","12_11","5","Bertha","","LACA","Sphex_sp.",1,0,NA
2023,5,12,"9_48","10_01","3","Quarry_1","","CRHI","Asilidae",4,100,NA
2023,5,7,"10_28","10_46","2","Bertha","","TRLA","Syrphidae",1,100,NA
2023,4,29,"10_32","10_52","Focal_Obs","Upper_Grid_2","0M focal","VIVI","Braconidae",2,0,NA
2023,4,27,"3_27","4_03","1","Upper_Seep","","LUSU","Anthrenus_sp.",1,10,NA
2023,4,24,"1_19","2_09","3","Upper_Grid_2","","DICA","Trichodes_ornatus",1,10,NA
2023,4,28,"1_00","2_01","4","Goatgrass","V3","LODA","Syrphidae",1,1,NA
2023,4,24,"3_24","4_04","2","Rock","V2","VIVI","Panurginus_sp.",1,0,NA
2023,5,10,"12_16","12_21","1","Lower_Grid_1","","TRLA","Listrus_sp._1",1,100,NA
2023,5,7,"1_18","1_26","4","Goatgrass","","AGHE","Sphex_sp.",1,10,NA
2023,5,7,"4_08","4_16","1","Quarry_2","","LACA","BF1_Diptera",1,0,NA
2023,5,7,"4_08","4_16","1","Quarry_2","","LACA","BF1_Diptera",1,0,NA
2023,5,7,"4_08","4_16","1","Quarry_2","","LACA","BF1_Diptera",1,0,NA
2023,5,7,"4_08","4_16","1","Quarry_2","","LACA","BF1_Diptera",1,0,NA
2023,5,7,"4_08","4_16","1","Quarry_2","","LACA","BF1_Diptera",1,1,NA
2023,5,7,"4_08","4_16","1","Quarry_2","","LACA","BF1_Diptera",1,1,NA
2023,5,7,"4_08","4_16","1","Quarry_2","","LACA","BF1_Diptera",1,1,NA
2023,5,7,"4_08","4_16","1","Quarry_2","","LACA","BF1_Diptera",1,1,NA
2023,5,7,"4_08","4_16","1","Quarry_2","","LACA","BF1_Diptera",1,1,NA
2023,5,7,"4_08","4_16","1","Quarry_2","","LACA","BF1_Diptera",1,1,NA
2023,5,7,"4_08","4_16","1","Quarry_2","","LACA","BF1_Diptera",1,1,NA
2023,5,7,"4_08","4_16","1","Quarry_2","","LACA","BF1_Diptera",1,1,NA
2023,5,7,"4_08","4_16","1","Quarry_2","","LACA","BF1_Diptera",1,1,NA
2023,5,7,"4_08","4_16","1","Quarry_2","","LACA","BF1_Diptera",1,1,NA
2023,5,7,"4_08","4_16","1","Quarry_2","","LACA","BF1_Diptera",1,1,NA
2023,5,7,"4_08","4_16","1","Quarry_2","","LACA","BF1_Diptera",1,1,NA
2023,5,7,"4_08","4_16","1","Quarry_2","","CHGL","BF1_Diptera",1,0,NA
2023,5,7,"4_08","4_16","1","Quarry_2","","CHGL","BF1_Diptera",1,0,NA
2023,5,7,"4_08","4_16","1","Quarry_2","","CHGL","BF1_Diptera",1,0,NA
2023,5,7,"4_08","4_16","1","Quarry_2","","CHGL","BF1_Diptera",1,0,NA
2023,5,7,"4_08","4_16","1","Quarry_2","","CHGL","BF1_Diptera",1,0,NA
2023,5,7,"4_17","4_22","2","Quarry_2","","LACA","BF1_Diptera",1,1,NA
2023,5,7,"4_17","4_22","2","Quarry_2","","LACA","BF1_Diptera",1,20,NA
2023,5,7,"4_17","4_22","2","Quarry_2","","LACA","BF1_Diptera",1,20,NA
2023,5,7,"4_23","4_27","3","Quarry_2","","LACA","BF1_Diptera",1,20,NA
2023,5,7,"4_23","4_27","3","Quarry_2","","LACA","BF1_Diptera",1,20,NA
2023,5,7,"4_23","4_27","3","Quarry_2","","LACA","BF1_Diptera",1,20,NA
2023,5,7,"4_23","4_27","3","Quarry_2","","LACA","BF1_Diptera",1,20,NA
2023,5,7,"4_28","4_31","4","Quarry_2","","LACA","BF1_Diptera",1,50,NA
2023,5,7,"4_28","4_31","4","Quarry_2","","LACA","BF1_Diptera",1,50,NA
2023,5,7,"4_33","4_38","5","Quarry_2","","LACA","BF1_Diptera",1,200,NA
2023,5,7,"4_33","4_38","5","Quarry_2","","LACA","BF1_Diptera",1,200,NA
2023,5,17,"8_13","8_33","2","Quarry_1","","ERGU","Osmia_sp.",2,30,NA
2023,4,26,"1_39","2_24","2","Lower_Grid_1","GB2","THCA","Strymon_melinus",1,50,NA
2023,5,10,"11_36","11_39","2","Rock","V2","VIVI","Hoplitus_hypocrita",2,0,NA
2023,5,8,"1_58","2_12","2","Upper_Seep","V3","VIVI","Bombus_sp.",2,0,NA
2023,5,10,"9_50","9_55","4","Upper_Seep","V3","VIVI","Bombus_sp.",2,0,NA
2023,4,22,"2_36","4_38","5","Owl_Seep","V5","VIVI","Bombus_californicus",6,0,NA
2023,4,23,"2_19","3_35","5","Owl_Seep","V5","VIVI","Bombus_californicus",1,0,NA
2023,5,7,"10_48","11_07","3","Bertha","V2","VIVI","Bombus_californicus",13,0,NA
2023,5,7,"3_00","3_11","4","Owl_Seep","","ERGU","Bombus_californicus",1,20,NA
2023,5,8,"9_57","10_10","1","Owl_Seep","V3","VIVI","Bombus_californicus",6,0,NA
2023,5,8,"9_57","10_10","1","Owl_Seep","V3","VIVI","Bombus_californicus",2,0,NA
2023,5,8,"9_57","10_10","1","Owl_Seep","V3","VIVI","Bombus_californicus",1,0,NA
2023,5,8,"10_11","10_34","2","Owl_Seep","V1","VIVI","Bombus_californicus",2,0,NA
2023,5,8,"1_11","1_29","4","Upper_Grid_2","V1","VIVI","Bombus_californicus",3,0,NA
2023,5,8,"1_11","1_29","4","Upper_Grid_2","V1","VIVI","Bombus_californicus",2,0,NA
2023,5,8,"1_11","1_29","4","Upper_Grid_2","V1","VIVI","Bombus_californicus",1,0,NA
2023,5,8,"1_11","1_29","4","Upper_Grid_2","V1","VIVI","Bombus_californicus",1,0,NA
2023,5,8,"1_11","1_29","4","Upper_Grid_2","","VIVI","Bombus_californicus",1,0,NA
2023,5,8,"1_11","1_29","4","Upper_Grid_2","","DEHE","Bombus_californicus",1,0,NA
2023,5,8,"1_46","1_57","1","Upper_Seep","V2","VIVI","Bombus_californicus",1,0,NA
2023,5,9,"10_38","10_45","3","Pond","DEVA1","DEVA","Bombus_californicus",3,0,NA
2023,5,9,"10_38","10_45","3","Pond","V1","VIVI","Bombus_californicus",2,0,NA
2023,5,9,"10_38","10_45","3","Pond","DEVA1","DEVA","Bombus_californicus",12,0,NA
2023,5,9,"10_38","10_45","3","Pond","V1","VIVI","Bombus_californicus",1,0,NA
2023,5,9,"2_29","2_53","1","Owl_Seep","","ESCA","Bombus_californicus",3,10,NA
2023,5,9,"2_53","3_05","2","Owl_Seep","V2","VIVI","Bombus_californicus",1,0,NA
2023,5,9,"3_06","3_19","3","Owl_Seep","V4","VIVI","Bombus_californicus",1,0,NA
2023,5,9,"3_20","3_31","4","Owl_Seep","V4","VIVI","Bombus_californicus",2,0,NA
2023,5,9,"3_20","3_31","4","Owl_Seep","PH7","PHTA","Bombus_californicus",3,15,NA
2023,5,10,"9_12","9_32","1","Upper_Seep","V2","VIVI","Bombus_californicus",9,0,NA
2023,5,10,"9_12","9_32","1","Upper_Seep","V2","VIVI","Bombus_californicus",1,0,NA
2023,5,10,"9_12","9_32","1","Upper_Seep","V2","VIVI","Bombus_californicus",3,0,NA
2023,5,10,"9_12","9_32","1","Upper_Seep","V2","VIVI","Bombus_californicus",2,0,NA
2023,5,10,"9_50","9_55","4","Upper_Seep","V3","VIVI","Bombus_californicus",2,0,NA
2023,5,10,"12_55","1_06","5","Lower_Grid_1","LUMI1","LUMI","Bombus_californicus",1,0,NA
2023,5,10,"12_55","1_06","5","Lower_Grid_1","V2","VIVI","Bombus_californicus",2,0,NA
2023,5,11,"1_19","1_31","2","Goatgrass","","LACA","Bombus_californicus",9,50,NA
2023,5,12,"10_59","11_20","1","Owl_Seep","V3","VIVI","Bombus_californicus",3,0,NA
2023,5,13,"10_39","10_44","2","Upper_Grid_2","dehe1","DEHE","Bombus_californicus",10,0,NA
2023,5,13,"10_39","10_44","2","Upper_Grid_2","dehe1","DEHE","Bombus_californicus",3,0,NA
2023,5,13,"10_39","10_44","2","Upper_Grid_2","V3","VIVI","Bombus_californicus",2,0,NA
2023,5,13,"10_39","10_44","2","Upper_Grid_2","dehe1","DEHE","Bombus_californicus",5,0,NA
2023,5,14,"10_45","11_01","1","Bertha","LUMI1","LUMI","Bombus_californicus",1,1,NA
2023,5,14,"10_45","11_01","1","Bertha","LUMI1","LUMI","Bombus_californicus",1,2,NA
2023,5,17,"8_13","8_33","2","Quarry_1","","DEUL","Bombus_californicus",3,30,NA
2023,5,17,"8_13","8_33","2","Quarry_1","","CARU","Bombus_californicus",1,30,NA
2023,5,17,"12_00","12_06","2","Pond","DEVA1","DEVA","Bombus_californicus",7,0,NA
2023,5,20,"9_16","9_30","2","Bertha","LUMI2","LUMI","Bombus_californicus",2,10,NA
2023,5,20,"9_16","9_30","2","Bertha","LUMI2","LUMI","Bombus_californicus",4,5,NA
2023,5,20,"9_16","9_30","2","Bertha","V1","VIVI","Bombus_californicus",5,0,NA
2023,5,25,"10_30","10_51","3","Quarry_1","","CARU","Bombus_californicus",4,10,NA
2023,5,25,"10_30","10_51","3","Quarry_1","","DEUL","Bombus_californicus",5,10,NA
2023,5,25,"10_52","11_06","4","Quarry_1","","DEUL","Bombus_californicus",3,50,NA
2023,4,22,"2_36","4_38","2","Owl_Seep","PH4","PHTA","Bombus_crotchii",2,8,NA
2023,4,22,"2_36","4_38","4","Owl_Seep","V4","VIVI","Bombus_crotchii",3,0,NA
2023,5,7,"2_10","2_31","1","Owl_Seep","PH1","PHTA","Bombus_crotchii",23,5,NA
2023,5,7,"2_32","2_48","2","Owl_Seep","PH4","PHTA","Bombus_crotchii",5,5,NA
2023,5,7,"2_32","2_48","2","Owl_Seep","V4","VIVI","Bombus_crotchii",10,5,NA
2023,5,8,"10_11","10_34","2","Owl_Seep","V2","VIVI","Bombus_crotchii",53,0,NA
2023,5,8,"10_45","11_03","4","Owl_Seep","V4","VIVI","Bombus_crotchii",13,0,NA
2023,5,8,"10_45","11_03","4","Owl_Seep","V5","VIVI","Bombus_crotchii",3,0,NA
2023,5,8,"1_11","1_29","4","Upper_Grid_2","V1","VIVI","Bombus_crotchii",2,0,NA
2023,5,8,"1_11","1_29","4","Upper_Grid_2","V1","VIVI","Bombus_crotchii",12,0,NA
2023,5,8,"2_23","2_34","4","Upper_Seep","V3","VIVI","Bombus_crotchii",36,0,NA
2023,5,9,"2_29","2_53","1","Owl_Seep","PH1","PHTA","Bombus_crotchii",31,10,NA
2023,5,9,"2_29","2_53","1","Owl_Seep","","ESCA","Bombus_crotchii",10,20,NA
2023,5,9,"2_53","3_05","2","Owl_Seep","V2","VIVI","Bombus_crotchii",3,0,NA
2023,4,22,"2_36","4_38","1","Owl_Seep","V1","VIVI","Bombus_melanopygus",2,0,NA
2023,4,22,"2_36","4_38","5","Owl_Seep","PH11","PHTA","Bombus_melanopygus",2,10,NA
2023,4,23,"2_19","3_35","3","Owl_Seep","PH5","PHTA","Bombus_melanopygus",1,10,NA
2023,4,23,"2_19","3_35","3","Owl_Seep","V4","VIVI","Bombus_melanopygus",3,0,NA
2023,4,24,"10_01","12_45","4","Upper_Grid_1","","DICA","Bombus_melanopygus",1,30,NA
2023,4,26,"8_54","11_57","2","Owl_Seep","V2","VIVI","Bombus_melanopygus",1,0,NA
2023,4,26,"8_54","11_57","3","Owl_Seep","V4","VIVI","Bombus_melanopygus",1,0,NA
2023,4,27,"3_27","4_03","2","Upper_Seep","V2","VIVI","Bombus_melanopygus",6,0,NA
2023,4,27,"3_27","4_03","2","Upper_Seep","V2","VIVI","Bombus_melanopygus",4,0,NA
2023,4,28,"9_38","10_49","1","Quarry_2","LUAL1","LUAL","Bombus_melanopygus",1,1,NA
2023,4,28,"9_38","10_49","1","Quarry_2","LUAL1","LUAL","Bombus_melanopygus",5,1,NA
2023,4,28,"9_38","10_49","2","Quarry_2","LUAL1","LUAL","Bombus_melanopygus",1,10,NA
2023,4,28,"9_38","10_49","2","Quarry_2","LUAL1","LUAL","Bombus_melanopygus",1,15,NA
2023,4,28,"9_38","10_49","2","Quarry_2","LUAL1","LUAL","Bombus_melanopygus",2,10,NA
2023,5,7,"9_21","9_34","2","Pond","V1","VIVI","Bombus_melanopygus",4,0,NA
2023,5,7,"9_21","9_34","2","Pond","V1","VIVI","Bombus_melanopygus",4,0,NA
2023,5,7,"9_21","9_34","2","Pond","V1","VIVI","Bombus_melanopygus",1,0,NA
2023,5,7,"9_35","9_48","3","Pond","V1","VIVI","Bombus_melanopygus",1,0,NA
2023,5,7,"9_35","9_48","3","Pond","V1","VIVI","Bombus_melanopygus",5,0,NA
2023,5,7,"9_35","9_48","3","Pond","V1","VIVI","Bombus_melanopygus",1,0,NA
2023,5,7,"9_35","9_48","3","Pond","V1","VIVI","Bombus_melanopygus",5,0,NA
2023,5,7,"9_35","9_48","3","Pond","V1","VIVI","Bombus_melanopygus",3,0,NA
2023,5,7,"9_35","9_48","3","Pond","V2","VIVI","Bombus_melanopygus",1,0,NA
2023,5,7,"9_49","10_04","4","Pond","V3","VIVI","Bombus_melanopygus",11,0,NA
2023,5,7,"10_05","10_13","5","Pond","V4","VIVI","Bombus_melanopygus",1,0,NA
2023,5,7,"10_05","10_13","5","Pond","V4","VIVI","Bombus_melanopygus",3,0,NA
2023,5,7,"10_27","10_46","1","Bertha","V1","VIVI","Bombus_melanopygus",2,0,NA
2023,5,7,"10_16","10_27","1","Bertha","V1","VIVI","Bombus_melanopygus",1,0,NA
2023,5,7,"10_28","10_46","2","Bertha","V1","VIVI","Bombus_melanopygus",2,0,NA
2023,5,7,"10_28","10_46","2","Bertha","V1","VIVI","Bombus_melanopygus",2,0,NA
2023,5,7,"10_28","10_46","2","Bertha","V1","VIVI","Bombus_melanopygus",2,0,NA
2023,5,7,"10_28","10_46","2","Bertha","V1","VIVI","Bombus_melanopygus",4,0,NA
2023,5,7,"10_28","10_46","2","Bertha","V1","VIVI","Bombus_melanopygus",1,0,NA
2023,5,7,"10_28","10_46","2","Bertha","V1","VIVI","Bombus_melanopygus",3,0,NA
2023,5,7,"10_28","10_46","2","Bertha","V1","VIVI","Bombus_melanopygus",1,0,NA
2023,5,7,"10_28","10_46","2","Bertha","V1","VIVI","Bombus_melanopygus",4,0,NA
2023,5,7,"10_28","10_46","2","Bertha","V1","VIVI","Bombus_melanopygus",1,0,NA
2023,5,7,"10_28","10_46","2","Bertha","V1","VIVI","Bombus_melanopygus",6,0,NA
2023,5,7,"10_28","10_46","2","Bertha","V1","VIVI","Bombus_melanopygus",1,0,NA
2023,5,7,"10_28","10_46","2","Bertha","V1","VIVI","Bombus_melanopygus",10,0,NA
2023,5,7,"10_28","10_46","2","Bertha","V1","VIVI","Bombus_melanopygus",1,0,NA
2023,5,7,"10_48","11_07","3","Bertha","V2","VIVI","Bombus_melanopygus",1,0,NA
2023,5,7,"10_48","11_07","3","Bertha","V2","VIVI","Bombus_melanopygus",3,0,NA
2023,5,7,"10_48","11_07","3","Bertha","V2","VIVI","Bombus_melanopygus",1,0,NA
2023,5,7,"11_08","11_24","4","Bertha","V3","VIVI","Bombus_melanopygus",2,0,NA
2023,5,7,"11_26","11_46","5","Bertha","VA","LUMI","Bombus_melanopygus",1,0,NA
2023,5,7,"11_26","11_46","5","Bertha","VA","VIVI","Bombus_melanopygus",4,0,NA
2023,5,7,"11_26","11_46","5","Bertha","V4","VIVI","Bombus_melanopygus",4,0,NA
2023,5,7,"11_26","11_46","5","Bertha","V4","VIVI","Bombus_melanopygus",5,0,NA
2023,5,7,"12_38","12_56","1","Goatgrass","V3","VIVI","Bombus_melanopygus",2,0,NA
2023,5,7,"12_38","12_56","1","Goatgrass","V3","VIVI","Bombus_melanopygus",1,0,NA
2023,5,7,"1_18","1_26","4","Goatgrass","V4","VIVI","Bombus_melanopygus",2,0,NA
2023,5,7,"1_18","1_26","4","Goatgrass","V4","VIVI","Bombus_melanopygus",3,0,NA
2023,5,7,"2_32","2_48","2","Owl_Seep","V1","VIVI","Bombus_melanopygus",1,0,NA
2023,5,7,"2_49","2_59","3","Owl_Seep","PH4","PHTA","Bombus_melanopygus",3,10,NA
2023,5,7,"2_49","2_59","3","Owl_Seep","PH4","PHTA","Bombus_melanopygus",2,10,NA
2023,5,7,"2_49","2_59","3","Owl_Seep","PH4","PHTA","Bombus_melanopygus",1,10,NA
2023,5,7,"2_49","2_59","3","Owl_Seep","V4","VIVI","Bombus_melanopygus",2,0,NA
2023,5,8,"9_57","10_10","1","Owl_Seep","V1","VIVI","Bombus_melanopygus",1,0,NA
2023,5,8,"10_11","10_34","2","Owl_Seep","V1","VIVI","Bombus_melanopygus",1,0,NA
2023,5,8,"10_11","10_34","2","Owl_Seep","V1","VIVI","Bombus_melanopygus",2,0,NA
2023,5,8,"10_11","10_34","2","Owl_Seep","V1","VIVI","Bombus_melanopygus",1,0,NA
2023,5,8,"10_35","10_44","3","Owl_Seep","V4","VIVI","Bombus_melanopygus",1,0,NA
2023,5,8,"10_45","11_03","4","Owl_Seep","V4","VIVI","Bombus_melanopygus",2,0,NA
2023,5,8,"10_45","11_03","4","Owl_Seep","V5","VIVI","Bombus_melanopygus",2,0,NA
2023,5,8,"12_36","12_49","1","Upper_Grid_2","V3","VIVI","Bombus_melanopygus",5,0,NA
2023,5,8,"12_36","12_49","1","Upper_Grid_2","V2","VIVI","Bombus_melanopygus",2,0,NA
2023,5,8,"12_36","12_49","1","Upper_Grid_2","V2","VIVI","Bombus_melanopygus",1,0,NA
2023,5,8,"1_30","1_34","5","Upper_Grid_2","V5","VIVI","Bombus_melanopygus",1,0,NA
2023,5,8,"1_58","2_12","2","Upper_Seep","V3","VIVI","Bombus_melanopygus",1,0,NA
2023,5,8,"1_58","2_12","2","Upper_Seep","V2","VIVI","Bombus_melanopygus",1,0,NA
2023,5,8,"2_23","2_34","4","Upper_Seep","V3","VIVI","Bombus_melanopygus",2,0,NA
2023,5,8,"2_23","2_34","4","Upper_Seep","V3","VIVI","Bombus_melanopygus",1,0,NA
2023,5,9,"8_31","8_42","1","Bertha","LUMI1","LUMI","Bombus_melanopygus",5,5,NA
2023,5,9,"8_31","8_42","1","Bertha","LUMI1","LUMI","Bombus_melanopygus",4,0,NA
2023,5,9,"8_31","8_42","1","Bertha","V1","VIVI","Bombus_melanopygus",6,0,NA
2023,5,9,"8_58","9_16","3","Bertha","V1","VIVI","Bombus_melanopygus",1,0,NA
2023,5,9,"8_58","9_16","3","Bertha","V1","VIVI","Bombus_melanopygus",3,0,NA
2023,5,9,"9_17","9_36","4","Bertha","V2","VIVI","Bombus_melanopygus",3,0,NA
2023,5,9,"9_17","9_36","4","Bertha","V2","VIVI","Bombus_melanopygus",1,0,NA
2023,5,9,"9_17","9_36","4","Bertha","V2","VIVI","Bombus_melanopygus",2,0,NA
2023,5,9,"9_17","9_36","4","Bertha","V2","VIVI","Bombus_melanopygus",4,0,NA
2023,5,9,"9_17","9_36","4","Bertha","V2","VIVI","Bombus_melanopygus",3,0,NA
2023,5,9,"9_38","10_00","5","Bertha","","LUMI","Bombus_melanopygus",5,0,NA
2023,5,9,"9_38","10_00","5","Bertha","V5","VIVI","Bombus_melanopygus",2,0,NA
2023,5,9,"9_38","10_00","5","Bertha","V5","VIVI","Bombus_melanopygus",6,0,NA
2023,5,9,"10_15","10_29","1","Pond","VA","VIVI","Bombus_melanopygus",6,0,NA
2023,5,9,"10_30","10_37","2","Pond","V1","VIVI","Bombus_melanopygus",4,0,NA
2023,5,9,"10_57","11_07","5","Pond","V4","VIVI","Bombus_melanopygus",4,0,NA
2023,5,9,"10_57","11_07","5","Pond","V4","VIVI","Bombus_melanopygus",3,0,NA
2023,5,9,"10_57","11_07","5","Pond","V4","VIVI","Bombus_melanopygus",5,0,NA
2023,5,9,"1_34","1_44","4","Lower_Grid_1","V2","VIVI","Bombus_melanopygus",1,0,NA
2023,5,9,"1_45","1_56","5","Lower_Grid_1","V2","VIVI","Bombus_melanopygus",2,0,NA
2023,5,9,"2_29","2_53","1","Owl_Seep","V3","VIVI","Bombus_melanopygus",1,0,NA
2023,5,9,"3_06","3_19","3","Owl_Seep","PH4","PHTA","Bombus_melanopygus",2,10,NA
2023,5,9,"3_06","3_19","3","Owl_Seep","V4","VIVI","Bombus_melanopygus",2,0,NA
2023,5,10,"9_12","9_32","1","Upper_Seep","V2","VIVI","Bombus_melanopygus",3,0,NA
2023,5,10,"9_42","9_49","3","Upper_Seep","V3","VIVI","Bombus_melanopygus",1,0,NA
2023,5,10,"9_42","9_49","3","Upper_Seep","V3","VIVI","Bombus_melanopygus",2,0,NA
2023,5,10,"10_14","10_25","1","Upper_Grid_2","V3","VIVI","Bombus_melanopygus",1,0,NA
2023,5,10,"10_26","10_35","2","Upper_Grid_2","V3","VIVI","Bombus_melanopygus",6,0,NA
2023,5,10,"10_26","10_35","2","Upper_Grid_2","V3","VIVI","Bombus_melanopygus",1,0,NA
2023,5,10,"11_29","11_36","1","Rock","V2","VIVI","Bombus_melanopygus",1,0,NA
2023,5,10,"2_22","2_40","1","Owl_Seep","","CRHI","Bombus_melanopygus",1,2,NA
2023,5,11,"1_02","1_17","1","Goatgrass","V3","VIVI","Bombus_melanopygus",6,0,NA
2023,5,11,"1_02","1_17","1","Goatgrass","V3","VIVI","Bombus_melanopygus",1,0,NA
2023,5,11,"1_02","1_17","1","Goatgrass","V3","VIVI","Bombus_melanopygus",1,0,NA
2023,5,11,"1_02","1_17","1","Goatgrass","V3","VIVI","Bombus_melanopygus",1,0,NA
2023,5,11,"1_19","1_31","2","Goatgrass","V3","VIVI","Bombus_melanopygus",2,0,NA
2023,5,11,"1_32","1_47","3","Goatgrass","V1","VIVI","Bombus_melanopygus",7,0,NA
2023,5,11,"1_32","1_47","3","Goatgrass","V1","VIVI","Bombus_melanopygus",1,0,NA
2023,5,11,"1_48","2_08","4","Goatgrass","","VIVI","Bombus_melanopygus",3,0,NA
2023,5,11,"2_51","3_01","1","Pond","DEVA1","DEVA","Bombus_melanopygus",2,5,NA
2023,5,11,"2_51","3_01","2","Pond","VA","VIVI","Bombus_melanopygus",7,0,NA
2023,5,11,"2_51","3_01","2","Pond","VA","VIVI","Bombus_melanopygus",4,0,NA
2023,5,11,"2_51","3_01","2","Pond","VA","VIVI","Bombus_melanopygus",2,0,NA
2023,5,11,"3_48","3_59","5","Pond","V3","VIVI","Bombus_melanopygus",1,0,NA
2023,5,11,"3_48","3_59","5","Pond","V3","VIVI","Bombus_melanopygus",1,0,NA
2023,5,11,"4_05","4_18","1","Bertha","V1","VIVI","Bombus_melanopygus",3,0,NA
2023,5,11,"4_05","4_18","1","Bertha","V1","VIVI","Bombus_melanopygus",2,0,NA
2023,5,11,"4_05","4_18","1","Bertha","V1","VIVI","Bombus_melanopygus",2,0,NA
2023,5,11,"4_19","4_37","2","Bertha","V1","VIVI","Bombus_melanopygus",1,0,NA
2023,5,11,"4_19","4_37","2","Bertha","V1","VIVI","Bombus_melanopygus",2,0,NA
2023,5,11,"4_19","4_37","2","Bertha","V1","VIVI","Bombus_melanopygus",1,0,NA
2023,5,11,"4_19","4_37","2","Bertha","V1","VIVI","Bombus_melanopygus",2,0,NA
2023,5,11,"4_19","4_37","2","Bertha","V1","VIVI","Bombus_melanopygus",2,0,NA
2023,5,11,"4_19","4_37","2","Bertha","V1","VIVI","Bombus_melanopygus",1,0,NA
2023,5,11,"4_19","4_37","2","Bertha","V1","VIVI","Bombus_melanopygus",1,0,NA
2023,5,11,"4_19","4_37","2","Bertha","V1","VIVI","Bombus_melanopygus",1,0,NA
2023,5,11,"4_19","4_37","2","Bertha","V1","VIVI","Bombus_melanopygus",1,0,NA
2023,5,11,"4_19","4_37","2","Bertha","V1","VIVI","Bombus_melanopygus",3,0,NA
2023,5,11,"4_19","4_37","2","Bertha","V1","VIVI","Bombus_melanopygus",1,0,NA
2023,5,11,"4_19","4_37","2","Bertha","V1","VIVI","Bombus_melanopygus",1,0,NA
2023,5,11,"4_19","4_37","2","Bertha","V1","VIVI","Bombus_melanopygus",1,0,NA
2023,5,11,"4_38","4_58","3","Bertha","V2","VIVI","Bombus_melanopygus",1,0,NA
2023,5,11,"4_38","4_58","3","Bertha","V2","VIVI","Bombus_melanopygus",4,0,NA
2023,5,11,"5_00","5_12","4","Bertha","V2","VIVI","Bombus_melanopygus",3,0,NA
2023,5,11,"5_13","5_26","5","Bertha","VA","VIVI","Bombus_melanopygus",1,0,NA
2023,5,11,"5_13","5_26","5","Bertha","LUMI3","LUMI","Bombus_melanopygus",7,1,NA
2023,5,11,"5_13","5_26","5","Bertha","LUMI3","LUMI","Bombus_melanopygus",1,5,NA
2023,5,11,"5_13","5_26","5","Bertha","LUMI3","LUMI","Bombus_melanopygus",3,0,NA
2023,5,12,"9_08","9_21","5","Quarry_2","","ERGU","Bombus_melanopygus",3,100,NA
2023,5,12,"10_14","10_27","5","Quarry_1","V1","VIVI","Bombus_melanopygus",1,0,NA
2023,5,12,"10_59","11_20","1","Owl_Seep","PH1","PHTA","Bombus_melanopygus",1,10,NA
2023,5,12,"11_33","11_41","3","Owl_Seep","V4","VIVI","Bombus_melanopygus",1,0,NA
2023,5,12,"4_01","4_08","3","Pond","V1","VIVI","Bombus_melanopygus",4,0,NA
2023,5,12,"4_09","4_18","4","Pond","V2","VIVI","Bombus_melanopygus",3,0,NA
2023,5,12,"4_19","4_29","5","Pond","V3","VIVI","Bombus_melanopygus",1,0,NA
2023,5,14,"10_45","11_01","1","Bertha","V1","VIVI","Bombus_melanopygus",3,0,NA
2023,5,14,"10_45","11_01","1","Bertha","LUMI1","LUMI","Bombus_melanopygus",1,1,NA
2023,5,14,"10_45","11_01","1","Bertha","LUMI1","LUSU","Bombus_melanopygus",6,1,NA
2023,5,14,"10_45","11_01","1","Bertha","","LUSU","Bombus_melanopygus",3,1,NA
2023,5,14,"11_02","11_21","2","Bertha","V1","VIVI","Bombus_melanopygus",1,0,NA
2023,5,14,"11_02","11_21","2","Bertha","V1","VIVI","Bombus_melanopygus",1,0,NA
2023,5,14,"11_02","11_21","2","Bertha","V1","VIVI","Bombus_melanopygus",1,0,NA
2023,5,14,"11_02","11_21","2","Bertha","V1","VIVI","Bombus_melanopygus",2,0,NA
2023,5,14,"11_02","11_21","2","Bertha","V1","VIVI","Bombus_melanopygus",3,0,NA
2023,5,14,"11_02","11_21","2","Bertha","V1","VIVI","Bombus_melanopygus",1,0,NA
2023,5,14,"11_43","11_59","4","Bertha","V2","VIVI","Bombus_melanopygus",1,0,NA
2023,5,14,"11_43","11_59","4","Bertha","V2","VIVI","Bombus_melanopygus",2,0,NA
2023,5,14,"11_43","11_59","4","Bertha","V2","VIVI","Bombus_melanopygus",1,0,NA
2023,5,14,"12_47","12_57","4","Pond","V2","VIVI","Bombus_melanopygus",5,0,NA
2023,5,14,"12_47","12_57","4","Pond","V2","VIVI","Bombus_melanopygus",2,0,NA
2023,5,14,"1_43","1_51","3","Goatgrass","V3","VIVI","Bombus_melanopygus",3,0,NA
2023,5,14,"1_43","1_51","3","Goatgrass","V3","VIVI","Bombus_melanopygus",4,0,NA
2023,5,14,"1_52","2_02","4","Goatgrass","V4","VIVI","Bombus_melanopygus",1,0,NA
2023,5,14,"1_52","2_02","4","Goatgrass","V4","VIVI","Bombus_melanopygus",1,0,NA
2023,5,16,"7_31","7_54","3","Quarry_2","","ERGU","Bombus_melanopygus",1,60,NA
2023,5,16,"7_31","7_54","3","Quarry_2","","ERGU","Bombus_melanopygus",3,60,NA
2023,5,16,"12_17","12_27","2","Goatgrass","V2","VIVI","Bombus_melanopygus",1,0,NA
2023,5,16,"12_28","12_35","3","Goatgrass","","WYAU","Bombus_melanopygus",3,0,NA
2023,5,17,"12_32","12_41","1","Bertha","V1","VIVI","Bombus_melanopygus",6,0,NA
2023,5,17,"12_42","12_54","2","Bertha","V1","VIVI","Bombus_melanopygus",3,0,NA
2023,5,17,"12_42","12_54","2","Bertha","V1","VIVI","Bombus_melanopygus",2,0,NA
2023,5,17,"12_42","12_54","2","Bertha","V1","VIVI","Bombus_melanopygus",1,0,NA
2023,5,17,"12_42","12_54","2","Bertha","V1","VIVI","Bombus_melanopygus",1,0,NA
2023,5,20,"7_36","7_49","2","Goatgrass","V2","AGHE","Bombus_melanopygus",1,0,NA
2023,5,20,"9_16","9_30","2","Bertha","V1","VIVI","Bombus_melanopygus",1,0,NA
2023,5,20,"9_16","9_30","2","Bertha","V1","VIVI","Bombus_melanopygus",1,0,NA
2023,5,21,"7_25","7_42","2","Quarry_1","ERGU1","ERGU","Bombus_melanopygus",15,30,NA
2023,5,21,"9_48","10_08","focal_obs","Quarry_1","","VIVI","Bombus_melanopygus",10,0,NA
2023,5,25,"10_52","11_06","4","Quarry_1","side seep","ERGU","Bombus_melanopygus",6,70,NA
2023,4,24,"10_01","12_45","2","Upper_Grid_1","","GITR","Bombylius_major",4,10,NA
2023,4,28,"9_38","10_49","3","Quarry_2","","GITR","Bombylius_major",3,100,NA
2023,4,28,"9_38","10_49","3","Quarry_2","","DICA","Bombylius_major",2,100,NA
2023,4,28,"9_38","10_49","4","Quarry_2","","CRHI","Bombylius_major",1,150,NA
2023,4,28,"9_38","10_49","4","Quarry_2","","CRHI","Bombylius_major",2,150,NA
2023,4,28,"11_06","11_49","1","Quarry_1","","DICA","Bombylius_major",2,50,NA
2023,4,28,"1_00","2_01","3","Goatgrass","","LACA","Bombylius_major",3,10,NA
2023,4,28,"1_00","2_01","4","Goatgrass","V3","LACA","Bombylius_major",2,20,NA
2023,4,28,"1_00","2_01","5","Goatgrass","","LACA","Bombylius_major",1,NA,NA
2023,5,7,"10_48","11_07","3","Bertha","","ACMO","Bombylius_major",1,300,NA
2023,5,7,"10_48","11_07","3","Bertha","","LACA","Bombylius_major",4,250,NA
2023,5,7,"10_48","11_07","3","Bertha","","LACA","Bombylius_major",1,100,NA
2023,5,7,"11_08","11_24","4","Bertha","","LACA","Bombylius_major",1,40,NA
2023,5,7,"11_08","11_24","4","Bertha","","LACA","Bombylius_major",1,300,NA
2023,5,7,"11_26","11_46","5","Bertha","","LACA","Bombylius_major",1,100,NA
2023,5,7,"11_26","11_46","5","Bertha","","LACA","Bombylius_major",3,100,NA
2023,5,7,"11_26","11_46","5","Bertha","","LACA","Bombylius_major",1,100,NA
2023,5,7,"1_18","1_26","4","Goatgrass","","LACA","Bombylius_major",4,30,NA
2023,5,9,"9_17","9_36","4","Bertha","","ACMO","Bombylius_major",1,100,NA
2023,5,9,"9_38","10_00","5","Bertha","","LACA","Bombylius_major",2,5,NA
2023,5,10,"12_16","12_21","1","Lower_Grid_1","","TRLA","Bombylius_major",1,100,NA
2023,5,11,"1_32","1_47","3","Goatgrass","","LACA","Bombylius_major",4,20,NA
2023,5,11,"1_32","1_47","3","Goatgrass","","SIBE","Bombylius_major",1,10,NA
2023,5,11,"2_12","2_22","5","Goatgrass","","LACA","Bombylius_major",3,30,NA
2023,5,11,"4_19","4_37","2","Bertha","","LACA","Bombylius_major",3,30,NA
2023,5,11,"4_38","4_58","3","Bertha","","LACA","Bombylius_major",2,250,NA
2023,5,11,"4_38","4_58","3","Bertha","","LACA","Bombylius_major",4,100,NA
2023,5,11,"4_38","4_58","3","Bertha","","LACA","Bombylius_major",2,100,NA
2023,5,11,"5_00","5_12","4","Bertha","","LACA","Bombylius_major",1,20,NA
2023,5,12,"8_49","8_58","3","Quarry_2","","CRHI","Bombylius_major",1,40,NA
2023,5,12,"8_49","8_58","3","Quarry_2","","ERGU","Bombylius_major",1,45,NA
2023,5,12,"9_08","9_21","5","Quarry_2","","GITR","Bombylius_major",6,100,NA
2023,5,12,"9_08","9_21","5","Quarry_2","","ERGU","Bombylius_major",1,100,NA
2023,5,12,"9_08","9_21","5","Quarry_2","","CRHI","Bombylius_major",1,100,NA
2023,5,12,"10_03","10_13","4","Quarry_1","","CRHI","Bombylius_major",3,50,NA
2023,5,12,"10_03","10_13","4","Quarry_1","","DICA","Bombylius_major",1,50,NA
2023,5,12,"10_14","10_27","5","Quarry_1","","CRHI","Bombylius_major",1,50,NA
2023,5,14,"11_22","11_42","3","Bertha","","LACA","Bombylius_major",4,100,NA
2023,5,14,"11_22","11_42","3","Bertha","","LACA","Bombylius_major",2,100,NA
2023,5,14,"11_22","11_42","3","Bertha","","LACA","Bombylius_major",1,100,NA
2023,5,14,"1_43","1_51","3","Goatgrass","","LACA","Bombylius_major",1,10,NA
2023,5,16,"9_42","10_22","4","Quarry_1","","CRHI","Bombylius_major",1,20,NA
2023,5,25,"10_52","11_06","4","Quarry_1","base of seep","ERGU","Bombylius_major",1,50,NA
2023,4,23,"11_42","12_40","1","Upper_Seep","","PHTA","Bombus_sp.",1,10,NA
2023,4,26,"8_54","11_57","2","Owl_Seep","V1","VIVI","Bombus_sp.",1,0,NA
2023,5,8,"1_11","1_29","4","Upper_Grid_2","V1","VIVI","Bombus_sp.",1,0,NA
2023,5,10,"9_33","9_41","2","Upper_Seep","V3","VIVI","Bombus_sp.",1,0,NA
2023,4,28,"1_00","2_01","3","Goatgrass","V3","VIVI","Bombus_vosnesenskii",2,0,NA
2023,5,7,"10_05","10_13","5","Pond","V4","VIVI","Bombus_vosnesenskii",24,0,NA
2023,4,22,"2_36","4_38","1","Owl_Seep","V1","VIVI","Bombus_vosnesenskii",3,0,NA
2023,4,22,"2_36","4_38","4","Owl_Seep","V4","VIVI","Bombus_vosnesenskii",1,0,NA
2023,4,23,"11_42","12_40","3","Upper_Seep","V3","VIVI","Bombus_vosnesenskii",9,0,NA
2023,4,23,"11_42","12_40","4","Upper_Seep","V3","VIVI","Bombus_vosnesenskii",7,0,NA
2023,4,23,"2_19","3_35","4","Owl_Seep","V4","VIVI","Bombus_vosnesenskii",2,0,NA
2023,4,23,"10_44","11_04","Focal_Obs","Upper_Grid_2","5M focal","LUSU","Bombus_vosnesenskii",1,5,NA
2023,4,23,"10_44","11_04","Focal_Obs","Upper_Grid_2","5M focal","LUSU","Bombus_vosnesenskii",1,5,NA
2023,4,23,"10_44","11_04","Focal_Obs","Upper_Grid_2","5M focal","LUSU","Bombus_vosnesenskii",2,5,NA
2023,4,23,"10_44","11_04","Focal_Obs","Upper_Grid_2","5M focal","LUSU","Bombus_vosnesenskii",2,5,NA
2023,4,26,"8_54","11_57","1","Owl_Seep","PH1","PHTA","Bombus_vosnesenskii",8,10,NA
2023,4,26,"8_54","11_57","1","Owl_Seep","PH1","PHTA","Bombus_vosnesenskii",1,10,NA
2023,4,26,"8_54","11_57","1","Owl_Seep","PH1","PHTA","Bombus_vosnesenskii",3,10,NA
2023,4,26,"8_54","11_57","1","Owl_Seep","V1","VIVI","Bombus_vosnesenskii",3,0,NA
2023,4,26,"8_54","11_57","1","Owl_Seep","V1","VIVI","Bombus_vosnesenskii",1,0,NA
2023,4,26,"8_54","11_57","1","Owl_Seep","V1","VIVI","Bombus_vosnesenskii",4,0,NA
2023,4,26,"8_54","11_57","1","Owl_Seep","V1","VIVI","Bombus_vosnesenskii",1,0,NA
2023,4,26,"8_54","11_57","1","Owl_Seep","V1","VIVI","Bombus_vosnesenskii",1,0,NA
2023,4,26,"8_54","11_57","2","Owl_Seep","V1","VIVI","Bombus_vosnesenskii",2,0,NA
2023,4,26,"8_54","11_57","3","Owl_Seep","PH5","PHTA","Bombus_vosnesenskii",1,20,NA
2023,4,26,"8_54","11_57","3","Owl_Seep","V4","VIVI","Bombus_vosnesenskii",1,0,NA
2023,4,26,"8_54","11_57","4","Owl_Seep","PH7","PHTA","Bombus_vosnesenskii",1,10,NA
2023,4,26,"8_54","11_57","4","Owl_Seep","PH7","PHTA","Bombus_vosnesenskii",1,10,NA
2023,4,27,"10_55","12_00","5","Lower_Grid_1","V2","VIVI","Bombus_vosnesenskii",2,0,NA
2023,4,27,"10_55","12_00","5","Lower_Grid_1","V2","VIVI","Bombus_vosnesenskii",1,0,NA
2023,4,27,"10_55","12_00","5","Lower_Grid_1","V2","VIVI","Bombus_vosnesenskii",1,0,NA
2023,4,27,"12_16","1_11","1","Upper_Grid_2","V2","VIVI","Bombus_vosnesenskii",3,0,NA
2023,4,27,"12_16","1_11","1","Upper_Grid_2","V2","VIVI","Bombus_vosnesenskii",3,0,NA
2023,4,27,"12_16","1_11","1","Upper_Grid_2","V2","VIVI","Bombus_vosnesenskii",2,0,NA
2023,4,27,"3_27","4_03","2","Upper_Seep","V2","VIVI","Bombus_vosnesenskii",4,0,NA
2023,5,7,"11_26","11_46","5","Bertha","VA","VIVI","Bombus_vosnesenskii",3,0,NA
2023,5,7,"12_38","12_56","1","Goatgrass","V3","VIVI","Bombus_vosnesenskii",3,0,NA
2023,5,7,"2_10","2_31","1","Owl_Seep","V3","VIVI","Bombus_vosnesenskii",1,0,NA
2023,5,7,"2_10","2_31","1","Owl_Seep","V3","VIVI","Bombus_vosnesenskii",1,0,NA
2023,5,7,"2_10","2_31","1","Owl_Seep","V3","VIVI","Bombus_vosnesenskii",1,0,NA
2023,5,7,"2_10","2_31","1","Owl_Seep","PH1","PHTA","Bombus_vosnesenskii",1,8,NA
2023,5,7,"2_10","2_31","1","Owl_Seep","PH1","PHTA","Bombus_vosnesenskii",2,10,NA
2023,5,7,"2_10","2_31","1","Owl_Seep","PH1","PHTA","Bombus_vosnesenskii",1,5,NA
2023,5,7,"2_10","2_31","1","Owl_Seep","","CAEX","Bombus_vosnesenskii",1,20,NA
2023,5,7,"2_10","2_31","1","Owl_Seep","","ESCA","Bombus_vosnesenskii",3,1,NA
2023,5,7,"2_10","2_31","1","Owl_Seep","V1","VIVI","Bombus_vosnesenskii",3,0,NA
2023,5,7,"2_10","2_31","1","Owl_Seep","V1","VIVI","Bombus_vosnesenskii",1,0,NA
2023,5,7,"2_32","2_48","2","Owl_Seep","V1","VIVI","Bombus_vosnesenskii",1,0,NA
2023,5,7,"2_32","2_48","2","Owl_Seep","PH4","PHTA","Bombus_vosnesenskii",1,5,NA
2023,5,7,"2_32","2_48","2","Owl_Seep","","ERGU","Bombus_vosnesenskii",5,5,NA
2023,5,7,"2_49","2_59","3","Owl_Seep","PH4","PHTA","Bombus_vosnesenskii",2,10,NA
2023,5,7,"3_00","3_11","4","Owl_Seep","V4","VIVI","Bombus_vosnesenskii",6,0,NA
2023,5,7,"3_00","3_11","4","Owl_Seep","","ERGU","Bombus_vosnesenskii",5,20,NA
2023,5,7,"3_00","3_11","4","Owl_Seep","","ERGU","Bombus_vosnesenskii",3,20,NA
2023,5,7,"3_00","3_11","4","Owl_Seep","PH7","PHTA","Bombus_vosnesenskii",1,20,NA
2023,5,7,"3_00","3_11","4","Owl_Seep","PH7","PHTA","Bombus_vosnesenskii",1,20,NA
2023,5,7,"3_12","3_25","5","Owl_Seep","PH9","PHTA","Bombus_vosnesenskii",1,10,NA
2023,5,7,"3_12","3_25","5","Owl_Seep","PH11","PHTA","Bombus_vosnesenskii",7,20,NA
2023,5,7,"3_12","3_25","5","Owl_Seep","PH12","PHTA","Bombus_vosnesenskii",2,15,NA
2023,5,8,"9_57","10_10","1","Owl_Seep","V3","VIVI","Bombus_vosnesenskii",2,0,NA
2023,5,8,"9_57","10_10","1","Owl_Seep","V3","VIVI","Bombus_vosnesenskii",2,0,NA
2023,5,8,"9_57","10_10","1","Owl_Seep","V1","VIVI","Bombus_vosnesenskii",2,0,NA
2023,5,8,"10_11","10_34","2","Owl_Seep","V1","VIVI","Bombus_vosnesenskii",1,0,NA
2023,5,8,"10_11","10_34","2","Owl_Seep","V1","VIVI","Bombus_vosnesenskii",1,0,NA
2023,5,8,"10_35","10_44","3","Owl_Seep","PH4","PHTA","Bombus_vosnesenskii",4,10,NA
2023,5,8,"11_04","11_20","5","Owl_Seep","PH9","PHTA","Bombus_vosnesenskii",1,10,NA
2023,5,8,"11_04","11_20","5","Owl_Seep","PH9","PHTA","Bombus_vosnesenskii",4,10,NA
2023,5,8,"11_04","11_20","5","Owl_Seep","PH9","ERGU","Bombus_vosnesenskii",1,10,NA
2023,5,8,"11_04","11_20","5","Owl_Seep","PH9","PHTA","Bombus_vosnesenskii",8,10,NA
2023,5,8,"12_36","12_49","1","Upper_Grid_2","V3","VIVI","Bombus_vosnesenskii",5,0,NA
2023,5,8,"12_36","12_49","1","Upper_Grid_2","V3","VIVI","Bombus_vosnesenskii",9,0,NA
2023,5,8,"12_50","12_59","2","Upper_Grid_2","V3","VIVI","Bombus_vosnesenskii",6,0,NA
2023,5,8,"1_05","1_10","3","Upper_Grid_2","V3","VIVI","Bombus_vosnesenskii",1,0,NA
2023,5,8,"1_11","1_29","4","Upper_Grid_2","V1","VIVI","Bombus_vosnesenskii",1,0,NA
2023,5,8,"1_11","1_29","4","Upper_Grid_2","","ESCA","Bombus_vosnesenskii",1,20,NA
2023,5,8,"2_23","2_34","4","Upper_Seep","V3","VIVI","Bombus_vosnesenskii",2,0,NA
2023,5,8,"2_36","2_41","5","Upper_Seep","V2","VIVI","Bombus_vosnesenskii",1,0,NA
2023,5,8,"2_36","2_41","5","Upper_Seep","V3","VIVI","Bombus_vosnesenskii",1,0,NA
2023,5,8,"2_36","2_41","5","Upper_Seep","V3","VIVI","Bombus_vosnesenskii",1,0,NA
2023,5,9,"2_29","2_53","1","Owl_Seep","V3","VIVI","Bombus_vosnesenskii",1,0,NA
2023,5,9,"2_29","2_53","1","Owl_Seep","PH1","PHTA","Bombus_vosnesenskii",2,10,NA
2023,5,9,"2_29","2_53","1","Owl_Seep","PH1","PHTA","Bombus_vosnesenskii",2,10,NA
2023,5,9,"2_29","2_53","1","Owl_Seep","PH1","PHTA","Bombus_vosnesenskii",3,10,NA
2023,5,9,"2_29","2_53","1","Owl_Seep","PH1","PHTA","Bombus_vosnesenskii",5,10,NA
2023,5,9,"2_29","2_53","1","Owl_Seep","","ESCA","Bombus_vosnesenskii",2,25,NA
2023,5,9,"2_29","2_53","1","Owl_Seep","V1","VIVI","Bombus_vosnesenskii",1,0,NA
2023,5,9,"2_53","3_05","2","Owl_Seep","V1","VIVI","Bombus_vosnesenskii",1,0,NA
2023,5,9,"3_06","3_19","3","Owl_Seep","V3","ERGU","Bombus_vosnesenskii",12,1,NA
2023,5,9,"3_06","3_19","3","Owl_Seep","PH4","PHTA","Bombus_vosnesenskii",2,2,NA
2023,5,9,"3_06","3_19","3","Owl_Seep","PH4","PHTA","Bombus_vosnesenskii",12,10,NA
2023,5,9,"3_20","3_31","4","Owl_Seep","","PHTA","Bombus_vosnesenskii",1,20,NA
2023,5,9,"3_20","3_31","4","Owl_Seep","","ESCA","Bombus_vosnesenskii",1,20,NA
2023,5,9,"3_20","3_31","4","Owl_Seep","PH4","PHTA","Bombus_vosnesenskii",1,10,NA
2023,5,9,"3_20","3_31","4","Owl_Seep","PH4","PHTA","Bombus_vosnesenskii",1,10,NA
2023,5,9,"3_20","3_31","4","Owl_Seep","PH4","PHTA","Bombus_vosnesenskii",3,10,NA
2023,5,9,"3_20","3_31","4","Owl_Seep","PH4","PHTA","Bombus_vosnesenskii",1,10,NA
2023,5,10,"9_33","9_41","2","Upper_Seep","V2","VIVI","Bombus_vosnesenskii",7,0,NA
2023,5,10,"9_56","10_04","5","Upper_Seep","V3","VIVI","Bombus_vosnesenskii",2,0,NA
2023,5,10,"9_56","10_04","5","Upper_Seep","V3","VIVI","Bombus_vosnesenskii",2,0,NA
2023,5,10,"9_56","10_04","5","Upper_Seep","V3","VIVI","Bombus_vosnesenskii",1,0,NA
2023,5,10,"9_56","10_04","5","Upper_Seep","V3","VIVI","Bombus_vosnesenskii",1,0,NA
2023,5,10,"9_56","10_04","5","Upper_Seep","V3","VIVI","Bombus_vosnesenskii",1,0,NA
2023,5,10,"10_14","10_25","1","Upper_Grid_2","V3","VIVI","Bombus_vosnesenskii",2,0,NA
2023,5,10,"10_40","11_17","4","Upper_Grid_2","V1","VIVI","Bombus_vosnesenskii",2,0,NA
2023,5,10,"11_29","11_36","1","Rock","V2","VIVI","Bombus_vosnesenskii",2,0,NA
2023,5,10,"12_35","12_43","3","Lower_Grid_1","V1","VIVI","Bombus_vosnesenskii",1,0,NA
2023,5,10,"2_22","2_40","1","Owl_Seep","V3","VIVI","Bombus_vosnesenskii",1,0,NA
2023,5,10,"2_22","2_40","1","Owl_Seep","","ERGU","Bombus_vosnesenskii",5,5,NA
2023,5,10,"2_22","2_40","1","Owl_Seep","PH1","ERGU","Bombus_vosnesenskii",1,5,NA
2023,5,10,"2_22","2_40","1","Owl_Seep","PH1","PHTA","Bombus_vosnesenskii",4,5,NA
2023,5,10,"2_22","2_40","1","Owl_Seep","PH1","PHTA","Bombus_vosnesenskii",5,5,NA
2023,5,10,"2_22","2_40","1","Owl_Seep","PH1","PHTA","Bombus_vosnesenskii",6,5,NA
2023,5,10,"2_22","2_40","1","Owl_Seep","PH1","PHTA","Bombus_vosnesenskii",1,1,NA
2023,5,10,"2_41","2_52","2","Owl_Seep","","ESCA","Bombus_vosnesenskii",4,1,NA
2023,5,10,"2_41","2_52","2","Owl_Seep","V2","VIVI","Bombus_vosnesenskii",1,0,NA
2023,5,10,"2_41","2_52","2","Owl_Seep","","ESCA","Bombus_vosnesenskii",1,1,NA
2023,5,10,"2_53","3_04","3","Owl_Seep","PH4","ERGU","Bombus_vosnesenskii",2,10,NA
2023,5,10,"2_53","3_04","3","Owl_Seep","PH4","PHTA","Bombus_vosnesenskii",1,10,NA
2023,5,10,"2_53","3_04","3","Owl_Seep","PH4","ERGU","Bombus_vosnesenskii",2,10,NA
2023,5,10,"3_19","3_28","5","Owl_Seep","PH9","ERGU","Bombus_vosnesenskii",3,10,NA
2023,5,10,"3_19","3_28","5","Owl_Seep","PH11","PHTA","Bombus_vosnesenskii",3,20,NA
2023,5,11,"1_48","2_08","4","Goatgrass","V4","VIVI","Bombus_vosnesenskii",1,0,NA
2023,5,11,"1_48","2_08","4","Goatgrass","","SIBE","Bombus_vosnesenskii",9,0,NA
2023,5,11,"1_48","2_08","4","Goatgrass","V4","VIVI","Bombus_vosnesenskii",3,0,NA
2023,5,11,"1_48","2_08","4","Goatgrass","","SIBE","Bombus_vosnesenskii",1,0,NA
2023,5,11,"1_48","2_08","4","Goatgrass","V4","VIVI","Bombus_vosnesenskii",1,0,NA
2023,5,11,"1_48","2_08","4","Goatgrass","V4","VIVI","Bombus_vosnesenskii",1,0,NA
2023,5,11,"1_48","2_08","4","Goatgrass","V2","VIVI","Bombus_vosnesenskii",8,0,NA
2023,5,11,"2_51","3_01","2","Pond","VA","VIVI","Bombus_vosnesenskii",1,0,NA
2023,5,11,"3_17","3_27","3","Pond","V1","VIVI","Bombus_vosnesenskii",4,0,NA
2023,5,11,"3_17","3_27","3","Pond","V1","VIVI","Bombus_vosnesenskii",8,0,NA
2023,5,11,"3_17","3_27","3","Pond","V1","VIVI","Bombus_vosnesenskii",5,0,NA
2023,5,11,"3_48","3_59","5","Pond","V3","VIVI","Bombus_vosnesenskii",3,0,NA
2023,5,11,"4_05","4_18","1","Bertha","LUMI1","LUMI","Bombus_vosnesenskii",3,0,NA
2023,5,11,"4_05","4_18","1","Bertha","V1","VIVI","Bombus_vosnesenskii",1,0,NA
2023,5,11,"4_05","4_18","1","Bertha","LUMI1","LUMI","Bombus_vosnesenskii",1,0,NA
2023,5,11,"4_05","4_18","1","Bertha","LUMI1","LUMI","Bombus_vosnesenskii",8,0,NA
2023,5,11,"4_05","4_18","1","Bertha","LUMI1","LUMI","Bombus_vosnesenskii",4,0,NA
2023,5,11,"4_19","4_37","2","Bertha","V1","VIVI","Bombus_vosnesenskii",2,0,NA
2023,5,11,"4_38","4_58","3","Bertha","V2","VIVI","Bombus_vosnesenskii",1,0,NA
2023,5,11,"4_38","4_58","3","Bertha","V2","VIVI","Bombus_vosnesenskii",1,0,NA
2023,5,11,"4_38","4_58","3","Bertha","V2","VIVI","Bombus_vosnesenskii",7,0,NA
2023,5,11,"5_13","5_26","5","Bertha","LUMI3","LUMI","Bombus_vosnesenskii",3,1,NA
2023,5,11,"5_13","5_26","5","Bertha","LUMI3","LUMI","Bombus_vosnesenskii",2,5,NA
2023,5,11,"5_13","5_26","5","Bertha","LUMI3","LUMI","Bombus_vosnesenskii",1,0,NA
2023,5,12,"10_14","10_27","5","Quarry_1","V1","VIVI","Bombus_vosnesenskii",2,0,NA
2023,5,12,"10_59","11_20","1","Owl_Seep","V3","VIVI","Bombus_vosnesenskii",3,0,NA
2023,5,12,"10_59","11_20","1","Owl_Seep","V3","VIVI","Bombus_vosnesenskii",7,0,NA
2023,5,12,"10_59","11_20","1","Owl_Seep","PH1","PHTA","Bombus_vosnesenskii",2,10,NA
2023,5,12,"10_59","11_20","1","Owl_Seep","PH1","PHTA","Bombus_vosnesenskii",4,10,NA
2023,5,12,"11_21","11_32","2","Owl_Seep","","ERGU","Bombus_vosnesenskii",3,5,NA
2023,5,12,"11_33","11_41","3","Owl_Seep","","ERGU","Bombus_vosnesenskii",8,10,NA
2023,5,12,"11_42","11_49","4","Owl_Seep","","ERGU","Bombus_vosnesenskii",4,10,NA
2023,5,12,"11_50","11_58","5","Owl_Seep","PH11","PHTA","Bombus_vosnesenskii",2,20,NA
2023,5,12,"4_19","4_29","5","Pond","V3","VIVI","Bombus_vosnesenskii",2,0,NA
2023,5,13,"10_39","10_44","2","Upper_Grid_2","V3","VIVI","Bombus_vosnesenskii",5,0,NA
2023,5,14,"10_45","11_01","1","Bertha","V1","VIVI","Bombus_vosnesenskii",2,0,NA
2023,5,14,"10_45","11_01","1","Bertha","V1","VIVI","Bombus_vosnesenskii",2,0,NA
2023,5,14,"11_43","11_59","4","Bertha","V2","VIVI","Bombus_vosnesenskii",3,0,NA
2023,5,14,"11_43","11_59","4","Bertha","V2","VIVI","Bombus_vosnesenskii",1,0,NA
2023,5,14,"12_41","12_46","3","Pond","V1","VIVI","Bombus_vosnesenskii",3,0,NA
2023,5,16,"10_27","10_44","3","Quarry_1","seep","ERGU","Bombus_vosnesenskii",3,100,NA
2023,5,20,"7_36","7_49","2","Goatgrass","","PHIM","Bombus_vosnesenskii",17,10,NA
2023,5,20,"8_53","9_04","4","Bertha","V2","VIVI","Bombus_vosnesenskii",3,0,NA
2023,5,25,"10_30","10_51","3","Quarry_1","seep","ERGU","Bombus_vosnesenskii",1,30,NA
2023,5,25,"10_30","10_51","3","Quarry_1","","TOVE","Bombus_vosnesenskii",2,30,NA
2023,5,25,"10_30","10_51","3","Quarry_1","","ALAM","Bombus_vosnesenskii",2,30,NA
2023,5,25,"10_52","11_06","4","Quarry_1","side seep","ERGU","Bombus_vosnesenskii",1,50,NA
2023,5,25,"10_52","11_06","4","Quarry_1","","ERGU","Bombus_vosnesenskii",7,70,NA
2023,5,14,"1_43","1_51","3","Goatgrass","","LOHO","Eristalis_hirta",2,0,NA
2023,5,14,"11_02","11_21","2","Bertha","","THCA","Autographa_californica",1,50,NA
2023,5,14,"12_00","12_11","5","Bertha","","TRLA","Autographa_californica",1,40,NA
2023,4,27,"10_55","12_00","2","Lower_Grid_1","GB2","THCA","Autographa_californica",1,200,NA
2023,4,20,"11_50","2_12","4","Upper_Grid_1","","LACA","Junonia_grisea",1,25,NA
2023,5,7,"11_08","11_24","4","Bertha","","LACA","Junonia_grisea",1,20,NA
2023,5,7,"11_08","11_24","4","Bertha","","LACA","Junonia_grisea",1,300,NA
2023,5,7,"2_10","2_31","1","Owl_Seep","PH1","PHTA","Junonia_grisea",1,10,NA
2023,5,11,"4_19","4_37","2","Bertha","","LACA","Junonia_grisea",1,100,NA
2023,5,17,"12_32","12_41","1","Bertha","","TRHI","Junonia_grisea",1,0,NA
2023,5,17,"12_32","12_41","1","Bertha","","TRHI","Junonia_grisea",2,0,NA
2023,5,8,"1_46","1_57","1","Upper_Seep","","CHGL","Acmaeodera_sp.",1,50,NA
2023,5,9,"1_02","1_08","1","Lower_Grid_1","","RACA","Acmaeodera_sp.",1,100,NA
2023,5,9,"1_02","1_08","1","Lower_Grid_1","","RACA","Acmaeodera_sp.",1,100,NA
2023,5,9,"1_02","1_08","1","Lower_Grid_1","","RACA","Acmaeodera_sp.",1,100,NA
2023,5,9,"1_02","1_08","1","Lower_Grid_1","","RACA","Acmaeodera_sp.",1,100,NA
2023,5,9,"1_02","1_08","1","Lower_Grid_1","","RACA","Acmaeodera_sp.",1,100,NA
2023,5,9,"1_02","1_08","1","Lower_Grid_1","","RACA","Acmaeodera_sp.",1,100,NA
2023,5,9,"1_02","1_08","1","Lower_Grid_1","","RACA","Acmaeodera_sp.",1,150,NA
2023,5,9,"1_24","1_32","3","Lower_Grid_1","","RACA","Acmaeodera_sp.",1,10,NA
2023,5,9,"1_24","1_32","3","Lower_Grid_1","","RACA","Acmaeodera_sp.",1,10,NA
2023,5,9,"1_24","1_32","3","Lower_Grid_1","","RACA","Acmaeodera_sp.",1,10,NA
2023,5,9,"1_24","1_32","3","Lower_Grid_1","","RACA","Acmaeodera_sp.",1,10,NA
2023,5,9,"1_34","1_44","4","Lower_Grid_1","","RACA","Acmaeodera_sp.",1,10,NA
2023,5,9,"1_34","1_44","4","Lower_Grid_1","","RACA","Acmaeodera_sp.",1,10,NA
2023,5,9,"1_34","1_44","4","Lower_Grid_1","","RACA","Acmaeodera_sp.",1,10,NA
2023,5,9,"1_34","1_44","4","Lower_Grid_1","","RACA","Acmaeodera_sp.",1,5,NA
2023,5,9,"1_34","1_44","4","Lower_Grid_1","","RACA","Acmaeodera_sp.",1,0,NA
2023,5,9,"1_45","1_56","5","Lower_Grid_1","","RACA","Acmaeodera_sp.",1,1,NA
2023,5,10,"9_12","9_32","1","Upper_Seep","","CHGL","Acmaeodera_sp.",1,20,NA
2023,5,10,"12_35","12_43","3","Lower_Grid_1","","RACA","Acmaeodera_sp.",1,10,NA
2023,5,10,"12_44","12_54","4","Lower_Grid_1","","RACA","Acmaeodera_sp.",1,6,NA
2023,5,10,"12_44","12_54","4","Lower_Grid_1","","RACA","Acmaeodera_sp.",1,6,NA
2023,5,10,"12_44","12_54","4","Lower_Grid_1","","RACA","Acmaeodera_sp.",1,6,NA
2023,5,10,"12_44","12_54","4","Lower_Grid_1","","RACA","Acmaeodera_sp.",1,6,NA
2023,5,10,"12_44","12_54","4","Lower_Grid_1","","RACA","Acmaeodera_sp.",1,6,NA
2023,5,10,"12_44","12_54","4","Lower_Grid_1","","RACA","Acmaeodera_sp.",1,6,NA
2023,5,10,"12_44","12_54","4","Lower_Grid_1","","RACA","Acmaeodera_sp.",1,6,NA
2023,5,10,"12_44","12_54","4","Lower_Grid_1","","RACA","Acmaeodera_sp.",1,6,NA
2023,5,10,"12_44","12_54","4","Lower_Grid_1","","RACA","Acmaeodera_sp.",1,5,NA
2023,5,10,"12_44","12_54","4","Lower_Grid_1","","RACA","Acmaeodera_sp.",1,0,NA
2023,5,10,"12_44","12_54","4","Lower_Grid_1","","RACA","Acmaeodera_sp.",1,0,NA
2023,5,10,"12_55","1_06","5","Lower_Grid_1","","RACA","Acmaeodera_sp.",1,1,NA
2023,5,10,"12_55","1_06","5","Lower_Grid_1","","RACA","Acmaeodera_sp.",1,1,NA
2023,5,11,"1_02","1_17","1","Goatgrass","","LACA","Acmaeodera_sp.",1,10,NA
2023,5,12,"8_49","8_58","3","Quarry_2","","Sidalcea_sp.","Acmaeodera_sp.",1,40,NA
2023,5,12,"9_08","9_21","5","Quarry_2","","AGHE","Acmaeodera_sp.",1,100,NA
2023,5,13,"9_01","9_07","1","","","RACA","Acmaeodera_sp.",1,20,NA
2023,5,13,"9_45","9_52","4","Lower_Grid_1","","RACA","Acmaeodera_sp.",1,6,NA
2023,5,13,"9_45","9_52","4","Lower_Grid_1","","RACA","Acmaeodera_sp.",1,1,NA
2023,5,13,"9_45","9_52","4","Lower_Grid_1","","RACA","Acmaeodera_sp.",1,1,NA
2023,5,13,"9_45","9_52","4","Lower_Grid_1","","RACA","Acmaeodera_sp.",1,1,NA
2023,5,13,"9_45","9_52","4","Lower_Grid_1","","RACA","Acmaeodera_sp.",1,0,NA
2023,5,13,"9_45","9_52","4","Lower_Grid_1","","RACA","Acmaeodera_sp.",1,0,NA
2023,5,13,"9_53","10_01","5","Lower_Grid_1","","ERGU","Acmaeodera_sp.",1,0,NA
2023,5,14,"10_45","11_01","1","Bertha","","LACH","Acmaeodera_sp.",1,0,NA
2023,5,14,"10_45","11_01","1","Bertha","","LACH","Acmaeodera_sp.",1,0,NA
2023,5,14,"10_45","11_01","1","Bertha","","LACH","Acmaeodera_sp.",1,0,NA
2023,4,27,"10_55","12_00","1","Lower_Grid_1","","RACA","Acmaeodera_sp.",2,300,NA
2023,4,27,"10_55","12_00","1","Lower_Grid_1","","RACA","Acmaeodera_sp.",1,300,NA
2023,4,27,"10_55","12_00","1","Lower_Grid_1","","RACA","Acmaeodera_sp.",1,300,NA
2023,4,27,"10_55","12_00","2","Lower_Grid_1","","RACA","Acmaeodera_sp.",1,250,NA
2023,4,27,"10_55","12_00","2","Lower_Grid_1","","RACA","Acmaeodera_sp.",1,250,NA
2023,4,27,"10_55","12_00","2","Lower_Grid_1","","RACA","Acmaeodera_sp.",1,250,NA
2023,4,27,"10_55","12_00","2","Lower_Grid_1","","RACA","Acmaeodera_sp.",1,250,NA
2023,4,27,"10_55","12_00","2","Lower_Grid_1","","RACA","Acmaeodera_sp.",1,250,NA
2023,4,27,"10_55","12_00","2","Lower_Grid_1","","RACA","Acmaeodera_sp.",1,250,NA
2023,4,27,"10_55","12_00","3","Lower_Grid_1","","RACA","Acmaeodera_sp.",1,5,NA
2023,4,27,"10_55","12_00","3","Lower_Grid_1","","RACA","Acmaeodera_sp.",1,5,NA
2023,4,27,"10_55","12_00","3","Lower_Grid_1","","RACA","Acmaeodera_sp.",1,5,NA
2023,4,27,"10_55","12_00","3","Lower_Grid_1","","RACA","Acmaeodera_sp.",1,5,NA
2023,4,27,"10_55","12_00","3","Lower_Grid_1","","RACA","Acmaeodera_sp.",1,5,NA
2023,4,27,"10_55","12_00","4","Lower_Grid_1","V1","RACA","Acmaeodera_sp.",1,NA,NA
2023,5,20,"7_50","8_00","3","Goatgrass","","AGHE","Acmaeodera_sp.",1,0,NA
2023,5,20,"7_50","8_00","3","Goatgrass","","MICA","Acmaeodera_sp.",1,0,NA
2023,5,20,"8_02","8_14","4","Goatgrass","","AGHE","Acmaeodera_sp.",1,0,NA
2023,5,20,"8_02","8_14","4","Goatgrass","","AGHE","Acmaeodera_sp.",1,0,NA
2023,5,20,"8_02","8_14","4","Goatgrass","","AGHE","Acmaeodera_sp.",1,0,NA
2023,5,20,"9_31","9_38","1","Bertha","","AGHE","Acmaeodera_sp.",1,0,NA
2023,5,20,"9_31","9_38","1","Bertha","","AGHE","Acmaeodera_sp.",1,0,NA
2023,5,20,"9_31","9_38","1","Bertha","","AGHE","Acmaeodera_sp.",1,0,NA
2023,5,21,"8_22","8_36","5","Quarry_1","","SOAP","Acmaeodera_sp.",1,0,NA
2023,5,21,"8_22","8_36","5","Quarry_1","","RHAR","Acmaeodera_sp.",1,1,NA
2023,5,21,"7_57","8_21","4","Quarry_1","","ERLA","Acmaeodera_sp.",1,50,NA
2023,5,7,"4_08","4_16","1","Quarry_2","","ESCA","Trichodes_ornatus",1,0,NA
2023,5,8,"11_04","11_20","5","Owl_Seep","","CALU","Trichodes_ornatus",1,20,NA
2023,5,25,"10_30","10_51","3","Quarry_1","","ALAM","Trichodes_ornatus",1,50,NA
2023,5,5,"11_44","11_49","2","Quarry_2","V12","ANFI","Euopeodes_fumipennis",1,0,NA
2023,5,7,"9_49","10_04","4","Pond","","LAMI","Sphaerophoria_sp.",1,2,NA
2023,5,7,"9_49","10_04","4","Pond","V3","LACA","Sphaerophoria_sp.",4,1,NA
2023,5,7,"1_05","1_17","3","Goatgrass","","PLER","Sphaerophoria_sp.",1,10,NA
2023,5,9,"8_43","8_57","2","Bertha","","LACA","Sphaerophoria_sp.",1,50,NA
2023,5,9,"8_43","8_57","2","Bertha","","AGHE","Sphaerophoria_sp.",1,0,NA
2023,5,9,"9_17","9_36","4","Bertha","","LACA","Sphaerophoria_sp.",1,50,NA
2023,5,9,"3_20","3_31","4","Owl_Seep","","ERGU","Sphaerophoria_sp.",2,10,NA
2023,5,17,"8_59","9_26","4","Quarry_1","","CRHI","Sphaerophoria_sp.",2,40,NA
2023,5,16,"7_31","7_54","3","Quarry_2","","AGHE","Euopeodes_fumipennis",1,75,NA
2023,4,24,"2_34","2_54","Focal_Obs","Upper_Grid_2","5M focal","LUSU","Anthrenus_sp.",1,5,NA
2023,5,25,"10_30","10_51","3","Quarry_1","","TOVE","Euphydryas_chalcedona",1,50,NA
2023,5,16,"9_42","10_22","4","Quarry_1","","ERGU","Euphydryas_chalcedona",1,10,NA
2023,5,25,"10_30","10_51","3","Quarry_1","seep","ERGU","Euphydryas_chalcedona",1,100,NA
2023,5,25,"10_30","10_51","3","Quarry_1","","TOVE","Euphydryas_chalcedona",1,100,NA
2023,5,25,"10_52","11_06","4","Quarry_1","","CARU","Euphydryas_chalcedona",1,50,NA
2023,4,27,"10_55","12_00","1","Lower_Grid_1","","RACA","Elateridae",1,300,NA
2023,4,27,"10_55","12_00","1","Lower_Grid_1","","RACA","Elateridae",1,300,NA
2023,4,27,"10_55","12_00","1","Lower_Grid_1","","RACA","Elateridae",1,300,NA
2023,4,27,"10_55","12_00","3","Lower_Grid_1","","RACA","Elateridae",1,5,NA
2023,5,7,"10_28","10_46","2","Bertha","","AGHE","Elateridae",1,5,NA
2023,5,7,"11_26","11_46","5","Bertha","","LACA","Elateridae",1,80,NA
2023,5,7,"11_26","11_46","5","Bertha","","LACA","Elateridae",1,80,NA
2023,5,7,"11_26","11_46","5","Bertha","","LACA","Elateridae",1,80,NA
2023,5,9,"8_58","9_16","3","Bertha","","LACA","Elateridae",1,5,NA
2023,5,9,"1_09","1_23","2","Lower_Grid_1","GB3","THCA","Elateridae",1,100,NA
2023,5,11,"5_13","5_26","5","Bertha","","LACA","Elateridae",1,100,NA
2023,4,24,"10_01","12_45","2","Upper_Grid_1","","Asteraceae_sp.","Elateridae",1,0,NA
2023,4,24,"10_01","12_45","2","Upper_Grid_1","","LACA","Elateridae",1,10,NA
2023,4,24,"10_01","12_45","2","Upper_Grid_1","","LACA","Elateridae",1,10,NA
2023,4,24,"10_01","12_45","2","Upper_Grid_1","","LACA","Elateridae",1,10,NA
2023,4,24,"10_01","12_45","2","Upper_Grid_1","","LACA","Elateridae",1,10,NA
2023,4,24,"10_01","12_45","2","Upper_Grid_1","","LACA","Elateridae",1,0,NA
2023,4,24,"10_01","12_45","3","Upper_Grid_1","","LACA","Elateridae",1,30,NA
2023,4,24,"10_01","12_45","3","Upper_Grid_1","","LACA","Elateridae",1,20,NA
2023,4,24,"10_01","12_45","3","Upper_Grid_1","","LACA","Elateridae",1,20,NA
2023,4,24,"10_01","12_45","4","Upper_Grid_1","","LACA","Elateridae",1,30,NA
2023,4,24,"10_01","12_45","4","Upper_Grid_1","","LACA","Elateridae",1,20,NA
2023,4,24,"10_01","12_45","5","Upper_Grid_1","","LACA","Elateridae",1,10,NA
2023,4,24,"1_19","2_09","5","Upper_Grid_2","TRFU2","TRFU","Elateridae",1,10,NA
2023,4,24,"3_24","4_04","4","Rock","","LACA","Elateridae",1,20,NA
2023,4,24,"3_24","4_04","5","Rock","TRFU1","TRFU","Elateridae",1,50,NA
2023,5,12,"9_08","9_21","5","Quarry_2","","AGHE","Elateridae",1,100,NA
2023,5,14,"1_33","1_42","2","Goatgrass","","WYAU","Elateridae",1,5,NA
2023,4,20,"2_26","3_11","3","Upper_Seep","","CRHI","Conophorus_fenestratus",1,5,NA
2023,4,22,"2_36","4_38","1","Owl_Seep","","CRHI","Conophorus_fenestratus",3,3,NA
2023,4,22,"2_36","4_38","4","Owl_Seep","","CRHI","Conophorus_fenestratus",4,20,NA
2023,4,22,"2_36","4_38","5","Owl_Seep","","CRHI","Conophorus_fenestratus",1,10,NA
2023,4,23,"2_19","3_35","1","Owl_Seep","","CRHI","Conophorus_fenestratus",6,3,NA
2023,4,23,"2_19","3_35","3","Owl_Seep","","CRHI","Conophorus_fenestratus",1,3,NA
2023,4,23,"2_19","3_35","5","Owl_Seep","","CRHI","Conophorus_fenestratus",1,10,NA
2023,4,23,"2_19","3_35","5","Owl_Seep","","CRHI","Conophorus_fenestratus",1,15,NA
2023,4,26,"8_54","11_57","2","Owl_Seep","","CRHI","Conophorus_fenestratus",2,10,NA
2023,4,26,"8_54","11_57","2","Owl_Seep","","CRHI","Conophorus_fenestratus",1,10,NA
2023,4,26,"8_54","11_57","2","Owl_Seep","","CRHI","Conophorus_fenestratus",1,10,NA
2023,4,26,"8_54","11_57","2","Owl_Seep","","CRHI","Conophorus_fenestratus",2,5,NA
2023,4,26,"8_54","11_57","2","Owl_Seep","","CRHI","Conophorus_fenestratus",3,5,NA
2023,4,26,"8_54","11_57","2","Owl_Seep","","CRHI","Conophorus_fenestratus",1,5,NA
2023,4,28,"9_38","10_49","3","Quarry_2","","CRHI","Conophorus_fenestratus",1,100,NA
2023,4,28,"9_38","10_49","3","Quarry_2","","CRHI","Conophorus_fenestratus",1,100,NA
2023,4,28,"9_38","10_49","4","Quarry_2","","CRHI","Conophorus_fenestratus",1,150,NA
2023,4,28,"9_38","10_49","5","Quarry_2","","CRHI","Conophorus_fenestratus",3,200,NA
2023,4,28,"9_38","10_49","5","Quarry_2","","CRHI","Conophorus_fenestratus",3,200,NA
2023,4,28,"9_38","10_49","5","Quarry_2","","CRHI","Conophorus_fenestratus",3,200,NA
2023,4,28,"9_38","10_49","5","Quarry_2","","CRHI","Conophorus_fenestratus",3,200,NA
2023,4,28,"9_38","10_49","5","Quarry_2","","CRHI","Conophorus_fenestratus",3,200,NA
2023,4,28,"9_38","10_49","5","Quarry_2","","CRHI","Conophorus_fenestratus",3,200,NA
2023,4,28,"9_38","10_49","5","Quarry_2","","CRHI","Conophorus_fenestratus",1,200,NA
2023,5,5,"11_56","12_04","4","Quarry_2","","CRHI","Conophorus_fenestratus",1,50,NA
2023,5,7,"4_28","4_31","4","Quarry_2","","CRHI","Conophorus_fenestratus",1,60,NA
2023,5,12,"8_59","9_07","4","Quarry_2","","CRHI","Conophorus_fenestratus",1,50,NA
2023,5,12,"8_59","9_07","4","Quarry_2","","CRHI","Conophorus_fenestratus",1,60,NA
2023,5,12,"10_14","10_27","5","Quarry_1","","CRHI","Conophorus_fenestratus",1,50,NA
2023,5,12,"10_14","10_27","5","Quarry_1","","CRHI","Conophorus_fenestratus",1,10,NA
2023,5,14,"3_31","3_41","3","Quarry_2","","CRHI","Conophorus_fenestratus",1,50,NA
2023,5,16,"9_42","10_22","4","Quarry_1","","CRHI","Conophorus_fenestratus",1,30,NA
2023,5,17,"8_59","9_26","4","Quarry_1","bottom of seep","ERGU","Conophorus_fenestratus",1,50,NA
2023,5,17,"8_59","9_26","4","Quarry_1","bottom of seep","CRHI","Conophorus_fenestratus",2,50,NA
2023,5,19,"8_54","9_14","focal_obs","Quarry_1","","MIDO","Conophorus_fenestratus",1,50,NA
2023,5,19,"8_54","9_14","focal_obs","Quarry_1","","MIDO","Conophorus_fenestratus",1,50,NA
2023,5,23,"12_41","1_01","focal_obs","Quarry_1","","VIVI","Conophorus_fenestratus",1,0,NA
2023,5,10,"3_05","3_17","4","Owl_Seep","V4","VIVI","Colias_eurytheme",1,0,NA
2023,5,20,"12_20","12_40","focal_obs","Quarry_1","","VIVI","Colias_eurytheme",1,0,NA
2023,5,25,"9_24","9_44","focal_obs","Quarry_1","","VIVI","Colias_eurytheme",1,0,NA
2023,5,27,"3_31","3_51","focal_obs","Quarry_1","","ESCA","Colias_eurytheme",1,5,NA
2023,5,19,"8_18","8_38","focal_obs","Quarry_1","","VIVI","Conophorus_fenestratus",1,0,NA
2023,5,8,"12_50","12_59","2","Upper_Grid_2","V3","VIVI","Hippodamia_convergens",1,0,NA
2023,5,8,"12_50","12_59","2","Upper_Grid_2","V3","VIVI","Hippodamia_convergens",1,0,NA
2023,5,8,"12_50","12_59","2","Upper_Grid_2","V3","VIVI","Hippodamia_convergens",1,0,NA
2023,5,9,"3_20","3_31","4","Owl_Seep","V4","VIVI","Hippodamia_convergens",1,0,NA
2023,5,10,"9_33","9_41","2","Upper_Seep","V2","VIVI","Hippodamia_convergens",1,0,NA
2023,5,10,"9_42","9_49","3","Upper_Seep","V3","VIVI","Hippodamia_convergens",1,0,NA
2023,5,13,"10_50","10_55","4","Upper_Grid_2","V1","VIVI","Hippodamia_convergens",1,0,NA
2023,5,17,"8_59","9_26","4","Quarry_1","","ERGU","Hippodamia_convergens",1,50,NA
2023,5,20,"12_20","12_40","focal_obs","Quarry_1","","VIVI","Hippodamia_convergens",1,0,NA
2023,5,21,"9_48","10_08","focal_obs","Quarry_1","","VIVI","Hippodamia_convergens",2,0,NA
2023,5,12,"4_19","4_29","5","Pond","","ALAM","Erynnis_sp.",1,0,NA
2023,4,20,"11_50","2_12","3","Upper_Grid_1","","LACA","Coenonympha_californica",1,6,NA
2023,4,20,"11_50","2_12","5","Upper_Grid_1","","LACA","Coenonympha_californica",1,10,NA
2023,4,26,"8_54","11_57","4","Owl_Seep","ERGU7","ERGU","Coenonympha_californica",1,10,NA
2023,4,26,"12_44","1_20","2","Rock","V2","VIVI","Coenonympha_californica",1,0,NA
2023,4,27,"10_55","12_00","1","Lower_Grid_1","","RACA","Coenonympha_californica",2,300,NA
2023,5,9,"10_15","10_29","1","Pond","GB1","THCA","Coenonympha_californica",1,5,NA
2023,5,10,"12_22","12_34","2","Lower_Grid_1","","TRLA","Coenonympha_californica",1,100,NA
2023,5,10,"12_44","12_54","4","Lower_Grid_1","LUMI1","LUMI","Coenonympha_californica",1,1,NA
2023,5,11,"4_05","4_18","1","Bertha","LUMI1","LUMI","Coenonympha_californica",1,0,NA
2023,5,12,"10_14","10_27","5","Quarry_1","","CRHI","Coenonympha_californica",1,50,NA
2023,5,14,"12_47","12_57","4","Pond","","ALAM","Coenonympha_californica",2,1,NA
2023,5,14,"3_31","3_41","3","Quarry_2","","CRHI","Coenonympha_californica",2,60,NA
2023,5,16,"9_42","10_22","4","Quarry_1","","CRHI","Coenonympha_californica",1,20,NA
2023,5,16,"9_42","10_22","4","Quarry_1","","CRHI","Coenonympha_californica",1,40,NA
2023,5,16,"9_42","10_22","4","Quarry_1","","CRHI","Coenonympha_californica",1,40,NA
2023,5,16,"9_42","10_22","4","Quarry_1","","CRHI","Coenonympha_californica",1,10,NA
2023,5,16,"10_27","10_44","3","Quarry_1","seep","ERGU","Coenonympha_californica",1,100,NA
2023,5,20,"12_20","12_40","focal_obs","Quarry_1","","VIVI","Coenonympha_californica",1,0,NA
2023,5,16,"9_42","10_22","4","Quarry_1","","ERGU","Phychoides_mytilla",1,10,NA
2023,5,16,"10_27","10_44","3","Quarry_1","seep","ALAM","Diabrotica_undecimpunctata",1,100,NA
2023,5,20,"7_50","8_00","3","Goatgrass","","WYAN","Diabrotica_undecimpunctata",1,0,NA
2023,4,24,"10_01","12_45","4","Upper_Grid_1","","LACA","Panurginus_sp.",1,20,NA
2023,4,24,"10_01","12_45","5","Upper_Grid_1","","LACA","Panurginus_sp.",1,50,NA
2023,4,24,"10_01","12_45","5","Upper_Grid_1","","LACA","Panurginus_sp.",1,50,NA
2023,4,24,"10_01","12_45","4","Upper_Grid_1","","LACA","Panurginus_sp.",1,20,NA
2023,4,20,"11_50","2_12","4","Upper_Grid_1","","LACA","Panurginus_sp.",1,15,NA
2023,4,20,"11_50","2_12","4","Upper_Grid_1","","LACA","Panurginus_sp.",1,15,NA
2023,4,26,"8_54","11_57","5","Owl_Seep","PH10","PHTA","Panurginus_sp.",1,20,NA
2023,4,26,"8_54","11_57","5","Owl_Seep","PH10","PHTA","Panurginus_sp.",1,20,NA
2023,4,26,"8_54","11_57","5","Owl_Seep","PH10","PHTA","Panurginus_sp.",2,20,NA
2023,5,9,"1_34","1_44","4","Lower_Grid_1","","RACA","Panurginus_sp.",1,1,NA
2023,4,20,"11_50","2_12","1","Upper_Grid_1","","GITR","Duforea sp.",2,10,NA
2023,4,20,"11_50","2_12","1","Upper_Grid_1","","GITR","Panurginus_sp.",2,5,NA
2023,4,20,"11_50","2_12","3","Upper_Grid_1","","LACA","Panurginus_sp.",1,6,NA
2023,4,20,"11_50","2_12","4","Upper_Grid_1","","LACA","Panurginus_sp.",1,20,NA
2023,4,22,"2_36","4_38","3","Owl_Seep","PH5","PHTA","Panurginus_sp.",1,20,NA
2023,4,23,"2_19","3_35","5","Owl_Seep","","CRHI","Panurginus_sp.",1,10,NA
2023,4,24,"10_01","12_45","1","Upper_Grid_1","","GITR","Panurginus_sp.",2,0,NA
2023,4,24,"10_01","12_45","1","Upper_Grid_1","","GITR","Panurginus_sp.",2,1,NA
2023,4,24,"10_01","12_45","2","Upper_Grid_1","","GITR","Panurginus_sp.",2,10,NA
2023,4,26,"8_54","11_57","1","Owl_Seep","not in marked patch","PHTA","Panurginus_sp.",1,0,NA
2023,4,26,"8_54","11_57","2","Owl_Seep","PH1","PHTA","Panurginus_sp.",1,10,NA
2023,4,26,"8_54","11_57","3","Owl_Seep","PH5","PHTA","Panurginus_sp.",1,20,NA
2023,4,26,"8_54","11_57","3","Owl_Seep","PH5","PHTA","Panurginus_sp.",1,20,NA
2023,4,26,"8_54","11_57","3","Owl_Seep","PH5","PHTA","Panurginus_sp.",1,20,NA
2023,4,26,"8_54","11_57","3","Owl_Seep","PH5","PHTA","Panurginus_sp.",1,20,NA
2023,4,26,"8_54","11_57","3","Owl_Seep","PH5","PHTA","Panurginus_sp.",1,20,NA
2023,4,26,"8_54","11_57","3","Owl_Seep","PH5","PHTA","Panurginus_sp.",1,20,NA
2023,4,26,"8_54","11_57","3","Owl_Seep","PH5","PHTA","Panurginus_sp.",1,20,NA
2023,4,26,"8_54","11_57","4","Owl_Seep","PH7","PHTA","Panurginus_sp.",1,5,NA
2023,4,26,"8_54","11_57","4","Owl_Seep","PH7","PHTA","Panurginus_sp.",1,5,NA
2023,4,26,"8_54","11_57","4","Owl_Seep","PH7","PHTA","Panurginus_sp.",1,5,NA
2023,4,26,"8_54","11_57","4","Owl_Seep","PH7","PHTA","Panurginus_sp.",1,5,NA
2023,4,26,"8_54","11_57","5","Owl_Seep","PH9","PHTA","Panurginus_sp.",1,10,NA
2023,4,26,"8_54","11_57","5","Owl_Seep","PH11","PHTA","Panurginus_sp.",1,20,NA
2023,4,26,"8_54","11_57","5","Owl_Seep","PH12","PHTA","Panurginus_sp.",1,30,NA
2023,4,26,"8_54","11_57","5","Owl_Seep","PH12","PHTA","Panurginus_sp.",1,30,NA
2023,4,27,"10_55","12_00","3","Lower_Grid_1","","COSP","Panurginus_sp.",3,5,NA
2023,4,28,"9_38","10_49","2","Quarry_2","LUAL1","LUAL","Panurginus_sp.",1,10,NA
2023,4,28,"9_38","10_49","2","Quarry_2","LUAL1","LUAL","Panurginus_sp.",1,10,NA
2023,4,28,"9_38","10_49","2","Quarry_2","LUAL1","LUAL","Panurginus_sp.",1,15,NA
2023,4,26,"8_54","11_57","2","Owl_Seep","PH1","PHTA","Malachius_sp.",1,10,NA
2023,4,26,"8_54","11_57","3","Owl_Seep","PH4","PHTA","Malachius_sp.",1,10,NA
2023,4,26,"8_54","11_57","3","Owl_Seep","PH4","PHTA","Malachius_sp.",2,10,NA
2023,4,26,"8_54","11_57","4","Owl_Seep","PH7","PHTA","Malachius_sp.",2,10,NA
2023,4,26,"8_54","11_57","4","Owl_Seep","PH7","PHTA","Malachius_sp.",1,10,NA
2023,4,26,"8_54","11_57","5","Owl_Seep","PH11","PHTA","Malachius_sp.",1,20,NA
2023,4,26,"8_54","11_57","5","Owl_Seep","PH11","PHTA","Malachius_sp.",1,20,NA
2023,4,24,"10_01","12_45","5","Upper_Grid_1","","LACA","Panurginus_sp.",1,50,NA
2023,4,24,"10_01","12_45","5","Upper_Grid_1","","LACA","Panurginus_sp.",1,50,NA
2023,5,21,"7_43","7_56","3","Quarry_1","","DEUL","Euopeodes_fumipennis",1,100,NA
2023,5,21,"7_25","7_42","2","Quarry_1","","Sidalcea_sp.","Diadasia_bituberculata",1,35,NA
2023,5,25,"10_21","10_30","2","Quarry_1","ERGU1","ERGU","Diadasia_bituberculata",1,20,NA
2023,5,25,"10_21","10_30","2","Quarry_1","ERGU2","ERGU","Diadasia_bituberculata",1,10,NA
2023,5,25,"10_30","10_51","3","Quarry_1","","ERGU","Diadasia_bituberculata",1,100,NA
2023,5,14,"12_47","12_57","4","Pond","","ALAM","Diadasia_bituberculata",2,1,NA
2023,4,27,"10_55","12_00","3","Lower_Grid_1","","VIVI","Diadasia_nigrifrons",1,0,NA
2023,5,14,"12_47","12_57","4","Pond","","ALAM","Diadasia_nigrifrons",1,6,NA
2023,5,16,"8_04","8_14","5","Quarry_2","","Sidalcea_sp.","Diadasia_nigrifrons",1,50,NA
2023,4,28,"11_06","11_49","1","Quarry_1","","DICA","Erynnis_propertius",1,50,NA
2023,5,16,"10_27","10_44","3","Quarry_1","seep","TOVE","Eristalis_hirta",1,100,NA
2023,5,17,"8_13","8_33","2","Quarry_1","","TOVE","Eristalis_hirta",1,20,NA
2023,5,17,"8_13","8_33","2","Quarry_1","","TOVE","Eristalis_hirta",1,20,NA
2023,5,17,"8_13","8_33","2","Quarry_1","","TOVE","Eristalis_hirta",1,20,NA
2023,5,17,"8_13","8_33","2","Quarry_1","","TOVE","Eristalis_hirta",1,20,NA
2023,5,17,"8_13","8_33","2","Quarry_1","","TOVE","Eristalis_hirta",1,10,NA
2023,5,17,"8_13","8_33","2","Quarry_1","","TOVE","Eristalis_hirta",1,10,NA
2023,5,17,"8_13","8_33","2","Quarry_1","","TOVE","Eristalis_hirta",1,10,NA
2023,5,17,"8_13","8_33","2","Quarry_1","","TOVE","Eristalis_hirta",1,10,NA
2023,5,17,"8_13","8_33","2","Quarry_1","","TOVE","Eristalis_hirta",3,5,NA
2023,5,17,"8_35","8_56","3","Quarry_1","","TOVE","Eristalis_hirta",1,10,NA
2023,5,17,"8_35","8_56","3","Quarry_1","","TOVE","Eristalis_hirta",1,60,NA
2023,5,17,"8_35","8_56","3","Quarry_1","","TOVE","Eristalis_hirta",1,60,NA
2023,5,17,"8_35","8_56","3","Quarry_1","","TOVE","Eristalis_hirta",4,100,NA
2023,5,17,"8_35","8_56","3","Quarry_1","","TOVE","Eristalis_hirta",1,100,NA
2023,5,21,"7_43","7_56","3","Quarry_1","ERGU_seep","ERGU","Eristalis_hirta",3,10,NA
2023,5,21,"7_43","7_56","3","Quarry_1","","TOVE","Eristalis_hirta",1,15,NA
2023,5,21,"7_43","7_56","3","Quarry_1","","ERGU","Eristalis_hirta",1,20,NA
2023,5,21,"7_43","7_56","3","Quarry_1","","TOVE","Eristalis_hirta",1,20,NA
2023,5,21,"7_43","7_56","3","Quarry_1","","ALAM","Eristalis_hirta",1,100,NA
2023,5,25,"10_30","10_51","3","Quarry_1","","TOVE","Eristalis_hirta",1,5,NA
2023,5,25,"10_30","10_51","3","Quarry_1","","TOVE","Eristalis_hirta",2,10,NA
2023,5,25,"10_30","10_51","3","Quarry_1","","TOVE","Eristalis_hirta",1,10,NA
2023,5,25,"10_30","10_51","3","Quarry_1","","TOVE","Eristalis_hirta",3,12,NA
2023,5,25,"10_30","10_51","3","Quarry_1","","ALAM","Eristalis_hirta",2,12,NA
2023,5,25,"10_30","10_51","3","Quarry_1","","ALAM","Eristalis_hirta",1,15,NA
2023,5,25,"10_30","10_51","3","Quarry_1","","ALAM","Eristalis_hirta",1,30,NA
2023,5,25,"10_30","10_51","3","Quarry_1","","ALAM","Eristalis_hirta",1,50,NA
2023,5,25,"10_30","10_51","3","Quarry_1","","TOVE","Eristalis_hirta",1,50,NA
2023,5,8,"1_46","1_57","1","Upper_Seep","","CHGL","Eristalis_hirta",1,50,NA
2023,5,9,"9_38","10_00","5","Bertha","","AGHE","Eristalis_hirta",1,0,NA
2023,5,12,"9_08","9_21","5","Quarry_2","","ERGU","Eristalis_hirta",1,100,NA
2023,5,12,"9_08","9_21","5","Quarry_2","","ERGU","Eristalis_hirta",1,100,NA
2023,5,12,"9_38","9_47","2","Quarry_1","","TOVE","Eristalis_hirta",1,50,NA
2023,5,14,"12_47","12_57","4","Pond","","ALAM","Eristalis_hirta",5,1,NA
2023,5,16,"10_27","10_44","3","Quarry_1","seep","ALAM","Eristalis_hirta",2,100,NA
2023,5,16,"10_27","10_44","3","Quarry_1","seep","ALAM","Eristalis_hirta",1,100,NA
2023,5,16,"10_27","10_44","3","Quarry_1","seep","TOVE","Eristalis_hirta",3,100,NA
2023,5,16,"10_27","10_44","3","Quarry_1","seep","ALAM","Eristalis_hirta",1,100,NA
2023,4,20,"11_50","2_12","1","Upper_Grid_1","","AMME","Eucera_actuosa",2,10,NA
2023,4,20,"11_50","2_12","1","Upper_Grid_1","","GITR","Eucera_actuosa",3,5,NA
2023,4,20,"11_50","2_12","1","Upper_Grid_1","","GITR","Eucera_actuosa",3,7,NA
2023,4,20,"11_50","2_12","3","Upper_Grid_1","","LACA","Eucera_actuosa",4,25,NA
2023,4,20,"11_50","2_12","3","Upper_Grid_1","","DICA","Eucera_actuosa",1,25,NA
2023,4,20,"11_50","2_12","4","Upper_Grid_1","","LACA","Eucera_actuosa",2,15,NA
2023,4,20,"11_50","2_12","5","Upper_Grid_1","","LACA","Eucera_actuosa",1,10,NA
2023,4,20,"11_50","2_12","5","Upper_Grid_1","","LACA","Eucera_actuosa",2,10,NA
2023,4,20,"11_50","2_12","5","Upper_Grid_1","","DEVA","Eucera_actuosa",1,10,NA
2023,4,20,"11_50","2_12","5","Upper_Grid_1","","GITR","Eucera_actuosa",2,5,NA
2023,4,20,"2_26","3_11","1","Upper_Seep","","GITR","Eucera_actuosa",3,30,NA
2023,4,20,"2_26","3_11","1","Upper_Seep","","GITR","Eucera_actuosa",2,30,NA
2023,4,20,"2_26","3_11","1","Upper_Seep","","GITR","Eucera_actuosa",2,30,NA
2023,4,20,"2_26","3_11","5","Upper_Seep","","VIVI","Eucera_actuosa",1,0,NA
2023,4,22,"2_36","4_38","1","Owl_Seep","PH1","PHTA","Eucera_actuosa",1,5,NA
2023,4,22,"2_36","4_38","2","Owl_Seep","PH4","PHTA","Eucera_actuosa",5,7,NA
2023,4,22,"2_36","4_38","2","Owl_Seep","PH4","PHTA","Eucera_actuosa",1,10,NA
2023,4,22,"2_36","4_38","3","Owl_Seep","PH5","PHTA","Eucera_actuosa",2,20,NA
2023,4,22,"2_36","4_38","3","Owl_Seep","PH5","PHTA","Eucera_actuosa",2,20,NA
2023,4,22,"2_36","4_38","3","Owl_Seep","PH5","PHTA","Eucera_actuosa",2,20,NA
2023,4,22,"2_36","4_38","3","Owl_Seep","PH5","PHTA","Eucera_actuosa",2,20,NA
2023,4,22,"2_36","4_38","3","Owl_Seep","PH5","PHTA","Eucera_actuosa",1,20,NA
2023,4,22,"2_36","4_38","3","Owl_Seep","PH5","PHTA","Eucera_actuosa",2,20,NA
2023,4,22,"2_36","4_38","3","Owl_Seep","PH5","PHTA","Eucera_actuosa",2,20,NA
2023,4,22,"2_36","4_38","3","Owl_Seep","PH5","PHTA","Eucera_actuosa",1,20,NA
2023,4,22,"2_36","4_38","3","Owl_Seep","PH5","PHTA","Eucera_actuosa",1,20,NA
2023,4,22,"2_36","4_38","3","Owl_Seep","PH6","PHTA","Eucera_actuosa",1,5,NA
2023,4,22,"2_36","4_38","3","Owl_Seep","PH6","PHTA","Eucera_actuosa",1,5,NA
2023,4,22,"2_36","4_38","3","Owl_Seep","PH6","PHTA","Eucera_actuosa",1,3,NA
2023,4,22,"2_36","4_38","4","Owl_Seep","","AMME","Eucera_actuosa",1,20,NA
2023,4,22,"2_36","4_38","4","Owl_Seep","PH7","PHTA","Eucera_actuosa",1,30,NA
2023,4,22,"2_36","4_38","4","Owl_Seep","PH7","PHTA","Eucera_actuosa",1,30,NA
2023,4,22,"2_36","4_38","4","Owl_Seep","PH7","PHTA","Eucera_actuosa",1,30,NA
2023,4,22,"2_36","4_38","4","Owl_Seep","PH7","PHTA","Eucera_actuosa",1,30,NA
2023,4,22,"2_36","4_38","4","Owl_Seep","PH7","PHTA","Eucera_actuosa",1,30,NA
2023,4,22,"2_36","4_38","4","Owl_Seep","PH7","PHTA","Eucera_actuosa",1,30,NA
2023,4,22,"2_36","4_38","4","Owl_Seep","PH7","PHTA","Eucera_actuosa",1,30,NA
2023,4,22,"2_36","4_38","4","Owl_Seep","PH7","PHTA","Eucera_actuosa",1,30,NA
2023,4,22,"2_36","4_38","4","Owl_Seep","PH7","PHTA","Eucera_actuosa",1,30,NA
2023,4,22,"2_36","4_38","4","Owl_Seep","PH7","PHTA","Eucera_actuosa",1,30,NA
2023,4,22,"2_36","4_38","4","Owl_Seep","PH7","PHTA","Eucera_actuosa",1,30,NA
2023,4,22,"2_36","4_38","4","Owl_Seep","PH7","PHTA","Eucera_actuosa",1,30,NA
2023,4,22,"2_36","4_38","4","Owl_Seep","PH7","PHTA","Eucera_actuosa",1,20,NA
2023,4,22,"2_36","4_38","4","Owl_Seep","PH7","PHTA","Eucera_actuosa",1,20,NA
2023,4,22,"2_36","4_38","4","Owl_Seep","PH7","PHTA","Eucera_actuosa",1,20,NA
2023,4,22,"2_36","4_38","4","Owl_Seep","PH7","PHTA","Eucera_actuosa",1,20,NA
2023,4,22,"2_36","4_38","4","Owl_Seep","PH7","PHTA","Eucera_actuosa",1,20,NA
2023,4,22,"2_36","4_38","5","Owl_Seep","PH9","PHTA","Eucera_actuosa",1,10,NA
2023,4,22,"2_36","4_38","5","Owl_Seep","PH9","PHTA","Eucera_actuosa",1,10,NA
2023,4,22,"2_36","4_38","5","Owl_Seep","PH9","PHTA","Eucera_actuosa",1,10,NA
2023,4,22,"2_36","4_38","5","Owl_Seep","PH10","PHTA","Eucera_actuosa",1,20,NA
2023,4,22,"2_36","4_38","5","Owl_Seep","PH10","PHTA","Eucera_actuosa",1,20,NA
2023,4,23,"2_19","3_35","1","Owl_Seep","PH1","PHTA","Eucera_actuosa",1,2,NA
2023,4,23,"2_19","3_35","1","Owl_Seep","PH1","PHTA","Eucera_actuosa",1,2,NA
2023,4,23,"2_19","3_35","1","Owl_Seep","PH1","PHTA","Eucera_actuosa",1,2,NA
2023,4,23,"2_19","3_35","2","Owl_Seep","PH4","PHTA","Eucera_actuosa",1,10,NA
2023,4,23,"2_19","3_35","2","Owl_Seep","PH4","PHTA","Eucera_actuosa",3,10,NA
2023,4,23,"2_19","3_35","2","Owl_Seep","PH4","PHTA","Eucera_actuosa",2,10,NA
2023,4,23,"2_19","3_35","3","Owl_Seep","PH5","PHTA","Eucera_actuosa",1,10,NA
2023,4,23,"2_19","3_35","3","Owl_Seep","PH5","PHTA","Eucera_actuosa",1,12,NA
2023,4,23,"2_19","3_35","3","Owl_Seep","PH5","PHTA","Eucera_actuosa",1,12,NA
2023,4,23,"2_19","3_35","3","Owl_Seep","PH5","PHTA","Eucera_actuosa",1,12,NA
2023,4,23,"2_19","3_35","3","Owl_Seep","PH5","PHTA","Eucera_actuosa",1,11,NA
2023,4,23,"2_19","3_35","3","Owl_Seep","PH6","PHTA","Eucera_actuosa",1,1,NA
2023,4,23,"2_19","3_35","4","Owl_Seep","PH7","PHTA","Eucera_actuosa",1,10,NA
2023,4,23,"2_19","3_35","4","Owl_Seep","PH7","PHTA","Eucera_actuosa",2,10,NA
2023,4,23,"2_19","3_35","5","Owl_Seep","PH9","PHTA","Eucera_actuosa",1,15,NA
2023,4,23,"2_19","3_35","5","Owl_Seep","PH10","PHTA","Eucera_actuosa",1,20,NA
2023,4,23,"2_19","3_35","5","Owl_Seep","PH11","PHTA","Eucera_actuosa",1,10,NA
2023,4,26,"8_54","11_57","1","Owl_Seep","not in marked patch","PHTA","Eucera_actuosa",1,0,NA
2023,4,26,"8_54","11_57","3","Owl_Seep","PH5","PHTA","Eucera_actuosa",1,20,NA
2023,4,26,"8_54","11_57","5","Owl_Seep","PH11","PHTA","Eucera_actuosa",1,30,NA
2023,4,26,"8_54","11_57","5","Owl_Seep","PH11","PHTA","Eucera_actuosa",1,20,NA
2023,4,28,"9_38","10_49","1","Quarry_2","","VIVI","Eucera_actuosa",5,0,NA
2023,4,28,"1_00","2_01","1","Goatgrass","","LACA","Eucera_actuosa",1,50,NA
2023,4,28,"1_00","2_01","1","Goatgrass","","LACA","Eucera_actuosa",2,50,NA
2023,4,28,"1_00","2_01","1","Goatgrass","","LACA","Eucera_actuosa",2,60,NA
2023,5,7,"10_28","10_46","2","Bertha","","ERCI","Eucera_actuosa",1,1,NA
2023,5,7,"1_18","1_26","4","Goatgrass","V4","VIVI","Eucera_actuosa",1,0,NA
2023,5,7,"2_10","2_31","1","Owl_Seep","PH1","PHTA","Eucera_actuosa",1,10,NA
2023,5,7,"2_49","2_59","3","Owl_Seep","PH4","PHTA","Eucera_actuosa",1,10,NA
2023,5,7,"2_49","2_59","3","Owl_Seep","V4","VIVI","Eucera_actuosa",1,0,NA
2023,5,7,"2_49","2_59","3","Owl_Seep","V4","VIVI","Eucera_actuosa",1,0,NA
2023,5,7,"3_12","3_25","5","Owl_Seep","PH9","PHTA","Eucera_actuosa",1,10,NA
2023,5,7,"4_08","4_16","1","Quarry_2","V14","VIVI","Eucera_actuosa",1,0,NA
2023,5,8,"2_23","2_34","4","Upper_Seep","V3","VIVI","Eucera_actuosa",1,0,NA
2023,5,8,"3_03","3_05","2","Rock","V2","VIVI","Eucera_actuosa",2,0,NA
2023,5,9,"10_46","10_56","4","Pond","V3","TRLA","Eucera_actuosa",1,0,NA
2023,5,9,"1_09","1_23","2","Lower_Grid_1","","TRLA","Eucera_actuosa",1,100,NA
2023,5,9,"1_34","1_44","4","Lower_Grid_1","","RACA","Eucera_actuosa",4,1,NA
2023,5,9,"1_34","1_44","4","Lower_Grid_1","","RACA","Eucera_actuosa",1,1,NA
2023,5,9,"2_29","2_53","1","Owl_Seep","PH1","PHTA","Eucera_actuosa",1,10,NA
2023,5,9,"2_29","2_53","1","Owl_Seep","PH1","PHTA","Eucera_actuosa",1,10,NA
2023,5,9,"2_29","2_53","1","Owl_Seep","PH1","PHTA","Eucera_actuosa",1,10,NA
2023,5,9,"2_29","2_53","1","Owl_Seep","PH1","PHTA","Eucera_actuosa",1,10,NA
2023,5,9,"2_29","2_53","1","Owl_Seep","PH1","PHTA","Eucera_actuosa",1,10,NA
2023,5,10,"10_40","11_17","4","Upper_Grid_2","V4","VIVI","Eucera_actuosa",1,0,NA
2023,5,10,"12_22","12_34","2","Lower_Grid_1","","TRLA","Eucera_actuosa",1,120,NA
2023,5,10,"12_55","1_06","5","Lower_Grid_1","V2","VIVI","Eucera_actuosa",2,0,NA
2023,5,10,"12_55","1_06","5","Lower_Grid_1","V2","VIVI","Eucera_actuosa",1,0,NA
2023,5,11,"1_19","1_31","2","Goatgrass","V3","VIVI","Eucera_actuosa",2,0,NA
2023,5,11,"1_48","2_08","4","Goatgrass","V4","LOHO","Eucera_actuosa",3,0,NA
2023,5,11,"1_48","2_08","4","Goatgrass","V2","VIVI","Eucera_actuosa",1,0,NA
2023,5,11,"1_48","2_08","4","Goatgrass","","SIBE","Eucera_actuosa",1,0,NA
2023,5,11,"1_48","2_08","4","Goatgrass","","VIVI","Eucera_actuosa",1,0,NA
2023,5,11,"3_48","3_59","5","Pond","V3","VIVI","Eucera_actuosa",2,0,NA
2023,5,11,"3_48","3_59","5","Pond","V3","VIVI","Eucera_actuosa",2,0,NA
2023,5,11,"3_48","3_59","5","Pond","V3","VIVI","Eucera_actuosa",1,0,NA
2023,5,11,"4_05","4_18","1","Bertha","V1","VIVI","Eucera_actuosa",2,0,NA
2023,5,11,"4_05","4_18","1","Bertha","V1","ACMO","Eucera_actuosa",2,0,NA
2023,5,11,"4_05","4_18","1","Bertha","LUMI1","LUMI","Eucera_actuosa",1,1,NA
2023,5,11,"4_19","4_37","2","Bertha","GB1","TRLA","Eucera_actuosa",3,100,NA
2023,5,11,"4_38","4_58","3","Bertha","","LUMI","Eucera_actuosa",1,300,NA
2023,5,11,"5_00","5_12","4","Bertha","V2","VIVI","Eucera_actuosa",2,0,NA
2023,5,11,"5_13","5_26","5","Bertha","","TRLA","Eucera_actuosa",2,50,NA
2023,5,12,"8_33","8_41","1","Quarry_2","V9","VIVI","Eucera_actuosa",2,0,NA
2023,5,12,"10_14","10_27","5","Quarry_1","V1","VIVI","Eucera_actuosa",3,0,NA
2023,5,12,"10_59","11_20","1","Owl_Seep","V3","VIVI","Eucera_actuosa",1,0,NA
2023,5,12,"10_59","11_20","1","Owl_Seep","V3","VIVI","Eucera_actuosa",1,0,NA
2023,5,12,"11_42","11_49","4","Owl_Seep","V4","VIVI","Eucera_actuosa",2,0,NA
2023,5,12,"4_09","4_18","4","Pond","V2","VIVI","Eucera_actuosa",1,0,NA
2023,5,14,"10_45","11_01","1","Bertha","","TRHI","Eucera_actuosa",3,0,NA
2023,5,14,"10_45","11_01","1","Bertha","","TRHI","Eucera_actuosa",1,0,NA
2023,5,14,"10_45","11_01","1","Bertha","LUMI1","LUMI","Eucera_actuosa",1,0,NA
2023,5,14,"10_45","11_01","1","Bertha","","TRHI","Eucera_actuosa",1,0,NA
2023,5,14,"10_45","11_01","1","Bertha","","TRHI","Eucera_actuosa",1,0,NA
2023,5,14,"10_45","11_01","1","Bertha","","TRHI","Eucera_actuosa",1,0,NA
2023,5,14,"10_45","11_01","1","Bertha","","TRHI","Eucera_actuosa",1,0,NA
2023,5,14,"10_45","11_01","1","Bertha","LUMI1","LUMI","Eucera_actuosa",1,0,NA
2023,5,14,"11_02","11_21","2","Bertha","V1","VIVI","Eucera_actuosa",1,0,NA
2023,5,14,"11_02","11_21","2","Bertha","V1","VIVI","Eucera_actuosa",1,0,NA
2023,5,14,"11_22","11_42","3","Bertha","V1","TRHI","Eucera_actuosa",1,1,NA
2023,5,14,"11_22","11_42","3","Bertha","V1","VIVI","Eucera_actuosa",2,0,NA
2023,5,14,"11_22","11_42","3","Bertha","V1","VIVI","Eucera_actuosa",1,0,NA
2023,5,14,"12_00","12_11","5","Bertha","LUMI3","LUMI","Eucera_actuosa",1,5,NA
2023,5,14,"12_00","12_11","5","Bertha","LUMI3","LUMI","Eucera_actuosa",1,0,NA
2023,5,14,"12_00","12_11","5","Bertha","VA","VIVI","Eucera_actuosa",1,0,NA
2023,5,14,"1_33","1_42","2","Goatgrass","V3","VIVI","Eucera_actuosa",3,0,NA
2023,5,14,"1_43","1_51","3","Goatgrass","","SIBE","Eucera_actuosa",3,10,NA
2023,5,16,"12_17","12_27","2","Goatgrass","V2","VIVI","Eucera_actuosa",2,0,NA
2023,5,16,"12_17","12_27","2","Goatgrass","V2","VIVI","Eucera_actuosa",1,0,NA
2023,5,17,"8_59","9_26","4","Quarry_1","V_lower","VIVI","Eucera_actuosa",1,0,NA
2023,5,17,"9_30","9_45","5","Quarry_1","V1","VIVI","Eucera_actuosa",2,0,NA
2023,5,17,"9_30","9_45","5","Quarry_1","V1","VIVI","Eucera_actuosa",1,0,NA
2023,5,17,"9_30","9_45","5","Quarry_1","V1","VIVI","Eucera_actuosa",1,0,NA
2023,5,17,"12_06","12_09","3","Pond","V1","VIVI","Eucera_actuosa",2,0,NA
2023,5,17,"12_09","12_18","4","Pond","V2","VIVI","Eucera_actuosa",1,0,NA
2023,5,17,"12_09","12_18","4","Pond","V2","VIVI","Eucera_actuosa",1,0,NA
2023,5,17,"12_09","12_18","4","Pond","V2","VIVI","Eucera_actuosa",1,0,NA
2023,5,17,"12_09","12_18","4","Pond","V2","VIVI","Eucera_actuosa",1,0,NA
2023,5,17,"12_09","12_18","4","Pond","V2","VIVI","Eucera_actuosa",1,0,NA
2023,5,17,"12_19","12_26","5","Pond","V3","VIVI","Eucera_actuosa",1,0,NA
2023,5,17,"12_32","12_41","1","Bertha","","TRHI","Eucera_actuosa",2,0,NA
2023,5,17,"12_42","12_54","2","Bertha","V1","VIVI","Eucera_actuosa",1,0,NA
2023,5,17,"12_42","12_54","2","Bertha","V1","VIVI","Eucera_actuosa",1,0,NA
2023,5,17,"12_42","12_54","2","Bertha","V1","VIVI","Eucera_actuosa",1,0,NA
2023,5,20,"8_02","8_14","4","Goatgrass","V4","VIVI","Eucera_actuosa",2,0,NA
2023,5,20,"9_16","9_30","2","Bertha","V1","VIVI","Eucera_actuosa",1,0,NA
2023,5,20,"9_31","9_38","1","Bertha","V1","VIVI","Eucera_actuosa",1,0,NA
2023,5,20,"9_31","9_38","1","Bertha","LUMI1","LUMI","Eucera_actuosa",3,0,NA
2023,5,20,"9_31","9_38","1","Bertha","","TRHI","Eucera_actuosa",1,0,NA
2023,5,21,"9_48","10_08","focal_obs","Quarry_1","","VIVI","Eucera_actuosa",1,0,NA
2023,5,21,"9_48","10_08","focal_obs","Quarry_1","","VIVI","Eucera_actuosa",2,0,NA
2023,5,21,"10_32","10_52","focal_obs","Quarry_1","","ESCA","Eucera_actuosa",4,5,NA
2023,5,21,"10_32","10_52","focal_obs","Quarry_1","","ESCA","Eucera_actuosa",2,5,NA
2023,5,24,"2_36","2_56","focal_obs","Quarry_1","","VIVI","Eucera_actuosa",5,0,NA
2023,5,24,"2_36","2_56","focal_obs","Quarry_1","","VIVI","Eucera_actuosa",4,0,NA
2023,5,24,"2_36","2_56","focal_obs","Quarry_1","","VIVI","Eucera_actuosa",2,0,NA
2023,5,24,"2_36","2_56","focal_obs","Quarry_1","","VIVI","Eucera_actuosa",1,0,NA
2023,5,24,"2_36","2_56","focal_obs","Quarry_1","","VIVI","Eucera_actuosa",1,0,NA
2023,5,25,"9_24","9_44","focal_obs","Quarry_1","","VIVI","Eucera_actuosa",5,0,NA
2023,5,25,"9_24","9_44","focal_obs","Quarry_1","","VIVI","Eucera_actuosa",1,0,NA
2023,5,25,"9_24","9_44","focal_obs","Quarry_1","","VIVI","Eucera_actuosa",1,0,NA
2023,5,25,"9_24","9_44","focal_obs","Quarry_1","","VIVI","Eucera_actuosa",3,0,NA
2023,5,25,"11_07","11_21","5","Quarry_1","V1","VIVI","Eucera_actuosa",1,0,NA
2023,5,26,"1_58","2_18","focal_obs","Quarry_1","","VIVI","Eucera_actuosa",1,0,NA
2023,5,26,"1_58","2_18","focal_obs","Quarry_1","","VIVI","Eucera_actuosa",1,0,NA
2023,5,26,"1_58","2_18","focal_obs","Quarry_1","","VIVI","Eucera_actuosa",1,0,NA
2023,5,27,"2_49","3_09","focal_obs","Quarry_1","","VIVI","Eucera_actuosa",4,0,NA
2023,5,27,"2_49","3_09","focal_obs","Quarry_1","","VIVI","Eucera_actuosa",2,0,NA
2023,5,27,"2_49","3_09","focal_obs","Quarry_1","","VIVI","Eucera_actuosa",1,0,NA
2023,5,27,"2_49","3_09","focal_obs","Quarry_1","","VIVI","Eucera_actuosa",2,0,NA
2023,5,27,"2_49","3_09","focal_obs","Quarry_1","","VIVI","Eucera_actuosa",2,0,NA
2023,5,27,"2_49","3_09","focal_obs","Quarry_1","","VIVI","Eucera_actuosa",2,0,NA
2023,5,27,"3_31","3_51","focal_obs","Quarry_1","","ESCA","Eucera_actuosa",8,5,NA
2023,4,20,"11_50","2_12","1","Upper_Grid_1","","AMME","Eucera_frater_albopilosa",1,4,NA
2023,4,22,"2_36","4_38","5","Owl_Seep","PH11","PHTA","Eucera_frater_albopilosa",1,10,NA
2023,5,8,"1_58","2_12","2","Upper_Seep","V2","VIVI","Eucera_frater_albopilosa",1,0,NA
2023,5,9,"1_45","1_56","5","Lower_Grid_1","V2","VIVI","Eucera_frater_albopilosa",1,0,NA
2023,5,10,"9_12","9_32","1","Upper_Seep","V2","VIVI","Eucera_frater_albopilosa",8,0,NA
2023,5,10,"3_19","3_28","5","Owl_Seep","PH11","PHTA","Eucera_frater_albopilosa",2,20,NA
2023,5,17,"12_42","12_54","2","Bertha","V1","VIVI","Eucera_frater_albopilosa",1,0,NA
2023,5,20,"9_16","9_30","2","Bertha","V1","VIVI","Eucera_frater_albopilosa",1,0,NA
2023,5,20,"9_31","9_38","1","Bertha","V1","VIVI","Eucera_frater_albopilosa",6,0,NA
2023,5,20,"12_20","12_40","focal_obs","Quarry_1","","VIVI","Eucera_frater_albopilosa",7,0,NA
2023,5,24,"2_36","2_56","focal_obs","Quarry_1","","VIVI","Eucera_frater_albopilosa",1,0,NA
2023,5,25,"11_07","11_21","5","Quarry_1","V1","VIVI","Eucera_frater_albopilosa",6,0,NA
2023,5,27,"3_09","3_29","focal_obs","Quarry_1","","VIVI","Eucera_frater_albopilosa",2,0,NA
2023,5,16,"7_31","7_54","3","Quarry_2","","ERGU","gray_Bombyliidae",4,60,NA
2023,4,27,"10_55","12_00","5","Lower_Grid_1","V2","VIVI","Anthophora_edwardsii",4,0,NA
2023,4,27,"12_16","1_11","1","Upper_Grid_2","V2","VIVI","Anthophora_edwardsii",1,0,NA
2023,5,21,"7_57","8_21","4","Quarry_1","","AGHE","Diadasia_bituberculata",1,50,NA
2023,5,21,"7_57","8_21","4","Quarry_1","","ERGU","Diadasia_bituberculata",4,50,NA
2023,5,21,"7_57","8_21","4","Quarry_1","","AGHE","Diadasia_bituberculata",1,40,NA
2023,5,20,"8_53","9_04","4","Bertha","","LAMI","Cyrtopogon_sp.",1,90,NA
2023,5,20,"9_16","9_30","2","Bertha","","LAMI","Cyrtopogon_sp.",1,60,NA
2023,4,28,"1_00","2_01","1","Goatgrass","V3","VIVI","Osmia_atrocyanea",1,0,NA
2023,4,28,"1_00","2_01","3","Goatgrass","","LACA","Andrena_subchalybea",1,50,NA
2023,5,12,"4_09","4_18","4","Pond","","ALAM","Polistes_aurifer",3,1,NA
2023,5,12,"4_09","4_18","4","Pond","","ALAM","Polistes_aurifer",1,1,NA
2023,5,12,"4_19","4_29","5","Pond","","ALAM","Polistes_aurifer",3,0,NA
2023,5,12,"4_19","4_29","5","Pond","","ALAM","Polistes_aurifer",1,0,NA
2023,5,10,"9_33","9_41","2","Upper_Seep","V2","VIVI","Scathophaga_stercoraria",1,0,NA
2023,5,21,"7_25","7_42","2","Quarry_1","ERGU2","ERGU","Eucera_frater_albopilosa",1,10,NA
2023,5,21,"7_25","7_42","2","Quarry_1","ERGU2","ERGU","Eucera_frater_albopilosa",1,20,NA
2023,5,16,"12_17","12_27","2","Goatgrass","","WYAU","Strymon_melinus",1,30,NA
2023,5,12,"4_09","4_18","4","Pond","","ALAM","silver_moth_Lepidoptera",2,1,NA
2023,5,20,"1_02","1_22","focal_obs","Quarry_1","","LUSU","Listrus_sp._2",1,5,NA
2023,5,20,"1_02","1_22","focal_obs","Quarry_1","","LUSU","Listrus_sp._2",1,5,NA
2023,5,20,"1_02","1_22","focal_obs","Quarry_1","","LUSU","Listrus_sp._2",1,5,NA
2023,5,20,"1_02","1_22","focal_obs","Quarry_1","","LUSU","Listrus_sp._2",1,5,NA
2023,5,20,"1_27","1_47","focal_obs","Quarry_1","","LUSU","Listrus_sp._2",1,50,NA
2023,5,20,"1_27","1_47","focal_obs","Quarry_1","","Sidalcea_sp.","Listrus_sp._2",1,50,NA
2023,5,20,"1_27","1_47","focal_obs","Quarry_1","","Sidalcea_sp.","Listrus_sp._2",1,50,NA
2023,5,20,"1_27","1_47","focal_obs","Quarry_1","","Sidalcea_sp.","Listrus_sp._2",1,50,NA
2023,5,20,"1_27","1_47","focal_obs","Quarry_1","","Sidalcea_sp.","Listrus_sp._2",1,50,NA
2023,5,21,"10_32","10_52","focal_obs","Quarry_1","","LUSU","Listrus_sp._2",1,5,NA
2023,5,21,"10_32","10_52","focal_obs","Quarry_1","","LUSU","Listrus_sp._2",1,5,NA
2023,5,21,"10_32","10_52","focal_obs","Quarry_1","","LUSU","Listrus_sp._2",1,5,NA
2023,5,21,"10_54","11_14","focal_obs","Quarry_1","","Sidalcea_sp.","Listrus_sp._2",1,50,NA
2023,5,21,"10_54","11_14","focal_obs","Quarry_1","","Sidalcea_sp.","Listrus_sp._2",1,50,NA
2023,5,21,"10_54","11_14","focal_obs","Quarry_1","","Sidalcea_sp.","Listrus_sp._2",1,50,NA
2023,5,16,"8_04","8_14","5","Quarry_2","","AGHE","silver_moth_Lepidoptera",1,50,NA
2023,5,16,"12_09","12_16","1","Goatgrass","","WYAU","silver_moth_Lepidoptera",1,10,NA
2023,5,21,"10_54","11_14","focal_obs","Quarry_1","","Sidalcea_sp.","Diadasia_bituberculata",5,50,NA
2023,5,11,"4_19","4_37","2","Bertha","GB2","THCA","Xylocopa_sonorina",1,200,NA
2023,5,13,"9_07","9_14","2","Lower_Grid_1","GB2","TRLA","Xylocopa_sonorina",2,50,NA
2023,4,28,"9_38","10_49","2","Quarry_2","LUAL1","LUAL","Panurginus_sp.",2,15,NA
2023,4,26,"8_54","11_57","2","Owl_Seep","PH2","PHTA","Panurginus_sp.",4,1,NA
2023,5,14,"1_52","2_02","4","Goatgrass","","WYAU","Chrysis_angolensis",1,5,NA
2023,4,22,"2_36","4_38","2","Owl_Seep","PH4","PHTA","Panurginus_sp.",1,8,NA
2023,4,22,"2_36","4_38","2","Owl_Seep","PH4","PHTA","Panurginus_sp.",1,8,NA
2023,4,22,"2_36","4_38","2","Owl_Seep","PH4","PHTA","Panurginus_sp.",1,8,NA
2023,4,22,"2_36","4_38","2","Owl_Seep","PH4","PHTA","Panurginus_sp.",1,10,NA
2023,4,22,"2_36","4_38","2","Owl_Seep","PH4","PHTA","Panurginus_sp.",1,10,NA
2023,4,28,"11_06","11_49","1","Quarry_1","","LACA","Panurginus_sp.",1,50,NA
2023,5,14,"10_45","11_01","1","Bertha","LUMI1","LUMI","Osmia_nemoris",2,0,NA
2023,5,14,"1_43","1_51","3","Goatgrass","","LOHO","Halictus_tripartitus",1,10,NA
2023,4,24,"2_55","3_15","Focal_Obs","Upper_Grid_2","0M focal","VIVI","Chrysoperla_sp.",1,0,NA
2023,4,29,"10_32","10_52","Focal_Obs","Upper_Grid_2","0M focal","VIVI","Chrysoperla_sp.",3,0,NA
2023,5,10,"3_05","3_17","4","Owl_Seep","PH7","PHTA","Osmia_nemoris",1,15,NA
2023,5,10,"3_05","3_17","4","Owl_Seep","PH7","PHTA","Osmia_nemoris",1,15,NA
2023,5,19,"8_54","9_14","focal_obs","Quarry_1","","MIDO","Osmia_nemoris",1,50,NA
2023,5,8,"2_13","2_22","3","Upper_Seep","","ERHI","Panurginus_sp.",1,5,NA
2023,4,20,"11_50","2_12","3","Upper_Grid_1","","LACA","Panurginus_sp.",1,25,NA
2023,4,24,"3_24","4_04","2","Rock","V2","VIVI","Habropoda_sp.",1,0,NA
2023,4,22,"2_36","4_38","2","Owl_Seep","V1","VIVI","Diadasia_bituberculata",2,0,NA
2023,5,9,"2_29","2_53","1","Owl_Seep","V3","VIVI","Diadasia_bituberculata",1,0,NA
2023,5,12,"10_03","10_13","4","Quarry_1","","CARU","Diadasia_bituberculata",3,50,NA
2023,5,12,"11_21","11_32","2","Owl_Seep","","ERGU","Diadasia_bituberculata",3,5,NA
2023,5,14,"10_45","11_01","1","Bertha","LUMI1","LUMI","Diadasia_bituberculata",1,1,NA
2023,5,15,"11_15","11_35","Focal_Obs","Quarry_1","","VIVI","Diadasia_bituberculata",1,0,NA
2023,4,27,"10_55","12_00","4","Lower_Grid_1","V1","VIVI","Habropoda_sp.",4,0,NA
2023,4,22,"12_58","1_19","2","Rock","V2","VIVI","Habropoda_sp.",2,0,NA
2023,5,9,"1_24","1_32","3","Lower_Grid_1","V1","VIVI","Habropoda_sp.",3,0,NA
2023,5,10,"12_35","12_43","3","Lower_Grid_1","V1","VIVI","Habropoda_sp.",6,0,NA
2023,4,28,"11_06","11_49","2","Quarry_1","","LACA","Helithodes_dimutiva",1,100,NA
2023,5,7,"9_49","10_04","4","Pond","","LACA","Helithodes_dimutiva",2,0,NA
2023,5,7,"10_48","11_07","3","Bertha","","AGHE","Helithodes_dimutiva",1,100,NA
2023,5,7,"10_48","11_07","3","Bertha","","LACA","Helithodes_dimutiva",1,100,NA
2023,5,7,"11_26","11_46","5","Bertha","","LACA","Helithodes_dimutiva",1,50,NA
2023,5,7,"1_31","1_35","5","Goatgrass","","LACA","Helithodes_dimutiva",1,50,NA
2023,5,9,"9_17","9_36","4","Bertha","","LACA","Helithodes_dimutiva",1,20,NA
2023,5,9,"9_17","9_36","4","Bertha","","LACA","Helithodes_dimutiva",2,100,NA
2023,5,9,"9_38","10_00","5","Bertha","","AGHE","Helithodes_dimutiva",1,100,NA
2023,5,9,"9_38","10_00","5","Bertha","","ACMO","Helithodes_dimutiva",1,6,NA
2023,5,9,"9_38","10_00","5","Bertha","","TAOF","Helithodes_dimutiva",1,0,NA
2023,5,9,"10_46","10_56","4","Pond","","LACA","Helithodes_dimutiva",1,1,NA
2023,5,9,"10_46","10_56","4","Pond","","LACA","Helithodes_dimutiva",2,1,NA
2023,5,9,"10_46","10_56","4","Pond","","LACA","Helithodes_dimutiva",2,0,NA
2023,5,11,"2_12","2_22","5","Goatgrass","","LACA","Helithodes_dimutiva",1,70,NA
2023,5,11,"4_38","4_58","3","Bertha","","LACA","Helithodes_dimutiva",1,100,NA
2023,5,11,"5_00","5_12","4","Bertha","","ACMO","Helithodes_dimutiva",1,100,NA
2023,5,11,"5_13","5_26","5","Bertha","","LACA","Helithodes_dimutiva",1,100,NA
2023,5,11,"5_13","5_26","5","Bertha","","ACMO","Helithodes_dimutiva",1,1,NA
2023,5,12,"9_08","9_21","5","Quarry_2","","AGHE","Helithodes_dimutiva",1,100,NA
2023,5,12,"9_28","9_37","1","Quarry_1","","AGHE","Helithodes_dimutiva",1,10,NA
2023,5,12,"3_43","3_54","1","Pond","V2","LACA","Helithodes_dimutiva",2,0,NA
2023,5,12,"4_09","4_18","4","Pond","","ALAM","Helithodes_dimutiva",1,1,NA
2023,5,12,"4_09","4_18","4","Pond","","LACA","Helithodes_dimutiva",1,0,NA
2023,5,14,"11_22","11_42","3","Bertha","","LACA","Helithodes_dimutiva",1,100,NA
2023,5,14,"11_22","11_42","3","Bertha","","LACA","Helithodes_dimutiva",1,10,NA
2023,5,14,"11_22","11_42","3","Bertha","","LACA","Helithodes_dimutiva",1,5,NA
2023,5,14,"12_47","12_57","4","Pond","V2","ALAM","Helithodes_dimutiva",1,6,NA
2023,5,14,"2_04","2_10","5","Goatgrass","","LACA","Helithodes_dimutiva",1,15,NA
2023,5,14,"2_04","2_10","5","Goatgrass","","LACA","Helithodes_dimutiva",1,20,NA
2023,5,14,"2_04","2_10","5","Goatgrass","","LACA","Helithodes_dimutiva",1,30,NA
2023,5,16,"12_09","12_16","1","Goatgrass","","WYAU","Helithodes_dimutiva",1,10,NA
2023,5,17,"8_59","9_26","4","Quarry_1","","LAMI","Helithodes_dimutiva",1,20,NA
2023,5,17,"8_59","9_26","4","Quarry_1","","CRHI","Helithodes_dimutiva",1,40,NA
2023,5,17,"12_09","12_18","4","Pond","","ALAM","Helithodes_dimutiva",1,1,NA
2023,5,20,"7_50","8_00","3","Goatgrass","","ACMO","Helithodes_dimutiva",1,1,NA
2023,5,20,"8_16","8_26","5","Goatgrass","","AGHE","Helithodes_dimutiva",1,0,NA
2023,5,20,"8_16","8_26","5","Goatgrass","","LAMI","Helithodes_dimutiva",1,10,NA
2023,5,20,"8_53","9_04","4","Bertha","","ACMO","Helithodes_dimutiva",1,100,NA
2023,5,20,"8_53","9_04","4","Bertha","","LAMI","Helithodes_dimutiva",1,90,NA
2023,5,20,"8_53","9_04","4","Bertha","","LAMI","Helithodes_dimutiva",1,90,NA
2023,5,20,"8_53","9_04","4","Bertha","V2","VIVI","Helithodes_dimutiva",1,0,NA
2023,5,21,"7_25","7_42","2","Quarry_1","","AGHE","Helithodes_dimutiva",1,5,NA
2023,5,15,"1_38","1_44","1","Upper_Seep","","CHGL","Acmaeodera_sp.",1,20,NA
2023,4,24,"1_19","2_09","2","Upper_Grid_2","V3","VIVI","Hippodamia_convergens",1,0,NA
2023,4,26,"8_54","11_57","3","Owl_Seep","ERGU4","ERGU","Hippodamia_convergens",2,10,NA
2023,4,26,"2_45","3_05","Focal_Obs","Upper_Grid_2","0M focal","LUSU","Hippodamia_convergens",1,0,NA
2023,4,27,"2_05","2_25","1","Upper_Grid_2","1M focal","LUSU","Hippodamia_convergens",1,0,NA
2023,4,29,"10_32","10_52","Focal_Obs","Upper_Grid_2","0M focal","LUSU","Hippodamia_convergens",1,0,NA
2023,4,29,"10_32","10_52","Focal_Obs","Upper_Grid_2","0M focal","VIVI","Hippodamia_convergens",1,0,NA
2023,4,29,"10_32","10_52","Focal_Obs","Upper_Grid_2","0M focal","VIVI","Hippodamia_convergens",1,0,NA
2023,4,29,"10_32","10_52","Focal_Obs","Upper_Grid_2","0M focal","VIVI","Hippodamia_convergens",1,0,NA
2023,4,29,"10_32","10_52","Focal_Obs","Upper_Grid_2","0M focal","VIVI","Hippodamia_convergens",1,0,NA
2023,4,29,"10_32","10_52","Focal_Obs","Upper_Grid_2","0M focal","VIVI","Hippodamia_convergens",1,0,NA
2023,4,23,"11_42","12_40","3","Upper_Seep","","ERGU","Lasioglossum_incompletum",1,0,NA
2023,4,23,"2_19","3_35","2","Owl_Seep","","HIIN","Lasioglossum_incompletum",1,10,NA
2023,5,24,"2_15","2_35","focal_obs","Quarry_1","","LUSU","Lasioglossum_incompletum",1,1,NA
2023,5,24,"2_15","2_35","focal_obs","Quarry_1","","TRFU","Lasioglossum_incompletum",1,1,NA
2023,5,24,"2_15","2_35","focal_obs","Quarry_1","","LUSU","Lasioglossum_incompletum",1,1,NA
2023,5,26,"1_16","1_36","focal_obs","Quarry_1","","ESCA","Lasioglossum_incompletum",1,5,NA
2023,5,12,"4_19","4_29","5","Pond","","ALAM","Brachysomida_californica",1,0,NA
2023,5,12,"4_19","4_29","5","Pond","","ALAM","Brachysomida_californica",1,0,NA
2023,5,17,"12_09","12_18","4","Pond","","ALAM","Brachysomida_californica",1,1,NA
2023,5,17,"12_09","12_18","4","Pond","","ALAM","Brachysomida_californica",1,1,NA
2023,5,17,"12_09","12_18","4","Pond","","ALAM","Brachysomida_californica",1,1,NA
2023,5,19,"8_18","8_38","focal_obs","Quarry_1","","LUSU","Listrus_sp._1",1,0,NA
2023,5,19,"8_18","8_38","focal_obs","Quarry_1","","LUSU","Listrus_sp._1",1,1,NA
2023,5,19,"8_18","8_38","focal_obs","Quarry_1","","LUSU","Listrus_sp._1",1,1,NA
2023,5,19,"8_18","8_38","focal_obs","Quarry_1","","LUSU","Listrus_sp._1",1,1,NA
2023,5,19,"8_18","8_38","focal_obs","Quarry_1","","LUSU","Listrus_sp._1",1,1,NA
2023,5,19,"8_54","9_14","focal_obs","Quarry_1","","TRFU","Listrus_sp._1",1,50,NA
2023,5,19,"8_54","9_14","focal_obs","Quarry_1","","LUSU","Listrus_sp._1",1,50,NA
2023,5,22,"9_41","10_01","focal_obs","Quarry_1","","TRFU","Listrus_sp._1",1,0,NA
2023,5,22,"9_18","9_38","focal_obs","Quarry_1","","LUSU","Listrus_sp._1",1,5,NA
2023,5,22,"9_18","9_38","focal_obs","Quarry_1","","LUSU","Listrus_sp._1",1,5,NA
2023,5,22,"9_18","9_38","focal_obs","Quarry_1","","TRFU","Listrus_sp._1",1,5,NA
2023,5,22,"8_49","9_09","focal_obs","Quarry_1","","LUSU","Listrus_sp._1",1,50,NA
2023,5,23,"12_41","1_01","focal_obs","Quarry_1","","LUSU","Listrus_sp._1",1,1,NA
2023,5,23,"12_16","12_36","focal_obs","Quarry_1","","LUSU","Listrus_sp._1",1,5,NA
2023,5,23,"1_11","1_31","focal_obs","Quarry_1","","LUSU","Listrus_sp._1",1,50,NA
2023,5,11,"1_19","1_31","2","Goatgrass","","LACA","Malachius_sp.",1,6,NA
2023,5,11,"1_32","1_47","3","Goatgrass","","LACA","Malachius_sp.",1,10,NA
2023,5,12,"8_33","8_41","1","Quarry_2","","AGHE","Malachius_sp.",1,1,NA
2023,5,14,"11_02","11_21","2","Bertha","","RACA","Malachius_sp.",1,5,NA
2023,5,20,"8_16","8_26","5","Goatgrass","","AGHE","Malachius_sp.",1,50,NA
2023,4,24,"10_01","12_45","2","Upper_Grid_1","","DICA","Malachius_sp.",1,2,NA
2023,4,24,"10_01","12_45","2","Upper_Grid_1","","GITR","Malachius_sp.",1,10,NA
2023,4,24,"10_01","12_45","2","Upper_Grid_1","","LODA","Malachius_sp.",1,10,NA
2023,4,24,"10_01","12_45","2","Upper_Grid_1","","GITR","Malachius_sp.",1,10,NA
2023,4,24,"10_01","12_45","3","Upper_Grid_1","","LACA","Malachius_sp.",1,20,NA
2023,4,24,"10_01","12_45","4","Upper_Grid_1","","LACA","Malachius_sp.",1,40,NA
2023,4,24,"10_01","12_45","4","Upper_Grid_1","","LACA","Malachius_sp.",1,40,NA
2023,4,24,"10_01","12_45","5","Upper_Grid_1","","DICA","Malachius_sp.",1,20,NA
2023,4,24,"10_01","12_45","5","Upper_Grid_1","","LACA","Malachius_sp.",1,50,NA
2023,4,24,"10_01","12_45","5","Upper_Grid_1","","LACA","Malachius_sp.",1,50,NA
2023,4,24,"10_01","12_45","5","Upper_Grid_1","","LACA","Malachius_sp.",1,40,NA
2023,4,27,"10_55","12_00","1","Lower_Grid_1","","RACA","Malachius_sp.",1,300,NA
2023,4,27,"10_55","12_00","1","Lower_Grid_1","","RACA","Malachius_sp.",1,300,NA
2023,4,27,"10_55","12_00","1","Lower_Grid_1","","RACA","Malachius_sp.",1,300,NA
2023,4,27,"10_55","12_00","3","Lower_Grid_1","","RACA","Malachius_sp.",1,5,NA
2023,4,28,"9_38","10_49","4","Quarry_2","","AGHE","Malachius_sp.",1,100,NA
2023,4,28,"9_38","10_49","4","Quarry_2","","AGHE","Malachius_sp.",1,100,NA
2023,4,28,"9_38","10_49","5","Quarry_2","","LACA","Malachius_sp.",1,200,NA
2023,5,7,"9_49","10_04","4","Pond","","LACA","Malachius_sp.",1,1,NA
2023,5,7,"1_05","1_17","3","Goatgrass","V2","AGHE","Malachius_sp.",1,2,NA
2023,4,24,"10_01","12_45","1","Upper_Grid_1","","GITR","Muscidae",1,2,NA
2023,4,26,"8_54","11_57","2","Owl_Seep","V2","VIVI","Muscidae",1,0,NA
2023,5,7,"4_33","4_38","5","Quarry_2","","CRHI","Muscidae",3,200,NA
2023,5,8,"1_58","2_12","2","Upper_Seep","V2","VIVI","Muscidae",1,0,NA
2023,5,9,"1_34","1_44","4","Lower_Grid_1","V2","VIVI","Muscidae",1,0,NA
2023,5,10,"10_26","10_35","2","Upper_Grid_2","V3","VIVI","Muscidae",1,0,NA
2023,5,10,"12_35","12_43","3","Lower_Grid_1","V1","VIVI","Muscidae",2,0,NA
2023,5,12,"10_14","10_27","5","Quarry_1","","CRHI","Muscidae",1,50,NA
2023,5,14,"3_31","3_41","3","Quarry_2","","CRHI","Muscidae",1,100,NA
2023,5,16,"9_42","10_22","4","Quarry_1","","CRHI","Muscidae",1,40,NA
2023,5,20,"9_06","9_15","3","Bertha","V1","VIVI","Muscidae",1,0,NA
2023,5,21,"7_43","7_56","3","Quarry_1","seep","ERGU","Muscidae",1,100,NA
2023,5,16,"9_42","10_22","4","Quarry_1","","CRHI","Phychoides_mytilla",1,10,NA
2023,5,16,"9_42","10_22","4","Quarry_1","side_seep_2","ERGU","Chlosyne_palla",1,50,NA
2023,5,16,"9_42","10_22","4","Quarry_1","side_seep_2","ERGU","Chlosyne_palla",2,50,NA
2023,5,16,"10_27","10_44","3","Quarry_1","seep","ERGU","Chlosyne_palla",1,100,NA
2023,5,16,"10_27","10_44","3","Quarry_1","seep","ERGU","Chlosyne_palla",1,200,NA
2023,4,24,"10_01","12_45","4","Upper_Grid_1","","LACA","Nomada_hesperia",2,20,NA
2023,4,24,"10_01","12_45","4","Upper_Grid_1","","LACA","Nomada_hesperia",3,20,NA
2023,4,26,"8_54","11_57","2","Owl_Seep","","CRHI","Nomada_hesperia",2,5,NA
2023,4,26,"8_54","11_57","5","Owl_Seep","","CRHI","Nomada_hesperia",1,3,NA
2023,4,26,"8_54","11_57","5","Owl_Seep","","CRHI","Nomada_hesperia",1,3,NA
2023,4,26,"8_54","11_57","5","Owl_Seep","","CRHI","Nomada_hesperia",2,3,NA
2023,4,26,"8_54","11_57","5","Owl_Seep","","CRHI","Nomada_hesperia",1,5,NA
2023,5,11,"1_19","1_31","2","Goatgrass","","LACA","Nomada_hesperia",1,6,NA
2023,5,11,"1_19","1_31","2","Goatgrass","","ACMO","Nomada_hesperia",1,6,NA
2023,5,11,"1_19","1_31","2","Goatgrass","","LACA","Nomada_hesperia",1,6,NA
2023,5,11,"5_00","5_12","4","Bertha","","LACA","Nomada_hesperia",1,20,NA
2023,5,14,"12_00","12_11","5","Bertha","","LACA","Nomada_hesperia",3,50,NA
2023,5,14,"3_31","3_41","3","Quarry_2","","CRHI","Nomada_hesperia",4,50,NA
2023,5,14,"3_31","3_41","3","Quarry_2","","CRHI","Nomada_hesperia",1,50,NA
2023,5,11,"4_38","4_58","3","Bertha","","TRLA","Nomada_hesperia",2,10,NA
2023,5,17,"12_42","12_54","2","Bertha","V1","VIVI","Nomada_hesperia",1,0,NA
2023,5,11,"2_12","2_22","5","Goatgrass","","LACA","Nomada-mimic_Syrphidae",1,100,NA
2023,5,7,"1_05","1_17","3","Goatgrass","","ACMO","Nomada-mimic_Syrphidae",2,10,NA
2023,5,11,"1_32","1_47","3","Goatgrass","","LACA","Nomada-mimic_Syrphidae",1,20,NA
2023,5,14,"11_02","11_21","2","Bertha","","LACA","Nomada-mimic_Syrphidae",1,50,NA
2023,4,28,"9_38","10_49","2","Quarry_2","LUAL1","LUAL","Trichodes_ornatus",1,20,NA
2023,5,17,"12_09","12_18","4","Pond","","ALAM","Nymphalis_californica",1,1,NA
2023,4,20,"2_26","3_11","4","Upper_Seep","","VIVI","Osmia_sanctaerosae",1,0,NA
2023,4,22,"2_36","4_38","5","Owl_Seep","V5","VIVI","Osmia_sanctaerosae",2,0,NA
2023,4,24,"1_19","2_09","4","Upper_Grid_2","V3","VIVI","Osmia_sanctaerosae",3,0,NA
2023,4,24,"3_24","4_04","2","Rock","V2","VIVI","Osmia_sanctaerosae",2,0,NA
2023,4,24,"3_24","4_04","2","Rock","V2","VIVI","Osmia_sanctaerosae",3,0,NA
2023,4,26,"12_44","1_20","1","Rock","V1","VIVI","Osmia_sanctaerosae",1,0,NA
2023,4,26,"12_44","1_20","1","Rock","V1","VIVI","Osmia_sanctaerosae",1,0,NA
2023,4,26,"1_39","2_24","5","Lower_Grid_1","V2","VIVI","Osmia_sanctaerosae",1,0,NA
2023,4,27,"10_55","12_00","5","Lower_Grid_1","V2","VIVI","Osmia_sanctaerosae",3,0,NA
2023,4,27,"10_55","12_00","5","Lower_Grid_1","V2","VIVI","Osmia_sanctaerosae",2,0,NA
2023,4,27,"10_55","12_00","5","Lower_Grid_1","V2","VIVI","Osmia_sanctaerosae",2,0,NA
2023,4,27,"12_16","1_11","1","Upper_Grid_2","V2","VIVI","Osmia_sanctaerosae",2,0,NA
2023,4,27,"12_16","1_11","4","Upper_Grid_2","V4","VIVI","Osmia_sanctaerosae",1,0,NA
2023,4,27,"2_05","2_25","1","Upper_Grid_2","1M focal","VIVI","Osmia_sanctaerosae",1,0,NA
2023,4,27,"3_27","4_03","5","Upper_Seep","V3","VIVI","Osmia_sanctaerosae",1,0,NA
2023,4,28,"11_06","11_49","2","Quarry_1","","DICA","Osmia_sanctaerosae",1,100,NA
2023,4,28,"1_00","2_01","1","Goatgrass","V3","VIVI","Osmia_sanctaerosae",1,0,NA
2023,4,28,"1_00","2_01","1","Goatgrass","V3","VIVI","Osmia_sanctaerosae",3,0,NA
2023,4,28,"1_00","2_01","4","Goatgrass","V3","VIVI","Osmia_sanctaerosae",1,0,NA
2023,5,9,"12_27","12_33","2","Rock","V2","VIVI","Osmia_sanctaerosae",3,0,NA
2023,5,9,"12_27","12_33","2","Rock","V2","VIVI","Osmia_sanctaerosae",3,0,NA
2023,5,9,"1_24","1_32","3","Lower_Grid_1","V1","VIVI","Osmia_sanctaerosae",2,0,NA
2023,5,9,"1_34","1_44","4","Lower_Grid_1","V2","VIVI","Osmia_sanctaerosae",4,0,NA
2023,5,9,"3_06","3_19","3","Owl_Seep","V4","VIVI","Osmia_sanctaerosae",1,0,NA
2023,5,10,"11_29","11_36","1","Rock","V1","VIVI","Osmia_sanctaerosae",1,0,NA
2023,5,10,"11_40","11_43","3","Rock","ERGU1","ERGU","Osmia_sanctaerosae",1,11,NA
2023,5,10,"2_41","2_52","2","Owl_Seep","V1","VIVI","Osmia_sanctaerosae",2,0,NA
2023,5,10,"2_53","3_04","3","Owl_Seep","V4","VIVI","Osmia_sanctaerosae",1,0,NA
2023,5,10,"3_05","3_17","4","Owl_Seep","V4","VIVI","Osmia_sanctaerosae",1,0,NA
2023,5,10,"3_05","3_17","4","Owl_Seep","V4","VIVI","Osmia_sanctaerosae",1,0,NA
2023,5,10,"3_05","3_17","4","Owl_Seep","V4","VIVI","Osmia_sanctaerosae",1,0,NA
2023,5,11,"1_48","2_08","4","Goatgrass","V4","VIVI","Osmia_sanctaerosae",3,0,NA
2023,5,11,"4_05","4_18","1","Bertha","V1","VIVI","Osmia_sanctaerosae",1,0,NA
2023,5,11,"4_05","4_18","1","Bertha","LUMI1","LUMI","Osmia_sanctaerosae",1,0,NA
2023,5,11,"4_05","4_18","1","Bertha","LUMI1","ACMO","Osmia_sanctaerosae",1,0,NA
2023,5,11,"4_05","4_18","1","Bertha","LUMI1","LUMI","Osmia_sanctaerosae",1,0,NA
2023,5,11,"4_38","4_58","3","Bertha","","TRLA","Osmia_sanctaerosae",2,300,NA
2023,5,11,"5_13","5_26","5","Bertha","VA","VIVI","Osmia_sanctaerosae",3,0,NA
2023,5,12,"9_48","10_01","3","Quarry_1","","ERGU","Osmia_sanctaerosae",1,300,NA
2023,5,12,"9_48","10_01","3","Quarry_1","","CARU","Osmia_sanctaerosae",1,100,NA
2023,5,12,"10_14","10_27","5","Quarry_1","","ERGU","Osmia_sanctaerosae",1,50,NA
2023,5,12,"11_21","11_32","2","Owl_Seep","V1","VIVI","Osmia_sanctaerosae",1,0,NA
2023,5,13,"9_53","10_01","5","Lower_Grid_1","V2","VIVI","Osmia_sanctaerosae",2,0,NA
2023,5,14,"11_02","11_21","2","Bertha","V1","VIVI","Osmia_sanctaerosae",2,0,NA
2023,5,14,"11_43","11_59","4","Bertha","V2","VIVI","Osmia_sanctaerosae",1,0,NA
2023,5,14,"1_52","2_02","4","Goatgrass","V2","VIVI","Osmia_sanctaerosae",1,0,NA
2023,5,14,"3_31","3_41","3","Quarry_2","ERGU1","ERGU","Osmia_sanctaerosae",4,100,NA
2023,5,16,"7_31","7_54","3","Quarry_2","","ERGU","Osmia_sanctaerosae",7,100,NA
2023,5,16,"9_25","9_40","5","Quarry_1","V1","VIVI","Osmia_sanctaerosae",3,0,NA
2023,5,16,"9_25","9_40","5","Quarry_1","V1","VIVI","Osmia_sanctaerosae",2,0,NA
2023,5,16,"9_42","10_22","4","Quarry_1","ERGU_seep","ERGU","Osmia_sanctaerosae",4,30,NA
2023,5,16,"9_42","10_22","4","Quarry_1","side_seep_2","ERGU","Osmia_sanctaerosae",17,50,NA
2023,5,16,"10_45","10_53","2","Quarry_1","","ERGU","Osmia_sanctaerosae",2,10,NA
2023,5,17,"8_59","9_26","4","Quarry_1","side seep","ERGU","Osmia_sanctaerosae",4,50,NA
2023,5,17,"8_59","9_26","4","Quarry_1","","ERGU","Osmia_sanctaerosae",6,50,NA
2023,5,17,"8_59","9_26","4","Quarry_1","","ERGU","Osmia_sanctaerosae",2,20,NA
2023,5,17,"12_32","12_41","1","Bertha","LUMI1","LUMI","Osmia_sanctaerosae",1,0,NA
2023,5,17,"12_32","12_41","1","Bertha","LUMI1","LUMI","Osmia_sanctaerosae",3,0,NA
2023,5,17,"12_32","12_41","1","Bertha","LUMI1","LUMI","Osmia_sanctaerosae",3,0,NA
2023,5,17,"12_32","12_41","1","Bertha","LUMI1","LUMI","Osmia_sanctaerosae",1,0,NA
2023,5,25,"11_07","11_21","5","Quarry_1","V1","VIVI","Osmia_sanctaerosae",1,0,NA
2023,5,17,"8_35","8_56","3","Quarry_1","","ERGU","Osmia_aglaia",1,30,NA
2023,5,17,"8_35","8_56","3","Quarry_1","","ERGU","Osmia_aglaia",1,100,NA
2023,4,27,"3_27","4_03","3","Upper_Seep","","LUSU","Osmia_sp.",1,0,NA
2023,5,10,"12_35","12_43","3","Lower_Grid_1","V1","VIVI","Hoplitus_hypocrita",1,0,NA
2023,5,10,"12_35","12_43","3","Lower_Grid_1","V1","VIVI","Osmia_sp.",1,0,NA
2023,5,11,"4_19","4_37","2","Bertha","","TRLA","Osmia_sp.",2,150,NA
2023,5,14,"11_43","11_59","4","Bertha","V2","VIVI","Osmia_sp.",1,0,NA
2023,5,16,"9_42","10_22","4","Quarry_1","","CRHI","Osmia_sp.",1,10,NA
2023,5,17,"8_59","9_26","4","Quarry_1","s1_seep","ERGU","Osmia_sp.",1,50,NA
2023,5,17,"12_09","12_18","4","Pond","V2","VIVI","Osmia_sp.",1,0,NA
2023,4,23,"2_19","3_35","2","Owl_Seep","V2","VIVI","Osmia_sp.",1,0,NA
2023,4,24,"3_24","4_04","2","Rock","V2","VIVI","Osmia_sp.",1,0,NA
2023,4,26,"8_54","11_57","4","Owl_Seep","PH7","ERGU","Osmia_sp.",2,10,NA
2023,5,25,"10_21","10_30","2","Quarry_1","ERGU1","ERGU","Osmia_sp.",1,20,NA
2023,5,22,"8_49","9_09","focal_obs","Quarry_1","","MIDO","Andrena_nigrocaerulea",1,50,NA
2023,4,22,"2_36","4_38","2","Owl_Seep","PH4","PHTA","Andrena_nigrocaerulea",2,10,NA
2023,4,23,"2_19","3_35","3","Owl_Seep","PH5","HIIN","Andrena_nigrocaerulea",1,10,NA
2023,4,23,"2_19","3_35","3","Owl_Seep","","HIIN","Andrena_nigrocaerulea",3,10,NA
2023,4,23,"2_19","3_35","5","Owl_Seep","V5","VIVI","Andrena_nigrocaerulea",2,0,NA
2023,4,20,"11_50","2_12","2","Upper_Grid_1","","LACA","Listrus_sp._1",1,10,NA
2023,4,20,"11_50","2_12","2","Upper_Grid_1","","DICA","Listrus_sp._1",1,10,NA
2023,5,14,"11_02","11_21","2","Bertha","V1","VIVI","Vanessa_cardui",1,0,NA
2023,4,20,"11_50","2_12","5","Upper_Grid_1","","LACA","Andrena_sp.",1,18,NA
2023,4,28,"11_06","11_49","3","Quarry_1","","LACA","Lasioglossum_incompletum",1,150,NA
2023,5,7,"9_49","10_04","4","Pond","","LACA","Panurginus_sp.",1,1,NA
2023,5,25,"10_30","10_51","3","Quarry_1","","ERLA","Lasioglossum_incompletum",1,100,NA
2023,5,11,"1_02","1_17","1","Goatgrass","","GITR","Panurginus_sp.",3,0,NA
2023,5,11,"1_48","2_08","4","Goatgrass","","SIBE","Panurginus_sp.",3,0,NA
2023,5,11,"1_48","2_08","4","Goatgrass","","SIBE","Panurginus_sp.",3,0,NA
2023,5,11,"3_17","3_27","3","Pond","V1","TRLA","Panurginus_sp.",1,1,NA
2023,5,11,"4_05","4_18","1","Bertha","","ACMO","Panurginus_sp.",3,NA,NA
2023,5,11,"4_38","4_58","3","Bertha","","LACA","Panurginus_sp.",1,80,NA
2023,5,12,"10_59","11_20","1","Owl_Seep","PH1","PHTA","Panurginus_sp.",1,10,NA
2023,5,12,"10_59","11_20","1","Owl_Seep","PH1","PHTA","Panurginus_sp.",1,10,NA
2023,5,12,"10_59","11_20","1","Owl_Seep","PH1","PHTA","Panurginus_sp.",1,10,NA
2023,5,12,"10_59","11_20","1","Owl_Seep","PH1","PHTA","Panurginus_sp.",1,10,NA
2023,5,12,"10_59","11_20","1","Owl_Seep","PH1","PHTA","Panurginus_sp.",1,10,NA
2023,5,12,"10_59","11_20","1","Owl_Seep","PH1","PHTA","Panurginus_sp.",1,10,NA
2023,5,12,"10_59","11_20","1","Owl_Seep","PH1","PHTA","Panurginus_sp.",1,10,NA
2023,5,12,"10_59","11_20","1","Owl_Seep","PH1","PHTA","Panurginus_sp.",1,10,NA
2023,5,12,"11_33","11_41","3","Owl_Seep","PH3","PHTA","Panurginus_sp.",1,10,NA
2023,5,14,"11_02","11_21","2","Bertha","","LACA","Panurginus_sp.",3,50,NA
2023,5,14,"11_22","11_42","3","Bertha","","TRLA","Panurginus_sp.",1,150,NA
2023,5,14,"11_22","11_42","3","Bertha","","LACA","Panurginus_sp.",1,100,NA
2023,5,14,"1_33","1_42","2","Goatgrass","V3","LOHO","Panurginus_sp.",1,0,NA
2023,5,16,"12_28","12_35","3","Goatgrass","","LOHO","Panurginus_sp.",1,0,NA
2023,5,5,"11_56","12_04","4","Quarry_2","","AGHE","Heliolonche_modiella",1,50,NA
2023,5,5,"12_06","12_11","5","Quarry_2","","AGHE","Heliolonche_modiella",1,100,NA
2023,5,5,"12_06","12_11","5","Quarry_2","","AGHE","Heliolonche_modiella",1,100,NA
2023,5,7,"10_16","10_27","1","Bertha","","AGHE","Heliolonche_modiella",1,0,NA
2023,5,7,"10_28","10_46","2","Bertha","","AGHE","Heliolonche_modiella",1,5,NA
2023,5,7,"10_28","10_46","2","Bertha","","AGHE","Heliolonche_modiella",1,5,NA
2023,5,7,"10_28","10_46","2","Bertha","","AGHE","Heliolonche_modiella",1,100,NA
2023,5,7,"11_26","11_46","5","Bertha","","AGHE","Heliolonche_modiella",1,80,NA
2023,5,7,"12_56","1_03","2","Goatgrass","","AGHE","Heliolonche_modiella",1,0,NA
2023,5,7,"1_05","1_17","3","Goatgrass","","AGHE","Heliolonche_modiella",1,5,NA
2023,5,7,"1_05","1_17","3","Goatgrass","","AGHE","Heliolonche_modiella",1,5,NA
2023,5,7,"1_05","1_17","3","Goatgrass","","AGHE","Heliolonche_modiella",1,5,NA
2023,5,7,"1_18","1_26","4","Goatgrass","","AGHE","Heliolonche_modiella",1,10,NA
2023,5,9,"8_31","8_42","1","Bertha","","AGHE","Heliolonche_modiella",1,0,NA
2023,5,9,"8_31","8_42","1","Bertha","","AGHE","Heliolonche_modiella",1,0,NA
2023,5,9,"8_31","8_42","1","Bertha","","AGHE","Heliolonche_modiella",1,0,NA
2023,5,9,"9_38","10_00","5","Bertha","","AGHE","Heliolonche_modiella",1,0,NA
2023,5,16,"7_55","8_03","4","Quarry_2","","AGHE","Heliolonche_modiella",1,100,NA
2023,5,7,"10_16","10_27","1","Bertha","","AGHE","Mordellidae",1,1,NA
2023,5,7,"2_10","2_31","1","Owl_Seep","PH1","PHTA","Pseudomasaris_coquilletti",1,10,NA
2023,5,9,"3_32","3_42","5","Owl_Seep","PH11","PHTA","Pseudomasaris_coquilletti",1,10,NA
2023,5,12,"10_59","11_20","1","Owl_Seep","PH1","PHTA","Pseudomasaris_coquilletti",1,10,NA
2023,5,12,"10_59","11_20","1","Owl_Seep","PH1","PHTA","Pseudomasaris_coquilletti",1,10,NA
2023,4,26,"8_54","11_57","3","Owl_Seep","","CRHI","Braconidae",1,5,NA
2023,4,28,"11_06","11_49","1","Quarry_1","","LACA","Braconidae",1,50,NA
2023,4,23,"11_42","12_40","5","Upper_Seep","V3","CRHI","Braconidae",1,2,NA
2023,4,24,"2_55","3_15","Focal_Obs","Upper_Grid_2","0M focal","LUSU","Thysanoptera",1,0,NA
2023,5,7,"11_08","11_24","4","Bertha","","AGHE","Sphex_sp.",1,40,NA
2023,5,9,"2_29","2_53","1","Owl_Seep","","ESCA","Anthrenus_sp.",1,20,NA
2023,5,9,"2_29","2_53","1","Owl_Seep","","ESCA","Anthrenus_sp.",1,20,NA
2023,5,17,"8_35","8_56","3","Quarry_1","","ERGU","Anthrenus_sp.",1,30,NA
2023,5,7,"10_16","10_27","1","Bertha","","LACA","Malachius_sp.",1,2,NA
2023,5,7,"12_38","12_56","1","Goatgrass","","LACA","Syrphidae",1,200,NA
2023,4,28,"9_38","10_49","2","Quarry_2","","LACA","Malachius_sp.",1,1,NA
2023,5,14,"1_52","2_02","4","Goatgrass","","WYAU","Tetraopes_basilus",1,0,NA
2023,5,25,"10_30","10_51","3","Quarry_1","","TOVE","Tetraopes_basilus",1,20,NA
2023,4,28,"11_06","11_49","3","Quarry_1","","LACA","Anthrenus_sp.",1,150,NA
2023,4,28,"11_06","11_49","3","Quarry_1","","LACA","Anthrenus_sp.",1,150,NA
2023,5,10,"10_40","11_17","4","Upper_Grid_2","V1","VIVI","Sphex_sp.",1,0,NA
2023,5,16,"9_42","10_22","4","Quarry_1","","CRHI","Nomada_obscurella",1,20,NA
2023,5,16,"9_42","10_22","4","Quarry_1","","CRHI","Nomada_obscurella",1,30,NA
2023,5,16,"12_09","12_16","1","Goatgrass","","ACMO","Asilidae",1,0,NA
2023,5,16,"12_09","12_16","1","Goatgrass","","ACMO","Asilidae",1,0,NA
2023,4,20,"3_20","3_48","5","Upper_Grid_2","","LACA","Listrus_sp._1",1,10,NA
2023,4,20,"11_50","2_12","2","Upper_Grid_1","","LACA","Listrus_sp._1",1,10,NA
2023,4,20,"11_50","2_12","3","Upper_Grid_1","","LACA","Listrus_sp._1",1,20,NA
2023,4,20,"11_50","2_12","3","Upper_Grid_1","","LACA","Listrus_sp._1",2,10,NA
2023,4,23,"9_57","10_17","Focal_Obs","Upper_Grid_2","0M focal","LODA","Listrus_sp._1",1,0,NA
2023,4,23,"9_57","10_17","Focal_Obs","Upper_Grid_2","0M focal","LODA","Listrus_sp._1",1,0,NA
2023,4,28,"9_38","10_49","3","Quarry_2","","LACA","Listrus_sp._1",1,100,NA
2023,4,28,"9_38","10_49","5","Quarry_2","","LACA","Listrus_sp._1",1,200,NA
2023,5,11,"2_12","2_22","5","Goatgrass","","LACA","Listrus_sp._1",1,10,NA
2023,5,11,"2_12","2_22","5","Goatgrass","","LACA","Listrus_sp._1",1,30,NA
2023,5,11,"4_05","4_18","1","Bertha","V1","LACA","Listrus_sp._1",1,0,NA
2023,5,11,"4_05","4_18","1","Bertha","V1","LACA","Listrus_sp._1",1,0,NA
2023,5,11,"5_00","5_12","4","Bertha","","LACA","Listrus_sp._1",1,100,NA
2023,5,14,"11_22","11_42","3","Bertha","","LACA","Listrus_sp._1",1,100,NA
2023,5,14,"11_22","11_42","3","Bertha","","LACA","Listrus_sp._1",1,50,NA
2023,5,14,"11_22","11_42","3","Bertha","","LACA","Listrus_sp._1",1,30,NA
2023,5,14,"12_00","12_11","5","Bertha","","LACA","Listrus_sp._1",1,50,NA
2023,5,14,"1_25","1_32","1","Goatgrass","V3","LACA","Listrus_sp._1",1,50,NA
2023,5,14,"1_25","1_32","1","Goatgrass","V3","LACA","Listrus_sp._1",1,50,NA
2023,5,14,"1_25","1_32","1","Goatgrass","V3","LACA","Listrus_sp._1",1,50,NA
2023,5,14,"1_33","1_42","2","Goatgrass","","LACA","Listrus_sp._1",1,0,NA
2023,5,14,"1_43","1_51","3","Goatgrass","V3","LACA","Listrus_sp._1",1,5,NA
2023,5,14,"2_04","2_10","5","Goatgrass","","LACA","Listrus_sp._1",1,50,NA
2023,5,17,"8_00","8_12","1","Quarry_1","","AGHE","Listrus_sp._1",1,10,NA
2023,5,20,"9_06","9_15","3","Bertha","","LACA","Listrus_sp._1",1,100,NA
2023,5,11,"1_02","1_17","1","Goatgrass","","LACA","Listrus_sp._1",1,50,NA
2023,5,11,"1_02","1_17","1","Goatgrass","","LACA","Listrus_sp._1",1,50,NA
2023,5,11,"1_02","1_17","1","Goatgrass","","LACA","Listrus_sp._1",1,50,NA
2023,5,11,"1_02","1_17","1","Goatgrass","","LACA","Listrus_sp._1",1,50,NA
2023,5,11,"1_02","1_17","1","Goatgrass","","LACA","Listrus_sp._1",1,10,NA
2023,5,12,"8_42","8_48","2","Quarry_2","","LACA","Listrus_sp._1",1,10,NA
2023,5,12,"3_43","3_54","1","Pond","","LACA","Listrus_sp._1",1,10,NA
2023,5,12,"3_55","4_00","2","Pond","","LACA","Listrus_sp._1",1,0,NA
2023,5,11,"2_12","2_22","5","Goatgrass","","LACA","Tachnidae",1,100,NA
2023,5,11,"4_38","4_58","3","Bertha","","LACA","Tachnidae",1,10,NA
2023,5,14,"11_22","11_42","3","Bertha","","LACA","Tachnidae",1,30,NA
2023,4,20,"11_50","2_12","5","Upper_Grid_1","","LACA","Halictus_tripartitus",1,20,NA
2023,4,20,"2_26","3_11","1","Upper_Seep","","DICA","Halictus_tripartitus",1,15,NA
2023,4,26,"8_54","11_57","2","Owl_Seep","","ESCA","Halictus_tripartitus",1,10,NA
2023,4,27,"2_33","3_15","2","Upper_Grid_1","","PHTA","Halictus_tripartitus",1,0,NA
2023,5,20,"9_16","9_30","2","Bertha","","AGHE","Diadasia_bituberculata",1,100,NA
2023,5,19,"8_18","8_38","focal_obs","Quarry_1","","VIVI","Scaeva_affinis",1,0,NA
2023,4,20,"11_50","2_12","4","Upper_Grid_1","","LACA","Panurginus_sp.",2,20,NA
2023,4,20,"11_50","2_12","4","Upper_Grid_1","","LACA","Panurginus_sp.",1,20,NA
2023,4,24,"10_01","12_45","3","Upper_Grid_1","","LACA","Listrus_sp._1",1,25,NA
2023,4,24,"3_24","4_04","5","Rock","","PLER","Listrus_sp._1",1,50,NA
2023,4,24,"3_24","4_04","5","Rock","TRFU1","TRFU","Listrus_sp._1",1,50,NA
2023,4,24,"10_01","12_45","4","Upper_Grid_1","","LACA","Syrphidae",1,15,NA
2023,4,28,"9_38","10_49","4","Quarry_2","","AGHE","Andrena_subchalybea",3,150,NA
2023,4,26,"8_54","11_57","3","Owl_Seep","","CAEX","Osmia_aglaia",4,15,NA
2023,5,7,"10_48","11_07","3","Bertha","","LAMI","silver_moth_Lepidoptera",1,300,NA
2023,5,11,"4_38","4_58","3","Bertha","","LACA","silver_moth_Lepidoptera",1,300,NA
2023,4,23,"2_19","3_35","4","Owl_Seep","PH7","PHTA","Glaucophysche_lygdamus",1,10,NA
2023,4,24,"3_24","4_04","1","Rock","V1","VIVI","Glaucophysche_lygdamus",1,0,NA
2023,4,24,"3_24","4_04","2","Rock","V2","VIVI","Glaucophysche_lygdamus",1,0,NA
2023,4,24,"3_24","4_04","3","Rock","TRFU1","TRFU","Glaucophysche_lygdamus",2,10,NA
2023,5,16,"9_42","10_22","4","Quarry_1","","CRHI","BF1_Diptera",1,10,NA
2023,4,28,"11_06","11_49","2","Quarry_1","","EUSP","silver_moth_Lepidoptera",1,100,NA
2023,5,8,"2_23","2_34","4","Upper_Seep","V3","VIVI","Braconidae",2,0,NA
2023,5,23,"1_11","1_31","focal_obs","Quarry_1","","Sidalcea_sp.","Burnsius_communis",1,50,NA
2023,5,19,"8_18","8_38","focal_obs","Quarry_1","","TRFU","Euopeodes_fumipennis",1,1,NA
2023,5,25,"9_24","9_44","focal_obs","Quarry_1","","TRFU","BF1_Diptera",1,0,NA
2023,4,20,"11_50","2_12","4","Upper_Grid_1","","LACA","Panurginus_sp.",3,30,NA
2023,4,26,"1_39","2_24","4","Lower_Grid_1","","SIBE","Panurginus_sp.",1,1,NA
2023,4,24,"10_01","12_45","2","Upper_Grid_1","","GITR","BF1_Diptera",1,10,NA
2023,5,7,"2_32","2_48","2","Owl_Seep","","CALU","BF1_Diptera",1,0,NA
2023,5,11,"2_12","2_22","5","Goatgrass","","LACA","Tachnidae",1,50,NA
2023,4,29,"10_32","10_52","Focal_Obs","Upper_Grid_2","0M focal","VIVI","Braconidae",4,0,NA
2023,4,29,"10_32","10_52","Focal_Obs","Upper_Grid_2","0M focal","VIVI","Braconidae",2,0,NA
2023,5,9,"9_38","10_00","5","Bertha","","ACMO","Lycaenidae_sp.",1,10,NA
2023,4,28,"9_38","10_49","3","Quarry_2","LUAL1","LUAL","brown_moth_Lepidoptera",1,50,NA
2023,4,28,"9_38","10_49","3","Quarry_2","LUAL1","LUAL","brown_moth_Lepidoptera",1,50,NA
2023,5,7,"12_38","12_56","1","Goatgrass","","LACA","Panurginus_sp.",1,100,NA
2023,5,7,"12_38","12_56","1","Goatgrass","","LACA","Panurginus_sp.",1,100,NA
2023,4,20,"11_50","2_12","3","Upper_Grid_1","","LACA","Bombylius_major",1,20,NA
2023,4,20,"11_50","2_12","5","Upper_Grid_1","","LACA","Bombylius_major",1,15,NA
2023,4,20,"11_50","2_12","5","Upper_Grid_1","","LACA","Bombylius_major",1,15,NA
2023,4,26,"1_39","2_24","4","Lower_Grid_1","","RACA","Bombylius_major",1,1,NA
2023,4,27,"10_55","12_00","3","Lower_Grid_1","","RACA","Bombylius_major",1,5,NA
2023,4,28,"11_06","11_49","2","Quarry_1","","LACA","Bombylius_major",1,100,NA
2023,4,28,"1_00","2_01","2","Goatgrass","","LACA","Bombylius_major",1,50,NA
2023,4,28,"1_00","2_01","3","Goatgrass","","LACA","Bombylius_major",2,20,NA
2023,4,28,"1_00","2_01","3","Goatgrass","","LACA","Bombylius_major",2,50,NA
2023,5,9,"10_46","10_56","4","Pond","","LACA","Bombylius_major",1,0,NA
2023,5,11,"4_38","4_58","3","Bertha","","LACA","Bombylius_major",1,100,NA
2023,5,12,"8_59","9_07","4","Quarry_2","","AGHE","Bombylius_major",1,60,NA
2023,5,12,"8_59","9_07","4","Quarry_2","","ERGU","Bombylius_major",1,60,NA
2023,5,12,"8_59","9_07","4","Quarry_2","","CRHI","Bombylius_major",1,60,NA
2023,5,16,"10_27","10_44","3","Quarry_1","seep","ERGU","BF1_Diptera",1,100,NA
2023,5,16,"10_27","10_44","3","Quarry_1","seep","ERGU","BF1_Diptera",1,100,NA
2023,5,14,"11_02","11_21","2","Bertha","TRLA1","TRLA","Panurginus_sp.",1,10,NA
2023,5,9,"8_58","9_16","3","Bertha","","LACA","Muscidae",1,10,NA
2023,5,27,"3_31","3_51","focal_obs","Quarry_1","","ACBR","Braconidae",1,5,NA
2023,5,14,"11_22","11_42","3","Bertha","","LACA","Andrena_dissona",1,100,NA
2023,5,16,"9_42","10_22","4","Quarry_1","","CRHI","Halictus_tripartitus",1,10,NA
2023,5,11,"1_32","1_47","3","Goatgrass","","SIBE","Scaeva_affinis",2,10,NA
2023,4,28,"9_38","10_49","3","Quarry_2","","DICA","Andrena-mimic_Syrpid",1,100,NA
2023,4,28,"9_38","10_49","3","Quarry_2","","AGHE","Andrena-mimic_Syrpid",1,100,NA
2023,4,23,"11_42","12_40","3","Upper_Seep","V3","VIVI","Scaeva_affinis",1,0,NA
2023,4,23,"9_57","10_17","Focal_Obs","Upper_Grid_2","0M focal","VIVI","Scaeva_affinis",1,0,NA
2023,4,23,"9_57","10_17","Focal_Obs","Upper_Grid_2","0M focal","VIVI","Scaeva_affinis",2,0,NA
2023,4,23,"9_57","10_17","Focal_Obs","Upper_Grid_2","0M focal","VIVI","Scaeva_affinis",1,0,NA
2023,4,24,"1_19","2_09","2","Upper_Grid_2","V3","VIVI","Scaeva_affinis",1,0,NA
2023,4,26,"8_54","11_57","1","Owl_Seep","V3","VIVI","Scaeva_affinis",1,0,NA
2023,4,26,"8_54","11_57","1","Owl_Seep","V3","VIVI","Scaeva_affinis",1,0,NA
2023,4,26,"8_54","11_57","1","Owl_Seep","V3","VIVI","Scaeva_affinis",1,0,NA
2023,4,26,"8_54","11_57","2","Owl_Seep","V1","VIVI","Scaeva_affinis",1,0,NA
2023,4,27,"3_27","4_03","2","Upper_Seep","V3","VIVI","Scaeva_affinis",1,0,NA
2023,5,5,"12_06","12_11","5","Quarry_2","","AGHE","Scaeva_affinis",3,100,NA
2023,5,7,"10_28","10_46","2","Bertha","V1","VIVI","Scaeva_affinis",1,0,NA
2023,5,7,"11_26","11_46","5","Bertha","","ERCI","Scaeva_affinis",7,0,NA
2023,5,7,"11_26","11_46","5","Bertha","","ERCI","Scaeva_affinis",4,0,NA
2023,5,7,"11_26","11_46","5","Bertha","","ERCI","Scaeva_affinis",4,0,NA
2023,5,8,"10_45","11_03","4","Owl_Seep","V5","VIVI","Scaeva_affinis",1,0,NA
2023,5,9,"8_58","9_16","3","Bertha","","ERCI","Scaeva_affinis",7,1,NA
2023,5,9,"8_58","9_16","3","Bertha","","ERCI","Scaeva_affinis",1,1,NA
2023,5,9,"9_17","9_36","4","Bertha","","AGHE","Scaeva_affinis",1,200,NA
2023,5,9,"9_38","10_00","5","Bertha","","ERCI","Scaeva_affinis",1,0,NA
2023,5,9,"9_38","10_00","5","Bertha","","ERCI","Scaeva_affinis",1,0,NA
2023,5,9,"9_38","10_00","5","Bertha","","ERCI","Scaeva_affinis",1,0,NA
2023,5,9,"9_38","10_00","5","Bertha","","ERCI","Scaeva_affinis",1,0,NA
2023,5,10,"9_56","10_04","5","Upper_Seep","V3","VIVI","Scaeva_affinis",1,0,NA
2023,5,10,"10_14","10_25","1","Upper_Grid_2","V3","VIVI","Scaeva_affinis",1,0,NA
2023,5,10,"12_35","12_43","3","Lower_Grid_1","V1","VIVI","Scaeva_affinis",3,0,NA
2023,5,11,"1_02","1_17","1","Goatgrass","","GITR","Scaeva_affinis",1,0,NA
2023,5,13,"9_01","9_07","1","Lower_Grid_1","","TRLA","Scaeva_affinis",1,12,NA
2023,5,13,"9_38","9_44","3","Lower_Grid_1","V1","VIVI","Scaeva_affinis",1,0,NA
2023,5,13,"9_38","9_44","3","Lower_Grid_1","V1","VIVI","Scaeva_affinis",1,0,NA
2023,5,13,"9_38","9_44","3","Lower_Grid_1","","TRLA","Scaeva_affinis",1,0,NA
2023,5,13,"9_45","9_52","4","Lower_Grid_1","V2","VIVI","Scaeva_affinis",3,0,NA
2023,5,13,"9_45","9_52","4","Lower_Grid_1","V2","VIVI","Scaeva_affinis",1,0,NA
2023,5,13,"9_45","9_52","4","Lower_Grid_1","V2","VIVI","Scaeva_affinis",1,0,NA
2023,5,13,"9_45","9_52","4","Lower_Grid_1","V2","VIVI","Scaeva_affinis",1,0,NA
2023,5,13,"9_53","10_01","5","Lower_Grid_1","V2","VIVI","Scaeva_affinis",1,0,NA
2023,5,13,"9_53","10_01","5","Lower_Grid_1","V2","VIVI","Scaeva_affinis",1,0,NA
2023,5,13,"10_45","10_49","3","Upper_Grid_2","V3","VIVI","Scaeva_affinis",1,0,NA
2023,5,13,"10_45","10_49","3","Upper_Grid_2","V3","VIVI","Scaeva_affinis",1,0,NA
2023,5,14,"1_43","1_51","3","Goatgrass","V3","VIVI","Scaeva_affinis",1,0,NA
2023,5,14,"1_52","2_02","4","Goatgrass","","SIBE","Scaeva_affinis",1,5,NA
2023,5,15,"11_15","11_35","Focal_Obs","Quarry_1","","VIVI","Scaeva_affinis",1,0,NA
2023,5,16,"7_31","7_54","3","Quarry_2","","AGHE","Scaeva_affinis",1,40,NA
2023,5,17,"12_00","12_06","2","Pond","VA","VIVI","Scaeva_affinis",1,0,NA
2023,5,20,"8_02","8_14","4","Goatgrass","V4","VIVI","Scaeva_affinis",1,0,NA
2023,5,20,"8_40","8_50","5","Bertha","","ERCI","Scaeva_affinis",1,0,NA
2023,5,20,"8_40","8_50","5","Bertha","VB","VIVI","Scaeva_affinis",1,0,NA
2023,5,20,"8_53","9_04","4","Bertha","V2","VIVI","Scaeva_affinis",2,0,NA
2023,5,20,"8_53","9_04","4","Bertha","V2","VIVI","Scaeva_affinis",1,0,NA
2023,5,21,"7_43","7_56","3","Quarry_1","","ALAM","Scaeva_affinis",1,100,NA
2023,5,21,"7_43","7_56","3","Quarry_1","","ALAM","Scaeva_affinis",1,100,NA
2023,4,26,"2_45","3_05","Focal_Obs","Upper_Grid_2","0M focal","LODA","Acmaeodera_sp.",1,0,NA
2023,4,28,"1_00","2_01","2","Goatgrass","","RACA","Acmaeodera_sp.",1,50,NA
2023,5,25,"9_24","9_44","focal_obs","Quarry_1","","VIVI","Thysanoptera",1,0,NA
2023,5,26,"1_58","2_18","focal_obs","Quarry_1","","SEVU","Listrus_sp._1",1,0,NA
2023,5,15,"11_15","11_35","Focal_Obs","Quarry_1","","LUSU","BF1_Diptera",1,0,NA
2023,5,20,"7_50","8_00","3","Goatgrass","","WYAN","Thysanoptera",1,0,NA
2023,5,20,"7_50","8_00","3","Goatgrass","","WYAN","Thysanoptera",1,0,NA
2023,5,20,"7_50","8_00","3","Goatgrass","","WYAN","Thysanoptera",1,0,NA
2023,5,20,"7_50","8_00","3","Goatgrass","","WYAN","Thysanoptera",1,0,NA
2023,5,20,"7_50","8_00","3","Goatgrass","","WYAN","Thysanoptera",1,0,NA
2023,5,20,"7_50","8_00","3","Goatgrass","","WYAN","Thysanoptera",1,0,NA
2023,5,20,"7_50","8_00","3","Goatgrass","","WYAN","Thysanoptera",1,0,NA
2023,5,20,"7_50","8_00","3","Goatgrass","","WYAN","Thysanoptera",1,0,NA
2023,5,20,"7_50","8_00","3","Goatgrass","","WYAN","Thysanoptera",1,0,NA
2023,5,20,"7_50","8_00","3","Goatgrass","","WYAN","Thysanoptera",1,0,NA
2023,4,27,"12_16","1_11","2","Upper_Grid_2","","TRLA","Syrphidae",1,0,NA
2023,5,11,"4_38","4_58","3","Bertha","GB3","THCA","Xylocopa_sonorina",1,300,NA
2023,5,14,"11_22","11_42","3","Bertha","GB3","THCA","Xylocopa_sonorina",8,150,NA
2023,5,14,"12_28","12_35","1","Pond","GB1","THCA","Xylocopa_sonorina",1,3,NA
2023,5,17,"8_35","8_56","3","Quarry_1","","ERGU","Euphydryas_chalcedona",1,100,NA
2023,5,14,"12_58","1_05","5","Pond","V3","VIVI","Polistes_aurifer",1,0,NA
2023,5,8,"12_50","12_59","2","Upper_Grid_2","V3","VIVI","Euopeodes_fumipennis",1,0,NA
2023,5,11,"5_00","5_12","4","Bertha","","EUSP","Euopeodes_fumipennis",1,0,NA
2023,5,13,"9_53","10_01","5","Lower_Grid_1","V2","VIVI","Euopeodes_fumipennis",2,0,NA
2023,5,14,"11_02","11_21","2","Bertha","","EUSP","Euopeodes_fumipennis",5,0,NA
2023,5,20,"8_40","8_50","5","Bertha","V5","ERCI","Euopeodes_fumipennis",1,0,NA
2023,5,20,"8_40","8_50","5","Bertha","V5","VIVI","Euopeodes_fumipennis",1,0,NA
2023,5,20,"8_40","8_50","5","Bertha","","ERCI","Euopeodes_fumipennis",1,0,NA
2023,5,20,"8_40","8_50","5","Bertha","","ERCI","Euopeodes_fumipennis",1,5,NA
2023,5,11,"4_05","4_18","1","Bertha","LUMI1","LUMI","Autographa_californica",1,0,NA
2023,5,11,"4_05","4_18","1","Bertha","LUMI1","LUMI","Autographa_californica",1,0,NA
2023,4,24,"3_24","4_04","2","Rock","V2","VIVI","Xylocopa_sp.",3,0,NA
2023,4,27,"10_55","12_00","1","Lower_Grid_1","GB2","THCA","Xylocopa_sp.",1,300,NA
2023,5,9,"10_15","10_29","1","Pond","GB1","THCA","Xylocopa_sp.",3,10,NA
2023,5,11,"4_38","4_58","3","Bertha","GB3","THCA","Xylocopa_sp.",1,300,NA
2023,5,9,"10_15","10_29","1","Pond","DEVA1","DEVA","Xylocopa_tabaniformis",5,10,NA
2023,5,11,"2_51","3_01","1","Pond","DEVA1","DEVA","Xylocopa_tabaniformis",1,10,NA
2023,5,11,"2_51","3_01","1","Pond","GB1","THCA","Xylocopa_tabaniformis",2,10,NA
2023,5,11,"3_48","3_59","5","Pond","GB2","TRLA","Xylocopa_tabaniformis",1,1,NA
2023,5,11,"3_48","3_59","5","Pond","GB3","THCA","Xylocopa_tabaniformis",2,5,NA
2023,5,11,"4_19","4_37","2","Bertha","GB1","THCA","Xylocopa_tabaniformis",1,100,NA
2023,5,11,"4_19","4_37","2","Bertha","","THCA","Xylocopa_tabaniformis",2,200,NA
2023,5,11,"4_19","4_37","2","Bertha","","THCA","Xylocopa_tabaniformis",1,200,NA
2023,5,11,"4_19","4_37","2","Bertha","","THCA","Xylocopa_tabaniformis",1,200,NA
2023,5,11,"4_38","4_58","3","Bertha","GB3","THCA","Xylocopa_tabaniformis",2,300,NA
2023,5,12,"3_43","3_54","1","Pond","GB1","THCA","Xylocopa_tabaniformis",1,1,NA
2023,5,9,"10_38","10_45","3","Pond","V1","VIVI","Xylocopa_tabaniformis",6,0,NA
2023,5,9,"10_57","11_07","5","Pond","GB2","THCA","Xylocopa_tabaniformis",5,5,NA
2023,5,9,"10_57","11_07","5","Pond","GB2","THCA","Xylocopa_tabaniformis",4,5,NA
2023,4,23,"2_19","3_35","5","Owl_Seep","","CRHI","Nomada_hesperia",1,10,NA
2023,4,22,"2_36","4_38","1","Owl_Seep","PH1","PHTA","Polistes_aurifer",1,5,NA
2023,4,22,"2_36","4_38","1","Owl_Seep","PH1","PHTA","Polistes_aurifer",1,5,NA
2023,4,22,"2_36","4_38","3","Owl_Seep","PH5","PHTA","Polistes_aurifer",1,20,NA
2023,5,16,"8_32","8_52","focal_obs","Quarry_1","","Sidalcea_sp.","Helithodes_dimutiva",1,50,NA
2023,5,16,"8_32","8_52","focal_obs","Quarry_1","","LUMI","Listrus_sp._1",1,50,NA
2023,5,16,"8_32","8_52","focal_obs","Quarry_1","","MIDO","Andrena_sp.",2,50,NA
2023,5,16,"8_32","8_52","focal_obs","Quarry_1","","MIDO","Panurginus_sp.",1,50,NA
2023,5,16,"8_32","8_52","focal_obs","Quarry_1","","MIDO","Andrena_subchalybea",3,50,NA
2023,5,16,"8_32","8_52","focal_obs","Quarry_1","","MIDO","Listrus_sp._1",1,50,NA
2023,5,16,"8_32","8_52","focal_obs","Quarry_1","","MIDO","Andrena_subchalybea",5,50,NA
2023,5,16,"8_32","8_52","focal_obs","Quarry_1","","MIDO","Andrena_subchalybea",3,50,NA
2023,5,16,"8_32","8_52","focal_obs","Quarry_1","","MIDO","Andrena_subchalybea",1,50,NA
2023,5,16,"8_32","8_52","focal_obs","Quarry_1","","AGHE","Andrena_subchalybea",1,50,NA
2023,5,16,"8_59","9_19","focal_obs","Quarry_1","","LUSU","Listrus_sp._1",1,1,NA
2023,5,16,"8_59","9_19","focal_obs","Quarry_1","","LUSU","Listrus_sp._1",1,1,NA
2023,5,16,"8_59","9_19","focal_obs","Quarry_1","","LUSU","Listrus_sp._1",1,1,NA
2023,5,16,"8_59","9_19","focal_obs","Quarry_1","","LUSU","Listrus_sp._1",1,1,NA
2023,5,16,"8_59","9_19","focal_obs","Quarry_1","","LUSU","Listrus_sp._1",1,1,NA
2023,5,16,"8_59","9_19","focal_obs","Quarry_1","","LUSU","Listrus_sp._1",1,1,NA
2023,5,16,"8_59","9_19","focal_obs","Quarry_1","","VIVI","Bombus_vosnesenskii",4,0,NA
2023,5,16,"8_59","9_19","focal_obs","Quarry_1","","VIVI","Eucera_actuosa",3,0,NA
2023,5,16,"8_59","9_19","focal_obs","Quarry_1","","LUSU","Listrus_sp._1",1,0,NA
2023,5,16,"8_59","9_19","focal_obs","Quarry_1","","LUSU","Listrus_sp._1",1,0,NA
2023,5,16,"8_59","9_19","focal_obs","Quarry_1","","LUSU","Listrus_sp._1",1,0,NA
2023,5,16,"12_36","12_46","4","Goatgrass","","VIVI","Eucera_actuosa",1,0,NA
2023,5,16,"12_36","12_46","4","Goatgrass","","VIVI","Eucera_actuosa",1,0,NA
2023,5,16,"12_36","12_46","4","Goatgrass","","VIVI","Eucera_actuosa",2,0,NA
2023,5,16,"12_36","12_46","4","Goatgrass","","SIBE","Listrus_sp._1",1,5,NA
2023,5,16,"12_36","12_46","4","Goatgrass","","SIBE","Listrus_sp._1",1,5,NA
2023,5,16,"12_36","12_46","4","Goatgrass","","VIVI","Apis_mellifera",1,0,NA
2023,5,16,"12_36","12_46","4","Goatgrass","","VIVI","Apis_mellifera",1,0,NA
2023,5,16,"12_36","12_46","5","Goatgrass","","ACMO","Helithodes_dimutiva",1,10,NA
2023,5,16,"12_36","12_46","5","Goatgrass","","ACMO","Helithodes_dimutiva",1,10,NA
2023,5,16,"12_36","12_46","5","Goatgrass","","LACA","silver_moth_Lepidoptera",1,10,NA
2023,5,16,"12_36","12_46","5","Goatgrass","","LACA","Acmaeodera_sp.",1,40,NA
2023,5,16,"12_36","12_46","5","Goatgrass","","RILE","Helithodes_dimutiva",1,50,NA
2023,5,16,"12_36","12_46","5","Goatgrass","","LACA","Listrus_sp._1",1,55,NA
2023,5,17,"9_51","10_11","50_M_Focal","Quarry_1","","TRFU","Listrus_sp._1",1,50,NA
2023,5,17,"9_51","10_11","50_M_Focal","Quarry_1","","LUSU","Listrus_sp._1",1,50,NA
2023,5,17,"10_18","10_38","0_M_Focal","Quarry_1","","VIVI","Muscidae",2,0,NA
2023,5,17,"10_18","10_38","0_M_Focal","Quarry_1","","VIVI","Eucera_actuosa",3,0,NA
2023,5,17,"10_18","10_38","0_M_Focal","Quarry_1","","VIVI","Eucera_actuosa",1,0,NA
2023,5,17,"10_18","10_38","0_M_Focal","Quarry_1","","LUSU","Listrus_sp._1",1,0,NA
2023,5,17,"10_18","10_38","0_M_Focal","Quarry_1","","LUSU","Listrus_sp._1",1,0,NA
2023,5,17,"10_18","10_38","0_M_Focal","Quarry_1","","LUSU","Listrus_sp._1",1,0,NA
2023,5,17,"10_18","10_38","0_M_Focal","Quarry_1","","LUSU","Listrus_sp._1",1,0,NA
2023,5,17,"10_18","10_38","0_M_Focal","Quarry_1","","LUSU","Listrus_sp._1",1,0,NA
2023,5,17,"10_18","10_38","0_M_Focal","Quarry_1","","LUSU","Listrus_sp._1",1,0,NA
2023,5,17,"10_18","10_38","0_M_Focal","Quarry_1","","LUSU","Listrus_sp._1",1,0,NA
2023,5,17,"12_57","1_10","3","Bertha","","LACA","Listrus_sp._1",1,100,NA
2023,5,17,"12_57","1_10","3","Bertha","","VIVI","Apis_mellifera",2,0,NA
2023,5,17,"12_57","1_10","3","Bertha","","VIVI","Apis_mellifera",1,0,NA
2023,5,17,"12_57","1_10","3","Bertha","","VIVI","Apis_mellifera",1,0,NA
2023,5,17,"12_57","1_10","3","Bertha","","VIVI","Apis_mellifera",1,0,NA
2023,5,17,"12_57","1_10","3","Bertha","","VIVI","Apis_mellifera",1,0,NA
2023,5,17,"12_57","1_10","3","Bertha","","VIVI","Apis_mellifera",1,0,NA
2023,5,17,"12_57","1_10","4","Bertha","","VIVI","Apis_mellifera",1,0,NA
2023,5,17,"12_57","1_10","4","Bertha","","VIVI","Apis_mellifera",1,0,NA
2023,5,17,"12_57","1_10","4","Bertha","","VIVI","Apis_mellifera",2,0,NA
2023,5,17,"12_57","1_10","4","Bertha","","VIVI","Apis_mellifera",1,0,NA
2023,5,17,"12_57","1_10","4","Bertha","","VIVI","Apis_mellifera",1,0,NA
2023,5,17,"12_57","1_10","4","Bertha","","VIVI","Apis_mellifera",1,0,NA
2023,5,17,"12_57","1_10","4","Bertha","","VIVI","Apis_mellifera",1,0,NA
2023,5,17,"12_57","1_10","4","Bertha","","VIVI","Apis_mellifera",1,0,NA
2023,5,17,"12_57","1_10","4","Bertha","","VIVI","Apis_mellifera",1,0,NA
2023,5,17,"12_57","1_10","4","Bertha","","VIVI","Apis_mellifera",1,0,NA
2023,5,17,"12_57","1_10","4","Bertha","","VIVI","Eucera_actuosa",1,0,NA
2023,5,17,"12_57","1_10","4","Bertha","","LACA","Nomada_hesperia",1,50,NA
2023,5,17,"1_24","1_52","5","Bertha","","LACA","Listrus_sp._1",1,50,NA
2023,5,17,"1_24","1_52","5","Bertha","","LACA","Listrus_sp._1",1,50,NA
2023,5,17,"1_24","1_52","5","Bertha","","VIVI","Apis_mellifera",1,0,NA
2023,5,18,"8_07","8_27","1M_Focal_Obs","Quarry_1","","TRFU","Listrus_sp._1",1,1,NA
2023,5,18,"8_07","8_27","1M_Focal_Obs","Quarry_1","","LUSU","Listrus_sp._1",1,1,NA
2023,5,18,"8_07","8_27","1M_Focal_Obs","Quarry_1","","LUSU","Listrus_sp._2",1,1,NA
2023,5,18,"8_07","8_27","1M_Focal_Obs","Quarry_1","","TRFU","Listrus_sp._1",1,1,NA
2023,5,18,"8_07","8_27","1M_Focal_Obs","Quarry_1","","TRFU","Listrus_sp._1",1,1,NA
2023,5,18,"8_07","8_27","1M_Focal_Obs","Quarry_1","","TRFU","Listrus_sp._1",1,1,NA
2023,5,18,"8_07","8_27","1M_Focal_Obs","Quarry_1","","LUSU","Listrus_sp._1",1,1,NA
2023,5,18,"8_07","8_27","1M_Focal_Obs","Quarry_1","","LUSU","Listrus_sp._1",1,1,NA
2023,5,18,"8_07","8_27","1M_Focal_Obs","Quarry_1","","LUSU","Listrus_sp._1",1,1,NA
2023,5,18,"8_07","8_27","1M_Focal_Obs","Quarry_1","","LUSU","Listrus_sp._1",1,1,NA
2023,5,18,"8_27","8_47","1M_Focal_Obs","Quarry_1","","LUSU","Cantharidae",1,0,NA
2023,5,18,"8_27","8_47","1M_Focal_Obs","Quarry_1","","LUSU","Listrus_sp._1",1,0,NA
2023,5,18,"8_27","8_47","1M_Focal_Obs","Quarry_1","","LUSU","Listrus_sp._1",1,0,NA
2023,5,18,"8_27","8_47","1M_Focal_Obs","Quarry_1","","LUSU","Listrus_sp._1",1,0,NA
2023,5,18,"8_27","8_47","1M_Focal_Obs","Quarry_1","","LUSU","Listrus_sp._1",1,0,NA
2023,5,18,"8_27","8_47","1M_Focal_Obs","Quarry_1","","LUSU","Listrus_sp._1",1,0,NA
2023,5,18,"8_27","8_47","1M_Focal_Obs","Quarry_1","","LUSU","Listrus_sp._1",1,0,NA
2023,5,18,"8_27","8_47","1M_Focal_Obs","Quarry_1","","VIVI","Hippodamia_convergens",1,0,NA
2023,5,18,"8_49","9_09","5M_Focal_Obs","Quarry_1","","ESCA","Listrus_sp._1",1,5,NA
2023,5,18,"8_49","9_09","5M_Focal_Obs","Quarry_1","","ESCA","Listrus_sp._1",1,5,NA
2023,5,18,"8_49","9_09","5M_Focal_Obs","Quarry_1","","ESCA","Listrus_sp._1",1,5,NA
2023,5,18,"9_14","9_34","50M_Focal_Obs","Quarry_1","","LUSU","Listrus_sp._2",1,50,NA
2023,5,18,"9_14","9_34","50M_Focal_Obs","Quarry_1","","Sidalcea_sp.","Listrus_sp._2",1,50,NA
2023,5,18,"9_14","9_34","50M_Focal_Obs","Quarry_1","","LUSU","Listrus_sp._2",1,50,NA
2023,5,18,"9_14","9_34","50M_Focal_Obs","Quarry_1","","MIDO","Listrus_sp._1",1,50,NA
2023,5,18,"9_14","9_34","50M_Focal_Obs","Quarry_1","","MIDO","Listrus_sp._1",1,50,NA
2023,5,18,"9_14","9_34","50M_Focal_Obs","Quarry_1","","LUSU","Listrus_sp._2",1,50,NA
2023,5,18,"9_14","9_34","50M_Focal_Obs","Quarry_1","","LUSU","Listrus_sp._2",1,50,NA
2023,5,18,"9_14","9_34","50M_Focal_Obs","Quarry_1","","LUSU","Listrus_sp._2",1,50,NA
2023,5,18,"9_14","9_34","50M_Focal_Obs","Quarry_1","","LUSU","Listrus_sp._2",1,50,NA
2024,4,21,"9_15","9_39","1","Rock","R1","TRFU","Listrus_sp._1",1,50,""
2024,4,21,"9_15","9_39","1","Rock","R1","RACA","Listrus_sp._1",1,50,""
2024,4,21,"9_15","9_39","1","Rock","R1","RACA","BF1_Diptera",1,50,""
2024,4,21,"9_15","9_39","1","Rock","R1","RACA","Malachius_sp.",1,50,""
2024,4,21,"9_15","9_39","1","Rock","R1","RACA","Listrus_sp._1",1,50,""
2024,4,21,"9_15","9_39","1","Rock","R1","TRLA","Listrus_sp._1",1,50,""
2024,4,21,"9_15","9_39","1","Rock","R1","TRLA","Listrus_sp._1",1,50,""
2024,4,21,"9_15","9_39","1","Rock","R1","MIDO","Acmaeodera_sp.",1,40,""
2024,4,21,"9_15","9_39","1","Rock","R1","ERGU","Acmaeodera_sp.",1,5,""
2024,4,21,"9_15","9_39","1","Rock","R1","ERGU","BF1_Diptera",1,5,""
2024,4,21,"9_15","9_39","1","Rock","R1","MIDO","Acmaeodera_sp.",1,5,""
2024,4,21,"9_15","9_39","1","Rock","R1","TRFU","Listrus_sp._1",1,3,""
2024,4,21,"9_15","9_39","1","Rock","R1","VIVI","Eucera_actuosa",1,0,""
2024,4,21,"9_15","9_39","1","Rock","R1","VIVI","Eucera_actuosa",2,0,""
2024,4,21,"9_15","9_39","1","Rock","R1","VIVI","Osmia_cara",4,0,""
2024,4,21,"9_15","9_39","1","Rock","R1","VIVI","Eucera_actuosa",1,0,""
2024,4,21,"9_15","9_39","1","Rock","R1","VIVI","Eucera_actuosa",1,0,""
2024,4,21,"9_15","9_39","1","Rock","R1","VIVI","Glaucophysche_lygdamus",1,0,""
2024,4,21,"9_45","10_11","1","Upper_Grid_2","UG2_1","TRFU","Listrus_sp._1",1,10,""
2024,4,21,"9_45","10_11","2","Upper_Grid_2","UG2_1","VIVI","Bombus_vosnesenskii",1,0,""
2024,4,21,"9_45","10_11","2","Upper_Grid_2","UG2_1","VIVI","Muscidae",1,0,""
2024,4,21,"9_45","10_11","2","Upper_Grid_2","UG2_1","VIVI","Bombus_melanopygus",6,0,""
2024,4,21,"9_45","10_11","2","Upper_Grid_2","UG2_1","VIVI","Apis_mellifera",1,0,""
2024,4,21,"9_45","10_11","2","Upper_Grid_2","UG2_1","LUSU","Listrus_sp._2",1,0,""
2024,4,21,"9_45","10_11","2","Upper_Grid_2","UG2_1","VIVI","Muscidae",1,0,""
2024,4,21,"9_45","10_11","2","Upper_Grid_2","UG2_1","DICA","Listrus_sp._1",1,0,""
2024,4,21,"9_45","10_11","2","Upper_Grid_2","UG2_1","DICA","Listrus_sp._1",1,0,""
2024,4,21,"9_45","10_11","2","Upper_Grid_2","UG2_1","DICA","Listrus_sp._1",1,0,""
2024,4,21,"9_45","10_11","2","Upper_Grid_2","UG2_1","VIVI","Eucera_actuosa",2,0,""
2024,4,21,"9_45","10_11","2","Upper_Grid_2","UG2_1","VIVI","Eucera_actuosa",1,0,""
2024,4,21,"9_45","10_11","3","Upper_Grid_2","UG2_2","TRFU","Listrus_sp._1",1,0,""
2024,4,21,"9_45","10_11","3","Upper_Grid_2","UG2_2","TRFU","Listrus_sp._1",1,0,""
2024,4,21,"9_45","10_11","3","Upper_Grid_2","UG2_2","TRFU","Osmia_cara",1,5,""
2024,4,21,"9_45","10_11","3","Upper_Grid_2","UG2_2","TRFU","Listrus_sp._1",1,5,""
2024,4,21,"9_45","10_11","4","Upper_Grid_2","UG2_2","DEHE","Listrus_sp._1",1,2,""
2024,4,21,"9_45","10_11","4","Upper_Grid_2","UG2_2","VIVI","Eucera_actuosa",4,0,""
2024,4,21,"9_45","10_11","4","Upper_Grid_2","UG2_2","VIVI","Lasiglossum (Hemihalictus sp.)",3,0,""
2024,4,21,"9_45","10_11","4","Upper_Grid_2","UG2_2","VIVI","Anthophora_californica",4,0,""
2024,4,21,"9_45","10_11","4","Upper_Grid_2","UG2_2","VIVI","Anthophora_californica",2,0,""
2024,4,21,"9_45","10_11","4","Upper_Grid_2","UG2_2","VIVI","Eucera_actuosa",2,0,""
2024,4,21,"9_45","10_11","4","Upper_Grid_2","UG2_2","DICA","Listrus_sp._1",1,0,""
2024,4,21,"9_45","10_11","4","Upper_Grid_2","UG2_2","VIVI","Muscidae",1,0,""
2024,4,21,"9_45","10_11","4","Upper_Grid_2","UG2_2","VIVI","Apis_mellifera",2,0,""
2024,4,21,"9_45","10_11","4","Upper_Grid_2","UG2_2","VIVI","Bombus_californicus",1,0,""
2024,4,21,"10_43","11_28","2","South_Goatgrass","SG_1","LACA","Listrus_sp._1",1,0,""
2024,4,21,"10_43","11_28","2","South_Goatgrass","SG_1","LACA","BF1_Diptera",1,0,""
2024,4,21,"10_43","11_28","2","South_Goatgrass","SG_1","VIVI","Bombus_melanopygus",2,0,""
2024,4,21,"10_43","11_28","2","South_Goatgrass","SG_1","VIVI","Bombus_melanopygus",1,0,""
2024,4,21,"10_43","11_28","2","South_Goatgrass","SG_1","LACA","BF1_Diptera",1,0,""
2024,4,21,"10_43","11_28","2","South_Goatgrass","SG_1","VIVI","Bombus_melanopygus",2,0,""
2024,4,21,"10_43","11_28","2","South_Goatgrass","SG_1","VIVI","Eucera_frater_albopilosa",1,0,""
2024,4,21,"10_43","11_28","2","South_Goatgrass","SG_1","VIVI","Eucera_frater_albopilosa",2,0,""
2024,4,21,"10_43","11_28","2","South_Goatgrass","SG_1","LACA","BF1_Diptera",1,0,""
2024,4,21,"10_43","11_28","2","South_Goatgrass","SG_1","LACA","BF1_Diptera",1,0,""
2024,4,21,"10_43","11_28","2","South_Goatgrass","SG_1","LACA","BF1_Diptera",1,0,""
2024,4,21,"10_43","11_28","2","South_Goatgrass","SG_1","VIVI","Eucera_actuosa",1,0,""
2024,4,21,"10_43","11_28","2","South_Goatgrass","SG_1","VIVI","Eucera_frater_albopilosa",1,0,""
2024,4,21,"10_43","11_28","2","South_Goatgrass","SG_1","LACA","Bombylius_major",1,0,""
2024,4,21,"10_43","11_28","1","South_Goatgrass","SG_1","LACA","Andrena_dissona",2,0,""
2024,4,21,"10_43","11_28","1","South_Goatgrass","SG_1","LACA","Bombylius_major",2,0,""
2024,4,21,"10_43","11_28","1","South_Goatgrass","SG_1","LACA","BF1_Diptera",1,0,""
2024,4,21,"10_43","11_28","1","South_Goatgrass","SG_1","LACA","BF1_Diptera",1,0,""
2024,4,21,"10_43","11_28","1","South_Goatgrass","SG_1","LACA","BF1_Diptera",1,0,""
2024,4,21,"10_43","11_28","1","South_Goatgrass","SG_1","TRFU","Listrus_sp._1",1,0,"49"
2024,4,21,"10_43","11_28","1","South_Goatgrass","SG_1","LACA","BF1_Diptera",1,0,""
2024,4,21,"10_43","11_28","1","South_Goatgrass","SG_1","LACA","BF1_Diptera",1,0,""
2024,4,21,"10_43","11_28","1","South_Goatgrass","SG_1","LACA","Bombylius_major",1,0,""
2024,4,21,"10_43","11_28","1","South_Goatgrass","SG_1","LACA","BF1_Diptera",1,0,""
2024,4,21,"10_43","11_28","1","South_Goatgrass","SG_1","LACA","BF1_Diptera",1,0,""
2024,4,21,"10_43","11_28","1","South_Goatgrass","SG_1","TRFU","Listrus_sp._1",1,0,"46"
2024,4,21,"10_43","11_28","1","South_Goatgrass","SG_1","LACA","Bombylius_major",1,0,""
2024,4,21,"10_43","11_28","1","South_Goatgrass","SG_1","LACA","BF1_Diptera",1,2,""
2024,4,21,"10_43","11_28","1","South_Goatgrass","SG_1","LACA","Tachnidae",1,2,""
2024,4,21,"10_43","11_28","1","South_Goatgrass","SG_1","TRAL","Andrena_sp.",2,2,""
2024,4,21,"10_43","11_28","1","South_Goatgrass","SG_1","LACA","Listrus_sp._1",1,2,""
2024,4,21,"10_43","11_28","1","South_Goatgrass","SG_1","LACA","BF1_Diptera",1,2,""
2024,4,21,"10_43","11_28","1","South_Goatgrass","SG_1","LACA","Listrus_sp._1",1,2,""
2024,4,21,"10_43","11_28","1","South_Goatgrass","SG_1","LACA","Sphaerophoria_sp.",1,2,""
2024,4,21,"10_43","11_28","1","South_Goatgrass","SG_1","LACA","Bombus_melanopygus",1,0,""
2024,4,21,"10_43","11_28","1","South_Goatgrass","SG_1","LACA","BF1_Diptera",1,0,""
2024,4,21,"10_43","11_28","1","South_Goatgrass","SG_1","LACA","BF1_Diptera",1,0,""
2024,4,21,"10_43","11_28","1","South_Goatgrass","SG_1","LACA","BF1_Diptera",1,0,""
2024,4,21,"10_43","11_28","1","South_Goatgrass","SG_1","LACA","Anthrenus_sp.",1,0,""
2024,4,21,"10_43","11_28","1","South_Goatgrass","SG_1","LACA","BF1_Diptera",1,0,""
2024,4,21,"10_43","11_28","1","South_Goatgrass","SG_1","TRAL","Glaucophysche_lygdamus",1,1,""
2024,4,21,"10_43","11_28","1","South_Goatgrass","SG_1","LACA","BF1_Diptera",1,1,""
2024,4,21,"10_43","11_28","1","South_Goatgrass","SG_1","LACA","BF1_Diptera",1,1,""
2024,4,21,"10_43","11_28","1","South_Goatgrass","SG_1","LACA","Listrus_sp._1",1,0,""
2024,4,21,"10_43","11_28","1","South_Goatgrass","SG_1","VIVI","Apis_mellifera",3,0,""
2024,4,21,"10_43","11_28","1","South_Goatgrass","SG_1","VIVI","Osmia_cara",2,0,""
2024,4,21,"10_43","11_28","1","South_Goatgrass","SG_1","ESCA","Bombylius_major",1,0,""
2024,4,21,"10_43","11_28","1","South_Goatgrass","SG_1","LACA","Coenonympha_californica",1,0,""
2024,4,21,"10_43","11_28","1","South_Goatgrass","SG_1","LACA","BF1_Diptera",1,0,""
2024,4,21,"10_43","11_28","1","South_Goatgrass","SG_1","LACA","BF1_Diptera",1,0,""
2024,4,21,"10_43","11_28","1","South_Goatgrass","SG_1","LACA","BF1_Diptera",1,0,""
2024,4,21,"10_43","11_28","1","South_Goatgrass","SG_1","LACA","BF1_Diptera",1,0,""
2024,4,21,"10_43","11_28","1","South_Goatgrass","SG_1","VIVI","Anthophora_crotchii",2,0,""
2024,4,21,"10_43","11_28","1","South_Goatgrass","SG_1","LACA","Adela_eldorada",1,0,""
2024,4,21,"10_43","11_28","1","South_Goatgrass","SG_1","LACA","Andrena_sp.",1,1,""
2024,4,21,"10_43","11_28","1","South_Goatgrass","SG_1","LACA","BF1_Diptera",1,0,""
2024,4,21,"10_43","11_28","1","South_Goatgrass","SG_1","LACA","BF1_Diptera",1,0,""
2024,4,21,"10_43","11_28","1","South_Goatgrass","SG_1","LACA","Bombylius_major",1,1,""
2024,4,21,"10_43","11_28","1","South_Goatgrass","SG_1","LACA","BF1_Diptera",1,0,""
2024,4,21,"10_43","11_28","1","South_Goatgrass","SG_1","TRFU","BF1_Diptera",1,0,""
2024,4,21,"10_43","11_28","1","South_Goatgrass","SG_1","LACA","BF1_Diptera",1,0,""
2024,4,21,"10_43","11_28","1","South_Goatgrass","SG_1","LACA","BF1_Diptera",1,0,""
2024,4,21,"10_43","11_28","1","South_Goatgrass","SG_1","LACA","BF1_Diptera",1,0,""
2024,4,21,"10_43","11_28","1","South_Goatgrass","SG_1","LACA","BF1_Diptera",1,0,""
2024,4,21,"10_43","11_28","1","South_Goatgrass","SG_1","LACA","BF1_Diptera",1,0,""
2024,4,21,"10_43","11_28","1","South_Goatgrass","SG_1","LACA","Listrus_sp._1",1,0,""
2024,4,21,"10_43","11_28","1","South_Goatgrass","SG_1","LACA","Muscidae",1,0,""
2024,4,21,"10_43","11_28","1","South_Goatgrass","SG_1","LACA","Andrena_sp.",1,0,""
2024,4,21,"10_43","11_28","1","South_Goatgrass","SG_1","VIVI","Glaucophysche_lygdamus",1,0,""
2024,4,21,"10_43","11_28","1","South_Goatgrass","SG_1","LACA","Cyrtopogon_sp.",2,0,""
2024,4,21,"10_43","11_28","1","South_Goatgrass","SG_1","LACA","Apis_mellifera",3,0,""
2024,4,21,"10_43","11_28","1","South_Goatgrass","SG_1","LACA","Andrena_pensilis",1,0,""
2024,4,21,"10_43","11_28","1","South_Goatgrass","SG_1","LACA","BF1_Diptera",1,0,""
2024,4,21,"10_43","11_28","1","South_Goatgrass","SG_1","LACA","BF1_Diptera",1,0,""
2024,4,21,"10_43","11_28","1","South_Goatgrass","SG_1","LACA","Bombylius_major",1,1,""
2024,4,21,"10_43","11_28","1","South_Goatgrass","SG_1","LACA","BF1_Diptera",1,0,""
2024,4,21,"10_43","11_28","1","South_Goatgrass","SG_1","LACA","BF1_Diptera",1,0,""
2024,4,21,"10_43","11_28","1","South_Goatgrass","SG_1","LACA","BF1_Diptera",1,0,""
2024,4,21,"10_43","11_28","1","South_Goatgrass","SG_1","LACA","BF1_Diptera",1,0,""
2024,4,15,"3_41","4_30","1","Quarry_1","Q1","VIVI","Eucera_frater_albopilosa",1,0,""
2024,4,15,"3_41","4_30","1","Quarry_1","Q1","VIVI","Bombus_californicus",2,0,""
2024,4,15,"3_41","4_30","1","Quarry_1","Q1","ESCA","Listrus_sp._1",1,0,""
2024,4,15,"3_41","4_30","1","Quarry_1","Q1","ESCA","Listrus_sp._1",1,0,""
2024,4,15,"3_41","4_30","1","Quarry_1","Q1","ESCA","Listrus_sp._1",1,0,""
2024,4,15,"3_41","4_30","1","Quarry_1","Q1","ESCA","Listrus_sp._1",1,0,""
2024,4,15,"3_41","4_30","1","Quarry_1","Q1","ESCA","Listrus_sp._1",1,0,""
2024,4,15,"3_41","4_30","1","Quarry_1","Q1","ESCA","Listrus_sp._1",1,0,""
2024,4,15,"3_41","4_30","1","Quarry_1","Q1","ESCA","Listrus_sp._1",1,0,""
2024,4,15,"3_41","4_30","1","Quarry_1","Q1","ESCA","Listrus_sp._1",1,0,""
2024,4,15,"3_41","4_30","1","Quarry_1","Q1","LACA","Bombylius_major",1,1,""
2024,4,15,"3_41","4_30","1","Quarry_1","Q1","LACA","Listrus_sp._1",1,1,""
2024,4,15,"3_41","4_30","1","Quarry_1","Q1","LACA","Listrus_sp._1",1,1,""
2024,4,15,"3_41","4_30","1","Quarry_1","Q1","LACA","Listrus_sp._1",1,3,""
2024,4,15,"3_41","4_30","1","Quarry_1","Q1","LACA","Listrus_sp._1",1,4,""
2024,4,15,"3_41","4_30","1","Quarry_1","Q1","LACA","Listrus_sp._1",1,4,""
2024,4,15,"3_41","4_30","1","Quarry_1","Q1","LACA","Anthrenus_sp.",1,4,""
2024,4,15,"3_41","4_30","1","Quarry_1","Q1","LACA","Cyrtopogon_sp.",1,0,""
2024,4,15,"3_41","4_30","1","Quarry_1","Q1","LACA","Cyrtopogon_sp.",1,0,""
2024,4,15,"3_41","4_30","1","Quarry_1","Q1","LACA","Cyrtopogon_sp.",1,0,""
2024,4,15,"3_41","4_30","1","Quarry_1","Q1","TRFU","Listrus_sp._1",1,2,"46"
2024,4,15,"3_41","4_30","1","Quarry_1","Q1","TRFU","Listrus_sp._1",1,2,"34"
2024,4,15,"3_41","4_30","1","Quarry_1","Q1","TRFU","Listrus_sp._1",1,2,"36"
2024,4,15,"3_41","4_30","1","Quarry_1","Q1","TRFU","Listrus_sp._1",1,2,"50"
2024,4,15,"3_41","4_30","1","Quarry_1","Q1","LACA","Chrysis_angolensis",4,2,""
2024,4,15,"3_41","4_30","1","Quarry_1","Q1","TRFU","Muscidae",1,2,""
2024,4,15,"3_41","4_30","1","Quarry_1","Q1","LACA","Listrus_sp._1",1,2,""
2024,4,15,"3_41","4_30","1","Quarry_1","Q1","LACA","Listrus_sp._1",1,2,""
2024,4,15,"3_41","4_30","1","Quarry_1","Q1","LACA","Listrus_sp._1",1,2,""
2024,4,15,"3_41","4_30","1","Quarry_1","Q1","LACA","Listrus_sp._1",1,2,""
2024,4,15,"3_41","4_30","1","Quarry_1","Q1","LACA","Bombylius_major",2,2,""
2024,4,15,"3_41","4_30","1","Quarry_1","Q1","LACA","Bombylius_major",1,2,""
2024,4,15,"3_41","4_30","1","Quarry_1","Q1","LACA","Listrus_sp._1",1,1,""
2024,4,15,"3_41","4_30","1","Quarry_1","Q1","LACA","Bombylius_major",1,3,""
2024,4,15,"3_41","4_30","1","Quarry_1","Q1","LACA","Adela_flammeusella",1,3,""
2024,4,15,"3_41","4_30","1","Quarry_1","Q1","LACA","Andrena_pallidifovea",1,3,""
2024,4,15,"3_41","4_30","1","Quarry_1","Q1","LACA","Listrus_sp._1",1,3,""
2024,4,15,"3_41","4_30","1","Quarry_1","Q1","LACA","Listrus_sp._1",1,3,""
2024,4,15,"3_41","4_30","1","Quarry_1","Q1","LACA","Listrus_sp._1",1,3,""
2024,4,15,"3_41","4_30","1","Quarry_1","Q1","LACA","Anthrenus_sp.",1,3,""
2024,4,15,"3_41","4_30","1","Quarry_1","Q1","LACA","Bombylius_major",1,3,""
2024,4,15,"3_41","4_30","1","Quarry_1","Q1","LACA","Bombylius_major",1,3,""
2024,4,15,"3_41","4_30","1","Quarry_1","Q1","LACA","Andrena_pallidifovea",1,3,""
2024,4,15,"3_41","4_30","1","Quarry_1","Q1","LACA","Bombylius_major",1,2,""
2024,4,15,"3_41","4_30","1","Quarry_1","Q1","LACA","Chrysis_angolensis",3,2,""
2024,4,15,"3_41","4_30","1","Quarry_1","Q1","DICA","Adela_flammeusella",1,2,""
2024,4,15,"3_41","4_30","1","Quarry_1","Q1","LACA","Listrus_sp._1",1,1,""
2024,4,15,"3_41","4_30","1","Quarry_1","Q1","LACA","Listrus_sp._1",1,1,""
2024,4,15,"3_41","4_30","1","Quarry_1","Q1","LACA","silver_moth_Lepidoptera",1,5,""
2024,4,15,"3_41","4_30","1","Quarry_1","Q1","LACA","Listrus_sp._1",1,5,""
2024,4,15,"3_41","4_30","1","Quarry_1","Q1","LACA","Listrus_sp._1",1,5,""
2024,4,15,"3_41","4_30","1","Quarry_1","Q1","LACA","Listrus_sp._1",1,5,""
2024,4,15,"3_41","4_30","1","Quarry_1","Q1","LACA","Listrus_sp._1",1,5,""
2024,4,15,"3_41","4_30","1","Quarry_1","Q1","TRFU","Glaucophysche_lygdamus",1,5,""
2024,4,15,"3_41","4_30","1","Quarry_1","Q1","LACA","Listrus_sp._1",1,5,"4"
2024,4,15,"3_41","4_30","1","Quarry_1","Q1","LACA","Cyrtopogon_sp.",1,5,""
2024,4,15,"3_41","4_30","1","Quarry_1","Q1","TRFU","Listrus_sp._1",1,5,""
2024,4,15,"3_41","4_30","1","Quarry_1","Q1","LACA","Bombylius_major",1,5,""
2024,4,15,"3_41","4_30","1","Quarry_1","Q1","DICA","Coenonympha_californica",1,5,""
2024,4,15,"3_41","4_30","1","Quarry_1","Q1","LACA","Listrus_sp._1",1,1,""
2024,4,15,"3_41","4_30","1","Quarry_1","Q1","TRFU","Listrus_sp._1",1,1,"21"
2024,4,15,"3_41","4_30","1","Quarry_1","Q1","TRFU","Listrus_sp._1",1,1,"21"
2024,4,15,"3_41","4_30","1","Quarry_1","Q1","TRFU","Listrus_sp._1",1,1,"32"
2024,4,15,"3_41","4_30","1","Quarry_1","Q1","TRFU","Listrus_sp._1",1,2,"33"
2024,4,15,"3_41","4_30","1","Quarry_1","Q1","DICA","Listrus_sp._1",1,1,""
2024,4,15,"3_41","4_30","1","Quarry_1","Q1","DICA","Listrus_sp._1",1,1,""
2024,4,15,"3_41","4_30","1","Quarry_1","Q1","LACA","Listrus_sp._1",1,1,""
2024,4,15,"3_41","4_30","1","Quarry_1","Q1","LACA","Listrus_sp._1",1,1,""
2024,4,15,"3_41","4_30","1","Quarry_1","Q1","TRFU","Bombus_californicus",8,1,"1,4,16,6"
2024,4,15,"11_09","11_59","1","Rock","R1","RACA","Malachius_sp.",1,50,""
2024,4,15,"11_09","11_59","1","Rock","R1","RACA","Malachius_sp.",1,50,""
2024,4,15,"11_09","11_59","1","Rock","R1","RACA","Malachius_sp.",1,50,""
2024,4,15,"11_09","11_59","1","Rock","R1","RACA","Malachius_sp.",1,50,""
2024,4,15,"11_09","11_59","1","Rock","R1","RACA","Malachius_sp.",1,50,""
2024,4,15,"11_09","11_59","1","Rock","R1","RACA","Malachius_sp.",1,50,""
2024,4,15,"11_09","11_59","3","Rock","R1","ERGU","Muscidae",1,10,""
2024,4,15,"11_09","11_59","3","Rock","R1","ERGU","Coenonympha_californica",1,10,""
2024,4,15,"11_09","11_59","3","Rock","R1","CRHI","Tachnidae",1,10,""
2024,4,15,"11_09","11_59","3","Rock","R1","ERGU","Malachius_sp.",1,10,""
2024,4,15,"11_09","11_59","3","Rock","R1","ERGU","Malachius_sp.",1,10,""
2024,4,15,"11_09","11_59","3","Rock","R1","TRFU","Bombus_californicus",1,10,""
2024,4,15,"11_09","11_59","4","Rock","R1","VIVI","Eucera_actuosa",1,0,""
2024,4,15,"11_09","11_59","4","Rock","R1","PHIM","Bombus_vosnesenskii",2,5,""
2024,4,15,"12_52","2_32","1","Upper_Grid_2","UG2_1","TRFU","Listrus_sp._1",1,10,""
2024,4,15,"12_52","2_32","1","Upper_Grid_2","UG2_1","TRFU","Listrus_sp._1",1,10,""
2024,4,15,"12_52","2_32","1","Upper_Grid_2","UG2_1","TRFU","Listrus_sp._1",1,12,""
2024,4,15,"12_52","2_32","1","Upper_Grid_2","UG2_1","TRFU","Listrus_sp._1",1,12,""
2024,4,15,"12_52","2_32","1","Upper_Grid_2","UG2_1","TRFU","Listrus_sp._1",1,12,"18"
2024,4,15,"12_52","2_32","1","Upper_Grid_2","UG2_1","TRFU","Listrus_sp._1",1,12,"12"
2024,4,15,"12_52","2_32","1","Upper_Grid_2","UG2_1","TRFU","Listrus_sp._1",1,12,""
2024,4,15,"12_52","2_32","1","Upper_Grid_2","UG2_1","TRFU","Listrus_sp._1",1,12,""
2024,4,15,"12_52","2_32","1","Upper_Grid_2","UG2_1","DICA","Listrus_sp._1",1,10,""
2024,4,15,"12_52","2_32","1","Upper_Grid_2","UG2_1","DICA","Listrus_sp._1",1,10,""
2024,4,15,"12_52","2_32","1","Upper_Grid_2","UG2_1","DICA","Listrus_sp._1",1,10,""
2024,4,15,"12_52","2_32","1","Upper_Grid_2","UG2_1","DICA","Listrus_sp._1",1,10,""
2024,4,15,"12_52","2_32","1","Upper_Grid_2","UG2_1","DICA","Listrus_sp._1",1,10,""
2024,4,15,"12_52","2_32","1","Upper_Grid_2","UG2_1","DICA","Listrus_sp._1",1,10,""
2024,4,15,"12_52","2_32","1","Upper_Grid_2","UG2_1","DICA","Listrus_sp._1",1,10,""
2024,4,15,"12_52","2_32","1","Upper_Grid_2","UG2_1","DICA","Listrus_sp._1",1,10,""
2024,4,15,"12_52","2_32","1","Upper_Grid_2","UG2_1","TRFU","Listrus_sp._1",1,10,"42"
2024,4,15,"12_52","2_32","1","Upper_Grid_2","UG2_1","ACWR","Listrus_sp._1",1,10,""
2024,4,15,"12_52","2_32","2","Upper_Grid_2","UG2_1","TRFU","white_moth_Lepidoptera",1,5,""
2024,4,15,"12_52","2_32","2","Upper_Grid_2","UG2_1","TRFU","Listrus_sp._1",1,5,"45"
2024,4,15,"12_52","2_32","2","Upper_Grid_2","UG2_1","TRFU","Listrus_sp._1",1,5,""
2024,4,15,"12_52","2_32","2","Upper_Grid_2","UG2_1","TRFU","Listrus_sp._1",1,5,""
2024,4,15,"12_52","2_32","2","Upper_Grid_2","UG2_1","TRFU","Listrus_sp._1",1,5,"46"
2024,4,15,"12_52","2_32","2","Upper_Grid_2","UG2_1","TRFU","Listrus_sp._1",1,5,""
2024,4,15,"12_52","2_32","2","Upper_Grid_2","UG2_1","TRFU","Listrus_sp._1",1,5,"38"
2024,4,15,"12_52","2_32","2","Upper_Grid_2","UG2_1","TRFU","Listrus_sp._1",1,5,"38"
2024,4,15,"12_52","2_32","2","Upper_Grid_2","UG2_1","TRFU","Listrus_sp._1",1,5,""
2024,4,15,"12_52","2_32","2","Upper_Grid_2","UG2_1","TRFU","Listrus_sp._1",1,5,""
2024,4,15,"12_52","2_32","2","Upper_Grid_2","UG2_1","TRFU","Listrus_sp._1",1,5,""
2024,4,15,"12_52","2_32","2","Upper_Grid_2","UG2_1","TRFU","Listrus_sp._1",1,5,"36"
2024,4,15,"12_52","2_32","2","Upper_Grid_2","UG2_1","TRFU","Listrus_sp._1",1,5,"33"
2024,4,15,"12_52","2_32","2","Upper_Grid_2","UG2_1","TRFU","Listrus_sp._1",1,5,"31"
2024,4,15,"12_52","2_32","2","Upper_Grid_2","UG2_1","TRFU","Listrus_sp._1",1,5,"31"
2024,4,15,"12_52","2_32","2","Upper_Grid_2","UG2_1","TRFU","Listrus_sp._1",1,5,""
2024,4,15,"12_52","2_32","2","Upper_Grid_2","UG2_1","TRFU","Listrus_sp._1",1,5,""
2024,4,15,"12_52","2_32","2","Upper_Grid_2","UG2_1","TRFU","Listrus_sp._1",1,5,""
2024,4,15,"12_52","2_32","2","Upper_Grid_2","UG2_1","TRFU","Listrus_sp._1",1,5,""
2024,4,15,"12_52","2_32","2","Upper_Grid_2","UG2_1","TRFU","Listrus_sp._1",1,5,"28"
2024,4,15,"12_52","2_32","2","Upper_Grid_2","UG2_1","TRFU","Listrus_sp._1",1,5,"19"
2024,4,15,"12_52","2_32","2","Upper_Grid_2","UG2_1","TRFU","Listrus_sp._1",1,5,"27"
2024,4,15,"12_52","2_32","2","Upper_Grid_2","UG2_1","TRFU","Listrus_sp._1",1,5,"35"
2024,4,15,"12_52","2_32","2","Upper_Grid_2","UG2_1","TRFU","Listrus_sp._1",1,5,""
2024,4,15,"12_52","2_32","2","Upper_Grid_2","UG2_1","TRFU","Listrus_sp._1",1,5,""
2024,4,15,"12_52","2_32","2","Upper_Grid_2","UG2_1","TRFU","Listrus_sp._1",1,5,""
2024,4,15,"12_52","2_32","2","Upper_Grid_2","UG2_1","TRFU","Listrus_sp._1",1,5,""
2024,4,15,"12_52","2_32","3","Upper_Grid_2","UG2_1","VIVI","Bombus_melanopygus",1,0,""
2024,4,15,"12_52","2_32","3","Upper_Grid_2","UG2_1","VIVI","Bombus_melanopygus",2,0,""
2024,4,15,"12_52","2_32","4","Upper_Grid_2","UG2_2","DICA","Listrus_sp._1",1,5,""
2024,4,15,"12_52","2_32","4","Upper_Grid_2","UG2_2","TRFU","Listrus_sp._1",1,4,""
2024,4,15,"12_52","2_32","4","Upper_Grid_2","UG2_2","TRFU","Listrus_sp._1",1,5,""
2024,4,15,"12_52","2_32","4","Upper_Grid_2","UG2_2","DICA","Listrus_sp._1",1,5,""
2024,4,15,"12_52","2_32","4","Upper_Grid_2","UG2_2","DICA","Listrus_sp._1",1,5,""
2024,4,15,"12_52","2_32","4","Upper_Grid_2","UG2_2","DICA","Listrus_sp._1",1,5,""
2024,4,15,"12_52","2_32","4","Upper_Grid_2","UG2_2","TRFU","Listrus_sp._1",1,3,""
2024,4,15,"12_52","2_32","4","Upper_Grid_2","UG2_2","TRFU","Listrus_sp._1",1,3,"49"
2024,4,15,"12_52","2_32","4","Upper_Grid_2","UG2_2","TRFU","Listrus_sp._1",1,3,"46"
2024,4,15,"12_52","2_32","4","Upper_Grid_2","UG2_2","TRFU","Listrus_sp._1",1,3,""
2024,4,15,"12_52","2_32","4","Upper_Grid_2","UG2_2","DICA","Listrus_sp._1",1,3,""
2024,4,15,"12_52","2_32","4","Upper_Grid_2","UG2_2","TRFU","Listrus_sp._1",1,2,""
2024,4,15,"12_52","2_32","4","Upper_Grid_2","UG2_2","DICA","Listrus_sp._1",1,0,""
2024,4,15,"12_52","2_32","4","Upper_Grid_2","UG2_2","DICA","Listrus_sp._1",1,0,""
2024,4,15,"12_52","2_32","4","Upper_Grid_2","UG2_2","DICA","Listrus_sp._1",1,0,""
2024,4,15,"12_52","2_32","4","Upper_Grid_2","UG2_2","DICA","Listrus_sp._1",1,0,""
2024,4,15,"12_52","2_32","4","Upper_Grid_2","UG2_2","DICA","Listrus_sp._1",1,0,""
2024,4,15,"12_52","2_32","4","Upper_Grid_2","UG2_2","DICA","Listrus_sp._1",1,0,""
2024,4,15,"12_52","2_32","4","Upper_Grid_2","UG2_2","DICA","Listrus_sp._1",1,0,""
2024,4,15,"12_52","2_32","4","Upper_Grid_2","UG2_2","DICA","Listrus_sp._1",1,0,""
2024,4,15,"12_52","2_32","4","Upper_Grid_2","UG2_2","DICA","Listrus_sp._1",1,0,""
2024,4,15,"12_52","2_32","4","Upper_Grid_2","UG2_2","DICA","Listrus_sp._1",1,0,""
2024,4,15,"12_52","2_32","4","Upper_Grid_2","UG2_2","DICA","Listrus_sp._1",1,0,""
2024,4,15,"12_52","2_32","4","Upper_Grid_2","UG2_2","DICA","Listrus_sp._1",1,0,""
2024,4,15,"12_52","2_32","4","Upper_Grid_2","UG2_2","DICA","Listrus_sp._1",1,0,""
2024,4,15,"12_52","2_32","4","Upper_Grid_2","UG2_2","DICA","Listrus_sp._1",1,2,""
2024,4,15,"12_52","2_32","4","Upper_Grid_2","UG2_2","DICA","Listrus_sp._1",1,2,""
2024,4,15,"12_52","2_32","4","Upper_Grid_2","UG2_2","DICA","Listrus_sp._1",1,2,""
2024,4,15,"12_52","2_32","4","Upper_Grid_2","UG2_2","DICA","Listrus_sp._1",1,2,""
2024,4,15,"12_52","2_32","4","Upper_Grid_2","UG2_2","DICA","Listrus_sp._1",1,2,""
2024,4,15,"12_52","2_32","4","Upper_Grid_2","UG2_2","DICA","Listrus_sp._1",1,2,""
2024,4,15,"12_52","2_32","4","Upper_Grid_2","UG2_2","DICA","Listrus_sp._1",1,2,""
2024,4,15,"12_52","2_32","4","Upper_Grid_2","UG2_2","DICA","Listrus_sp._1",1,2,""
2024,4,15,"12_52","2_32","4","Upper_Grid_2","UG2_2","DICA","Listrus_sp._1",1,2,""
2024,4,15,"12_52","2_32","4","Upper_Grid_2","UG2_2","DICA","Listrus_sp._1",1,2,""
2024,4,15,"12_52","2_32","4","Upper_Grid_2","UG2_2","DICA","Listrus_sp._1",1,2,""
2024,4,15,"12_52","2_32","4","Upper_Grid_2","UG2_2","DICA","Listrus_sp._1",1,0,""
2024,4,15,"12_52","2_32","4","Upper_Grid_2","UG2_2","DICA","Listrus_sp._1",1,0,""
2024,4,15,"12_52","2_32","4","Upper_Grid_2","UG2_2","DICA","Listrus_sp._1",1,0,""
2024,4,15,"12_52","2_32","4","Upper_Grid_2","UG2_2","TRFU","Listrus_sp._1",1,1,"9"
2024,4,15,"12_52","2_32","4","Upper_Grid_2","UG2_2","TRFU","Listrus_sp._1",1,0,"39"
2024,4,15,"12_52","2_32","4","Upper_Grid_2","UG2_2","TRFU","Listrus_sp._1",1,2,""
2024,4,15,"12_52","2_32","4","Upper_Grid_2","UG2_2","TRFU","Listrus_sp._1",1,2,"12"
2024,4,15,"12_52","2_32","4","Upper_Grid_2","UG2_2","TRFU","Listrus_sp._1",1,2,""
2024,4,15,"12_52","2_32","4","Upper_Grid_2","UG2_2","TRFU","Listrus_sp._1",1,2,"37"
2024,4,15,"12_52","2_32","4","Upper_Grid_2","UG2_2","TRFU","Listrus_sp._1",1,2,"30"
2024,4,15,"12_52","2_32","4","Upper_Grid_2","UG2_2","TRFU","Listrus_sp._1",1,1,""
2024,4,15,"12_52","2_32","4","Upper_Grid_2","UG2_2","TRFU","Listrus_sp._1",1,0,"28"
2024,4,15,"12_52","2_32","4","Upper_Grid_2","UG2_2","TRFU","Listrus_sp._1",1,0,"28"
2024,4,15,"12_52","2_32","4","Upper_Grid_2","UG2_2","TRFU","Listrus_sp._1",1,0,"28"
2024,4,15,"12_52","2_32","4","Upper_Grid_2","UG2_2","TRFU","Listrus_sp._1",1,0,"28"
2024,4,15,"12_52","2_32","4","Upper_Grid_2","UG2_2","TRFU","Listrus_sp._1",1,0,""
2024,4,15,"12_52","2_32","4","Upper_Grid_2","UG2_2","TRFU","Listrus_sp._1",1,0,""
2024,4,15,"12_52","2_32","4","Upper_Grid_2","UG2_2","TRFU","Coenonympha_californica",1,1,""
2024,4,15,"12_52","2_32","5","Upper_Grid_2","UG2_2","VIVI","Bombus_melanopygus",7,0,""
2024,4,15,"12_52","2_32","5","Upper_Grid_2","UG2_2","VIVI","Muscidae",1,0,""
2024,4,15,"12_52","2_32","5","Upper_Grid_2","UG2_2","VIVI","Apis_mellifera",7,0,""
2024,4,15,"12_52","2_32","5","Upper_Grid_2","UG2_2","VIVI","Bombus_melanopygus",4,0,""
2024,4,15,"12_52","2_32","5","Upper_Grid_2","UG2_2","VIVI","Bombus_melanopygus",2,0,""
2024,4,15,"12_52","2_32","5","Upper_Grid_2","UG2_2","VIVI","Bombus_melanopygus",1,0,""
2024,4,21,"11_36","12_00","1","Felch","F1","TRFU","Bombus_vosnesenskii",7,0,"34"
2024,4,21,"11_36","12_00","1","Felch","F1","MEPO","Andrena_pallidifovea",2,0,""
2024,4,21,"11_36","12_00","1","Felch","F1","TRFU","Muscidae",1,0,""
2024,4,21,"11_36","12_00","1","Felch","F1","MEPO","Andrena_pallidifovea",1,0,""
2024,4,21,"11_36","12_00","1","Felch","F1","LACA","Acmaeodera_sp.",1,0,""
2024,4,21,"11_36","12_00","1","Felch","F1","LACA","Anthrenus_sp.",1,0,""
2024,4,21,"11_36","12_00","1","Felch","F1","GEDI","Panurginus_sp.",1,0,""
2024,4,21,"11_36","12_00","1","Felch","F1","TRFU","Muscidae",1,0,""
2024,4,21,"11_36","12_00","1","Felch","F1","GEDI","Andrena_pallidifovea",1,0,""
2024,4,21,"11_36","12_00","1","Felch","F1","TRFU","Listrus_sp._1",1,0,""
2024,4,21,"11_36","12_00","1","Felch","F1","TRFU","Listrus_sp._1",1,0,""
2024,4,21,"11_36","12_00","1","Felch","F1","LACA","BF1_Diptera",1,5,""
2024,4,21,"11_36","12_00","1","Felch","F1","LACA","Malachius_sp.",1,5,""
2024,4,21,"11_36","12_00","1","Felch","F1","LACA","Malachius_sp.",1,5,""
2024,4,21,"11_36","12_00","1","Felch","F1","LACA","Malachius_sp.",1,5,""
2024,4,21,"11_36","12_00","1","Felch","F1","LACA","Adela_eldorada",1,5,""
2024,4,21,"11_36","12_00","1","Felch","F1","LACA","Andrena_subchalybea",1,5,""
2024,4,21,"11_36","12_00","1","Felch","F1","GEDI","Polistes_aurifer",1,0,""
2024,4,21,"11_36","12_00","1","Felch","F1","TRFU","Listrus_sp._1",1,0,""
2024,4,21,"11_36","12_00","1","Felch","F1","VIVI","Apis_mellifera",2,0,""
2024,4,21,"11_36","12_00","1","Felch","F1","VIVI","Apis_mellifera",1,0,""
2024,4,21,"11_36","12_00","1","Felch","F1","VIVI","Apis_mellifera",1,0,""
2024,4,21,"11_36","12_00","1","Felch","F1","VIVI","Apis_mellifera",1,0,""
2024,4,21,"11_36","12_00","1","Felch","F1","VIVI","Apis_mellifera",1,0,""
2024,4,21,"11_36","12_00","1","Felch","F1","VIVI","Apis_mellifera",1,0,""
2024,4,21,"11_36","12_00","1","Felch","F1","VIVI","Apis_mellifera",1,0,""
2024,4,21,"11_36","12_00","1","Felch","F1","VIVI","Apis_mellifera",1,0,""
2024,4,21,"11_36","12_00","1","Felch","F1","VIVI","Apis_mellifera",1,0,""
2024,4,21,"11_36","12_00","1","Felch","F1","LACA","BF1_Diptera",1,0,""
2024,4,21,"11_36","12_00","1","Felch","F1","LACA","BF1_Diptera",1,0,""
2024,4,21,"11_36","12_00","1","Felch","F1","VIVI","Eucera_actuosa",1,0,""
2024,4,21,"11_36","12_00","1","Felch","F1","VIVI","Apis_mellifera",1,0,""
2024,4,21,"12_42","1_03","1","Quarry_1","Q1","ESCA","Panurginus_sp.",1,0,""
2024,4,21,"12_42","1_03","1","Quarry_1","Q1","ESCA","Listrus_sp._1",1,0,""
2024,4,21,"12_42","1_03","1","Quarry_1","Q1","ESCA","Listrus_sp._1",1,0,""
2024,4,21,"12_42","1_03","1","Quarry_1","Q1","ESCA","Listrus_sp._1",1,0,""
2024,4,21,"12_42","1_03","1","Quarry_1","Q1","ESCA","Andrena_sp.",2,0,""
2024,4,21,"12_42","1_03","1","Quarry_1","Q1","VIVI","Apis_mellifera",2,0,""
2024,4,21,"12_42","1_03","1","Quarry_1","Q1","VIVI","Apis_mellifera",3,0,""
2024,4,21,"12_42","1_03","1","Quarry_1","Q1","VIVI","Eucera_actuosa",2,0,""
2024,4,21,"12_42","1_03","1","Quarry_1","Q1","LACA","Listrus_sp._1",1,1,""
2024,4,21,"12_42","1_03","1","Quarry_1","Q1","VIVI","Bombus_melanopygus",4,0,""
2024,4,21,"12_42","1_03","1","Quarry_1","Q1","VIVI","Erynnis_propertius",2,0,""
2024,4,21,"12_42","1_03","1","Quarry_1","Q1","VIVI","Apis_mellifera",1,0,""
2024,4,21,"12_42","1_03","1","Quarry_1","Q1","VIVI","Apis_mellifera",2,0,""
2024,4,21,"12_42","1_03","1","Quarry_1","Q1","VIVI","Apis_mellifera",1,0,""
2024,4,21,"12_42","1_03","1","Quarry_1","Q1","VIVI","Eucera_frater_albopilosa",3,0,""
2024,4,21,"12_42","1_03","1","Quarry_1","Q1","VIVI","Apis_mellifera",2,0,""
2024,4,21,"12_42","1_03","1","Quarry_1","Q1","VIVI","Eucera_actuosa",1,0,""
2024,4,21,"12_42","1_03","1","Quarry_1","Q1","TRHI","Bombus_melanopygus",1,0,""
2024,4,21,"12_42","1_03","1","Quarry_1","Q1","VIVI","Bombus_melanopygus",2,0,""
2024,4,21,"12_42","1_03","1","Quarry_1","Q1","TRFU","Listrus_sp._1",1,0,""
2024,4,21,"12_42","1_03","1","Quarry_1","Q1","LACA","Anthrenus_sp.",1,0,""
2024,4,21,"12_42","1_03","1","Quarry_1","Q1","LACA","Anthrenus_sp.",1,0,""
2024,4,21,"12_42","1_03","1","Quarry_1","Q1","VIVI","Bombus_melanopygus",3,0,""
2024,4,21,"12_42","1_03","1","Quarry_1","Q1","TRHI","Eucera_frater_albopilosa",4,0,""
2024,4,21,"12_42","1_03","1","Quarry_1","Q1","VIVI","Eucera_frater_albopilosa",1,0,""
2024,4,21,"12_42","1_03","1","Quarry_1","Q1","VIVI","Bombus_californicus",1,0,""
2024,4,21,"12_42","1_03","1","Quarry_1","Q1","LACA","Anthrenus_sp.",1,1,""
2024,4,21,"12_42","1_03","1","Quarry_1","Q1","LACA","Anthrenus_sp.",1,1,""
2024,4,21,"12_42","1_03","1","Quarry_1","Q1","LACA","Anthrenus_sp.",1,1,""
2024,4,21,"12_42","1_03","1","Quarry_1","Q1","LACA","Anthrenus_sp.",1,1,""
2024,4,21,"12_42","1_03","1","Quarry_1","Q1","TRFU","Listrus_sp._1",1,0,""
2024,4,21,"12_42","1_03","1","Quarry_1","Q1","VIVI","Osmia_cara",1,0,""
2024,4,21,"12_42","1_03","1","Quarry_1","Q1","DICA","Listrus_sp._1",1,0,""
2024,4,21,"12_42","1_03","1","Quarry_1","Q1","DICA","Listrus_sp._1",1,0,""
2024,4,21,"12_42","1_03","1","Quarry_1","Q1","DICA","Eucera_sp.",1,0,""
2024,4,21,"12_42","1_03","1","Quarry_1","Q1","LACA","Listrus_sp._1",1,0,""
2024,4,21,"12_42","1_03","1","Quarry_1","Q1","LACA","Listrus_sp._1",NA,0,""
2024,4,21,"12_42","1_03","1","Quarry_1","Q1","ESCA","Bombus_sp.",1,0,""
2024,4,21,"12_42","1_03","1","Quarry_1","Q1","LACA","Anthophora_crotchii",2,0,""
2024,4,21,"1_05","1_21","1","Quarry_2","Q2","LACA","Anthrenus_sp.",1,0,""
2024,4,21,"1_05","1_21","1","Quarry_2","Q2","LACA","Anthrenus_sp.",1,0,""
2024,4,21,"1_05","1_21","1","Quarry_2","Q2","LACA","Anthrenus_sp.",1,0,""
2024,4,21,"1_05","1_21","1","Quarry_2","Q2","LACA","Anthrenus_sp.",1,0,""
2024,4,21,"1_05","1_21","1","Quarry_2","Q2","LACA","Anthrenus_sp.",1,0,""
2024,4,21,"1_05","1_21","1","Quarry_2","Q2","LACA","Anthrenus_sp.",1,0,""
2024,4,21,"1_05","1_21","1","Quarry_2","Q2","LACA","Anthrenus_sp.",1,0,""
2024,4,21,"1_05","1_21","1","Quarry_2","Q2","LACA","Anthrenus_sp.",1,0,""
2024,4,21,"1_05","1_21","1","Quarry_2","Q2","LACA","Anthrenus_sp.",1,0,""
2024,4,21,"1_05","1_21","1","Quarry_2","Q2","LACA","Anthrenus_sp.",1,0,""
2024,4,21,"1_05","1_21","1","Quarry_2","Q2","LACA","BF1_Diptera",1,0,""
2024,4,21,"1_05","1_21","1","Quarry_2","Q2","VIVI","Osmia_cara",1,0,""
2024,4,21,"1_05","1_21","1","Quarry_2","Q2","VIVI","Apis_mellifera",1,0,""
2024,4,21,"1_05","1_21","1","Quarry_2","Q2","LACA","Listrus_sp._1",1,0,""
2024,4,21,"1_05","1_21","1","Quarry_2","Q2","LACA","Listrus_sp._1",1,0,""
2024,4,21,"1_05","1_21","1","Quarry_2","Q2","LACA","BF1_Diptera",1,0,""
2024,4,21,"1_05","1_21","1","Quarry_2","Q2","VIVI","Apis_mellifera",1,0,""
2024,4,21,"1_05","1_21","1","Quarry_2","Q2","VIVI","Andrena_sp.",1,0,""
2024,4,21,"1_05","1_21","1","Quarry_2","Q2","VIVI","Apis_mellifera",1,0,""
2024,4,21,"1_05","1_21","1","Quarry_2","Q2","VIVI","Apis_mellifera",1,0,""
2024,4,21,"1_05","1_21","1","Quarry_2","Q2","VIVI","Apis_mellifera",1,0,""
2024,4,21,"1_05","1_21","1","Quarry_2","Q2","VIVI","Apis_mellifera",1,0,""
2024,4,21,"1_05","1_21","1","Quarry_2","Q2","VIVI","Apis_mellifera",1,0,""
2024,4,21,"1_05","1_21","1","Quarry_2","Q2","VIVI","Polistes_aurifer",1,0,""
2024,4,21,"1_05","1_21","1","Quarry_2","Q2","VIVI","Apis_mellifera",1,0,""
2024,4,21,"1_05","1_21","1","Quarry_2","Q2","VIVI","Bombus_vosnesenskii",10,0,""
2024,4,21,"1_05","1_21","1","Quarry_2","Q2","VIVI","Erynnis_propertius",1,0,""
2024,4,21,"1_05","1_21","1","Quarry_2","Q2","VIVI","Apis_mellifera",1,0,""
2024,4,21,"1_05","1_21","1","Quarry_2","Q2","VIVI","Eucera_actuosa",2,0,""
2024,4,21,"1_05","1_21","1","Quarry_2","Q2","VIVI","Apis_mellifera",1,0,""
2024,4,21,"1_05","1_21","1","Quarry_2","Q2","VIVI","Apis_mellifera",2,0,""
2024,4,21,"1_05","1_21","1","Quarry_2","Q2","VIVI","Eucera_actuosa",1,0,""
2024,4,21,"1_05","1_21","1","Quarry_2","Q2","VIVI","Bombus_melanopygus",2,0,""
2024,4,21,"1_05","1_21","1","Quarry_2","Q2","VIVI","Apis_mellifera",1,0,""
2024,4,21,"1_05","1_21","1","Quarry_2","Q2","VIVI","Erynnis_propertius",1,0,""
2024,4,21,"1_05","1_21","1","Quarry_2","Q2","VIVI","Vanessa_cardui",4,0,""
2024,4,21,"1_05","1_21","1","Quarry_2","Q2","VIVI","Apis_mellifera",1,0,""
2024,4,21,"1_05","1_21","1","Quarry_2","Q2","LACA","Listrus_sp._1",1,0,""
2024,4,21,"1_05","1_21","1","Quarry_2","Q2","LACA","BF1_Diptera",1,0,""
2024,4,21,"1_05","1_21","1","Quarry_2","Q2","VIVI","Bombus_melanopygus",1,0,""
2024,4,21,"1_05","1_21","1","Quarry_2","Q2","VIVI","Apis_mellifera",1,0,""
2024,4,21,"1_05","1_21","1","Quarry_2","Q2","VIVI","Apis_mellifera",1,0,""
2024,4,21,"1_05","1_21","1","Quarry_2","Q2","VIVI","Eucera_actuosa",1,0,""
2024,4,21,"1_05","1_21","1","Quarry_2","Q2","VIVI","Eucera_actuosa",1,0,""
2024,4,21,"1_05","1_21","1","Quarry_2","Q2","VIVI","Eucera_actuosa",1,0,""
2024,4,21,"1_05","1_21","1","Quarry_2","Q2","VIVI","Apis_mellifera",1,0,""
2024,4,21,"1_05","1_21","1","Quarry_2","Q2","LACA","Listrus_sp._1",1,0,""
2024,4,21,"1_05","1_21","1","Quarry_2","Q2","LACA","Listrus_sp._1",1,0,""
2024,4,21,"1_05","1_21","1","Quarry_2","Q2","LACA","Listrus_sp._1",1,0,""
2024,4,21,"1_05","1_21","1","Quarry_2","Q2","TRFU","Bombus_californicus",2,5,""
2024,4,21,"1_05","1_21","1","Quarry_2","Q2","VIVI","Apis_mellifera",1,0,""
2024,4,21,"1_05","1_21","1","Quarry_2","Q2","TRFU","Bombus_californicus",5,0,""
2024,4,21,"1_05","1_21","1","Quarry_2","Q2","LUSU","Bombus_californicus",2,0,""
2024,4,21,"1_05","1_21","1","Quarry_2","Q2","TRFU","Bombus_californicus",8,0,""
2024,4,21,"1_05","1_21","1","Quarry_2","Q2","VIVI","Bombus_californicus",1,0,""
2024,4,21,"1_05","1_21","1","Quarry_2","Q2","CADE","Bombus_californicus",1,0,""
2024,4,16,"3_51","4_26","1","Rock","R1","TRFU","Osmia_cara",1,50,""
2024,4,16,"3_51","4_26","1","Rock","R1","RACA","Malachius_sp.",1,50,""
2024,4,16,"3_51","4_26","1","Rock","R1","TRFU","Listrus_sp._1",1,50,"2"
2024,4,16,"3_51","4_26","1","Rock","R1","TRFU","Listrus_sp._1",1,50,""
2024,4,16,"3_51","4_26","1","Rock","R1","TRFU","Listrus_sp._1",1,50,""
2024,4,16,"3_51","4_26","1","Rock","R1","TRFU","Listrus_sp._1",1,50,""
2024,4,16,"3_51","4_26","1","Rock","R1","TRFU","Listrus_sp._1",1,50,""
2024,4,16,"3_51","4_26","1","Rock","R1","TRFU","Listrus_sp._1",1,50,""
2024,4,16,"3_51","4_26","1","Rock","R1","TRFU","Listrus_sp._1",1,50,""
2024,4,16,"3_51","4_26","1","Rock","R1","TRFU","Listrus_sp._1",1,50,"11"
2024,4,16,"3_51","4_26","1","Rock","R1","TRFU","Acmaeodera_sp.",1,50,"13"
2024,4,16,"3_51","4_26","1","Rock","R1","TRFU","Listrus_sp._1",1,50,""
2024,4,16,"3_51","4_26","1","Rock","R1","TRFU","Listrus_sp._1",1,50,""
2024,4,16,"3_51","4_26","1","Rock","R1","TRFU","Listrus_sp._1",1,50,""
2024,4,16,"3_51","4_26","1","Rock","R1","TRFU","Listrus_sp._1",1,50,"15"
2024,4,16,"3_51","4_26","1","Rock","R1","TRFU","Listrus_sp._1",1,50,"15"
2024,4,16,"3_51","4_26","1","Rock","R1","TRFU","Listrus_sp._1",1,50,"15"
2024,4,16,"3_51","4_26","1","Rock","R1","TRFU","Listrus_sp._1",1,50,"12"
2024,4,16,"3_51","4_26","1","Rock","R1","TRFU","Listrus_sp._1",1,50,"12"
2024,4,16,"3_51","4_26","1","Rock","R1","TRFU","Malachius_sp.",1,50,"12"
2024,4,16,"3_51","4_26","1","Rock","R1","TRFU","Listrus_sp._1",1,50,"21"
2024,4,16,"3_51","4_26","2","Rock","R1","TRFU","Listrus_sp._1",1,40,"17"
2024,4,16,"3_51","4_26","2","Rock","R1","TRFU","Acmaeodera_sp.",1,40,""
2024,4,16,"3_51","4_26","2","Rock","R1","TRFU","Diabrotica_undecimpunctata",1,40,""
2024,4,16,"3_51","4_26","2","Rock","R1","TRFU","Coenonympha_californica",1,40,""
2024,4,16,"3_51","4_26","2","Rock","R1","TRFU","Acmaeodera_sp.",1,40,""
2024,4,16,"3_51","4_26","2","Rock","R1","TRFU","Acmaeodera_sp.",1,40,""
2024,4,16,"3_51","4_26","2","Rock","R1","TRFU","Acmaeodera_sp.",1,40,""
2024,4,16,"3_51","4_26","2","Rock","R1","TRFU","Diabrotica_undecimpunctata",1,40,""
2024,4,16,"3_51","4_26","2","Rock","R1","TRFU","Acmaeodera_sp.",1,40,"9"
2024,4,16,"3_51","4_26","2","Rock","R1","TRFU","Anthrenus_sp.",1,40,"10"
2024,4,16,"3_51","4_26","2","Rock","R1","TRFU","Listrus_sp._2",1,40,"10"
2024,4,16,"3_51","4_26","2","Rock","R1","TRFU","Diabrotica_undecimpunctata",1,40,""
2024,4,16,"3_51","4_26","2","Rock","R1","TRFU","Osmia_cara",1,30,""
2024,4,16,"3_51","4_26","3","Rock","R1","CRHI","Tachnidae",4,10,""
2024,4,16,"3_51","4_26","3","Rock","R1","TRFU","Malachius_sp.",1,5,"29"
2024,4,16,"3_51","4_26","3","Rock","R1","TRFU","Malachius_sp.",1,5,"33"
2024,4,16,"3_51","4_26","3","Rock","R1","TRFU","Listrus_sp._1",1,5,""
2024,4,16,"3_51","4_26","3","Rock","R1","TRFU","Listrus_sp._1",1,0,""
2024,4,16,"3_51","4_26","3","Rock","R1","TRFU","Malachius_sp.",1,5,"48"
2024,4,16,"3_51","4_26","3","Rock","R1","TRFU","Acmaeodera_sp.",1,5,""
2024,4,16,"3_51","4_26","4","Rock","R1","VIVI","Eucera_actuosa",2,0,""
2024,4,16,"3_51","4_26","4","Rock","R1","VIVI","Apis_mellifera",2,0,""
2024,4,16,"3_51","4_26","4","Rock","R1","VIVI","Apis_mellifera",2,0,""
2024,4,16,"3_51","4_26","4","Rock","R1","VIVI","Eucera_actuosa",2,0,""
2024,4,16,"3_51","4_26","4","Rock","R1","VIVI","Osmia_cara",3,0,""
2024,4,16,"1_56","2_25","1","Quarry_2","Q2","LACA","Listrus_sp._1",1,0,""
2024,4,16,"1_56","2_25","1","Quarry_2","Q2","TRFU","Polistes_aurifer",1,0,""
2024,4,16,"1_56","2_25","1","Quarry_2","Q2","LACA","Polistes_aurifer",1,0,""
2024,4,16,"1_56","2_25","1","Quarry_2","Q2","TRFU","Listrus_sp._1",1,0,"46"
2024,4,16,"1_56","2_25","1","Quarry_2","Q2","LACA","Bombylius_major",1,0,""
2024,4,16,"1_56","2_25","1","Quarry_2","Q2","LACA","Listrus_sp._1",1,1,""
2024,4,16,"1_56","2_25","1","Quarry_2","Q2","LACA","Andrena_pallidifovea",1,0,""
2024,4,16,"1_56","2_25","1","Quarry_2","Q2","LACA","Listrus_sp._1",1,0,""
2024,4,16,"1_56","2_25","1","Quarry_2","Q2","VIVI","Apis_mellifera",1,0,""
2024,4,16,"1_56","2_25","1","Quarry_2","Q2","VIVI","Glaucophysche_lygdamus",1,0,""
2024,4,16,"1_56","2_25","1","Quarry_2","Q2","LACA","Cyrtopogon_sp.",1,0,""
2024,4,16,"1_56","2_25","1","Quarry_2","Q2","VIVI","Osmia_cara",1,0,""
2024,4,16,"1_56","2_25","1","Quarry_2","Q2","TRFU","Listrus_sp._1",1,0,"36"
2024,4,16,"1_56","2_25","1","Quarry_2","Q2","VIVI","Eucera_actuosa",1,0,""
2024,4,16,"1_56","2_25","1","Quarry_2","Q2","VIVI","Apis_mellifera",1,0,""
2024,4,16,"1_56","2_25","1","Quarry_2","Q2","LACA","Listrus_sp._1",1,0,""
2024,4,16,"1_56","2_25","1","Quarry_2","Q2","VIVI","Apis_mellifera",1,0,""
2024,4,16,"1_56","2_25","1","Quarry_2","Q2","LACA","Bombylius_major",1,0,""
2024,4,16,"1_56","2_25","1","Quarry_2","Q2","LACA","Panurginus_sp.",1,0,""
2024,4,16,"1_56","2_25","1","Quarry_2","Q2","LACA","Cyrtopogon_sp.",1,0,""
2024,4,16,"1_56","2_25","1","Quarry_2","Q2","LACA","Cyrtopogon_sp.",1,0,""
2024,4,16,"1_56","2_25","1","Quarry_2","Q2","TRFU","Listrus_sp._1",1,0,""
2024,4,16,"1_56","2_25","1","Quarry_2","Q2","LACA","Bombylius_major",1,0,""
2024,4,16,"1_56","2_25","1","Quarry_2","Q2","LACA","Listrus_sp._1",1,0,""
2024,4,16,"1_56","2_25","1","Quarry_2","Q2","LACA","Andrena_sp.",1,0,""
2024,4,16,"1_56","2_25","1","Quarry_2","Q2","LACA","Listrus_sp._1",1,0,""
2024,4,16,"1_56","2_25","1","Quarry_2","Q2","LACA","Listrus_sp._1",1,0,""
2024,4,16,"1_56","2_25","1","Quarry_2","Q2","TRFU","Cantharidae",1,5,"6"
2024,4,16,"1_56","2_25","1","Quarry_2","Q2","VIVI","Bombus_californicus",2,0,""
2024,4,16,"1_56","2_25","1","Quarry_2","Q2","TRFU","Coenonympha_californica",1,0,""
2024,4,16,"1_56","2_25","1","Quarry_2","Q2","TRFU","Listrus_sp._1",1,2,"26"
2024,4,16,"1_56","2_25","1","Quarry_2","Q2","CADE","Anthrenus_sp.",1,0,""
2024,4,16,"1_56","2_25","1","Quarry_2","Q2","TRFU","Bombus_californicus",5,1,"14"
2024,4,16,"1_56","2_25","1","Quarry_2","Q2","TRFU","Listrus_sp._1",1,0,"25"
2024,4,16,"1_56","2_25","1","Quarry_1","Q1","LACA","Bombus_vosnesenskii",1,0,""
2024,4,16,"1_56","2_25","1","Quarry_1","Q1","LACA","Coenonympha_californica",1,0,""
2024,4,16,"1_56","2_25","1","Quarry_1","Q1","LACA","Bombylius_major",1,3,""
2024,4,16,"1_56","2_25","1","Quarry_1","Q1","LACA","Cyrtopogon_sp.",1,0,""
2024,4,16,"1_56","2_25","1","Quarry_1","Q1","LACA","Bombylius_major",1,0,""
2024,4,16,"1_56","2_25","1","Quarry_1","Q1","ERGU","Listrus_sp._1",1,2,""
2024,4,16,"1_56","2_25","1","Quarry_1","Q1","DICA","Listrus_sp._1",1,0,""
2024,4,16,"1_56","2_25","1","Quarry_1","Q1","TRFU","Listrus_sp._1",1,1,""
2024,4,16,"1_56","2_25","1","Quarry_1","Q1","TRFU","Listrus_sp._1",1,1,""
2024,4,16,"1_56","2_25","1","Quarry_1","Q1","TRFU","Listrus_sp._1",1,1,""
2024,4,16,"1_56","2_25","1","Quarry_1","Q1","ERGU","Coenonympha_californica",1,2,""
2024,4,16,"1_56","2_25","1","Quarry_1","Q1","LACA","Anthrenus_sp.",1,0,""
2024,4,16,"1_56","2_25","1","Quarry_1","Q1","ESCA","Andrena_pensilis",1,0,""
2024,4,16,"1_56","2_25","1","Quarry_1","Q1","TRFU","Listrus_sp._1",1,0,""
2024,4,16,"1_56","2_25","1","Quarry_1","Q1","LACA","Listrus_sp._1",1,0,""
2024,4,16,"1_56","2_25","1","Quarry_1","Q1","LACA","Listrus_sp._1",1,0,""
2024,4,16,"1_56","2_25","1","Quarry_1","Q1","VIVI","Bombus_californicus",2,0,""
2024,4,16,"1_56","2_25","1","Quarry_1","Q1","TRFU","Bombus_californicus",7,0,"5"
2024,4,16,"1_56","2_25","1","Quarry_1","Q1","LACA","Listrus_sp._1",1,0,""
2024,4,16,"1_56","2_25","1","Quarry_1","Q1","LACA","Listrus_sp._1",1,0,""
2024,4,16,"1_56","2_25","1","Quarry_1","Q1","TRFU","Listrus_sp._1",1,0,""
2024,4,16,"1_56","2_25","1","Quarry_1","Q1","TRFU","Coenonympha_californica",1,0,""
2024,4,16,"1_56","2_25","1","Quarry_1","Q1","LACA","Listrus_sp._1",1,2,""
2024,4,16,"1_56","2_25","1","Quarry_1","Q1","LACA","Bombylius_major",1,2,""
2024,4,16,"1_56","2_25","1","Quarry_1","Q1","LACA","Bombylius_major",1,0,""
2024,4,16,"1_56","2_25","1","Quarry_1","Q1","LACA","Nomada_hesperia",1,0,""
2024,4,16,"1_56","2_25","1","Quarry_1","Q1","LACA","Muscidae",1,1,""
2024,4,16,"1_56","2_25","1","Quarry_1","Q1","LACA","Listrus_sp._1",1,0,""
2024,4,16,"1_56","2_25","1","Quarry_1","Q1","LACA","Listrus_sp._1",1,0,""
2024,4,16,"1_56","2_25","1","Quarry_1","Q1","DICA","Listrus_sp._1",1,2,""
2024,4,16,"1_56","2_25","1","Quarry_1","Q1","DICA","Listrus_sp._1",1,2,""
2024,4,16,"1_56","2_25","1","Quarry_1","Q1","ESCA","Listrus_sp._1",1,1,""
2024,4,16,"1_56","2_25","1","Quarry_1","Q1","ESCA","Listrus_sp._1",1,1,""
2024,4,16,"1_56","2_25","1","Quarry_1","Q1","ESCA","Listrus_sp._1",1,1,""
2024,4,16,"1_56","2_25","1","Quarry_1","Q1","ESCA","Listrus_sp._1",1,1,""
2024,4,16,"1_56","2_25","1","Quarry_1","Q1","ESCA","Listrus_sp._1",1,1,""
2024,4,16,"1_56","2_25","1","Quarry_1","Q1","DICA","Adela_flammeusella",1,1,""
2024,4,16,"1_56","2_25","1","Quarry_1","Q1","LACA","Listrus_sp._1",1,2,""
2024,4,16,"1_56","2_25","1","Quarry_1","Q1","TRFU","Listrus_sp._1",1,0,""
2024,4,16,"1_56","2_25","1","Quarry_1","Q1","TRFU","Listrus_sp._1",1,0,""
2024,4,16,"1_56","2_25","1","Quarry_1","Q1","TRFU","Listrus_sp._1",1,0,""
2024,4,16,"1_56","2_25","1","Quarry_1","Q1","TRFU","Listrus_sp._1",1,0,""
2024,4,16,"1_56","2_25","1","Quarry_1","Q1","TRFU","Listrus_sp._1",1,1,""
2024,4,16,"1_56","2_25","1","Quarry_1","Q1","LACA","Adela_eldorada",1,0,""
2024,4,16,"1_56","2_25","1","Quarry_1","Q1","LACA","Listrus_sp._1",1,1,""
2024,4,16,"1_56","2_25","1","Quarry_1","Q1","TRFU","Coenonympha_californica",1,2,""
2024,4,16,"1_56","2_25","1","Quarry_1","Q1","LACA","Listrus_sp._1",1,1,""
2024,4,16,"1_56","2_25","1","Quarry_1","Q1","ESCA","Listrus_sp._1",1,0,""
2024,4,16,"1_56","2_25","1","Quarry_1","Q1","ESCA","Listrus_sp._1",1,0,""
2024,4,16,"1_56","2_25","1","Quarry_1","Q1","ESCA","Listrus_sp._1",1,0,""
2024,4,16,"12_30","1_43","1","Quarry_5","Q5","TRFU","Zerene_eurydice",3,20,"40"
2024,4,16,"12_30","1_43","1","Quarry_5","Q5","DICA","Coenonympha_californica",1,20,""
2024,4,16,"12_30","1_43","1","Quarry_5","Q5","TRFU","Coenonympha_californica",1,20,""
2024,4,16,"12_30","1_43","1","Quarry_5","Q5","DICA","Coenonympha_californica",1,20,""
2024,4,16,"12_30","1_43","1","Quarry_5","Q5","TRFU","Listrus_sp._1",1,20,"37"
2024,4,16,"12_30","1_43","1","Quarry_5","Q5","TRFU","Listrus_sp._1",1,20,"40"
2024,4,16,"12_30","1_43","1","Quarry_5","Q5","DICA","Listrus_sp._1",1,20,""
2024,4,16,"12_30","1_43","1","Quarry_5","Q5","DICA","Listrus_sp._1",1,20,""
2024,4,16,"12_30","1_43","1","Quarry_5","Q5","DICA","Listrus_sp._1",1,20,""
2024,4,16,"12_30","1_43","1","Quarry_5","Q5","DICA","Listrus_sp._1",1,20,""
2024,4,16,"12_30","1_43","1","Quarry_5","Q5","DICA","Listrus_sp._1",1,20,""
2024,4,16,"12_30","1_43","1","Quarry_5","Q5","DICA","Listrus_sp._1",1,20,""
2024,4,16,"12_30","1_43","1","Quarry_5","Q5","DICA","Listrus_sp._1",1,20,""
2024,4,16,"12_30","1_43","1","Quarry_5","Q5","TRFU","Bombylius_major",1,20,""
2024,4,16,"12_30","1_43","1","Quarry_5","Q5","DICA","Listrus_sp._1",1,20,""
2024,4,16,"12_30","1_43","1","Quarry_5","Q5","DICA","Listrus_sp._1",1,20,""
2024,4,16,"12_30","1_43","1","Quarry_5","Q5","DICA","Listrus_sp._1",1,20,""
2024,4,16,"12_30","1_43","1","Quarry_5","Q5","TRFU","Listrus_sp._1",1,20,"39"
2024,4,16,"12_30","1_43","1","Quarry_5","Q5","DICA","Bombylius_major",2,20,""
2024,4,16,"12_30","1_43","1","Quarry_5","Q5","TRFU","Listrus_sp._1",1,20,""
2024,4,16,"12_30","1_43","1","Quarry_5","Q5","TRFU","Bombylius_major",1,20,""
2024,4,16,"12_30","1_43","1","Quarry_5","Q5","DICA","Listrus_sp._1",1,20,""
2024,4,16,"12_30","1_43","1","Quarry_5","Q5","DICA","Listrus_sp._1",1,20,""
2024,4,16,"12_30","1_43","1","Quarry_5","Q5","TRFU","Acmaeodera_sp.",1,20,"33"
2024,4,16,"12_30","1_43","1","Quarry_5","Q5","DICA","Listrus_sp._1",1,20,""
2024,4,16,"12_30","1_43","1","Quarry_5","Q5","DICA","Listrus_sp._1",1,20,""
2024,4,16,"12_30","1_43","1","Quarry_5","Q5","DICA","Listrus_sp._1",1,20,""
2024,4,16,"12_30","1_43","1","Quarry_5","Q5","TRFU","Listrus_sp._1",1,20,""
2024,4,16,"12_30","1_43","1","Quarry_5","Q5","TRFU","Listrus_sp._1",1,20,""
2024,4,16,"12_30","1_43","1","Quarry_5","Q5","TRFU","Listrus_sp._1",1,20,"33"
2024,4,16,"12_30","1_43","1","Quarry_5","Q5","TRFU","Listrus_sp._1",1,20,"34"
2024,4,16,"12_30","1_43","1","Quarry_5","Q5","TRFU","Listrus_sp._1",1,20,"34"
2024,4,16,"12_30","1_43","1","Quarry_5","Q5","TRFU","Listrus_sp._1",1,20,"35"
2024,4,16,"12_30","1_43","1","Quarry_5","Q5","DICA","Listrus_sp._1",1,20,""
2024,4,16,"12_30","1_43","1","Quarry_5","Q5","TRFU","Bombus_californicus",5,20,""
2024,4,16,"12_30","1_43","1","Quarry_5","Q5","TRFU","Listrus_sp._1",1,20,"31"
2024,4,16,"12_30","1_43","1","Quarry_5","Q5","TRFU","Listrus_sp._1",1,20,"31"
2024,4,16,"12_30","1_43","1","Quarry_5","Q5","TRFU","Listrus_sp._1",1,20,""
2024,4,16,"12_30","1_43","1","Quarry_5","Q5","TRFU","Listrus_sp._1",1,20,""
2024,4,16,"12_30","1_43","1","Quarry_5","Q5","TRFU","Listrus_sp._1",1,20,""
2024,4,16,"12_30","1_43","1","Quarry_5","Q5","DICA","Listrus_sp._1",1,20,""
2024,4,16,"12_30","1_43","1","Quarry_5","Q5","DICA","Listrus_sp._1",1,20,""
2024,4,16,"12_30","1_43","1","Quarry_5","Q5","TRFU","Listrus_sp._1",1,20,"44"
2024,4,16,"12_30","1_43","1","Quarry_5","Q5","TRFU","Coenonympha_californica",1,20,""
2024,4,16,"12_30","1_43","1","Quarry_5","Q5","TRFU","Listrus_sp._1",1,20,"41"
2024,4,16,"12_30","1_43","1","Quarry_5","Q5","DICA","Listrus_sp._1",1,20,""
2024,4,16,"12_30","1_43","1","Quarry_5","Q5","LACA","Listrus_sp._1",1,22,""
2024,4,16,"12_30","1_43","1","Quarry_5","Q5","LACA","Listrus_sp._1",1,22,""
2024,4,16,"12_30","1_43","1","Quarry_5","Q5","LACA","Bombylius_major",1,22,""
2024,4,16,"12_30","1_43","1","Quarry_5","Q5","LACA","Andrena_pallidifovea",1,22,""
2024,4,16,"12_30","1_43","1","Quarry_5","Q5","TRFU","Listrus_sp._1",1,20,"42"
2024,4,16,"12_30","1_43","1","Quarry_5","Q5","TRFU","Listrus_sp._1",1,20,"25"
2024,4,16,"12_30","1_43","1","Quarry_5","Q5","TRFU","Listrus_sp._1",1,20,"19"
2024,4,16,"12_30","1_43","1","Quarry_5","Q5","TRFU","Listrus_sp._1",1,20,"19"
2024,4,16,"12_30","1_43","1","Quarry_5","Q5","LACA","Listrus_sp._1",1,20,""
2024,4,16,"12_30","1_43","1","Quarry_5","Q5","LACA","Listrus_sp._1",1,20,""
2024,4,16,"12_30","1_43","1","Quarry_5","Q5","TRFU","Listrus_sp._1",1,22,""
2024,4,16,"12_30","1_43","1","Quarry_5","Q5","TRFU","Listrus_sp._1",1,20,""
2024,4,16,"12_30","1_43","2","Quarry_5","Q5","TRFU","Bombus_californicus",38,25,"22"
2024,4,16,"12_30","1_43","2","Quarry_5","Q5","TRFU","Listrus_sp._1",1,25,"22"
2024,4,16,"12_30","1_43","2","Quarry_5","Q5","TRFU","Coenonympha_californica",2,25,""
2024,4,16,"12_30","1_43","2","Quarry_5","Q5","TRFU","Listrus_sp._1",1,25,""
2024,4,16,"12_30","1_43","2","Quarry_5","Q5","TRFU","Coenonympha_californica",1,25,""
2024,4,16,"12_30","1_43","2","Quarry_5","Q5","TRFU","Coenonympha_californica",1,25,""
2024,4,16,"12_30","1_43","2","Quarry_5","Q5","TRFU","Coenonympha_californica",1,25,""
2024,4,16,"12_30","1_43","2","Quarry_5","Q5","LACA","Nomada_hesperia",1,25,""
2024,4,16,"12_30","1_43","2","Quarry_5","Q5","DICA","Bombylius_major",1,25,""
2024,4,16,"12_30","1_43","2","Quarry_5","Q5","DICA","Bombylius_major",1,25,""
2024,4,16,"12_30","1_43","2","Quarry_5","Q5","DICA","Bombylius_major",1,25,""
2024,4,16,"12_30","1_43","2","Quarry_5","Q5","DICA","Bombylius_major",1,25,""
2024,4,16,"12_30","1_43","2","Quarry_5","Q5","LACA","Listrus_sp._1",1,25,""
2024,4,16,"12_30","1_43","2","Quarry_5","Q5","LACA","Andrena_dissona",1,25,""
2024,4,16,"12_30","1_43","2","Quarry_5","Q5","LACA","Andrena_pensilis",1,25,""
2024,4,16,"12_30","1_43","2","Quarry_5","Q5","TRFU","Bombus_californicus",3,6,""
2024,4,16,"12_30","1_43","2","Quarry_5","Q5","TRFU","Listrus_sp._1",1,5,"4"
2024,4,16,"12_30","1_43","2","Quarry_5","Q5","LACA","Listrus_sp._1",1,6,""
2024,4,16,"12_30","1_43","2","Quarry_5","Q5","LACA","Listrus_sp._1",1,6,""
2024,4,16,"12_30","1_43","2","Quarry_5","Q5","DICA","Bombylius_major",2,6,""
2024,4,16,"12_30","1_43","2","Quarry_5","Q5","LACA","Listrus_sp._1",1,6,""
2024,4,16,"12_30","1_43","2","Quarry_5","Q5","DICA","Listrus_sp._1",1,6,""
2024,4,16,"12_30","1_43","2","Quarry_5","Q5","LACA","Listrus_sp._1",1,10,""
2024,4,16,"12_30","1_43","2","Quarry_5","Q5","LACA","Listrus_sp._1",1,10,""
2024,4,16,"12_30","1_43","2","Quarry_5","Q5","LACA","Listrus_sp._1",1,10,""
2024,4,16,"12_30","1_43","2","Quarry_5","Q5","TRFU","Listrus_sp._1",1,10,""
2024,4,16,"12_30","1_43","2","Quarry_5","Q5","TRFU","Listrus_sp._1",1,10,""
2024,4,16,"12_30","1_43","2","Quarry_5","Q5","DICA","Listrus_sp._1",1,6,""
2024,4,16,"12_30","1_43","2","Quarry_5","Q5","DICA","Listrus_sp._1",1,6,""
2024,4,16,"12_30","1_43","2","Quarry_5","Q5","DICA","Listrus_sp._1",1,6,""
2024,4,16,"12_30","1_43","2","Quarry_5","Q5","LACA","Listrus_sp._1",1,6,""
2024,4,16,"12_30","1_43","2","Quarry_5","Q5","TRFU","Listrus_sp._1",1,5,""
2024,4,16,"12_30","1_43","2","Quarry_5","Q5","DICA","Listrus_sp._1",1,5,""
2024,4,16,"12_30","1_43","2","Quarry_5","Q5","TRFU","Listrus_sp._1",1,10,"47"
2024,4,16,"12_30","1_43","2","Quarry_5","Q5","TRFU","Listrus_sp._1",1,10,""
2024,4,16,"12_30","1_43","2","Quarry_5","Q5","TRFU","Listrus_sp._1",1,12,""
2024,4,16,"12_30","1_43","2","Quarry_5","Q5","TRFU","Listrus_sp._1",1,12,""
2024,4,16,"12_30","1_43","2","Quarry_5","Q5","TRFU","Listrus_sp._1",1,10,""
2024,4,16,"12_30","1_43","2","Quarry_5","Q5","TRFU","Listrus_sp._1",1,10,""
2024,4,16,"12_30","1_43","3","Quarry_5","Q5","DICA","Coenonympha_californica",1,50,""
2024,4,16,"12_30","1_43","3","Quarry_5","Q5","TRFU","Listrus_sp._1",1,50,"7"
2024,4,16,"12_30","1_43","3","Quarry_5","Q5","TRFU","Listrus_sp._1",1,50,"9"
2024,4,16,"12_30","1_43","3","Quarry_5","Q5","TRFU","Listrus_sp._1",1,50,"9"
2024,4,16,"12_30","1_43","3","Quarry_5","Q5","TRFU","Listrus_sp._1",1,50,"9"
2024,4,16,"12_30","1_43","3","Quarry_5","Q5","TRFU","Listrus_sp._1",1,50,"10"
2024,4,16,"12_30","1_43","3","Quarry_5","Q5","TRFU","Listrus_sp._1",1,50,"8"
2024,4,16,"12_30","1_43","3","Quarry_5","Q5","TRFU","Listrus_sp._1",1,50,"8"
2024,4,16,"12_30","1_43","3","Quarry_5","Q5","DICA","Listrus_sp._1",1,50,""
2024,4,16,"12_30","1_43","3","Quarry_5","Q5","TRFU","Listrus_sp._1",1,50,""
2024,4,16,"12_30","1_43","3","Quarry_5","Q5","TRFU","Listrus_sp._1",1,50,""
2024,4,16,"12_30","1_43","3","Quarry_5","Q5","TRFU","Listrus_sp._1",1,50,"13"
2024,4,16,"12_30","1_43","3","Quarry_5","Q5","DICA","Listrus_sp._1",1,5,""
2024,4,16,"12_30","1_43","3","Quarry_5","Q5","DICA","Anthocharis_sara",3,5,""
2024,4,16,"12_30","1_43","3","Quarry_5","Q5","DICA","Bombylius_major",2,5,""
2024,4,16,"12_30","1_43","3","Quarry_5","Q5","DICA","Listrus_sp._1",1,10,""
2024,4,16,"12_30","1_43","3","Quarry_5","Q5","LACA","Coenonympha_californica",1,10,""
2024,4,16,"12_30","1_43","3","Quarry_5","Q5","LACA","Andrena_pensilis",1,10,""
2024,4,16,"12_30","1_43","3","Quarry_5","Q5","LACA","Andrena_dissona",2,10,""
2024,4,16,"12_30","1_43","3","Quarry_5","Q5","LACA","Andrena_pensilis",1,10,""
2024,4,16,"12_30","1_43","3","Quarry_5","Q5","LACA","Andrena_dissona",2,10,""
2024,4,16,"12_30","1_43","3","Quarry_5","Q5","DICA","Bombylius_major",1,12,""
2024,4,16,"12_30","1_43","3","Quarry_5","Q5","LACA","Listrus_sp._1",1,12,""
2024,4,16,"12_30","1_43","3","Quarry_5","Q5","LACA","Bombylius_major",1,12,""
2024,4,16,"12_30","1_43","3","Quarry_5","Q5","DICA","Listrus_sp._1",1,12,""
2024,4,16,"12_30","1_43","3","Quarry_5","Q5","LACA","Coenonympha_californica",2,15,""
2024,4,16,"12_30","1_43","3","Quarry_5","Q5","LACA","Andrena_pensilis",5,15,""
2024,4,16,"12_30","1_43","3","Quarry_5","Q5","TRFU","Bombus_californicus",1,5,"1"
2024,4,16,"10_32","11_09","1","Quarry_3","Q3","TRFU","Eucera_actuosa",4,10,""
2024,4,16,"10_32","11_09","1","Quarry_3","Q3","TRFU","Listrus_sp._1",1,10,"30"
2024,4,16,"10_32","11_09","1","Quarry_3","Q3","TRFU","Listrus_sp._1",1,5,"20"
2024,4,16,"10_32","11_09","1","Quarry_3","Q3","TRFU","Coenonympha_californica",1,5,""
2024,4,16,"10_32","11_09","1","Quarry_3","Q3","VIVI","Eucera_actuosa",1,0,""
2024,4,16,"10_32","11_09","1","Quarry_3","Q3","VIVI","Eucera_actuosa",1,0,""
2024,4,16,"10_32","11_09","1","Quarry_3","Q3","VIVI","Eucera_actuosa",1,0,""
2024,4,16,"10_32","11_09","1","Quarry_3","Q3","TRFU","Listrus_sp._1",1,0,"15"
2024,4,16,"10_32","11_09","1","Quarry_3","Q3","VIVI","Eucera_actuosa",1,0,""
2024,4,16,"10_32","11_09","1","Quarry_3","Q3","TRFU","Polistes_aurifer",1,0,""
2024,4,16,"10_32","11_09","1","Quarry_3","Q3","TRFU","Coenonympha_californica",1,0,""
2024,4,16,"10_32","11_09","1","Quarry_3","Q3","DICA","Coenonympha_californica",2,0,""
2024,4,16,"10_32","11_09","1","Quarry_3","Q3","TRFU","Eucera_actuosa",2,0,""
2024,4,16,"10_32","11_09","1","Quarry_3","Q3","VIVI","Glaucophysche_lygdamus",1,0,""
2024,4,16,"10_32","11_09","1","Quarry_3","Q3","TRFU","Listrus_sp._1",1,1,""
2024,4,16,"10_32","11_09","1","Quarry_3","Q3","DICA","Listrus_sp._1",1,0,""
2024,4,16,"10_32","11_09","1","Quarry_3","Q3","DICA","Listrus_sp._1",1,0,""
2024,4,16,"10_32","11_09","1","Quarry_3","Q3","DICA","Erynnis_propertius",1,2,""
2024,4,16,"10_32","11_09","1","Quarry_3","Q3","LUSU","Glaucophysche_lygdamus",1,1,""
2024,4,16,"10_32","11_09","1","Quarry_3","Q3","TRFU","Listrus_sp._1",1,0,"7"
2024,4,16,"10_32","11_09","1","Quarry_3","Q3","TRFU","Coenonympha_californica",1,5,""
2024,4,16,"10_32","11_09","1","Quarry_3","Q3","TRFU","Listrus_sp._1",1,5,""
2024,4,16,"10_32","11_09","1","Quarry_3","Q3","TRFU","Listrus_sp._1",1,5,""
2024,4,16,"11_16","11_54","1","Quarry_4","Q4","TRFU","Listrus_sp._1",1,5,""
2024,4,16,"11_16","11_54","1","Quarry_4","Q4","TRFU","Listrus_sp._1",1,5,""
2024,4,16,"11_16","11_54","1","Quarry_4","Q4","URLI","Andrena_dissona",1,10,""
2024,4,16,"11_16","11_54","1","Quarry_4","Q4","URLI","Andrena_pallidifovea",7,10,""
2024,4,16,"11_16","11_54","1","Quarry_4","Q4","DICA","Glaucophysche_lygdamus",2,15,""
2024,4,16,"11_16","11_54","1","Quarry_4","Q4","DICA","Listrus_sp._1",1,15,""
2024,4,16,"11_16","11_54","1","Quarry_4","Q4","DICA","Listrus_sp._1",1,15,""
2024,4,16,"11_16","11_54","1","Quarry_4","Q4","DICA","Listrus_sp._1",1,15,""
2024,4,16,"11_16","11_54","1","Quarry_4","Q4","TRFU","Eucera_actuosa",3,15,""
2024,4,16,"11_16","11_54","1","Quarry_4","Q4","DICA","Listrus_sp._1",1,15,""
2024,4,16,"11_16","11_54","2","Quarry_4","Q4","TRFU","Listrus_sp._1",1,10,""
2024,4,16,"11_16","11_54","2","Quarry_4","Q4","TRFU","Coenonympha_californica",1,10,""
2024,4,16,"11_16","11_54","2","Quarry_4","Q4","TRFU","Anthophora_crotchii",1,5,"20"
2024,4,16,"11_16","11_54","2","Quarry_4","Q4","TRFU","Listrus_sp._1",1,10,"5"
2024,4,16,"11_16","11_54","2","Quarry_4","Q4","TRFU","Listrus_sp._1",1,10,""
2024,4,16,"11_16","11_54","2","Quarry_4","Q4","TRFU","Listrus_sp._1",1,10,""
2024,4,16,"11_16","11_54","2","Quarry_4","Q4","TRFU","Listrus_sp._1",1,10,""
2024,4,16,"11_16","11_54","2","Quarry_4","Q4","TRFU","Listrus_sp._1",1,10,"19"
2024,4,16,"11_16","11_54","2","Quarry_4","Q4","TRFU","Listrus_sp._1",1,10,"3"
2024,4,16,"11_16","11_54","2","Quarry_4","Q4","TRFU","Listrus_sp._1",1,10,"6"
2024,4,16,"11_16","11_54","2","Quarry_4","Q4","TRFU","Listrus_sp._1",1,10,"7"
2024,4,16,"11_16","11_54","2","Quarry_4","Q4","TRFU","Listrus_sp._1",1,10,"7"
2024,4,21,"1_30","1_46","1","Quarry_3","Q3","TRFU","Osmia_nemoris",1,5,""
2024,4,21,"1_30","1_46","1","Quarry_3","Q3","TRFU","Osmia_nemoris",1,5,""
2024,4,21,"1_30","1_46","1","Quarry_3","Q3","TRFU","Listrus_sp._1",1,0,""
2024,4,21,"1_30","1_46","1","Quarry_3","Q3","TRFU","Listrus_sp._1",1,0,""
2024,4,21,"1_30","1_46","1","Quarry_3","Q3","TRFU","Listrus_sp._1",1,0,""
2024,4,21,"1_30","1_46","1","Quarry_3","Q3","VIVI","Apis_mellifera",1,0,""
2024,4,21,"1_30","1_46","1","Quarry_3","Q3","VIVI","Apis_mellifera",3,0,""
2024,4,21,"1_30","1_46","1","Quarry_3","Q3","VIVI","Apis_mellifera",1,0,""
2024,4,21,"1_30","1_46","1","Quarry_3","Q3","VIVI","Apis_mellifera",1,0,""
2024,4,21,"1_30","1_46","1","Quarry_3","Q3","DICA","Listrus_sp._1",1,0,""
2024,4,21,"1_30","1_46","1","Quarry_3","Q3","VIVI","Apis_mellifera",1,0,""
2024,4,21,"1_30","1_46","1","Quarry_3","Q3","VIVI","Apis_mellifera",1,0,""
2024,4,21,"1_30","1_46","1","Quarry_3","Q3","VIVI","Apis_mellifera",3,0,""
2024,4,21,"1_30","1_46","1","Quarry_3","Q3","VIVI","Osmia_nemoris",3,0,""
2024,4,21,"1_30","1_46","1","Quarry_3","Q3","VIVI","Apis_mellifera",1,0,""
2024,4,21,"1_30","1_46","1","Quarry_3","Q3","VIVI","Apis_mellifera",1,0,""
2024,4,21,"1_30","1_46","1","Quarry_3","Q3","VIVI","Apis_mellifera",1,0,""
2024,4,21,"1_30","1_46","1","Quarry_3","Q3","TRFU","Listrus_sp._1",1,0,""
2024,4,21,"1_30","1_46","1","Quarry_3","Q3","TRFU","Coenonympha_californica",1,0,""
2024,4,21,"1_30","1_46","1","Quarry_3","Q3","TRFU","Coenonympha_californica",1,0,""
2024,4,21,"1_30","1_46","1","Quarry_3","Q3","VIVI","Apis_mellifera",1,0,""
2024,4,21,"1_30","1_46","1","Quarry_3","Q3","VIVI","Eucera_actuosa",3,0,""
2024,4,21,"1_30","1_46","1","Quarry_3","Q3","TRFU","Listrus_sp._1",1,0,""
2024,4,21,"1_30","1_46","1","Quarry_3","Q3","VIVI","Bombus_melanopygus",2,0,""
2024,4,21,"1_30","1_46","1","Quarry_3","Q3","VIVI","Apis_mellifera",1,0,""
2024,4,21,"1_30","1_46","1","Quarry_3","Q3","VIVI","Apis_mellifera",1,0,""
2024,4,21,"1_30","1_46","1","Quarry_3","Q3","VIVI","Erynnis_propertius",1,0,""
2024,4,21,"1_30","1_46","1","Quarry_3","Q3","VIVI","Apis_mellifera",2,0,""
2024,4,21,"1_30","1_46","1","Quarry_3","Q3","VIVI","Apis_mellifera",3,0,""
2024,4,21,"1_30","1_46","1","Quarry_3","Q3","VIVI","Osmia_cara",1,0,""
2024,4,21,"1_30","1_46","1","Quarry_3","Q3","VIVI","Apis_mellifera",1,0,""
2024,4,21,"1_30","1_46","1","Quarry_3","Q3","VIVI","Apis_mellifera",1,0,""
2024,4,21,"1_30","1_46","1","Quarry_3","Q3","VIVI","Apis_mellifera",1,0,""
2024,4,21,"1_30","1_46","1","Quarry_3","Q3","VIVI","Apis_mellifera",2,0,""
2024,4,21,"1_30","1_46","1","Quarry_3","Q3","VIVI","Apis_mellifera",2,0,""
2024,4,21,"1_30","1_46","1","Quarry_3","Q3","TRFU","Eucera_actuosa",1,5,""
2024,4,21,"1_30","1_46","1","Quarry_3","Q3","TRFU","Eucera_actuosa",2,5,""
2024,4,21,"1_30","1_46","1","Quarry_3","Q3","TRFU","Listrus_sp._1",1,5,""
2024,4,21,"1_30","1_46","1","Quarry_3","Q3","TRFU","Listrus_sp._1",1,5,""
2024,4,21,"1_30","1_46","1","Quarry_3","Q3","TRFU","Listrus_sp._1",1,5,""
2024,4,21,"1_49","2_04","1","Quarry_4","Q4","VIVI","Bombus_californicus",3,0,""
2024,4,21,"1_49","2_04","1","Quarry_4","Q4","VIVI","Bombus_melanopygus",1,0,""
2024,4,21,"1_49","2_04","1","Quarry_4","Q4","VIVI","Apis_mellifera",1,0,""
2024,4,21,"1_49","2_04","1","Quarry_4","Q4","VIVI","Erynnis_propertius",1,0,""
2024,4,21,"1_49","2_04","1","Quarry_4","Q4","VIVI","Apis_mellifera",3,0,""
2024,4,21,"1_49","2_04","1","Quarry_4","Q4","VIVI","Bombus_melanopygus",4,0,""
2024,4,21,"1_49","2_04","1","Quarry_4","Q4","VIVI","Apis_mellifera",1,0,""
2024,4,21,"1_49","2_04","1","Quarry_4","Q4","VIVI","Bombus_californicus",2,0,""
2024,4,21,"1_49","2_04","1","Quarry_4","Q4","VIVI","Apis_mellifera",2,0,""
2024,4,21,"1_49","2_04","1","Quarry_4","Q4","VIVI","Erynnis_propertius",1,0,""
2024,4,21,"1_49","2_04","1","Quarry_4","Q4","VIVI","Apis_mellifera",1,0,""
2024,4,21,"1_49","2_04","1","Quarry_4","Q4","VIVI","Apis_mellifera",1,0,""
2024,4,21,"1_49","2_04","1","Quarry_4","Q4","VIVI","Apis_mellifera",1,0,""
2024,4,21,"1_49","2_04","1","Quarry_4","Q4","TRFU","Listrus_sp._1",1,0,""
2024,4,21,"1_49","2_04","1","Quarry_4","Q4","TRFU","Listrus_sp._1",1,0,""
2024,4,21,"1_49","2_04","1","Quarry_4","Q4","TRFU","Listrus_sp._1",1,0,""
2024,4,21,"1_49","2_04","1","Quarry_4","Q4","TRFU","Listrus_sp._1",1,0,""
2024,4,21,"1_49","2_04","1","Quarry_4","Q4","TRFU","Listrus_sp._1",1,0,""
2024,4,21,"1_49","2_04","1","Quarry_4","Q4","TRFU","Listrus_sp._1",1,2,""
2024,4,21,"1_49","2_04","1","Quarry_4","Q4","TRFU","Listrus_sp._1",1,2,""
2024,4,21,"1_49","2_04","1","Quarry_4","Q4","TRFU","Listrus_sp._1",1,2,""
2024,4,21,"1_49","2_04","1","Quarry_4","Q4","TRFU","Listrus_sp._1",1,0,""
2024,4,21,"1_49","2_04","1","Quarry_4","Q4","TRFU","Listrus_sp._1",1,0,""
2024,4,21,"1_49","2_04","1","Quarry_4","Q4","TRFU","Listrus_sp._1",1,0,""
2024,4,21,"1_49","2_04","1","Quarry_4","Q4","TRFU","Listrus_sp._1",1,0,""
2024,4,21,"1_49","2_04","1","Quarry_4","Q4","TRFU","Listrus_sp._1",1,0,""
2024,4,21,"1_49","2_04","1","Quarry_4","Q4","TRFU","Listrus_sp._1",1,0,""
2024,4,21,"1_49","2_04","2","Quarry_4","Q4","TRFU","Listrus_sp._1",1,5,""
2024,4,21,"1_49","2_04","2","Quarry_4","Q4","TRFU","Listrus_sp._1",1,5,""
2024,4,21,"1_49","2_04","2","Quarry_4","Q4","TRFU","Listrus_sp._1",1,5,""
2024,4,21,"1_49","2_04","2","Quarry_4","Q4","TRFU","Listrus_sp._1",1,5,""
2024,4,21,"2_08","2_49","1","Quarry_5","Q5","TRFU","Listrus_sp._1",1,10,""
2024,4,21,"2_08","2_49","1","Quarry_5","Q5","TRFU","Listrus_sp._1",1,10,""
2024,4,21,"2_08","2_49","1","Quarry_5","Q5","TRFU","Listrus_sp._1",1,10,""
2024,4,21,"2_08","2_49","1","Quarry_5","Q5","TRFU","Listrus_sp._1",1,10,""
2024,4,21,"2_08","2_49","1","Quarry_5","Q5","TRFU","Listrus_sp._1",1,10,""
2024,4,21,"2_08","2_49","1","Quarry_5","Q5","TRFU","Listrus_sp._1",1,10,""
2024,4,21,"2_08","2_49","1","Quarry_5","Q5","TRFU","Listrus_sp._1",1,10,""
2024,4,21,"2_08","2_49","1","Quarry_5","Q5","TRFU","Listrus_sp._1",1,10,""
2024,4,21,"2_08","2_49","1","Quarry_5","Q5","TRFU","Listrus_sp._1",1,10,""
2024,4,21,"2_08","2_49","1","Quarry_5","Q5","TRFU","Listrus_sp._1",1,10,""
2024,4,21,"2_08","2_49","1","Quarry_5","Q5","DICA","Listrus_sp._1",1,10,""
2024,4,21,"2_08","2_49","1","Quarry_5","Q5","DICA","Listrus_sp._1",1,10,""
2024,4,21,"2_08","2_49","1","Quarry_5","Q5","DICA","Listrus_sp._1",1,10,""
2024,4,21,"2_08","2_49","1","Quarry_5","Q5","DICA","Listrus_sp._1",1,10,""
2024,4,21,"2_08","2_49","1","Quarry_5","Q5","DICA","Listrus_sp._1",1,10,""
2024,4,21,"2_08","2_49","1","Quarry_5","Q5","DICA","Listrus_sp._1",1,10,""
2024,4,21,"2_08","2_49","1","Quarry_5","Q5","TRFU","Osmia_cara",1,10,""
2024,4,21,"2_08","2_49","1","Quarry_5","Q5","DICA","Listrus_sp._1",1,4,""
2024,4,21,"2_08","2_49","1","Quarry_5","Q5","DICA","Listrus_sp._1",1,4,""
2024,4,21,"2_08","2_49","1","Quarry_5","Q5","DICA","Listrus_sp._1",1,4,""
2024,4,21,"2_08","2_49","1","Quarry_5","Q5","DICA","Listrus_sp._1",1,4,""
2024,4,21,"2_08","2_49","1","Quarry_5","Q5","DICA","Listrus_sp._1",1,4,""
2024,4,21,"2_08","2_49","1","Quarry_5","Q5","TRFU","Listrus_sp._1",1,4,""
2024,4,21,"2_08","2_49","1","Quarry_5","Q5","TRFU","Listrus_sp._1",1,4,""
2024,4,21,"2_08","2_49","1","Quarry_5","Q5","LACA","Listrus_sp._1",1,1,""
2024,4,21,"2_08","2_49","1","Quarry_5","Q5","VIVI","Apis_mellifera",1,0,""
2024,4,21,"2_08","2_49","1","Quarry_5","Q5","LACA","Listrus_sp._1",1,1,""
2024,4,21,"2_08","2_49","2","Quarry_5","Q5","TRFU","Listrus_sp._1",1,10,""
2024,4,21,"2_08","2_49","2","Quarry_5","Q5","TRFU","Listrus_sp._1",1,10,""
2024,4,21,"2_08","2_49","2","Quarry_5","Q5","TRFU","Listrus_sp._1",1,10,""
2024,4,21,"2_08","2_49","2","Quarry_5","Q5","TRFU","Listrus_sp._1",1,10,""
2024,4,21,"2_08","2_49","2","Quarry_5","Q5","TRFU","Coenonympha_californica",1,5,""
2024,4,21,"2_08","2_49","2","Quarry_5","Q5","TRFU","Bombus_vosnesenskii",12,10,""
2024,4,21,"2_08","2_49","2","Quarry_5","Q5","TRFU","Listrus_sp._1",1,10,""
2024,4,21,"2_08","2_49","2","Quarry_5","Q5","TRFU","Osmia_sp.",1,5,""
2024,4,21,"2_08","2_49","2","Quarry_5","Q5","LACA","Anthophora_californica",1,10,""
2024,4,21,"2_08","2_49","2","Quarry_5","Q5","TRFU","Anthophora_californica",6,10,""
2024,4,21,"2_08","2_49","2","Quarry_5","Q5","LACA","Listrus_sp._1",1,10,""
2024,4,21,"2_08","2_49","2","Quarry_5","Q5","LACA","Listrus_sp._1",1,10,""
2024,4,21,"2_08","2_49","2","Quarry_5","Q5","LACA","Listrus_sp._1",1,10,""
2024,4,21,"2_08","2_49","2","Quarry_5","Q5","LACA","Listrus_sp._1",1,10,""
2024,4,21,"2_08","2_49","2","Quarry_5","Q5","LACA","BF1_Diptera",1,10,""
2024,4,21,"2_08","2_49","2","Quarry_5","Q5","DICA","Helithodes_dimutiva",1,10,""
2024,4,21,"2_08","2_49","2","Quarry_5","Q5","LACA","Helithodes_dimutiva",1,10,""
2024,4,21,"2_08","2_49","2","Quarry_5","Q5","DICA","Listrus_sp._1",1,10,""
2024,4,21,"2_08","2_49","2","Quarry_5","Q5","DICA","Listrus_sp._1",1,10,""
2024,4,21,"2_08","2_49","2","Quarry_5","Q5","TRFU","Prosperpinus_clarkiae",2,10,""
2024,4,21,"2_08","2_49","2","Quarry_5","Q5","DICA","Prosperpinus_clarkiae",8,10,""
2024,4,21,"2_08","2_49","2","Quarry_5","Q5","TRFU","Listrus_sp._1",1,15,""
2024,4,21,"2_08","2_49","2","Quarry_5","Q5","TRFU","Listrus_sp._1",1,15,""
2024,4,21,"2_08","2_49","2","Quarry_5","Q5","TRFU","Listrus_sp._1",1,15,""
2024,4,21,"2_08","2_49","2","Quarry_5","Q5","TRFU","Listrus_sp._1",1,15,""
2024,4,21,"2_08","2_49","2","Quarry_5","Q5","TRFU","Listrus_sp._1",1,15,""
2024,4,21,"2_08","2_49","2","Quarry_5","Q5","LACA","Anthrenus_sp.",1,15,""
2024,4,21,"2_08","2_49","2","Quarry_5","Q5","DICA","Listrus_sp._1",1,15,""
2024,4,21,"2_08","2_49","2","Quarry_5","Q5","DICA","Erynnis_propertius",2,15,""
2024,4,21,"2_08","2_49","2","Quarry_5","Q5","TRFU","Bombus_californicus",3,10,""
2024,4,21,"2_08","2_49","2","Quarry_5","Q5","TRFU","Osmia_cara",1,10,""
2024,4,21,"2_08","2_49","2","Quarry_5","Q5","TRFU","Osmia_nemoris",2,10,""
2024,4,21,"2_08","2_49","3","Quarry_5","Q5","TRFU","Listrus_sp._1",1,20,""
2024,4,21,"2_08","2_49","3","Quarry_5","Q5","TRFU","Listrus_sp._1",1,20,""
2024,4,21,"2_08","2_49","3","Quarry_5","Q5","DICA","Listrus_sp._1",1,20,""
2024,4,21,"2_08","2_49","3","Quarry_5","Q5","DICA","Listrus_sp._1",1,20,""
2024,4,21,"2_08","2_49","3","Quarry_5","Q5","DICA","Listrus_sp._1",1,20,""
2024,4,21,"2_08","2_49","3","Quarry_5","Q5","TRFU","Osmia_nemoris",2,20,""
2024,4,21,"2_08","2_49","3","Quarry_5","Q5","DICA","Listrus_sp._1",1,0,""
2024,4,21,"2_08","2_49","3","Quarry_5","Q5","VIVI","Osmia_nemoris",1,0,""
2024,4,21,"2_08","2_49","3","Quarry_5","Q5","VIVI","Eucera_actuosa",2,0,""
2024,4,21,"2_08","2_49","3","Quarry_5","Q5","LACA","Listrus_sp._1",1,5,""
2024,4,21,"2_08","2_49","3","Quarry_5","Q5","LACA","Listrus_sp._1",1,5,""
2024,4,21,"2_08","2_49","3","Quarry_5","Q5","LACA","Listrus_sp._1",1,5,""
2024,4,21,"2_08","2_49","3","Quarry_5","Q5","LACA","Listrus_sp._1",1,5,""
2024,4,21,"2_08","2_49","3","Quarry_5","Q5","LACA","Listrus_sp._1",1,5,""
2024,4,21,"2_08","2_49","3","Quarry_5","Q5","DICA","Listrus_sp._1",1,5,""
2024,4,21,"2_08","2_49","3","Quarry_5","Q5","LACA","Listrus_sp._1",1,10,""
2024,4,20,"7_59","8_50","1","Quarry_5","Q5","TRFU","Listrus_sp._1",1,50,""
2024,4,20,"7_59","8_50","1","Quarry_5","Q5","AGHE","Listrus_sp._1",1,50,""
2024,4,20,"7_59","8_50","1","Quarry_5","Q5","AGHE","Andrena_subchalybea",1,50,""
2024,4,20,"7_59","8_50","1","Quarry_5","Q5","AGHE","Andrena_subchalybea",1,50,""
2024,4,20,"7_59","8_50","1","Quarry_5","Q5","AGHE","Andrena_subchalybea",2,50,""
2024,4,20,"7_59","8_50","1","Quarry_5","Q5","AGHE","Andrena_subchalybea",1,50,""
2024,4,20,"7_59","8_50","1","Quarry_5","Q5","AGHE","Listrus_sp._1",1,50,""
2024,4,20,"7_59","8_50","1","Quarry_5","Q5","AGHE","Heliolonche_modiella",1,50,""
2024,4,20,"7_59","8_50","1","Quarry_5","Q5","AGHE","Andrena_subchalybea",1,50,""
2024,4,20,"7_59","8_50","1","Quarry_5","Q5","AGHE","Andrena_subchalybea",1,50,""
2024,4,20,"7_59","8_50","1","Quarry_5","Q5","AGHE","Andrena_subchalybea",1,50,""
2024,4,20,"7_59","8_50","1","Quarry_5","Q5","DICA","Listrus_sp._1",1,50,""
2024,4,20,"7_59","8_50","1","Quarry_5","Q5","DICA","Listrus_sp._1",1,50,""
2024,4,20,"7_59","8_50","1","Quarry_5","Q5","AGHE","Andrena_subchalybea",3,50,""
2024,4,20,"7_59","8_50","1","Quarry_5","Q5","AGHE","Andrena_subchalybea",1,50,""
2024,4,20,"7_59","8_50","1","Quarry_5","Q5","AGHE","Andrena_subchalybea",1,50,""
2024,4,20,"7_59","8_50","1","Quarry_5","Q5","DICA","Listrus_sp._1",1,50,""
2024,4,20,"7_59","8_50","1","Quarry_5","Q5","DICA","Listrus_sp._1",1,50,""
2024,4,20,"7_59","8_50","1","Quarry_5","Q5","AGHE","Heliolonche_modiella",3,50,""
2024,4,20,"7_59","8_50","1","Quarry_5","Q5","AGHE","Andrena_subchalybea",1,50,""
2024,4,20,"7_59","8_50","1","Quarry_5","Q5","AGHE","Andrena_subchalybea",1,50,""
2024,4,20,"7_59","8_50","1","Quarry_5","Q5","AGHE","Malachius_sp.",1,50,""
2024,4,20,"7_59","8_50","1","Quarry_5","Q5","AGHE","Heliolonche_modiella",1,50,""
2024,4,20,"7_59","8_50","1","Quarry_5","Q5","AGHE","Heliolonche_modiella",1,50,""
2024,4,20,"7_59","8_50","2","Quarry_5","Q5","TRFU","Bombus_melanopygus",10,20,""
2024,4,20,"7_59","8_50","2","Quarry_5","Q5","AGHE","Heliolonche_modiella",1,40,""
2024,4,20,"7_59","8_50","2","Quarry_5","Q5","AGHE","Listrus_sp._1",1,40,""
2024,4,20,"7_59","8_50","2","Quarry_5","Q5","AGHE","Andrena_subchalybea",4,40,""
2024,4,20,"7_59","8_50","2","Quarry_5","Q5","AGHE","Andrena_subchalybea",1,40,""
2024,4,20,"7_59","8_50","2","Quarry_5","Q5","AGHE","Heliolonche_modiella",2,40,""
2024,4,20,"7_59","8_50","2","Quarry_5","Q5","AGHE","Andrena_subchalybea",1,40,""
2024,4,20,"7_59","8_50","2","Quarry_5","Q5","AGHE","Andrena_subchalybea",2,40,""
2024,4,20,"7_59","8_50","2","Quarry_5","Q5","AGHE","Andrena_subchalybea",3,40,""
2024,4,20,"7_59","8_50","2","Quarry_5","Q5","AGHE","Andrena_subchalybea",2,40,""
2024,4,20,"7_59","8_50","2","Quarry_5","Q5","TRFU","Listrus_sp._1",1,40,""
2024,4,20,"7_59","8_50","2","Quarry_5","Q5","AGHE","Andrena_subchalybea",1,40,""
2024,4,20,"7_59","8_50","2","Quarry_5","Q5","AGHE","Andrena_subchalybea",1,40,""
2024,4,20,"7_59","8_50","2","Quarry_5","Q5","AGHE","Andrena_subchalybea",1,40,""
2024,4,20,"7_59","8_50","2","Quarry_5","Q5","AGHE","Andrena_subchalybea",1,30,""
2024,4,20,"7_59","8_50","2","Quarry_5","Q5","AGHE","Andrena_subchalybea",1,30,""
2024,4,20,"7_59","8_50","2","Quarry_5","Q5","AGHE","Heliolonche_modiella",1,30,""
2024,4,20,"7_59","8_50","2","Quarry_5","Q5","AGHE","Andrena_subchalybea",1,30,""
2024,4,20,"7_59","8_50","2","Quarry_5","Q5","AGHE","Listrus_sp._1",1,30,""
2024,4,20,"7_59","8_50","2","Quarry_5","Q5","AGHE","Listrus_sp._1",1,30,""
2024,4,20,"7_59","8_50","2","Quarry_5","Q5","DICA","Listrus_sp._1",1,30,""
2024,4,20,"7_59","8_50","2","Quarry_5","Q5","TRFU","Bombus_californicus",4,40,""
2024,4,20,"7_59","8_50","2","Quarry_5","Q5","AGHE","Andrena_subchalybea",3,40,""
2024,4,20,"7_59","8_50","2","Quarry_5","Q5","TRFU","Listrus_sp._1",1,40,""
2024,4,20,"7_59","8_50","2","Quarry_5","Q5","AGHE","Heliolonche_modiella",4,40,""
2024,4,20,"7_59","8_50","2","Quarry_5","Q5","AGHE","Lasioglossum_titusi",2,40,""
2024,4,20,"7_59","8_50","2","Quarry_5","Q5","AGHE","Andrena_subchalybea",1,40,""
2024,4,20,"7_59","8_50","2","Quarry_5","Q5","MIDO","Andrena_subchalybea",2,40,""
2024,4,20,"7_59","8_50","2","Quarry_5","Q5","TRFU","Listrus_sp._1",1,40,""
2024,4,20,"7_59","8_50","2","Quarry_5","Q5","AGHE","Lasioglossum_titusi",2,50,""
2024,4,20,"7_59","8_50","2","Quarry_5","Q5","AGHE","Andrena_subchalybea",1,40,""
2024,4,20,"7_59","8_50","2","Quarry_5","Q5","DICA","Bombylius_major",1,20,""
2024,4,20,"7_59","8_50","2","Quarry_5","Q5","DICA","Listrus_sp._1",1,20,""
2024,4,20,"7_59","8_50","2","Quarry_5","Q5","DICA","Listrus_sp._1",1,20,""
2024,4,20,"7_59","8_50","2","Quarry_5","Q5","DICA","Listrus_sp._1",1,20,""
2024,4,20,"7_59","8_50","2","Quarry_5","Q5","DICA","Listrus_sp._1",1,20,""
2024,4,20,"7_59","8_50","2","Quarry_5","Q5","TRFU","Listrus_sp._1",1,20,"7"
2024,4,20,"7_59","8_50","2","Quarry_5","Q5","TRFU","Listrus_sp._1",1,20,""
2024,4,20,"7_59","8_50","2","Quarry_5","Q5","TRFU","Listrus_sp._1",1,20,""
2024,4,20,"7_59","8_50","2","Quarry_5","Q5","TRFU","Coenonympha_californica",1,10,""
2024,4,20,"7_59","8_50","2","Quarry_5","Q5","AGHE","Andrena_subchalybea",1,10,""
2024,4,20,"7_59","8_50","3","Quarry_5","Q5","AGHE","Listrus_sp._1",1,5,""
2024,4,20,"7_59","8_50","3","Quarry_5","Q5","AGHE","Listrus_sp._1",1,5,""
2024,4,20,"7_59","8_50","3","Quarry_5","Q5","AGHE","Listrus_sp._1",1,5,""
2024,4,20,"7_59","8_50","3","Quarry_5","Q5","LACA","Andrena_sp.",1,5,""
2024,4,20,"7_59","8_50","3","Quarry_5","Q5","DICA","Listrus_sp._1",1,6,""
2024,4,20,"7_59","8_50","3","Quarry_5","Q5","DICA","Listrus_sp._1",1,6,""
2024,4,20,"7_59","8_50","3","Quarry_5","Q5","MIDO","Heliolonche_modiella",1,0,""
2024,4,20,"7_59","8_50","3","Quarry_5","Q5","AGHE","Andrena_subchalybea",1,1,""
2024,4,20,"7_59","8_50","3","Quarry_5","Q5","AGHE","Andrena_subchalybea",1,2,""
2024,4,20,"7_59","8_50","3","Quarry_5","Q5","AGHE","Listrus_sp._1",1,2,""
2024,4,20,"7_59","8_50","3","Quarry_5","Q5","AGHE","Andrena_subchalybea",1,5,""
2024,4,20,"7_59","8_50","3","Quarry_5","Q5","TRFU","Bombus_californicus",3,10,"13, 3"
2024,4,20,"7_59","8_50","3","Quarry_5","Q5","TRFU","Listrus_sp._1",1,10,""
2024,4,20,"7_59","8_50","3","Quarry_5","Q5","TRFU","Listrus_sp._1",1,10,""
2024,4,20,"7_59","8_50","3","Quarry_5","Q5","AGHE","Andrena_subchalybea",1,10,""
2024,4,20,"7_59","8_50","3","Quarry_5","Q5","AGHE","Coenonympha_californica",1,40,""
2024,4,20,"8_56","9_08","1","Quarry_3","Q3","DICA","Coenonympha_californica",2,0,""
2024,4,20,"8_56","9_08","1","Quarry_3","Q3","VIVI","Glaucophysche_lygdamus",1,0,""
2024,4,20,"8_56","9_08","1","Quarry_3","Q3","VIVI","Glaucophysche_lygdamus",1,0,""
2024,4,20,"8_56","9_08","1","Quarry_3","Q3","VIVI","Eucera_frater_albopilosa",1,0,""
2024,4,20,"8_56","9_08","1","Quarry_3","Q3","VIVI","Glaucophysche_lygdamus",1,0,""
2024,4,20,"8_56","9_08","1","Quarry_3","Q3","VIVI","Eucera_actuosa",1,0,""
2024,4,20,"8_56","9_08","1","Quarry_3","Q3","VIVI","Eucera_frater_albopilosa",1,0,""
2024,4,20,"8_56","9_08","1","Quarry_3","Q3","VIVI","Eucera_frater_albopilosa",3,0,""
2024,4,20,"8_56","9_08","1","Quarry_3","Q3","VIVI","Apis_mellifera",1,0,""
2024,4,20,"8_56","9_08","1","Quarry_3","Q3","VIVI","Eucera_frater_albopilosa",2,0,""
2024,4,20,"9_38","10_00","1","Quarry_2","Q2","LACA","BF1_Diptera",1,0,""
2024,4,20,"9_38","10_00","1","Quarry_2","Q2","LACA","Chrysis_angolensis",2,0,""
2024,4,20,"9_38","10_00","1","Quarry_2","Q2","VIVI","Eucera_actuosa",1,0,""
2024,4,20,"9_38","10_00","1","Quarry_2","Q2","DICA","Listrus_sp._1",1,0,""
2024,4,20,"9_38","10_00","1","Quarry_2","Q2","LACA","BF1_Diptera",1,0,""
2024,4,20,"9_38","10_00","1","Quarry_2","Q2","VIVI","Osmia_sp.",1,0,""
2024,4,20,"9_38","10_00","1","Quarry_2","Q2","LACA","Lasioglossum_titusi",1,0,""
2024,4,20,"9_38","10_00","1","Quarry_2","Q2","LACA","Lasioglossum_titusi",4,0,""
2024,4,20,"9_38","10_00","1","Quarry_2","Q2","VIVI","Eucera_actuosa",1,0,""
2024,4,20,"9_38","10_00","1","Quarry_2","Q2","VIVI","Apis_mellifera",3,0,""
2024,4,20,"9_38","10_00","1","Quarry_2","Q2","LACA","Bombylius_major",1,0,""
2024,4,20,"9_38","10_00","1","Quarry_2","Q2","VIVI","Apis_mellifera",1,0,""
2024,4,20,"9_38","10_00","1","Quarry_2","Q2","VIVI","Bombus_californicus",30,0,""
2024,4,20,"9_38","10_00","1","Quarry_2","Q2","VIVI","Eucera_frater_albopilosa",1,0,""
2024,4,20,"9_38","10_00","1","Quarry_2","Q2","VIVI","Eucera_actuosa",1,0,""
2024,4,20,"9_38","10_00","1","Quarry_2","Q2","VIVI","Apis_mellifera",1,0,""
2024,4,20,"9_38","10_00","1","Quarry_2","Q2","VIVI","Apis_mellifera",1,0,""
2024,4,20,"9_38","10_00","1","Quarry_2","Q2","DICA","Listrus_sp._1",1,0,""
2024,4,20,"9_38","10_00","1","Quarry_2","Q2","VIVI","Apis_mellifera",1,0,""
2024,4,20,"9_38","10_00","1","Quarry_2","Q2","LACA","Bombylius_major",1,0,""
2024,4,20,"9_38","10_00","1","Quarry_2","Q2","VIVI","Eucera_frater_albopilosa",1,0,""
2024,4,20,"9_38","10_00","1","Quarry_2","Q2","VIVI","Bombus_melanopygus",3,0,""
2024,4,20,"9_38","10_00","1","Quarry_2","Q2","VIVI","Apis_mellifera",1,0,""
2024,4,20,"9_38","10_00","1","Quarry_2","Q2","VIVI","Apis_mellifera",1,0,""
2024,4,20,"9_38","10_00","1","Quarry_2","Q2","VIVI","Eucera_actuosa",2,0,""
2024,4,20,"9_38","10_00","1","Quarry_2","Q2","VIVI","Bombus_melanopygus",4,0,""
2024,4,20,"9_38","10_00","1","Quarry_2","Q2","VIVI","Apis_mellifera",1,0,""
2024,4,20,"9_38","10_00","1","Quarry_2","Q2","LACA","BF1_Diptera",1,0,""
2024,4,20,"9_38","10_00","1","Quarry_2","Q2","LACA","Listrus_sp._1",1,0,""
2024,4,20,"9_38","10_00","1","Quarry_2","Q2","TRFU","Coenonympha_californica",1,0,""
2024,4,20,"9_38","10_00","1","Quarry_2","Q2","TRFU","Listrus_sp._1",1,10,""
2024,4,20,"9_38","10_00","1","Quarry_2","Q2","ACMO","Andrena_pallidifovea",2,10,""
2024,4,20,"9_38","10_00","1","Quarry_2","Q2","ACMO","Andrena_subchalybea",1,10,""
2024,4,20,"9_38","10_00","1","Quarry_2","Q2","ACMO","Andrena_pensilis",2,10,""
2024,4,20,"9_11","9_29","1","Quarry_4","Q4","VIVI","Eucera_actuosa",3,0,""
2024,4,20,"9_11","9_29","1","Quarry_4","Q4","VIVI","Eucera_actuosa",3,0,""
2024,4,20,"9_11","9_29","1","Quarry_4","Q4","VIVI","Eucera_actuosa",2,0,""
2024,4,20,"9_11","9_29","1","Quarry_4","Q4","VIVI","Eucera_actuosa",4,0,""
2024,4,20,"9_11","9_29","1","Quarry_4","Q4","TRFU","Listrus_sp._1",1,0,""
2024,4,20,"9_11","9_29","1","Quarry_4","Q4","ERCI","Lasioglossum_titusi",1,5,""
2024,4,20,"9_11","9_29","1","Quarry_4","Q4","AGHE","Listrus_sp._1",1,4,""
2024,4,20,"9_11","9_29","1","Quarry_4","Q4","TRFU","Listrus_sp._1",1,0,""
2024,4,20,"9_11","9_29","1","Quarry_4","Q4","TRFU","Listrus_sp._1",1,0,""
2024,4,20,"9_11","9_29","1","Quarry_4","Q4","TRFU","Bombus_vosnesenskii",13,0,""
2024,4,20,"9_11","9_29","1","Quarry_4","Q4","VIVI","Bombus_vosnesenskii",1,0,""
2024,4,20,"9_11","9_29","1","Quarry_4","Q4","TRFU","Bombus_vosnesenskii",8,0,""
2024,4,20,"9_11","9_29","2","Quarry_4","Q4","TRFU","Listrus_sp._1",1,10,""
2024,4,20,"10_03","10_28","1","Quarry_1","Q1","LACA","Listrus_sp._1",1,0,""
2024,4,20,"10_03","10_28","1","Quarry_1","Q1","LACA","Listrus_sp._1",1,0,""
2024,4,20,"10_03","10_28","1","Quarry_1","Q1","LACA","Listrus_sp._1",1,0,""
2024,4,20,"10_03","10_28","1","Quarry_1","Q1","LACA","BF1_Diptera",1,0,""
2024,4,20,"10_03","10_28","1","Quarry_1","Q1","LACA","BF1_Diptera",1,0,""
2024,4,20,"10_03","10_28","1","Quarry_1","Q1","LACA","Adela_eldorada",1,0,""
2024,4,20,"10_03","10_28","1","Quarry_1","Q1","ESCA","Listrus_sp._1",1,0,""
2024,4,20,"10_03","10_28","1","Quarry_1","Q1","ESCA","Listrus_sp._1",1,0,""
2024,4,20,"10_03","10_28","1","Quarry_1","Q1","ESCA","Listrus_sp._1",1,0,""
2024,4,20,"10_03","10_28","1","Quarry_1","Q1","ESCA","Listrus_sp._1",1,0,""
2024,4,20,"10_03","10_28","1","Quarry_1","Q1","VIVI","Eucera_actuosa",2,0,""
2024,4,20,"10_03","10_28","1","Quarry_1","Q1","VIVI","Scaeva_affinis",1,0,""
2024,4,20,"10_03","10_28","1","Quarry_1","Q1","LACA","Listrus_sp._1",1,0,""
2024,4,20,"10_03","10_28","1","Quarry_1","Q1","DICA","Listrus_sp._1",1,0,""
2024,4,20,"10_03","10_28","1","Quarry_1","Q1","LACA","Andrena_pensilis",2,0,""
2024,4,20,"10_03","10_28","1","Quarry_1","Q1","LACA","Cyrtopogon_sp.",1,0,""
2024,4,20,"10_03","10_28","1","Quarry_1","Q1","LACA","Cyrtopogon_sp.",1,0,""
2024,4,20,"10_03","10_28","1","Quarry_1","Q1","LACA","Listrus_sp._1",1,0,""
2024,4,20,"10_03","10_28","1","Quarry_1","Q1","VIVI","Bombus_californicus",12,0,""
2024,4,20,"10_03","10_28","1","Quarry_1","Q1","LACA","Nomada_hesperia",1,1,""
2024,4,20,"10_03","10_28","1","Quarry_1","Q1","LACA","Anthrenus_sp.",1,0,""
2024,4,20,"10_03","10_28","1","Quarry_1","Q1","LACA","Anthrenus_sp.",1,2,""
2024,4,20,"10_03","10_28","1","Quarry_1","Q1","LACA","BF1_Diptera",1,2,""
2024,4,20,"10_03","10_28","1","Quarry_1","Q1","LACA","Listrus_sp._1",1,0,""
2024,4,20,"10_03","10_28","1","Quarry_1","Q1","LACA","Listrus_sp._1",1,0,""
2024,4,20,"10_03","10_28","1","Quarry_1","Q1","LACA","Listrus_sp._1",1,0,""
2024,4,20,"10_03","10_28","1","Quarry_1","Q1","LACA","Listrus_sp._1",1,0,""
2024,4,20,"10_03","10_28","1","Quarry_1","Q1","LUSU","Listrus_sp._1",1,0,""
2024,4,20,"10_03","10_28","1","Quarry_1","Q1","LUSU","Eucera_sp.",1,0,""
2024,4,20,"10_03","10_28","1","Quarry_1","Q1","VIVI","Eucera_actuosa",2,0,""
2024,4,20,"10_03","10_28","1","Quarry_1","Q1","TRHI","Eucera_frater_albopilosa",1,0,""
2024,4,20,"10_03","10_28","1","Quarry_1","Q1","VIVI","Eucera_actuosa",1,0,""
2024,4,20,"10_03","10_28","1","Quarry_1","Q1","VIVI","Bombus_californicus",40,0,""
2024,4,20,"10_03","10_28","1","Quarry_1","Q1","LACA","Listrus_sp._1",1,0,""
2024,4,20,"10_03","10_28","1","Quarry_1","Q1","LACA","Listrus_sp._1",1,0,""
2024,4,20,"10_03","10_28","1","Quarry_1","Q1","LACA","Listrus_sp._1",1,0,""
2024,4,20,"10_03","10_28","1","Quarry_1","Q1","LACA","Listrus_sp._1",1,0,""
2024,4,20,"10_03","10_28","1","Quarry_1","Q1","LACA","Listrus_sp._1",1,0,""
2024,4,20,"10_03","10_28","1","Quarry_1","Q1","LACA","Listrus_sp._1",1,0,""
2024,4,20,"10_03","10_28","1","Quarry_1","Q1","LACA","Listrus_sp._1",1,0,""
2024,4,20,"10_03","10_28","1","Quarry_1","Q1","LACA","Listrus_sp._1",1,0,""
2024,4,20,"10_03","10_28","1","Quarry_1","Q1","LACA","Listrus_sp._1",1,0,""
2024,4,20,"11_14","11_48","1","Upper_Grid_2","UG2_1","TRFU","Listrus_sp._1",1,10,""
2024,4,20,"11_14","11_48","1","Upper_Grid_2","UG2_1","TRFU","Listrus_sp._1",1,0,""
2024,4,20,"11_14","11_48","1","Upper_Grid_2","UG2_1","TRFU","Listrus_sp._1",1,0,"46"
2024,4,20,"11_14","11_48","1","Upper_Grid_2","UG2_1","TRFU","Listrus_sp._1",1,0,"46"
2024,4,20,"11_14","11_48","2","Upper_Grid_2","UG2_1","VIVI","Apis_mellifera",3,0,""
2024,4,20,"11_14","11_48","2","Upper_Grid_2","UG2_1","VIVI","Apis_mellifera",1,0,""
2024,4,20,"11_14","11_48","2","Upper_Grid_2","UG2_1","VIVI","Eucera_actuosa",2,0,""
2024,4,20,"11_14","11_48","2","Upper_Grid_2","UG2_1","VIVI","Apis_mellifera",1,0,""
2024,4,20,"11_14","11_48","2","Upper_Grid_2","UG2_1","VIVI","Apis_mellifera",1,0,""
2024,4,20,"11_14","11_48","2","Upper_Grid_2","UG2_1","DEHE","Listrus_sp._1",1,0,""
2024,4,20,"11_14","11_48","2","Upper_Grid_2","UG2_1","LUSU","Listrus_sp._1",1,0,""
2024,4,20,"11_14","11_48","2","Upper_Grid_2","UG2_1","VIVI","Apis_mellifera",2,0,""
2024,4,20,"11_14","11_48","3","Upper_Grid_2","UG2_2","TRFU","Listrus_sp._1",1,0,""
2024,4,20,"11_14","11_48","4","Upper_Grid_2","UG2_2","VIVI","Apis_mellifera",9,0,""
2024,4,20,"11_14","11_48","4","Upper_Grid_2","UG2_2","DICA","Bombus_melanopygus",2,0,""
2024,4,20,"11_14","11_48","4","Upper_Grid_2","UG2_2","VIVI","Bombus_melanopygus",1,0,""
2024,4,20,"11_14","11_48","4","Upper_Grid_2","UG2_2","VIVI","Apis_mellifera",1,0,""
2024,4,20,"11_14","11_48","4","Upper_Grid_2","UG2_2","VIVI","Apis_mellifera",1,0,""
2024,4,20,"11_14","11_48","4","Upper_Grid_2","UG2_2","VIVI","Apis_mellifera",2,0,""
2024,4,20,"11_14","11_48","4","Upper_Grid_2","UG2_2","VIVI","Chrysoperla_sp.",1,0,""
2024,4,20,"11_14","11_48","4","Upper_Grid_2","UG2_2","VIVI","Bombus_melanopygus",12,0,""
2024,4,20,"11_14","11_48","4","Upper_Grid_2","UG2_2","VIVI","Muscidae",1,0,""
2024,4,20,"11_14","11_48","4","Upper_Grid_2","UG2_2","VIVI","Bombus_melanopygus",3,0,""
2024,4,20,"11_14","11_48","4","Upper_Grid_2","UG2_2","VIVI","Bombus_melanopygus",2,0,""
2024,4,20,"11_38","12_19","1","Rock","R1","RACA","Acmaeodera_sp.",1,50,""
2024,4,20,"11_38","12_19","1","Rock","R1","TRLA","Listrus_sp._1",1,50,""
2024,4,20,"11_38","12_19","3","Rock","R1","ERGU","Euphydryas_chalcedona",1,5,""
2024,4,20,"11_38","12_19","3","Rock","R1","CRHI","Nomada_hesperia",3,5,""
2024,4,20,"11_38","12_19","4","Rock","R1","VIVI","Apis_mellifera",3,0,""
2024,4,20,"11_38","12_19","4","Rock","R1","VIVI","Bombus_vosnesenskii",1,0,""
2024,4,20,"11_38","12_19","4","Rock","R1","VIVI","Apis_mellifera",1,0,""
2024,4,20,"11_38","12_19","4","Rock","R1","VIVI","Apis_mellifera",1,0,""
2024,4,20,"11_38","12_19","4","Rock","R1","VIVI","Osmia_nemoris",1,0,""
2024,4,20,"11_38","12_19","4","Rock","R1","VIVI","Bombus_melanopygus",3,0,""
2024,4,20,"11_38","12_19","4","Rock","R1","VIVI","Glaucophysche_lygdamus",1,0,""
2024,4,20,"11_38","12_19","4","Rock","R1","VIVI","Apis_mellifera",1,0,""
2024,4,20,"11_38","12_19","4","Rock","R1","VIVI","Bombus_californicus",9,0,""
2024,4,20,"11_38","12_19","4","Rock","R1","VIVI","Osmia_cara",2,0,""
2024,4,20,"1_04","1_34","1","Felch","F1","TRFU","Muscidae",1,0,""
2024,4,20,"1_04","1_34","1","Felch","F1","TRFU","Listrus_sp._1",1,0,""
2024,4,20,"1_04","1_34","1","Felch","F1","MEPO","Eucera_actuosa",3,0,""
2024,4,20,"1_04","1_34","1","Felch","F1","MEPO","Eucera_actuosa",1,0,""
2024,4,20,"1_04","1_34","1","Felch","F1","LACA","BF1_Diptera",1,0,""
2024,4,20,"1_04","1_34","1","Felch","F1","LACA","BF1_Diptera",1,0,""
2024,4,20,"1_04","1_34","1","Felch","F1","LACA","BF1_Diptera",1,0,""
2024,4,20,"1_04","1_34","1","Felch","F1","TRFU","Osmia_cara",6,0,""
2024,4,20,"1_04","1_34","1","Felch","F1","MEPO","Eucera_actuosa",2,0,""
2024,4,20,"1_04","1_34","1","Felch","F1","VIVI","Erynnis_propertius",1,0,""
2024,4,20,"1_04","1_34","1","Felch","F1","TRFU","Diadasia_nigrifrons",1,0,"20"
2024,4,20,"1_04","1_34","1","Felch","F1","MEPO","Andrena_pensilis",1,0,""
2024,4,20,"1_04","1_34","1","Felch","F1","TRFU","Listrus_sp._1",1,0,"13"
2024,4,20,"1_04","1_34","1","Felch","F1","TRFU","Listrus_sp._1",1,0,""
2024,4,20,"1_04","1_34","1","Felch","F1","TRFU","Listrus_sp._1",1,0,""
2024,4,20,"1_04","1_34","1","Felch","F1","MEPO","Eucera_actuosa",1,0,""
2024,4,20,"1_04","1_34","1","Felch","F1","LACA","Listrus_sp._1",1,5,""
2024,4,20,"1_04","1_34","1","Felch","F1","LACA","Listrus_sp._1",1,5,""
2024,4,20,"1_04","1_34","1","Felch","F1","GITR","Listrus_sp._1",1,5,""
2024,4,20,"1_04","1_34","1","Felch","F1","LACA","Bombylius_major",2,6,""
2024,4,20,"1_04","1_34","1","Felch","F1","LACA","Listrus_sp._1",1,6,""
2024,4,20,"1_04","1_34","1","Felch","F1","LACA","Adela_eldorada",1,6,""
2024,4,20,"1_04","1_34","1","Felch","F1","TRFU","Listrus_sp._1",1,0,""
2024,4,20,"1_04","1_34","1","Felch","F1","TRFU","Listrus_sp._1",1,0,""
2024,4,20,"1_04","1_34","1","Felch","F1","MEPO","Panurginus_sp.",1,0,""
2024,4,20,"1_04","1_34","1","Felch","F1","VIVI","Eucera_actuosa",1,0,""
2024,4,20,"1_04","1_34","1","Felch","F1","VIVI","Eucera_actuosa",1,0,""
2024,4,20,"1_04","1_34","1","Felch","F1","VIVI","Apis_mellifera",2,0,""
2024,4,20,"1_04","1_34","1","Felch","F1","EUSP","Andrena_pensilis",2,1,""
2024,4,20,"1_04","1_34","1","Felch","F1","EUSP","Anthrenus_sp.",1,1,""
2024,4,20,"1_04","1_34","1","Felch","F1","VIVI","Apis_mellifera",1,0,""
2024,4,20,"3_15","3_58","1","South_Goatgrass","SG1","LACA","Bombylius_major",1,1,""
2024,4,20,"3_15","3_58","1","South_Goatgrass","SG1","LACA","Bombylius_major",1,1,""
2024,4,20,"3_15","3_58","2","South_Goatgrass","SG1","TRFU","Listrus_sp._1",1,0,"5"
2024,4,20,"3_15","3_58","1","South_Goatgrass","SG1","LACA","Listrus_sp._1",1,1,""
2024,4,20,"3_15","3_58","1","South_Goatgrass","SG1","LACA","Listrus_sp._1",1,1,""
2024,4,20,"3_15","3_58","1","South_Goatgrass","SG1","LACA","Listrus_sp._1",1,1,""
2024,4,20,"3_15","3_58","1","South_Goatgrass","SG1","LACA","Listrus_sp._1",1,1,""
2024,4,20,"3_15","3_58","1","South_Goatgrass","SG1","LACA","Coenonympha_californica",2,0,""
2024,4,20,"3_15","3_58","1","South_Goatgrass","SG1","LACA","BF1_Diptera",1,0,""
2024,4,20,"3_15","3_58","1","South_Goatgrass","SG1","LACA","BF1_Diptera",1,0,""
2024,4,20,"3_15","3_58","1","South_Goatgrass","SG1","TRFU","Icaricia_acmon",2,0,""
2024,4,20,"3_15","3_58","1","South_Goatgrass","SG1","TRFU","Listrus_sp._1",1,0,""
2024,4,20,"3_15","3_58","1","South_Goatgrass","SG1","LACA","Icaricia_acmon",1,0,""
2024,4,20,"3_15","3_58","1","South_Goatgrass","SG1","LACA","Bombylius_major",1,0,""
2024,4,20,"3_15","3_58","1","South_Goatgrass","SG1","LACA","Coenonympha_californica",1,0,""
2024,4,20,"3_15","3_58","1","South_Goatgrass","SG1","LACA","Listrus_sp._1",1,0,""
2024,4,20,"3_15","3_58","1","South_Goatgrass","SG1","LACA","Listrus_sp._1",1,0,""
2024,4,20,"3_15","3_58","1","South_Goatgrass","SG1","LUBI","Bombus_melanopygus",2,0,""
2024,4,20,"3_15","3_58","1","South_Goatgrass","SG1","LACA","BF1_Diptera",1,0,""
2024,4,20,"3_15","3_58","1","South_Goatgrass","SG1","LACA","BF1_Diptera",1,0,""
2024,4,20,"3_15","3_58","1","South_Goatgrass","SG1","LACA","Listrus_sp._1",1,0,""
2024,4,20,"3_15","3_58","1","South_Goatgrass","SG1","LACA","Listrus_sp._1",1,0,""
2024,4,20,"3_15","3_58","1","South_Goatgrass","SG1","LACA","Bombylius_major",1,1,""
2024,4,20,"3_15","3_58","1","South_Goatgrass","SG1","VIVI","Eucera_frater_albopilosa",2,0,""
2024,4,20,"3_15","3_58","1","South_Goatgrass","SG1","LACA","Helithodes_dimutiva",1,1,""
2024,4,20,"3_15","3_58","1","South_Goatgrass","SG1","LACA","Bombylius_major",1,0,""
2024,4,20,"3_15","3_58","1","South_Goatgrass","SG1","LACA","BF1_Diptera",1,0,""
2024,4,20,"3_15","3_58","1","South_Goatgrass","SG1","LACA","BF1_Diptera",1,0,""
2024,4,20,"3_15","3_58","1","South_Goatgrass","SG1","LACA","BF1_Diptera",1,0,""
2024,4,20,"3_15","3_58","1","South_Goatgrass","SG1","LACA","Listrus_sp._1",1,0,""
2024,4,20,"3_15","3_58","1","South_Goatgrass","SG1","LACA","Listrus_sp._1",1,0,""
2024,4,20,"3_15","3_58","1","South_Goatgrass","SG1","LACA","BF1_Diptera",1,1,""
2024,4,20,"3_15","3_58","1","South_Goatgrass","SG1","LACA","Andrena_pensilis",1,1,""
2024,4,20,"3_15","3_58","1","South_Goatgrass","SG1","LACA","Bombylius_major",1,1,""
2024,4,20,"3_15","3_58","1","South_Goatgrass","SG1","LACA","BF1_Diptera",1,1,""
2024,4,20,"3_15","3_58","1","South_Goatgrass","SG1","LACA","BF1_Diptera",1,1,""
2024,4,20,"3_15","3_58","1","South_Goatgrass","SG1","LACA","Listrus_sp._1",1,1,""
2024,4,20,"3_15","3_58","1","South_Goatgrass","SG1","LACA","Listrus_sp._1",1,1,""
2024,4,20,"3_15","3_58","1","South_Goatgrass","SG1","LACA","Listrus_sp._1",1,1,""
2024,4,20,"3_15","3_58","1","South_Goatgrass","SG1","LACA","Listrus_sp._1",1,1,""
2024,4,20,"3_15","3_58","1","South_Goatgrass","SG1","LACA","BF1_Diptera",1,1,""
2024,4,20,"3_15","3_58","1","South_Goatgrass","SG1","LACA","BF1_Diptera",1,1,""
2024,4,20,"3_15","3_58","1","South_Goatgrass","SG1","LACA","BF1_Diptera",1,1,""
2024,4,20,"3_15","3_58","1","South_Goatgrass","SG1","VIVI","Eucera_actuosa",2,0,""
2024,4,20,"3_15","3_58","1","South_Goatgrass","SG1","LACA","Listrus_sp._1",1,0,""
2024,4,20,"3_15","3_58","1","South_Goatgrass","SG1","VIVI","Bombus_vosnesenskii",2,0,""
2024,4,20,"3_15","3_58","1","South_Goatgrass","SG1","LACA","Listrus_sp._1",1,1,""
2024,4,20,"3_15","3_58","1","South_Goatgrass","SG1","LACA","Adela_trigrapha",1,1,""
2024,4,20,"3_15","3_58","1","South_Goatgrass","SG1","LACA","BF1_Diptera",1,1,""
2024,4,20,"3_15","3_58","1","South_Goatgrass","SG1","LACA","BF1_Diptera",1,1,""
2024,4,20,"3_15","3_58","1","South_Goatgrass","SG1","LACA","BF1_Diptera",1,1,""
2024,4,20,"3_15","3_58","2","South_Goatgrass","SG1","VIVI","Bombus_melanopygus",1,0,""
2024,4,20,"3_15","3_58","2","South_Goatgrass","SG1","VIVI","Bombus_vosnesenskii",3,0,""
2024,4,20,"3_15","3_58","2","South_Goatgrass","SG1","VIVI","Bombus_melanopygus",6,0,""
2024,4,20,"3_15","3_58","2","South_Goatgrass","SG1","VIVI","Osmia_cara",1,0,""
2024,4,20,"3_15","3_58","2","South_Goatgrass","SG1","VIVI","Apis_mellifera",2,0,""
2024,4,20,"3_15","3_58","2","South_Goatgrass","SG1","VIVI","Apis_mellifera",1,0,""
2024,4,20,"3_15","3_58","2","South_Goatgrass","SG1","VIVI","Bombus_melanopygus",1,0,""
2024,4,20,"3_15","3_58","2","South_Goatgrass","SG1","VIVI","Bombus_melanopygus",2,0,""
2024,4,20,"3_15","3_58","2","South_Goatgrass","SG1","VIVI","Eucera_actuosa",2,0,""
2024,4,20,"3_15","3_58","2","South_Goatgrass","SG1","VIVI","Apis_mellifera",1,0,""
2024,4,20,"3_15","3_58","2","South_Goatgrass","SG1","VIVI","Bombus_melanopygus",4,0,""
2024,4,20,"3_15","3_58","2","South_Goatgrass","SG1","VIVI","Eucera_actuosa",1,0,""
2024,4,20,"3_15","3_58","2","South_Goatgrass","SG1","VIVI","Apis_mellifera",1,0,""
2024,4,20,"3_15","3_58","2","South_Goatgrass","SG1","LACA","BF1_Diptera",1,1,""
2024,4,20,"3_15","3_58","2","South_Goatgrass","SG1","VIVI","Anthophora_crotchii",1,0,""
2024,4,20,"3_15","3_58","2","South_Goatgrass","SG1","LACA","Listrus_sp._1",1,1,""
2024,4,20,"3_15","3_58","2","South_Goatgrass","SG1","LACA","Bombylius_major",1,1,""
2024,4,20,"3_15","3_58","2","South_Goatgrass","SG1","TRFU","Osmia_cara",2,0,"11"
2024,4,20,"3_15","3_58","2","South_Goatgrass","SG1","VIVI","Eucera_frater_albopilosa",3,0,""
2024,4,20,"3_15","3_58","2","South_Goatgrass","SG1","TRFU","Osmia_cara",3,0,"15"
2024,4,20,"3_15","3_58","2","South_Goatgrass","SG1","LUBI","Eucera_actuosa",1,0,""
2024,4,20,"3_15","3_58","2","South_Goatgrass","SG1","VIVI","Apis_mellifera",1,0,""
2024,4,20,"3_15","3_58","2","South_Goatgrass","SG1","VIVI","Eucera_actuosa",1,0,""
2024,4,20,"3_15","3_58","2","South_Goatgrass","SG1","VIVI","Bombus_melanopygus",1,0,""
2024,4,20,"3_15","3_58","2","South_Goatgrass","SG1","VIVI","Bombus_melanopygus",2,0,""
2024,4,20,"3_15","3_58","2","South_Goatgrass","SG1","VIVI","Bombus_melanopygus",2,0,""
2024,4,20,"3_15","3_58","2","South_Goatgrass","SG1","VIVI","Bombus_melanopygus",1,0,""
2024,4,20,"3_15","3_58","2","South_Goatgrass","SG1","VIVI","Bombus_melanopygus",2,0,""
2024,4,20,"3_15","3_58","2","South_Goatgrass","SG1","VIVI","Bombus_melanopygus",2,0,""
2024,4,20,"3_15","3_58","2","South_Goatgrass","SG1","LUBI","Bombus_melanopygus",1,0,""
2024,4,20,"3_15","3_58","2","South_Goatgrass","SG1","VIVI","Bombus_melanopygus",1,0,""
2024,4,20,"3_15","3_58","2","South_Goatgrass","SG1","VIVI","Bombus_melanopygus",4,0,""
2024,4,20,"3_15","3_58","2","South_Goatgrass","SG1","VIVI","Bombus_melanopygus",2,0,""
2024,4,20,"3_15","3_58","2","South_Goatgrass","SG1","VIVI","Bombus_melanopygus",3,0,""
2024,4,20,"3_15","3_58","2","South_Goatgrass","SG1","VIVI","Bombus_melanopygus",2,0,""
2024,4,18,"3_54","4_36","1","Quarry_5","Q5","DICA","Bombus_californicus",1,20,""
2024,4,18,"3_54","4_36","1","Quarry_5","Q5","TRFU","Bombus_californicus",1,20,""
2024,4,18,"3_54","4_36","1","Quarry_5","Q5","DICA","Listrus_sp._1",1,10,""
2024,4,18,"3_54","4_36","1","Quarry_5","Q5","TRFU","Listrus_sp._1",1,10,""
2024,4,18,"3_54","4_36","1","Quarry_5","Q5","TRFU","Listrus_sp._1",1,10,""
2024,4,18,"3_54","4_36","1","Quarry_5","Q5","TRFU","Listrus_sp._1",1,10,""
2024,4,18,"3_54","4_36","1","Quarry_5","Q5","TRFU","Listrus_sp._1",1,10,""
2024,4,18,"3_54","4_36","1","Quarry_5","Q5","TRFU","Listrus_sp._1",1,10,""
2024,4,18,"3_54","4_36","1","Quarry_5","Q5","DICA","Listrus_sp._1",1,10,""
2024,4,18,"3_54","4_36","1","Quarry_5","Q5","DICA","Listrus_sp._1",1,11,""
2024,4,18,"3_54","4_36","1","Quarry_5","Q5","TRFU","Coenonympha_californica",2,10,""
2024,4,18,"3_54","4_36","1","Quarry_5","Q5","TRFU","Osmia_cara",2,15,""
2024,4,18,"3_54","4_36","1","Quarry_5","Q5","TRFU","Listrus_sp._1",1,10,""
2024,4,18,"3_54","4_36","1","Quarry_5","Q5","TRFU","Listrus_sp._1",1,10,""
2024,4,18,"3_54","4_36","1","Quarry_5","Q5","TRFU","Bombus_californicus",18,5,""
2024,4,18,"3_54","4_36","1","Quarry_5","Q5","DICA","Phychoides_mytilla",1,5,""
2024,4,18,"3_54","4_36","1","Quarry_5","Q5","DICA","brown_moth_Lepidoptera",1,5,""
2024,4,18,"3_54","4_36","1","Quarry_5","Q5","LACA","Listrus_sp._1",1,5,""
2024,4,18,"3_54","4_36","1","Quarry_5","Q5","LACA","Listrus_sp._1",1,5,""
2024,4,18,"3_54","4_36","1","Quarry_5","Q5","LACA","Listrus_sp._1",1,5,""
2024,4,18,"3_54","4_36","1","Quarry_5","Q5","LACA","Listrus_sp._1",1,5,""
2024,4,18,"3_54","4_36","1","Quarry_5","Q5","TRFU","Bombus_californicus",6,10,""
2024,4,18,"3_54","4_36","1","Quarry_5","Q5","TRFU","Bombus_californicus",6,10,""
2024,4,18,"3_54","4_36","2","Quarry_5","Q5","TRFU","Bombus_californicus",6,10,""
2024,4,18,"3_54","4_36","2","Quarry_5","Q5","DICA","Listrus_sp._1",1,10,""
2024,4,18,"3_54","4_36","2","Quarry_5","Q5","DICA","Erynnis_propertius",1,10,""
2024,4,18,"3_54","4_36","2","Quarry_5","Q5","DICA","Bombylius_major",3,10,""
2024,4,18,"3_54","4_36","2","Quarry_5","Q5","TRFU","Bombus_californicus",2,10,""
2024,4,18,"3_54","4_36","2","Quarry_5","Q5","DICA","Bombus_vosnesenskii",3,10,""
2024,4,18,"3_54","4_36","2","Quarry_5","Q5","TRFU","Bombus_vosnesenskii",3,10,""
2024,4,18,"3_54","4_36","2","Quarry_5","Q5","TRFU","Listrus_sp._1",1,10,""
2024,4,18,"3_54","4_36","2","Quarry_5","Q5","TRFU","Listrus_sp._1",1,10,""
2024,4,18,"3_54","4_36","2","Quarry_5","Q5","LACA","Bombylius_major",1,10,""
2024,4,18,"3_54","4_36","2","Quarry_5","Q5","LACA","Listrus_sp._1",1,10,""
2024,4,18,"3_54","4_36","2","Quarry_5","Q5","TRFU","Bombus_vosnesenskii",3,10,""
2024,4,18,"3_54","4_36","2","Quarry_5","Q5","LACA","Listrus_sp._1",1,10,""
2024,4,18,"3_54","4_36","2","Quarry_5","Q5","LACA","Listrus_sp._1",1,10,""
2024,4,18,"3_54","4_36","2","Quarry_5","Q5","LACA","Listrus_sp._1",1,10,""
2024,4,18,"3_54","4_36","2","Quarry_5","Q5","LACA","Listrus_sp._1",1,10,""
2024,4,18,"3_54","4_36","2","Quarry_5","Q5","LACA","Listrus_sp._1",1,10,""
2024,4,18,"3_54","4_36","2","Quarry_5","Q5","LACA","Listrus_sp._1",1,10,""
2024,4,18,"3_54","4_36","2","Quarry_5","Q5","LACA","Listrus_sp._1",1,10,""
2024,4,18,"3_54","4_36","2","Quarry_5","Q5","LACA","Listrus_sp._1",1,10,""
2024,4,18,"3_54","4_36","2","Quarry_5","Q5","TRFU","Listrus_sp._1",1,10,""
2024,4,18,"3_54","4_36","2","Quarry_5","Q5","LACA","Listrus_sp._1",1,10,""
2024,4,18,"3_54","4_36","2","Quarry_5","Q5","LACA","red_Braconidae",1,10,""
2024,4,18,"3_54","4_36","2","Quarry_5","Q5","LACA","Listrus_sp._1",1,10,""
2024,4,18,"3_54","4_36","2","Quarry_5","Q5","TRFU","Listrus_sp._1",1,10,""
2024,4,18,"3_54","4_36","2","Quarry_5","Q5","TRFU","Listrus_sp._1",1,10,""
2024,4,18,"3_54","4_36","2","Quarry_5","Q5","TRFU","Bombus_vosnesenskii",3,10,""
2024,4,18,"3_54","4_36","2","Quarry_5","Q5","TRFU","Polistes_aurifer",1,10,""
2024,4,18,"3_54","4_36","2","Quarry_5","Q5","TRFU","Osmia_cara",1,15,""
2024,4,18,"3_54","4_36","2","Quarry_5","Q5","TRFU","Bombus_vosnesenskii",1,10,""
2024,4,18,"3_54","4_36","2","Quarry_5","Q5","TRFU","Bombus_californicus",4,20,""
2024,4,18,"3_54","4_36","3","Quarry_5","Q5","TRFU","Listrus_sp._1",1,30,""
2024,4,18,"3_54","4_36","3","Quarry_5","Q5","DICA","Listrus_sp._1",1,30,""
2024,4,18,"3_54","4_36","3","Quarry_5","Q5","DICA","Listrus_sp._1",1,30,""
2024,4,18,"3_54","4_36","3","Quarry_5","Q5","DICA","Listrus_sp._1",1,30,""
2024,4,18,"3_54","4_36","3","Quarry_5","Q5","DICA","Listrus_sp._1",1,30,""
2024,4,18,"3_54","4_36","3","Quarry_5","Q5","LACA","Listrus_sp._1",1,5,""
2024,4,18,"3_54","4_36","3","Quarry_5","Q5","LACA","Listrus_sp._1",1,5,""
2024,4,18,"3_54","4_36","3","Quarry_5","Q5","LACA","Listrus_sp._1",1,5,""
2024,4,18,"3_54","4_36","3","Quarry_5","Q5","LACA","Cyrtopogon_sp.",1,6,""
2024,4,18,"3_54","4_36","3","Quarry_5","Q5","LACA","Listrus_sp._1",1,6,""
2024,4,18,"3_54","4_36","3","Quarry_5","Q5","LACA","Listrus_sp._1",1,8,""
2024,4,18,"3_54","4_36","3","Quarry_5","Q5","LACA","Bombylius_major",3,10,""
2024,4,18,"3_54","4_36","3","Quarry_5","Q5","LACA","Listrus_sp._1",1,10,""
2024,4,18,"3_54","4_36","3","Quarry_5","Q5","LACA","Bombylius_major",2,10,""
2024,4,18,"3_54","4_36","3","Quarry_5","Q5","TRFU","Bombus_californicus",3,20,""
2024,4,18,"4_45","5_03","1","Quarry_2","Q2","VIVI","Bombus_melanopygus",1,0,""
2024,4,18,"4_45","5_03","1","Quarry_2","Q2","LACA","Adela_flammeusella",1,0,""
2024,4,18,"4_45","5_03","1","Quarry_2","Q2","VIVI","Apis_mellifera",2,0,""
2024,4,18,"4_45","5_03","1","Quarry_2","Q2","VIVI","Apis_mellifera",2,0,""
2024,4,18,"4_45","5_03","1","Quarry_2","Q2","VIVI","Eucera_actuosa",1,0,""
2024,4,18,"4_45","5_03","1","Quarry_2","Q2","VIVI","Apis_mellifera",1,0,""
2024,4,18,"4_45","5_03","1","Quarry_2","Q2","VIVI","Osmia_sp.",1,0,""
2024,4,18,"4_45","5_03","1","Quarry_2","Q2","VIVI","Apis_mellifera",1,0,""
2024,4,18,"4_45","5_03","1","Quarry_2","Q2","VIVI","Apis_mellifera",2,0,""
2024,4,18,"4_45","5_03","1","Quarry_2","Q2","LACA","Listrus_sp._1",1,0,""
2024,4,18,"4_45","5_03","1","Quarry_2","Q2","LACA","Listrus_sp._1",1,0,""
2024,4,18,"4_45","5_03","1","Quarry_2","Q2","VIVI","Apis_mellifera",3,0,""
2024,4,18,"4_45","5_03","1","Quarry_2","Q2","VIVI","Apis_mellifera",1,0,""
2024,4,18,"4_45","5_03","1","Quarry_2","Q2","VIVI","Apis_mellifera",3,0,""
2024,4,18,"4_45","5_03","1","Quarry_2","Q2","VIVI","Apis_mellifera",1,0,""
2024,4,18,"4_45","5_03","1","Quarry_2","Q2","TRFU","Polistes_aurifer",2,0,""
2024,4,18,"4_45","5_03","1","Quarry_2","Q2","VIVI","Apis_mellifera",1,0,""
2024,4,18,"4_45","5_03","1","Quarry_2","Q2","VIVI","Eucera_frater_albopilosa",1,0,""
2024,4,18,"4_45","5_03","1","Quarry_2","Q2","VIVI","Eucera_frater_albopilosa",1,0,""
2024,4,18,"4_45","5_03","1","Quarry_2","Q2","VIVI","Apis_mellifera",1,0,""
2024,4,18,"4_45","5_03","1","Quarry_2","Q2","VIVI","Apis_mellifera",1,0,""
2024,4,18,"4_45","5_03","1","Quarry_2","Q2","VIVI","Polistes_aurifer",1,0,""
2024,4,18,"4_45","5_03","1","Quarry_2","Q2","LACA","Cyrtopogon_sp.",2,0,""
2024,4,18,"4_45","5_03","1","Quarry_2","Q2","TRFU","Osmia_sp.",1,0,""
2024,4,18,"4_45","5_03","1","Quarry_2","Q2","VIVI","Apis_mellifera",2,0,""
2024,4,18,"4_45","5_03","1","Quarry_2","Q2","VIVI","Apis_mellifera",1,0,""
2024,4,18,"4_45","5_03","1","Quarry_2","Q2","VIVI","Apis_mellifera",1,0,""
2024,4,18,"4_45","5_03","1","Quarry_2","Q2","VIVI","Apis_mellifera",1,0,""
2024,4,18,"4_45","5_03","1","Quarry_2","Q2","VIVI","Polistes_aurifer",1,0,""
2024,4,18,"4_45","5_03","1","Quarry_2","Q2","VIVI","Apis_mellifera",2,0,""
2024,4,18,"4_45","5_03","1","Quarry_2","Q2","VIVI","Osmia_nemoris",2,0,""
2024,4,18,"4_45","5_03","1","Quarry_2","Q2","VIVI","Polistes_aurifer",1,0,""
2024,4,18,"4_45","5_03","1","Quarry_2","Q2","VIVI","Eucera_frater_albopilosa",1,0,""
2024,4,18,"4_45","5_03","1","Quarry_2","Q2","VIVI","Apis_mellifera",1,0,""
2024,4,18,"4_45","5_03","1","Quarry_2","Q2","LACA","Listrus_sp._1",1,0,""
2024,4,18,"4_45","5_03","1","Quarry_2","Q2","LACA","BF1_Diptera",1,0,""
2024,4,18,"4_45","5_03","1","Quarry_2","Q2","LACA","Listrus_sp._1",1,0,""
2024,4,18,"4_45","5_03","1","Quarry_2","Q2","LACA","Listrus_sp._1",1,0,""
2024,4,18,"4_45","5_03","1","Quarry_2","Q2","VIVI","Eucera_frater_albopilosa",1,0,""
2024,4,18,"4_45","5_03","1","Quarry_2","Q2","VIVI","Bombus_vosnesenskii",2,0,""
2024,4,18,"4_45","5_03","1","Quarry_2","Q2","TRFU","Bombus_californicus",20,0,""
2024,4,18,"4_45","5_03","1","Quarry_2","Q2","VIVI","Glaucophysche_lygdamus",1,0,""
2024,4,18,"4_45","5_03","1","Quarry_2","Q2","VIVI","Erynnis_propertius",1,0,""
2024,4,18,"3_09","3_29","1","Quarry_4","Q4","TRFU","Listrus_sp._1",1,0,""
2024,4,18,"3_09","3_29","1","Quarry_4","Q4","TRFU","Listrus_sp._1",1,0,""
2024,4,18,"3_09","3_29","1","Quarry_4","Q4","TRFU","Listrus_sp._1",1,5,""
2024,4,18,"3_09","3_29","1","Quarry_4","Q4","TRFU","Listrus_sp._1",1,5,""
2024,4,18,"3_09","3_29","1","Quarry_4","Q4","TRFU","Listrus_sp._1",1,5,""
2024,4,18,"3_09","3_29","1","Quarry_4","Q4","TRFU","Listrus_sp._1",1,5,""
2024,4,18,"3_09","3_29","1","Quarry_4","Q4","TRFU","Listrus_sp._1",1,5,""
2024,4,18,"3_09","3_29","1","Quarry_4","Q4","TRFU","Polistes_aurifer",1,5,""
2024,4,18,"3_09","3_29","1","Quarry_4","Q4","TRFU","Listrus_sp._1",1,0,""
2024,4,18,"3_09","3_29","1","Quarry_4","Q4","VIVI","Glaucophysche_lygdamus",2,0,""
2024,4,18,"3_09","3_29","1","Quarry_4","Q4","VIVI","Glaucophysche_lygdamus",1,0,""
2024,4,18,"3_09","3_29","2","Quarry_4","Q4","TRFU","Listrus_sp._1",1,5,""
2024,4,18,"3_09","3_29","2","Quarry_4","Q4","TRFU","Listrus_sp._1",1,5,""
2024,4,18,"3_09","3_29","2","Quarry_4","Q4","TRFU","Eucera_frater_albopilosa",3,5,""
2024,4,18,"3_09","3_29","2","Quarry_4","Q4","ESCA","Listrus_sp._1",1,10,""
2024,4,18,"3_09","3_29","2","Quarry_4","Q4","ESCA","Listrus_sp._1",1,10,""
2024,4,18,"3_30","3_50","1","Quarry_3","Q3","DICA","Bombus_vosnesenskii",1,1,""
2024,4,18,"3_30","3_50","1","Quarry_3","Q3","TRFU","Eucera_actuosa",1,0,""
2024,4,18,"3_30","3_50","1","Quarry_3","Q3","TRFU","Listrus_sp._1",1,0,""
2024,4,18,"3_30","3_50","1","Quarry_3","Q3","VIVI","Eucera_frater_albopilosa",1,0,""
2024,4,18,"3_30","3_50","1","Quarry_3","Q3","VIVI","Eucera_frater_albopilosa",2,0,""
2024,4,18,"3_30","3_50","1","Quarry_3","Q3","TRFU","Eucera_actuosa",1,0,""
2024,4,18,"3_30","3_50","1","Quarry_3","Q3","VIVI","Bombus_californicus",3,0,""
2024,4,18,"3_30","3_50","1","Quarry_3","Q3","TRFU","Bombus_californicus",2,1,""
2024,4,18,"3_30","3_50","1","Quarry_3","Q3","TRFU","Bombus_californicus",5,0,""
2024,4,18,"3_30","3_50","1","Quarry_3","Q3","TRFU","Bombus_californicus",3,0,""
2024,4,18,"3_30","3_50","1","Quarry_3","Q3","LUSU","Bombus_californicus",1,0,""
2024,4,18,"3_30","3_50","1","Quarry_3","Q3","TRFU","Bombus_californicus",1,0,""
2024,4,18,"3_30","3_50","1","Quarry_3","Q3","DICA","Bombylius_major",3,0,""
2024,4,18,"3_30","3_50","1","Quarry_3","Q3","VIVI","Apis_mellifera",1,0,""
2024,4,18,"3_30","3_50","1","Quarry_3","Q3","VIVI","Eucera_frater_albopilosa",1,0,""
2024,4,18,"3_30","3_50","1","Quarry_3","Q3","VIVI","Polistes_aurifer",1,0,""
2024,4,18,"3_30","3_50","1","Quarry_3","Q3","VIVI","Eucera_actuosa",2,0,""
2024,4,18,"3_30","3_50","1","Quarry_3","Q3","VIVI","Eucera_actuosa",1,0,""
2024,4,18,"3_30","3_50","1","Quarry_3","Q3","VIVI","Eucera_actuosa",1,0,""
2024,4,18,"3_30","3_50","1","Quarry_3","Q3","LUSU","Trichodes_ornatus",1,0,""
2024,4,18,"3_30","3_50","1","Quarry_3","Q3","TRFU","Listrus_sp._1",1,5,""
2024,4,19,"11_22","12_04","1","Quarry_1","Q1","VIVI","Bombus_californicus",9,0,""
2024,4,19,"11_22","12_04","1","Quarry_1","Q1","ESCA","Andrena_pensilis",1,0,""
2024,4,19,"11_22","12_04","1","Quarry_1","Q1","ESCA","Andrena_pensilis",1,0,""
2024,4,19,"11_22","12_04","1","Quarry_1","Q1","ESCA","Listrus_sp._1",1,0,""
2024,4,19,"11_22","12_04","1","Quarry_1","Q1","ESCA","Listrus_sp._1",1,0,""
2024,4,19,"11_22","12_04","1","Quarry_1","Q1","ESCA","Listrus_sp._1",1,0,""
2024,4,19,"11_22","12_04","1","Quarry_1","Q1","ESCA","Listrus_sp._1",1,0,""
2024,4,19,"11_22","12_04","1","Quarry_1","Q1","LACA","Listrus_sp._1",1,0,""
2024,4,19,"11_22","12_04","1","Quarry_1","Q1","TRHI","Coenonympha_californica",1,0,""
2024,4,19,"11_22","12_04","1","Quarry_1","Q1","LACA","Listrus_sp._1",1,1,""
2024,4,19,"11_22","12_04","1","Quarry_1","Q1","LACA","Listrus_sp._1",1,1,""
2024,4,19,"11_22","12_04","1","Quarry_1","Q1","LACA","Acmaeodera_sp.",1,0,""
2024,4,19,"11_22","12_04","1","Quarry_1","Q1","LACA","Braconidae",1,0,""
2024,4,19,"11_22","12_04","1","Quarry_1","Q1","LACA","Listrus_sp._1",1,0,""
2024,4,19,"11_22","12_04","1","Quarry_1","Q1","LACA","Listrus_sp._1",1,0,""
2024,4,19,"11_22","12_04","1","Quarry_1","Q1","LACA","Listrus_sp._1",1,0,""
2024,4,19,"11_22","12_04","1","Quarry_1","Q1","LACA","Listrus_sp._1",1,0,""
2024,4,19,"11_22","12_04","1","Quarry_1","Q1","LACA","Listrus_sp._1",1,0,""
2024,4,19,"11_22","12_04","1","Quarry_1","Q1","VIVI","Muscidae",2,0,""
2024,4,19,"11_22","12_04","1","Quarry_1","Q1","VIVI","Eucera_actuosa",1,0,""
2024,4,19,"11_22","12_04","1","Quarry_1","Q1","TRFU","Listrus_sp._1",1,0,""
2024,4,19,"11_22","12_04","1","Quarry_1","Q1","TRFU","Listrus_sp._1",1,0,""
2024,4,19,"11_22","12_04","1","Quarry_1","Q1","LUSU","Glaucophysche_lygdamus",1,5,""
2024,4,19,"11_22","12_04","1","Quarry_1","Q1","ESCA","Andrena_sp.",1,10,""
2024,4,19,"11_22","12_04","1","Quarry_1","Q1","TRHI","Eucera_actuosa",1,0,""
2024,4,19,"11_22","12_04","1","Quarry_1","Q1","TRFU","Coenonympha_californica",2,1,"9"
2024,4,19,"11_22","12_04","1","Quarry_1","Q1","LACA","BF1_Diptera",1,0,""
2024,4,19,"11_22","12_04","1","Quarry_1","Q1","LACA","Listrus_sp._1",1,0,""
2024,4,19,"11_22","12_04","1","Quarry_1","Q1","LACA","Listrus_sp._1",1,0,""
2024,4,19,"11_22","12_04","1","Quarry_1","Q1","LACA","Listrus_sp._1",1,0,""
2024,4,19,"11_22","12_04","1","Quarry_1","Q1","LACA","Listrus_sp._1",1,0,""
2024,4,19,"11_22","12_04","1","Quarry_1","Q1","LACA","Listrus_sp._1",1,0,""
2024,4,19,"11_22","12_04","1","Quarry_1","Q1","LACA","Listrus_sp._1",1,0,""
2024,4,19,"11_22","12_04","1","Quarry_1","Q1","ESCA","Listrus_sp._1",1,0,""
2024,4,19,"11_22","12_04","1","Quarry_1","Q1","ESCA","Listrus_sp._1",1,0,""
2024,4,19,"11_22","12_04","1","Quarry_1","Q1","ESCA","Listrus_sp._1",1,0,""
2024,4,19,"11_22","12_04","1","Quarry_1","Q1","TRHI","Coenonympha_californica",1,0,""
2024,4,19,"11_22","12_04","1","Quarry_1","Q1","LACA","Listrus_sp._1",1,2,""
2024,4,19,"11_22","12_04","1","Quarry_1","Q1","LACA","Listrus_sp._1",1,2,""
2024,4,19,"11_22","12_04","1","Quarry_1","Q1","LACA","Listrus_sp._1",1,2,""
2024,4,19,"11_22","12_04","1","Quarry_1","Q1","LACA","Listrus_sp._1",1,2,""
2024,4,19,"11_22","12_04","1","Quarry_1","Q1","ESCA","Listrus_sp._2",1,0,""
2024,4,19,"11_22","12_04","1","Quarry_1","Q1","ESCA","Listrus_sp._2",1,0,""
2024,4,19,"11_22","12_04","1","Quarry_1","Q1","ESCA","Listrus_sp._2",1,0,""
2024,4,19,"11_22","12_04","1","Quarry_1","Q1","ESCA","Listrus_sp._2",1,0,""
2024,4,19,"11_22","12_04","1","Quarry_1","Q1","ESCA","Listrus_sp._2",1,0,""
2024,4,19,"11_22","12_04","1","Quarry_1","Q1","ESCA","Listrus_sp._2",1,0,""
2024,4,19,"11_22","12_04","1","Quarry_1","Q1","DICA","Listrus_sp._1",1,0,""
2024,4,19,"11_22","12_04","1","Quarry_1","Q1","DICA","Listrus_sp._1",1,0,""
2024,4,19,"11_22","12_04","1","Quarry_1","Q1","TRHI","Coenonympha_californica",1,0,""
2024,4,19,"11_22","12_04","1","Quarry_1","Q1","LACA","Listrus_sp._1",1,2,""
2024,4,19,"11_22","12_04","1","Quarry_1","Q1","LACA","Listrus_sp._1",1,2,""
2024,4,19,"11_22","12_04","1","Quarry_1","Q1","ESCA","Trichodes_ornatus",1,0,""
2024,4,19,"11_22","12_04","1","Quarry_1","Q1","LACA","BF1_Diptera",1,0,""
2024,4,19,"11_22","12_04","1","Quarry_1","Q1","LACA","BF1_Diptera",1,0,""
2024,4,19,"11_22","12_04","1","Quarry_1","Q1","LACA","BF1_Diptera",1,0,""
2024,4,19,"11_22","12_04","1","Quarry_1","Q1","LACA","Listrus_sp._1",1,1,""
2024,4,19,"11_22","12_04","1","Quarry_1","Q1","LACA","Nomada_hesperia",1,2,""
2024,4,19,"11_22","12_04","1","Quarry_1","Q1","LACA","Listrus_sp._1",1,1,""
2024,4,19,"11_22","12_04","1","Quarry_1","Q1","LACA","Listrus_sp._1",1,1,""
2024,4,19,"11_22","12_04","1","Quarry_1","Q1","LACA","Listrus_sp._1",1,1,""
2024,4,19,"11_22","12_04","1","Quarry_1","Q1","LACA","Nomada_hesperia",2,1,""
2024,4,19,"11_22","12_04","1","Quarry_1","Q1","LACA","Listrus_sp._1",1,1,""
2024,4,19,"11_22","12_04","1","Quarry_1","Q1","LACA","Listrus_sp._1",1,1,""
2024,4,19,"11_22","12_04","1","Quarry_1","Q1","LACA","Listrus_sp._1",1,1,""
2024,4,19,"11_22","12_04","1","Quarry_1","Q1","LACA","Listrus_sp._1",1,1,""
2024,4,19,"11_22","12_04","1","Quarry_1","Q1","LACA","Listrus_sp._1",1,1,""
2024,4,19,"11_22","12_04","1","Quarry_1","Q1","VIVI","Erynnis_propertius",1,0,""
2024,4,19,"11_22","12_04","1","Quarry_1","Q1","TRFU","BF1_Diptera",1,0,""
2024,4,19,"11_22","12_04","1","Quarry_1","Q1","VIVI","Erynnis_propertius",1,0,""
2024,4,19,"11_22","12_04","1","Quarry_1","Q1","TRFU","Listrus_sp._1",1,0,""
2024,4,19,"11_22","12_04","1","Quarry_1","Q1","DICA","Osmia_sp.",1,0,""
2024,4,19,"11_22","12_04","1","Quarry_1","Q1","VIVI","Osmia_sp.",2,0,""
2024,4,19,"11_22","12_04","1","Quarry_1","Q1","TRFU","Listrus_sp._1",1,1,"14"
2024,4,19,"11_22","12_04","1","Quarry_1","Q1","DICA","Listrus_sp._1",1,0,""
2024,4,19,"11_22","12_04","1","Quarry_1","Q1","DICA","Listrus_sp._1",1,0,""
2024,4,19,"11_22","12_04","1","Quarry_1","Q1","DICA","Osmia_sp.",1,0,""
2024,4,19,"11_22","12_04","1","Quarry_1","Q1","TRFU","Listrus_sp._1",1,2,""
2024,4,19,"11_22","12_04","1","Quarry_1","Q1","TRFU","Listrus_sp._1",1,1,"44"
2024,4,19,"11_22","12_04","1","Quarry_1","Q1","LACA","Listrus_sp._1",1,0,""
2024,4,19,"11_22","12_04","1","Quarry_1","Q1","LACA","Listrus_sp._1",1,0,""
2024,4,19,"11_22","12_04","1","Quarry_1","Q1","LACA","Coenonympha_californica",1,0,""
2024,4,19,"11_22","12_04","1","Quarry_1","Q1","LACA","BF1_Diptera",1,2,""
2024,4,19,"11_22","12_04","1","Quarry_1","Q1","LACA","BF1_Diptera",1,0,""
2024,4,19,"11_22","12_04","1","Quarry_1","Q1","LACA","Listrus_sp._1",1,0,""
2024,4,19,"11_22","12_04","1","Quarry_1","Q1","LACA","Listrus_sp._1",1,0,""
2024,4,19,"11_22","12_04","1","Quarry_1","Q1","VIVI","Apis_mellifera",1,0,""
2024,4,19,"11_22","12_04","1","Quarry_1","Q1","VIVI","Apis_mellifera",1,0,""
2024,4,19,"11_22","12_04","1","Quarry_1","Q1","VIVI","Coenonympha_californica",1,0,""
2024,4,19,"11_22","12_04","1","Quarry_1","Q1","VIVI","Eucera_actuosa",1,0,""
2024,4,19,"12_33","1_08","1","Quarry_2","Q2","VIVI","Apis_mellifera",1,0,""
2024,4,19,"12_33","1_08","1","Quarry_2","Q2","DICA","Listrus_sp._1",1,0,""
2024,4,19,"12_33","1_08","1","Quarry_2","Q2","VIVI","Apis_mellifera",2,0,""
2024,4,19,"12_33","1_08","1","Quarry_2","Q2","LACA","Listrus_sp._1",1,0,""
2024,4,19,"12_33","1_08","1","Quarry_2","Q2","VIVI","Apis_mellifera",2,0,""
2024,4,19,"12_33","1_08","1","Quarry_2","Q2","LACA","Listrus_sp._1",1,0,""
2024,4,19,"12_33","1_08","1","Quarry_2","Q2","VIVI","Apis_mellifera",2,0,""
2024,4,19,"12_33","1_08","1","Quarry_2","Q2","VIVI","Scaeva_affinis",1,0,""
2024,4,19,"12_33","1_08","1","Quarry_2","Q2","VIVI","Bombus_californicus",10,0,""
2024,4,19,"12_33","1_08","1","Quarry_2","Q2","VIVI","Apis_mellifera",1,0,""
2024,4,19,"12_33","1_08","1","Quarry_2","Q2","VIVI","Apis_mellifera",2,0,""
2024,4,19,"12_33","1_08","1","Quarry_2","Q2","VIVI","Apis_mellifera",1,0,""
2024,4,19,"12_33","1_08","1","Quarry_2","Q2","LACA","Listrus_sp._1",1,0,""
2024,4,19,"12_33","1_08","1","Quarry_2","Q2","LACA","Lasioglossum_titusi",2,0,""
2024,4,19,"12_33","1_08","1","Quarry_2","Q2","TRFU","Listrus_sp._1",1,0,""
2024,4,19,"12_33","1_08","1","Quarry_2","Q2","LACA","Listrus_sp._1",1,0,""
2024,4,19,"12_33","1_08","1","Quarry_2","Q2","VIVI","Erynnis_propertius",3,0,""
2024,4,19,"12_33","1_08","1","Quarry_2","Q2","VIVI","Apis_mellifera",1,0,""
2024,4,19,"12_33","1_08","1","Quarry_2","Q2","TRFU","Listrus_sp._1",1,0,""
2024,4,19,"12_33","1_08","1","Quarry_2","Q2","VIVI","Apis_mellifera",1,0,""
2024,4,19,"12_33","1_08","1","Quarry_2","Q2","LACA","Bombylius_major",1,0,""
2024,4,19,"12_33","1_08","1","Quarry_2","Q2","LACA","Listrus_sp._1",1,0,""
2024,4,19,"12_33","1_08","1","Quarry_2","Q2","LACA","Andrena_pallidifovea",1,0,""
2024,4,19,"12_33","1_08","1","Quarry_2","Q2","TRFU","Listrus_sp._1",1,0,""
2024,4,19,"12_33","1_08","1","Quarry_2","Q2","TRFU","Andrena_pallidifovea",1,0,""
2024,4,19,"12_33","1_08","1","Quarry_2","Q2","VIVI","Erynnis_propertius",1,0,""
2024,4,19,"12_33","1_08","1","Quarry_2","Q2","DICA","Erynnis_propertius",1,0,""
2024,4,19,"12_33","1_08","1","Quarry_2","Q2","LACA","Acmaeodera_sp.",1,1,""
2024,4,19,"12_33","1_08","1","Quarry_2","Q2","LACA","Listrus_sp._1",1,1,""
2024,4,19,"12_33","1_08","1","Quarry_2","Q2","VIVI","Erynnis_propertius",1,0,""
2024,4,19,"12_33","1_08","1","Quarry_2","Q2","LUSU","Bombus_californicus",1,0,""
2024,4,19,"12_33","1_08","1","Quarry_2","Q2","TRFU","Bombus_californicus",7,0,""
2024,4,19,"12_33","1_08","1","Quarry_2","Q2","VIVI","Bombus_californicus",1,0,""
2024,4,19,"12_33","1_08","1","Quarry_2","Q2","DICA","Listrus_sp._1",1,0,""
2024,4,19,"12_33","1_08","1","Quarry_2","Q2","TRFU","Listrus_sp._1",1,0,""
2024,4,19,"12_33","1_08","1","Quarry_2","Q2","LUSU","Listrus_sp._1",1,0,""
2024,4,19,"12_33","1_08","1","Quarry_2","Q2","VIVI","Eucera_actuosa",1,0,""
2024,4,19,"12_33","1_08","1","Quarry_2","Q2","VIVI","Apis_mellifera",1,0,""
2024,4,19,"12_33","1_08","1","Quarry_2","Q2","VIVI","Euopeodes_fumipennis",1,0,""
2024,4,19,"12_33","1_08","1","Quarry_2","Q2","VIVI","Eucera_actuosa",1,0,""
2024,4,19,"12_33","1_08","1","Quarry_2","Q2","VIVI","Apis_mellifera",1,0,""
2024,4,19,"12_33","1_08","1","Quarry_2","Q2","VIVI","Apis_mellifera",1,0,""
2024,4,19,"12_33","1_08","1","Quarry_2","Q2","VIVI","Apis_mellifera",1,0,""
2024,4,19,"12_33","1_08","1","Quarry_2","Q2","DICA","Colias_eurytheme",1,0,""
2024,4,19,"12_33","1_08","1","Quarry_2","Q2","VIVI","Coenonympha_californica",1,0,""
2024,4,19,"2_13","2_25","1","Quarry_4","Q4","TRFU","Listrus_sp._1",1,0,""
2024,4,19,"2_13","2_25","1","Quarry_4","Q4","TRFU","Listrus_sp._1",1,0,""
2024,4,19,"2_13","2_25","1","Quarry_4","Q4","TRFU","Listrus_sp._1",1,0,""
2024,4,19,"2_13","2_25","1","Quarry_4","Q4","VIVI","Apis_mellifera",1,0,""
2024,4,19,"2_13","2_25","1","Quarry_4","Q4","VIVI","Apis_mellifera",1,0,""
2024,4,19,"2_13","2_25","1","Quarry_4","Q4","DICA","Listrus_sp._1",1,0,""
2024,4,19,"2_13","2_25","1","Quarry_4","Q4","TRFU","Listrus_sp._1",1,0,""
2024,4,19,"2_13","2_25","1","Quarry_4","Q4","TRFU","Listrus_sp._1",1,0,""
2024,4,19,"2_13","2_25","1","Quarry_4","Q4","TRFU","Listrus_sp._1",1,0,""
2024,4,19,"2_13","2_25","1","Quarry_4","Q4","VIVI","Bombus_californicus",1,0,""
2024,4,19,"2_13","2_25","1","Quarry_4","Q4","VIVI","Apis_mellifera",1,0,""
2024,4,19,"2_13","2_25","1","Quarry_4","Q4","VIVI","Glaucophysche_lygdamus",1,0,""
2024,4,19,"2_13","2_25","1","Quarry_4","Q4","VIVI","Eucera_actuosa",1,0,""
2024,4,19,"2_13","2_25","1","Quarry_4","Q4","VIVI","Eucera_actuosa",2,0,""
2024,4,19,"2_13","2_25","1","Quarry_4","Q4","VIVI","Apis_mellifera",2,0,""
2024,4,19,"2_30","3_25","1","Quarry_5","Q5","TRFU","Osmia_cara",5,40,""
2024,4,19,"2_30","3_25","1","Quarry_5","Q5","DICA","Listrus_sp._1",1,40,""
2024,4,19,"2_30","3_25","1","Quarry_5","Q5","DICA","Listrus_sp._1",1,40,""
2024,4,19,"2_30","3_25","1","Quarry_5","Q5","DICA","Listrus_sp._1",1,40,""
2024,4,19,"2_30","3_25","1","Quarry_5","Q5","TRFU","Listrus_sp._1",1,40,""
2024,4,19,"2_30","3_25","1","Quarry_5","Q5","TRFU","Adela_flammeusella",1,40,""
2024,4,19,"2_30","3_25","1","Quarry_5","Q5","TRFU","Listrus_sp._1",1,40,""
2024,4,19,"2_30","3_25","1","Quarry_5","Q5","DICA","Listrus_sp._1",1,40,""
2024,4,19,"2_30","3_25","1","Quarry_5","Q5","DICA","Listrus_sp._1",1,40,""
2024,4,19,"2_30","3_25","1","Quarry_5","Q5","DICA","Listrus_sp._1",1,40,""
2024,4,19,"2_30","3_25","1","Quarry_5","Q5","TRFU","Listrus_sp._1",1,50,""
2024,4,19,"2_30","3_25","1","Quarry_5","Q5","DICA","Listrus_sp._1",1,50,""
2024,4,19,"2_30","3_25","1","Quarry_5","Q5","DICA","Listrus_sp._1",1,50,""
2024,4,19,"2_30","3_25","1","Quarry_5","Q5","DICA","Listrus_sp._1",1,50,""
2024,4,19,"2_30","3_25","1","Quarry_5","Q5","DICA","Listrus_sp._1",1,50,""
2024,4,19,"2_30","3_25","1","Quarry_5","Q5","TRFU","Bombus_californicus",2,50,""
2024,4,19,"2_30","3_25","1","Quarry_5","Q5","TRFU","Listrus_sp._1",1,50,""
2024,4,19,"2_30","3_25","1","Quarry_5","Q5","TRFU","Listrus_sp._1",1,50,""
2024,4,19,"2_30","3_25","1","Quarry_5","Q5","TRFU","Listrus_sp._1",1,50,""
2024,4,19,"2_30","3_25","1","Quarry_5","Q5","TRFU","Listrus_sp._1",1,50,""
2024,4,19,"2_30","3_25","1","Quarry_5","Q5","DICA","Listrus_sp._1",1,50,""
2024,4,19,"2_30","3_25","1","Quarry_5","Q5","DICA","Listrus_sp._1",1,50,""
2024,4,19,"2_30","3_25","1","Quarry_5","Q5","TRFU","Bombus_californicus",8,40,""
2024,4,19,"2_30","3_25","1","Quarry_5","Q5","TRFU","Listrus_sp._1",1,40,""
2024,4,19,"2_30","3_25","1","Quarry_5","Q5","DICA","Listrus_sp._1",1,40,""
2024,4,19,"2_30","3_25","1","Quarry_5","Q5","DICA","Listrus_sp._1",1,40,""
2024,4,19,"2_30","3_25","1","Quarry_5","Q5","TRFU","Coenonympha_californica",3,40,""
2024,4,19,"2_30","3_25","1","Quarry_5","Q5","TRFU","Cyrtopogon_sp.",1,40,""
2024,4,19,"2_30","3_25","1","Quarry_5","Q5","DICA","Listrus_sp._1",1,40,""
2024,4,19,"2_30","3_25","1","Quarry_5","Q5","TRFU","Listrus_sp._1",1,40,""
2024,4,19,"2_30","3_25","1","Quarry_5","Q5","TRFU","Listrus_sp._1",1,40,""
2024,4,19,"2_30","3_25","1","Quarry_5","Q5","TRFU","Listrus_sp._1",1,40,""
2024,4,19,"2_30","3_25","1","Quarry_5","Q5","LACA","Listrus_sp._1",1,40,""
2024,4,19,"2_30","3_25","1","Quarry_5","Q5","TRFU","Bombus_californicus",3,40,""
2024,4,19,"2_30","3_25","1","Quarry_5","Q5","TRFU","Bombus_californicus",4,40,""
2024,4,19,"2_30","3_25","1","Quarry_5","Q5","TRFU","Bombus_californicus",1,30,""
2024,4,19,"2_30","3_25","1","Quarry_5","Q5","DICA","Erynnis_propertius",1,40,""
2024,4,19,"2_30","3_25","1","Quarry_5","Q5","TRFU","Bombus_californicus",1,40,""
2024,4,19,"2_30","3_25","1","Quarry_5","Q5","LUSU","Bombus_californicus",1,40,""
2024,4,19,"2_30","3_25","1","Quarry_5","Q5","TRFU","Bombus_californicus",1,40,""
2024,4,19,"2_30","3_25","1","Quarry_5","Q5","DICA","Erynnis_propertius",1,40,""
2024,4,19,"2_30","3_25","1","Quarry_5","Q5","TRFU","Osmia_sp.",3,30,""
2024,4,19,"2_30","3_25","1","Quarry_5","Q5","TRFU","Listrus_sp._1",1,30,""
2024,4,19,"2_30","3_25","1","Quarry_5","Q5","TRFU","Bombus_vosnesenskii",3,25,""
2024,4,19,"2_30","3_25","1","Quarry_5","Q5","TRFU","Listrus_sp._1",1,30,""
2024,4,19,"2_30","3_25","1","Quarry_5","Q5","TRFU","Listrus_sp._1",1,30,""
2024,4,19,"2_30","3_25","1","Quarry_5","Q5","LACA","Coenonympha_californica",1,30,""
2024,4,19,"2_30","3_25","1","Quarry_5","Q5","TRFU","Osmia_cara",8,30,""
2024,4,19,"2_30","3_25","1","Quarry_5","Q5","TRFU","Listrus_sp._1",1,30,""
2024,4,19,"2_30","3_25","1","Quarry_5","Q5","DICA","Eucera_sp.",1,30,""
2024,4,19,"2_30","3_25","1","Quarry_5","Q5","DICA","Eucera_sp.",3,30,""
2024,4,19,"2_30","3_25","1","Quarry_5","Q5","LACA","Lasioglossum_titusi",2,30,""
2024,4,19,"2_30","3_25","1","Quarry_5","Q5","TRFU","Listrus_sp._1",1,30,""
2024,4,19,"2_30","3_25","1","Quarry_5","Q5","DICA","Listrus_sp._1",2,30,""
2024,4,19,"2_30","3_25","1","Quarry_5","Q5","DICA","Listrus_sp._1",1,30,""
2024,4,19,"2_30","3_25","1","Quarry_5","Q5","LACA","Bombylius_major",1,30,""
2024,4,19,"2_30","3_25","1","Quarry_5","Q5","TRFU","Osmia_sp.",1,30,""
2024,4,19,"2_30","3_25","1","Quarry_5","Q5","TRFU","Listrus_sp._1",1,30,""
2024,4,19,"2_30","3_25","1","Quarry_5","Q5","TRFU","Listrus_sp._1",1,30,""
2024,4,19,"2_30","3_25","1","Quarry_5","Q5","TRFU","Listrus_sp._1",1,30,""
2024,4,19,"2_30","3_25","1","Quarry_5","Q5","TRFU","Listrus_sp._1",1,30,""
2024,4,19,"2_30","3_25","1","Quarry_5","Q5","TRFU","Listrus_sp._1",1,30,""
2024,4,19,"2_30","3_25","1","Quarry_5","Q5","TRFU","Bombus_californicus",1,20,""
2024,4,19,"2_30","3_25","1","Quarry_5","Q5","TRFU","Listrus_sp._1",1,30,""
2024,4,19,"2_30","3_25","1","Quarry_5","Q5","DICA","Bombylius_major",2,30,""
2024,4,19,"2_30","3_25","2","Quarry_5","Q5","LACA","Bombylius_major",1,30,""
2024,4,19,"2_30","3_25","2","Quarry_5","Q5","DICA","Listrus_sp._1",1,30,""
2024,4,19,"2_30","3_25","2","Quarry_5","Q5","DICA","Trichodes_ornatus",1,30,""
2024,4,19,"2_30","3_25","2","Quarry_5","Q5","LACA","Listrus_sp._1",1,30,""
2024,4,19,"2_30","3_25","2","Quarry_5","Q5","LACA","Listrus_sp._1",1,25,""
2024,4,19,"2_30","3_25","2","Quarry_5","Q5","LACA","Listrus_sp._1",1,25,""
2024,4,19,"2_30","3_25","2","Quarry_5","Q5","TRFU","Osmia_cara",1,20,""
2024,4,19,"2_30","3_25","2","Quarry_5","Q5","DICA","Eucera_sp.",1,20,""
2024,4,19,"2_30","3_25","2","Quarry_5","Q5","TRFU","Osmia_cara",1,30,""
2024,4,19,"2_30","3_25","2","Quarry_5","Q5","TRFU","Listrus_sp._1",1,30,""
2024,4,19,"2_30","3_25","2","Quarry_5","Q5","TRFU","Listrus_sp._1",1,30,""
2024,4,19,"2_30","3_25","2","Quarry_5","Q5","TRFU","Bombus_californicus",2,30,""
2024,4,19,"2_30","3_25","3","Quarry_5","Q5","TRFU","Listrus_sp._1",1,10,"13"
2024,4,19,"2_30","3_25","3","Quarry_5","Q5","TRFU","Listrus_sp._1",1,10,""
2024,4,19,"2_30","3_25","3","Quarry_5","Q5","TRFU","Listrus_sp._1",1,10,""
2024,4,19,"2_30","3_25","3","Quarry_5","Q5","TRFU","Osmia_cara",1,20,""
2024,4,19,"2_30","3_25","3","Quarry_5","Q5","TRFU","Listrus_sp._1",1,20,""
2024,4,19,"2_30","3_25","3","Quarry_5","Q5","VIVI","Glaucophysche_lygdamus",1,0,""
2024,4,19,"2_30","3_25","3","Quarry_5","Q5","DICA","Erynnis_propertius",1,5,""
2024,4,19,"2_30","3_25","3","Quarry_5","Q5","VIVI","Eucera_actuosa",1,0,""
2024,4,19,"2_30","3_25","3","Quarry_5","Q5","DICA","Erynnis_propertius",1,5,""
2024,4,19,"2_30","3_25","3","Quarry_5","Q5","DICA","Erynnis_propertius",2,5,""
2024,4,19,"2_30","3_25","3","Quarry_5","Q5","LACA","Listrus_sp._1",1,5,""
2024,4,19,"2_30","3_25","3","Quarry_5","Q5","LACA","Listrus_sp._1",1,5,""
2024,4,19,"2_30","3_25","3","Quarry_5","Q5","LACA","Listrus_sp._1",1,5,""
2024,4,19,"2_30","3_25","3","Quarry_5","Q5","LACA","Listrus_sp._1",1,5,""
2024,4,19,"2_30","3_25","3","Quarry_5","Q5","LACA","Listrus_sp._1",1,5,""
2024,4,19,"2_30","3_25","3","Quarry_5","Q5","LACA","Listrus_sp._1",1,5,""
2024,4,19,"2_30","3_25","3","Quarry_5","Q5","LACA","Listrus_sp._1",1,5,""
2024,4,19,"2_30","3_25","3","Quarry_5","Q5","LACA","Listrus_sp._1",1,5,""
2024,4,19,"2_30","3_25","3","Quarry_5","Q5","LACA","Listrus_sp._1",1,5,""
2024,4,19,"2_30","3_25","3","Quarry_5","Q5","TRFU","Bombus_californicus",3,40,""
2024,4,19,"2_30","3_25","3","Quarry_5","Q5","LACA","Listrus_sp._1",1,10,""
2024,4,19,"2_30","3_25","3","Quarry_5","Q5","CARU","Listrus_sp._1",1,10,""
2024,4,19,"2_30","3_25","3","Quarry_5","Q5","CARU","Listrus_sp._1",1,10,""
2024,4,19,"2_30","3_25","3","Quarry_5","Q5","CARU","Listrus_sp._1",1,10,""
2024,4,19,"2_03","2_13","2","Quarry_4","Q4","TRFU","Hippodamia_convergens",1,5,""
2024,4,19,"2_03","2_13","2","Quarry_4","Q4","TRFU","Listrus_sp._1",1,5,""
2024,4,19,"2_03","2_13","2","Quarry_4","Q4","TRFU","Listrus_sp._1",1,5,""
2024,4,19,"2_03","2_13","2","Quarry_4","Q4","TRFU","Listrus_sp._1",1,5,""
2024,4,19,"2_03","2_13","2","Quarry_4","Q4","TRFU","Listrus_sp._1",1,5,""
2024,4,19,"2_03","2_13","2","Quarry_4","Q4","TRFU","Listrus_sp._1",1,5,""
2024,4,19,"2_03","2_13","2","Quarry_4","Q4","TRFU","Listrus_sp._1",1,5,""
2024,4,19,"2_03","2_13","2","Quarry_4","Q4","TRFU","Listrus_sp._1",1,5,""
2024,4,19,"2_03","2_13","2","Quarry_4","Q4","TRFU","BF1_Diptera",1,5,""
2024,4,19,"2_03","2_13","2","Quarry_4","Q4","TRFU","BF1_Diptera",1,5,""
2024,4,19,"2_03","2_13","2","Quarry_4","Q4","TRFU","BF1_Diptera",1,5,""
2024,4,19,"2_03","2_13","2","Quarry_4","Q4","TRFU","Listrus_sp._1",1,5,""
2024,4,19,"2_03","2_13","2","Quarry_4","Q4","TRFU","Listrus_sp._1",1,5,""
2024,4,19,"2_03","2_13","2","Quarry_4","Q4","TRFU","Listrus_sp._1",1,5,""
2024,4,19,"2_03","2_13","2","Quarry_4","Q4","TRFU","Eucera_actuosa",1,5,""
2024,4,19,"2_03","2_13","2","Quarry_4","Q4","TRFU","Coenonympha_californica",1,0,""
2024,4,19,"2_03","2_13","2","Quarry_4","Q4","TRFU","Bombus_californicus",1,0,""
2024,4,19,"1_28","1_57","1","Quarry_3","Q3","TRFU","Bombus_melanopygus",1,5,""
2024,4,19,"1_28","1_57","1","Quarry_3","Q3","TRFU","Bombus_melanopygus",1,5,""
2024,4,19,"1_28","1_57","1","Quarry_3","Q3","TRFU","Listrus_sp._1",1,5,""
2024,4,19,"1_28","1_57","1","Quarry_3","Q3","TRFU","Coenonympha_californica",2,0,""
2024,4,19,"1_28","1_57","1","Quarry_3","Q3","VIVI","Eucera_frater_albopilosa",7,0,""
2024,4,19,"1_28","1_57","1","Quarry_3","Q3","VIVI","Apis_mellifera",1,0,""
2024,4,19,"1_28","1_57","1","Quarry_3","Q3","TRFU","Listrus_sp._1",1,0,"9"
2024,4,19,"1_28","1_57","1","Quarry_3","Q3","DICA","Listrus_sp._1",1,0,""
2024,4,19,"1_28","1_57","1","Quarry_3","Q3","VIVI","Eucera_frater_albopilosa",1,0,""
2024,4,19,"1_28","1_57","1","Quarry_3","Q3","TRFU","Eucera_actuosa",1,1,""
2024,4,19,"1_28","1_57","1","Quarry_3","Q3","VIVI","Eucera_actuosa",1,0,""
2024,4,19,"1_28","1_57","1","Quarry_3","Q3","VIVI","Glaucophysche_lygdamus",1,0,""
2024,4,19,"1_28","1_57","1","Quarry_3","Q3","TRFU","Listrus_sp._1",1,0,""
2024,4,19,"1_28","1_57","1","Quarry_3","Q3","TRFU","Listrus_sp._1",1,0,""
2024,4,19,"1_28","1_57","1","Quarry_3","Q3","VIVI","Eucera_actuosa",1,0,""
2024,4,19,"1_28","1_57","1","Quarry_3","Q3","VIVI","Glaucophysche_lygdamus",1,0,""
2024,4,19,"1_28","1_57","1","Quarry_3","Q3","TRFU","Listrus_sp._1",1,0,""
2024,4,19,"1_28","1_57","1","Quarry_3","Q3","VIVI","Apis_mellifera",2,0,""
2024,4,19,"1_28","1_57","1","Quarry_3","Q3","VIVI","Eucera_frater_albopilosa",3,0,""
2024,4,19,"1_28","1_57","1","Quarry_3","Q3","VIVI","Eucera_frater_albopilosa",1,0,""
2024,4,19,"1_28","1_57","1","Quarry_3","Q3","VIVI","Polistes_aurifer",1,0,""
2024,4,19,"1_28","1_57","1","Quarry_3","Q3","VIVI","Eucera_actuosa",2,0,""
2024,4,19,"1_28","1_57","1","Quarry_3","Q3","VIVI","Glaucophysche_lygdamus",1,0,""
2024,4,19,"1_28","1_57","1","Quarry_3","Q3","CADE","Coenonympha_californica",2,0,""
2024,4,19,"1_28","1_57","1","Quarry_3","Q3","TRFU","Listrus_sp._1",1,0,""
2024,4,19,"1_28","1_57","1","Quarry_3","Q3","TRFU","Listrus_sp._1",1,0,""
2024,4,19,"1_28","1_57","1","Quarry_3","Q3","TRFU","Hippodamia_convergens",1,0,""
2024,4,19,"1_28","1_57","1","Quarry_3","Q3","VIVI","Glaucophysche_lygdamus",1,0,""
2024,4,19,"1_28","1_57","1","Quarry_3","Q3","TRFU","BF1_Diptera",1,0,""
2024,4,19,"1_28","1_57","1","Quarry_3","Q3","VIVI","Apis_mellifera",2,0,""
2024,4,19,"1_28","1_57","1","Quarry_3","Q3","VIVI","Apis_mellifera",2,0,""
2024,4,19,"1_28","1_57","1","Quarry_3","Q3","VIVI","Apis_mellifera",2,0,""
2024,4,19,"1_28","1_57","1","Quarry_3","Q3","VIVI","Anthophora_californica",1,0,""
2024,4,19,"1_28","1_57","1","Quarry_3","Q3","VIVI","Apis_mellifera",1,0,""
2024,4,19,"1_28","1_57","1","Quarry_3","Q3","VIVI","Eucera_actuosa",1,0,""
2024,4,19,"1_28","1_57","1","Quarry_3","Q3","LUSU","Eucera_actuosa",1,0,""
2024,4,19,"1_28","1_57","1","Quarry_3","Q3","LUSU","Trichodes_ornatus",1,0,""
2024,4,19,"1_28","1_57","1","Quarry_3","Q3","LUSU","Trichodes_ornatus",1,0,""
2024,4,19,"1_28","1_57","1","Quarry_3","Q3","TRFU","Eucera_actuosa",1,5,""
2024,4,19,"1_28","1_57","1","Quarry_3","Q3","CARU","Osmia_cara",1,5,""
2024,4,19,"1_28","1_57","1","Quarry_3","Q3","TRFU","Listrus_sp._1",1,5,""
2024,4,19,"1_28","1_57","1","Quarry_3","Q3","TRFU","Listrus_sp._1",1,5,""
2024,4,19,"1_28","1_57","1","Quarry_3","Q3","TRFU","Listrus_sp._1",1,5,""
2024,4,19,"1_28","1_57","1","Quarry_3","Q3","VIVI","Glaucophysche_lygdamus",1,0,""
2024,4,19,"1_28","1_57","1","Quarry_3","Q3","VIVI","Glaucophysche_lygdamus",1,0,""
2024,4,19,"1_28","1_57","1","Quarry_3","Q3","VIVI","Eucera_actuosa",1,0,""
2024,4,19,"4_42","5_11","1","Felch","F1","TRFU","Apis_mellifera",1,0,""
2024,4,19,"4_42","5_11","1","Felch","F1","TRFU","Apis_mellifera",1,0,""
2024,4,19,"4_42","5_11","1","Felch","F1","TRFU","Apis_mellifera",1,0,"22"
2024,4,19,"4_42","5_11","1","Felch","F1","TRFU","Bombus_vosnesenskii",1,0,""
2024,4,19,"4_42","5_11","1","Felch","F1","TRFU","Listrus_sp._1",1,0,""
2024,4,19,"4_42","5_11","1","Felch","F1","TRFU","Listrus_sp._1",1,0,""
2024,4,19,"4_42","5_11","1","Felch","F1","TRFU","Apis_mellifera",1,0,""
2024,4,19,"4_42","5_11","1","Felch","F1","TRFU","Listrus_sp._1",1,0,""
2024,4,19,"4_42","5_11","1","Felch","F1","TRFU","Apis_mellifera",12,0,""
2024,4,19,"4_42","5_11","1","Felch","F1","TRFU","Listrus_sp._1",1,0,"20"
2024,4,19,"4_42","5_11","1","Felch","F1","TRFU","Apis_mellifera",1,0,""
2024,4,19,"4_42","5_11","1","Felch","F1","TRFU","Apis_mellifera",2,0,"31"
2024,4,19,"4_42","5_11","1","Felch","F1","TRFU","Osmia_sp.",1,0,""
2024,4,19,"4_42","5_11","1","Felch","F1","TRFU","Bombus_vosnesenskii",1,0,""
2024,4,19,"4_42","5_11","1","Felch","F1","LACA","Listrus_sp._1",1,4,""
2024,4,19,"4_42","5_11","1","Felch","F1","LACA","Listrus_sp._1",1,4,""
2024,4,19,"4_42","5_11","1","Felch","F1","LACA","Listrus_sp._1",1,4,""
2024,4,19,"4_42","5_11","1","Felch","F1","LACA","Listrus_sp._1",1,4,""
2024,4,19,"4_42","5_11","1","Felch","F1","LACA","Acmaeodera_sp.",1,4,""
2024,4,19,"4_42","5_11","1","Felch","F1","LACA","Bombylius_major",1,5,""
2024,4,19,"4_42","5_11","1","Felch","F1","TRFU","Listrus_sp._1",1,0,""
2024,4,19,"4_42","5_11","1","Felch","F1","VIVI","Eucera_actuosa",1,0,""
2024,4,19,"4_42","5_11","1","Felch","F1","VIVI","Apis_mellifera",2,0,""
2024,4,19,"4_42","5_11","1","Felch","F1","VIVI","Apis_mellifera",1,0,""
2024,4,19,"4_42","5_11","1","Felch","F1","VIVI","Polistes_aurifer",1,0,""
2024,4,19,"4_42","5_11","1","Felch","F1","VIVI","Apis_mellifera",2,0,""
2024,4,19,"4_42","5_11","1","Felch","F1","VIVI","Glaucophysche_lygdamus",1,0,""
2024,4,19,"4_42","5_11","1","Felch","F1","TRFU","Bombus_californicus",5,0,""
2024,4,19,"9_12","9_59","1","Rock","R1","TRFU","Listrus_sp._1",1,50,""
2024,4,19,"9_12","9_59","1","Rock","R1","TRFU","Acmaeodera_sp.",1,50,""
2024,4,19,"9_12","9_59","1","Rock","R1","TRFU","Acmaeodera_sp.",1,50,""
2024,4,19,"9_12","9_59","1","Rock","R1","TRFU","Acmaeodera_sp.",1,50,""
2024,4,19,"9_12","9_59","1","Rock","R1","RACA","Listrus_sp._1",1,50,""
2024,4,19,"9_12","9_59","1","Rock","R1","RACA","Listrus_sp._1",1,50,""
2024,4,19,"9_12","9_59","1","Rock","R1","TRLA","Listrus_sp._1",1,50,""
2024,4,19,"9_12","9_59","1","Rock","R1","TRLA","Listrus_sp._1",1,50,""
2024,4,19,"9_12","9_59","1","Rock","R1","TRLA","Listrus_sp._1",1,50,""
2024,4,19,"9_12","9_59","1","Rock","R1","TRLA","Listrus_sp._1",1,50,""
2024,4,19,"9_12","9_59","1","Rock","R1","TRFU","Listrus_sp._1",1,50,""
2024,4,19,"9_12","9_59","2","Rock","R1","TRFU","Listrus_sp._1",1,50,""
2024,4,19,"9_12","9_59","2","Rock","R1","DICA","Listrus_sp._1",1,50,""
2024,4,19,"9_12","9_59","2","Rock","R1","DICA","Listrus_sp._1",1,50,""
2024,4,19,"9_12","9_59","2","Rock","R1","DICA","Listrus_sp._1",1,50,""
2024,4,19,"9_12","9_59","2","Rock","R1","TRFU","Listrus_sp._1",1,50,""
2024,4,19,"9_12","9_59","2","Rock","R1","TRFU","Listrus_sp._1",1,50,""
2024,4,19,"9_12","9_59","3","Rock","R1","CRHI","Muscidae",1,5,""
2024,4,19,"9_12","9_59","3","Rock","R1","ERGU","Malachius_sp.",1,5,""
2024,4,19,"9_12","9_59","3","Rock","R1","TRFU","Coenonympha_californica",1,0,""
2024,4,19,"9_12","9_59","3","Rock","R1","TRFU","Diabrotica_undecimpunctata",1,0,""
2024,4,19,"9_12","9_59","3","Rock","R1","VIVI","Osmia_cara",2,0,""
2024,4,19,"9_12","9_59","3","Rock","R1","VIVI","Glaucophysche_lygdamus",1,0,""
2024,4,19,"9_12","9_59","3","Rock","R1","VIVI","Apis_mellifera",1,0,""
2024,4,19,"9_12","9_59","3","Rock","R1","VIVI","Eucera_actuosa",1,0,""
2024,4,19,"9_12","9_59","3","Rock","R1","VIVI","Apis_mellifera",2,0,""
2024,4,19,"9_12","9_59","3","Rock","R1","VIVI","Eucera_actuosa",1,0,""
2024,4,19,"9_12","9_59","3","Rock","R1","VIVI","Eucera_actuosa",3,0,""
2024,4,19,"9_12","9_59","3","Rock","R1","VIVI","Eucera_actuosa",1,0,""
2024,4,19,"10_02","10_38","1","Upper_Grid_2","UG2_1","LUSU","Bombus_vosnesenskii",1,10,""
2024,4,19,"10_02","10_38","1","Upper_Grid_2","UG2_1","TRFU","Listrus_sp._1",1,1,"42"
2024,4,19,"10_02","10_38","1","Upper_Grid_2","UG2_1","TRFU","Osmia_cara",5,1,""
2024,4,19,"10_02","10_38","1","Upper_Grid_2","UG2_1","TRFU","Listrus_sp._1",1,10,"1"
2024,4,19,"10_02","10_38","1","Upper_Grid_2","UG2_1","TRFU","Listrus_sp._1",1,1,""
2024,4,19,"10_02","10_38","2","Upper_Grid_2","UG2_1","VIVI","Bombus_crotchii",5,0,""
2024,4,19,"10_02","10_38","2","Upper_Grid_2","UG2_1","VIVI","Eucera_actuosa",1,0,""
2024,4,19,"10_02","10_38","2","Upper_Grid_2","UG2_1","VIVI","Eucera_actuosa",1,0,""
2024,4,19,"10_02","10_38","2","Upper_Grid_2","UG2_1","VIVI","Eucera_actuosa",1,0,""
2024,4,19,"10_02","10_38","2","Upper_Grid_2","UG2_1","TRFU","Osmia_cara",2,5,""
2024,4,19,"10_02","10_38","2","Upper_Grid_2","UG2_1","VIVI","Eucera_actuosa",1,0,""
2024,4,19,"10_02","10_38","2","Upper_Grid_2","UG2_1","VIVI","Eucera_actuosa",1,0,""
2024,4,19,"10_02","10_38","2","Upper_Grid_2","UG2_1","VIVI","Muscidae",2,0,""
2024,4,19,"10_02","10_38","3","Upper_Grid_2","UG2_2","VIVI","Bombus_melanopygus",4,0,""
2024,4,19,"10_02","10_38","3","Upper_Grid_2","UG2_2","VIVI","Apis_mellifera",2,0,""
2024,4,19,"10_02","10_38","3","Upper_Grid_2","UG2_2","VIVI","Eucera_actuosa",1,0,""
2024,4,19,"10_02","10_38","3","Upper_Grid_2","UG2_2","TRFU","Eucera_actuosa",2,0,""
2024,4,19,"10_02","10_38","3","Upper_Grid_2","UG2_2","DICA","Listrus_sp._1",1,0,""
2024,4,19,"10_02","10_38","3","Upper_Grid_2","UG2_2","DICA","Listrus_sp._1",1,0,""
2024,4,19,"10_02","10_38","3","Upper_Grid_2","UG2_2","TRFU","Listrus_sp._1",1,3,""
2024,4,19,"10_02","10_38","3","Upper_Grid_2","UG2_2","TRFU","Listrus_sp._1",1,3,""
2024,4,19,"10_02","10_38","3","Upper_Grid_2","UG2_2","VIVI","Apis_mellifera",1,0,""
2024,4,19,"10_02","10_38","4","Upper_Grid_2","UG2_2","VIVI","Eucera_actuosa",2,0,""
2024,4,19,"10_02","10_38","4","Upper_Grid_2","UG2_2","VIVI","Osmia_cara",1,0,""
2024,4,19,"10_02","10_38","4","Upper_Grid_2","UG2_2","TRFU","Osmia_cara",2,0,""
2024,4,19,"10_02","10_38","4","Upper_Grid_2","UG2_2","VIVI","Muscidae",1,0,""
2024,4,19,"10_02","10_38","4","Upper_Grid_2","UG2_2","VIVI","Eucera_actuosa",1,0,""
2024,4,19,"10_02","10_38","4","Upper_Grid_2","UG2_2","TRFU","Osmia_cara",1,5,""
2024,5,2,"9_38","10_07","1","Aikawa","AI","VIVI","Hippodamia_convergens",1,0,""
2024,5,2,"9_38","10_07","1","Aikawa","AI","WYAN","Osmia_cara",1,3,""
2024,5,2,"9_38","10_07","1","Aikawa","AI","WYAN","Osmia_cara",1,3,""
2024,5,2,"9_38","10_07","1","Aikawa","AI","WYAN","Osmia_cara",1,5,""
2024,5,2,"9_38","10_07","1","Aikawa","AI","WYAN","Brachysomida_californica",1,3,""
2024,5,2,"9_38","10_07","1","Aikawa","AI","WYAN","Brachysomida_californica",1,3,""
2024,5,2,"9_38","10_07","1","Aikawa","AI","WYAN","Andrena_pensilis",1,3,""
2024,5,2,"9_38","10_07","2","Aikawa","AI","LACA","Listrus_sp._1",1,20,""
2024,5,2,"9_38","10_07","2","Aikawa","AI","WYAN","silver_moth_Lepidoptera",1,50,""
2024,5,2,"9_38","10_07","2","Aikawa","AI","LACA","Listrus_sp._1",1,50,""
2024,5,2,"9_38","10_07","2","Aikawa","AI","LACA","Listrus_sp._1",1,50,""
2024,5,2,"9_38","10_07","2","Aikawa","AI","LACA","Listrus_sp._1",1,50,""
2024,5,2,"9_38","10_07","2","Aikawa","AI","LACA","Listrus_sp._1",1,100,""
2024,5,2,"9_38","10_07","2","Aikawa","AI","LACA","Listrus_sp._1",1,100,""
2024,5,2,"9_38","10_07","2","Aikawa","AI","LACA","Listrus_sp._1",1,100,""
2024,5,2,"9_38","10_07","2","Aikawa","AI","LACA","Listrus_sp._1",1,100,""
2024,5,2,"9_38","10_07","2","Aikawa","AI","LACA","Anthrenus_sp.",1,100,""
2024,5,2,"9_38","10_07","2","Aikawa","AI","LACA","Anthrenus_sp.",1,100,""
2024,5,2,"9_38","10_07","2","Aikawa","AI","WYAN","Adela_eldorada",1,110,""
2024,5,2,"9_38","10_07","2","Aikawa","AI","WYAN","Listrus_sp._1",1,110,""
2024,5,2,"9_38","10_07","2","Aikawa","AI","TRFU","Listrus_sp._1",1,10,""
2024,5,2,"9_38","10_07","2","Aikawa","AI","RACA","Listrus_sp._1",1,150,""
2024,5,2,"9_38","10_07","2","Aikawa","AI","TRFU","Listrus_sp._1",1,150,""
2024,5,2,"9_38","10_07","2","Aikawa","AI","RACA","Listrus_sp._1",1,150,""
2024,5,2,"9_38","10_07","2","Aikawa","AI","RACA","Listrus_sp._1",1,150,""
2024,5,2,"9_38","10_07","2","Aikawa","AI","RACA","Listrus_sp._1",1,150,""
2024,5,2,"9_38","10_07","2","Aikawa","AI","RACA","Listrus_sp._1",1,150,""
2024,5,2,"9_38","10_07","2","Aikawa","AI","RACA","Listrus_sp._1",1,150,""
2024,5,2,"9_38","10_07","2","Aikawa","AI","RACA","Listrus_sp._1",1,150,""
2024,5,2,"9_38","10_07","2","Aikawa","AI","RACA","Listrus_sp._1",1,150,""
2024,5,2,"9_38","10_07","2","Aikawa","AI","RACA","Listrus_sp._1",1,150,""
2024,5,2,"9_38","10_07","2","Aikawa","AI","RACA","Listrus_sp._1",1,150,""
2024,5,2,"9_38","10_07","2","Aikawa","AI","RACA","Listrus_sp._1",1,150,""
2024,5,2,"9_38","10_07","2","Aikawa","AI","TRFU","Listrus_sp._1",1,20,""
2024,5,2,"9_38","10_07","2","Aikawa","AI","DEVA","Bombus_californicus",1,NA,""
2024,5,2,"10_38","11_32","1","Coyote","C1","VIVI","Apis_mellifera",1,0,""
2024,5,2,"10_38","11_32","1","Coyote","C1","ACMO","Helithodes_dimutiva",1,0,""
2024,5,2,"10_38","11_32","1","Coyote","C1","ACMO","Helithodes_dimutiva",1,0,""
2024,5,2,"10_38","11_32","1","Coyote","C1","VIVI","Apis_mellifera",1,0,""
2024,5,2,"10_38","11_32","1","Coyote","C1","VIVI","Apis_mellifera",2,0,""
2024,5,2,"10_38","11_32","1","Coyote","C1","VIVI","Apis_mellifera",2,0,""
2024,5,2,"10_38","11_32","1","Coyote","C1","Ranunculus sp.","Andrena_subchalybea",1,0,""
2024,5,2,"10_38","11_32","1","Coyote","C1","Ranunculus sp.","Anthrenus_sp.",1,0,""
2024,5,2,"10_38","11_32","1","Coyote","C1","VIVI","Bombus_vosnesenskii",2,0,""
2024,5,2,"10_38","11_32","1","Coyote","C1","VIVI","Apis_mellifera",1,0,""
2024,5,2,"10_38","11_32","1","Coyote","C1","VIVI","Apis_mellifera",1,0,""
2024,5,2,"10_38","11_32","1","Coyote","C1","VIVI","Apis_mellifera",1,0,""
2024,5,2,"10_38","11_32","1","Coyote","C1","VIVI","Apis_mellifera",1,0,""
2024,5,2,"10_38","11_32","1","Coyote","C1","VIVI","Apis_mellifera",1,0,""
2024,5,2,"10_38","11_32","1","Coyote","C1","VIVI","Bombus_melanopygus",2,0,""
2024,5,2,"10_38","11_32","1","Coyote","C1","VIVI","Apis_mellifera",2,0,""
2024,5,2,"10_38","11_32","1","Coyote","C1","VIVI","Apis_mellifera",1,0,""
2024,5,2,"10_38","11_32","1","Coyote","C1","VIVI","Bombus_melanopygus",2,0,""
2024,5,2,"10_38","11_32","1","Coyote","C1","VIVI","Apis_mellifera",1,0,""
2024,5,2,"10_38","11_32","1","Coyote","C1","VIVI","Apis_mellifera",1,0,""
2024,5,2,"10_38","11_32","1","Coyote","C1","VIVI","Apis_mellifera",1,0,""
2024,5,2,"10_38","11_32","1","Coyote","C1","VIVI","Apis_mellifera",1,0,""
2024,5,2,"10_38","11_32","1","Coyote","C1","VIVI","Apis_mellifera",2,0,""
2024,5,2,"10_38","11_32","1","Coyote","C1","VIVI","Bombus_melanopygus",2,0,""
2024,5,2,"10_38","11_32","1","Coyote","C1","VIVI","Apis_mellifera",1,0,""
2024,5,2,"10_38","11_32","1","Coyote","C1","VIVI","Apis_mellifera",2,0,""
2024,5,2,"10_38","11_32","1","Coyote","C1","VIVI","Apis_mellifera",1,0,""
2024,5,2,"10_38","11_32","1","Coyote","C1","VIVI","Apis_mellifera",3,0,""
2024,5,2,"10_38","11_32","1","Coyote","C1","VIVI","Apis_mellifera",1,0,""
2024,5,2,"10_38","11_32","1","Coyote","C1","VIVI","Apis_mellifera",1,0,""
2024,5,2,"10_38","11_32","1","Coyote","C1","LACA","Listrus_sp._1",1,0,""
2024,5,2,"10_38","11_32","1","Coyote","C1","VIVI","Apis_mellifera",1,0,""
2024,5,2,"10_38","11_32","1","Coyote","C1","VIVI","Bombus_vosnesenskii",3,0,""
2024,5,2,"10_38","11_32","1","Coyote","C1","VIVI","Apis_mellifera",3,0,""
2024,5,2,"10_38","11_32","1","Coyote","C1","VIVI","Apis_mellifera",4,0,""
2024,5,2,"10_38","11_32","1","Coyote","C1","LACA","BF1_Diptera",1,0,""
2024,5,2,"10_38","11_32","1","Coyote","C1","LACA","Andrena_pallidifovea",1,0,""
2024,5,2,"10_38","11_32","1","Coyote","C1","Ranunculus sp.","Panurginus_sp.",2,0,""
2024,5,2,"10_38","11_32","1","Coyote","C1","VIVI","Apis_mellifera",2,0,""
2024,5,2,"10_38","11_32","1","Coyote","C1","DEVA","Apis_mellifera",1,0,""
2024,5,2,"10_38","11_32","1","Coyote","C1","VIVI","Apis_mellifera",3,0,""
2024,5,2,"10_38","11_32","1","Coyote","C1","LACA","white_moth_Lepidoptera",1,0,""
2024,5,2,"10_38","11_32","1","Coyote","C1","LACA","Helithodes_dimutiva",2,0,""
2024,5,2,"10_38","11_32","2","Coyote","C1","VIVI","Bombus_melanopygus",1,0,""
2024,5,2,"10_38","11_32","2","Coyote","C1","VIVI","Bombus_melanopygus",1,0,""
2024,5,2,"10_38","11_32","2","Coyote","C1","VIVI","Eucera_actuosa",1,0,""
2024,5,2,"10_38","11_32","2","Coyote","C1","VIVI","Apis_mellifera",1,0,""
2024,5,2,"10_38","11_32","2","Coyote","C1","VIVI","Apis_mellifera",1,0,""
2024,5,2,"10_38","11_32","2","Coyote","C1","VIVI","Apis_mellifera",1,0,""
2024,5,2,"10_38","11_32","2","Coyote","C1","VIVI","Apis_mellifera",2,0,""
2024,5,2,"10_38","11_32","2","Coyote","C1","VIVI","Bombus_vosnesenskii",1,0,""
2024,5,2,"10_38","11_32","2","Coyote","C1","EUSP","Andrena_dissona",1,0,""
2024,5,2,"10_38","11_32","2","Coyote","C1","VIVI","Bombus_melanopygus",1,0,""
2024,5,2,"10_38","11_32","2","Coyote","C1","VIVI","Apis_mellifera",1,0,""
2024,5,2,"10_38","11_32","2","Coyote","C1","VIVI","Eucera_actuosa",1,0,""
2024,5,2,"10_38","11_32","2","Coyote","C1","VIVI","Apis_mellifera",1,0,""
2024,5,2,"10_38","11_32","2","Coyote","C1","VIVI","Eucera_actuosa",1,0,""
2024,5,2,"10_38","11_32","2","Coyote","C1","TRFU","Eucera_actuosa",1,0,""
2024,5,2,"10_38","11_32","2","Coyote","C1","VIVI","Apis_mellifera",1,0,""
2024,5,2,"10_38","11_32","2","Coyote","C1","VIVI","Apis_mellifera",1,0,""
2024,5,2,"10_38","11_32","2","Coyote","C1","VIVI","Apis_mellifera",2,0,""
2024,5,2,"10_38","11_32","2","Coyote","C1","TRHI","Polistes_aurifer",1,0,""
2024,5,2,"10_38","11_32","2","Coyote","C1","VIVI","Apis_mellifera",1,0,""
2024,5,2,"10_38","11_32","2","Coyote","C1","VIVI","Apis_mellifera",1,0,""
2024,5,2,"10_38","11_32","2","Coyote","C1","VIVI","Apis_mellifera",1,0,""
2024,5,2,"10_38","11_32","2","Coyote","C1","VIVI","Apis_mellifera",1,0,""
2024,5,2,"10_38","11_32","2","Coyote","C1","VIVI","Apis_mellifera",1,0,""
2024,5,2,"10_38","11_32","2","Coyote","C1","VIVI","Bombus_vosnesenskii",4,0,""
2024,5,2,"10_38","11_32","2","Coyote","C1","VIVI","Bombus_vosnesenskii",4,0,""
2024,5,2,"10_38","11_32","2","Coyote","C1","VIVI","Bombus_vosnesenskii",1,0,""
2024,5,2,"10_38","11_32","2","Coyote","C1","TRFU","Bombus_vosnesenskii",1,0,""
2024,5,2,"10_38","11_32","2","Coyote","C1","VIVI","Apis_mellifera",1,0,""
2024,5,2,"10_38","11_32","2","Coyote","C1","VIVI","Apis_mellifera",1,0,""
2024,5,2,"10_38","11_32","2","Coyote","C1","TRFU","Eucera_actuosa",1,0,""
2024,5,2,"10_38","11_32","2","Coyote","C1","VIVI","Eucera_actuosa",2,0,""
2024,5,2,"10_38","11_32","2","Coyote","C1","LACA","Listrus_sp._1",1,0,""
2024,5,2,"10_38","11_32","2","Coyote","C1","VIVI","Bombus_melanopygus",1,0,""
2024,5,2,"10_38","11_32","2","Coyote","C1","VIVI","Apis_mellifera",1,0,""
2024,5,2,"10_38","11_32","2","Coyote","C1","VIVI","Apis_mellifera",2,0,""
2024,5,2,"10_38","11_32","2","Coyote","C1","VIVI","Apis_mellifera",2,0,""
2024,5,2,"10_38","11_32","2","Coyote","C1","VIVI","Apis_mellifera",1,0,""
2024,5,2,"10_38","11_32","2","Coyote","C1","VIVI","Apis_mellifera",1,0,""
2024,5,2,"10_38","11_32","2","Coyote","C1","VIVI","Apis_mellifera",1,0,""
2024,5,2,"10_38","11_32","2","Coyote","C1","VIVI","Apis_mellifera",1,0,""
2024,5,2,"10_38","11_32","2","Coyote","C1","VIVI","Apis_mellifera",1,0,""
2024,5,2,"10_38","11_32","2","Coyote","C1","VIVI","Apis_mellifera",1,0,""
2024,5,2,"10_38","11_32","2","Coyote","C1","VIVI","Apis_mellifera",1,0,""
2024,5,2,"10_38","11_32","2","Coyote","C1","VIVI","Apis_mellifera",1,0,""
2024,5,2,"10_38","11_32","2","Coyote","C1","VIVI","Apis_mellifera",2,0,""
2024,5,2,"10_38","11_32","2","Coyote","C1","VIVI","Apis_mellifera",2,0,""
2024,5,2,"10_38","11_32","2","Coyote","C1","VIVI","Eucera_actuosa",1,0,""
2024,5,2,"10_38","11_32","2","Coyote","C1","Ranunculus sp.","Listrus_sp._1",1,0,""
2024,5,2,"10_38","11_32","2","Coyote","C1","Ranunculus sp.","Listrus_sp._1",1,0,""
2024,5,2,"10_38","11_32","2","Coyote","C1","VIVI","Bombus_melanopygus",1,0,""
2024,5,2,"10_38","11_32","2","Coyote","C1","VIVI","Apis_mellifera",1,0,""
2024,5,2,"10_38","11_32","2","Coyote","C1","VIVI","Bombus_melanopygus",2,0,""
2024,5,2,"10_38","11_32","2","Coyote","C1","VIVI","Eucera_actuosa",1,0,""
2024,5,2,"10_38","11_32","2","Coyote","C1","VIVI","Polistes_aurifer",1,0,""
2024,5,2,"10_38","11_32","2","Coyote","C1","VIVI","Apis_mellifera",1,0,""
2024,5,2,"10_38","11_32","2","Coyote","C1","VIVI","Bombus_melanopygus",1,0,""
2024,5,2,"10_38","11_32","2","Coyote","C1","VIVI","Bombus_melanopygus",1,0,""
2024,5,2,"10_38","11_32","2","Coyote","C1","VIVI","Bombus_melanopygus",1,0,""
2024,5,2,"10_38","11_32","2","Coyote","C1","VIVI","Apis_mellifera",1,0,""
2024,5,2,"10_38","11_32","2","Coyote","C1","VIVI","Apis_mellifera",1,0,""
2024,5,2,"10_38","11_32","2","Coyote","C1","VIVI","Apis_mellifera",2,0,""
2024,5,2,"10_38","11_32","2","Coyote","C1","VIVI","Apis_mellifera",1,0,""
2024,5,2,"10_38","11_32","2","Coyote","C1","VIVI","Apis_mellifera",1,0,""
2024,5,2,"10_38","11_32","2","Coyote","C1","VIVI","Bombus_melanopygus",1,0,""
2024,5,2,"10_38","11_32","2","Coyote","C1","VIVI","Apis_mellifera",1,0,""
2024,5,2,"10_38","11_32","2","Coyote","C1","VIVI","Eucera_actuosa",3,0,""
2024,5,2,"10_38","11_32","2","Coyote","C1","VIVI","Coenonympha_californica",1,0,""
2024,5,2,"10_38","11_32","2","Coyote","C1","VIVI","Apis_mellifera",1,0,""
2024,5,2,"10_38","11_32","2","Coyote","C1","VIVI","Apis_mellifera",1,0,""
2024,5,2,"10_38","11_32","2","Coyote","C1","VIVI","Apis_mellifera",1,0,""
2024,5,2,"10_38","11_32","2","Coyote","C1","VIVI","Coenonympha_californica",1,0,""
2024,5,2,"10_38","11_32","2","Coyote","C1","VIVI","Apis_mellifera",2,0,""
2024,5,2,"10_38","11_32","2","Coyote","C1","VIVI","Apis_mellifera",1,0,""
2024,5,2,"10_38","11_32","2","Coyote","C1","VIVI","Apis_mellifera",1,0,""
2024,5,2,"10_38","11_32","2","Coyote","C1","VIVI","Apis_mellifera",1,0,""
2024,5,2,"10_38","11_32","2","Coyote","C1","VIVI","Apis_mellifera",1,0,""
2024,5,2,"10_38","11_32","2","Coyote","C1","VIVI","Apis_mellifera",1,0,""
2024,5,2,"10_38","11_32","2","Coyote","C1","VIVI","Apis_mellifera",1,0,""
2024,5,2,"10_38","11_32","2","Coyote","C1","VIVI","Apis_mellifera",1,0,""
2024,5,2,"10_38","11_32","2","Coyote","C1","VIVI","Apis_mellifera",1,0,""
2024,5,2,"10_38","11_32","2","Coyote","C1","VIVI","Eucera_actuosa",1,0,""
2024,5,2,"10_38","11_32","2","Coyote","C1","VIVI","Eucera_actuosa",1,0,""
2024,5,2,"10_38","11_32","2","Coyote","C1","VIVI","Bombus_melanopygus",1,0,""
2024,5,2,"10_38","11_32","2","Coyote","C1","VIVI","Apis_mellifera",2,0,""
2024,5,2,"10_38","11_32","2","Coyote","C1","VIVI","Apis_mellifera",1,0,""
2024,5,2,"10_38","11_32","2","Coyote","C1","VIVI","Apis_mellifera",1,0,""
2024,5,2,"10_38","11_32","2","Coyote","C1","VIVI","Bombus_vosnesenskii",1,0,""
2024,5,2,"10_38","11_32","2","Coyote","C1","VIVI","Anthophora_crotchii",1,0,""
2024,5,2,"11_47","12_21","1","Goatgrass","GG1","LACA","BF1_Diptera",1,50,""
2024,5,2,"11_47","12_21","1","Goatgrass","GG1","LACA","BF1_Diptera",1,50,""
2024,5,2,"11_47","12_21","1","Goatgrass","GG1","LACA","BF1_Diptera",1,50,""
2024,5,2,"11_47","12_21","1","Goatgrass","GG1","LACA","Panurginus_sp.",1,50,""
2024,5,2,"11_47","12_21","1","Goatgrass","GG1","LACA","Panurginus_sp.",NA,50,""
2024,5,2,"11_47","12_21","1","Goatgrass","GG1","LACA","BF1_Diptera",1,50,""
2024,5,2,"11_47","12_21","1","Goatgrass","GG1","LACA","red_Pterophoridae",1,40,""
2024,5,2,"11_47","12_21","1","Goatgrass","GG1","LACA","Nomada_hesperia",2,40,""
2024,5,2,"11_47","12_21","1","Goatgrass","GG1","LACA","Andrena_pensilis",1,40,""
2024,5,2,"11_47","12_21","1","Goatgrass","GG1","LACA","Adela_eldorada",1,40,""
2024,5,2,"11_47","12_21","1","Goatgrass","GG1","LACA","Bombylius_major",1,40,""
2024,5,2,"11_47","12_21","1","Goatgrass","GG1","LACA","Syrphidae",3,40,""
2024,5,2,"11_47","12_21","1","Goatgrass","GG1","LACA","Syrphidae",1,40,""
2024,5,2,"11_47","12_21","1","Goatgrass","GG1","LACA","Helithodes_dimutiva",1,40,""
2024,5,2,"11_47","12_21","1","Goatgrass","GG1","LACA","Andrena_pensilis",3,40,""
2024,5,2,"11_47","12_21","1","Goatgrass","GG1","LACA","Andrena_pensilis",2,35,""
2024,5,2,"11_47","12_21","1","Goatgrass","GG1","LACA","Panurginus_sp.",1,35,""
2024,5,2,"11_47","12_21","1","Goatgrass","GG1","LACA","Panurginus_sp.",1,35,""
2024,5,2,"11_47","12_21","1","Goatgrass","GG1","LACA","Panurginus_sp.",2,30,""
2024,5,2,"11_47","12_21","1","Goatgrass","GG1","LACA","Nomada_hesperia",2,30,""
2024,5,2,"11_47","12_21","1","Goatgrass","GG1","LACA","BF1_Diptera",1,30,""
2024,5,2,"11_47","12_21","1","Goatgrass","GG1","LACA","Panurginus_sp.",1,30,""
2024,5,2,"11_47","12_21","1","Goatgrass","GG1","LACA","Andrena_subchalybea",1,30,""
2024,5,2,"11_47","12_21","1","Goatgrass","GG1","LACA","Bombylius_major",1,20,""
2024,5,2,"11_47","12_21","1","Goatgrass","GG1","LACA","Panurginus_sp.",1,20,""
2024,5,2,"11_47","12_21","1","Goatgrass","GG1","LACA","Andrena_subchalybea",1,20,""
2024,5,2,"11_47","12_21","1","Goatgrass","GG1","LACA","Nomada_hesperia",1,20,""
2024,5,2,"11_47","12_21","1","Goatgrass","GG1","LACA","Panurginus_sp.",2,20,""
2024,5,2,"11_47","12_21","1","Goatgrass","GG1","LACA","Panurginus_sp.",1,20,""
2024,5,2,"11_47","12_21","1","Goatgrass","GG1","RACA","Panurginus_sp.",1,20,""
2024,5,2,"11_47","12_21","1","Goatgrass","GG1","LACA","Panurginus_sp.",1,10,""
2024,5,2,"11_47","12_21","1","Goatgrass","GG1","TRFU","Xylocopa_sonorina",1,10,""
2024,5,2,"11_47","12_21","1","Goatgrass","GG1","LACA","Tachnidae",1,10,""
2024,5,2,"11_47","12_21","1","Goatgrass","GG1","LACA","Andrena_pensilis",1,10,""
2024,5,2,"11_47","12_21","1","Goatgrass","GG1","LACA","Nomada_hesperia",1,10,""
2024,5,2,"11_47","12_21","1","Goatgrass","GG1","TRFU","Xylocopa_sonorina",3,10,""
2024,5,2,"11_47","12_21","1","Goatgrass","GG1","LACA","Panurginus_sp.",2,5,""
2024,5,2,"11_47","12_21","1","Goatgrass","GG1","ACMO","Helithodes_dimutiva",1,5,""
2024,5,2,"11_47","12_21","1","Goatgrass","GG1","LACA","Coenonympha_californica",1,2,""
2024,5,2,"11_47","12_21","1","Goatgrass","GG1","LACA","Panurginus_sp.",2,2,""
2024,5,2,"11_47","12_21","1","Goatgrass","GG1","LACA","Panurginus_sp.",2,2,""
2024,5,2,"11_47","12_21","1","Goatgrass","GG1","LACA","Panurginus_sp.",2,2,""
2024,5,2,"11_47","12_21","1","Goatgrass","GG1","LACA","Heliolonche_modiella",1,2,""
2024,5,2,"11_47","12_21","1","Goatgrass","GG1","LACA","Helithodes_dimutiva",1,2,""
2024,5,2,"11_47","12_21","1","Goatgrass","GG1","LACA","Panurginus_sp.",2,2,""
2024,5,2,"11_47","12_21","1","Goatgrass","GG1","LACA","Bombylius_major",1,3,""
2024,5,2,"11_47","12_21","1","Goatgrass","GG1","VIVI","Apis_mellifera",1,0,""
2024,5,2,"11_47","12_21","1","Goatgrass","GG1","TRLA","Listrus_sp._1",1,1,""
2024,5,2,"11_47","12_21","1","Goatgrass","GG1","VIVI","Apis_mellifera",1,0,""
2024,5,2,"11_47","12_21","1","Goatgrass","GG1","VIVI","Eucera_actuosa",2,0,""
2024,5,2,"11_47","12_21","1","Goatgrass","GG1","VIVI","Eucera_actuosa",2,0,""
2024,5,2,"11_47","12_21","1","Goatgrass","GG1","VIVI","Apis_mellifera",1,0,""
2024,5,2,"11_47","12_21","1","Goatgrass","GG1","LACA","BF1_Diptera",1,5,""
2024,5,2,"11_47","12_21","1","Goatgrass","GG1","LACA","BF1_Diptera",1,5,""
2024,5,2,"11_47","12_21","1","Goatgrass","GG1","RACA","BF1_Diptera",1,2,""
2024,5,2,"11_47","12_21","1","Goatgrass","GG1","LACA","BF1_Diptera",1,1,""
2024,5,2,"11_47","12_21","1","Goatgrass","GG1","TRFU","Eucera_actuosa",1,10,""
2024,5,2,"11_47","12_21","1","Goatgrass","GG1","TRFU","Coenonympha_californica",1,20,""
2024,5,2,"11_47","12_21","1","Goatgrass","GG1","LACA","Malachius_sp.",1,20,""
2024,5,2,"11_47","12_21","1","Goatgrass","GG1","LACA","Bombylius_major",1,20,""
2024,5,2,"11_47","12_21","1","Goatgrass","GG1","LACA","BF1_Diptera",1,20,""
2024,5,2,"11_47","12_21","1","Goatgrass","GG1","LACA","BF1_Diptera",1,30,""
2024,5,2,"11_47","12_21","1","Goatgrass","GG1","LACA","Anthrenus_sp.",1,40,""
2024,5,2,"11_47","12_21","1","Goatgrass","GG1","LACH","blue_beetle_Coleoptera",1,NA,""
2024,5,2,"11_47","12_21","1","Goatgrass","GG1","LACH","blue_beetle_Coleoptera",1,NA,""
2024,5,2,"11_47","12_21","1","Goatgrass","GG1","LACA","Nomada_hesperia",2,40,""
2024,5,2,"11_47","12_21","1","Goatgrass","GG1","LACA","Panurginus_sp.",1,40,""
2024,5,2,"11_47","12_21","1","Goatgrass","GG1","LACA","BF1_Diptera",1,50,""
2024,5,2,"1_32","1_53","1","Anu","A2","TRFU","Osmia_sp.",1,20,""
2024,5,2,"1_32","1_53","1","Anu","A2","TRLA","Listrus_sp._1",1,10,""
2024,5,2,"1_32","1_53","1","Anu","A2","TRLA","Andrena_dissona",1,10,""
2024,5,2,"1_32","1_53","1","Anu","A2","LACA","Anthrenus_sp.",1,50,""
2024,5,2,"1_32","1_53","1","Anu","A2","LACA","Listrus_sp._1",1,100,""
2024,5,2,"1_32","1_53","1","Anu","A2","LACA","Listrus_sp._1",1,60,""
2024,5,2,"1_32","1_53","1","Anu","A2","LACA","Listrus_sp._1",1,20,""
2024,5,2,"1_32","1_53","1","Anu","A2","VIVI","Apis_mellifera",1,0,""
2024,5,2,"1_32","1_53","1","Anu","A2","VIVI","Apis_mellifera",1,0,""
2024,5,2,"1_32","1_53","1","Anu","A2","VIVI","Apis_mellifera",1,0,""
2024,5,2,"1_32","1_53","1","Anu","A2","VIVI","Apis_mellifera",1,0,""
2024,5,2,"1_32","1_53","1","Anu","A2","VIVI","Apis_mellifera",1,0,""
2024,5,2,"1_32","1_53","1","Anu","A2","VIVI","Apis_mellifera",1,0,""
2024,5,2,"1_32","1_53","1","Anu","A2","VIVI","Apis_mellifera",1,0,""
2024,5,2,"1_32","1_53","1","Anu","A2","VIVI","Apis_mellifera",1,0,""
2024,5,2,"1_32","1_53","1","Anu","A2","VIVI","Apis_mellifera",1,0,""
2024,5,2,"1_32","1_53","1","Anu","A2","VIVI","Apis_mellifera",1,0,""
2024,5,2,"1_32","1_53","1","Anu","A2","VIVI","Apis_mellifera",1,0,""
2024,5,2,"1_32","1_53","1","Anu","A2","VIVI","Apis_mellifera",1,0,""
2024,5,2,"1_32","1_53","1","Anu","A2","VIVI","Apis_mellifera",1,0,""
2024,5,2,"1_32","1_53","1","Anu","A2","VIVI","Apis_mellifera",1,0,""
2024,5,2,"1_32","1_53","1","Anu","A2","VIVI","Apis_mellifera",1,0,""
2024,5,5,"10_31","10_48","1","Anu","A3","AGHE","Andrena_subchalybea",1,50,""
2024,5,5,"10_31","10_48","1","Anu","A3","AGHE","Andrena_subchalybea",1,50,""
2024,5,5,"10_31","10_48","1","Anu","A3","RACA","Listrus_sp._1",1,60,""
2024,5,5,"10_31","10_48","1","Anu","A3","TRLA","Listrus_sp._1",1,60,""
2024,5,5,"10_31","10_48","1","Anu","A3","VIVI","Bombus_melanopygus",7,0,""
2024,5,5,"10_31","10_48","1","Anu","A3","VIVI","Bombus_californicus",11,0,""
2024,5,5,"10_31","10_48","1","Anu","A3","VIVI","Bombus_melanopygus",1,0,""
2024,5,5,"10_31","10_48","1","Anu","A3","VIVI","Bombus_melanopygus",1,0,""
2024,5,5,"10_31","10_48","1","Anu","A3","VIVI","Bombus_melanopygus",3,0,""
2024,5,5,"10_31","10_48","1","Anu","A3","VIVI","Bombus_melanopygus",1,0,""
2024,5,5,"10_31","10_48","1","Anu","A3","VIVI","Bombus_melanopygus",1,0,""
2024,5,5,"10_31","10_48","1","Anu","A3","VIVI","Bombus_melanopygus",2,0,""
2024,5,5,"10_31","10_48","1","Anu","A3","VIVI","Bombus_melanopygus",1,0,""
2024,5,5,"10_31","10_48","1","Anu","A3","VIVI","Bombus_melanopygus",2,0,""
2024,5,5,"10_31","10_48","1","Anu","A3","VIVI","Bombus_melanopygus",3,0,""
2024,5,5,"10_31","10_48","1","Anu","A3","VIVI","Muscidae",1,0,""
2024,5,5,"10_31","10_48","1","Anu","A3","TRFU","Muscidae",1,0,""
2024,5,5,"10_31","10_48","1","Anu","A3","VIVI","Bombus_melanopygus",2,0,""
2024,5,5,"10_31","10_48","1","Anu","A3","AGHE","Andrena_subchalybea",1,10,""
2024,5,5,"10_51","11_14","1","Anu","A4","VIVI","Bombus_californicus",3,0,""
2024,5,5,"10_51","11_14","1","Anu","A4","VIVI","Anthophora_californica",2,0,""
2024,5,5,"10_51","11_14","1","Anu","A4","VIVI","Bombus_melanopygus",2,0,""
2024,5,5,"10_51","11_14","1","Anu","A4","VIVI","Bombus_melanopygus",1,0,""
2024,5,5,"10_51","11_14","1","Anu","A4","VIVI","Bombus_melanopygus",2,0,""
2024,5,5,"10_51","11_14","1","Anu","A4","VIVI","Bombus_vosnesenskii",1,0,""
2024,5,5,"10_51","11_14","1","Anu","A4","VIVI","Bombus_californicus",2,0,""
2024,5,5,"10_51","11_14","1","Anu","A4","VIVI","Bombus_californicus",5,0,""
2024,5,5,"10_51","11_14","1","Anu","A4","CARU","Scaeva_affinis",3,100,""
2024,5,5,"10_51","11_14","2","Anu","A4","LACA","Listrus_sp._1",1,110,""
2024,5,5,"10_51","11_14","2","Anu","A4","TRFU","Bombus_melanopygus",5,100,""
2024,5,5,"10_51","11_14","2","Anu","A4","AGHE","Andrena_sp.",1,100,""
2024,5,5,"10_51","11_14","2","Anu","A4","LACA","Erynnis_propertius",2,100,""
2024,5,5,"10_51","11_14","2","Anu","A4","LACA","Listrus_sp._1",1,10,""
2024,5,5,"10_51","11_14","2","Anu","A4","VIVI","Bombus_californicus",10,0,""
2024,5,5,"10_51","11_14","2","Anu","A4","VIVI","Bombus_melanopygus",2,0,""
2024,5,5,"10_51","11_14","2","Anu","A4","VIVI","Bombus_melanopygus",1,0,""
2024,5,5,"10_51","11_14","2","Anu","A4","VIVI","Bombus_melanopygus",1,0,""
2024,5,5,"10_51","11_14","2","Anu","A4","VIVI","Bombus_melanopygus",2,0,""
2024,5,5,"10_51","11_14","2","Anu","A4","VIVI","Bombus_melanopygus",1,0,""
2024,5,5,"10_51","11_14","2","Anu","A4","VIVI","Bombus_melanopygus",2,0,""
2024,5,5,"10_51","11_14","2","Anu","A4","VIVI","Bombus_vosnesenskii",2,0,""
2024,5,5,"12_15","12_40","1","Goatgrass","GG1","LACA","Cyrtopogon_sp.",1,50,""
2024,5,5,"12_15","12_40","1","Goatgrass","GG1","LACA","Andrena_subchalybea",1,50,""
2024,5,5,"12_15","12_40","1","Goatgrass","GG1","LACA","Tachnidae",1,40,""
2024,5,5,"12_15","12_40","1","Goatgrass","GG1","LACA","BF1_Diptera",1,40,""
2024,5,5,"12_15","12_40","1","Goatgrass","GG1","LACA","BF1_Diptera",1,40,""
2024,5,5,"12_15","12_40","1","Goatgrass","GG1","LACA","Bombylius_major",1,40,""
2024,5,5,"12_15","12_40","1","Goatgrass","GG1","LACA","Bombylius_major",1,40,""
2024,5,5,"12_15","12_40","1","Goatgrass","GG1","LACA","Panurginus_sp.",1,40,""
2024,5,5,"12_15","12_40","1","Goatgrass","GG1","LACA","Andrena_pallidifovea",1,35,""
2024,5,5,"12_15","12_40","1","Goatgrass","GG1","LACA","Nomada_hesperia",1,35,""
2024,5,5,"12_15","12_40","1","Goatgrass","GG1","LACA","Helithodes_dimutiva",1,35,""
2024,5,5,"12_15","12_40","1","Goatgrass","GG1","LACA","Andrena_sp.",2,30,""
2024,5,5,"12_15","12_40","1","Goatgrass","GG1","LACA","Andrena_pensilis",1,30,""
2024,5,5,"12_15","12_40","1","Goatgrass","GG1","LACA","Andrena_pensilis",1,25,""
2024,5,5,"12_15","12_40","1","Goatgrass","GG1","LACA","Bombylius_major",2,20,""
2024,5,5,"12_15","12_40","1","Goatgrass","GG1","LACA","Andrena_sp.",3,20,""
2024,5,5,"12_15","12_40","1","Goatgrass","GG1","LACA","Andrena_subchalybea",2,20,""
2024,5,5,"12_15","12_40","1","Goatgrass","GG1","LACA","Coenonympha_californica",1,5,""
2024,5,5,"12_15","12_40","1","Goatgrass","GG1","LACA","BF1_Diptera",1,10,""
2024,5,5,"12_15","12_40","1","Goatgrass","GG1","LACA","Nomada_obscurella",1,5,""
2024,5,5,"12_15","12_40","1","Goatgrass","GG1","LACA","Listrus_sp._1",1,5,""
2024,5,5,"12_15","12_40","1","Goatgrass","GG1","LACA","Helithodes_dimutiva",3,5,""
2024,5,5,"12_15","12_40","1","Goatgrass","GG1","LACA","Andrena_pensilis",2,5,""
2024,5,5,"12_15","12_40","1","Goatgrass","GG1","LACA","Andrena_pensilis",1,5,""
2024,5,5,"12_15","12_40","1","Goatgrass","GG1","LACA","Andrena_sp.",1,6,""
2024,5,5,"12_15","12_40","1","Goatgrass","GG1","AGHE","Andrena_subchalybea",1,0,""
2024,5,5,"12_15","12_40","1","Goatgrass","GG1","VIVI","Bombus_melanopygus",2,0,""
2024,5,5,"12_15","12_40","1","Goatgrass","GG1","VIVI","Bombus_melanopygus",1,0,""
2024,5,5,"12_15","12_40","1","Goatgrass","GG1","VIVI","Bombus_melanopygus",1,0,""
2024,5,5,"12_15","12_40","1","Goatgrass","GG1","VIVI","Bombus_melanopygus",1,0,""
2024,5,5,"12_15","12_40","1","Goatgrass","GG1","VIVI","Bombus_melanopygus",2,0,""
2024,5,5,"12_15","12_40","1","Goatgrass","GG1","LACA","Andrena_subchalybea",2,0,""
2024,5,5,"12_15","12_40","1","Goatgrass","GG1","LACA","Andrena_pensilis",1,1,""
2024,5,5,"12_15","12_40","1","Goatgrass","GG1","LACA","Listrus_sp._1",1,2,""
2024,5,5,"12_15","12_40","1","Goatgrass","GG1","LACA","Malachius_sp.",1,1,""
2024,5,5,"12_15","12_40","1","Goatgrass","GG1","LACA","Anthrenus_sp.",1,1,""
2024,5,5,"12_15","12_40","1","Goatgrass","GG1","ACMO","Sphaerophoria_sp.",2,5,""
2024,5,5,"12_15","12_40","1","Goatgrass","GG1","ACMO","Helithodes_dimutiva",1,5,""
2024,5,5,"12_15","12_40","1","Goatgrass","GG1","TRLA","Bombus_vosnesenskii",5,35,""
2024,5,5,"12_15","12_40","1","Goatgrass","GG1","LACA","BF1_Diptera",1,40,""
2024,5,5,"12_46","1_29","1","Coyote","C1","VIVI","Bombus_melanopygus",3,0,""
2024,5,5,"12_46","1_29","1","Coyote","C1","VIVI","Bombus_melanopygus",1,0,""
2024,5,5,"12_46","1_29","1","Coyote","C1","VIVI","Bombus_melanopygus",1,0,""
2024,5,5,"12_46","1_29","1","Coyote","C1","VIVI","Apis_mellifera",5,0,""
2024,5,5,"12_46","1_29","1","Coyote","C1","VIVI","Bombus_melanopygus",4,0,""
2024,5,5,"12_46","1_29","1","Coyote","C1","VIVI","Bombus_melanopygus",2,0,""
2024,5,5,"12_46","1_29","1","Coyote","C1","EUSP","Scaeva_affinis",1,0,""
2024,5,5,"12_46","1_29","1","Coyote","C1","Ranunculus sp.","Malachius_sp.",1,0,""
2024,5,5,"12_46","1_29","1","Coyote","C1","VIVI","Bombus_melanopygus",2,0,""
2024,5,5,"12_46","1_29","1","Coyote","C1","VIVI","Bombus_melanopygus",3,0,""
2024,5,5,"12_46","1_29","1","Coyote","C1","VIVI","Bombus_melanopygus",2,0,""
2024,5,5,"12_46","1_29","1","Coyote","C1","VIVI","Bombus_melanopygus",3,0,""
2024,5,5,"12_46","1_29","1","Coyote","C1","VIVI","Bombus_melanopygus",1,0,""
2024,5,5,"12_46","1_29","1","Coyote","C1","VIVI","Bombus_melanopygus",1,0,""
2024,5,5,"12_46","1_29","1","Coyote","C1","VIVI","Bombus_melanopygus",1,0,""
2024,5,5,"12_46","1_29","1","Coyote","C1","VIVI","Bombus_melanopygus",1,0,""
2024,5,5,"12_46","1_29","1","Coyote","C1","VIVI","Bombus_melanopygus",1,0,""
2024,5,5,"12_46","1_29","1","Coyote","C1","VIVI","Bombus_melanopygus",1,0,""
2024,5,5,"12_46","1_29","1","Coyote","C1","VIVI","Bombus_melanopygus",2,0,""
2024,5,5,"12_46","1_29","1","Coyote","C1","VIVI","Bombus_melanopygus",1,0,""
2024,5,5,"12_46","1_29","1","Coyote","C1","VIVI","Bombus_melanopygus",2,0,""
2024,5,5,"12_46","1_29","1","Coyote","C1","VIVI","Bombus_melanopygus",2,0,""
2024,5,5,"12_46","1_29","1","Coyote","C1","VIVI","Bombus_melanopygus",2,0,""
2024,5,5,"12_46","1_29","1","Coyote","C1","VIVI","Bombus_melanopygus",2,0,""
2024,5,5,"12_46","1_29","1","Coyote","C1","VIVI","Bombus_melanopygus",5,0,""
2024,5,5,"12_46","1_29","1","Coyote","C1","VIVI","Bombus_melanopygus",1,0,""
2024,5,5,"12_46","1_29","1","Coyote","C1","VIVI","Bombus_melanopygus",1,0,""
2024,5,5,"12_46","1_29","1","Coyote","C1","VIVI","Bombus_melanopygus",1,0,""
2024,5,5,"12_46","1_29","1","Coyote","C1","VIVI","Bombus_melanopygus",2,0,""
2024,5,5,"12_46","1_29","1","Coyote","C1","VIVI","Bombus_melanopygus",2,0,""
2024,5,5,"12_46","1_29","1","Coyote","C1","VIVI","Bombus_melanopygus",2,0,""
2024,5,5,"12_46","1_29","1","Coyote","C1","VIVI","Bombus_melanopygus",2,0,""
2024,5,5,"12_46","1_29","1","Coyote","C1","VIVI","Bombus_melanopygus",1,0,""
2024,5,5,"12_46","1_29","1","Coyote","C1","VIVI","Bombus_melanopygus",1,0,""
2024,5,5,"12_46","1_29","1","Coyote","C1","VIVI","Bombus_melanopygus",1,0,""
2024,5,5,"12_46","1_29","1","Coyote","C1","VIVI","Bombus_melanopygus",1,0,""
2024,5,5,"12_46","1_29","1","Coyote","C1","VIVI","Bombus_melanopygus",1,0,""
2024,5,5,"12_46","1_29","1","Coyote","C1","VIVI","Bombus_melanopygus",2,0,""
2024,5,5,"12_46","1_29","1","Coyote","C1","Ranunculus sp.","Panurginus_sp.",1,0,""
2024,5,5,"12_46","1_29","1","Coyote","C1","VIVI","Bombus_melanopygus",1,0,""
2024,5,5,"12_46","1_29","1","Coyote","C1","VIVI","Bombus_melanopygus",1,0,""
2024,5,5,"12_46","1_29","1","Coyote","C1","VIVI","Bombus_vosnesenskii",1,0,""
2024,5,5,"12_46","1_29","2","Coyote","C1","VIVI","Bombus_melanopygus",2,0,""
2024,5,5,"12_46","1_29","2","Coyote","C1","VIVI","Bombus_melanopygus",2,0,""
2024,5,5,"12_46","1_29","2","Coyote","C1","VIVI","Bombus_melanopygus",2,0,""
2024,5,5,"12_46","1_29","2","Coyote","C1","VIVI","Bombus_melanopygus",2,0,""
2024,5,5,"12_46","1_29","2","Coyote","C1","VIVI","Bombus_melanopygus",2,0,""
2024,5,5,"12_46","1_29","2","Coyote","C1","VIVI","Bombus_melanopygus",2,0,""
2024,5,5,"12_46","1_29","2","Coyote","C1","VIVI","Bombus_melanopygus",2,0,""
2024,5,5,"12_46","1_29","2","Coyote","C1","VIVI","Bombus_melanopygus",2,0,""
2024,5,5,"12_46","1_29","2","Coyote","C1","VIVI","Bombus_melanopygus",5,0,""
2024,5,5,"12_46","1_29","2","Coyote","C1","VIVI","Bombus_melanopygus",2,0,""
2024,5,5,"12_46","1_29","2","Coyote","C1","VIVI","Bombus_melanopygus",1,0,""
2024,5,5,"12_46","1_29","2","Coyote","C1","VIVI","Bombus_melanopygus",2,0,""
2024,5,5,"12_46","1_29","2","Coyote","C1","VIVI","Bombus_vosnesenskii",2,0,""
2024,5,5,"12_46","1_29","2","Coyote","C1","VIVI","Bombus_melanopygus",1,0,""
2024,5,5,"12_46","1_29","2","Coyote","C1","VIVI","Bombus_melanopygus",1,0,""
2024,5,5,"12_46","1_29","2","Coyote","C1","VIVI","Bombus_melanopygus",1,0,""
2024,5,5,"12_46","1_29","2","Coyote","C1","VIVI","Bombus_melanopygus",1,0,""
2024,5,5,"12_46","1_29","2","Coyote","C1","VIVI","Bombus_melanopygus",1,0,""
2024,5,5,"12_46","1_29","2","Coyote","C1","VIVI","Bombus_melanopygus",2,0,""
2024,5,5,"12_46","1_29","2","Coyote","C1","VIVI","Bombus_melanopygus",1,0,""
2024,5,5,"12_46","1_29","2","Coyote","C1","VIVI","Bombus_vosnesenskii",1,0,""
2024,5,5,"12_46","1_29","2","Coyote","C1","DEVA","Bombus_californicus",1,0,""
2024,5,5,"12_46","1_29","2","Coyote","C1","DEVA","Bombus_californicus",1,0,""
2024,5,5,"12_46","1_29","2","Coyote","C1","VIVI","Bombus_vosnesenskii",1,0,""
2024,5,5,"12_46","1_29","2","Coyote","C1","VIVI","Bombus_californicus",1,0,""
2024,5,5,"12_46","1_29","2","Coyote","C1","DEVA","Bombus_californicus",1,0,""
2024,5,5,"12_46","1_29","2","Coyote","C1","VIVI","Bombus_californicus",1,0,""
2024,5,5,"12_46","1_29","2","Coyote","C1","DEVA","Bombus_californicus",2,0,""
2024,5,5,"12_46","1_29","2","Coyote","C1","VIVI","Bombus_melanopygus",1,0,""
2024,5,5,"12_46","1_29","2","Coyote","C1","VIVI","Bombus_melanopygus",2,0,""
2024,5,5,"12_46","1_29","2","Coyote","C1","VIVI","Bombus_melanopygus",2,0,""
2024,5,5,"12_46","1_29","2","Coyote","C1","VIVI","Bombus_melanopygus",1,0,""
2024,5,5,"12_46","1_29","2","Coyote","C1","VIVI","Bombus_vosnesenskii",3,0,""
2024,5,5,"12_46","1_29","2","Coyote","C1","VIVI","Bombus_melanopygus",3,0,""
2024,5,5,"12_46","1_29","2","Coyote","C1","VIVI","Bombus_melanopygus",1,0,""
2024,5,5,"12_46","1_29","2","Coyote","C1","VIVI","Bombus_melanopygus",1,0,""
2024,5,5,"12_46","1_29","2","Coyote","C1","VIVI","Bombus_melanopygus",1,0,""
2024,5,5,"12_46","1_29","2","Coyote","C1","VIVI","Bombus_melanopygus",1,0,""
2024,5,5,"12_46","1_29","2","Coyote","C1","VIVI","Bombus_melanopygus",2,0,""
2024,5,5,"12_46","1_29","2","Coyote","C1","VIVI","Bombus_melanopygus",1,0,""
2024,5,5,"12_46","1_29","2","Coyote","C1","VIVI","Bombus_melanopygus",1,0,""
2024,5,5,"12_46","1_29","2","Coyote","C1","VIVI","Bombus_californicus",2,0,""
2024,5,5,"12_46","1_29","2","Coyote","C1","VIVI","Apis_mellifera",1,0,""
2024,5,5,"12_46","1_29","2","Coyote","C1","VIVI","Bombus_melanopygus",3,0,""
2024,5,5,"12_46","1_29","2","Coyote","C1","VIVI","Bombus_melanopygus",2,0,""
2024,5,5,"12_46","1_29","2","Coyote","C1","VIVI","Bombus_melanopygus",2,0,""
2024,5,5,"12_46","1_29","2","Coyote","C1","VIVI","Bombus_vosnesenskii",NA,0,""
2024,5,5,"12_46","1_29","2","Coyote","C1","VIVI","Bombus_melanopygus",1,0,""
2024,5,5,"12_46","1_29","2","Coyote","C1","VIVI","Bombus_melanopygus",5,0,""
2024,5,5,"12_46","1_29","2","Coyote","C1","Ranunculus sp.","Andrena_subchalybea",1,0,""
2024,5,5,"12_46","1_29","2","Coyote","C1","VIVI","Bombus_melanopygus",2,0,""
2024,5,5,"12_46","1_29","2","Coyote","C1","VIVI","Bombus_melanopygus",3,0,""
2024,5,5,"12_46","1_29","2","Coyote","C1","VIVI","Bombus_melanopygus",3,0,""
2024,5,5,"12_46","1_29","2","Coyote","C1","VIVI","Bombus_crotchii",2,0,""
2024,5,5,"12_46","1_29","2","Coyote","C1","VIVI","Bombus_melanopygus",2,0,""
2024,5,5,"12_46","1_29","2","Coyote","C1","VIVI","Bombus_melanopygus",2,0,""
2024,5,5,"12_46","1_29","2","Coyote","C1","VIVI","Bombus_melanopygus",1,0,""
2024,5,5,"12_46","1_29","2","Coyote","C1","VIVI","Bombus_vosnesenskii",2,0,""
2024,5,5,"12_46","1_29","2","Coyote","C1","VIVI","Bombus_melanopygus",2,0,""
2024,5,5,"12_46","1_29","2","Coyote","C1","VIVI","Bombus_melanopygus",1,0,""
2024,5,5,"12_46","1_29","2","Coyote","C1","VIVI","Bombus_melanopygus",1,0,""
2024,5,5,"12_46","1_29","2","Coyote","C1","VIVI","Apis_mellifera",1,0,""
2024,5,5,"12_46","1_29","2","Coyote","C1","VIVI","Bombus_melanopygus",2,0,""
2024,5,5,"12_46","1_29","2","Coyote","C1","VIVI","Bombus_vosnesenskii",3,0,""
2024,5,5,"12_46","1_29","2","Coyote","C1","EUSP","Silvius_gigantulus",2,0,""
2024,5,5,"12_46","1_29","2","Coyote","C1","VIVI","Bombus_melanopygus",2,0,""
2024,5,5,"12_46","1_29","2","Coyote","C1","VIVI","Bombus_melanopygus",1,0,""
2024,5,5,"12_46","1_29","2","Coyote","C1","VIVI","Apis_mellifera",1,0,""
2024,5,5,"12_46","1_29","2","Coyote","C1","VIVI","Bombus_melanopygus",2,0,""
2024,5,5,"12_46","1_29","2","Coyote","C1","VIVI","Bombus_melanopygus",2,0,""
2024,5,5,"12_46","1_29","2","Coyote","C1","VIVI","Bombus_melanopygus",2,0,""
2024,5,5,"12_46","1_29","2","Coyote","C1","VIVI","Bombus_melanopygus",1,0,""
2024,5,5,"12_46","1_29","2","Coyote","C1","VIVI","Bombus_melanopygus",2,0,""
2024,5,5,"12_46","1_29","2","Coyote","C1","VIVI","Bombus_melanopygus",2,0,""
2024,5,5,"12_46","1_29","2","Coyote","C1","VIVI","Bombus_melanopygus",2,0,""
2024,5,5,"12_46","1_29","2","Coyote","C1","VIVI","Bombus_vosnesenskii",1,0,""
2024,5,5,"12_46","1_29","2","Coyote","C1","VIVI","Bombus_melanopygus",2,0,""
2024,5,5,"12_46","1_29","2","Coyote","C1","VIVI","Bombus_melanopygus",2,0,""
2024,5,5,"12_46","1_29","2","Coyote","C1","VIVI","Bombus_melanopygus",2,0,""
2024,5,5,"12_46","1_29","2","Coyote","C1","VIVI","Bombus_melanopygus",3,0,""
2024,5,5,"12_46","1_29","2","Coyote","C1","VIVI","Bombus_melanopygus",1,0,""
2024,5,5,"2_01","2_19","1","Aikawa","AI","VIVI","Xylocopa_sonorina",3,0,""
2024,5,5,"2_01","2_19","1","Aikawa","AI","VIVI","Bombus_melanopygus",1,0,""
2024,5,5,"2_01","2_19","1","Aikawa","AI","VIVI","Bombus_melanopygus",1,0,""
2024,5,5,"2_01","2_19","2","Aikawa","AI","WYAN","Bombus_melanopygus",2,1,""
2024,5,5,"2_01","2_19","2","Aikawa","AI","WYAN","Brachysomida_californica",1,1,""
2024,5,5,"2_01","2_19","2","Aikawa","AI","Sidalcea_sp.","Diadasia_nigrifrons",1,20,""
2024,5,5,"2_01","2_19","2","Aikawa","AI","RACA","Listrus_sp._1",1,40,""
2024,5,5,"2_01","2_19","2","Aikawa","AI","TRFU","Listrus_sp._1",1,30,"20"
2024,5,5,"2_01","2_19","2","Aikawa","AI","RACA","Listrus_sp._1",1,40,""
2024,5,5,"2_01","2_19","2","Aikawa","AI","AGHE","Listrus_sp._1",1,50,""
2024,5,5,"2_01","2_19","2","Aikawa","AI","AGHE","Listrus_sp._1",1,50,""
2024,5,5,"2_01","2_19","2","Aikawa","AI","AGHE","Listrus_sp._1",1,50,""
2024,5,6,"8_47","9_20","1","Goatgrass","GG1","AGHE","Heliolonche_modiella",1,50,""
2024,5,6,"8_47","9_20","1","Goatgrass","GG1","AGHE","Andrena_subchalybea",1,50,""
2024,5,6,"8_47","9_20","1","Goatgrass","GG1","AGHE","Malachius_sp.",1,50,""
2024,5,6,"8_47","9_20","1","Goatgrass","GG1","AGHE","Andrena_subchalybea",1,50,""
2024,5,6,"8_47","9_20","1","Goatgrass","GG1","AGHE","Andrena_subchalybea",2,50,""
2024,5,6,"8_47","9_20","1","Goatgrass","GG1","AGHE","Andrena_subchalybea",1,35,""
2024,5,6,"8_47","9_20","1","Goatgrass","GG1","AGHE","Andrena_subchalybea",1,35,""
2024,5,6,"8_47","9_20","1","Goatgrass","GG1","LACA","Cyrtopogon_sp.",2,35,""
2024,5,6,"8_47","9_20","1","Goatgrass","GG1","AGHE","Heliolonche_modiella",1,10,""
2024,5,6,"8_47","9_20","1","Goatgrass","GG1","VIVI","Bombus_melanopygus",9,0,""
2024,5,6,"8_47","9_20","1","Goatgrass","GG1","VIVI","Bombus_melanopygus",2,0,""
2024,5,6,"8_47","9_20","1","Goatgrass","GG1","VIVI","Bombus_melanopygus",2,0,""
2024,5,6,"8_47","9_20","1","Goatgrass","GG1","VIVI","Bombus_melanopygus",2,0,""
2024,5,6,"8_47","9_20","1","Goatgrass","GG1","VIVI","Bombus_melanopygus",2,0,""
2024,5,6,"8_47","9_20","1","Goatgrass","GG1","VIVI","Bombus_melanopygus",3,0,""
2024,5,6,"8_47","9_20","1","Goatgrass","GG1","VIVI","Bombus_melanopygus",1,0,""
2024,5,6,"8_47","9_20","1","Goatgrass","GG1","VIVI","Bombus_melanopygus",1,0,""
2024,5,6,"8_47","9_20","1","Goatgrass","GG1","VIVI","Bombus_melanopygus",1,0,""
2024,5,6,"8_47","9_20","1","Goatgrass","GG1","VIVI","Bombus_melanopygus",1,0,""
2024,5,6,"8_47","9_20","1","Goatgrass","GG1","VIVI","Bombus_melanopygus",1,0,""
2024,5,6,"8_47","9_20","1","Goatgrass","GG1","VIVI","Bombus_melanopygus",2,0,""
2024,5,6,"8_47","9_20","1","Goatgrass","GG1","VIVI","Bombus_melanopygus",2,0,""
2024,5,6,"8_47","9_20","1","Goatgrass","GG1","VIVI","Bombus_melanopygus",1,0,""
2024,5,6,"8_47","9_20","1","Goatgrass","GG1","VIVI","Bombus_melanopygus",1,0,""
2024,5,6,"8_47","9_20","1","Goatgrass","GG1","AGHE","Andrena_subchalybea",1,1,""
2024,5,6,"8_47","9_20","1","Goatgrass","GG1","AGHE","Andrena_subchalybea",2,2,""
2024,5,6,"8_47","9_20","1","Goatgrass","GG1","AGHE","Andrena_subchalybea",2,2,""
2024,5,6,"8_47","9_20","1","Goatgrass","GG1","AGHE","Andrena_dissona",1,2,""
2024,5,6,"8_47","9_20","1","Goatgrass","GG1","AGHE","Andrena_subchalybea",1,2,""
2024,5,6,"8_47","9_20","1","Goatgrass","GG1","AGHE","Heliolonche_modiella",1,0,""
2024,5,6,"8_47","9_20","1","Goatgrass","GG1","AGHE","Malachius_sp.",1,0,""
2024,5,6,"8_47","9_20","1","Goatgrass","GG1","AGHE","Andrena_dissona",1,0,""
2024,5,6,"8_47","9_20","1","Goatgrass","GG1","AGHE","Heliolonche_modiella",1,0,""
2024,5,6,"8_47","9_20","1","Goatgrass","GG1","AGHE","Andrena_subchalybea",1,0,""
2024,5,6,"8_47","9_20","1","Goatgrass","GG1","AGHE","Andrena_subchalybea",1,0,""
2024,5,6,"8_47","9_20","1","Goatgrass","GG1","DEHE","Calypte_anna",1,10,""
2024,5,6,"8_47","9_20","1","Goatgrass","GG1","DEVA","Calypte_anna",1,10,""
2024,5,6,"8_47","9_20","1","Goatgrass","GG1","AGHE","Heliolonche_modiella",1,5,""
2024,5,6,"8_47","9_20","1","Goatgrass","GG1","AGHE","Andrena_subchalybea",2,5,""
2024,5,6,"8_47","9_20","1","Goatgrass","GG1","AGHE","Andrena_subchalybea",1,5,""
2024,5,6,"8_47","9_20","1","Goatgrass","GG1","AGHE","Andrena_subchalybea",1,5,""
2024,5,6,"8_47","9_20","1","Goatgrass","GG1","TRFU","Bombus_vosnesenskii",6,25,""
2024,5,6,"8_47","9_20","1","Goatgrass","GG1","AGHE","Andrena_subchalybea",1,25,""
2024,5,6,"8_47","9_20","1","Goatgrass","GG1","AGHE","Andrena_subchalybea",1,30,""
2024,5,6,"8_47","9_20","1","Goatgrass","GG1","AGHE","Coenonympha_californica",2,30,""
2024,5,6,"8_47","9_20","1","Goatgrass","GG1","AGHE","Andrena_subchalybea",1,30,""
2024,5,6,"8_47","9_20","1","Goatgrass","GG1","AGHE","Andrena_subchalybea",1,30,""
2024,5,6,"8_47","9_20","1","Goatgrass","GG1","AGHE","Andrena_subchalybea",1,40,""
2024,5,6,"8_47","9_20","1","Goatgrass","GG1","AGHE","Andrena_subchalybea",1,40,""
2024,5,6,"8_47","9_20","1","Goatgrass","GG1","TRFU","Bombus_californicus",10,40,""
2024,5,6,"8_47","9_20","1","Goatgrass","GG1","AGHE","Listrus_sp._1",1,40,""
2024,5,6,"8_47","9_20","1","Goatgrass","GG1","AGHE","Coenonympha_californica",1,40,""
2024,5,6,"8_47","9_20","1","Goatgrass","GG1","AGHE","Andrena_subchalybea",1,40,""
2024,5,6,"8_47","9_20","1","Goatgrass","GG1","AGHE","Andrena_subchalybea",1,40,""
2024,5,6,"8_47","9_20","1","Goatgrass","GG1","LACA","Syrphidae",1,45,""
2024,5,6,"9_53","10_18","1","Aikawa","AI","VIVI","Bombus_melanopygus",10,0,""
2024,5,6,"9_53","10_18","1","Aikawa","AI","VIVI","Bombus_vosnesenskii",4,0,""
2024,5,6,"9_53","10_18","1","Aikawa","AI","VIVI","Muscidae",1,0,""
2024,5,6,"9_53","10_18","1","Aikawa","AI","VIVI","Anthophora_crotchii",1,0,""
2024,5,6,"9_53","10_18","1","Aikawa","AI","VIVI","Bombus_californicus",2,0,""
2024,5,6,"9_53","10_18","1","Aikawa","AI","AGHE","Andrena_subchalybea",1,0,""
2024,5,6,"9_53","10_18","1","Aikawa","AI","AGHE","Sphaerophoria_sp.",1,0,""
2024,5,6,"9_53","10_18","1","Aikawa","AI","VIVI","Bombus_melanopygus",1,0,""
2024,5,6,"9_53","10_18","2","Aikawa","AI","LACA","Listrus_sp._1",1,20,""
2024,5,6,"9_53","10_18","2","Aikawa","AI","WYAN","Andrena_pensilis",1,30,""
2024,5,6,"9_53","10_18","2","Aikawa","AI","WYAN","Andrena_pensilis",1,30,""
2024,5,6,"9_53","10_18","2","Aikawa","AI","AGHE","Sphaerophoria_sp.",1,30,""
2024,5,6,"9_53","10_18","2","Aikawa","AI","LACA","Malachius_sp.",1,30,""
2024,5,6,"9_53","10_18","2","Aikawa","AI","LACA","Andrena_baeriae",1,30,""
2024,5,6,"9_53","10_18","2","Aikawa","AI","RACA","Listrus_sp._1",1,10,""
2024,5,6,"9_53","10_18","2","Aikawa","AI","TRFU","Listrus_sp._1",1,10,""
2024,5,6,"9_53","10_18","2","Aikawa","AI","DEVA","Bombus_vosnesenskii",1,50,""
2024,5,6,"9_53","10_18","2","Aikawa","AI","RACA","Listrus_sp._1",1,100,""
2024,5,6,"9_53","10_18","2","Aikawa","AI","RACA","Listrus_sp._1",1,100,""
2024,5,6,"9_53","10_18","2","Aikawa","AI","RACA","Listrus_sp._1",1,100,""
2024,5,6,"9_53","10_18","2","Aikawa","AI","RACA","Listrus_sp._1",1,100,""
2024,5,6,"9_53","10_18","2","Aikawa","AI","RACA","Listrus_sp._1",1,100,""
2024,5,6,"11_20","11_40","1","Anu","A3","TRLA","Apis_mellifera",1,20,""
2024,5,6,"11_20","11_40","1","Anu","A3","TRFU","Bombus_vosnesenskii",24,20,""
2024,5,6,"11_20","11_40","1","Anu","A3","TRLA","Apis_mellifera",3,20,""
2024,5,6,"11_20","11_40","1","Anu","A3","TRFU","Listrus_sp._1",1,20,""
2024,5,6,"11_20","11_40","1","Anu","A3","TRFU","Coenonympha_californica",1,20,""
2024,5,6,"11_20","11_40","1","Anu","A3","TRLA","Listrus_sp._1",1,10,""
2024,5,6,"11_20","11_40","1","Anu","A3","TRLA","Apis_mellifera",3,10,""
2024,5,6,"11_20","11_40","1","Anu","A3","VIVI","Osmia_sp.",1,0,""
2024,5,6,"11_20","11_40","1","Anu","A3","VIVI","Apis_mellifera",1,0,""
2024,5,6,"11_20","11_40","1","Anu","A3","VIVI","Bombus_vosnesenskii",5,0,""
2024,5,6,"11_20","11_40","1","Anu","A3","VIVI","Bombus_melanopygus",1,0,""
2024,5,6,"11_20","11_40","1","Anu","A3","VIVI","Apis_mellifera",3,0,""
2024,5,6,"11_20","11_40","1","Anu","A3","VIVI","Apis_mellifera",1,0,""
2024,5,6,"11_20","11_40","1","Anu","A3","VIVI","Apis_mellifera",2,0,""
2024,5,6,"11_20","11_40","1","Anu","A3","VIVI","Bombus_melanopygus",2,0,""
2024,5,6,"11_20","11_40","1","Anu","A3","VIVI","Apis_mellifera",1,0,""
2024,5,6,"11_20","11_40","1","Anu","A3","VIVI","Bombus_vosnesenskii",3,0,""
2024,5,6,"11_20","11_40","1","Anu","A3","VIVI","Apis_mellifera",1,0,""
2024,5,6,"11_20","11_40","1","Anu","A3","VIVI","Bombus_melanopygus",1,0,""
2024,5,6,"11_20","11_40","1","Anu","A3","VIVI","Bombus_melanopygus",4,0,""
2024,5,6,"11_20","11_40","1","Anu","A3","VIVI","Apis_mellifera",2,0,""
2024,5,6,"11_20","11_40","1","Anu","A3","VIVI","Apis_mellifera",2,0,""
2024,5,6,"11_20","11_40","1","Anu","A3","VIVI","Apis_mellifera",2,0,""
2024,5,6,"11_20","11_40","1","Anu","A3","VIVI","Apis_mellifera",2,0,""
2024,5,6,"11_20","11_40","1","Anu","A3","VIVI","Apis_mellifera",2,0,""
2024,5,6,"11_20","11_40","1","Anu","A3","VIVI","Bombus_vosnesenskii",1,0,""
2024,5,6,"11_20","11_40","1","Anu","A3","VIVI","Bombus_melanopygus",1,0,""
2024,5,6,"11_20","11_40","1","Anu","A3","VIVI","Bombus_melanopygus",1,0,""
2024,5,6,"11_20","11_40","1","Anu","A3","VIVI","Bombus_melanopygus",2,0,""
2024,5,6,"11_20","11_40","1","Anu","A3","VIVI","Bombus_melanopygus",2,0,""
2024,5,6,"11_20","11_40","1","Anu","A3","VIVI","Bombus_melanopygus",2,0,""
2024,5,6,"11_20","11_40","1","Anu","A3","VIVI","Bombus_melanopygus",2,0,""
2024,5,6,"11_20","11_40","1","Anu","A3","VIVI","Bombus_melanopygus",1,0,""
2024,5,6,"11_20","11_40","1","Anu","A3","VIVI","Apis_mellifera",1,0,""
2024,5,6,"11_20","11_40","1","Anu","A3","VIVI","Bombus_melanopygus",1,0,""
2024,5,6,"11_20","11_40","1","Anu","A3","VIVI","Bombus_melanopygus",1,0,""
2024,5,6,"11_20","11_40","1","Anu","A3","VIVI","Apis_mellifera",3,0,""
2024,5,6,"11_20","11_40","1","Anu","A3","VIVI","Bombus_melanopygus",1,0,""
2024,5,6,"11_20","11_40","1","Anu","A3","VIVI","Bombus_californicus",23,0,""
2024,5,6,"11_20","11_40","1","Anu","A3","VIVI","Apis_mellifera",1,0,""
2024,5,6,"11_20","11_40","1","Anu","A3","VIVI","Apis_mellifera",1,0,""
2024,5,6,"11_20","11_40","1","Anu","A3","VIVI","Bombus_melanopygus",2,0,""
2024,5,6,"11_20","11_40","1","Anu","A3","VIVI","Apis_mellifera",1,0,""
2024,5,6,"11_20","11_40","1","Anu","A3","VIVI","Apis_mellifera",2,0,""
2024,5,6,"11_20","11_40","1","Anu","A3","VIVI","Sphex_sp.",1,0,""
2024,5,6,"11_20","11_40","1","Anu","A3","TRLA","Listrus_sp._1",1,0,""
2024,5,6,"11_20","11_40","1","Anu","A3","VIVI","Apis_mellifera",2,0,""
2024,5,6,"11_20","11_40","1","Anu","A3","VIVI","Apis_mellifera",2,0,""
2024,5,6,"11_20","11_40","1","Anu","A3","VIVI","Bombus_melanopygus",2,0,""
2024,5,6,"11_20","11_40","1","Anu","A3","VIVI","Bombus_melanopygus",1,0,""
2024,5,6,"11_42","12_15","1","Anu","A4","VIVI","Bombus_californicus",2,0,""
2024,5,6,"11_42","12_15","1","Anu","A4","VIVI","Bombus_melanopygus",1,0,""
2024,5,6,"11_42","12_15","1","Anu","A4","VIVI","Bombus_melanopygus",2,0,""
2024,5,6,"11_42","12_15","1","Anu","A4","VIVI","Apis_mellifera",1,0,""
2024,5,6,"11_42","12_15","1","Anu","A4","VIVI","Bombus_melanopygus",1,0,""
2024,5,6,"11_42","12_15","1","Anu","A4","VIVI","Bombus_californicus",5,0,""
2024,5,6,"11_42","12_15","1","Anu","A4","VIVI","Bombus_vosnesenskii",3,0,""
2024,5,6,"11_42","12_15","1","Anu","A4","VIVI","Apis_mellifera",1,0,""
2024,5,6,"11_42","12_15","1","Anu","A4","VIVI","Bombus_melanopygus",2,0,""
2024,5,6,"11_42","12_15","1","Anu","A4","TRFU","Bombus_californicus",18,0,""
2024,5,6,"11_42","12_15","1","Anu","A4","VIVI","Bombus_californicus",1,0,""
2024,5,6,"11_42","12_15","1","Anu","A4","TRFU","Bombus_californicus",1,0,""
2024,5,6,"11_42","12_15","1","Anu","A4","VIVI","Bombus_melanopygus",1,0,""
2024,5,6,"11_42","12_15","1","Anu","A4","TRFU","Bombus_californicus",17,0,""
2024,5,6,"11_42","12_15","1","Anu","A4","VIVI","Bombus_californicus",3,0,""
2024,5,6,"11_42","12_15","1","Anu","A4","TRFU","Listrus_sp._1",1,5,""
2024,5,6,"11_42","12_15","2","Anu","A4","LACA","Listrus_sp._1",1,100,""
2024,5,6,"11_42","12_15","2","Anu","A4","LACA","Listrus_sp._1",1,100,""
2024,5,6,"11_42","12_15","2","Anu","A4","LACA","Listrus_sp._1",1,100,""
2024,5,6,"11_42","12_15","2","Anu","A4","LACA","BF1_Diptera",1,100,""
2024,5,6,"11_42","12_15","2","Anu","A4","LACA","Listrus_sp._1",1,70,""
2024,5,6,"11_42","12_15","2","Anu","A4","TRFU","Osmia_nemoris",1,50,""
2024,5,6,"11_42","12_15","2","Anu","A4","LACA","Helithodes_dimutiva",1,50,""
2024,5,6,"11_42","12_15","2","Anu","A4","TRFU","Bombus_californicus",6,50,""
2024,5,6,"11_42","12_15","2","Anu","A4","LACA","Andrena_dissona",1,10,""
2024,5,6,"11_42","12_15","2","Anu","A4","VIVI","Bombus_melanopygus",3,0,""
2024,5,6,"11_42","12_15","2","Anu","A4","VIVI","Bombus_melanopygus",2,0,""
2024,5,6,"11_42","12_15","2","Anu","A4","VIVI","Apis_mellifera",3,0,""
2024,5,6,"11_42","12_15","2","Anu","A4","VIVI","Bombus_melanopygus",1,0,""
2024,5,6,"11_42","12_15","2","Anu","A4","VIVI","Bombus_melanopygus",1,0,""
2024,5,6,"11_42","12_15","2","Anu","A4","VIVI","Eucera_actuosa",1,0,""
2024,5,6,"11_42","12_15","2","Anu","A4","VIVI","Apis_mellifera",1,0,""
2024,5,6,"11_42","12_15","2","Anu","A4","VIVI","Bombus_melanopygus",3,0,""
2024,5,6,"11_42","12_15","2","Anu","A4","VIVI","Bombus_vosnesenskii",2,0,""
2024,5,6,"11_42","12_15","2","Anu","A4","VIVI","Bombus_vosnesenskii",1,0,""
2024,5,6,"11_42","12_15","2","Anu","A4","VIVI","Apis_mellifera",1,0,""
2024,5,6,"11_42","12_15","2","Anu","A4","VIVI","Bombus_californicus",5,0,""
2024,5,6,"11_42","12_15","2","Anu","A4","VIVI","Apis_mellifera",1,0,""
2024,5,6,"11_42","12_15","2","Anu","A4","VIVI","Apis_mellifera",1,0,""
2024,5,6,"11_42","12_15","2","Anu","A4","VIVI","Bombus_californicus",1,0,""
2024,5,6,"11_42","12_15","2","Anu","A4","TRFU","Bombus_californicus",4,0,""
2024,5,6,"11_42","12_15","2","Anu","A4","VIVI","Apis_mellifera",1,0,""
2024,5,6,"11_42","12_15","2","Anu","A4","VIVI","Apis_mellifera",2,0,""
2024,5,6,"11_42","12_15","2","Anu","A4","VIVI","Coenonympha_californica",1,0,""
2024,5,6,"11_42","12_15","2","Anu","A4","VIVI","Coenonympha_californica",1,0,""
2024,5,6,"11_42","12_15","2","Anu","A4","VIVI","Apis_mellifera",2,0,""
2024,5,6,"11_42","12_15","2","Anu","A4","VIVI","Apis_mellifera",1,0,""
2024,4,22,"10_18","10_56","1","Anu","A1","MICA","Malachius_sp.",1,5,""
2024,4,22,"10_18","10_56","1","Anu","A1","TRFU","Listrus_sp._1",1,5,""
2024,4,22,"10_18","10_56","1","Anu","A1","TRFU","Coenonympha_californica",1,2,""
2024,4,22,"10_18","10_56","1","Anu","A1","TRFU","Bombus_vosnesenskii",5,0,""
2024,4,22,"10_18","10_56","1","Anu","A1","CADE","Bombus_vosnesenskii",1,5,""
2024,4,22,"10_18","10_56","1","Anu","A1","TRFU","Bombus_vosnesenskii",11,5,""
2024,4,22,"10_18","10_56","1","Anu","A1","TRFU","Osmia_sp.",1,0,""
2024,4,22,"10_18","10_56","1","Anu","A1","TRFU","Eucera_actuosa",1,3,""
2024,4,22,"10_18","10_56","1","Anu","A1","LACA","Nomada_hesperia",4,5,""
2024,4,22,"10_18","10_56","1","Anu","A1","DICA","Andrena_pallidifovea",1,6,""
2024,4,22,"10_18","10_56","1","Anu","A1","LACA","Andrena_sp.",1,6,""
2024,4,22,"10_18","10_56","1","Anu","A1","TRFU","Bombus_vosnesenskii",1,1,""
2024,4,22,"10_18","10_56","1","Anu","A1","TRFU","Bombus_vosnesenskii",1,0,""
2024,4,22,"10_18","10_56","1","Anu","A1","TRFU","Coenonympha_californica",1,5,""
2024,4,22,"10_18","10_56","1","Anu","A1","TRFU","Eucera_actuosa",1,0,""
2024,4,22,"10_18","10_56","1","Anu","A1","TRFU","Listrus_sp._1",1,2,""
2024,4,22,"10_18","10_56","1","Anu","A1","LACA","Andrena_subchalybea",2,1,""
2024,4,22,"10_18","10_56","1","Anu","A1","LACA","Nomada_hesperia",2,1,""
2024,4,22,"10_18","10_56","1","Anu","A1","VIVI","Eucera_actuosa",4,0,""
2024,4,22,"10_18","10_56","1","Anu","A1","TRFU","Coenonympha_californica",1,1,""
2024,4,22,"10_18","10_56","1","Anu","A1","VIVI","Apis_mellifera",1,0,""
2024,4,22,"10_18","10_56","1","Anu","A1","TRFU","Osmia_cara",2,0,""
2024,4,22,"10_18","10_56","1","Anu","A1","LACA","Malachius_sp.",1,2,""
2024,4,22,"10_18","10_56","1","Anu","A1","LACA","Listrus_sp._1",1,2,""
2024,4,22,"10_18","10_56","1","Anu","A1","TRFU","Osmia_cara",6,0,""
2024,4,22,"10_18","10_56","1","Anu","A1","TRFU","Osmia_cara",1,2,""
2024,4,22,"10_18","10_56","1","Anu","A1","VIVI","Apis_mellifera",1,0,""
2024,4,22,"10_18","10_56","1","Anu","A1","TRFU","Listrus_sp._1",1,1,""
2024,4,22,"10_18","10_56","1","Anu","A1","VIVI","Apis_mellifera",1,0,""
2024,4,22,"10_18","10_56","1","Anu","A1","VIVI","Apis_mellifera",1,0,""
2024,4,22,"10_18","10_56","1","Anu","A1","LACA","Andrena_dissona",1,0,""
2024,4,22,"10_18","10_56","1","Anu","A1","VIVI","Apis_mellifera",2,0,""
2024,4,22,"10_18","10_56","1","Anu","A1","LACA","Adela_flammeusella",1,1,""
2024,4,22,"10_18","10_56","1","Anu","A1","LACA","Bombylius_major",1,0,""
2024,4,22,"10_18","10_56","1","Anu","A1","LACA","Andrena_dissona",1,0,""
2024,4,22,"10_18","10_56","1","Anu","A1","VIVI","Apis_mellifera",3,0,""
2024,4,22,"10_18","10_56","1","Anu","A1","LACA","Adela_trigrapha",2,0,""
2024,4,22,"10_18","10_56","1","Anu","A1","VIVI","Apis_mellifera",3,0,""
2024,4,22,"10_18","10_56","1","Anu","A1","LACA","Adela_trigrapha",2,0,""
2024,4,22,"10_18","10_56","1","Anu","A1","DICA","Bombylius_major",2,0,""
2024,4,22,"10_18","10_56","1","Anu","A1","LACA","Coenonympha_californica",1,1,""
2024,4,22,"10_18","10_56","1","Anu","A1","VIVI","Apis_mellifera",1,0,""
2024,4,22,"10_18","10_56","1","Anu","A1","VIVI","Apis_mellifera",2,0,""
2024,4,22,"10_18","10_56","1","Anu","A1","VIVI","Apis_mellifera",1,0,""
2024,4,22,"10_18","10_56","1","Anu","A1","VIVI","Apis_mellifera",1,0,""
2024,4,22,"10_18","10_56","1","Anu","A1","VIVI","Apis_mellifera",1,0,""
2024,4,22,"10_18","10_56","1","Anu","A1","VIVI","Apis_mellifera",1,0,""
2024,4,22,"10_18","10_56","1","Anu","A1","VIVI","Apis_mellifera",1,0,""
2024,4,22,"10_18","10_56","1","Anu","A1","VIVI","Apis_mellifera",1,0,""
2024,4,22,"10_18","10_56","1","Anu","A1","VIVI","Apis_mellifera",1,0,""
2024,4,22,"10_18","10_56","1","Anu","A1","PLNO","Andrena_subchalybea",1,0,""
2024,4,22,"10_18","10_56","1","Anu","A1","TRFU","Anthophora_californica",3,5,""
2024,4,22,"10_18","10_56","1","Anu","A1","TRFU","Osmia_nemoris",1,5,""
2024,4,22,"10_58","11_34","1","Anu","A2","TRFU","Coenonympha_californica",1,20,""
2024,4,22,"10_58","11_34","1","Anu","A2","TRFU","Bombus_vosnesenskii",1,10,""
2024,4,22,"10_58","11_34","1","Anu","A2","TRFU","Coenonympha_californica",2,30,""
2024,4,22,"10_58","11_34","1","Anu","A2","TRFU","Bombus_vosnesenskii",12,50,""
2024,4,22,"10_58","11_34","1","Anu","A2","TRLA","Andrena_subchalybea",2,50,""
2024,4,22,"10_58","11_34","1","Anu","A2","TRFU","Anthophora_californica",3,50,""
2024,4,22,"10_58","11_34","1","Anu","A2","TRFU","Eucera_actuosa",1,50,""
2024,4,22,"10_58","11_34","1","Anu","A2","TRFU","Bombus_vosnesenskii",1,50,""
2024,4,22,"10_58","11_34","1","Anu","A2","TRFU","Bombus_vosnesenskii",1,50,""
2024,4,22,"10_58","11_34","1","Anu","A2","TRFU","Eucera_actuosa",2,50,""
2024,4,22,"10_58","11_34","1","Anu","A2","TRFU","Eucera_actuosa",1,50,""
2024,4,22,"10_58","11_34","1","Anu","A2","LACA","Cyrtopogon_sp.",1,50,""
2024,4,22,"10_58","11_34","1","Anu","A2","LACA","Listrus_sp._1",1,50,""
2024,4,22,"10_58","11_34","1","Anu","A2","LACA","Acmaeodera_sp.",1,50,""
2024,4,22,"10_58","11_34","1","Anu","A2","LACA","Andrena_subchalybea",2,50,""
2024,4,22,"10_58","11_34","1","Anu","A2","LACA","BF1_Diptera",1,50,""
2024,4,22,"10_58","11_34","1","Anu","A2","LACA","BF1_Diptera",1,50,""
2024,4,22,"10_58","11_34","1","Anu","A2","LACA","BF1_Diptera",1,50,""
2024,4,22,"10_58","11_34","1","Anu","A2","LACA","Bombylius_major",1,60,""
2024,4,22,"10_58","11_34","1","Anu","A2","LACA","Bombylius_major",2,60,""
2024,4,22,"10_58","11_34","1","Anu","A2","TRFU","Osmia_cara",2,70,""
2024,4,22,"10_58","11_34","1","Anu","A2","TRFU","Anthophora_californica",3,100,""
2024,4,22,"10_58","11_34","1","Anu","A2","TRFU","Osmia_nemoris",1,90,""
2024,4,22,"10_58","11_34","1","Anu","A2","TRFU","Coenonympha_californica",1,100,""
2024,4,22,"10_58","11_34","1","Anu","A2","TRFU","Eucera_actuosa",2,100,""
2024,4,22,"10_58","11_34","1","Anu","A2","TRFU","Eucera_actuosa",2,100,""
2024,4,22,"10_58","11_34","1","Anu","A2","TRFU","Listrus_sp._1",1,110,""
2024,4,22,"10_58","11_34","1","Anu","A2","TRFU","Eucera_actuosa",2,110,""
2024,4,22,"10_58","11_34","1","Anu","A2","TRFU","Coenonympha_californica",1,110,""
2024,4,22,"10_58","11_34","1","Anu","A2","TRFU","Osmia_cara",1,100,""
2024,4,22,"10_58","11_34","1","Anu","A2","TRLA","Listrus_sp._1",1,100,""
2024,4,22,"10_58","11_34","1","Anu","A2","TRFU","Eucera_actuosa",1,95,""
2024,4,22,"10_58","11_34","1","Anu","A2","TRFU","Eucera_actuosa",2,95,""
2024,4,22,"10_58","11_34","1","Anu","A2","LACA","Bombylius_major",1,90,""
2024,4,22,"10_58","11_34","1","Anu","A2","TRFU","Bombus_vosnesenskii",4,90,""
2024,4,22,"10_58","11_34","1","Anu","A2","LACA","Listrus_sp._1",1,80,""
2024,4,22,"10_58","11_34","1","Anu","A2","TRLA","Osmia_cara",3,80,""
2024,4,22,"10_58","11_34","1","Anu","A2","TRFU","Eucera_actuosa",2,70,""
2024,4,22,"10_58","11_34","1","Anu","A2","TRFU","Eucera_actuosa",1,70,""
2024,4,22,"10_58","11_34","1","Anu","A2","TRFU","Eucera_actuosa",3,70,""
2024,4,22,"10_58","11_34","1","Anu","A2","TRFU","Eucera_actuosa",3,70,""
2024,4,22,"10_58","11_34","1","Anu","A2","TRFU","Eucera_actuosa",2,70,""
2024,4,22,"10_58","11_34","1","Anu","A2","TRFU","Eucera_actuosa",1,70,""
2024,4,22,"10_58","11_34","1","Anu","A2","TRFU","Osmia_cara",3,70,""
2024,4,22,"10_58","11_34","1","Anu","A2","TRFU","Eucera_actuosa",1,70,""
2024,4,22,"10_58","11_34","1","Anu","A2","TRFU","Eucera_actuosa",1,70,""
2024,4,22,"10_58","11_34","1","Anu","A2","TRFU","Eucera_actuosa",1,70,""
2024,4,22,"10_58","11_34","1","Anu","A2","LACA","Andrena_subchalybea",1,70,""
2024,4,22,"10_58","11_34","1","Anu","A2","LACA","Polistes_aurifer",1,40,""
2024,4,22,"10_58","11_34","1","Anu","A2","LACA","Bombylius_major",1,40,""
2024,4,22,"10_58","11_34","1","Anu","A2","LACA","Andrena_sp.",1,20,""
2024,4,22,"10_58","11_34","1","Anu","A2","LACA","Bombylius_major",1,20,""
2024,4,22,"10_58","11_34","1","Anu","A2","VIVI","Apis_mellifera",1,0,""
2024,4,22,"10_58","11_34","1","Anu","A2","VIVI","Apis_mellifera",1,0,""
2024,4,22,"10_58","11_34","1","Anu","A2","VIVI","Apis_mellifera",1,0,""
2024,4,22,"10_58","11_34","1","Anu","A2","VIVI","Apis_mellifera",1,0,""
2024,4,22,"10_58","11_34","1","Anu","A2","VIVI","Apis_mellifera",2,0,""
2024,4,22,"10_58","11_34","1","Anu","A2","VIVI","Apis_mellifera",2,0,""
2024,4,22,"10_58","11_34","1","Anu","A2","VIVI","Anthophora_crotchii",2,0,""
2024,4,22,"10_58","11_34","1","Anu","A2","VIVI","Apis_mellifera",4,0,""
2024,4,22,"10_58","11_34","1","Anu","A2","VIVI","Apis_mellifera",1,0,""
2024,4,22,"10_58","11_34","1","Anu","A2","VIVI","Apis_mellifera",1,0,""
2024,4,22,"10_58","11_34","1","Anu","A2","TRFU","Apis_mellifera",3,0,""
2024,4,22,"10_58","11_34","1","Anu","A2","TRFU","Coenonympha_californica",1,2,""
2024,4,22,"11_35","12_20","1","Anu","A3","TRFU","Osmia_cara",1,5,""
2024,4,22,"11_35","12_20","1","Anu","A3","TRFU","Bombus_californicus",2,5,""
2024,4,22,"11_35","12_20","1","Anu","A3","TRFU","Bombus_vosnesenskii",1,10,""
2024,4,22,"11_35","12_20","1","Anu","A3","TRFU","Bombus_vosnesenskii",2,5,""
2024,4,22,"11_35","12_20","1","Anu","A3","TRFU","Osmia_cara",1,10,""
2024,4,22,"11_35","12_20","1","Anu","A3","TRFU","Bombus_vosnesenskii",2,10,""
2024,4,22,"11_35","12_20","1","Anu","A3","TRFU","Osmia_cara",2,5,""
2024,4,22,"11_35","12_20","1","Anu","A3","TRLA","Osmia_cara",1,20,""
2024,4,22,"11_35","12_20","1","Anu","A3","TRFU","Osmia_cara",1,2,""
2024,4,22,"11_35","12_20","1","Anu","A3","TRFU","Eucera_frater_albopilosa",3,10,""
2024,4,22,"11_35","12_20","1","Anu","A3","TRFU","Apis_mellifera",2,10,""
2024,4,22,"11_35","12_20","1","Anu","A3","RACA","Bombylius_major",1,10,""
2024,4,22,"11_35","12_20","1","Anu","A3","TRFU","Apis_mellifera",2,10,""
2024,4,22,"11_35","12_20","1","Anu","A3","TRFU","Apis_mellifera",2,10,""
2024,4,22,"11_35","12_20","1","Anu","A3","TRLA","Listrus_sp._1",1,10,""
2024,4,22,"11_35","12_20","1","Anu","A3","TRFU","Apis_mellifera",1,15,""
2024,4,22,"11_35","12_20","1","Anu","A3","TRFU","Bombus_melanopygus",3,15,""
2024,4,22,"11_35","12_20","1","Anu","A3","TRLA","Listrus_sp._1",1,15,""
2024,4,22,"11_35","12_20","1","Anu","A3","TRLA","Listrus_sp._1",1,15,""
2024,4,22,"11_35","12_20","1","Anu","A3","TRFU","Osmia_sp.",1,30,""
2024,4,22,"11_35","12_20","1","Anu","A3","TRLA","Listrus_sp._1",1,3,""
2024,4,22,"11_35","12_20","1","Anu","A3","RACA","Listrus_sp._1",1,1,""
2024,4,22,"11_35","12_20","1","Anu","A3","TRFU","Bombus_vosnesenskii",3,5,""
2024,4,22,"11_35","12_20","1","Anu","A3","TRFU","Muscidae",1,0,""
2024,4,22,"11_35","12_20","1","Anu","A3","TRFU","Osmia_sp.",2,10,""
2024,4,22,"11_35","12_20","1","Anu","A3","RACA","Listrus_sp._1",1,5,""
2024,4,22,"11_35","12_20","1","Anu","A3","RACA","BF1_Diptera",1,10,""
2024,4,22,"11_35","12_20","1","Anu","A3","TRFU","Eucera_actuosa",1,10,""
2024,4,22,"11_35","12_20","1","Anu","A3","TRLA","Coenonympha_californica",1,50,""
2024,4,22,"11_35","12_20","1","Anu","A3","TRFU","Bombus_vosnesenskii",2,50,""
2024,4,22,"11_35","12_20","1","Anu","A3","TRLA","Osmia_sp.",1,30,""
2024,4,22,"11_35","12_20","1","Anu","A3","TRLA","Osmia_cara",2,30,""
2024,4,22,"11_35","12_20","1","Anu","A3","LACA","Andrena_subchalybea",1,40,""
2024,4,22,"11_35","12_20","1","Anu","A3","LACA","Bombylius_major",1,40,""
2024,4,22,"11_35","12_20","1","Anu","A3","TRFU","Osmia_cara",5,50,""
2024,4,22,"11_35","12_20","1","Anu","A3","TRFU","Osmia_cara",2,50,""
2024,4,22,"11_35","12_20","1","Anu","A3","TRLA","Osmia_cara",1,50,""
2024,4,22,"11_35","12_20","1","Anu","A3","TRFU","Osmia_cara",1,50,""
2024,4,22,"11_35","12_20","1","Anu","A3","TRFU","Osmia_cara",1,60,""
2024,4,22,"11_35","12_20","1","Anu","A3","TRFU","Osmia_cara",1,55,""
2024,4,22,"11_35","12_20","1","Anu","A3","TRFU","Osmia_cara",3,55,""
2024,4,22,"11_35","12_20","1","Anu","A3","TRFU","Apis_mellifera",2,55,""
2024,4,22,"11_35","12_20","1","Anu","A3","TRFU","Osmia_cara",3,55,""
2024,4,22,"11_35","12_20","1","Anu","A3","TRFU","Bombus_californicus",2,55,""
2024,4,22,"11_35","12_20","1","Anu","A3","TRLA","Listrus_sp._1",1,50,""
2024,4,22,"11_35","12_20","1","Anu","A3","TRFU","Osmia_cara",2,60,""
2024,4,22,"11_35","12_20","1","Anu","A3","DICA","Listrus_sp._1",1,60,""
2024,4,22,"12_34","1_52","1","Anu","A4","LACA","Listrus_sp._1",1,0,""
2024,4,22,"12_34","1_52","1","Anu","A4","TRFU","Andrena_pallidifovea",1,0,""
2024,4,22,"12_34","1_52","1","Anu","A4","TRFU","Apis_mellifera",1,0,""
2024,4,22,"12_34","1_52","1","Anu","A4","TRFU","Listrus_sp._1",1,0,"25"
2024,4,22,"12_34","1_52","1","Anu","A4","TRFU","Bombus_vosnesenskii",4,0,""
2024,4,22,"12_34","1_52","1","Anu","A4","TRFU","Apis_mellifera",1,0,""
2024,4,22,"12_34","1_52","1","Anu","A4","TRFU","Glaucophysche_lygdamus",1,0,""
2024,4,22,"12_34","1_52","1","Anu","A4","TRFU","Glaucophysche_lygdamus",1,0,""
2024,4,22,"12_34","1_52","1","Anu","A4","LACA","Bombylius_major",2,0,""
2024,4,22,"12_34","1_52","1","Anu","A4","LACA","Bombylius_major",2,0,""
2024,4,22,"12_34","1_52","1","Anu","A4","TRFU","Bombus_vosnesenskii",2,0,""
2024,4,22,"12_34","1_52","1","Anu","A4","LACA","Listrus_sp._1",1,1,""
2024,4,22,"12_34","1_52","1","Anu","A4","LACA","Andrena_subchalybea",2,1,""
2024,4,22,"12_34","1_52","1","Anu","A4","TRFU","Bombus_vosnesenskii",2,0,""
2024,4,22,"12_34","1_52","1","Anu","A4","TRLA","Bombylius_major",1,0,""
2024,4,22,"12_34","1_52","1","Anu","A4","TRFU","Bombus_vosnesenskii",1,0,""
2024,4,22,"12_34","1_52","1","Anu","A4","TRFU","Bombus_vosnesenskii",3,0,""
2024,4,22,"12_34","1_52","1","Anu","A4","TRFU","Andrena_pallidifovea",2,0,""
2024,4,22,"12_34","1_52","1","Anu","A4","TRFU","Bombus_melanopygus",6,5,""
2024,4,22,"12_34","1_52","1","Anu","A4","TRFU","Bombus_californicus",1,0,""
2024,4,22,"12_34","1_52","1","Anu","A4","TRFU","Bombus_melanopygus",3,5,""
2024,4,22,"12_34","1_52","1","Anu","A4","VIVI","Glaucophysche_lygdamus",1,0,""
2024,4,22,"12_34","1_52","1","Anu","A4","TRFU","Bombus_vosnesenskii",1,0,""
2024,4,22,"12_34","1_52","1","Anu","A4","LACA","Anthrenus_sp.",1,2,""
2024,4,22,"12_34","1_52","1","Anu","A4","LACA","Anthrenus_sp.",1,2,""
2024,4,22,"12_34","1_52","1","Anu","A4","LACA","Anthrenus_sp.",1,2,""
2024,4,22,"12_34","1_52","1","Anu","A4","LACA","Bombylius_major",1,2,""
2024,4,22,"12_34","1_52","1","Anu","A4","LACA","Andrena_pensilis",1,0,""
2024,4,22,"12_34","1_52","1","Anu","A4","LACA","Bombus_vosnesenskii",1,0,""
2024,4,22,"12_34","1_52","1","Anu","A4","TRFU","Bombus_vosnesenskii",3,2,""
2024,4,22,"12_34","1_52","1","Anu","A4","LACA","Bombylius_major",1,1,""
2024,4,22,"12_34","1_52","1","Anu","A4","TRFU","Apis_mellifera",1,0,""
2024,4,22,"12_34","1_52","1","Anu","A4","LACA","Apis_mellifera",1,0,""
2024,4,22,"12_34","1_52","1","Anu","A4","LACA","Bombylius_major",1,2,""
2024,4,22,"12_34","1_52","1","Anu","A4","TRFU","Bombus_vosnesenskii",4,5,""
2024,4,22,"12_34","1_52","1","Anu","A4","TRFU","Osmia_cara",2,5,""
2024,4,22,"12_34","1_52","1","Anu","A4","LACA","Coenonympha_californica",1,2,""
2024,4,22,"12_34","1_52","1","Anu","A4","TRFU","Osmia_cara",1,5,""
2024,4,22,"12_34","1_52","1","Anu","A4","LACA","BF1_Diptera",2,5,""
2024,4,22,"12_34","1_52","1","Anu","A4","LACA","Bombylius_major",2,5,""
2024,4,22,"12_34","1_52","1","Anu","A4","LACA","Bombylius_major",1,5,""
2024,4,22,"12_34","1_52","1","Anu","A4","LACA","Bombylius_major",2,5,""
2024,4,22,"12_34","1_52","1","Anu","A4","TRFU","Osmia_cara",1,5,""
2024,4,22,"12_34","1_52","1","Anu","A4","TRFU","Bombus_vosnesenskii",2,5,""
2024,4,22,"12_34","1_52","1","Anu","A4","TRFU","Listrus_sp._1",1,5,""
2024,4,22,"12_34","1_52","1","Anu","A4","TRFU","Coenonympha_californica",1,5,""
2024,4,22,"12_34","1_52","1","Anu","A4","TRFU","Eucera_actuosa",2,10,""
2024,4,22,"12_34","1_52","1","Anu","A4","TRFU","Osmia_cara",2,10,""
2024,4,22,"12_34","1_52","1","Anu","A4","TRFU","Andrena_pallidifovea",1,10,""
2024,4,22,"12_34","1_52","1","Anu","A4","TRFU","Xylocopa_tabaniformis",6,30,""
2024,4,22,"12_34","1_52","1","Anu","A4","TRFU","Apis_mellifera",5,30,""
2024,4,22,"12_34","1_52","1","Anu","A4","TRFU","Apis_mellifera",1,40,""
2024,4,22,"12_34","1_52","1","Anu","A4","TRFU","Apis_mellifera",1,40,""
2024,4,22,"12_34","1_52","1","Anu","A4","TRFU","Andrena_pallidifovea",1,40,""
2024,4,22,"12_34","1_52","1","Anu","A4","TRFU","Osmia_cara",2,50,""
2024,4,22,"12_34","1_52","1","Anu","A4","TRLA","Coenonympha_californica",1,100,""
2024,4,22,"12_34","1_52","1","Anu","A4","TRFU","Osmia_nemoris",1,100,""
2024,4,22,"12_34","1_52","1","Anu","A4","TRFU","Bombus_vosnesenskii",2,50,""
2024,4,22,"12_34","1_52","1","Anu","A4","TRFU","Osmia_sp.",2,50,""
2024,4,22,"12_34","1_52","1","Anu","A4","TRFU","Osmia_cara",2,50,""
2024,4,22,"12_34","1_52","1","Anu","A4","TRFU","Coenonympha_californica",1,50,""
2024,4,22,"12_34","1_52","1","Anu","A4","TRFU","Coenonympha_californica",1,50,""
2024,4,22,"12_34","1_52","1","Anu","A4","DICA","Erynnis_propertius",1,50,""
2024,4,22,"12_34","1_52","1","Anu","A4","TRFU","Bombus_vosnesenskii",4,60,""
2024,4,22,"12_34","1_52","1","Anu","A4","TRFU","Osmia_sp.",1,60,""
2024,4,22,"12_34","1_52","1","Anu","A4","TRFU","Bombus_californicus",10,70,""
2024,4,22,"12_34","1_52","1","Anu","A4","TRFU","Apis_mellifera",1,70,""
2024,4,22,"12_34","1_52","1","Anu","A4","TRFU","Osmia_cara",1,70,""
2024,4,22,"12_34","1_52","1","Anu","A4","TRFU","Osmia_cara",1,70,""
2024,4,22,"12_34","1_52","1","Anu","A4","TRFU","Bombus_vosnesenskii",3,100,""
2024,4,22,"12_34","1_52","1","Anu","A4","TRFU","Apis_mellifera",3,100,""
2024,4,22,"12_34","1_52","1","Anu","A4","TRFU","Apis_mellifera",1,100,""
2024,4,22,"12_34","1_52","1","Anu","A4","TRFU","Osmia_sp.",1,100,""
2024,4,22,"12_34","1_52","2","Anu","A4","LACA","Coenonympha_californica",2,100,""
2024,4,22,"12_34","1_52","2","Anu","A4","TRFU","Osmia_cara",1,100,""
2024,4,22,"12_34","1_52","2","Anu","A4","LACA","BF1_Diptera",1,100,""
2024,4,22,"12_34","1_52","2","Anu","A4","DICA","Listrus_sp._1",1,100,""
2024,4,22,"12_34","1_52","2","Anu","A4","DICA","Listrus_sp._1",1,100,""
2024,4,22,"12_34","1_52","2","Anu","A4","TRFU","Anthophora_californica",2,90,""
2024,4,22,"12_34","1_52","2","Anu","A4","LACA","Andrena_subchalybea",2,100,""
2024,4,22,"12_34","1_52","2","Anu","A4","LACA","Helithodes_dimutiva",1,100,""
2024,4,22,"12_34","1_52","2","Anu","A4","LACA","Muscidae",1,100,""
2024,4,22,"12_34","1_52","2","Anu","A4","TRFU","Coenonympha_californica",1,100,""
2024,4,22,"12_34","1_52","2","Anu","A4","TRFU","Coenonympha_californica",1,100,""
2024,4,22,"12_34","1_52","2","Anu","A4","LACA","Andrena_subchalybea",1,100,""
2024,4,22,"12_34","1_52","2","Anu","A4","TRFU","Bombus_vosnesenskii",2,90,""
2024,4,22,"12_34","1_52","2","Anu","A4","TRFU","Osmia_cara",3,90,""
2024,4,22,"12_34","1_52","2","Anu","A4","LACA","BF1_Diptera",1,90,""
2024,4,22,"12_34","1_52","2","Anu","A4","TRFU","Eucera_actuosa",4,90,""
2024,4,22,"12_34","1_52","2","Anu","A4","TRFU","Osmia_cara",2,80,""
2024,4,22,"12_34","1_52","2","Anu","A4","LACA","Listrus_sp._1",1,90,""
2024,4,22,"12_34","1_52","2","Anu","A4","LACA","Listrus_sp._1",1,90,""
2024,4,22,"12_34","1_52","2","Anu","A4","LACA","Listrus_sp._1",1,90,""
2024,4,22,"12_34","1_52","2","Anu","A4","LACA","BF1_Diptera",1,90,""
2024,4,22,"12_34","1_52","2","Anu","A4","TRFU","Eucera_actuosa",1,90,""
2024,4,22,"12_34","1_52","2","Anu","A4","TRFU","Listrus_sp._1",1,90,"11"
2024,4,22,"12_34","1_52","2","Anu","A4","TRFU","Osmia_cara",1,90,""
2024,4,22,"12_34","1_52","2","Anu","A4","LACA","Bombylius_major",1,90,""
2024,4,22,"12_34","1_52","2","Anu","A4","LACA","BF1_Diptera",1,90,""
2024,4,22,"12_34","1_52","2","Anu","A4","LACA","Panurginus_sp.",2,90,""
2024,4,22,"12_34","1_52","2","Anu","A4","TRFU","Osmia_cara",2,90,""
2024,4,22,"12_34","1_52","2","Anu","A4","TRFU","Bombus_vosnesenskii",1,80,""
2024,4,22,"12_34","1_52","2","Anu","A4","LACA","Andrena_sp.",1,90,""
2024,4,22,"12_34","1_52","2","Anu","A4","TRFU","Osmia_cara",1,80,""
2024,4,22,"12_34","1_52","2","Anu","A4","LACA","Listrus_sp._1",1,80,""
2024,4,22,"12_34","1_52","2","Anu","A4","TRFU","Osmia_cara",1,80,""
2024,4,22,"12_34","1_52","2","Anu","A4","TRFU","Eucera_actuosa",3,80,""
2024,4,22,"12_34","1_52","2","Anu","A4","TRFU","Bombus_vosnesenskii",1,80,""
2024,4,22,"12_34","1_52","2","Anu","A4","LACA","Coenonympha_californica",1,80,""
2024,4,22,"12_34","1_52","2","Anu","A4","TRFU","Bombus_vosnesenskii",1,70,""
2024,4,22,"12_34","1_52","2","Anu","A4","TRFU","Bombus_vosnesenskii",4,70,""
2024,4,22,"12_34","1_52","2","Anu","A4","TRFU","Eucera_actuosa",1,70,""
2024,4,22,"12_34","1_52","2","Anu","A4","LACA","Andrena_pensilis",2,70,""
2024,4,22,"12_34","1_52","2","Anu","A4","LACA","Acmaeodera_sp.",1,70,""
2024,4,22,"12_34","1_52","2","Anu","A4","TRFU","Eucera_actuosa",2,60,""
2024,4,22,"12_34","1_52","2","Anu","A4","LACA","Bombylius_major",1,60,""
2024,4,22,"12_34","1_52","2","Anu","A4","TRFU","Eucera_actuosa",3,60,""
2024,4,22,"12_34","1_52","2","Anu","A4","TRFU","Bombus_vosnesenskii",1,60,""
2024,4,22,"12_34","1_52","2","Anu","A4","TRFU","Bombus_californicus",1,20,""
2024,4,22,"12_34","1_52","2","Anu","A4","TRFU","Eucera_actuosa",1,50,""
2024,4,22,"12_34","1_52","2","Anu","A4","LACA","Muscidae",2,50,""
2024,4,22,"12_34","1_52","2","Anu","A4","LACA","Nomada_hesperia",1,0,""
2024,4,22,"12_34","1_52","2","Anu","A4","TRFU","Eucera_actuosa",1,0,""
2024,4,22,"12_34","1_52","2","Anu","A4","LACA","Coenonympha_californica",1,0,""
2024,4,22,"12_34","1_52","2","Anu","A4","LACA","Coenonympha_californica",1,0,""
2024,4,22,"12_34","1_52","2","Anu","A4","LACA","Apis_mellifera",2,0,""
2024,4,22,"12_34","1_52","2","Anu","A4","VIVI","Apis_mellifera",2,0,""
2024,4,22,"12_34","1_52","2","Anu","A4","LACA","Bombylius_major",1,0,""
2024,4,22,"12_34","1_52","2","Anu","A4","LACA","Nomada_hesperia",3,0,""
2024,4,22,"12_34","1_52","2","Anu","A4","TRFU","Bombus_vosnesenskii",1,0,""
2024,4,22,"12_34","1_52","2","Anu","A4","LACA","Coenonympha_californica",1,0,""
2024,4,22,"12_34","1_52","2","Anu","A4","TRFU","Bombus_vosnesenskii",2,0,""
2024,4,22,"12_34","1_52","2","Anu","A4","TRFU","Bombus_vosnesenskii",2,0,""
2024,4,22,"12_34","1_52","2","Anu","A4","TRFU","Apis_mellifera",2,0,""
2024,4,22,"12_34","1_52","2","Anu","A4","TRFU","Osmia_cara",1,0,""
2024,4,22,"12_34","1_52","2","Anu","A4","LACA","Bombylius_major",1,0,""
2024,4,22,"12_34","1_52","2","Anu","A4","LACA","Coenonympha_californica",1,0,""
2024,4,22,"12_34","1_52","2","Anu","A4","TRFU","Bombus_vosnesenskii",1,0,""
2024,4,22,"12_34","1_52","2","Anu","A4","TRFU","Osmia_cara",1,0,""
2024,4,22,"12_34","1_52","2","Anu","A4","LACA","Bombylius_major",1,0,""
2024,4,22,"12_34","1_52","2","Anu","A4","TRFU","Bombus_vosnesenskii",1,0,""
2024,4,22,"12_34","1_52","2","Anu","A4","VIVI","Bombus_vosnesenskii",1,0,""
2024,4,22,"12_34","1_52","2","Anu","A4","VIVI","Bombus_vosnesenskii",2,0,""
2024,4,22,"12_34","1_52","2","Anu","A4","VIVI","Bombus_vosnesenskii",1,0,""
2024,4,22,"12_34","1_52","2","Anu","A4","LACA","Bombylius_major",2,0,""
2024,4,22,"12_34","1_52","2","Anu","A4","LACA","Andrena_pensilis",1,0,""
2024,4,22,"12_34","1_52","2","Anu","A4","TRFU","Bombus_vosnesenskii",1,0,""
2024,4,22,"12_34","1_52","2","Anu","A4","LACA","Nomada_hesperia",1,0,""
2024,4,22,"12_34","1_52","2","Anu","A4","TRFU","Bombus_vosnesenskii",5,0,"33"
2024,4,22,"12_34","1_52","2","Anu","A4","TRFU","Eucera_actuosa",1,0,""
2024,4,22,"2_54","3_05","1","Quarry_1","Q1","VIVI","Osmia_cara",3,0,""
2024,4,22,"2_54","3_05","1","Quarry_1","Q1","TRFU","Listrus_sp._1",1,0,""
2024,4,22,"2_54","3_05","1","Quarry_1","Q1","TRFU","Listrus_sp._1",1,0,""
2024,4,22,"2_54","3_05","1","Quarry_1","Q1","TRFU","Listrus_sp._1",1,0,""
2024,4,22,"2_54","3_05","1","Quarry_1","Q1","TRFU","Listrus_sp._1",1,0,""
2024,4,22,"2_54","3_05","1","Quarry_1","Q1","LACA","Listrus_sp._1",1,0,""
2024,4,22,"2_54","3_05","1","Quarry_1","Q1","LACA","Listrus_sp._1",1,0,""
2024,4,22,"2_54","3_05","1","Quarry_1","Q1","LACA","Listrus_sp._1",1,0,""
2024,4,22,"2_54","3_05","1","Quarry_1","Q1","LACA","Listrus_sp._1",1,0,""
2024,4,22,"2_54","3_05","1","Quarry_1","Q1","VIVI","Eucera_frater_albopilosa",2,0,""
2024,4,22,"2_54","3_05","1","Quarry_1","Q1","VIVI","Apis_mellifera",1,0,""
2024,4,22,"2_54","3_05","1","Quarry_1","Q1","VIVI","Apis_mellifera",2,0,""
2024,4,22,"2_54","3_05","1","Quarry_1","Q1","LACA","Adela_trigrapha",1,0,""
2024,4,22,"2_54","3_05","1","Quarry_1","Q1","LACA","Listrus_sp._1",1,0,""
2024,4,22,"2_54","3_05","1","Quarry_1","Q1","LACA","Listrus_sp._1",1,0,""
2024,4,22,"2_54","3_05","1","Quarry_1","Q1","VIVI","Bombus_melanopygus",2,0,""
2024,4,22,"2_54","3_05","1","Quarry_1","Q1","VIVI","Bombus_vosnesenskii",3,0,""
2024,4,22,"2_54","3_05","1","Quarry_1","Q1","VIVI","Eucera_actuosa",2,0,""
2024,4,22,"2_54","3_05","1","Quarry_1","Q1","VIVI","Osmia_nemoris",2,0,""
2024,4,22,"2_54","3_05","1","Quarry_1","Q1","VIVI","Apis_mellifera",1,0,""
2024,4,22,"2_54","3_05","1","Quarry_1","Q1","VIVI","Osmia_nemoris",2,0,""
2024,4,22,"2_54","3_05","1","Quarry_1","Q1","VIVI","Osmia_cara",1,0,""
2024,4,22,"2_54","3_05","1","Quarry_1","Q1","VIVI","Eucera_actuosa",3,0,""
2024,4,22,"2_54","3_05","1","Quarry_1","Q1","VIVI","Apis_mellifera",1,0,""
2024,4,22,"3_07","3_21","1","Quarry_2","Q2","VIVI","Bombus_melanopygus",1,0,""
2024,4,22,"3_07","3_21","1","Quarry_2","Q2","VIVI","Apis_mellifera",1,0,""
2024,4,22,"3_07","3_21","1","Quarry_2","Q2","VIVI","Apis_mellifera",1,0,""
2024,4,22,"3_07","3_21","1","Quarry_2","Q2","VIVI","Bombus_melanopygus",4,0,""
2024,4,22,"3_07","3_21","1","Quarry_2","Q2","VIVI","Bombus_melanopygus",1,0,""
2024,4,22,"3_07","3_21","1","Quarry_2","Q2","VIVI","Apis_mellifera",2,0,""
2024,4,22,"3_07","3_21","1","Quarry_2","Q2","VIVI","Apis_mellifera",1,0,""
2024,4,22,"3_07","3_21","1","Quarry_2","Q2","VIVI","Eucera_actuosa",1,0,""
2024,4,22,"3_07","3_21","1","Quarry_2","Q2","LACA","Listrus_sp._1",1,0,""
2024,4,22,"3_07","3_21","1","Quarry_2","Q2","VIVI","Bombus_melanopygus",1,0,""
2024,4,22,"3_07","3_21","1","Quarry_2","Q2","VIVI","Apis_mellifera",1,0,""
2024,4,22,"3_07","3_21","1","Quarry_2","Q2","VIVI","Eucera_actuosa",1,0,""
2024,4,22,"3_07","3_21","1","Quarry_2","Q2","VIVI","Bombus_melanopygus",2,0,""
2024,4,22,"3_07","3_21","1","Quarry_2","Q2","VIVI","silver_moth_Lepidoptera",1,0,""
2024,4,22,"3_07","3_21","1","Quarry_2","Q2","VIVI","Apis_mellifera",1,0,""
2024,4,22,"3_07","3_21","1","Quarry_2","Q2","VIVI","Apis_mellifera",1,0,""
2024,4,22,"3_07","3_21","1","Quarry_2","Q2","VIVI","Apis_mellifera",1,0,""
2024,4,22,"3_07","3_21","1","Quarry_2","Q2","VIVI","Apis_mellifera",1,0,""
2024,4,22,"3_07","3_21","1","Quarry_2","Q2","VIVI","Apis_mellifera",1,0,""
2024,4,22,"3_07","3_21","1","Quarry_2","Q2","LACA","Listrus_sp._1",1,0,""
2024,4,22,"3_07","3_21","1","Quarry_2","Q2","LACA","Listrus_sp._1",1,0,""
2024,4,22,"3_07","3_21","1","Quarry_2","Q2","LACA","Listrus_sp._1",1,0,""
2024,4,22,"3_07","3_21","1","Quarry_2","Q2","LACA","Listrus_sp._1",1,0,""
2024,4,22,"3_07","3_21","1","Quarry_2","Q2","VIVI","Bombus_melanopygus",2,0,""
2024,4,22,"3_07","3_21","1","Quarry_2","Q2","VIVI","Eucera_actuosa",1,0,""
2024,4,22,"3_07","3_21","1","Quarry_2","Q2","VIVI","Bombus_vosnesenskii",4,0,""
2024,4,22,"3_07","3_21","1","Quarry_2","Q2","VIVI","Eucera_actuosa",1,0,""
2024,4,22,"3_07","3_21","1","Quarry_2","Q2","VIVI","Apis_mellifera",1,0,""
2024,4,22,"3_07","3_21","1","Quarry_2","Q2","VIVI","Bombus_vosnesenskii",1,0,""
2024,4,22,"3_07","3_21","1","Quarry_2","Q2","VIVI","Bombus_melanopygus",1,0,""
2024,4,22,"3_07","3_21","1","Quarry_2","Q2","VIVI","Eucera_frater_albopilosa",1,0,""
2024,4,22,"3_07","3_21","1","Quarry_2","Q2","VIVI","Bombus_melanopygus",1,0,""
2024,4,22,"3_07","3_21","1","Quarry_2","Q2","VIVI","Apis_mellifera",1,0,""
2024,4,22,"3_07","3_21","1","Quarry_2","Q2","VIVI","Bombus_melanopygus",1,0,""
2024,4,22,"3_07","3_21","1","Quarry_2","Q2","VIVI","Apis_mellifera",1,0,""
2024,4,22,"3_07","3_21","1","Quarry_2","Q2","VIVI","Apis_mellifera",1,0,""
2024,4,22,"3_07","3_21","1","Quarry_2","Q2","VIVI","Bombus_melanopygus",2,0,""
2024,4,22,"3_07","3_21","1","Quarry_2","Q2","VIVI","Apis_mellifera",1,0,""
2024,4,22,"3_07","3_21","1","Quarry_2","Q2","VIVI","Apis_mellifera",NA,0,""
2024,4,22,"3_07","3_21","1","Quarry_2","Q2","VIVI","Apis_mellifera",2,0,""
2024,4,22,"3_07","3_21","1","Quarry_2","Q2","VIVI","Sphaerophoria_sp.",2,0,""
2024,4,22,"3_07","3_21","1","Quarry_2","Q2","VIVI","Apis_mellifera",2,0,""
2024,4,22,"3_07","3_21","1","Quarry_2","Q2","TRFU","Osmia_cara",9,5,""
2024,4,22,"3_07","3_21","1","Quarry_2","Q2","TRFU","Listrus_sp._1",1,5,""
2024,4,22,"3_07","3_21","1","Quarry_2","Q2","TRFU","Listrus_sp._1",1,1,""
2024,4,22,"3_07","3_21","1","Quarry_2","Q2","VIVI","Eucera_actuosa",1,0,""
2024,4,22,"3_07","3_21","1","Quarry_2","Q2","VIVI","Bombus_vosnesenskii",1,0,""
2024,4,22,"3_25","3_34","1","Quarry_3","Q3","VIVI","Apis_mellifera",1,0,""
2024,4,22,"3_25","3_34","1","Quarry_3","Q3","VIVI","Apis_mellifera",1,0,""
2024,4,22,"3_25","3_34","1","Quarry_3","Q3","VIVI","Apis_mellifera",1,0,""
2024,4,22,"3_25","3_34","1","Quarry_3","Q3","VIVI","Apis_mellifera",1,0,""
2024,4,22,"3_25","3_34","1","Quarry_3","Q3","VIVI","Apis_mellifera",1,0,""
2024,4,22,"3_25","3_34","1","Quarry_3","Q3","VIVI","Bombus_melanopygus",1,0,""
2024,4,22,"3_25","3_34","1","Quarry_3","Q3","TRFU","Listrus_sp._1",1,0,""
2024,4,22,"3_25","3_34","1","Quarry_3","Q3","VIVI","Eucera_actuosa",1,0,""
2024,4,22,"3_25","3_34","1","Quarry_3","Q3","VIVI","Eucera_actuosa",1,0,""
2024,4,22,"3_25","3_34","1","Quarry_3","Q3","VIVI","Bombus_melanopygus",1,0,""
2024,4,22,"3_25","3_34","1","Quarry_3","Q3","VIVI","Apis_mellifera",1,0,""
2024,4,22,"3_25","3_34","1","Quarry_3","Q3","VIVI","Apis_mellifera",1,0,""
2024,4,22,"3_25","3_34","1","Quarry_3","Q3","VIVI","Bombus_melanopygus",1,0,""
2024,4,22,"3_25","3_34","1","Quarry_3","Q3","VIVI","Bombus_melanopygus",2,0,""
2024,4,22,"3_25","3_34","1","Quarry_3","Q3","VIVI","Apis_mellifera",1,0,""
2024,4,22,"3_25","3_34","1","Quarry_3","Q3","VIVI","Muscidae",1,0,""
2024,4,22,"3_25","3_34","1","Quarry_3","Q3","VIVI","Osmia_cara",1,0,""
2024,4,22,"3_25","3_34","1","Quarry_3","Q3","VIVI","Apis_mellifera",2,0,""
2024,4,22,"3_25","3_34","1","Quarry_3","Q3","VIVI","Apis_mellifera",2,0,""
2024,4,22,"3_25","3_34","1","Quarry_3","Q3","TRFU","Coenonympha_californica",1,0,""
2024,4,22,"3_25","3_34","1","Quarry_3","Q3","VIVI","Bombus_melanopygus",1,0,""
2024,4,22,"3_25","3_34","1","Quarry_3","Q3","LUSU","Trichodes_ornatus",1,0,""
2024,4,22,"3_25","3_34","1","Quarry_3","Q3","VIVI","Apis_mellifera",1,0,""
2024,4,22,"3_25","3_34","1","Quarry_3","Q3","VIVI","Bombus_melanopygus",1,0,""
2024,4,22,"3_25","3_34","1","Quarry_3","Q3","TRFU","Listrus_sp._1",1,5,""
2024,4,22,"3_36","3_48","2","Quarry_4","Q4","VIVI","Bombus_vosnesenskii",1,0,""
2024,4,22,"3_36","3_48","2","Quarry_4","Q4","TRFU","Listrus_sp._1",1,1,""
2024,4,22,"3_36","3_48","1","Quarry_4","Q4","MEPO","Eucera_actuosa",1,0,""
2024,4,22,"3_36","3_48","1","Quarry_4","Q4","TRFU","Listrus_sp._1",1,0,""
2024,4,22,"3_36","3_48","1","Quarry_4","Q4","TRFU","Listrus_sp._1",1,0,""
2024,4,22,"3_36","3_48","1","Quarry_4","Q4","TRFU","Listrus_sp._1",1,0,""
2024,4,22,"3_36","3_48","1","Quarry_4","Q4","TRFU","Listrus_sp._1",1,2,""
2024,4,22,"3_36","3_48","1","Quarry_4","Q4","TRFU","Listrus_sp._1",1,2,""
2024,4,22,"3_36","3_48","1","Quarry_4","Q4","TRFU","Listrus_sp._1",1,0,""
2024,4,22,"3_36","3_48","1","Quarry_4","Q4","VIVI","Eucera_actuosa",2,0,""
2024,4,22,"3_36","3_48","1","Quarry_4","Q4","VIVI","Osmia_cara",4,0,""
2024,4,22,"3_36","3_48","1","Quarry_4","Q4","VIVI","Apis_mellifera",2,0,""
2024,4,22,"3_36","3_48","1","Quarry_4","Q4","VIVI","Bombus_californicus",2,0,""
2024,4,22,"3_36","3_48","1","Quarry_4","Q4","TRHI","Agapostemon_subtilior",1,0,""
2024,4,22,"3_36","3_48","1","Quarry_4","Q4","VIVI","Apis_mellifera",2,0,""
2024,4,22,"3_36","3_48","1","Quarry_4","Q4","VIVI","Apis_mellifera",1,0,""
2024,4,22,"3_36","3_48","1","Quarry_4","Q4","VIVI","Apis_mellifera",1,0,""
2024,4,22,"3_58","4_22","1","Quarry_5","Q5","TRFU","Listrus_sp._1",1,20,""
2024,4,22,"3_58","4_22","1","Quarry_5","Q5","DICA","Listrus_sp._1",1,20,""
2024,4,22,"3_58","4_22","1","Quarry_5","Q5","TRFU","Hoplitus_hypocrita",2,20,""
2024,4,22,"3_58","4_22","1","Quarry_5","Q5","TRLA","Listrus_sp._1",1,10,""
2024,4,22,"3_58","4_22","1","Quarry_5","Q5","TRFU","Andrena_pallidifovea",1,10,""
2024,4,22,"3_58","4_22","1","Quarry_5","Q5","TRFU","Listrus_sp._1",1,10,""
2024,4,22,"3_58","4_22","1","Quarry_5","Q5","TRFU","Osmia_sp.",1,6,""
2024,4,22,"3_58","4_22","1","Quarry_5","Q5","LACA","Listrus_sp._1",1,2,""
2024,4,22,"3_58","4_22","1","Quarry_5","Q5","LACA","Listrus_sp._1",1,2,""
2024,4,22,"3_58","4_22","2","Quarry_5","Q5","TRFU","Osmia_cara",1,10,""
2024,4,22,"3_58","4_22","2","Quarry_5","Q5","TRFU","Bombus_vosnesenskii",16,10,""
2024,4,22,"3_58","4_22","2","Quarry_5","Q5","TRFU","Listrus_sp._1",1,10,""
2024,4,22,"3_58","4_22","2","Quarry_5","Q5","TRFU","Listrus_sp._1",1,10,""
2024,4,22,"3_58","4_22","2","Quarry_5","Q5","TRFU","Listrus_sp._1",1,10,""
2024,4,22,"3_58","4_22","2","Quarry_5","Q5","LACA","Listrus_sp._1",1,10,""
2024,4,22,"3_58","4_22","2","Quarry_5","Q5","LACA","Listrus_sp._1",1,10,""
2024,4,22,"3_58","4_22","2","Quarry_5","Q5","LACA","Listrus_sp._1",1,10,""
2024,4,22,"3_58","4_22","2","Quarry_5","Q5","LACA","BF1_Diptera",1,10,""
2024,4,22,"3_58","4_22","2","Quarry_5","Q5","TRFU","Listrus_sp._1",1,10,""
2024,4,22,"3_58","4_22","2","Quarry_5","Q5","TRFU","Anthophora_californica",2,10,""
2024,4,22,"3_58","4_22","3","Quarry_5","Q5","VIVI","Apis_mellifera",5,0,""
2024,4,22,"3_58","4_22","3","Quarry_5","Q5","TRFU","Listrus_sp._1",1,5,""
2024,4,22,"3_58","4_22","3","Quarry_5","Q5","LACA","Listrus_sp._1",1,5,""
2024,4,23,"9_48","10_05","1","Rock","R1","TRLA","Listrus_sp._1",1,50,""
2024,4,23,"9_48","10_05","2","Rock","R1","MIDO","Andrena_pensilis",1,40,""
2024,4,23,"9_48","10_05","2","Rock","R1","MIDO","Andrena_subchalybea",2,40,""
2024,4,23,"9_48","10_05","3","Rock","R1","MIDO","Andrena_subchalybea",3,3,""
2024,4,23,"9_48","10_05","3","Rock","R1","MIDO","Andrena_sp.",2,1,""
2024,4,23,"9_48","10_05","4","Rock","R1","VIVI","Bombus_melanopygus",3,0,""
2024,4,23,"9_48","10_05","4","Rock","R1","VIVI","Bombus_melanopygus",3,0,""
2024,4,23,"9_48","10_05","4","Rock","R1","VIVI","Bombus_melanopygus",1,0,""
2024,4,23,"9_48","10_05","4","Rock","R1","VIVI","Bombus_melanopygus",1,0,""
2024,4,23,"9_48","10_05","4","Rock","R1","VIVI","Bombus_melanopygus",2,0,""
2024,4,23,"9_48","10_05","4","Rock","R1","VIVI","Bombus_melanopygus",2,0,""
2024,4,23,"9_48","10_05","4","Rock","R1","VIVI","Apis_mellifera",2,0,""
2024,4,23,"9_48","10_05","4","Rock","R1","VIVI","Bombus_melanopygus",6,0,""
2024,4,23,"9_48","10_05","4","Rock","R1","VIVI","Bombus_melanopygus",1,0,""
2024,4,23,"10_13","10_29","1","Upper_Grid_2","UG2_1","TRFU","Listrus_sp._1",1,5,""
2024,4,23,"10_13","10_29","1","Upper_Grid_2","UG2_1","TRFU","Listrus_sp._1",1,5,""
2024,4,23,"10_13","10_29","1","Upper_Grid_2","UG2_1","VIVI","Bombus_vosnesenskii",1,0,""
2024,4,23,"10_13","10_29","2","Upper_Grid_2","UG2_1","VIVI","Bombus_melanopygus",4,0,""
2024,4,23,"10_13","10_29","2","Upper_Grid_2","UG2_1","VIVI","Bombus_melanopygus",4,0,""
2024,4,23,"10_13","10_29","2","Upper_Grid_2","UG2_1","VIVI","Muscidae",1,0,""
2024,4,23,"10_13","10_29","2","Upper_Grid_2","UG2_1","DEHE","Listrus_sp._1",1,0,""
2024,4,23,"10_13","10_29","2","Upper_Grid_2","UG2_1","VIVI","Bombus_melanopygus",1,0,""
2024,4,23,"10_13","10_29","4","Upper_Grid_2","UG2_2","VIVI","Apis_mellifera",1,0,""
2024,4,23,"10_13","10_29","4","Upper_Grid_2","UG2_2","VIVI","Apis_mellifera",2,0,""
2024,4,23,"10_13","10_29","4","Upper_Grid_2","UG2_2","VIVI","Muscidae",1,0,""
2024,4,23,"10_13","10_29","4","Upper_Grid_2","UG2_2","VIVI","Eucera_actuosa",1,0,""
2024,4,23,"10_13","10_29","4","Upper_Grid_2","UG2_2","VIVI","Apis_mellifera",1,0,""
2024,4,23,"10_13","10_29","4","Upper_Grid_2","UG2_2","VIVI","Apis_mellifera",1,0,""
2024,4,23,"10_58","11_17","1","Felch","F1","VIVI","Bombus_vosnesenskii",1,0,""
2024,4,23,"10_58","11_17","1","Felch","F1","TRFU","Bombus_vosnesenskii",10,0,""
2024,4,23,"10_58","11_17","1","Felch","F1","VIVI","Bombus_vosnesenskii",11,0,""
2024,4,23,"10_58","11_17","1","Felch","F1","VIVI","Bombus_vosnesenskii",1,0,""
2024,4,23,"10_58","11_17","1","Felch","F1","VIVI","Glaucophysche_lygdamus",1,0,""
2024,4,23,"10_58","11_17","1","Felch","F1","VIVI","Bombus_vosnesenskii",1,0,""
2024,4,23,"10_58","11_17","1","Felch","F1","VIVI","Eucera_actuosa",1,0,""
2024,4,23,"10_58","11_17","1","Felch","F1","VIVI","Glaucophysche_lygdamus",1,0,""
2024,4,23,"10_58","11_17","1","Felch","F1","VIVI","Bombus_melanopygus",2,0,""
2024,4,23,"10_58","11_17","1","Felch","F1","LACA","Adela_trigrapha",1,3,""
2024,4,23,"10_58","11_17","1","Felch","F1","LACA","Adela_trigrapha",1,5,""
2024,4,23,"10_58","11_17","1","Felch","F1","LACA","Adela_trigrapha",1,5,""
2024,4,23,"10_58","11_17","1","Felch","F1","LACA","BF1_Diptera",1,5,""
2024,4,23,"10_58","11_17","1","Felch","F1","LACA","BF1_Diptera",1,5,""
2024,4,23,"10_58","11_17","1","Felch","F1","LACA","Listrus_sp._1",1,5,""
2024,4,23,"10_58","11_17","1","Felch","F1","VIVI","Bombus_vosnesenskii",3,0,""
2024,4,23,"10_58","11_17","1","Felch","F1","VIVI","Bombus_vosnesenskii",3,0,""
2024,4,23,"10_58","11_17","1","Felch","F1","TRFU","Bombus_vosnesenskii",3,0,""
2024,4,23,"10_58","11_17","1","Felch","F1","GEDI","Eucera_actuosa",2,0,""
2024,4,23,"10_58","11_17","1","Felch","F1","GEDI","Eucera_actuosa",1,0,""
2024,4,23,"10_58","11_17","1","Felch","F1","VIVI","Apis_mellifera",3,0,""
2024,4,23,"10_58","11_17","1","Felch","F1","VIVI","Bombus_melanopygus",3,0,""
2024,4,23,"10_58","11_17","1","Felch","F1","VIVI","Bombus_melanopygus",5,0,""
2024,4,23,"10_58","11_17","1","Felch","F1","VIVI","Bombus_vosnesenskii",1,0,""
2024,4,23,"10_58","11_17","1","Felch","F1","VIVI","Bombus_melanopygus",1,0,""
2024,4,23,"10_58","11_17","1","Felch","F1","VIVI","Bombus_vosnesenskii",2,0,""
2024,4,23,"11_25","11_53","1","Goatgrass","SG1","LACA","BF1_Diptera",1,1,""
2024,4,23,"11_25","11_53","1","Goatgrass","SG1","LACA","BF1_Diptera",1,1,""
2024,4,23,"11_25","11_53","1","Goatgrass","SG1","LACA","BF1_Diptera",1,1,""
2024,4,23,"11_25","11_53","1","Goatgrass","SG1","LACA","BF1_Diptera",1,1,""
2024,4,23,"11_25","11_53","1","Goatgrass","SG1","LACA","BF1_Diptera",1,1,""
2024,4,23,"11_25","11_53","1","Goatgrass","SG1","VIVI","Bombus_melanopygus",5,0,""
2024,4,23,"11_25","11_53","1","Goatgrass","SG1","LACA","Scaeva_affinis",2,0,""
2024,4,23,"11_25","11_53","1","Goatgrass","SG1","LACA","BF1_Diptera",1,0,""
2024,4,23,"11_25","11_53","1","Goatgrass","SG1","LACA","BF1_Diptera",1,0,""
2024,4,23,"11_25","11_53","1","Goatgrass","SG1","LACA","Bombylius_major",2,0,""
2024,4,23,"11_25","11_53","1","Goatgrass","SG1","LACA","Andrena_dissona",4,0,""
2024,4,23,"11_25","11_53","1","Goatgrass","SG1","VIVI","Bombus_melanopygus",4,0,""
2024,4,23,"11_25","11_53","1","Goatgrass","SG1","LUBI","Bombus_melanopygus",1,0,""
2024,4,23,"11_25","11_53","1","Goatgrass","SG1","LACA","Andrena_dissona",2,0,""
2024,4,23,"11_25","11_53","1","Goatgrass","SG1","VIVI","Bombus_melanopygus",6,0,""
2024,4,23,"11_25","11_53","1","Goatgrass","SG1","LACA","Cyrtopogon_sp.",1,0,""
2024,4,23,"11_25","11_53","1","Goatgrass","SG1","LACA","BF1_Diptera",1,0,""
2024,4,23,"11_25","11_53","1","Goatgrass","SG1","LACA","BF1_Diptera",1,0,""
2024,4,23,"11_25","11_53","1","Goatgrass","SG1","LACA","BF1_Diptera",1,1,""
2024,4,23,"11_25","11_53","1","Goatgrass","SG1","LACA","BF1_Diptera",1,0,""
2024,4,23,"11_25","11_53","1","Goatgrass","SG1","LACA","Andrena_subchalybea",1,0,""
2024,4,23,"11_25","11_53","1","Goatgrass","SG1","VIVI","Apis_mellifera",1,0,""
2024,4,23,"11_25","11_53","1","Goatgrass","SG1","LACA","BF1_Diptera",1,0,""
2024,4,23,"11_25","11_53","1","Goatgrass","SG1","LACA","BF1_Diptera",1,0,""
2024,4,23,"11_25","11_53","1","Goatgrass","SG1","LACA","BF1_Diptera",1,0,""
2024,4,23,"11_25","11_53","1","Goatgrass","SG1","LACA","BF1_Diptera",1,0,""
2024,4,23,"11_25","11_53","1","Goatgrass","SG1","LACA","BF1_Diptera",1,0,""
2024,4,23,"11_25","11_53","1","Goatgrass","SG1","VIVI","Bombus_vosnesenskii",3,0,""
2024,4,23,"11_25","11_53","1","Goatgrass","SG1","LACA","Sphaerophoria_sp.",1,0,""
2024,4,23,"11_25","11_53","1","Goatgrass","SG1","LACA","BF1_Diptera",1,0,""
2024,4,23,"11_25","11_53","1","Goatgrass","SG1","LACA","BF1_Diptera",1,0,""
2024,4,23,"11_25","11_53","1","Goatgrass","SG1","VIVI","Bombus_vosnesenskii",2,0,""
2024,4,23,"11_25","11_53","1","Goatgrass","SG1","LACA","BF1_Diptera",1,1,""
2024,4,23,"11_25","11_53","1","Goatgrass","SG1","LACA","Listrus_sp._1",1,1,""
2024,4,23,"11_25","11_53","2","Goatgrass","SG1","VIVI","Bombus_melanopygus",2,0,""
2024,4,23,"11_25","11_53","2","Goatgrass","SG1","VIVI","Bombus_melanopygus",4,0,""
2024,4,23,"11_25","11_53","2","Goatgrass","SG1","VIVI","Bombus_melanopygus",3,0,""
2024,4,23,"11_25","11_53","2","Goatgrass","SG1","VIVI","Bombus_melanopygus",1,0,""
2024,4,23,"11_25","11_53","2","Goatgrass","SG1","VIVI","Bombus_vosnesenskii",1,0,""
2024,4,23,"11_25","11_53","2","Goatgrass","SG1","VIVI","Bombus_melanopygus",2,0,""
2024,4,23,"11_25","11_53","2","Goatgrass","SG1","VIVI","Bombus_melanopygus",3,0,""
2024,4,23,"11_25","11_53","2","Goatgrass","SG1","VIVI","Bombus_melanopygus",1,0,""
2024,4,23,"11_25","11_53","2","Goatgrass","SG1","VIVI","Bombus_melanopygus",1,0,""
2024,4,23,"11_25","11_53","2","Goatgrass","SG1","VIVI","Bombus_melanopygus",5,0,""
2024,4,23,"11_25","11_53","2","Goatgrass","SG1","VIVI","Bombus_melanopygus",3,0,""
2024,4,23,"11_25","11_53","2","Goatgrass","SG1","VIVI","Bombus_melanopygus",1,0,""
2024,4,23,"11_25","11_53","2","Goatgrass","SG1","VIVI","Bombus_melanopygus",1,0,""
2024,4,23,"11_25","11_53","2","Goatgrass","SG1","VIVI","Bombus_melanopygus",2,0,""
2024,4,23,"11_25","11_53","2","Goatgrass","SG1","VIVI","Bombus_melanopygus",2,0,""
2024,4,23,"11_25","11_53","2","Goatgrass","SG1","VIVI","Glaucophysche_lygdamus",1,0,""
2024,4,23,"11_25","11_53","2","Goatgrass","SG1","VIVI","Bombus_melanopygus",4,0,""
2024,4,23,"11_25","11_53","2","Goatgrass","SG1","VIVI","Bombus_melanopygus",3,0,""
2024,4,23,"11_25","11_53","2","Goatgrass","SG1","VIVI","Bombus_vosnesenskii",9,0,""
2024,4,23,"11_25","11_53","2","Goatgrass","SG1","VIVI","Bombus_melanopygus",2,0,""
2024,4,23,"11_25","11_53","2","Goatgrass","SG1","VIVI","Bombus_melanopygus",1,0,""
2024,4,23,"11_25","11_53","2","Goatgrass","SG1","VIVI","Bombus_melanopygus",2,0,""
2024,4,23,"11_25","11_53","2","Goatgrass","SG1","VIVI","Bombus_melanopygus",1,0,""
2024,4,23,"11_25","11_53","2","Goatgrass","SG1","VIVI","Eucera_actuosa",1,0,""
2024,4,23,"11_25","11_53","2","Goatgrass","SG1","VIVI","Bombus_melanopygus",3,0,""
2024,4,23,"11_25","11_53","2","Goatgrass","SG1","VIVI","Bombus_melanopygus",1,0,""
2024,4,23,"11_25","11_53","2","Goatgrass","SG1","LACA","BF1_Diptera",1,0,""
2024,4,23,"11_25","11_53","2","Goatgrass","SG1","LACA","BF1_Diptera",1,0,""
2024,4,23,"11_25","11_53","2","Goatgrass","SG1","LACA","BF1_Diptera",1,0,""
2024,4,23,"11_25","11_53","2","Goatgrass","SG1","VIVI","Bombus_melanopygus",2,0,""
2024,4,23,"11_25","11_53","2","Goatgrass","SG1","VIVI","Bombus_melanopygus",4,0,""
2024,4,23,"11_25","11_53","2","Goatgrass","SG1","VIVI","Bombus_melanopygus",4,0,""
2024,4,23,"12_39","1_50","1","Anu","A4","TRFU","Bombus_vosnesenskii",1,0,""
2024,4,23,"12_39","1_50","1","Anu","A4","LACA","BF1_Diptera",1,0,""
2024,4,23,"12_39","1_50","1","Anu","A4","LACA","BF1_Diptera",1,0,""
2024,4,23,"12_39","1_50","1","Anu","A4","TRFU","Apis_mellifera",2,0,""
2024,4,23,"12_39","1_50","1","Anu","A4","TRFU","Glaucophysche_lygdamus",2,0,""
2024,4,23,"12_39","1_50","1","Anu","A4","TRFU","Bombus_vosnesenskii",21,0,""
2024,4,23,"12_39","1_50","1","Anu","A4","TRFU","Osmia_cara",1,0,""
2024,4,23,"12_39","1_50","1","Anu","A4","TRFU","Eucera_actuosa",2,0,""
2024,4,23,"12_39","1_50","1","Anu","A4","TRFU","Osmia_cara",1,0,""
2024,4,23,"12_39","1_50","1","Anu","A4","TRFU","Glaucophysche_lygdamus",2,0,""
2024,4,23,"12_39","1_50","1","Anu","A4","TRFU","Eucera_actuosa",4,0,""
2024,4,23,"12_39","1_50","1","Anu","A4","LACA","Bombylius_major",1,2,""
2024,4,23,"12_39","1_50","1","Anu","A4","LACA","Bombylius_major",1,2,""
2024,4,23,"12_39","1_50","1","Anu","A4","LACA","Bombylius_major",2,2,""
2024,4,23,"12_39","1_50","1","Anu","A4","LACA","BF1_Diptera",1,2,""
2024,4,23,"12_39","1_50","1","Anu","A4","LACA","BF1_Diptera",1,2,""
2024,4,23,"12_39","1_50","1","Anu","A4","LACA","Listrus_sp._1",1,2,""
2024,4,23,"12_39","1_50","1","Anu","A4","LACA","Andrena_pensilis",2,1,""
2024,4,23,"12_39","1_50","1","Anu","A4","TRFU","Coenonympha_californica",1,5,""
2024,4,23,"12_39","1_50","1","Anu","A4","LACA","Bombylius_major",1,1,""
2024,4,23,"12_39","1_50","1","Anu","A4","TRFU","Apis_mellifera",2,1,""
2024,4,23,"12_39","1_50","1","Anu","A4","TRFU","Cyrtopogon_sp.",1,1,""
2024,4,23,"12_39","1_50","1","Anu","A4","TRFU","Cyrtopogon_sp.",1,0,""
2024,4,23,"12_39","1_50","1","Anu","A4","TRFU","Bombus_vosnesenskii",1,5,""
2024,4,23,"12_39","1_50","1","Anu","A4","TRFU","Bombus_vosnesenskii",5,5,""
2024,4,23,"12_39","1_50","1","Anu","A4","LACA","Cyrtopogon_sp.",1,5,""
2024,4,23,"12_39","1_50","1","Anu","A4","LACA","Cyrtopogon_sp.",1,5,""
2024,4,23,"12_39","1_50","1","Anu","A4","TRFU","Bombus_vosnesenskii",1,10,""
2024,4,23,"12_39","1_50","1","Anu","A4","TRFU","Bombus_vosnesenskii",1,0,""
2024,4,23,"12_39","1_50","1","Anu","A4","LACA","Cyrtopogon_sp.",1,10,""
2024,4,23,"12_39","1_50","1","Anu","A4","LACA","Bombylius_major",1,10,""
2024,4,23,"12_39","1_50","1","Anu","A4","TRFU","Bombus_vosnesenskii",3,10,""
2024,4,23,"12_39","1_50","1","Anu","A4","LACA","Cyrtopogon_sp.",1,10,""
2024,4,23,"12_39","1_50","1","Anu","A4","LACA","Cyrtopogon_sp.",1,10,""
2024,4,23,"12_39","1_50","1","Anu","A4","LACA","Cyrtopogon_sp.",1,10,""
2024,4,23,"12_39","1_50","1","Anu","A4","LACA","Cyrtopogon_sp.",1,10,""
2024,4,23,"12_39","1_50","1","Anu","A4","LACA","Cyrtopogon_sp.",1,10,""
2024,4,23,"12_39","1_50","1","Anu","A4","RACA","Andrena_subchalybea",2,15,""
2024,4,23,"12_39","1_50","1","Anu","A4","TRFU","Bombus_vosnesenskii",7,15,""
2024,4,23,"12_39","1_50","1","Anu","A4","TRFU","Bombus_melanopygus",2,15,""
2024,4,23,"12_39","1_50","1","Anu","A4","TRFU","Bombus_vosnesenskii",1,15,""
2024,4,23,"12_39","1_50","1","Anu","A4","TRFU","Bombus_vosnesenskii",3,15,""
2024,4,23,"12_39","1_50","1","Anu","A4","TRLA","Listrus_sp._1",1,5,""
2024,4,23,"12_39","1_50","1","Anu","A4","TRLA","Andrena_pallidifovea",1,20,""
2024,4,23,"12_39","1_50","1","Anu","A4","TRFU","Osmia_cara",1,50,""
2024,4,23,"12_39","1_50","1","Anu","A4","TRFU","Apis_mellifera",1,50,""
2024,4,23,"12_39","1_50","1","Anu","A4","TRFU","Apis_mellifera",2,50,""
2024,4,23,"12_39","1_50","1","Anu","A4","TRFU","Bombus_vosnesenskii",4,55,""
2024,4,23,"12_39","1_50","1","Anu","A4","TRFU","Apis_mellifera",2,50,""
2024,4,23,"12_39","1_50","1","Anu","A4","TRFU","Andrena_pallidifovea",1,50,""
2024,4,23,"12_39","1_50","1","Anu","A4","TRFU","Apis_mellifera",1,50,""
2024,4,23,"12_39","1_50","1","Anu","A4","TRFU","Bombus_vosnesenskii",1,70,""
2024,4,23,"12_39","1_50","1","Anu","A4","TRFU","Bombus_vosnesenskii",2,60,""
2024,4,23,"12_39","1_50","1","Anu","A4","TRFU","Bombus_vosnesenskii",4,60,""
2024,4,23,"12_39","1_50","1","Anu","A4","TRLA","Helithodes_dimutiva",1,60,""
2024,4,23,"12_39","1_50","1","Anu","A4","TRFU","Bombus_vosnesenskii",1,60,""
2024,4,23,"12_39","1_50","1","Anu","A4","TRFU","Eucera_actuosa",1,70,""
2024,4,23,"12_39","1_50","1","Anu","A4","TRFU","Bombus_californicus",3,80,""
2024,4,23,"12_39","1_50","1","Anu","A4","TRFU","Osmia_sp.",2,80,""
2024,4,23,"12_39","1_50","1","Anu","A4","TRFU","Bombus_sp.",1,80,""
2024,4,23,"12_39","1_50","1","Anu","A4","TRFU","Glaucophysche_lygdamus",1,90,""
2024,4,23,"12_39","1_50","1","Anu","A4","TRFU","Bombus_vosnesenskii",14,90,""
2024,4,23,"12_39","1_50","1","Anu","A4","TRFU","Osmia_cara",3,90,""
2024,4,23,"12_39","1_50","1","Anu","A4","TRFU","Eucera_actuosa",1,90,""
2024,4,23,"12_39","1_50","1","Anu","A4","TRLA","Coenonympha_californica",1,90,""
2024,4,23,"12_39","1_50","1","Anu","A4","TRFU","Osmia_cara",1,100,""
2024,4,23,"12_39","1_50","1","Anu","A4","TRFU","Bombus_californicus",6,100,""
2024,4,23,"12_39","1_50","1","Anu","A4","TRFU","Osmia_cara",1,100,""
2024,4,23,"12_39","1_50","2","Anu","A4","TRFU","Listrus_sp._1",1,110,""
2024,4,23,"12_39","1_50","2","Anu","A4","TRFU","Listrus_sp._1",1,110,""
2024,4,23,"12_39","1_50","2","Anu","A4","LACA","BF1_Diptera",1,110,""
2024,4,23,"12_39","1_50","2","Anu","A4","LACA","BF1_Diptera",1,110,""
2024,4,23,"12_39","1_50","2","Anu","A4","LACA","BF1_Diptera",1,110,""
2024,4,23,"12_39","1_50","2","Anu","A4","LACA","BF1_Diptera",1,110,""
2024,4,23,"12_39","1_50","2","Anu","A4","TRFU","Coenonympha_californica",1,120,""
2024,4,23,"12_39","1_50","2","Anu","A4","TRFU","Eucera_frater_albopilosa",6,110,""
2024,4,23,"12_39","1_50","2","Anu","A4","LACA","Malachius_sp.",1,110,""
2024,4,23,"12_39","1_50","2","Anu","A4","LACA","Andrena_subchalybea",1,110,""
2024,4,23,"12_39","1_50","2","Anu","A4","LACA","Listrus_sp._1",1,110,""
2024,4,23,"12_39","1_50","2","Anu","A4","TRFU","Bombus_vosnesenskii",1,80,""
2024,4,23,"12_39","1_50","2","Anu","A4","TRFU","Coenonympha_californica",2,100,""
2024,4,23,"12_39","1_50","2","Anu","A4","TRFU","Coenonympha_californica",1,80,""
2024,4,23,"12_39","1_50","2","Anu","A4","TRFU","Eucera_actuosa",4,80,""
2024,4,23,"12_39","1_50","2","Anu","A4","TRFU","Bombus_vosnesenskii",5,70,""
2024,4,23,"12_39","1_50","2","Anu","A4","TRFU","Bombus_vosnesenskii",8,70,""
2024,4,23,"12_39","1_50","2","Anu","A4","TRFU","Bombus_vosnesenskii",4,70,""
2024,4,23,"12_39","1_50","2","Anu","A4","LACA","BF1_Diptera",1,70,""
2024,4,23,"12_39","1_50","2","Anu","A4","LACA","BF1_Diptera",1,70,""
2024,4,23,"12_39","1_50","2","Anu","A4","LACA","BF1_Diptera",1,65,""
2024,4,23,"12_39","1_50","2","Anu","A4","LACA","BF1_Diptera",1,65,""
2024,4,23,"12_39","1_50","2","Anu","A4","TRFU","Bombus_californicus",4,60,""
2024,4,23,"12_39","1_50","2","Anu","A4","TRFU","Osmia_cara",2,60,""
2024,4,23,"12_39","1_50","2","Anu","A4","TRFU","Bombus_vosnesenskii",2,60,""
2024,4,23,"12_39","1_50","2","Anu","A4","TRFU","Osmia_cara",2,60,""
2024,4,23,"12_39","1_50","2","Anu","A4","TRFU","Bombus_vosnesenskii",1,50,""
2024,4,23,"12_39","1_50","2","Anu","A4","TRFU","Eucera_frater_albopilosa",8,50,""
2024,4,23,"12_39","1_50","2","Anu","A4","TRFU","Bombus_vosnesenskii",6,50,""
2024,4,23,"12_39","1_50","2","Anu","A4","LACA","Listrus_sp._1",1,50,""
2024,4,23,"12_39","1_50","2","Anu","A4","LACA","BF1_Diptera",1,50,""
2024,4,23,"12_39","1_50","2","Anu","A4","LACA","Nomada_hesperia",1,50,""
2024,4,23,"12_39","1_50","2","Anu","A4","TRFU","Coenonympha_californica",1,50,""
2024,4,23,"12_39","1_50","2","Anu","A4","TRFU","Bombus_vosnesenskii",16,30,""
2024,4,23,"12_39","1_50","2","Anu","A4","TRFU","Osmia_cara",1,30,""
2024,4,23,"12_39","1_50","2","Anu","A4","TRFU","Bombus_californicus",2,50,"27"
2024,4,23,"12_39","1_50","2","Anu","A4","LACA","Cyrtopogon_sp.",1,10,""
2024,4,23,"12_39","1_50","2","Anu","A4","LACA","Cyrtopogon_sp.",1,10,""
2024,4,23,"12_39","1_50","2","Anu","A4","LACA","Cyrtopogon_sp.",1,10,""
2024,4,23,"12_39","1_50","2","Anu","A4","LACA","Andrena_subchalybea",1,10,""
2024,4,23,"12_39","1_50","2","Anu","A4","TRFU","Bombus_californicus",2,5,""
2024,4,23,"12_39","1_50","2","Anu","A4","TRFU","Bombus_californicus",2,5,""
2024,4,23,"12_39","1_50","2","Anu","A4","VIVI","Bombus_melanopygus",2,0,""
2024,4,23,"12_39","1_50","2","Anu","A4","LACA","Cyrtopogon_sp.",1,0,""
2024,4,23,"12_39","1_50","2","Anu","A4","LACA","Helithodes_dimutiva",1,0,""
2024,4,23,"12_39","1_50","2","Anu","A4","VIVI","Bombus_vosnesenskii",2,0,""
2024,4,23,"12_39","1_50","2","Anu","A4","TRFU","Bombus_vosnesenskii",5,0,""
2024,4,23,"12_39","1_50","2","Anu","A4","VIVI","Bombus_vosnesenskii",2,0,""
2024,4,23,"12_39","1_50","2","Anu","A4","LACA","Cyrtopogon_sp.",1,0,""
2024,4,23,"12_39","1_50","2","Anu","A4","LACA","Cyrtopogon_sp.",1,0,""
2024,4,23,"12_39","1_50","2","Anu","A4","LACA","Cyrtopogon_sp.",1,0,""
2024,4,23,"12_39","1_50","2","Anu","A4","LACA","BF1_Diptera",1,0,""
2024,4,23,"12_39","1_50","2","Anu","A4","VIVI","Bombus_melanopygus",2,0,""
2024,4,23,"12_39","1_50","2","Anu","A4","LACA","Bombylius_major",1,1,""
2024,4,23,"12_39","1_50","2","Anu","A4","TRFU","Bombus_vosnesenskii",31,0,""
2024,4,23,"12_39","1_50","2","Anu","A4","LACA","Cyrtopogon_sp.",1,0,""
2024,4,23,"12_39","1_50","2","Anu","A4","LACA","Cyrtopogon_sp.",1,0,""
2024,4,23,"12_39","1_50","2","Anu","A4","TRFU","Bombus_californicus",1,0,""
2024,4,23,"12_39","1_50","2","Anu","A4","VIVI","Bombus_vosnesenskii",1,0,""
2024,4,23,"1_53","2_21","1","Anu","A3","TRFU","reddish_Sphaerophoria_sp.",3,100,""
2024,4,23,"1_53","2_21","1","Anu","A3","TRFU","Coenonympha_californica",1,90,""
2024,4,23,"1_53","2_21","1","Anu","A3","TRFU","Bombus_californicus",1,50,""
2024,4,23,"1_53","2_21","1","Anu","A3","TRFU","Osmia_cara",2,100,""
2024,4,23,"1_53","2_21","1","Anu","A3","TRFU","Bombus_californicus",3,50,""
2024,4,23,"1_53","2_21","1","Anu","A3","TRLA","Eucera_frater_albopilosa",1,50,""
2024,4,23,"1_53","2_21","1","Anu","A3","TRLA","Eucera_frater_albopilosa",1,50,""
2024,4,23,"1_53","2_21","1","Anu","A3","TRLA","Listrus_sp._1",1,10,""
2024,4,23,"1_53","2_21","1","Anu","A3","TRFU","Bombus_californicus",4,0,""
2024,4,23,"1_53","2_21","1","Anu","A3","TRFU","Bombus_vosnesenskii",4,15,""
2024,4,23,"1_53","2_21","1","Anu","A3","TRFU","Bombus_vosnesenskii",2,15,""
2024,4,23,"1_53","2_21","1","Anu","A3","TRFU","Bombus_vosnesenskii",2,20,""
2024,4,23,"1_53","2_21","1","Anu","A3","TRLA","Listrus_sp._1",1,20,""
2024,4,23,"1_53","2_21","1","Anu","A3","TRFU","Bombus_vosnesenskii",1,20,""
2024,4,23,"1_53","2_21","1","Anu","A3","TRFU","Bombus_melanopygus",1,20,""
2024,4,23,"1_53","2_21","1","Anu","A3","TRFU","Bombus_vosnesenskii",4,20,""
2024,4,23,"1_53","2_21","1","Anu","A3","RACA","BF1_Diptera",1,20,""
2024,4,23,"1_53","2_21","1","Anu","A3","TRFU","Bombus_vosnesenskii",1,20,""
2024,4,23,"1_53","2_21","1","Anu","A3","TRLA","Listrus_sp._1",1,10,""
2024,4,23,"1_53","2_21","1","Anu","A3","TRFU","Bombus_vosnesenskii",12,15,""
2024,4,23,"2_21","2_52","1","Anu","A2","VIVI","Apis_mellifera",1,0,""
2024,4,23,"2_21","2_52","1","Anu","A2","VIVI","Bombus_melanopygus",2,0,""
2024,4,23,"2_21","2_52","1","Anu","A2","VIVI","Apis_mellifera",3,0,""
2024,4,23,"2_21","2_52","1","Anu","A2","VIVI","Apis_mellifera",3,0,""
2024,4,23,"2_21","2_52","1","Anu","A2","VIVI","Bombus_melanopygus",1,0,""
2024,4,23,"2_21","2_52","1","Anu","A2","VIVI","Apis_mellifera",1,0,""
2024,4,23,"2_21","2_52","1","Anu","A2","TRFU","Bombus_vosnesenskii",1,50,""
2024,4,23,"2_21","2_52","1","Anu","A2","VIVI","Apis_mellifera",1,0,""
2024,4,23,"2_21","2_52","1","Anu","A2","TRFU","Apis_mellifera",3,0,""
2024,4,23,"2_21","2_52","1","Anu","A2","TRLA","Listrus_sp._1",1,5,""
2024,4,23,"2_21","2_52","1","Anu","A2","LACA","Bombylius_major",3,15,""
2024,4,23,"2_21","2_52","1","Anu","A2","LACA","Nomada_hesperia",1,20,""
2024,4,23,"2_21","2_52","1","Anu","A2","TRFU","Osmia_cara",1,20,""
2024,4,23,"2_21","2_52","1","Anu","A2","TRFU","Bombus_vosnesenskii",1,20,""
2024,4,23,"2_21","2_52","1","Anu","A2","TRLA","Bombylius_major",1,20,""
2024,4,23,"2_21","2_52","1","Anu","A2","TRFU","Bombus_vosnesenskii",1,20,"32"
2024,4,23,"2_21","2_52","1","Anu","A2","TRFU","Bombus_vosnesenskii",21,20,""
2024,4,23,"2_21","2_52","1","Anu","A2","TRFU","Apis_mellifera",1,20,""
2024,4,23,"2_21","2_52","1","Anu","A2","TRFU","Apis_mellifera",1,20,""
2024,4,23,"2_21","2_52","1","Anu","A2","TRFU","BF1_Diptera",1,40,"40"
2024,4,23,"2_21","2_52","1","Anu","A2","LACA","Bombylius_major",1,40,""
2024,4,23,"2_21","2_52","1","Anu","A2","TRFU","Eucera_actuosa",2,40,""
2024,4,23,"2_21","2_52","1","Anu","A2","TRFU","Listrus_sp._1",1,50,"41"
2024,4,23,"2_21","2_52","1","Anu","A2","TRFU","Helithodes_dimutiva",2,50,""
2024,4,23,"2_21","2_52","1","Anu","A2","LACA","BF1_Diptera",1,50,""
2024,4,23,"2_21","2_52","1","Anu","A2","LACA","BF1_Diptera",1,50,""
2024,4,23,"2_21","2_52","1","Anu","A2","LACA","BF1_Diptera",1,50,""
2024,4,23,"2_21","2_52","1","Anu","A2","TRFU","Coenonympha_californica",1,100,""
2024,4,23,"2_21","2_52","1","Anu","A2","TRFU","Coenonympha_californica",1,100,""
2024,4,23,"2_21","2_52","1","Anu","A2","TRLA","Osmia_nemoris",2,100,""
2024,4,23,"2_21","2_52","1","Anu","A2","TRFU","Bombus_californicus",5,110,""
2024,4,23,"2_21","2_52","1","Anu","A2","TRFU","Bombus_vosnesenskii",4,100,""
2024,4,23,"2_21","2_52","1","Anu","A2","TRFU","Bombus_vosnesenskii",9,110,""
2024,4,23,"2_21","2_52","1","Anu","A2","TRFU","Coenonympha_californica",1,100,""
2024,4,23,"2_21","2_52","1","Anu","A2","TRFU","Osmia_cara",2,120,""
2024,4,23,"2_21","2_52","1","Anu","A2","TRLA","Osmia_cara",1,120,""
2024,4,23,"2_21","2_52","1","Anu","A2","LACA","Bombylius_major",1,120,""
2024,4,23,"2_59","3_25","1","Anu","A1","TRFU","Bombus_californicus",3,5,""
2024,4,23,"2_59","3_25","1","Anu","A1","LACA","BF1_Diptera",1,5,""
2024,4,23,"2_59","3_25","1","Anu","A1","DICA","Listrus_sp._1",1,7,""
2024,4,23,"2_59","3_25","1","Anu","A1","TRFU","Bombus_californicus",3,0,""
2024,4,23,"2_59","3_25","1","Anu","A1","TRFU","Listrus_sp._1",1,6,""
2024,4,23,"2_59","3_25","1","Anu","A1","TRFU","Listrus_sp._1",1,0,"16,17,18"
2024,4,23,"2_59","3_25","1","Anu","A1","TRFU","Bombus_vosnesenskii",14,0,""
2024,4,23,"2_59","3_25","1","Anu","A1","VIVI","Glaucophysche_lygdamus",2,0,""
2024,4,23,"2_59","3_25","1","Anu","A1","TRFU","Glaucophysche_lygdamus",1,0,""
2024,4,23,"2_59","3_25","1","Anu","A1","TRFU","Bombus_vosnesenskii",3,1,""
2024,4,23,"2_59","3_25","1","Anu","A1","LACA","Bombylius_major",1,1,""
2024,4,23,"2_59","3_25","1","Anu","A1","TRFU","Glaucophysche_lygdamus",1,0,""
2024,4,23,"2_59","3_25","1","Anu","A1","LACA","BF1_Diptera",1,1,""
2024,4,23,"2_59","3_25","1","Anu","A1","LACA","BF1_Diptera",1,1,""
2024,4,23,"2_59","3_25","1","Anu","A1","LACA","Listrus_sp._1",1,1,""
2024,4,23,"2_59","3_25","1","Anu","A1","VIVI","Bombus_melanopygus",2,0,""
2024,4,23,"2_59","3_25","1","Anu","A1","TRFU","Listrus_sp._1",1,0,"31"
2024,4,23,"2_59","3_25","1","Anu","A1","VIVI","Apis_mellifera",1,0,""
2024,4,23,"2_59","3_25","1","Anu","A1","TRFU","Coenonympha_californica",1,0,""
2024,4,23,"2_59","3_25","1","Anu","A1","LACA","Listrus_sp._1",1,2,""
2024,4,23,"2_59","3_25","1","Anu","A1","VIVI","Apis_mellifera",1,0,""
2024,4,23,"2_59","3_25","1","Anu","A1","VIVI","Bombus_vosnesenskii",2,0,""
2024,4,23,"2_59","3_25","1","Anu","A1","TRFU","Bombus_vosnesenskii",3,1,""
2024,4,23,"2_59","3_25","1","Anu","A1","LACA","Listrus_sp._1",1,1,""
2024,4,23,"2_59","3_25","1","Anu","A1","LACA","Listrus_sp._1",1,1,""
2024,4,23,"2_59","3_25","1","Anu","A1","VIVI","Apis_mellifera",3,0,""
2024,4,23,"2_59","3_25","1","Anu","A1","VIVI","Bombus_californicus",3,0,""
2024,4,23,"2_59","3_25","1","Anu","A1","VIVI","Apis_mellifera",4,0,""
2024,4,23,"2_59","3_25","1","Anu","A1","VIVI","Apis_mellifera",1,0,""
2024,4,23,"2_59","3_25","1","Anu","A1","VIVI","Bombus_vosnesenskii",2,0,""
2024,4,23,"2_59","3_25","1","Anu","A1","VIVI","Coenonympha_californica",1,0,""
2024,4,23,"2_59","3_25","1","Anu","A1","VIVI","Apis_mellifera",2,0,""
2024,4,23,"2_59","3_25","1","Anu","A1","VIVI","Apis_mellifera",3,0,""
2024,4,23,"2_59","3_25","1","Anu","A1","VIVI","Apis_mellifera",1,0,""
2024,4,23,"2_59","3_25","1","Anu","A1","VIVI","Bombus_melanopygus",1,0,""
2024,4,24,"10_33","11_22","1","Coyote","C1","VIVI","Bombus_vosnesenskii",4,0,""
2024,4,24,"10_33","11_22","1","Coyote","C1","VIVI","Bombus_vosnesenskii",1,0,""
2024,4,24,"10_33","11_22","1","Coyote","C1","VIVI","Bombus_melanopygus",2,0,""
2024,4,24,"10_33","11_22","1","Coyote","C1","VIVI","Bombus_vosnesenskii",4,0,""
2024,4,24,"10_33","11_22","1","Coyote","C1","VIVI","Bombus_vosnesenskii",2,0,""
2024,4,24,"10_33","11_22","1","Coyote","C1","VIVI","Bombus_vosnesenskii",1,0,""
2024,4,24,"10_33","11_22","1","Coyote","C1","VIVI","Bombus_melanopygus",3,0,""
2024,4,24,"10_33","11_22","1","Coyote","C1","VIVI","Bombus_melanopygus",2,0,""
2024,4,24,"10_33","11_22","1","Coyote","C1","VIVI","Bombus_melanopygus",1,0,""
2024,4,24,"10_33","11_22","1","Coyote","C1","VIVI","Bombus_melanopygus",2,0,""
2024,4,24,"10_33","11_22","1","Coyote","C1","VIVI","Bombus_melanopygus",5,0,""
2024,4,24,"10_33","11_22","1","Coyote","C1","VIVI","Bombus_melanopygus",3,0,""
2024,4,24,"10_33","11_22","1","Coyote","C1","VIVI","Bombus_melanopygus",1,0,""
2024,4,24,"10_33","11_22","1","Coyote","C1","VIVI","Bombus_melanopygus",2,0,""
2024,4,24,"10_33","11_22","1","Coyote","C1","VIVI","Bombus_melanopygus",3,0,""
2024,4,24,"10_33","11_22","1","Coyote","C1","VIVI","Bombus_melanopygus",2,0,""
2024,4,24,"10_33","11_22","1","Coyote","C1","VIVI","Bombus_melanopygus",2,0,""
2024,4,24,"10_33","11_22","1","Coyote","C1","VIVI","Bombus_melanopygus",1,0,""
2024,4,24,"10_33","11_22","1","Coyote","C1","VIVI","Bombus_melanopygus",3,0,""
2024,4,24,"10_33","11_22","1","Coyote","C1","VIVI","Bombus_vosnesenskii",2,0,""
2024,4,24,"10_33","11_22","2","Coyote","C1","LACA","red_Pterophoridae",1,1,""
2024,4,24,"10_33","11_22","2","Coyote","C1","LACA","BF1_Diptera",1,1,""
2024,4,24,"10_33","11_22","2","Coyote","C1","LACA","BF1_Diptera",1,1,""
2024,4,24,"10_33","11_22","2","Coyote","C1","LACA","BF1_Diptera",1,1,""
2024,4,24,"10_33","11_22","2","Coyote","C1","Ranunculus sp.","Listrus_sp._1",1,0,""
2024,4,24,"10_33","11_22","2","Coyote","C1","VIVI","Bombus_vosnesenskii",1,0,""
2024,4,24,"10_33","11_22","2","Coyote","C1","DEVA","Bombus_vosnesenskii",1,0,""
2024,4,24,"10_33","11_22","2","Coyote","C1","VIVI","Bombus_vosnesenskii",1,0,""
2024,4,24,"10_33","11_22","2","Coyote","C1","VIVI","Bombus_melanopygus",3,0,""
2024,4,24,"10_33","11_22","2","Coyote","C1","VIVI","Bombus_vosnesenskii",1,0,""
2024,4,24,"10_33","11_22","2","Coyote","C1","VIVI","Bombus_vosnesenskii",3,0,""
2024,4,24,"10_33","11_22","2","Coyote","C1","Ranunculus sp.","Panurginus_sp.",1,0,""
2024,4,24,"10_33","11_22","2","Coyote","C1","Ranunculus sp.","Malachius_sp.",1,0,""
2024,4,24,"10_33","11_22","2","Coyote","C1","VIVI","Bombus_vosnesenskii",4,0,""
2024,4,24,"10_33","11_22","2","Coyote","C1","VIVI","Bombus_melanopygus",8,0,""
2024,4,24,"10_33","11_22","2","Coyote","C1","VIVI","Bombus_melanopygus",5,0,""
2024,4,24,"10_33","11_22","2","Coyote","C1","VIVI","Bombus_vosnesenskii",1,0,""
2024,4,24,"10_33","11_22","2","Coyote","C1","VIVI","Bombus_vosnesenskii",2,0,""
2024,4,24,"11_24","11_51","1","Felch","F1","TRFU","Bombus_vosnesenskii",1,0,""
2024,4,24,"11_24","11_51","1","Felch","F1","VIVI","Bombus_melanopygus",2,0,""
2024,4,24,"11_24","11_51","1","Felch","F1","VIVI","Bombus_melanopygus",2,0,""
2024,4,24,"11_24","11_51","1","Felch","F1","VIVI","Bombus_melanopygus",2,0,""
2024,4,24,"11_24","11_51","1","Felch","F1","VIVI","Bombus_melanopygus",1,0,""
2024,4,24,"11_24","11_51","1","Felch","F1","VIVI","Muscidae",1,0,""
2024,4,24,"11_24","11_51","1","Felch","F1","LACA","Adela_trigrapha",1,5,""
2024,4,24,"11_24","11_51","1","Felch","F1","LACA","Malachius_sp.",1,5,""
2024,4,24,"11_24","11_51","1","Felch","F1","ERCI","Glaucophysche_lygdamus",1,0,""
2024,4,24,"11_24","11_51","1","Felch","F1","VIVI","Bombus_melanopygus",1,0,""
2024,4,24,"11_24","11_51","1","Felch","F1","VIVI","Bombus_melanopygus",3,0,""
2024,4,24,"11_24","11_51","1","Felch","F1","VIVI","Bombus_melanopygus",2,0,""
2024,4,24,"11_24","11_51","1","Felch","F1","VIVI","Bombus_melanopygus",1,0,""
2024,4,24,"11_24","11_51","1","Felch","F1","VIVI","Anthophora_crotchii",1,0,""
2024,4,24,"11_24","11_51","1","Felch","F1","VIVI","Bombus_melanopygus",1,0,""
2024,4,24,"11_24","11_51","1","Felch","F1","VIVI","Apis_mellifera",2,0,""
2024,4,24,"11_24","11_51","1","Felch","F1","TRFU","Bombus_vosnesenskii",5,0,""
2024,4,24,"11_24","11_51","1","Felch","F1","EUSP","Euopeodes_fumipennis",1,0,""
2024,4,24,"11_24","11_51","1","Felch","F1","VIVI","Bombus_vosnesenskii",1,0,""
2024,4,24,"11_24","11_51","1","Felch","F1","VIVI","Bombus_vosnesenskii",1,0,""
2024,4,24,"11_24","11_51","1","Felch","F1","VIVI","Bombus_vosnesenskii",1,0,""
2024,4,24,"11_24","11_51","1","Felch","F1","VIVI","Bombus_vosnesenskii",3,0,""
2024,4,24,"11_24","11_51","1","Felch","F1","VIVI","Bombus_vosnesenskii",1,0,""
2024,4,24,"11_24","11_51","1","Felch","F1","TRFU","Bombus_vosnesenskii",3,0,""
2024,4,24,"12_07","12_39","1","South_Goatgrass","SG1","LACA","BF1_Diptera",1,0,""
2024,4,24,"12_07","12_39","1","South_Goatgrass","SG1","LACA","BF1_Diptera",1,0,""
2024,4,24,"12_07","12_39","1","South_Goatgrass","SG1","LACA","Bombylius_major",1,0,""
2024,4,24,"12_07","12_39","1","South_Goatgrass","SG1","VIVI","Bombus_melanopygus",1,0,""
2024,4,24,"12_07","12_39","1","South_Goatgrass","SG1","LACA","BF1_Diptera",1,0,""
2024,4,24,"12_07","12_39","1","South_Goatgrass","SG1","LACA","BF1_Diptera",1,0,""
2024,4,24,"12_07","12_39","1","South_Goatgrass","SG1","LACA","BF1_Diptera",1,0,""
2024,4,24,"12_07","12_39","1","South_Goatgrass","SG1","LACA","BF1_Diptera",1,0,""
2024,4,24,"12_07","12_39","1","South_Goatgrass","SG1","LACA","BF1_Diptera",1,0,""
2024,4,24,"12_07","12_39","1","South_Goatgrass","SG1","LACA","BF1_Diptera",1,0,""
2024,4,24,"12_07","12_39","1","South_Goatgrass","SG1","LACA","BF1_Diptera",1,0,""
2024,4,24,"12_07","12_39","1","South_Goatgrass","SG1","LACA","BF1_Diptera",1,0,""
2024,4,24,"12_07","12_39","1","South_Goatgrass","SG1","LACA","Andrena_pensilis",1,0,""
2024,4,24,"12_07","12_39","1","South_Goatgrass","SG1","VIVI","Bombus_melanopygus",2,0,""
2024,4,24,"12_07","12_39","1","South_Goatgrass","SG1","LACA","Bombylius_major",1,0,""
2024,4,24,"12_07","12_39","1","South_Goatgrass","SG1","LACA","Andrena_subchalybea",1,0,""
2024,4,24,"12_07","12_39","1","South_Goatgrass","SG1","LACA","BF1_Diptera",1,0,""
2024,4,24,"12_07","12_39","1","South_Goatgrass","SG1","LACA","BF1_Diptera",1,0,""
2024,4,24,"12_07","12_39","1","South_Goatgrass","SG1","LACA","Andrena_subchalybea",1,0,""
2024,4,24,"12_07","12_39","1","South_Goatgrass","SG1","LACA","Andrena_subchalybea",1,0,""
2024,4,24,"12_07","12_39","1","South_Goatgrass","SG1","LACA","BF1_Diptera",1,0,""
2024,4,24,"12_07","12_39","1","South_Goatgrass","SG1","LACA","BF1_Diptera",1,0,""
2024,4,24,"12_07","12_39","1","South_Goatgrass","SG1","LACA","BF1_Diptera",1,0,""
2024,4,24,"12_07","12_39","1","South_Goatgrass","SG1","LACA","BF1_Diptera",1,0,""
2024,4,24,"12_07","12_39","1","South_Goatgrass","SG1","LACA","BF1_Diptera",1,0,""
2024,4,24,"12_07","12_39","1","South_Goatgrass","SG1","VIVI","Bombus_melanopygus",1,0,""
2024,4,24,"12_07","12_39","1","South_Goatgrass","SG1","VIVI","Bombus_melanopygus",2,0,""
2024,4,24,"12_07","12_39","1","South_Goatgrass","SG1","VIVI","Bombus_melanopygus",3,0,""
2024,4,24,"12_07","12_39","1","South_Goatgrass","SG1","VIVI","Bombus_melanopygus",1,0,""
2024,4,24,"12_07","12_39","1","South_Goatgrass","SG1","LACA","BF1_Diptera",1,0,""
2024,4,24,"12_07","12_39","1","South_Goatgrass","SG1","LACA","BF1_Diptera",1,0,""
2024,4,24,"12_07","12_39","1","South_Goatgrass","SG1","VIVI","Bombus_melanopygus",1,0,""
2024,4,24,"12_07","12_39","1","South_Goatgrass","SG1","LACA","BF1_Diptera",1,0,""
2024,4,24,"12_07","12_39","1","South_Goatgrass","SG1","LACA","BF1_Diptera",1,0,""
2024,4,24,"12_07","12_39","1","South_Goatgrass","SG1","LACA","BF1_Diptera",1,0,""
2024,4,24,"12_07","12_39","1","South_Goatgrass","SG1","LACA","BF1_Diptera",1,0,""
2024,4,24,"12_07","12_39","1","South_Goatgrass","SG1","TRFU","Bombus_vosnesenskii",1,0,""
2024,4,24,"12_07","12_39","1","South_Goatgrass","SG1","VIVI","Bombus_vosnesenskii",1,0,""
2024,4,24,"12_07","12_39","1","South_Goatgrass","SG1","LACA","Listrus_sp._1",1,0,""
2024,4,24,"12_07","12_39","2","South_Goatgrass","SG1","VIVI","Bombus_melanopygus",1,0,""
2024,4,24,"12_07","12_39","2","South_Goatgrass","SG1","VIVI","Bombus_melanopygus",1,0,""
2024,4,24,"12_07","12_39","2","South_Goatgrass","SG1","VIVI","Bombus_melanopygus",2,0,""
2024,4,24,"12_07","12_39","2","South_Goatgrass","SG1","VIVI","Bombus_melanopygus",3,0,""
2024,4,24,"12_07","12_39","2","South_Goatgrass","SG1","VIVI","Bombus_melanopygus",3,0,""
2024,4,24,"12_07","12_39","2","South_Goatgrass","SG1","VIVI","Bombus_vosnesenskii",4,0,""
2024,4,24,"12_07","12_39","2","South_Goatgrass","SG1","VIVI","Bombus_melanopygus",2,0,""
2024,4,24,"12_07","12_39","2","South_Goatgrass","SG1","VIVI","Bombus_melanopygus",1,0,""
2024,4,24,"12_07","12_39","2","South_Goatgrass","SG1","VIVI","Bombus_melanopygus",1,0,""
2024,4,24,"12_07","12_39","2","South_Goatgrass","SG1","VIVI","Bombus_melanopygus",2,0,""
2024,4,24,"12_07","12_39","2","South_Goatgrass","SG1","VIVI","Bombus_melanopygus",2,0,""
2024,4,24,"12_07","12_39","2","South_Goatgrass","SG1","VIVI","Bombus_melanopygus",1,0,""
2024,4,24,"12_07","12_39","2","South_Goatgrass","SG1","VIVI","Bombus_melanopygus",4,0,""
2024,4,24,"12_07","12_39","2","South_Goatgrass","SG1","VIVI","Bombus_melanopygus",1,0,""
2024,4,24,"12_07","12_39","2","South_Goatgrass","SG1","VIVI","Bombus_melanopygus",2,0,""
2024,4,24,"12_07","12_39","2","South_Goatgrass","SG1","VIVI","Bombus_melanopygus",2,0,""
2024,4,24,"12_07","12_39","2","South_Goatgrass","SG1","VIVI","Bombus_melanopygus",3,0,""
2024,4,24,"12_07","12_39","2","South_Goatgrass","SG1","VIVI","Bombus_melanopygus",1,0,""
2024,4,24,"12_07","12_39","2","South_Goatgrass","SG1","LUBI","Bombus_melanopygus",1,0,""
2024,4,24,"12_07","12_39","2","South_Goatgrass","SG1","VIVI","Bombus_melanopygus",2,0,""
2024,4,24,"12_07","12_39","2","South_Goatgrass","SG1","VIVI","Bombus_vosnesenskii",1,0,""
2024,4,24,"12_07","12_39","2","South_Goatgrass","SG1","VIVI","Bombus_melanopygus",1,0,""
2024,4,24,"12_07","12_39","2","South_Goatgrass","SG1","VIVI","Bombus_vosnesenskii",2,0,""
2024,4,24,"12_07","12_39","2","South_Goatgrass","SG1","LACA","BF1_Diptera",1,0,""
2024,4,24,"12_07","12_39","2","South_Goatgrass","SG1","VIVI","Bombus_melanopygus",1,0,""
2024,4,24,"12_07","12_39","2","South_Goatgrass","SG1","VIVI","Bombus_melanopygus",1,0,""
2024,4,24,"12_07","12_39","2","South_Goatgrass","SG1","VIVI","Bombus_melanopygus",2,0,""
2024,4,24,"12_07","12_39","2","South_Goatgrass","SG1","VIVI","Bombus_melanopygus",1,0,""
2024,4,24,"12_07","12_39","2","South_Goatgrass","SG1","VIVI","Bombus_melanopygus",3,0,""
2024,4,24,"12_07","12_39","2","South_Goatgrass","SG1","VIVI","Bombus_melanopygus",1,0,""
2024,4,24,"12_07","12_39","2","South_Goatgrass","SG1","VIVI","Bombus_melanopygus",1,0,""
2024,4,24,"12_07","12_39","2","South_Goatgrass","SG1","VIVI","Bombus_melanopygus",1,0,""
2024,4,24,"12_07","12_39","2","South_Goatgrass","SG1","VIVI","Bombus_melanopygus",1,0,""
2024,4,24,"12_07","12_39","2","South_Goatgrass","SG1","VIVI","Bombus_melanopygus",1,0,""
2024,4,24,"12_07","12_39","2","South_Goatgrass","SG1","VIVI","Bombus_melanopygus",1,0,""
2024,4,24,"12_07","12_39","2","South_Goatgrass","SG1","VIVI","Bombus_melanopygus",2,0,""
2024,4,24,"12_07","12_39","2","South_Goatgrass","SG1","VIVI","Bombus_melanopygus",1,0,""
2024,4,24,"12_07","12_39","2","South_Goatgrass","SG1","TRFU","Bombus_melanopygus",2,0,""
2024,4,24,"1_35","2_14","1","Anu","A1","LACA","BF1_Diptera",1,5,""
2024,4,24,"1_35","2_14","1","Anu","A1","LACA","BF1_Diptera",1,5,""
2024,4,24,"1_35","2_14","1","Anu","A1","VIVI","Bombus_vosnesenskii",2,0,""
2024,4,24,"1_35","2_14","1","Anu","A1","TRFU","Listrus_sp._1",1,5,""
2024,4,24,"1_35","2_14","1","Anu","A1","TRFU","Bombus_californicus",2,0,""
2024,4,24,"1_35","2_14","1","Anu","A1","VIVI","Apis_mellifera",2,0,""
2024,4,24,"1_35","2_14","1","Anu","A1","LACA","BF1_Diptera",1,1,""
2024,4,24,"1_35","2_14","1","Anu","A1","VIVI","Bombus_vosnesenskii",3,0,""
2024,4,24,"1_35","2_14","1","Anu","A1","LACA","Sphaerophoria_sp.",1,2,""
2024,4,24,"1_35","2_14","1","Anu","A1","VIVI","Bombus_vosnesenskii",3,0,""
2024,4,24,"1_35","2_14","1","Anu","A1","LACA","BF1_Diptera",1,2,""
2024,4,24,"1_35","2_14","1","Anu","A1","LACA","Bombylius_major",1,2,""
2024,4,24,"1_35","2_14","1","Anu","A1","LACA","Bombylius_major",1,1,""
2024,4,24,"1_35","2_14","1","Anu","A1","VIVI","Bombus_melanopygus",1,0,""
2024,4,24,"1_35","2_14","1","Anu","A1","VIVI","Bombus_vosnesenskii",1,0,""
2024,4,24,"1_35","2_14","1","Anu","A1","VIVI","Bombus_californicus",9,0,""
2024,4,24,"1_35","2_14","1","Anu","A1","VIVI","Apis_mellifera",1,0,""
2024,4,24,"1_35","2_14","1","Anu","A1","VIVI","Apis_mellifera",2,0,""
2024,4,24,"1_35","2_14","1","Anu","A1","VIVI","Bombus_californicus",11,0,""
2024,4,24,"1_35","2_14","1","Anu","A1","LACA","Coenonympha_californica",1,2,""
2024,4,24,"1_35","2_14","1","Anu","A1","LACA","Bombylius_major",1,2,""
2024,4,24,"1_35","2_14","1","Anu","A1","VIVI","Bombus_vosnesenskii",1,0,""
2024,4,24,"1_35","2_14","1","Anu","A1","VIVI","Bombus_vosnesenskii",1,0,""
2024,4,24,"1_35","2_14","1","Anu","A1","LACA","Bombylius_major",1,2,""
2024,4,24,"1_35","2_14","1","Anu","A1","VIVI","Bombus_vosnesenskii",1,0,""
2024,4,24,"1_35","2_14","1","Anu","A1","VIVI","Bombus_melanopygus",1,0,""
2024,4,24,"1_35","2_14","1","Anu","A1","TRFU","Bombylius_major",1,1,""
2024,4,24,"1_35","2_14","1","Anu","A1","TRFU","Listrus_sp._1",1,0,""
2024,4,24,"1_35","2_14","1","Anu","A1","VIVI","Bombus_vosnesenskii",2,0,""
2024,4,24,"1_35","2_14","1","Anu","A1","LACA","BF1_Diptera",1,0,""
2024,4,24,"1_35","2_14","1","Anu","A1","LACA","Bombylius_major",1,3,""
2024,4,24,"1_35","2_14","1","Anu","A1","VIVI","Apis_mellifera",2,0,""
2024,4,24,"1_35","2_14","1","Anu","A1","VIVI","Bombus_melanopygus",2,0,""
2024,4,24,"1_35","2_14","1","Anu","A1","VIVI","Apis_mellifera",1,0,""
2024,4,24,"1_35","2_14","1","Anu","A1","VIVI","Bombus_melanopygus",1,0,""
2024,4,24,"1_35","2_14","1","Anu","A1","VIVI","Apis_mellifera",1,0,""
2024,4,24,"1_35","2_14","1","Anu","A1","VIVI","Apis_mellifera",1,0,""
2024,4,24,"1_35","2_14","1","Anu","A1","VIVI","Bombus_melanopygus",1,0,""
2024,4,24,"1_35","2_14","1","Anu","A1","VIVI","Bombus_vosnesenskii",1,0,""
2024,4,24,"1_35","2_14","1","Anu","A1","VIVI","Bombus_californicus",2,0,""
2024,4,24,"1_35","2_14","1","Anu","A1","VIVI","Apis_mellifera",1,0,""
2024,4,24,"1_35","2_14","1","Anu","A1","VIVI","Apis_mellifera",1,0,""
2024,4,24,"1_35","2_14","1","Anu","A1","VIVI","Bombus_melanopygus",3,0,""
2024,4,24,"1_35","2_14","1","Anu","A1","VIVI","Apis_mellifera",1,0,""
2024,4,24,"3_16","3_41","1","Anu","A2","RACA","Acmaeodera_sp.",1,100,""
2024,4,24,"3_16","3_41","1","Anu","A2","TRFU","Bombus_vosnesenskii",3,90,""
2024,4,24,"3_16","3_41","1","Anu","A2","TRLA","Osmia_nemoris",1,100,""
2024,4,24,"3_16","3_41","1","Anu","A2","TRFU","Bombylius_major",1,90,""
2024,4,24,"3_16","3_41","1","Anu","A2","TRFU","Bombus_vosnesenskii",10,90,""
2024,4,24,"3_16","3_41","1","Anu","A2","TRLA","Listrus_sp._1",1,80,""
2024,4,24,"3_16","3_41","1","Anu","A2","LACA","BF1_Diptera",1,70,""
2024,4,24,"3_16","3_41","1","Anu","A2","LACA","BF1_Diptera",1,70,""
2024,4,24,"3_16","3_41","1","Anu","A2","TRFU","Bombus_vosnesenskii",19,65,""
2024,4,24,"3_16","3_41","1","Anu","A2","TRLA","Apis_mellifera",3,60,""
2024,4,24,"3_16","3_41","1","Anu","A2","LACA","Listrus_sp._1",1,60,""
2024,4,24,"3_16","3_41","1","Anu","A2","LACA","BF1_Diptera",1,60,""
2024,4,24,"3_16","3_41","1","Anu","A2","TRFU","Bombus_vosnesenskii",20,30,""
2024,4,24,"3_16","3_41","1","Anu","A2","TRFU","Bombus_vosnesenskii",1,30,""
2024,4,24,"3_16","3_41","1","Anu","A2","TRFU","Scaeva_affinis",1,30,""
2024,4,24,"3_16","3_41","1","Anu","A2","TRFU","Bombus_vosnesenskii",6,40,""
2024,4,24,"3_16","3_41","1","Anu","A2","TRFU","Listrus_sp._1",1,40,"5"
2024,4,24,"3_16","3_41","1","Anu","A2","VIVI","Apis_mellifera",1,0,""
2024,4,24,"3_16","3_41","1","Anu","A2","VIVI","Apis_mellifera",3,0,""
2024,4,24,"3_16","3_41","1","Anu","A2","VIVI","Apis_mellifera",1,0,""
2024,4,24,"3_16","3_41","1","Anu","A2","TRFU","Bombus_vosnesenskii",6,0,""
2024,4,24,"3_16","3_41","1","Anu","A2","VIVI","Apis_mellifera",1,0,""
2024,4,24,"3_16","3_41","1","Anu","A2","VIVI","Apis_mellifera",1,0,""
2024,4,24,"3_16","3_41","1","Anu","A2","VIVI","Bombus_melanopygus",1,0,""
2024,4,24,"3_16","3_41","1","Anu","A2","VIVI","Bombus_melanopygus",2,0,""
2024,4,24,"3_16","3_41","1","Anu","A2","VIVI","Apis_mellifera",1,0,""
2024,4,24,"3_16","3_41","1","Anu","A2","VIVI","Bombus_melanopygus",1,0,""
2024,4,24,"3_16","3_41","1","Anu","A2","VIVI","Bombus_melanopygus",2,0,""
2024,4,24,"3_16","3_41","1","Anu","A2","VIVI","Apis_mellifera",1,0,""
2024,4,24,"3_16","3_41","1","Anu","A2","VIVI","Apis_mellifera",1,0,""
2024,4,24,"3_16","3_41","1","Anu","A2","VIVI","Bombus_melanopygus",4,0,""
2024,4,24,"3_16","3_41","1","Anu","A2","VIVI","Apis_mellifera",1,0,""
2024,4,24,"4_57","5_17","2","Upper_Grid_2","UG2_1","VIVI","Apis_mellifera",1,0,""
2024,4,24,"4_57","5_17","2","Upper_Grid_2","UG2_1","VIVI","Apis_mellifera",1,0,""
2024,4,24,"4_57","5_17","2","Upper_Grid_2","UG2_1","VIVI","Apis_mellifera",1,0,""
2024,4,24,"4_57","5_17","3","Upper_Grid_2","UG2_2","VIVI","Apis_mellifera",1,0,""
2024,4,24,"4_57","5_17","3","Upper_Grid_2","UG2_2","TRFU","Listrus_sp._1",1,0,""
2024,4,24,"4_57","5_17","3","Upper_Grid_2","UG2_2","DICA","Listrus_sp._1",1,0,""
2024,4,24,"4_57","5_17","4","Upper_Grid_2","UG2_2","VIVI","Apis_mellifera",3,0,""
2024,4,24,"4_57","5_17","4","Upper_Grid_2","UG2_2","VIVI","Apis_mellifera",1,0,""
2024,4,24,"4_57","5_17","4","Upper_Grid_2","UG2_2","VIVI","Apis_mellifera",1,0,""
2024,4,24,"4_57","5_17","4","Upper_Grid_2","UG2_2","VIVI","Apis_mellifera",2,0,""
2024,4,25,"8_56","9_26","1","Anu","A1","TRFU","Listrus_sp._1",1,1,""
2024,4,25,"8_56","9_26","1","Anu","A1","LACA","Listrus_sp._1",1,2,""
2024,4,25,"8_56","9_26","1","Anu","A1","VIVI","Apis_mellifera",8,0,""
2024,4,25,"8_56","9_26","1","Anu","A1","TRFU","Apis_mellifera",2,0,""
2024,4,25,"8_56","9_26","1","Anu","A1","VIVI","Apis_mellifera",1,0,""
2024,4,25,"8_56","9_26","1","Anu","A1","VIVI","Bombus_melanopygus",2,0,""
2024,4,25,"8_56","9_26","1","Anu","A1","TRFU","Bombus_melanopygus",2,0,""
2024,4,25,"8_56","9_26","1","Anu","A1","VIVI","Bombus_melanopygus",1,0,""
2024,4,25,"8_56","9_26","1","Anu","A1","VIVI","Bombus_melanopygus",1,0,""
2024,4,25,"8_56","9_26","1","Anu","A1","VIVI","Bombus_melanopygus",1,0,""
2024,4,25,"8_56","9_26","1","Anu","A1","VIVI","Bombus_melanopygus",1,0,""
2024,4,25,"8_56","9_26","1","Anu","A1","LACA","Listrus_sp._1",1,3,""
2024,4,25,"8_56","9_26","1","Anu","A1","VIVI","Bombus_melanopygus",1,0,""
2024,4,25,"8_56","9_26","1","Anu","A1","VIVI","Bombus_melanopygus",2,0,""
2024,4,25,"8_56","9_26","1","Anu","A1","LACA","Listrus_sp._1",1,0,""
2024,4,25,"8_56","9_26","1","Anu","A1","LACA","Coenonympha_californica",1,0,""
2024,4,25,"8_56","9_26","1","Anu","A1","VIVI","Bombus_melanopygus",3,0,""
2024,4,25,"8_56","9_26","1","Anu","A1","LACA","Coenonympha_californica",1,0,""
2024,4,25,"8_56","9_26","1","Anu","A1","VIVI","Bombus_melanopygus",1,0,""
2024,4,25,"8_56","9_26","1","Anu","A1","VIVI","Bombus_melanopygus",1,0,""
2024,4,25,"8_56","9_26","1","Anu","A1","VIVI","Bombus_melanopygus",1,0,""
2024,4,25,"8_56","9_26","1","Anu","A1","VIVI","Bombus_melanopygus",1,0,""
2024,4,25,"8_56","9_26","1","Anu","A1","VIVI","Bombus_melanopygus",1,0,""
2024,4,25,"8_56","9_26","1","Anu","A1","VIVI","Apis_mellifera",1,0,""
2024,4,25,"9_34","10_06","1","Anu","A2","TRFU","Coenonympha_californica",1,0,""
2024,4,25,"9_34","10_06","1","Anu","A2","LACA","Listrus_sp._1",1,5,""
2024,4,25,"9_34","10_06","1","Anu","A2","TRLA","Listrus_sp._1",1,30,""
2024,4,25,"9_34","10_06","1","Anu","A2","TRLA","Listrus_sp._1",1,30,""
2024,4,25,"9_34","10_06","1","Anu","A2","TRLA","Listrus_sp._1",1,30,""
2024,4,25,"9_34","10_06","1","Anu","A2","TRFU","Listrus_sp._1",1,30,"26"
2024,4,25,"9_34","10_06","1","Anu","A2","TRLA","Listrus_sp._1",1,100,""
2024,4,25,"9_34","10_06","1","Anu","A2","TRLA","Listrus_sp._1",1,110,""
2024,4,25,"9_34","10_06","1","Anu","A2","TRFU","Apis_mellifera",5,110,""
2024,4,25,"9_34","10_06","1","Anu","A2","VIVI","Bombus_vosnesenskii",23,0,""
2024,4,25,"9_34","10_06","1","Anu","A2","VIVI","Apis_mellifera",1,0,""
2024,4,25,"9_34","10_06","1","Anu","A2","VIVI","Apis_mellifera",1,0,""
2024,4,25,"9_34","10_06","1","Anu","A2","VIVI","Apis_mellifera",3,0,""
2024,4,25,"9_34","10_06","1","Anu","A2","VIVI","Apis_mellifera",3,0,""
2024,4,25,"10_09","10_37","1","Anu","A3","TRFU","Bombus_vosnesenskii",1,30,""
2024,4,25,"10_09","10_37","1","Anu","A3","TRLA","Apis_mellifera",1,10,""
2024,4,25,"10_09","10_37","1","Anu","A3","TRFU","Coenonympha_californica",1,30,""
2024,4,25,"10_09","10_37","1","Anu","A3","TRLA","Bombus_vosnesenskii",1,30,""
2024,4,25,"10_09","10_37","1","Anu","A3","TRFU","Bombus_californicus",8,50,""
2024,4,25,"10_09","10_37","1","Anu","A3","TRFU","Coenonympha_californica",1,50,""
2024,4,25,"10_09","10_37","1","Anu","A3","TRFU","Bombus_californicus",15,50,""
2024,4,25,"10_09","10_37","1","Anu","A3","TRFU","Apis_mellifera",3,50,""
2024,4,25,"10_09","10_37","1","Anu","A3","TRFU","Bombus_californicus",3,5,""
2024,4,25,"10_09","10_37","1","Anu","A3","TRFU","Apis_mellifera",1,20,""
2024,4,25,"10_09","10_37","1","Anu","A3","TRFU","Apis_mellifera",2,10,""
2024,4,25,"10_09","10_37","1","Anu","A3","TRFU","Bombus_californicus",5,0,""
2024,4,25,"10_09","10_37","1","Anu","A3","TRFU","Bombus_vosnesenskii",3,5,""
2024,4,25,"10_09","10_37","1","Anu","A3","TRFU","Apis_mellifera",2,0,""
2024,4,25,"10_09","10_37","1","Anu","A3","TRFU","Bombus_vosnesenskii",3,5,""
2024,4,25,"10_09","10_37","1","Anu","A3","TRFU","Apis_mellifera",1,0,""
2024,4,25,"10_09","10_37","1","Anu","A3","TRFU","Bombus_vosnesenskii",2,5,""
2024,4,25,"10_09","10_37","1","Anu","A3","TRFU","Bombus_vosnesenskii",1,6,""
2024,4,25,"10_09","10_37","1","Anu","A3","TRFU","Bombus_vosnesenskii",1,5,""
2024,4,25,"10_09","10_37","1","Anu","A3","TRFU","Bombus_melanopygus",3,5,""
2024,4,25,"10_09","10_37","1","Anu","A3","TRFU","Bombus_melanopygus",3,5,""
2024,4,25,"10_09","10_37","1","Anu","A3","TRLA","Apis_mellifera",1,10,""
2024,4,25,"10_09","10_37","1","Anu","A3","TRFU","Apis_mellifera",2,10,""
2024,4,25,"10_09","10_37","1","Anu","A3","TRLA","Apis_mellifera",1,10,""
2024,4,25,"10_09","10_37","1","Anu","A3","TRFU","Apis_mellifera",6,10,""
2024,4,25,"10_09","10_37","1","Anu","A3","TRLA","Listrus_sp._1",1,10,""
2024,4,25,"10_42","12_00","1","Anu","A4","TRFU","Coenonympha_californica",1,0,""
2024,4,25,"10_42","12_00","1","Anu","A4","TRFU","Bombus_melanopygus",1,0,""
2024,4,25,"10_42","12_00","1","Anu","A4","TRFU","Bombus_californicus",2,1,""
2024,4,25,"10_42","12_00","1","Anu","A4","TRFU","Apis_mellifera",1,0,""
2024,4,25,"10_42","12_00","1","Anu","A4","VIVI","Bombus_melanopygus",1,0,""
2024,4,25,"10_42","12_00","1","Anu","A4","LACA","Bombylius_major",1,0,""
2024,4,25,"10_42","12_00","1","Anu","A4","LACA","Bombylius_major",1,0,""
2024,4,25,"10_42","12_00","1","Anu","A4","LACA","BF1_Diptera",1,0,""
2024,4,25,"10_42","12_00","1","Anu","A4","LACA","Cyrtopogon_sp.",1,0,""
2024,4,25,"10_42","12_00","1","Anu","A4","TRFU","Sphaerophoria_sp.",1,2,""
2024,4,25,"10_42","12_00","1","Anu","A4","LACA","Sphaerophoria_sp.",1,2,""
2024,4,25,"10_42","12_00","1","Anu","A4","VIVI","Bombus_vosnesenskii",2,0,""
2024,4,25,"10_42","12_00","1","Anu","A4","LACA","Bombylius_major",1,1,""
2024,4,25,"10_42","12_00","1","Anu","A4","LACA","Listrus_sp._1",1,1,""
2024,4,25,"10_42","12_00","1","Anu","A4","LACA","Bombylius_major",2,1,""
2024,4,25,"10_42","12_00","1","Anu","A4","LACA","BF1_Diptera",1,1,""
2024,4,25,"10_42","12_00","1","Anu","A4","LACA","BF1_Diptera",1,1,""
2024,4,25,"10_42","12_00","1","Anu","A4","LACA","BF1_Diptera",1,1,""
2024,4,25,"10_42","12_00","1","Anu","A4","TRFU","Apis_mellifera",1,1,""
2024,4,25,"10_42","12_00","1","Anu","A4","TRFU","Apis_mellifera",1,1,""
2024,4,25,"10_42","12_00","1","Anu","A4","LACA","Coenonympha_californica",1,5,""
2024,4,25,"10_42","12_00","1","Anu","A4","LACA","Cyrtopogon_sp.",1,0,""
2024,4,25,"10_42","12_00","1","Anu","A4","TRFU","Apis_mellifera",2,0,""
2024,4,25,"10_42","12_00","1","Anu","A4","LACA","Cyrtopogon_sp.",1,0,""
2024,4,25,"10_42","12_00","1","Anu","A4","LACA","Cyrtopogon_sp.",1,0,""
2024,4,25,"10_42","12_00","1","Anu","A4","LACA","Bombylius_major",1,0,""
2024,4,25,"10_42","12_00","1","Anu","A4","LACA","Andrena_sp.",1,2,""
2024,4,25,"10_42","12_00","1","Anu","A4","TRFU","Bombus_vosnesenskii",4,2,""
2024,4,25,"10_42","12_00","1","Anu","A4","LACA","BF1_Diptera",1,0,""
2024,4,25,"10_42","12_00","1","Anu","A4","TRFU","Apis_mellifera",1,0,""
2024,4,25,"10_42","12_00","1","Anu","A4","TRFU","Apis_mellifera",2,5,""
2024,4,25,"10_42","12_00","1","Anu","A4","TRFU","Bombus_vosnesenskii",3,5,""
2024,4,25,"10_42","12_00","1","Anu","A4","LACA","Heliolonche_modiella",1,1,""
2024,4,25,"10_42","12_00","1","Anu","A4","TRFU","Apis_mellifera",5,5,""
2024,4,25,"10_42","12_00","1","Anu","A4","LACA","Cyrtopogon_sp.",1,10,""
2024,4,25,"10_42","12_00","1","Anu","A4","LACA","Cyrtopogon_sp.",1,10,""
2024,4,25,"10_42","12_00","1","Anu","A4","LACA","Cyrtopogon_sp.",1,10,""
2024,4,25,"10_42","12_00","1","Anu","A4","LACA","Cyrtopogon_sp.",1,10,""
2024,4,25,"10_42","12_00","1","Anu","A4","LACA","Cyrtopogon_sp.",1,10,""
2024,4,25,"10_42","12_00","1","Anu","A4","TRFU","Bombus_vosnesenskii",2,10,""
2024,4,25,"10_42","12_00","1","Anu","A4","TRFU","Bombus_vosnesenskii",1,20,""
2024,4,25,"10_42","12_00","1","Anu","A4","TRFU","Bombus_californicus",2,0,""
2024,4,25,"10_42","12_00","1","Anu","A4","LACA","Cyrtopogon_sp.",1,0,""
2024,4,25,"10_42","12_00","1","Anu","A4","LACA","Bombylius_major",1,0,""
2024,4,25,"10_42","12_00","1","Anu","A4","LACA","Cyrtopogon_sp.",1,10,""
2024,4,25,"10_42","12_00","1","Anu","A4","TRLA","Scaeva_affinis",1,10,""
2024,4,25,"10_42","12_00","1","Anu","A4","TRFU","Apis_mellifera",1,10,""
2024,4,25,"10_42","12_00","1","Anu","A4","TRFU","Coenonympha_californica",1,20,""
2024,4,25,"10_42","12_00","1","Anu","A4","TRLA","Listrus_sp._1",1,10,""
2024,4,25,"10_42","12_00","1","Anu","A4","TRLA","Listrus_sp._1",1,10,""
2024,4,25,"10_42","12_00","1","Anu","A4","TRFU","Bombus_vosnesenskii",13,20,""
2024,4,25,"10_42","12_00","1","Anu","A4","TRFU","Bombus_vosnesenskii",8,20,""
2024,4,25,"10_42","12_00","1","Anu","A4","TRFU","Elateridae",1,20,""
2024,4,25,"10_42","12_00","1","Anu","A4","TRFU","Bombylius_major",1,30,""
2024,4,25,"10_42","12_00","1","Anu","A4","TRFU","Apis_mellifera",1,40,""
2024,4,25,"10_42","12_00","1","Anu","A4","TRLA","Bombylius_major",1,30,""
2024,4,25,"10_42","12_00","1","Anu","A4","TRLA","Listrus_sp._1",1,30,""
2024,4,25,"10_42","12_00","1","Anu","A4","TRFU","Apis_mellifera",7,40,""
2024,4,25,"10_42","12_00","1","Anu","A4","TRFU","Bombus_melanopygus",7,50,""
2024,4,25,"10_42","12_00","1","Anu","A4","TRFU","Apis_mellifera",7,60,""
2024,4,25,"10_42","12_00","1","Anu","A4","TRFU","Apis_mellifera",1,80,""
2024,4,25,"10_42","12_00","1","Anu","A4","TRFU","Bombus_vosnesenskii",1,80,""
2024,4,25,"10_42","12_00","1","Anu","A4","TRFU","Apis_mellifera",3,80,""
2024,4,25,"10_42","12_00","2","Anu","A4","TRFU","Coenonympha_californica",1,100,""
2024,4,25,"10_42","12_00","2","Anu","A4","URLI","Andrena_sp.",1,110,""
2024,4,25,"10_42","12_00","2","Anu","A4","LACA","Listrus_sp._1",1,110,""
2024,4,25,"10_42","12_00","2","Anu","A4","LACA","Listrus_sp._1",1,110,""
2024,4,25,"10_42","12_00","2","Anu","A4","LACA","Listrus_sp._1",1,110,""
2024,4,25,"10_42","12_00","2","Anu","A4","LACA","Listrus_sp._1",1,110,""
2024,4,25,"10_42","12_00","2","Anu","A4","LACA","BF1_Diptera",1,110,""
2024,4,25,"10_42","12_00","2","Anu","A4","LACA","BF1_Diptera",1,110,""
2024,4,25,"10_42","12_00","2","Anu","A4","LACA","BF1_Diptera",1,110,""
2024,4,25,"10_42","12_00","2","Anu","A4","LACA","Listrus_sp._1",1,100,""
2024,4,25,"10_42","12_00","2","Anu","A4","TRFU","Bombus_vosnesenskii",1,60,""
2024,4,25,"10_42","12_00","2","Anu","A4","LACA","BF1_Diptera",1,100,""
2024,4,25,"10_42","12_00","2","Anu","A4","LACA","BF1_Diptera",1,100,""
2024,4,25,"10_42","12_00","2","Anu","A4","LACA","BF1_Diptera",1,100,""
2024,4,25,"10_42","12_00","2","Anu","A4","TRFU","Bombus_vosnesenskii",18,90,""
2024,4,25,"10_42","12_00","2","Anu","A4","TRFU","Bombus_vosnesenskii",5,80,""
2024,4,25,"10_42","12_00","2","Anu","A4","TRFU","Bombus_vosnesenskii",1,100,""
2024,4,25,"10_42","12_00","2","Anu","A4","LACA","Bombylius_major",3,90,""
2024,4,25,"10_42","12_00","2","Anu","A4","LACA","BF1_Diptera",1,90,""
2024,4,25,"10_42","12_00","2","Anu","A4","LACA","BF1_Diptera",1,90,""
2024,4,25,"10_42","12_00","2","Anu","A4","TRFU","Bombus_vosnesenskii",6,70,""
2024,4,25,"10_42","12_00","2","Anu","A4","LACA","Bombylius_major",1,90,""
2024,4,25,"10_42","12_00","2","Anu","A4","TRFU","Bombus_vosnesenskii",2,80,""
2024,4,25,"10_42","12_00","2","Anu","A4","TRFU","Bombus_vosnesenskii",1,70,""
2024,4,25,"10_42","12_00","2","Anu","A4","TRFU","Bombus_vosnesenskii",4,70,""
2024,4,25,"10_42","12_00","2","Anu","A4","TRFU","Apis_mellifera",1,80,""
2024,4,25,"10_42","12_00","2","Anu","A4","TRFU","Apis_mellifera",1,80,""
2024,4,25,"10_42","12_00","2","Anu","A4","TRFU","Bombus_vosnesenskii",2,60,""
2024,4,25,"10_42","12_00","2","Anu","A4","LACA","BF1_Diptera",1,70,""
2024,4,25,"10_42","12_00","2","Anu","A4","LACA","BF1_Diptera",1,70,""
2024,4,25,"10_42","12_00","2","Anu","A4","LACA","BF1_Diptera",1,70,""
2024,4,25,"10_42","12_00","2","Anu","A4","LACA","BF1_Diptera",1,70,""
2024,4,25,"10_42","12_00","2","Anu","A4","TRFU","Bombus_californicus",2,70,""
2024,4,25,"10_42","12_00","2","Anu","A4","TRLA","Bombus_californicus",1,70,""
2024,4,25,"10_42","12_00","2","Anu","A4","LACA","Listrus_sp._1",1,70,""
2024,4,25,"10_42","12_00","2","Anu","A4","LACA","Coenonympha_californica",1,60,""
2024,4,25,"10_42","12_00","2","Anu","A4","LACA","BF1_Diptera",1,60,""
2024,4,25,"10_42","12_00","2","Anu","A4","LACA","Listrus_sp._1",1,60,""
2024,4,25,"10_42","12_00","2","Anu","A4","LACA","Cyrtopogon_sp.",1,60,""
2024,4,25,"10_42","12_00","2","Anu","A4","TRFU","Apis_mellifera",3,60,""
2024,4,25,"10_42","12_00","2","Anu","A4","TRFU","Coenonympha_californica",1,60,""
2024,4,25,"10_42","12_00","2","Anu","A4","LACA","Cyrtopogon_sp.",1,60,""
2024,4,25,"10_42","12_00","2","Anu","A4","LACA","Cyrtopogon_sp.",1,60,""
2024,4,25,"10_42","12_00","2","Anu","A4","LACA","BF1_Diptera",1,50,""
2024,4,25,"10_42","12_00","2","Anu","A4","TRFU","Bombus_vosnesenskii",1,50,""
2024,4,25,"10_42","12_00","2","Anu","A4","TRFU","Bombus_vosnesenskii",2,50,""
2024,4,25,"10_42","12_00","2","Anu","A4","TRFU","Bombus_californicus",4,50,""
2024,4,25,"10_42","12_00","2","Anu","A4","LACA","Cyrtopogon_sp.",2,40,""
2024,4,25,"10_42","12_00","2","Anu","A4","TRFU","Bombus_californicus",1,10,""
2024,4,25,"10_42","12_00","2","Anu","A4","TRFU","Bombus_vosnesenskii",1,5,""
2024,4,25,"10_42","12_00","2","Anu","A4","TRFU","Bombus_vosnesenskii",1,40,""
2024,4,25,"10_42","12_00","2","Anu","A4","TRFU","Coenonympha_californica",1,10,""
2024,4,25,"10_42","12_00","2","Anu","A4","TRFU","Eucera_actuosa",1,10,""
2024,4,25,"10_42","12_00","2","Anu","A4","TRFU","Bombus_vosnesenskii",3,10,""
2024,4,25,"10_42","12_00","2","Anu","A4","LACA","Coenonympha_californica",1,5,""
2024,4,25,"10_42","12_00","2","Anu","A4","LACA","BF1_Diptera",1,5,""
2024,4,25,"10_42","12_00","2","Anu","A4","LACA","Cyrtopogon_sp.",1,0,""
2024,4,25,"10_42","12_00","2","Anu","A4","LACA","Cyrtopogon_sp.",1,0,""
2024,4,25,"10_42","12_00","2","Anu","A4","LACA","Cyrtopogon_sp.",1,0,""
2024,4,25,"10_42","12_00","2","Anu","A4","VIVI","Apis_mellifera",1,0,""
2024,4,25,"10_42","12_00","2","Anu","A4","VIVI","Bombus_vosnesenskii",3,0,""
2024,4,25,"10_42","12_00","2","Anu","A4","LACA","Cyrtopogon_sp.",1,0,""
2024,4,25,"10_42","12_00","2","Anu","A4","LACA","Cyrtopogon_sp.",1,0,""
2024,4,25,"10_42","12_00","2","Anu","A4","LACA","Cyrtopogon_sp.",1,0,""
2024,4,25,"10_42","12_00","2","Anu","A4","VIVI","Apis_mellifera",1,0,""
2024,4,25,"10_42","12_00","2","Anu","A4","VIVI","Bombus_vosnesenskii",1,0,""
2024,4,25,"10_42","12_00","2","Anu","A4","VIVI","Bombus_vosnesenskii",3,0,""
2024,4,25,"10_42","12_00","2","Anu","A4","TRFU","Bombus_vosnesenskii",7,0,""
2024,4,25,"10_42","12_00","2","Anu","A4","TRFU","Coenonympha_californica",1,0,""
2024,4,25,"10_42","12_00","2","Anu","A4","VIVI","Bombus_vosnesenskii",2,0,""
2024,4,25,"10_42","12_00","2","Anu","A4","LACA","Cyrtopogon_sp.",1,0,""
2024,4,25,"10_42","12_00","2","Anu","A4","TRFU","Bombus_vosnesenskii",2,10,""
2024,4,25,"10_42","12_00","2","Anu","A4","LACA","Listrus_sp._1",1,0,""
2024,4,25,"1_44","2_35","1","Coyote","C1","VIVI","Bombus_vosnesenskii",1,0,""
2024,4,25,"1_44","2_35","1","Coyote","C1","VIVI","Bombus_vosnesenskii",1,0,""
2024,4,25,"1_44","2_35","1","Coyote","C1","VIVI","Apis_mellifera",1,0,""
2024,4,25,"1_44","2_35","1","Coyote","C1","VIVI","Bombus_melanopygus",1,0,""
2024,4,25,"1_44","2_35","1","Coyote","C1","TRFU","Polistes_aurifer",1,0,"11"
2024,4,25,"1_44","2_35","1","Coyote","C1","VIVI","Bombus_melanopygus",2,0,""
2024,4,25,"1_44","2_35","1","Coyote","C1","TRFU","Listrus_sp._1",1,0,""
2024,4,25,"1_44","2_35","1","Coyote","C1","VIVI","Bombus_melanopygus",1,0,""
2024,4,25,"1_44","2_35","1","Coyote","C1","VIVI","Bombus_vosnesenskii",1,0,""
2024,4,25,"1_44","2_35","1","Coyote","C1","VIVI","Bombus_vosnesenskii",1,0,""
2024,4,25,"1_44","2_35","1","Coyote","C1","VIVI","Bombus_vosnesenskii",3,0,""
2024,4,25,"1_44","2_35","1","Coyote","C1","VIVI","Bombus_melanopygus",1,0,""
2024,4,25,"1_44","2_35","1","Coyote","C1","VIVI","Bombus_vosnesenskii",2,0,""
2024,4,25,"1_44","2_35","1","Coyote","C1","TRFU","Bombus_vosnesenskii",1,5,"36"
2024,4,25,"1_44","2_35","1","Coyote","C1","TRFU","Bombus_vosnesenskii",26,5,""
2024,4,25,"1_44","2_35","1","Coyote","C1","TRFU","Listrus_sp._1",1,3,"25"
2024,4,25,"1_44","2_35","1","Coyote","C1","DEVA","Bombus_californicus",1,0,""
2024,4,25,"1_44","2_35","1","Coyote","C1","TRFU","Bombus_californicus",3,0,""
2024,4,25,"1_44","2_35","1","Coyote","C1","DEVA","Bombus_californicus",5,0,""
2024,4,25,"1_44","2_35","2","Coyote","C1","TRFU","Bombus_vosnesenskii",3,0,""
2024,4,25,"1_44","2_35","2","Coyote","C1","TRFU","Bombus_vosnesenskii",1,0,""
2024,4,25,"1_44","2_35","2","Coyote","C1","TRFU","Bombus_vosnesenskii",1,2,""
2024,4,25,"1_44","2_35","2","Coyote","C1","VIVI","Bombus_melanopygus",1,0,""
2024,4,25,"1_44","2_35","2","Coyote","C1","TRFU","Bombus_vosnesenskii",2,0,""
2024,4,25,"1_44","2_35","2","Coyote","C1","VIVI","Apis_mellifera",1,0,""
2024,4,25,"1_44","2_35","2","Coyote","C1","VIVI","Bombus_melanopygus",2,0,""
2024,4,25,"1_44","2_35","2","Coyote","C1","VIVI","Apis_mellifera",4,0,""
2024,4,25,"1_44","2_35","2","Coyote","C1","VIVI","Bombus_vosnesenskii",2,0,""
2024,4,25,"1_44","2_35","2","Coyote","C1","VIVI","Bombus_melanopygus",2,0,""
2024,4,25,"1_44","2_35","2","Coyote","C1","VIVI","Bombus_melanopygus",1,0,""
2024,4,25,"1_44","2_35","2","Coyote","C1","VIVI","Bombus_vosnesenskii",1,0,""
2024,4,25,"1_44","2_35","2","Coyote","C1","VIVI","Bombus_melanopygus",1,0,""
2024,4,25,"1_44","2_35","2","Coyote","C1","VIVI","Bombus_melanopygus",4,0,""
2024,4,25,"1_44","2_35","2","Coyote","C1","VIVI","Apis_mellifera",1,0,""
2024,4,25,"1_44","2_35","2","Coyote","C1","VIVI","Bombus_melanopygus",2,0,""
2024,4,25,"1_44","2_35","2","Coyote","C1","VIVI","Bombus_vosnesenskii",2,0,""
2024,4,25,"1_44","2_35","2","Coyote","C1","LACA","Andrena_pensilis",1,1,""
2024,4,25,"1_44","2_35","2","Coyote","C1","VIVI","Bombus_vosnesenskii",1,0,""
2024,4,25,"1_44","2_35","2","Coyote","C1","TRFU","Listrus_sp._1",1,0,""
2024,4,25,"1_44","2_35","2","Coyote","C1","VIVI","Bombus_melanopygus",1,0,""
2024,4,25,"1_44","2_35","2","Coyote","C1","VIVI","Bombus_vosnesenskii",4,0,""
2024,4,25,"1_44","2_35","2","Coyote","C1","VIVI","Bombus_vosnesenskii",1,0,""
2024,4,25,"1_44","2_35","2","Coyote","C1","VIVI","Bombus_melanopygus",4,0,""
2024,4,25,"1_44","2_35","2","Coyote","C1","VIVI","Apis_mellifera",1,0,""
2024,4,25,"1_44","2_35","2","Coyote","C1","VIVI","Bombus_melanopygus",3,0,""
2024,4,25,"1_44","2_35","2","Coyote","C1","VIVI","Apis_mellifera",1,0,""
2024,4,25,"1_44","2_35","2","Coyote","C1","VIVI","Bombus_melanopygus",4,0,""
2024,4,25,"1_44","2_35","2","Coyote","C1","VIVI","Bombus_vosnesenskii",4,0,""
2024,4,25,"1_44","2_35","2","Coyote","C1","VIVI","Bombus_melanopygus",1,0,""
2024,4,25,"1_44","2_35","2","Coyote","C1","VIVI","Bombus_vosnesenskii",1,0,""
2024,4,25,"1_44","2_35","2","Coyote","C1","VIVI","Bombus_vosnesenskii",2,0,""
2024,4,25,"1_44","2_35","2","Coyote","C1","VIVI","Bombus_melanopygus",1,0,""
2024,4,25,"1_44","2_35","2","Coyote","C1","VIVI","Bombus_melanopygus",2,0,""
2024,4,25,"1_44","2_35","2","Coyote","C1","VIVI","Apis_mellifera",1,0,""
2024,4,25,"1_44","2_35","2","Coyote","C1","VIVI","Bombus_vosnesenskii",4,0,""
2024,4,25,"1_44","2_35","2","Coyote","C1","VIVI","Apis_mellifera",1,0,""
2024,4,25,"1_44","2_35","2","Coyote","C1","VIVI","Bombus_vosnesenskii",2,0,""
2024,4,25,"2_48","3_11","1","Felch","F1","TRFU","Apis_mellifera",7,0,""
2024,4,25,"2_48","3_11","1","Felch","F1","VIVI","Bombus_melanopygus",6,0,""
2024,4,25,"2_48","3_11","1","Felch","F1","VIVI","Bombus_melanopygus",1,0,""
2024,4,25,"2_48","3_11","1","Felch","F1","VIVI","Bombylius_major",1,0,""
2024,4,25,"2_48","3_11","1","Felch","F1","TRFU","Prosperpinus_clarkiae",2,0,""
2024,4,25,"2_48","3_11","1","Felch","F1","VIVI","Apis_mellifera",2,0,""
2024,4,25,"2_48","3_11","1","Felch","F1","VIVI","Apis_mellifera",1,0,""
2024,4,25,"2_48","3_11","1","Felch","F1","VIVI","Apis_mellifera",1,0,""
2024,4,25,"2_48","3_11","1","Felch","F1","VIVI","Bombus_vosnesenskii",1,0,""
2024,4,25,"2_48","3_11","1","Felch","F1","VIVI","Apis_mellifera",1,0,""
2024,4,25,"2_48","3_11","1","Felch","F1","VIVI","Apis_mellifera",1,0,""
2024,4,25,"2_48","3_11","1","Felch","F1","LACA","Malachius_sp.",1,5,""
2024,4,25,"2_48","3_11","1","Felch","F1","LACA","Elateridae",1,5,""
2024,4,25,"2_48","3_11","1","Felch","F1","LACA","BF1_Diptera",1,5,""
2024,4,25,"2_48","3_11","1","Felch","F1","VIVI","Bombus_vosnesenskii",4,0,""
2024,4,25,"2_48","3_11","1","Felch","F1","VIVI","Apis_mellifera",1,0,""
2024,4,25,"2_48","3_11","1","Felch","F1","VIVI","Apis_mellifera",1,0,""
2024,4,25,"2_48","3_11","1","Felch","F1","VIVI","Apis_mellifera",1,0,""
2024,4,25,"2_48","3_11","1","Felch","F1","VIVI","Bombus_vosnesenskii",1,0,""
2024,4,25,"2_48","3_11","1","Felch","F1","TRFU","Bombus_melanopygus",2,0,""
2024,4,25,"2_48","3_11","1","Felch","F1","VIVI","Apis_mellifera",1,0,""
2024,4,25,"2_48","3_11","1","Felch","F1","VIVI","Bombus_melanopygus",1,0,""
2024,4,25,"2_48","3_11","1","Felch","F1","VIVI","Apis_mellifera",1,0,""
2024,4,25,"2_48","3_11","1","Felch","F1","MEPO","Sphaerophoria_sp.",1,0,""
2024,4,26,"9_58","10_36","1","Goatgrass","G1","VIVI","Bombus_melanopygus",1,0,""
2024,4,26,"9_58","10_36","1","Goatgrass","G1","VIVI","Bombus_vosnesenskii",4,0,""
2024,4,26,"9_58","10_36","1","Goatgrass","G1","VIVI","Bombus_vosnesenskii",3,0,""
2024,4,26,"9_58","10_36","1","Goatgrass","G1","TRLA","Listrus_sp._1",1,5,""
2024,4,26,"9_58","10_36","1","Goatgrass","G1","LACA","Listrus_sp._1",1,5,""
2024,4,26,"9_58","10_36","1","Goatgrass","G1","LACA","BF1_Diptera",1,5,""
2024,4,26,"9_58","10_36","1","Goatgrass","G1","LACA","BF1_Diptera",1,5,""
2024,4,26,"9_58","10_36","1","Goatgrass","G1","LACA","BF1_Diptera",1,5,""
2024,4,26,"9_58","10_36","1","Goatgrass","G1","AGHE","Andrena_subchalybea",4,5,""
2024,4,26,"9_58","10_36","1","Goatgrass","G1","LACA","Bombylius_major",1,5,""
2024,4,26,"9_58","10_36","1","Goatgrass","G1","LACA","Bombylius_major",1,5,""
2024,4,26,"9_58","10_36","1","Goatgrass","G1","LACA","Bombylius_major",1,6,""
2024,4,26,"9_58","10_36","1","Goatgrass","G1","LACA","Coenonympha_californica",1,10,""
2024,4,26,"9_58","10_36","1","Goatgrass","G1","LACA","Panurginus_sp.",1,10,""
2024,4,26,"9_58","10_36","1","Goatgrass","G1","AGHE","Malachius_sp.",1,10,""
2024,4,26,"9_58","10_36","1","Goatgrass","G1","AGHE","Malachius_sp.",2,10,""
2024,4,26,"9_58","10_36","1","Goatgrass","G1","LACA","Malachius_sp.",1,10,""
2024,4,26,"9_58","10_36","1","Goatgrass","G1","LACA","Coenonympha_californica",1,0,""
2024,4,26,"9_58","10_36","1","Goatgrass","G1","AGHE","Malachius_sp.",1,10,""
2024,4,26,"9_58","10_36","1","Goatgrass","G1","AGHE","Andrena_subchalybea",1,10,""
2024,4,26,"9_58","10_36","1","Goatgrass","G1","AGHE","Andrena_subchalybea",1,10,""
2024,4,26,"9_58","10_36","1","Goatgrass","G1","AGHE","Andrena_pensilis",1,10,""
2024,4,26,"9_58","10_36","1","Goatgrass","G1","AGHE","Malachius_sp.",1,10,""
2024,4,26,"9_58","10_36","1","Goatgrass","G1","LACA","Listrus_sp._1",1,12,""
2024,4,26,"9_58","10_36","1","Goatgrass","G1","LACA","Bombylius_major",1,10,""
2024,4,26,"9_58","10_36","1","Goatgrass","G1","AGHE","Andrena_subchalybea",1,10,""
2024,4,26,"9_58","10_36","1","Goatgrass","G1","AGHE","Andrena_sp.",1,6,""
2024,4,26,"9_58","10_36","1","Goatgrass","G1","AGHE","Andrena_pensilis",1,10,""
2024,4,26,"9_58","10_36","1","Goatgrass","G1","LACA","Listrus_sp._1",1,10,""
2024,4,26,"9_58","10_36","1","Goatgrass","G1","LACA","Listrus_sp._1",1,10,""
2024,4,26,"9_58","10_36","1","Goatgrass","G1","AGHE","Panurginus_sp.",1,15,""
2024,4,26,"9_58","10_36","1","Goatgrass","G1","LACA","Listrus_sp._1",1,15,""
2024,4,26,"9_58","10_36","1","Goatgrass","G1","LACA","Bombylius_major",3,15,""
2024,4,26,"9_58","10_36","1","Goatgrass","G1","LACA","Malachius_sp.",1,15,""
2024,4,26,"9_58","10_36","1","Goatgrass","G1","TRFU","Bombus_vosnesenskii",1,20,""
2024,4,26,"9_58","10_36","1","Goatgrass","G1","TRFU","Bombus_vosnesenskii",9,30,""
2024,4,26,"9_58","10_36","1","Goatgrass","G1","LACA","Bombylius_major",1,30,""
2024,4,26,"9_58","10_36","1","Goatgrass","G1","LACA","Listrus_sp._1",1,40,""
2024,4,26,"9_58","10_36","1","Goatgrass","G1","LACA","Listrus_sp._1",1,40,""
2024,4,26,"9_58","10_36","1","Goatgrass","G1","LACA","Listrus_sp._1",1,40,""
2024,4,26,"9_58","10_36","1","Goatgrass","G1","LACA","BF1_Diptera",1,40,""
2024,4,26,"9_58","10_36","1","Goatgrass","G1","LACA","BF1_Diptera",1,40,""
2024,4,26,"9_58","10_36","1","Goatgrass","G1","LACA","BF1_Diptera",1,40,""
2024,4,26,"9_58","10_36","1","Goatgrass","G1","AGHE","Elateridae",1,40,""
2024,4,26,"9_58","10_36","1","Goatgrass","G1","LACA","BF1_Diptera",1,50,""
2024,4,26,"9_58","10_36","1","Goatgrass","G1","LACA","BF1_Diptera",1,50,""
2024,4,26,"9_58","10_36","1","Goatgrass","G1","LACA","Listrus_sp._1",1,50,""
2024,4,26,"9_58","10_36","1","Goatgrass","G1","AGHE","Andrena_subchalybea",1,50,""
2024,4,26,"9_58","10_36","1","Goatgrass","G1","LACA","Listrus_sp._1",1,50,""
2024,4,27,"8_21","9_10","1","Coyote","C1","VIVI","Bombus_melanopygus",4,0,""
2024,4,27,"8_21","9_10","1","Coyote","C1","VIVI","Bombus_vosnesenskii",3,0,""
2024,4,27,"8_21","9_10","1","Coyote","C1","VIVI","Bombus_melanopygus",2,0,""
2024,4,27,"8_21","9_10","1","Coyote","C1","VIVI","Bombus_melanopygus",1,0,""
2024,4,27,"8_21","9_10","1","Coyote","C1","VIVI","Bombus_melanopygus",1,0,""
2024,4,27,"8_21","9_10","1","Coyote","C1","VIVI","Bombus_vosnesenskii",6,0,""
2024,4,27,"8_21","9_10","1","Coyote","C1","VIVI","Bombus_vosnesenskii",2,0,""
2024,4,27,"8_21","9_10","1","Coyote","C1","VIVI","Bombus_melanopygus",3,0,""
2024,4,27,"8_21","9_10","1","Coyote","C1","VIVI","Bombus_vosnesenskii",1,0,""
2024,4,27,"8_21","9_10","1","Coyote","C1","VIVI","Bombus_melanopygus",5,0,""
2024,4,27,"8_21","9_10","1","Coyote","C1","VIVI","Bombus_melanopygus",1,0,""
2024,4,27,"8_21","9_10","1","Coyote","C1","VIVI","Bombus_melanopygus",3,0,""
2024,4,27,"8_21","9_10","2","Coyote","C1","VIVI","Coenonympha_californica",1,0,""
2024,4,27,"8_21","9_10","2","Coyote","C1","VIVI","Bombus_vosnesenskii",2,0,""
2024,4,27,"8_21","9_10","2","Coyote","C1","VIVI","Bombus_vosnesenskii",2,0,""
2024,4,27,"8_21","9_10","2","Coyote","C1","VIVI","Bombus_melanopygus",2,0,""
2024,4,27,"8_21","9_10","2","Coyote","C1","VIVI","Bombus_melanopygus",1,0,""
2024,4,27,"8_21","9_10","2","Coyote","C1","VIVI","Bombus_melanopygus",4,0,""
2024,4,27,"8_21","9_10","2","Coyote","C1","VIVI","Bombus_melanopygus",3,0,""
2024,4,27,"8_21","9_10","2","Coyote","C1","VIVI","Bombus_melanopygus",1,0,""
2024,4,27,"8_21","9_10","2","Coyote","C1","VIVI","Bombus_melanopygus",1,0,""
2024,4,27,"8_21","9_10","2","Coyote","C1","VIVI","Bombus_melanopygus",3,0,""
2024,4,27,"8_21","9_10","2","Coyote","C1","VIVI","Apis_mellifera",2,0,""
2024,4,27,"8_21","9_10","2","Coyote","C1","VIVI","Bombus_melanopygus",1,0,""
2024,4,27,"8_21","9_10","2","Coyote","C1","VIVI","Bombus_melanopygus",1,0,""
2024,4,27,"8_21","9_10","2","Coyote","C1","VIVI","Bombus_melanopygus",10,0,""
2024,4,27,"8_21","9_10","2","Coyote","C1","VIVI","Bombus_melanopygus",1,0,""
2024,4,27,"8_21","9_10","2","Coyote","C1","VIVI","Scaeva_affinis",1,0,""
2024,4,27,"8_21","9_10","2","Coyote","C1","VIVI","Bombus_melanopygus",15,0,""
2024,4,27,"8_21","9_10","2","Coyote","C1","VIVI","Bombus_melanopygus",2,0,""
2024,4,27,"8_21","9_10","2","Coyote","C1","VIVI","Bombus_vosnesenskii",2,0,""
2024,4,27,"8_21","9_10","2","Coyote","C1","VIVI","Bombus_vosnesenskii",5,0,""
2024,4,27,"8_21","9_10","2","Coyote","C1","VIVI","Bombus_vosnesenskii",2,0,""
2024,4,27,"8_21","9_10","2","Coyote","C1","VIVI","Bombus_vosnesenskii",1,0,""
2024,4,27,"8_21","9_10","2","Coyote","C1","VIVI","Bombus_melanopygus",1,0,""
2024,4,27,"8_21","9_10","2","Coyote","C1","VIVI","Bombus_melanopygus",1,0,""
2024,4,27,"8_21","9_10","2","Coyote","C1","VIVI","Bombus_vosnesenskii",1,0,""
2024,4,27,"8_21","9_10","2","Coyote","C1","VIVI","Apis_mellifera",1,0,""
2024,4,27,"8_21","9_10","2","Coyote","C1","VIVI","Bombus_vosnesenskii",1,0,""
2024,4,27,"8_21","9_10","2","Coyote","C1","VIVI","Bombus_melanopygus",1,0,""
2024,4,27,"8_21","9_10","2","Coyote","C1","VIVI","Bombus_vosnesenskii",6,0,""
2024,4,27,"8_21","9_10","2","Coyote","C1","VIVI","Bombus_melanopygus",2,0,""
2024,4,27,"8_21","9_10","2","Coyote","C1","VIVI","Bombus_vosnesenskii",1,0,""
2024,4,27,"8_21","9_10","2","Coyote","C1","VIVI","Bombus_vosnesenskii",3,0,""
2024,4,27,"8_21","9_10","2","Coyote","C1","VIVI","Bombus_melanopygus",1,0,""
2024,4,27,"8_21","9_10","2","Coyote","C1","VIVI","Bombus_melanopygus",1,0,""
2024,4,27,"8_21","9_10","2","Coyote","C1","VIVI","Bombus_melanopygus",1,0,""
2024,4,27,"8_21","9_10","2","Coyote","C1","VIVI","Bombus_melanopygus",2,0,""
2024,4,27,"8_21","9_10","2","Coyote","C1","VIVI","Bombus_vosnesenskii",2,0,""
2024,4,27,"8_21","9_10","2","Coyote","C1","DEVA","Calypte_anna",4,0,""
2024,4,27,"8_21","9_10","2","Coyote","C1","VIVI","Bombus_melanopygus",1,0,""
2024,4,27,"8_21","9_10","2","Coyote","C1","VIVI","Apis_mellifera",1,0,""
2024,4,27,"8_21","9_10","2","Coyote","C1","VIVI","Bombus_melanopygus",1,0,""
2024,4,27,"8_21","9_10","2","Coyote","C1","VIVI","Apis_mellifera",4,0,""
2024,4,27,"8_21","9_10","2","Coyote","C1","VIVI","Bombus_vosnesenskii",6,0,""
2024,4,27,"8_21","9_10","2","Coyote","C1","VIVI","Bombus_melanopygus",1,0,""
2024,4,27,"8_21","9_10","2","Coyote","C1","AGHE","Heliolonche_modiella",1,0,""
2024,4,27,"12_14","12_51","2","South_Goatgrass","SG1","VIVI","Eucera_frater_albopilosa",1,0,""
2024,4,27,"12_14","12_51","2","South_Goatgrass","SG1","VIVI","Bombus_melanopygus",10,0,""
2024,4,27,"12_14","12_51","2","South_Goatgrass","SG1","VIVI","Eucera_actuosa",1,0,""
2024,4,27,"12_14","12_51","2","South_Goatgrass","SG1","VIVI","Osmia_nemoris",1,0,""
2024,4,27,"12_14","12_51","2","South_Goatgrass","SG1","VIVI","Eucera_actuosa",1,0,""
2024,4,27,"12_14","12_51","2","South_Goatgrass","SG1","VIVI","Bombus_melanopygus",1,0,""
2024,4,27,"12_14","12_51","2","South_Goatgrass","SG1","VIVI","Bombus_melanopygus",1,0,""
2024,4,27,"12_14","12_51","2","South_Goatgrass","SG1","VIVI","Bombus_melanopygus",3,0,""
2024,4,27,"12_14","12_51","2","South_Goatgrass","SG1","VIVI","Bombus_melanopygus",5,0,""
2024,4,27,"12_14","12_51","2","South_Goatgrass","SG1","VIVI","Bombus_melanopygus",5,0,""
2024,4,27,"12_14","12_51","2","South_Goatgrass","SG1","VIVI","Osmia_nemoris",2,0,""
2024,4,27,"12_14","12_51","2","South_Goatgrass","SG1","VIVI","Bombus_melanopygus",1,0,""
2024,4,27,"12_14","12_51","2","South_Goatgrass","SG1","VIVI","Bombus_melanopygus",2,0,""
2024,4,27,"12_14","12_51","2","South_Goatgrass","SG1","VIVI","Bombus_melanopygus",2,0,""
2024,4,27,"12_14","12_51","2","South_Goatgrass","SG1","VIVI","Bombus_melanopygus",2,0,""
2024,4,27,"12_14","12_51","2","South_Goatgrass","SG1","VIVI","Bombus_melanopygus",4,0,""
2024,4,27,"12_14","12_51","2","South_Goatgrass","SG1","VIVI","Bombus_melanopygus",4,0,""
2024,4,27,"12_14","12_51","2","South_Goatgrass","SG1","VIVI","Bombus_melanopygus",6,0,""
2024,4,27,"12_14","12_51","2","South_Goatgrass","SG1","VIVI","Bombus_melanopygus",8,0,""
2024,4,27,"12_14","12_51","2","South_Goatgrass","SG1","VIVI","Bombus_melanopygus",5,0,""
2024,4,27,"12_14","12_51","2","South_Goatgrass","SG1","VIVI","Osmia_nemoris",1,0,""
2024,4,27,"12_14","12_51","2","South_Goatgrass","SG1","VIVI","Bombus_melanopygus",1,0,""
2024,4,27,"12_14","12_51","2","South_Goatgrass","SG1","VIVI","Bombus_melanopygus",1,0,""
2024,4,27,"12_14","12_51","2","South_Goatgrass","SG1","TRFU","Listrus_sp._1",1,0,""
2024,4,27,"12_14","12_51","2","South_Goatgrass","SG1","VIVI","Bombus_vosnesenskii",9,0,""
2024,4,27,"12_14","12_51","2","South_Goatgrass","SG1","VIVI","Bombus_melanopygus",2,0,""
2024,4,27,"12_14","12_51","2","South_Goatgrass","SG1","VIVI","Bombus_melanopygus",2,0,""
2024,4,27,"12_14","12_51","2","South_Goatgrass","SG1","VIVI","Bombus_melanopygus",2,0,""
2024,4,27,"12_14","12_51","2","South_Goatgrass","SG1","VIVI","Bombus_melanopygus",1,0,""
2024,4,27,"12_14","12_51","2","South_Goatgrass","SG1","VIVI","Eucera_actuosa",2,0,""
2024,4,27,"12_14","12_51","2","South_Goatgrass","SG1","VIVI","Bombus_melanopygus",1,0,""
2024,4,27,"12_14","12_51","2","South_Goatgrass","SG1","VIVI","Bombus_melanopygus",2,0,""
2024,4,27,"12_14","12_51","2","South_Goatgrass","SG1","VIVI","Bombus_melanopygus",3,0,""
2024,4,27,"12_14","12_51","2","South_Goatgrass","SG1","VIVI","Bombus_melanopygus",3,0,""
2024,4,27,"12_14","12_51","2","South_Goatgrass","SG1","VIVI","Bombus_melanopygus",3,0,""
2024,4,27,"12_14","12_51","2","South_Goatgrass","SG1","VIVI","Bombus_vosnesenskii",5,0,""
2024,4,27,"12_14","12_51","2","South_Goatgrass","SG1","VIVI","Bombus_melanopygus",1,0,""
2024,4,27,"12_14","12_51","2","South_Goatgrass","SG1","VIVI","Bombus_melanopygus",1,0,""
2024,4,27,"12_14","12_51","2","South_Goatgrass","SG1","VIVI","Eucera_actuosa",1,0,""
2024,4,27,"12_14","12_51","2","South_Goatgrass","SG1","VIVI","Bombus_melanopygus",1,0,""
2024,4,27,"12_14","12_51","2","South_Goatgrass","SG1","VIVI","Bombus_melanopygus",1,0,""
2024,4,27,"12_14","12_51","2","South_Goatgrass","SG1","VIVI","Bombus_melanopygus",1,0,""
2024,4,27,"12_14","12_51","2","South_Goatgrass","SG1","VIVI","Bombus_melanopygus",3,0,""
2024,4,27,"12_14","12_51","2","South_Goatgrass","SG1","VIVI","Apis_mellifera",1,0,""
2024,4,27,"12_14","12_51","2","South_Goatgrass","SG1","VIVI","Bombus_melanopygus",2,0,""
2024,4,27,"12_14","12_51","2","South_Goatgrass","SG1","VIVI","Bombus_melanopygus",2,0,""
2024,4,27,"12_14","12_51","2","South_Goatgrass","SG1","VIVI","Bombus_melanopygus",2,0,""
2024,4,27,"12_14","12_51","2","South_Goatgrass","SG1","VIVI","Bombus_melanopygus",2,0,""
2024,4,27,"12_14","12_51","2","South_Goatgrass","SG1","VIVI","Bombus_melanopygus",2,0,""
2024,4,27,"12_14","12_51","2","South_Goatgrass","SG1","VIVI","Bombus_melanopygus",2,0,""
2024,4,27,"12_14","12_51","2","South_Goatgrass","SG1","VIVI","Bombus_melanopygus",2,0,""
2024,4,27,"12_14","12_51","2","South_Goatgrass","SG1","VIVI","Apis_mellifera",2,0,""
2024,4,27,"12_14","12_51","2","South_Goatgrass","SG1","VIVI","Apis_mellifera",1,0,""
2024,4,27,"12_14","12_51","2","South_Goatgrass","SG1","VIVI","Apis_mellifera",1,0,""
2024,4,27,"12_14","12_51","2","South_Goatgrass","SG1","VIVI","Apis_mellifera",1,0,""
2024,4,27,"12_14","12_51","2","South_Goatgrass","SG1","VIVI","Bombus_melanopygus",1,0,""
2024,4,27,"12_14","12_51","2","South_Goatgrass","SG1","VIVI","Bombus_melanopygus",1,0,""
2024,4,27,"12_14","12_51","2","South_Goatgrass","SG1","VIVI","Bombus_melanopygus",1,0,""
2024,4,27,"12_14","12_51","2","South_Goatgrass","SG1","VIVI","Bombus_melanopygus",1,0,""
2024,4,27,"12_14","12_51","2","South_Goatgrass","SG1","VIVI","Bombus_melanopygus",1,0,""
2024,4,27,"12_14","12_51","2","South_Goatgrass","SG1","VIVI","Bombus_melanopygus",5,0,""
2024,4,27,"12_14","12_51","2","South_Goatgrass","SG1","VIVI","Bombus_vosnesenskii",1,0,""
2024,4,27,"12_14","12_51","2","South_Goatgrass","SG1","VIVI","Bombus_melanopygus",2,0,""
2024,4,27,"12_14","12_51","2","South_Goatgrass","SG1","VIVI","Bombus_melanopygus",1,0,""
2024,4,27,"12_14","12_51","2","South_Goatgrass","SG1","VIVI","Apis_mellifera",1,0,""
2024,4,27,"12_14","12_51","2","South_Goatgrass","SG1","VIVI","Bombus_melanopygus",2,0,""
2024,4,27,"12_14","12_51","2","South_Goatgrass","SG1","VIVI","Bombus_melanopygus",5,0,""
2024,4,27,"12_14","12_51","1","South_Goatgrass","SG1","LACA","BF1_Diptera",1,1,""
2024,4,27,"12_14","12_51","1","South_Goatgrass","SG1","LACA","BF1_Diptera",1,1,""
2024,4,27,"12_14","12_51","1","South_Goatgrass","SG1","LACA","BF1_Diptera",1,1,""
2024,4,27,"12_14","12_51","1","South_Goatgrass","SG1","VIVI","Apis_mellifera",2,0,""
2024,4,27,"12_14","12_51","1","South_Goatgrass","SG1","VIVI","Bombus_melanopygus",1,0,""
2024,4,27,"12_14","12_51","1","South_Goatgrass","SG1","VIVI","Bombus_melanopygus",2,0,""
2024,4,27,"12_14","12_51","1","South_Goatgrass","SG1","VIVI","Bombus_melanopygus",1,0,""
2024,4,27,"12_14","12_51","1","South_Goatgrass","SG1","VIVI","Eucera_actuosa",1,0,""
2024,4,27,"12_14","12_51","1","South_Goatgrass","SG1","VIVI","Bombus_melanopygus",1,0,""
2024,4,27,"12_14","12_51","1","South_Goatgrass","SG1","VIVI","Polistes_aurifer",1,0,""
2024,4,27,"12_14","12_51","1","South_Goatgrass","SG1","VIVI","Bombus_vosnesenskii",15,0,""
2024,4,27,"12_14","12_51","1","South_Goatgrass","SG1","LACA","Listrus_sp._1",1,0,""
2024,4,27,"12_14","12_51","1","South_Goatgrass","SG1","LACA","Listrus_sp._1",1,0,""
2024,4,27,"12_14","12_51","1","South_Goatgrass","SG1","LACA","BF1_Diptera",1,0,""
2024,4,27,"12_14","12_51","1","South_Goatgrass","SG1","LACA","BF1_Diptera",1,0,""
2024,4,27,"12_14","12_51","1","South_Goatgrass","SG1","LACA","BF1_Diptera",1,0,""
2024,4,27,"12_14","12_51","1","South_Goatgrass","SG1","LACA","BF1_Diptera",1,0,""
2024,4,27,"12_14","12_51","1","South_Goatgrass","SG1","LACA","BF1_Diptera",1,0,""
2024,4,27,"12_14","12_51","1","South_Goatgrass","SG1","LACA","BF1_Diptera",1,0,""
2024,4,27,"12_14","12_51","1","South_Goatgrass","SG1","VIVI","Bombus_melanopygus",2,0,""
2024,4,27,"12_14","12_51","1","South_Goatgrass","SG1","VIVI","Xylocopa_tabaniformis",3,0,""
2024,4,27,"12_14","12_51","1","South_Goatgrass","SG1","VIVI","Bombus_melanopygus",1,0,""
2024,4,27,"12_14","12_51","1","South_Goatgrass","SG1","VIVI","Bombus_melanopygus",1,0,""
2024,4,27,"12_14","12_51","1","South_Goatgrass","SG1","VIVI","Bombus_melanopygus",2,0,""
2024,4,27,"12_14","12_51","1","South_Goatgrass","SG1","VIVI","Eucera_actuosa",1,0,""
2024,4,27,"12_14","12_51","1","South_Goatgrass","SG1","VIVI","Eucera_actuosa",1,0,""
2024,4,27,"12_14","12_51","1","South_Goatgrass","SG1","VIVI","Osmia_sp.",1,0,""
2024,4,27,"12_14","12_51","1","South_Goatgrass","SG1","LACA","Listrus_sp._1",1,0,""
2024,4,27,"1_08","2_00","1","Goatgrass","GG1","LACA","Malachius_sp.",1,60,""
2024,4,27,"1_08","2_00","1","Goatgrass","GG1","LACA","BF1_Diptera",1,50,""
2024,4,27,"1_08","2_00","1","Goatgrass","GG1","LACA","BF1_Diptera",1,50,""
2024,4,27,"1_08","2_00","1","Goatgrass","GG1","LACA","BF1_Diptera",1,50,""
2024,4,27,"1_08","2_00","1","Goatgrass","GG1","LACA","BF3_Diptera",1,50,""
2024,4,27,"1_08","2_00","1","Goatgrass","GG1","SIBE","Scaeva_affinis",3,50,""
2024,4,27,"1_08","2_00","1","Goatgrass","GG1","SIBE","Panurginus_sp.",1,50,""
2024,4,27,"1_08","2_00","1","Goatgrass","GG1","SIBE","Panurginus_sp.",1,50,""
2024,4,27,"1_08","2_00","1","Goatgrass","GG1","LACA","BF1_Diptera",1,50,""
2024,4,27,"1_08","2_00","1","Goatgrass","GG1","LACA","BF1_Diptera",1,50,""
2024,4,27,"1_08","2_00","1","Goatgrass","GG1","LACA","BF1_Diptera",1,50,""
2024,4,27,"1_08","2_00","1","Goatgrass","GG1","LACA","BF1_Diptera",1,50,""
2024,4,27,"1_08","2_00","1","Goatgrass","GG1","LACA","BF1_Diptera",1,50,""
2024,4,27,"1_08","2_00","1","Goatgrass","GG1","DICA","Panurginus_sp.",1,50,""
2024,4,27,"1_08","2_00","1","Goatgrass","GG1","LACA","BF1_Diptera",1,50,""
2024,4,27,"1_08","2_00","1","Goatgrass","GG1","LACA","BF1_Diptera",1,50,""
2024,4,27,"1_08","2_00","1","Goatgrass","GG1","LACA","BF1_Diptera",1,50,""
2024,4,27,"1_08","2_00","1","Goatgrass","GG1","LACA","BF1_Diptera",1,50,""
2024,4,27,"1_08","2_00","1","Goatgrass","GG1","LACA","Bombylius_major",1,50,""
2024,4,27,"1_08","2_00","1","Goatgrass","GG1","LACA","Chrysoperla_sp.",1,50,""
2024,4,27,"1_08","2_00","1","Goatgrass","GG1","LACA","Bombylius_major",2,50,""
2024,4,27,"1_08","2_00","1","Goatgrass","GG1","LACA","Andrena_subchalybea",1,50,""
2024,4,27,"1_08","2_00","1","Goatgrass","GG1","LACA","BF1_Diptera",1,50,""
2024,4,27,"1_08","2_00","1","Goatgrass","GG1","LACA","BF1_Diptera",1,50,""
2024,4,27,"1_08","2_00","1","Goatgrass","GG1","LACA","BF1_Diptera",1,50,""
2024,4,27,"1_08","2_00","1","Goatgrass","GG1","LACA","Bombylius_major",1,50,""
2024,4,27,"1_08","2_00","1","Goatgrass","GG1","TRFU","Anthophora_californica",1,50,""
2024,4,27,"1_08","2_00","1","Goatgrass","GG1","TRFU","Listrus_sp._1",1,50,""
2024,4,27,"1_08","2_00","1","Goatgrass","GG1","TRFU","Listrus_sp._1",1,50,""
2024,4,27,"1_08","2_00","1","Goatgrass","GG1","TRFU","Andrena_pallidifovea",1,50,""
2024,4,27,"1_08","2_00","1","Goatgrass","GG1","LACA","BF1_Diptera",1,40,""
2024,4,27,"1_08","2_00","1","Goatgrass","GG1","LACA","BF1_Diptera",1,40,""
2024,4,27,"1_08","2_00","1","Goatgrass","GG1","LACA","BF1_Diptera",1,40,""
2024,4,27,"1_08","2_00","1","Goatgrass","GG1","LACA","BF1_Diptera",1,40,""
2024,4,27,"1_08","2_00","1","Goatgrass","GG1","LACA","BF1_Diptera",1,40,""
2024,4,27,"1_08","2_00","1","Goatgrass","GG1","LACA","BF1_Diptera",1,40,""
2024,4,27,"1_08","2_00","1","Goatgrass","GG1","LACA","BF1_Diptera",1,40,""
2024,4,27,"1_08","2_00","1","Goatgrass","GG1","LACA","BF1_Diptera",1,40,""
2024,4,27,"1_08","2_00","1","Goatgrass","GG1","LACA","BF1_Diptera",1,40,""
2024,4,27,"1_08","2_00","1","Goatgrass","GG1","LACA","BF1_Diptera",1,40,""
2024,4,27,"1_08","2_00","1","Goatgrass","GG1","LACA","BF1_Diptera",1,40,""
2024,4,27,"1_08","2_00","1","Goatgrass","GG1","LACA","BF1_Diptera",1,40,""
2024,4,27,"1_08","2_00","1","Goatgrass","GG1","LACA","BF1_Diptera",1,40,""
2024,4,27,"1_08","2_00","1","Goatgrass","GG1","LACA","BF1_Diptera",1,40,""
2024,4,27,"1_08","2_00","1","Goatgrass","GG1","LACA","BF1_Diptera",1,40,""
2024,4,27,"1_08","2_00","1","Goatgrass","GG1","LACA","BF1_Diptera",1,40,""
2024,4,27,"1_08","2_00","1","Goatgrass","GG1","LACA","BF1_Diptera",1,40,""
2024,4,27,"1_08","2_00","1","Goatgrass","GG1","LACA","BF1_Diptera",1,40,""
2024,4,27,"1_08","2_00","1","Goatgrass","GG1","LACA","Andrena_pensilis",1,40,""
2024,4,27,"1_08","2_00","1","Goatgrass","GG1","LACA","BF1_Diptera",1,40,""
2024,4,27,"1_08","2_00","1","Goatgrass","GG1","LACA","BF1_Diptera",1,40,""
2024,4,27,"1_08","2_00","1","Goatgrass","GG1","LACA","Euopeodes_fumipennis",1,40,""
2024,4,27,"1_08","2_00","1","Goatgrass","GG1","LACA","SAB_black_Syrphid",1,30,""
2024,4,27,"1_08","2_00","1","Goatgrass","GG1","LACA","Panurginus_sp.",1,30,""
2024,4,27,"1_08","2_00","1","Goatgrass","GG1","LACA","Bombylius_major",1,30,""
2024,4,27,"1_08","2_00","1","Goatgrass","GG1","LACA","Panurginus_sp.",2,30,""
2024,4,27,"1_08","2_00","1","Goatgrass","GG1","LACA","Panurginus_sp.",1,30,""
2024,4,27,"1_08","2_00","1","Goatgrass","GG1","LACA","Panurginus_sp.",2,30,""
2024,4,27,"1_08","2_00","1","Goatgrass","GG1","LACA","Panurginus_sp.",1,30,""
2024,4,27,"1_08","2_00","1","Goatgrass","GG1","LACA","Panurginus_sp.",1,30,""
2024,4,27,"1_08","2_00","1","Goatgrass","GG1","LACA","Panurginus_sp.",1,30,""
2024,4,27,"1_08","2_00","1","Goatgrass","GG1","LACA","Andrena_pallidifovea",1,30,""
2024,4,27,"1_08","2_00","1","Goatgrass","GG1","LACA","BF1_Diptera",1,30,""
2024,4,27,"1_08","2_00","1","Goatgrass","GG1","TRFU","Bombus_vosnesenskii",18,30,""
2024,4,27,"1_08","2_00","1","Goatgrass","GG1","LACA","Andrena_pensilis",1,30,""
2024,4,27,"1_08","2_00","1","Goatgrass","GG1","LACA","Andrena_pensilis",1,30,""
2024,4,27,"1_08","2_00","1","Goatgrass","GG1","LACA","Bombus_vosnesenskii",15,30,""
2024,4,27,"1_08","2_00","1","Goatgrass","GG1","LACA","Bombylius_major",1,30,""
2024,4,27,"1_08","2_00","1","Goatgrass","GG1","RACA","Panurginus_sp.",1,30,""
2024,4,27,"1_08","2_00","1","Goatgrass","GG1","LACA","Bombylius_major",1,30,""
2024,4,27,"1_08","2_00","1","Goatgrass","GG1","TRFU","Bombus_vosnesenskii",9,20,""
2024,4,27,"1_08","2_00","1","Goatgrass","GG1","TRFU","Bombus_vosnesenskii",2,20,""
2024,4,27,"1_08","2_00","1","Goatgrass","GG1","LACA","BF1_Diptera",1,20,""
2024,4,27,"1_08","2_00","1","Goatgrass","GG1","LACA","BF1_Diptera",1,20,""
2024,4,27,"1_08","2_00","1","Goatgrass","GG1","LACA","BF1_Diptera",1,20,""
2024,4,27,"1_08","2_00","1","Goatgrass","GG1","TRFU","Apis_mellifera",1,20,""
2024,4,27,"1_08","2_00","1","Goatgrass","GG1","LACA","Andrena_pensilis",1,20,""
2024,4,27,"1_08","2_00","1","Goatgrass","GG1","LACA","Nomada_hesperia",1,20,""
2024,4,27,"1_08","2_00","1","Goatgrass","GG1","TRFU","Andrena_pallidifovea",2,20,""
2024,4,27,"1_08","2_00","1","Goatgrass","GG1","TRFU","Helithodes_dimutiva",1,20,""
2024,4,27,"1_08","2_00","1","Goatgrass","GG1","LACA","Helithodes_dimutiva",1,20,""
2024,4,27,"1_08","2_00","1","Goatgrass","GG1","TRFU","Bombus_vosnesenskii",11,15,""
2024,4,27,"1_08","2_00","1","Goatgrass","GG1","TRFU","Bombus_vosnesenskii",10,15,""
2024,4,27,"1_08","2_00","1","Goatgrass","GG1","TRFU","Bombus_vosnesenskii",1,16,""
2024,4,27,"1_08","2_00","1","Goatgrass","GG1","TRFU","Listrus_sp._1",1,15,""
2024,4,27,"1_08","2_00","1","Goatgrass","GG1","LACA","Bombylius_major",1,15,""
2024,4,27,"1_08","2_00","1","Goatgrass","GG1","LACA","Bombylius_major",1,15,""
2024,4,27,"1_08","2_00","1","Goatgrass","GG1","LACA","BF1_Diptera",1,15,""
2024,4,27,"1_08","2_00","1","Goatgrass","GG1","TRFU","Bombus_vosnesenskii",1,15,""
2024,4,27,"1_08","2_00","1","Goatgrass","GG1","LACA","BF1_Diptera",1,10,""
2024,4,27,"1_08","2_00","1","Goatgrass","GG1","LACA","BF1_Diptera",1,10,""
2024,4,27,"1_08","2_00","1","Goatgrass","GG1","LACA","Panurginus_sp.",1,10,""
2024,4,27,"1_08","2_00","1","Goatgrass","GG1","LACA","Panurginus_sp.",1,10,""
2024,4,27,"1_08","2_00","1","Goatgrass","GG1","LACA","Panurginus_sp.",1,10,""
2024,4,27,"1_08","2_00","1","Goatgrass","GG1","LACA","Andrena_pensilis",1,10,""
2024,4,27,"1_08","2_00","1","Goatgrass","GG1","LACA","Andrena_pensilis",1,10,""
2024,4,27,"1_08","2_00","1","Goatgrass","GG1","LACA","Bombylius_major",1,10,""
2024,4,27,"1_08","2_00","1","Goatgrass","GG1","TRFU","Bombus_vosnesenskii",18,5,""
2024,4,27,"1_08","2_00","1","Goatgrass","GG1","LACA","BF1_Diptera",1,5,""
2024,4,27,"1_08","2_00","1","Goatgrass","GG1","LACA","BF1_Diptera",1,5,""
2024,4,27,"1_08","2_00","1","Goatgrass","GG1","LACA","BF1_Diptera",1,5,""
2024,4,27,"1_08","2_00","1","Goatgrass","GG1","LACA","BF1_Diptera",1,5,""
2024,4,27,"1_08","2_00","1","Goatgrass","GG1","LACA","Panurginus_sp.",1,5,""
2024,4,27,"1_08","2_00","1","Goatgrass","GG1","LACA","Panurginus_sp.",1,5,""
2024,4,27,"1_08","2_00","1","Goatgrass","GG1","LACA","Cyrtopogon_sp.",1,5,""
2024,4,27,"1_08","2_00","1","Goatgrass","GG1","RACA","Bombylius_major",1,5,""
2024,4,27,"1_08","2_00","1","Goatgrass","GG1","LACA","Coenonympha_californica",1,5,""
2024,4,27,"1_08","2_00","1","Goatgrass","GG1","LACA","Panurginus_sp.",1,5,""
2024,4,27,"1_08","2_00","1","Goatgrass","GG1","LACA","Panurginus_sp.",1,5,""
2024,4,27,"1_08","2_00","1","Goatgrass","GG1","LACA","BF1_Diptera",1,5,""
2024,4,27,"1_08","2_00","1","Goatgrass","GG1","LACA","BF1_Diptera",1,5,""
2024,4,27,"1_08","2_00","1","Goatgrass","GG1","LACA","BF1_Diptera",1,5,""
2024,4,27,"1_08","2_00","1","Goatgrass","GG1","LACA","BF1_Diptera",1,5,""
2024,4,27,"1_08","2_00","1","Goatgrass","GG1","LACA","BF1_Diptera",1,5,""
2024,4,27,"1_08","2_00","1","Goatgrass","GG1","LACA","BF1_Diptera",1,5,""
2024,4,27,"1_08","2_00","1","Goatgrass","GG1","LACA","BF1_Diptera",1,1,""
2024,4,27,"1_08","2_00","1","Goatgrass","GG1","LACA","BF1_Diptera",1,1,""
2024,4,27,"1_08","2_00","1","Goatgrass","GG1","LACA","BF1_Diptera",1,1,""
2024,4,27,"1_08","2_00","1","Goatgrass","GG1","LACA","Listrus_sp._1",1,1,""
2024,4,27,"1_08","2_00","1","Goatgrass","GG1","RACA","Cyrtopogon_sp.",1,0,""
2024,4,27,"1_08","2_00","1","Goatgrass","GG1","RACA","Malachius_sp.",1,0,""
2024,4,27,"1_08","2_00","1","Goatgrass","GG1","VIVI","Apis_mellifera",1,0,""
2024,4,27,"1_08","2_00","1","Goatgrass","GG1","LACA","Coenonympha_californica",2,0,""
2024,4,27,"1_08","2_00","1","Goatgrass","GG1","LACA","BF1_Diptera",1,1,""
2024,4,27,"1_08","2_00","1","Goatgrass","GG1","LACA","Panurginus_sp.",1,1,""
2024,4,27,"1_08","2_00","1","Goatgrass","GG1","LACA","Coenonympha_californica",2,1,""
2024,4,27,"1_08","2_00","1","Goatgrass","GG1","LACA","Heliolonche_modiella",1,2,""
2024,4,27,"1_08","2_00","1","Goatgrass","GG1","LACA","SAB_black_Syrphid",1,2,""
2024,4,27,"1_08","2_00","1","Goatgrass","GG1","LACA","SAB_black_Syrphid",1,3,""
2024,4,27,"1_08","2_00","1","Goatgrass","GG1","LACA","Bombylius_major",1,3,""
2024,4,27,"1_08","2_00","1","Goatgrass","GG1","LACA","BF1_Diptera",1,5,""
2024,4,27,"1_08","2_00","1","Goatgrass","GG1","LACA","Coenonympha_californica",2,5,""
2024,4,27,"1_08","2_00","1","Goatgrass","GG1","LACA","Panurginus_sp.",1,5,""
2024,4,27,"1_08","2_00","1","Goatgrass","GG1","ACMO","Cyrtopogon_sp.",1,1,""
2024,4,27,"1_08","2_00","1","Goatgrass","GG1","ACMO","Cyrtopogon_sp.",1,1,""
2024,4,27,"1_08","2_00","1","Goatgrass","GG1","LACA","BF1_Diptera",1,2,""
2024,4,27,"1_08","2_00","1","Goatgrass","GG1","LACA","BF1_Diptera",1,2,""
2024,4,27,"1_08","2_00","1","Goatgrass","GG1","LACA","BF1_Diptera",1,2,""
2024,4,27,"1_08","2_00","1","Goatgrass","GG1","LACA","Listrus_sp._1",1,2,""
2024,4,27,"1_08","2_00","1","Goatgrass","GG1","LACA","BF1_Diptera",1,5,""
2024,4,27,"1_08","2_00","1","Goatgrass","GG1","TRFU","Bombus_vosnesenskii",6,30,""
2024,4,27,"1_08","2_00","1","Goatgrass","GG1","TRFU","Bombus_vosnesenskii",6,30,""
2024,4,27,"1_08","2_00","1","Goatgrass","GG1","TRFU","Bombus_vosnesenskii",6,30,""
2024,4,27,"1_08","2_00","1","Goatgrass","GG1","TRFU","Bombus_vosnesenskii",3,20,""
2024,4,27,"1_08","2_00","1","Goatgrass","GG1","LACA","BF1_Diptera",1,20,""
2024,4,27,"1_08","2_00","1","Goatgrass","GG1","TRFU","Bombus_vosnesenskii",1,40,""
2024,4,27,"1_08","2_00","1","Goatgrass","GG1","LACA","BF1_Diptera",1,30,""
2024,4,27,"1_08","2_00","1","Goatgrass","GG1","LACA","BF1_Diptera",1,30,""
2024,4,27,"1_08","2_00","1","Goatgrass","GG1","LACA","BF1_Diptera",1,30,""
2024,4,27,"1_08","2_00","1","Goatgrass","GG1","TRFU","Bombus_vosnesenskii",3,30,""
2024,4,27,"1_08","2_00","1","Goatgrass","GG1","TRFU","Eucera_actuosa",1,30,""
2024,4,27,"1_08","2_00","1","Goatgrass","GG1","LACA","Cyrtopogon_sp.",1,30,""
2024,4,27,"2_51","3_16","1","Anu","A1","TRFU","Eucera_actuosa",1,0,""
2024,4,27,"2_51","3_16","1","Anu","A1","VIVI","Bombus_vosnesenskii",1,0,""
2024,4,27,"2_51","3_16","1","Anu","A1","VIVI","Apis_mellifera",1,0,""
2024,4,27,"2_51","3_16","1","Anu","A1","TRFU","Listrus_sp._1",1,5,""
2024,4,27,"2_51","3_16","1","Anu","A1","LACA","Listrus_sp._1",1,10,""
2024,4,27,"2_51","3_16","1","Anu","A1","TRFU","Bombus_vosnesenskii",16,3,""
2024,4,27,"2_51","3_16","1","Anu","A1","TRFU","Listrus_sp._1",1,1,""
2024,4,27,"2_51","3_16","1","Anu","A1","TRFU","Eucera_actuosa",4,0,""
2024,4,27,"2_51","3_16","1","Anu","A1","LACA","Listrus_sp._1",1,1,""
2024,4,27,"2_51","3_16","1","Anu","A1","TRFU","Eucera_actuosa",5,0,""
2024,4,27,"2_51","3_16","1","Anu","A1","VIVI","Apis_mellifera",1,0,""
2024,4,27,"2_51","3_16","1","Anu","A1","VIVI","Apis_mellifera",1,0,""
2024,4,27,"2_51","3_16","1","Anu","A1","TRFU","Coenonympha_californica",1,2,""
2024,4,27,"2_51","3_16","1","Anu","A1","VIVI","Apis_mellifera",1,0,""
2024,4,27,"2_51","3_16","1","Anu","A1","VIVI","Apis_mellifera",1,0,""
2024,4,27,"2_51","3_16","1","Anu","A1","VIVI","Apis_mellifera",1,0,""
2024,4,27,"2_51","3_16","1","Anu","A1","VIVI","Apis_mellifera",1,0,""
2024,4,27,"2_51","3_16","1","Anu","A1","TRFU","Osmia_cara",1,1,""
2024,4,27,"2_51","3_16","1","Anu","A1","VIVI","Apis_mellifera",1,0,""
2024,4,27,"2_51","3_16","1","Anu","A1","VIVI","Apis_mellifera",2,0,""
2024,4,27,"2_51","3_16","1","Anu","A1","VIVI","Apis_mellifera",2,0,""
2024,4,27,"2_51","3_16","1","Anu","A1","VIVI","Apis_mellifera",2,0,""
2024,4,27,"2_51","3_16","1","Anu","A1","VIVI","Apis_mellifera",2,0,""
2024,4,27,"2_51","3_16","1","Anu","A1","VIVI","Apis_mellifera",2,0,""
2024,4,27,"2_51","3_16","1","Anu","A1","VIVI","Apis_mellifera",1,0,""
2024,4,27,"2_51","3_16","1","Anu","A1","VIVI","Apis_mellifera",2,0,""
2024,4,27,"2_51","3_16","1","Anu","A1","TRFU","Muscidae",1,0,""
2024,4,27,"2_51","3_16","1","Anu","A1","LACA","Listrus_sp._1",1,0,""
2024,4,27,"2_51","3_16","1","Anu","A1","VIVI","Apis_mellifera",1,0,""
2024,4,27,"2_51","3_16","1","Anu","A1","VIVI","Apis_mellifera",1,0,""
2024,4,27,"2_51","3_16","1","Anu","A1","VIVI","Apis_mellifera",2,0,""
2024,4,27,"2_51","3_16","1","Anu","A1","VIVI","Apis_mellifera",1,0,""
2024,4,27,"2_51","3_16","1","Anu","A1","VIVI","Apis_mellifera",1,0,""
2024,4,27,"2_51","3_16","1","Anu","A1","VIVI","Xylocopa_sonorina",2,0,""
2024,4,27,"2_51","3_16","1","Anu","A1","VIVI","Apis_mellifera",1,0,""
2024,4,27,"2_51","3_16","1","Anu","A1","VIVI","Apis_mellifera",5,0,""
2024,4,27,"2_51","3_16","1","Anu","A1","VIVI","Apis_mellifera",3,0,""
2024,4,27,"2_51","3_16","1","Anu","A1","LACA","Listrus_sp._1",1,0,""
2024,4,27,"2_51","3_16","1","Anu","A1","TRFU","Listrus_sp._1",1,1,""
2024,4,27,"2_51","3_16","1","Anu","A1","LACA","Listrus_sp._1",1,2,""
2024,4,27,"2_51","3_16","1","Anu","A1","VIVI","Apis_mellifera",1,0,""
2024,4,27,"2_51","3_16","1","Anu","A1","VIVI","Apis_mellifera",2,0,""
2024,4,27,"2_51","3_16","1","Anu","A1","VIVI","Apis_mellifera",1,0,""
2024,4,27,"2_51","3_16","1","Anu","A1","LACA","Anthrenus_sp.",2,1,""
2024,4,27,"2_51","3_16","1","Anu","A1","VIVI","Apis_mellifera",1,0,""
2024,4,27,"2_51","3_16","1","Anu","A1","VIVI","Apis_mellifera",1,0,""
2024,4,27,"2_51","3_16","1","Anu","A1","VIVI","Apis_mellifera",1,0,""
2024,4,27,"2_51","3_16","1","Anu","A1","VIVI","Apis_mellifera",1,0,""
2024,4,27,"2_51","3_16","1","Anu","A1","VIVI","Apis_mellifera",1,0,""
2024,4,27,"2_51","3_16","1","Anu","A1","VIVI","Apis_mellifera",1,0,""
2024,4,27,"2_51","3_16","1","Anu","A1","VIVI","Apis_mellifera",1,0,""
2024,4,27,"2_51","3_16","1","Anu","A1","VIVI","Apis_mellifera",1,0,""
2024,4,27,"2_51","3_16","1","Anu","A1","VIVI","Apis_mellifera",1,0,""
2024,4,27,"2_51","3_16","1","Anu","A1","VIVI","Coenonympha_californica",1,0,""
2024,4,27,"2_51","3_16","1","Anu","A1","VIVI","Apis_mellifera",1,0,""
2024,4,27,"2_51","3_16","1","Anu","A1","VIVI","Eucera_actuosa",2,0,""
2024,4,27,"2_51","3_16","1","Anu","A1","VIVI","Osmia_cara",2,0,""
2024,4,27,"2_51","3_16","1","Anu","A1","VIVI","Bombus_vosnesenskii",1,0,""
2024,4,27,"2_51","3_16","1","Anu","A1","VIVI","Coenonympha_californica",2,0,""
2024,4,30,"8_49","9_26","1","Anu","A1","TRFU","Listrus_sp._1",1,1,""
2024,4,30,"8_49","9_26","1","Anu","A1","TRFU","Listrus_sp._1",1,1,""
2024,4,30,"8_49","9_26","1","Anu","A1","TRFU","Bombus_vosnesenskii",1,0,""
2024,4,30,"8_49","9_26","1","Anu","A1","LACA","Listrus_sp._1",1,1,""
2024,4,30,"8_49","9_26","1","Anu","A1","VIVI","Bombus_melanopygus",2,0,""
2024,4,30,"8_49","9_26","1","Anu","A1","VIVI","Bombus_vosnesenskii",2,0,""
2024,4,30,"8_49","9_26","1","Anu","A1","VIVI","Bombus_melanopygus",1,0,""
2024,4,30,"8_49","9_26","1","Anu","A1","VIVI","Apis_mellifera",2,0,""
2024,4,30,"8_49","9_26","1","Anu","A1","AGHE","Listrus_sp._1",1,0,""
2024,4,30,"8_49","9_26","1","Anu","A1","TRFU","Bombus_californicus",1,0,""
2024,4,30,"8_49","9_26","1","Anu","A1","VIVI","Bombus_californicus",1,0,""
2024,4,30,"8_49","9_26","1","Anu","A1","VIVI","Apis_mellifera",2,0,""
2024,4,30,"8_49","9_26","1","Anu","A1","VIVI","Apis_mellifera",1,0,""
2024,4,30,"8_49","9_26","1","Anu","A1","VIVI","Apis_mellifera",4,0,""
2024,4,30,"8_49","9_26","1","Anu","A1","VIVI","Apis_mellifera",1,0,""
2024,4,30,"8_49","9_26","1","Anu","A1","VIVI","Apis_mellifera",3,0,""
2024,4,30,"8_49","9_26","1","Anu","A1","VIVI","Apis_mellifera",3,0,""
2024,4,30,"8_49","9_26","1","Anu","A1","VIVI","Apis_mellifera",1,0,""
2024,4,30,"8_49","9_26","1","Anu","A1","VIVI","Apis_mellifera",1,0,""
2024,4,30,"8_49","9_26","1","Anu","A1","VIVI","Apis_mellifera",2,0,""
2024,4,30,"8_49","9_26","1","Anu","A1","VIVI","Apis_mellifera",1,0,""
2024,4,30,"8_49","9_26","1","Anu","A1","VIVI","Eucera_frater_albopilosa",1,0,""
2024,4,30,"8_49","9_26","1","Anu","A1","VIVI","Apis_mellifera",1,0,""
2024,4,30,"8_49","9_26","1","Anu","A1","VIVI","Apis_mellifera",1,0,""
2024,4,30,"8_49","9_26","1","Anu","A1","VIVI","Apis_mellifera",3,0,""
2024,4,30,"8_49","9_26","1","Anu","A1","VIVI","Apis_mellifera",1,0,""
2024,4,30,"8_49","9_26","1","Anu","A1","VIVI","Apis_mellifera",1,0,""
2024,4,30,"8_49","9_26","1","Anu","A1","VIVI","Apis_mellifera",1,0,""
2024,4,30,"8_49","9_26","1","Anu","A1","VIVI","Apis_mellifera",1,0,""
2024,4,30,"8_49","9_26","1","Anu","A1","VIVI","Bombus_melanopygus",2,0,""
2024,4,30,"8_49","9_26","1","Anu","A1","VIVI","Bombus_melanopygus",1,0,""
2024,4,30,"8_49","9_26","1","Anu","A1","VIVI","Sphaerophoria_sp.",1,0,""
2024,4,30,"8_49","9_26","1","Anu","A1","VIVI","Apis_mellifera",1,0,""
2024,4,30,"8_49","9_26","1","Anu","A1","VIVI","Apis_mellifera",2,0,""
2024,4,30,"8_49","9_26","1","Anu","A1","VIVI","Apis_mellifera",2,0,""
2024,4,30,"8_49","9_26","1","Anu","A1","VIVI","Bombus_melanopygus",1,0,""
2024,4,30,"8_49","9_26","1","Anu","A1","VIVI","Bombus_melanopygus",1,0,""
2024,4,30,"8_49","9_26","1","Anu","A1","VIVI","Bombus_melanopygus",2,0,""
2024,4,30,"8_49","9_26","1","Anu","A1","VIVI","Apis_mellifera",2,0,""
2024,4,30,"8_49","9_26","1","Anu","A1","VIVI","Apis_mellifera",1,0,""
2024,4,30,"8_49","9_26","1","Anu","A1","VIVI","Glaucophysche_lygdamus",1,0,""
2024,4,30,"8_49","9_26","1","Anu","A1","PLNO","Glaucophysche_lygdamus",1,0,""
2024,4,30,"9_33","10_07","1","Anu","A2","AGHE","Andrena_subchalybea",1,100,""
2024,4,30,"9_33","10_07","1","Anu","A2","AGHE","Andrena_subchalybea",1,100,""
2024,4,30,"9_33","10_07","1","Anu","A2","TRFU","Bombus_vosnesenskii",4,100,""
2024,4,30,"9_33","10_07","1","Anu","A2","TRFU","Ichneumonidae",1,100,""
2024,4,30,"9_33","10_07","1","Anu","A2","LACA","Andrena_sp.",1,50,""
2024,4,30,"9_33","10_07","1","Anu","A2","LACA","BF1_Diptera",1,50,""
2024,4,30,"9_33","10_07","1","Anu","A2","LACA","Helithodes_dimutiva",1,50,""
2024,4,30,"9_33","10_07","1","Anu","A2","TRLA","Bombus_melanopygus",2,50,""
2024,4,30,"9_33","10_07","1","Anu","A2","TRFU","Bombus_melanopygus",1,50,""
2024,4,30,"9_33","10_07","1","Anu","A2","RACA","Braconidae",1,50,""
2024,4,30,"9_33","10_07","1","Anu","A2","TRLA","Bombus_vosnesenskii",2,50,""
2024,4,30,"9_33","10_07","1","Anu","A2","MIDO","Andrena_subchalybea",2,20,""
2024,4,30,"9_33","10_07","1","Anu","A2","RACA","Andrena_pallidifovea",1,20,""
2024,4,30,"9_33","10_07","1","Anu","A2","TRFU","Andrena_pallidifovea",1,20,""
2024,4,30,"9_33","10_07","1","Anu","A2","LACA","Listrus_sp._1",1,5,""
2024,4,30,"9_33","10_07","1","Anu","A2","VIVI","Apis_mellifera",1,0,""
2024,4,30,"9_33","10_07","1","Anu","A2","VIVI","Apis_mellifera",1,0,""
2024,4,30,"9_33","10_07","1","Anu","A2","VIVI","Apis_mellifera",2,0,""
2024,4,30,"9_33","10_07","1","Anu","A2","VIVI","Apis_mellifera",2,0,""
2024,4,30,"9_33","10_07","1","Anu","A2","VIVI","Apis_mellifera",2,0,""
2024,4,30,"9_33","10_07","1","Anu","A2","VIVI","Apis_mellifera",2,0,""
2024,4,30,"9_33","10_07","1","Anu","A2","VIVI","Apis_mellifera",1,0,""
2024,4,30,"9_33","10_07","1","Anu","A2","VIVI","Apis_mellifera",1,0,""
2024,4,30,"9_33","10_07","1","Anu","A2","VIVI","Apis_mellifera",1,0,""
2024,4,30,"9_33","10_07","1","Anu","A2","VIVI","Apis_mellifera",1,0,""
2024,4,30,"9_33","10_07","1","Anu","A2","VIVI","Apis_mellifera",1,0,""
2024,4,30,"9_33","10_07","1","Anu","A2","VIVI","Apis_mellifera",1,0,""
2024,4,30,"9_33","10_07","1","Anu","A2","TRFU","Coenonympha_californica",1,0,""
2024,4,30,"9_33","10_07","1","Anu","A2","VIVI","Apis_mellifera",1,0,""
2024,4,30,"9_33","10_07","1","Anu","A2","VIVI","Apis_mellifera",1,0,""
2024,4,30,"9_33","10_07","1","Anu","A2","VIVI","Apis_mellifera",2,0,""
2024,4,30,"9_33","10_07","1","Anu","A2","VIVI","Apis_mellifera",1,0,""
2024,4,30,"9_33","10_07","1","Anu","A2","VIVI","Apis_mellifera",1,0,""
2024,4,30,"9_33","10_07","1","Anu","A2","VIVI","Apis_mellifera",1,0,""
2024,4,30,"9_33","10_07","1","Anu","A2","VIVI","Apis_mellifera",1,0,""
2024,4,30,"9_33","10_07","1","Anu","A2","VIVI","Apis_mellifera",1,0,""
2024,4,30,"9_33","10_07","1","Anu","A2","VIVI","Apis_mellifera",1,0,""
2024,4,30,"9_33","10_07","1","Anu","A2","VIVI","Apis_mellifera",2,0,""
2024,4,30,"9_33","10_07","1","Anu","A2","VIVI","Apis_mellifera",1,0,""
2024,4,30,"9_33","10_07","1","Anu","A2","VIVI","Apis_mellifera",2,0,""
2024,4,30,"10_17","11_10","1","Anu","A3","LAMI","Andrena_subchalybea",2,100,""
2024,4,30,"10_17","11_10","1","Anu","A3","LAMI","Sphaerophoria_sp.",2,100,""
2024,4,30,"10_17","11_10","1","Anu","A3","LAMI","Andrena_subchalybea",1,100,""
2024,4,30,"10_17","11_10","1","Anu","A3","TRLA","Listrus_sp._1",1,80,""
2024,4,30,"10_17","11_10","1","Anu","A3","TRLA","Listrus_sp._1",1,80,""
2024,4,30,"10_17","11_10","1","Anu","A3","TRFU","Coenonympha_californica",1,80,""
2024,4,30,"10_17","11_10","1","Anu","A3","AGHE","Andrena_pensilis",1,80,""
2024,4,30,"10_17","11_10","1","Anu","A3","TRFU","Apis_mellifera",2,10,""
2024,4,30,"10_17","11_10","1","Anu","A3","TRFU","Bombus_melanopygus",2,10,""
2024,4,30,"10_17","11_10","1","Anu","A3","TRFU","Eucera_actuosa",1,10,""
2024,4,30,"10_17","11_10","1","Anu","A3","TRLA","Bombus_vosnesenskii",1,1,""
2024,4,30,"10_17","11_10","1","Anu","A3","TRFU","Bombus_vosnesenskii",1,10,""
2024,4,30,"10_17","11_10","1","Anu","A3","TRFU","Bombus_vosnesenskii",1,10,""
2024,4,30,"10_17","11_10","1","Anu","A3","TRLA","Bombus_vosnesenskii",1,10,""
2024,4,30,"10_17","11_10","1","Anu","A3","TRFU","Coenonympha_californica",1,5,""
2024,4,30,"10_17","11_10","1","Anu","A3","TRFU","Bombus_vosnesenskii",1,10,""
2024,4,30,"10_17","11_10","1","Anu","A3","TRFU","Bombus_vosnesenskii",9,10,""
2024,4,30,"10_17","11_10","1","Anu","A3","TRFU","Osmia_nemoris",2,10,""
2024,4,30,"10_17","11_10","1","Anu","A3","TRFU","Eucera_actuosa",1,15,""
2024,4,30,"10_17","11_10","1","Anu","A3","TRLA","Apis_mellifera",2,8,""
2024,4,30,"10_17","11_10","1","Anu","A3","VIVI","Bombus_vosnesenskii",2,0,""
2024,4,30,"10_17","11_10","1","Anu","A3","RACA","Listrus_sp._1",1,6,""
2024,4,30,"10_17","11_10","1","Anu","A3","RACA","Listrus_sp._1",1,6,""
2024,4,30,"10_17","11_10","1","Anu","A3","MIDO","Panurginus_sp.",1,5,""
2024,4,30,"10_17","11_10","1","Anu","A3","TRFU","Bombus_vosnesenskii",1,0,""
2024,4,30,"10_17","11_10","1","Anu","A3","VIVI","Bombus_vosnesenskii",12,0,""
2024,4,30,"10_17","11_10","1","Anu","A3","VIVI","Apis_mellifera",2,0,""
2024,4,30,"10_17","11_10","1","Anu","A3","VIVI","Apis_mellifera",1,0,""
2024,4,30,"10_17","11_10","1","Anu","A3","VIVI","Apis_mellifera",1,0,""
2024,4,30,"10_17","11_10","1","Anu","A3","VIVI","Apis_mellifera",1,0,""
2024,4,30,"10_17","11_10","1","Anu","A3","VIVI","Apis_mellifera",1,0,""
2024,4,30,"10_17","11_10","1","Anu","A3","VIVI","Apis_mellifera",2,0,""
2024,4,30,"10_17","11_10","1","Anu","A3","VIVI","Apis_mellifera",3,0,""
2024,4,30,"10_17","11_10","1","Anu","A3","VIVI","Apis_mellifera",3,0,""
2024,4,30,"10_17","11_10","1","Anu","A3","VIVI","Apis_mellifera",3,0,""
2024,4,30,"10_17","11_10","1","Anu","A3","VIVI","Apis_mellifera",1,0,""
2024,4,30,"10_17","11_10","1","Anu","A3","VIVI","Apis_mellifera",1,0,""
2024,4,30,"10_17","11_10","1","Anu","A3","VIVI","Apis_mellifera",2,0,""
2024,4,30,"10_17","11_10","1","Anu","A3","VIVI","Apis_mellifera",1,0,""
2024,4,30,"10_17","11_10","1","Anu","A3","VIVI","Bombus_vosnesenskii",17,0,""
2024,4,30,"10_17","11_10","1","Anu","A3","TRFU","Coenonympha_californica",1,0,""
2024,4,30,"10_17","11_10","1","Anu","A3","RACA","Acmaeodera_sp.",1,6,""
2024,4,30,"10_17","11_10","1","Anu","A3","LACA","Nomada_hesperia",3,6,""
2024,4,30,"10_17","11_10","1","Anu","A3","TRFU","Eucera_actuosa",1,50,""
2024,4,30,"10_17","11_10","1","Anu","A3","TRLA","Apis_mellifera",1,10,""
2024,4,30,"10_17","11_10","1","Anu","A3","TRFU","Osmia_sp.",2,10,""
2024,4,30,"10_17","11_10","1","Anu","A3","TRLA","Listrus_sp._1",1,10,""
2024,4,30,"10_17","11_10","1","Anu","A3","TRFU","Listrus_sp._1",1,10,""
2024,4,30,"11_24","12_12","1","Anu","A4","VIVI","Apis_mellifera",1,0,""
2024,4,30,"11_24","12_12","1","Anu","A4","VIVI","Apis_mellifera",1,0,""
2024,4,30,"11_24","12_12","1","Anu","A4","VIVI","Apis_mellifera",1,0,""
2024,4,30,"11_24","12_12","1","Anu","A4","VIVI","Erynnis_propertius",1,0,""
2024,4,30,"11_24","12_12","1","Anu","A4","VIVI","Apis_mellifera",1,0,""
2024,4,30,"11_24","12_12","1","Anu","A4","VIVI","Apis_mellifera",1,0,""
2024,4,30,"11_24","12_12","1","Anu","A4","VIVI","Apis_mellifera",1,0,""
2024,4,30,"11_24","12_12","1","Anu","A4","VIVI","Apis_mellifera",2,0,""
2024,4,30,"11_24","12_12","1","Anu","A4","VIVI","Apis_mellifera",2,0,""
2024,4,30,"11_24","12_12","1","Anu","A4","VIVI","Apis_mellifera",2,0,""
2024,4,30,"11_24","12_12","1","Anu","A4","VIVI","Apis_mellifera",1,0,""
2024,4,30,"11_24","12_12","1","Anu","A4","VIVI","Apis_mellifera",1,0,""
2024,4,30,"11_24","12_12","1","Anu","A4","VIVI","Apis_mellifera",1,0,""
2024,4,30,"11_24","12_12","1","Anu","A4","VIVI","Bombus_vosnesenskii",3,0,""
2024,4,30,"11_24","12_12","1","Anu","A4","TRFU","Bombus_vosnesenskii",2,0,""
2024,4,30,"11_24","12_12","1","Anu","A4","VIVI","Bombus_vosnesenskii",2,0,""
2024,4,30,"11_24","12_12","1","Anu","A4","VIVI","Apis_mellifera",1,0,""
2024,4,30,"11_24","12_12","1","Anu","A4","TRFU","Osmia_cara",2,0,""
2024,4,30,"11_24","12_12","1","Anu","A4","VIVI","Apis_mellifera",1,0,""
2024,4,30,"11_24","12_12","1","Anu","A4","LACA","Andrena_sp.",1,2,""
2024,4,30,"11_24","12_12","1","Anu","A4","LACA","Cyrtopogon_sp.",1,2,""
2024,4,30,"11_24","12_12","1","Anu","A4","VIVI","Osmia_cara",1,2,""
2024,4,30,"11_24","12_12","1","Anu","A4","VIVI","Glaucophysche_lygdamus",1,0,""
2024,4,30,"11_24","12_12","1","Anu","A4","LACA","Bombylius_major",2,2,""
2024,4,30,"11_24","12_12","1","Anu","A4","LACA","Listrus_sp._1",1,2,""
2024,4,30,"11_24","12_12","1","Anu","A4","TRFU","Eucera_actuosa",1,0,""
2024,4,30,"11_24","12_12","1","Anu","A4","TRFU","Osmia_cara",1,0,""
2024,4,30,"11_24","12_12","1","Anu","A4","TRFU","Bombus_vosnesenskii",2,0,""
2024,4,30,"11_24","12_12","1","Anu","A4","VIVI","Osmia_sp.",1,0,""
2024,4,30,"11_24","12_12","1","Anu","A4","TRFU","Bombus_vosnesenskii",9,0,""
2024,4,30,"11_24","12_12","1","Anu","A4","VIVI","Eucera_actuosa",1,0,""
2024,4,30,"11_24","12_12","1","Anu","A4","TRFU","Osmia_cara",2,0,""
2024,4,30,"11_24","12_12","1","Anu","A4","LACA","Listrus_sp._1",1,0,""
2024,4,30,"11_24","12_12","1","Anu","A4","LACA","Listrus_sp._1",1,3,""
2024,4,30,"11_24","12_12","1","Anu","A4","LACA","Listrus_sp._1",1,3,""
2024,4,30,"11_24","12_12","1","Anu","A4","LACA","Listrus_sp._1",1,3,""
2024,4,30,"11_24","12_12","1","Anu","A4","LACA","Listrus_sp._1",1,3,""
2024,4,30,"11_24","12_12","1","Anu","A4","LACA","Cyrtopogon_sp.",1,0,""
2024,4,30,"11_24","12_12","1","Anu","A4","VIVI","Bombus_vosnesenskii",2,0,""
2024,4,30,"11_24","12_12","1","Anu","A4","LACA","Cyrtopogon_sp.",1,5,""
2024,4,30,"11_24","12_12","1","Anu","A4","LACA","BF1_Diptera",1,5,""
2024,4,30,"11_24","12_12","1","Anu","A4","LACA","Listrus_sp._1",1,5,""
2024,4,30,"11_24","12_12","1","Anu","A4","LACA","Panurginus_sp.",2,5,""
2024,4,30,"11_24","12_12","1","Anu","A4","LACA","Helithodes_dimutiva",1,5,""
2024,4,30,"11_24","12_12","1","Anu","A4","VIVI","Apis_mellifera",9,0,""
2024,4,30,"11_24","12_12","1","Anu","A4","VIVI","Apis_mellifera",4,0,""
2024,4,30,"11_24","12_12","1","Anu","A4","TRFU","Coenonympha_californica",1,10,""
2024,4,30,"11_24","12_12","1","Anu","A4","TRFU","Listrus_sp._1",1,10,""
2024,4,30,"11_24","12_12","1","Anu","A4","TRFU","Eucera_actuosa",1,0,""
2024,4,30,"11_24","12_12","1","Anu","A4","TRFU","Bombus_melanopygus",1,20,""
2024,4,30,"11_24","12_12","1","Anu","A4","TRLA","Andrena_sp.",1,30,""
2024,4,30,"11_24","12_12","1","Anu","A4","TRLA","Andrena_pallidifovea",1,30,""
2024,4,30,"11_24","12_12","1","Anu","A4","TRFU","Coenonympha_californica",1,50,""
2024,4,30,"11_24","12_12","1","Anu","A4","TRLA","Andrena_sp.",1,30,""
2024,4,30,"11_24","12_12","1","Anu","A4","TRLA","Listrus_sp._1",1,60,""
2024,4,30,"11_24","12_12","1","Anu","A4","TRLA","Listrus_sp._1",1,60,""
2024,4,30,"11_24","12_12","1","Anu","A4","TRFU","Eucera_actuosa",1,80,""
2024,4,30,"11_24","12_12","1","Anu","A4","TRLA","Listrus_sp._1",1,80,""
2024,4,30,"11_24","12_12","1","Anu","A4","TRFU","Osmia_cara",2,80,""
2024,4,30,"11_24","12_12","1","Anu","A4","TRFU","Bombus_vosnesenskii",2,100,""
2024,4,30,"11_24","12_12","1","Anu","A4","TRFU","Andrena_pallidifovea",1,100,""
2024,4,30,"11_24","12_12","1","Anu","A4","TRFU","Apis_mellifera",1,100,""
2024,4,30,"11_24","12_12","1","Anu","A4","TRFU","Eucera_actuosa",4,100,""
2024,4,30,"11_24","12_12","1","Anu","A4","TRFU","Eucera_actuosa",2,100,""
2024,4,30,"11_24","12_12","1","Anu","A4","TRFU","Osmia_cara",2,100,""
2024,4,30,"11_24","12_12","1","Anu","A4","TRFU","Osmia_sp.",1,100,""
2024,4,30,"11_24","12_12","1","Anu","A4","TRFU","Eucera_actuosa",2,100,""
2024,4,30,"11_24","12_12","1","Anu","A4","TRFU","Eucera_actuosa",2,100,""
2024,4,30,"11_24","12_12","1","Anu","A4","TRFU","Apis_mellifera",1,110,""
2024,4,30,"11_24","12_12","1","Anu","A4","TRFU","Apis_mellifera",2,115,""
2024,4,30,"11_24","12_12","1","Anu","A4","TRFU","Bombus_vosnesenskii",1,115,""
2024,4,30,"11_24","12_12","1","Anu","A4","TRFU","Bombus_vosnesenskii",2,120,""
2024,4,30,"11_24","12_12","2","Anu","A4","LACA","Listrus_sp._1",1,100,""
2024,4,30,"11_24","12_12","2","Anu","A4","LACA","Listrus_sp._1",1,100,""
2024,4,30,"11_24","12_12","2","Anu","A4","LACA","Listrus_sp._1",1,100,""
2024,4,30,"11_24","12_12","2","Anu","A4","LACA","Listrus_sp._1",1,100,""
2024,4,30,"11_24","12_12","2","Anu","A4","LACA","Listrus_sp._1",1,100,""
2024,4,30,"11_24","12_12","2","Anu","A4","LACA","Malachius_sp.",1,100,""
2024,4,30,"11_24","12_12","2","Anu","A4","TRFU","Bombus_vosnesenskii",1,90,""
2024,4,30,"11_24","12_12","2","Anu","A4","LACA","Cyrtopogon_sp.",1,90,""
2024,4,30,"11_24","12_12","2","Anu","A4","TRFU","Eucera_actuosa",2,90,""
2024,4,30,"11_24","12_12","2","Anu","A4","TRFU","Eucera_actuosa",2,90,""
2024,4,30,"11_24","12_12","2","Anu","A4","TRFU","Eucera_actuosa",2,90,""
2024,4,30,"11_24","12_12","2","Anu","A4","LACA","Eucera_actuosa",1,90,""
2024,4,30,"11_24","12_12","2","Anu","A4","TRFU","Eucera_actuosa",1,90,""
2024,4,30,"11_24","12_12","2","Anu","A4","TRFU","Eucera_actuosa",2,90,""
2024,4,30,"11_24","12_12","2","Anu","A4","TRFU","Eucera_actuosa",1,90,""
2024,4,30,"11_24","12_12","2","Anu","A4","TRFU","Osmia_cara",1,90,""
2024,4,30,"11_24","12_12","2","Anu","A4","LACA","Listrus_sp._1",1,90,""
2024,4,30,"11_24","12_12","2","Anu","A4","LACA","Listrus_sp._1",1,90,""
2024,4,30,"11_24","12_12","2","Anu","A4","LACA","Cyrtopogon_sp.",1,90,""
2024,4,30,"11_24","12_12","2","Anu","A4","LACA","Nomada_hesperia",1,90,""
2024,4,30,"11_24","12_12","2","Anu","A4","TRFU","Osmia_cara",1,90,""
2024,4,30,"11_24","12_12","2","Anu","A4","LACA","Listrus_sp._1",1,80,""
2024,4,30,"11_24","12_12","2","Anu","A4","TRFU","Osmia_cara",3,80,""
2024,4,30,"11_24","12_12","2","Anu","A4","TRFU","Osmia_cara",3,80,""
2024,4,30,"11_24","12_12","2","Anu","A4","TRFU","Coenonympha_californica",2,80,""
2024,4,30,"11_24","12_12","2","Anu","A4","LACA","Listrus_sp._1",1,80,""
2024,4,30,"11_24","12_12","2","Anu","A4","TRFU","Bombus_californicus",36,75,""
2024,4,30,"11_24","12_12","2","Anu","A4","LACA","Listrus_sp._1",1,75,""
2024,4,30,"11_24","12_12","2","Anu","A4","TRFU","Eucera_actuosa",1,70,""
2024,4,30,"11_24","12_12","2","Anu","A4","LACA","Listrus_sp._1",1,70,""
2024,4,30,"11_24","12_12","2","Anu","A4","TRFU","Coenonympha_californica",1,1,""
2024,4,30,"11_24","12_12","2","Anu","A4","CARU","Listrus_sp._1",1,1,""
2024,4,30,"11_24","12_12","2","Anu","A4","LACA","Andrena_sp.",3,0,""
2024,4,30,"11_24","12_12","2","Anu","A4","LACA","Cyrtopogon_sp.",1,0,""
2024,4,30,"11_24","12_12","2","Anu","A4","LACA","Polistes_aurifer",1,0,""
2024,4,30,"11_24","12_12","2","Anu","A4","VIVI","Bombus_melanopygus",4,0,""
2024,4,30,"11_24","12_12","2","Anu","A4","LACA","Listrus_sp._1",1,0,""
2024,4,30,"11_24","12_12","2","Anu","A4","VIVI","Apis_mellifera",1,0,""
2024,4,30,"11_24","12_12","2","Anu","A4","VIVI","Apis_mellifera",1,0,""
2024,4,30,"11_24","12_12","2","Anu","A4","VIVI","Apis_mellifera",1,0,""
2024,4,30,"11_24","12_12","2","Anu","A4","VIVI","Apis_mellifera",2,0,""
2024,4,30,"11_24","12_12","2","Anu","A4","TRFU","Osmia_cara",1,0,""
2024,4,30,"11_24","12_12","2","Anu","A4","VIVI","Apis_mellifera",1,0,""
2024,4,30,"11_24","12_12","2","Anu","A4","VIVI","Apis_mellifera",1,0,""
2024,4,30,"11_24","12_12","2","Anu","A4","LACA","Cyrtopogon_sp.",1,0,""
2024,4,30,"11_24","12_12","2","Anu","A4","VIVI","Apis_mellifera",1,0,""
2024,4,30,"1_40","2_03","2","South_Goatgrass","SG1","VIVI","Bombus_melanopygus",2,0,""
2024,4,30,"1_40","2_03","2","South_Goatgrass","SG1","VIVI","Apis_mellifera",1,0,""
2024,4,30,"1_40","2_03","2","South_Goatgrass","SG1","VIVI","Bombus_melanopygus",2,0,""
2024,4,30,"1_40","2_03","2","South_Goatgrass","SG1","VIVI","Apis_mellifera",1,0,""
2024,4,30,"1_40","2_03","2","South_Goatgrass","SG1","VIVI","Apis_mellifera",1,0,""
2024,4,30,"1_40","2_03","2","South_Goatgrass","SG1","VIVI","Apis_mellifera",2,0,""
2024,4,30,"1_40","2_03","2","South_Goatgrass","SG1","VIVI","Apis_mellifera",1,0,""
2024,4,30,"1_40","2_03","2","South_Goatgrass","SG1","VIVI","Eucera_actuosa",1,0,""
2024,4,30,"1_40","2_03","2","South_Goatgrass","SG1","VIVI","Bombus_melanopygus",2,0,""
2024,4,30,"1_40","2_03","2","South_Goatgrass","SG1","VIVI","Apis_mellifera",1,0,""
2024,4,30,"1_40","2_03","2","South_Goatgrass","SG1","VIVI","Bombus_melanopygus",1,0,""
2024,4,30,"1_40","2_03","2","South_Goatgrass","SG1","VIVI","Bombus_melanopygus",1,0,""
2024,4,30,"1_40","2_03","2","South_Goatgrass","SG1","VIVI","Bombus_melanopygus",1,0,""
2024,4,30,"1_40","2_03","2","South_Goatgrass","SG1","VIVI","Bombus_melanopygus",1,0,""
2024,4,30,"1_40","2_03","2","South_Goatgrass","SG1","VIVI","Bombus_vosnesenskii",1,0,""
2024,4,30,"1_40","2_03","2","South_Goatgrass","SG1","VIVI","Apis_mellifera",1,0,""
2024,4,30,"1_40","2_03","2","South_Goatgrass","SG1","VIVI","Apis_mellifera",1,0,""
2024,4,30,"1_40","2_03","2","South_Goatgrass","SG1","VIVI","Bombus_melanopygus",1,0,""
2024,4,30,"1_40","2_03","2","South_Goatgrass","SG1","VIVI","Apis_mellifera",1,0,""
2024,4,30,"1_40","2_03","2","South_Goatgrass","SG1","VIVI","Bombus_melanopygus",1,0,""
2024,4,30,"1_40","2_03","2","South_Goatgrass","SG1","VIVI","Bombus_melanopygus",1,0,""
2024,4,30,"1_40","2_03","2","South_Goatgrass","SG1","VIVI","Bombus_vosnesenskii",1,0,""
2024,4,30,"1_40","2_03","2","South_Goatgrass","SG1","VIVI","Apis_mellifera",1,0,""
2024,4,30,"1_40","2_03","2","South_Goatgrass","SG1","VIVI","Apis_mellifera",1,0,""
2024,4,30,"1_40","2_03","2","South_Goatgrass","SG1","VIVI","Apis_mellifera",1,0,""
2024,4,30,"1_40","2_03","2","South_Goatgrass","SG1","VIVI","Bombus_melanopygus",1,0,""
2024,4,30,"1_40","2_03","2","South_Goatgrass","SG1","VIVI","Eucera_actuosa",2,0,""
2024,4,30,"1_40","2_03","2","South_Goatgrass","SG1","VIVI","Bombus_melanopygus",1,0,""
2024,4,30,"1_40","2_03","2","South_Goatgrass","SG1","VIVI","Bombus_melanopygus",1,0,""
2024,4,30,"1_40","2_03","2","South_Goatgrass","SG1","VIVI","Apis_mellifera",1,0,""
2024,4,30,"1_40","2_03","2","South_Goatgrass","SG1","VIVI","Eucera_actuosa",1,0,""
2024,4,30,"1_40","2_03","2","South_Goatgrass","SG1","VIVI","Apis_mellifera",1,0,""
2024,4,30,"1_40","2_03","2","South_Goatgrass","SG1","VIVI","Bombus_vosnesenskii",1,0,""
2024,4,30,"1_40","2_03","2","South_Goatgrass","SG1","VIVI","Apis_mellifera",1,0,""
2024,4,30,"1_40","2_03","2","South_Goatgrass","SG1","VIVI","Apis_mellifera",1,0,""
2024,4,30,"1_40","2_03","2","South_Goatgrass","SG1","VIVI","Bombus_melanopygus",1,0,""
2024,4,30,"1_40","2_03","2","South_Goatgrass","SG1","VIVI","Apis_mellifera",1,0,""
2024,4,30,"1_40","2_03","2","South_Goatgrass","SG1","VIVI","Apis_mellifera",1,0,""
2024,4,30,"1_40","2_03","2","South_Goatgrass","SG1","LACA","Panurginus_sp.",1,0,""
2024,4,30,"1_40","2_03","2","South_Goatgrass","SG1","LUBI","Apis_mellifera",1,0,""
2024,4,30,"1_40","2_03","2","South_Goatgrass","SG1","VIVI","Apis_mellifera",1,0,""
2024,4,30,"1_40","2_03","2","South_Goatgrass","SG1","VIVI","Apis_mellifera",1,0,""
2024,4,30,"1_40","2_03","2","South_Goatgrass","SG1","VIVI","Bombus_melanopygus",2,0,""
2024,4,30,"1_40","2_03","2","South_Goatgrass","SG1","VIVI","Apis_mellifera",1,0,""
2024,4,30,"1_40","2_03","2","South_Goatgrass","SG1","VIVI","Bombus_melanopygus",1,0,""
2024,4,30,"1_40","2_03","2","South_Goatgrass","SG1","VIVI","Bombus_melanopygus",1,0,""
2024,4,30,"1_40","2_03","2","South_Goatgrass","SG1","VIVI","Bombus_melanopygus",1,0,""
2024,4,30,"1_40","2_03","2","South_Goatgrass","SG1","VIVI","Bombus_melanopygus",1,0,""
2024,4,30,"1_40","2_03","2","South_Goatgrass","SG1","VIVI","Apis_mellifera",1,0,""
2024,4,30,"1_40","2_03","2","South_Goatgrass","SG1","VIVI","Bombus_melanopygus",1,0,""
2024,4,30,"1_40","2_03","2","South_Goatgrass","SG1","VIVI","Apis_mellifera",1,0,""
2024,4,30,"1_40","2_03","2","South_Goatgrass","SG1","VIVI","Apis_mellifera",1,0,""
2024,4,30,"1_40","2_03","2","South_Goatgrass","SG1","VIVI","Apis_mellifera",2,0,""
2024,4,30,"1_40","2_03","2","South_Goatgrass","SG1","VIVI","Bombus_melanopygus",1,0,""
2024,4,30,"1_40","2_03","2","South_Goatgrass","SG1","VIVI","Bombus_melanopygus",1,0,""
2024,4,30,"1_40","2_03","2","South_Goatgrass","SG1","VIVI","Bombus_melanopygus",1,0,""
2024,4,30,"1_40","2_03","2","South_Goatgrass","SG1","VIVI","Apis_mellifera",1,0,""
2024,4,30,"1_40","2_03","2","South_Goatgrass","SG1","VIVI","Eucera_actuosa",1,0,""
2024,4,30,"1_40","2_03","2","South_Goatgrass","SG1","VIVI","Bombus_melanopygus",3,0,""
2024,4,30,"1_40","2_03","2","South_Goatgrass","SG1","VIVI","Apis_mellifera",1,0,""
2024,4,30,"1_40","2_03","2","South_Goatgrass","SG1","VIVI","Bombus_melanopygus",3,0,""
2024,4,30,"1_40","2_03","2","South_Goatgrass","SG1","VIVI","Apis_mellifera",1,0,""
2024,4,30,"1_40","2_03","2","South_Goatgrass","SG1","VIVI","Apis_mellifera",1,0,""
2024,4,30,"1_40","2_03","2","South_Goatgrass","SG1","VIVI","Bombus_melanopygus",3,0,""
2024,4,30,"1_40","2_03","2","South_Goatgrass","SG1","VIVI","Apis_mellifera",1,0,""
2024,4,30,"1_40","2_03","2","South_Goatgrass","SG1","VIVI","Bombus_melanopygus",1,0,""
2024,4,30,"1_40","2_03","2","South_Goatgrass","SG1","VIVI","Bombus_melanopygus",1,0,""
2024,4,30,"1_40","2_03","2","South_Goatgrass","SG1","VIVI","Apis_mellifera",2,0,""
2024,4,30,"1_40","2_03","2","South_Goatgrass","SG1","VIVI","Bombus_melanopygus",1,0,""
2024,4,30,"1_40","2_03","2","South_Goatgrass","SG1","VIVI","Apis_mellifera",1,0,""
2024,4,30,"1_40","2_03","2","South_Goatgrass","SG1","VIVI","Eucera_actuosa",1,0,""
2024,4,30,"1_40","2_03","1","South_Goatgrass","SG1","VIVI","Bombus_vosnesenskii",2,0,""
2024,4,30,"1_40","2_03","1","South_Goatgrass","SG1","VIVI","Bombus_melanopygus",1,0,""
2024,4,30,"1_40","2_03","1","South_Goatgrass","SG1","VIVI","Apis_mellifera",1,0,""
2024,4,30,"1_40","2_03","1","South_Goatgrass","SG1","VIVI","Apis_mellifera",1,0,""
2024,4,30,"1_40","2_03","1","South_Goatgrass","SG1","LACA","Listrus_sp._1",1,0,""
2024,4,30,"1_40","2_03","1","South_Goatgrass","SG1","LACA","Listrus_sp._1",1,0,""
2024,4,30,"1_40","2_03","1","South_Goatgrass","SG1","VIVI","Eucera_actuosa",1,0,""
2024,4,30,"1_40","2_03","1","South_Goatgrass","SG1","VIVI","Apis_mellifera",1,0,""
2024,4,30,"1_40","2_03","1","South_Goatgrass","SG1","VIVI","Bombus_vosnesenskii",5,0,""
2024,4,30,"1_40","2_03","1","South_Goatgrass","SG1","VIVI","Apis_mellifera",2,0,""
2024,4,30,"1_40","2_03","1","South_Goatgrass","SG1","VIVI","Eucera_actuosa",1,0,""
2024,4,30,"1_40","2_03","1","South_Goatgrass","SG1","VIVI","Eucera_actuosa",1,0,""
2024,4,30,"1_40","2_03","1","South_Goatgrass","SG1","LACA","Listrus_sp._1",1,0,""
2024,4,30,"1_40","2_03","1","South_Goatgrass","SG1","VIVI","Scaeva_affinis",1,0,""
2024,4,30,"1_40","2_03","1","South_Goatgrass","SG1","VIVI","Xylocopa_tabaniformis",1,0,""
2024,4,30,"1_40","2_03","1","South_Goatgrass","SG1","LACA","Listrus_sp._1",1,0,""
2024,4,30,"1_40","2_03","1","South_Goatgrass","SG1","LACA","red_Pterophoridae",1,0,""
2024,4,30,"1_40","2_03","1","South_Goatgrass","SG1","VIVI","Apis_mellifera",1,0,""
2024,4,30,"1_40","2_03","1","South_Goatgrass","SG1","ESCA","Panurginus_sp.",1,0,""
2024,4,30,"1_40","2_03","1","South_Goatgrass","SG1","ESCA","Panurginus_sp.",1,0,""
2024,4,30,"1_40","2_03","1","South_Goatgrass","SG1","VIVI","Bombus_vosnesenskii",8,0,""
2024,4,30,"1_40","2_03","1","South_Goatgrass","SG1","VIVI","Bombus_melanopygus",2,0,""
2024,4,30,"1_40","2_03","1","South_Goatgrass","SG1","VIVI","Bombus_melanopygus",1,0,""
2024,4,30,"1_40","2_03","1","South_Goatgrass","SG1","VIVI","Apis_mellifera",2,0,""
2024,4,30,"1_40","2_03","1","South_Goatgrass","SG1","VIVI","Bombus_vosnesenskii",2,0,""
2024,4,30,"2_17","3_07","1","Goatgrass","GG1","LACA","BF1_Diptera",1,60,""
2024,4,30,"2_17","3_07","1","Goatgrass","GG1","LACA","BF1_Diptera",1,50,""
2024,4,30,"2_17","3_07","1","Goatgrass","GG1","LACA","BF1_Diptera",1,50,""
2024,4,30,"2_17","3_07","1","Goatgrass","GG1","LACA","BF1_Diptera",1,50,""
2024,4,30,"2_17","3_07","1","Goatgrass","GG1","TRLA","Listrus_sp._1",1,50,""
2024,4,30,"2_17","3_07","1","Goatgrass","GG1","LACA","Andrena_pensilis",2,50,""
2024,4,30,"2_17","3_07","1","Goatgrass","GG1","TRFU","Andrena_pallidifovea",1,50,""
2024,4,30,"2_17","3_07","1","Goatgrass","GG1","LACA","BF1_Diptera",1,50,""
2024,4,30,"2_17","3_07","1","Goatgrass","GG1","LACA","Panurginus_sp.",1,40,""
2024,4,30,"2_17","3_07","1","Goatgrass","GG1","LACA","Panurginus_sp.",1,40,""
2024,4,30,"2_17","3_07","1","Goatgrass","GG1","LACA","Andrena_sp.",3,40,""
2024,4,30,"2_17","3_07","1","Goatgrass","GG1","LACA","Listrus_sp._1",1,40,""
2024,4,30,"2_17","3_07","1","Goatgrass","GG1","LACA","BF1_Diptera",1,40,""
2024,4,30,"2_17","3_07","1","Goatgrass","GG1","LACA","BF1_Diptera",1,40,""
2024,4,30,"2_17","3_07","1","Goatgrass","GG1","LACA","Helithodes_dimutiva",2,30,""
2024,4,30,"2_17","3_07","1","Goatgrass","GG1","LACA","Syrphidae",3,30,""
2024,4,30,"2_17","3_07","1","Goatgrass","GG1","LACA","Panurginus_sp.",1,30,""
2024,4,30,"2_17","3_07","1","Goatgrass","GG1","LACA","Bombylius_major",1,30,""
2024,4,30,"2_17","3_07","1","Goatgrass","GG1","LACA","Nomada_hesperia",2,30,""
2024,4,30,"2_17","3_07","1","Goatgrass","GG1","TRFU","Xylocopa_sonorina",1,30,""
2024,4,30,"2_17","3_07","1","Goatgrass","GG1","LACA","Bombylius_major",1,30,""
2024,4,30,"2_17","3_07","1","Goatgrass","GG1","LACA","Nomada_hesperia",1,30,""
2024,4,30,"2_17","3_07","1","Goatgrass","GG1","LACA","Panurginus_sp.",1,30,""
2024,4,30,"2_17","3_07","1","Goatgrass","GG1","LACA","Helithodes_dimutiva",2,30,""
2024,4,30,"2_17","3_07","1","Goatgrass","GG1","LACA","Tachnidae",2,30,""
2024,4,30,"2_17","3_07","1","Goatgrass","GG1","LACA","Helithodes_dimutiva",1,30,""
2024,4,30,"2_17","3_07","1","Goatgrass","GG1","LACA","Bombylius_major",1,30,""
2024,4,30,"2_17","3_07","1","Goatgrass","GG1","LACA","Panurginus_sp.",1,30,""
2024,4,30,"2_17","3_07","1","Goatgrass","GG1","LACA","Nomada_hesperia",2,30,""
2024,4,30,"2_17","3_07","1","Goatgrass","GG1","LACA","BF1_Diptera",1,30,""
2024,4,30,"2_17","3_07","1","Goatgrass","GG1","LACA","Nomada_hesperia",1,30,""
2024,4,30,"2_17","3_07","1","Goatgrass","GG1","LACA","Helithodes_dimutiva",1,30,""
2024,4,30,"2_17","3_07","1","Goatgrass","GG1","LACA","Panurginus_sp.",1,20,""
2024,4,30,"2_17","3_07","1","Goatgrass","GG1","LACA","Helithodes_dimutiva",1,20,""
2024,4,30,"2_17","3_07","1","Goatgrass","GG1","TRFU","Eucera_actuosa",2,20,""
2024,4,30,"2_17","3_07","1","Goatgrass","GG1","LACA","Nomada_hesperia",1,20,""
2024,4,30,"2_17","3_07","1","Goatgrass","GG1","LACA","Nomada_hesperia",1,20,""
2024,4,30,"2_17","3_07","1","Goatgrass","GG1","LACA","Bombylius_major",1,20,""
2024,4,30,"2_17","3_07","1","Goatgrass","GG1","LACA","Coenonympha_californica",1,20,""
2024,4,30,"2_17","3_07","1","Goatgrass","GG1","LACA","Bombylius_major",1,20,""
2024,4,30,"2_17","3_07","1","Goatgrass","GG1","LACA","BF1_Diptera",1,20,""
2024,4,30,"2_17","3_07","1","Goatgrass","GG1","LACA","Nomada_hesperia",2,20,""
2024,4,30,"2_17","3_07","1","Goatgrass","GG1","LACA","Coenonympha_californica",3,20,""
2024,4,30,"2_17","3_07","1","Goatgrass","GG1","LACA","BF1_Diptera",1,20,""
2024,4,30,"2_17","3_07","1","Goatgrass","GG1","RACA","BF1_Diptera",1,10,""
2024,4,30,"2_17","3_07","1","Goatgrass","GG1","TRFU","Bombylius_major",1,10,""
2024,4,30,"2_17","3_07","1","Goatgrass","GG1","LACA","Bombylius_major",1,10,""
2024,4,30,"2_17","3_07","1","Goatgrass","GG1","TRFU","Apis_mellifera",2,10,""
2024,4,30,"2_17","3_07","1","Goatgrass","GG1","TRFU","Apis_mellifera",4,10,""
2024,4,30,"2_17","3_07","1","Goatgrass","GG1","LACA","Panurginus_sp.",1,10,""
2024,4,30,"2_17","3_07","1","Goatgrass","GG1","LACA","BF1_Diptera",1,10,""
2024,4,30,"2_17","3_07","1","Goatgrass","GG1","TRFU","Bombus_vosnesenskii",1,10,""
2024,4,30,"2_17","3_07","1","Goatgrass","GG1","LACA","Listrus_sp._1",1,10,""
2024,4,30,"2_17","3_07","1","Goatgrass","GG1","LACA","Bombylius_major",1,10,""
2024,4,30,"2_17","3_07","1","Goatgrass","GG1","RACA","Malachius_sp.",1,10,""
2024,4,30,"2_17","3_07","1","Goatgrass","GG1","LACA","Andrena_subchalybea",1,10,""
2024,4,30,"2_17","3_07","1","Goatgrass","GG1","LACA","Coenonympha_californica",2,10,""
2024,4,30,"2_17","3_07","1","Goatgrass","GG1","LACA","Malachius_sp.",1,10,""
2024,4,30,"2_17","3_07","1","Goatgrass","GG1","LACA","Bombylius_major",2,6,""
2024,4,30,"2_17","3_07","1","Goatgrass","GG1","LACA","Bombylius_major",1,6,""
2024,4,30,"2_17","3_07","1","Goatgrass","GG1","TRFU","Eucera_actuosa",1,6,""
2024,4,30,"2_17","3_07","1","Goatgrass","GG1","LACA","Andrena_pensilis",1,6,""
2024,4,30,"2_17","3_07","1","Goatgrass","GG1","LACA","Nomada_hesperia",1,10,""
2024,4,30,"2_17","3_07","1","Goatgrass","GG1","LACA","Listrus_sp._1",1,10,""
2024,4,30,"2_17","3_07","1","Goatgrass","GG1","LACA","Euopeodes_fumipennis",1,10,""
2024,4,30,"2_17","3_07","1","Goatgrass","GG1","LACA","Andrena_pensilis",1,10,""
2024,4,30,"2_17","3_07","1","Goatgrass","GG1","LACA","Andrena_pensilis",1,10,""
2024,4,30,"2_17","3_07","1","Goatgrass","GG1","LACA","Bombylius_major",1,10,""
2024,4,30,"2_17","3_07","1","Goatgrass","GG1","LACA","BF1_Diptera",1,5,""
2024,4,30,"2_17","3_07","1","Goatgrass","GG1","LACA","BF1_Diptera",1,2,""
2024,4,30,"2_17","3_07","1","Goatgrass","GG1","LACA","Bombylius_major",1,1,""
2024,4,30,"2_17","3_07","1","Goatgrass","GG1","VIVI","Apis_mellifera",2,0,""
2024,4,30,"2_17","3_07","1","Goatgrass","GG1","RACA","Malachius_sp.",1,0,""
2024,4,30,"2_17","3_07","1","Goatgrass","GG1","VIVI","Bombus_melanopygus",1,0,""
2024,4,30,"2_17","3_07","1","Goatgrass","GG1","VIVI","Eucera_actuosa",1,0,""
2024,4,30,"2_17","3_07","1","Goatgrass","GG1","LACA","Listrus_sp._1",1,0,""
2024,4,30,"2_17","3_07","1","Goatgrass","GG1","LACA","Andrena_pensilis",1,5,""
2024,4,30,"2_17","3_07","1","Goatgrass","GG1","LACA","Panurginus_sp.",1,5,""
2024,4,30,"2_17","3_07","1","Goatgrass","GG1","TRFU","Bombus_vosnesenskii",12,30,""
2024,4,30,"2_17","3_07","1","Goatgrass","GG1","TRFU","Apis_mellifera",3,30,""
2024,4,30,"2_17","3_07","1","Goatgrass","GG1","TRFU","Osmia_nemoris",3,30,""
2024,4,30,"2_17","3_07","1","Goatgrass","GG1","LACA","Acmaeodera_sp.",1,30,""
2024,4,30,"2_17","3_07","1","Goatgrass","GG1","LACA","Listrus_sp._1",1,30,""
2024,4,30,"2_17","3_07","1","Goatgrass","GG1","LACA","BF1_Diptera",1,30,""
2024,4,30,"2_17","3_07","1","Goatgrass","GG1","TRFU","Eucera_actuosa",3,40,""
2024,4,30,"2_17","3_07","1","Goatgrass","GG1","TRFU","Eucera_actuosa",2,40,""
2024,4,30,"2_17","3_07","1","Goatgrass","GG1","TRFU","Eucera_actuosa",1,40,""
2024,4,30,"2_17","3_07","1","Goatgrass","GG1","TRFU","Eucera_actuosa",1,40,""
2024,4,30,"2_17","3_07","1","Goatgrass","GG1","TRFU","Osmia_nemoris",1,40,""
2024,4,30,"2_17","3_07","1","Goatgrass","GG1","TRFU","Eucera_actuosa",1,40,""
2024,4,30,"2_17","3_07","1","Goatgrass","GG1","TRFU","Apis_mellifera",2,40,""
2024,4,30,"2_17","3_07","1","Goatgrass","GG1","TRFU","Listrus_sp._1",1,40,""
2024,4,30,"2_17","3_07","1","Goatgrass","GG1","LACA","Bombylius_major",1,40,""
2024,4,30,"2_17","3_07","1","Goatgrass","GG1","TRFU","Eucera_actuosa",1,40,""
2024,4,30,"2_17","3_07","1","Goatgrass","GG1","TRFU","Eucera_actuosa",1,40,""
2024,4,30,"2_17","3_07","1","Goatgrass","GG1","LACA","Bombylius_major",1,50,""
2024,4,30,"2_17","3_07","1","Goatgrass","GG1","TRFU","Xylocopa_sp.",11,50,""
2024,4,30,"2_17","3_07","1","Goatgrass","GG1","WYAN","Osmia_nemoris",2,50,""
2024,4,30,"2_17","3_07","1","Goatgrass","GG1","TRFU","Xylocopa_sp.",1,50,""
2024,4,30,"2_17","3_07","1","Goatgrass","GG1","TRFU","Xylocopa_sp.",1,50,""
2024,4,30,"3_29","4_11","1","Coyote","C1","VIVI","Apis_mellifera",1,0,""
2024,4,30,"3_29","4_11","1","Coyote","C1","VIVI","Apis_mellifera",1,0,""
2024,4,30,"3_29","4_11","1","Coyote","C1","VIVI","Apis_mellifera",1,0,""
2024,4,30,"3_29","4_11","1","Coyote","C1","VIVI","Apis_mellifera",1,0,""
2024,4,30,"3_29","4_11","1","Coyote","C1","VIVI","Bombus_vosnesenskii",6,0,""
2024,4,30,"3_29","4_11","1","Coyote","C1","VIVI","Apis_mellifera",1,0,""
2024,4,30,"3_29","4_11","1","Coyote","C1","VIVI","Eucera_actuosa",2,0,""
2024,4,30,"3_29","4_11","1","Coyote","C1","VIVI","Apis_mellifera",1,0,""
2024,4,30,"3_29","4_11","1","Coyote","C1","VIVI","Apis_mellifera",1,0,""
2024,4,30,"3_29","4_11","1","Coyote","C1","VIVI","Apis_mellifera",1,0,""
2024,4,30,"3_29","4_11","1","Coyote","C1","VIVI","Apis_mellifera",1,0,""
2024,4,30,"3_29","4_11","1","Coyote","C1","VIVI","Bombus_vosnesenskii",1,0,""
2024,4,30,"3_29","4_11","1","Coyote","C1","VIVI","Bombus_vosnesenskii",3,0,""
2024,4,30,"3_29","4_11","1","Coyote","C1","VIVI","Apis_mellifera",1,0,""
2024,4,30,"3_29","4_11","1","Coyote","C1","VIVI","Apis_mellifera",1,0,""
2024,4,30,"3_29","4_11","1","Coyote","C1","VIVI","Bombus_vosnesenskii",2,0,""
2024,4,30,"3_29","4_11","1","Coyote","C1","Ranunculus sp.","Listrus_sp._1",1,0,""
2024,4,30,"3_29","4_11","1","Coyote","C1","VIVI","Bombus_vosnesenskii",1,0,""
2024,4,30,"3_29","4_11","1","Coyote","C1","VIVI","Bombus_vosnesenskii",1,0,""
2024,4,30,"3_29","4_11","1","Coyote","C1","VIVI","Eucera_actuosa",1,0,""
2024,4,30,"3_29","4_11","1","Coyote","C1","VIVI","Coenonympha_californica",1,0,""
2024,4,30,"3_29","4_11","1","Coyote","C1","VIVI","Apis_mellifera",1,0,""
2024,4,30,"3_29","4_11","1","Coyote","C1","VIVI","Apis_mellifera",1,0,""
2024,4,30,"3_29","4_11","1","Coyote","C1","VIVI","Bombus_vosnesenskii",6,0,""
2024,4,30,"3_29","4_11","1","Coyote","C1","VIVI","Apis_mellifera",1,0,""
2024,4,30,"3_29","4_11","1","Coyote","C1","VIVI","Euopeodes_fumipennis",1,0,""
2024,4,30,"3_29","4_11","1","Coyote","C1","VIVI","Coenonympha_californica",1,0,""
2024,4,30,"3_29","4_11","1","Coyote","C1","VIVI","Apis_mellifera",1,0,""
2024,4,30,"3_29","4_11","1","Coyote","C1","VIVI","Apis_mellifera",1,0,""
2024,4,30,"3_29","4_11","1","Coyote","C1","VIVI","Bombus_vosnesenskii",2,0,""
2024,4,30,"3_29","4_11","1","Coyote","C1","VIVI","Apis_mellifera",1,0,""
2024,4,30,"3_29","4_11","1","Coyote","C1","VIVI","Apis_mellifera",1,0,""
2024,4,30,"3_29","4_11","1","Coyote","C1","VIVI","Bombus_vosnesenskii",1,0,""
2024,4,30,"3_29","4_11","1","Coyote","C1","VIVI","Apis_mellifera",2,0,""
2024,4,30,"3_29","4_11","1","Coyote","C1","VIVI","Apis_mellifera",1,0,""
2024,4,30,"3_29","4_11","1","Coyote","C1","VIVI","Bombus_vosnesenskii",2,0,""
2024,4,30,"3_29","4_11","1","Coyote","C1","VIVI","Bombus_vosnesenskii",2,0,""
2024,4,30,"3_29","4_11","1","Coyote","C1","VIVI","Eucera_actuosa",1,0,""
2024,4,30,"3_29","4_11","1","Coyote","C1","VIVI","Bombus_vosnesenskii",1,0,""
2024,4,30,"3_29","4_11","1","Coyote","C1","VIVI","Apis_mellifera",1,0,""
2024,4,30,"3_29","4_11","1","Coyote","C1","VIVI","Apis_mellifera",1,0,""
2024,4,30,"3_29","4_11","1","Coyote","C1","VIVI","Apis_mellifera",1,0,""
2024,4,30,"3_29","4_11","1","Coyote","C1","VIVI","Apis_mellifera",1,0,""
2024,4,30,"3_29","4_11","1","Coyote","C1","TRFU","Bombus_vosnesenskii",1,0,""
2024,4,30,"3_29","4_11","2","Coyote","C1","VIVI","Bombus_melanopygus",2,0,""
2024,4,30,"3_29","4_11","2","Coyote","C1","VIVI","Bombus_melanopygus",1,0,""
2024,4,30,"3_29","4_11","2","Coyote","C1","VIVI","Apis_mellifera",1,0,""
2024,4,30,"3_29","4_11","2","Coyote","C1","VIVI","Bombus_vosnesenskii",1,0,""
2024,4,30,"3_29","4_11","2","Coyote","C1","VIVI","Apis_mellifera",1,0,""
2024,4,30,"3_29","4_11","2","Coyote","C1","VIVI","Apis_mellifera",1,0,""
2024,4,30,"3_29","4_11","2","Coyote","C1","VIVI","Eucera_actuosa",1,0,""
2024,4,30,"3_29","4_11","2","Coyote","C1","VIVI","Eucera_actuosa",1,0,""
2024,4,30,"3_29","4_11","2","Coyote","C1","VIVI","Bombus_vosnesenskii",1,0,""
2024,4,30,"3_29","4_11","2","Coyote","C1","VIVI","Apis_mellifera",2,0,""
2024,4,30,"3_29","4_11","2","Coyote","C1","VIVI","Apis_mellifera",1,0,""
2024,4,30,"3_29","4_11","2","Coyote","C1","VIVI","Apis_mellifera",1,0,""
2024,4,30,"3_29","4_11","2","Coyote","C1","VIVI","Apis_mellifera",1,0,""
2024,4,30,"3_29","4_11","2","Coyote","C1","VIVI","Eucera_actuosa",1,0,""
2024,4,30,"3_29","4_11","2","Coyote","C1","VIVI","Apis_mellifera",2,0,""
2024,4,30,"3_29","4_11","2","Coyote","C1","VIVI","Apis_mellifera",2,0,""
2024,4,30,"3_29","4_11","2","Coyote","C1","VIVI","Apis_mellifera",1,0,""
2024,4,30,"3_29","4_11","2","Coyote","C1","VIVI","Apis_mellifera",1,0,""
2024,4,30,"3_29","4_11","2","Coyote","C1","VIVI","Apis_mellifera",1,0,""
2024,4,30,"3_29","4_11","2","Coyote","C1","VIVI","Apis_mellifera",1,0,""
2024,4,30,"3_29","4_11","2","Coyote","C1","VIVI","Apis_mellifera",1,0,""
2024,4,30,"3_29","4_11","2","Coyote","C1","VIVI","Apis_mellifera",1,0,""
2024,4,30,"3_29","4_11","2","Coyote","C1","VIVI","Bombus_vosnesenskii",1,0,""
2024,4,30,"3_29","4_11","2","Coyote","C1","LUMI","Bombus_vosnesenskii",2,0,""
2024,4,30,"3_29","4_11","2","Coyote","C1","RACA","Listrus_sp._1",1,0,""
2024,4,30,"3_29","4_11","2","Coyote","C1","RACA","Listrus_sp._1",1,0,""
2024,4,30,"3_29","4_11","2","Coyote","C1","VIVI","Bombus_melanopygus",1,0,""
2024,4,30,"3_29","4_11","2","Coyote","C1","VIVI","Apis_mellifera",1,0,""
2024,4,30,"3_29","4_11","2","Coyote","C1","VIVI","Apis_mellifera",1,0,""
2024,4,30,"3_29","4_11","2","Coyote","C1","VIVI","Eucera_actuosa",1,0,""
2024,4,30,"3_29","4_11","2","Coyote","C1","VIVI","Apis_mellifera",1,0,""
2024,4,30,"3_29","4_11","2","Coyote","C1","VIVI","Apis_mellifera",2,0,""
2024,4,30,"3_29","4_11","2","Coyote","C1","VIVI","Apis_mellifera",1,0,""
2024,4,30,"3_29","4_11","2","Coyote","C1","VIVI","Apis_mellifera",1,0,""
2024,4,30,"3_29","4_11","2","Coyote","C1","VIVI","Apis_mellifera",1,0,""
2024,4,30,"3_29","4_11","2","Coyote","C1","VIVI","Apis_mellifera",1,0,""
2024,4,30,"3_29","4_11","2","Coyote","C1","VIVI","Apis_mellifera",1,0,""
2024,4,30,"3_29","4_11","2","Coyote","C1","VIVI","Apis_mellifera",1,0,""
2024,4,30,"3_29","4_11","2","Coyote","C1","VIVI","Apis_mellifera",1,0,""
2024,4,30,"3_29","4_11","2","Coyote","C1","VIVI","Apis_mellifera",1,0,""
2024,4,30,"3_29","4_11","2","Coyote","C1","VIVI","Coenonympha_californica",2,0,""
2024,4,30,"3_29","4_11","2","Coyote","C1","VIVI","Coenonympha_californica",1,0,""
2024,4,30,"3_29","4_11","2","Coyote","C1","VIVI","Eucera_actuosa",1,0,""
2024,4,30,"3_29","4_11","2","Coyote","C1","VIVI","Apis_mellifera",1,0,""
2024,4,30,"3_29","4_11","2","Coyote","C1","VIVI","Apis_mellifera",1,0,""
2024,4,30,"3_29","4_11","2","Coyote","C1","VIVI","Apis_mellifera",1,0,""
2024,4,30,"3_29","4_11","2","Coyote","C1","VIVI","Bombus_vosnesenskii",1,0,""
2024,4,30,"3_29","4_11","2","Coyote","C1","VIVI","Apis_mellifera",1,0,""
2024,4,30,"3_29","4_11","2","Coyote","C1","VIVI","Bombus_vosnesenskii",2,0,""
2024,4,30,"3_29","4_11","2","Coyote","C1","VIVI","Apis_mellifera",1,0,""
2024,4,30,"3_29","4_11","2","Coyote","C1","VIVI","Bombus_vosnesenskii",1,0,""
2024,4,30,"3_29","4_11","2","Coyote","C1","Ranunculus sp.","BF1_Diptera",1,0,""
2024,4,30,"3_29","4_11","2","Coyote","C1","VIVI","Bombus_melanopygus",2,0,""
2024,4,30,"3_29","4_11","2","Coyote","C1","VIVI","Andrena_subchalybea",2,0,""
2024,4,30,"3_29","4_11","2","Coyote","C1","VIVI","Apis_mellifera",1,0,""
2024,4,30,"3_29","4_11","2","Coyote","C1","VIVI","Bombus_melanopygus",1,0,""
2024,4,30,"3_29","4_11","2","Coyote","C1","VIVI","Apis_mellifera",1,0,""
2024,4,30,"3_29","4_11","2","Coyote","C1","VIVI","Sphaerophoria_sp.",1,0,""
2024,4,30,"3_29","4_11","2","Coyote","C1","VIVI","Apis_mellifera",1,0,""
2024,4,30,"3_29","4_11","2","Coyote","C1","VIVI","Apis_mellifera",1,0,""
2024,4,30,"3_29","4_11","2","Coyote","C1","VIVI","Bombus_melanopygus",1,0,""
2024,4,30,"3_29","4_11","2","Coyote","C1","VIVI","Apis_mellifera",1,0,""
2024,4,30,"3_29","4_11","2","Coyote","C1","VIVI","Apis_mellifera",1,0,""
2024,4,30,"3_29","4_11","2","Coyote","C1","VIVI","Apis_mellifera",1,0,""
2024,4,30,"3_29","4_11","2","Coyote","C1","VIVI","Apis_mellifera",1,0,""
2024,4,30,"3_29","4_11","2","Coyote","C1","VIVI","Eucera_actuosa",1,0,""
2024,4,30,"3_29","4_11","2","Coyote","C1","VIVI","Eucera_actuosa",1,0,""
2024,4,30,"3_29","4_11","2","Coyote","C1","VIVI","Eucera_actuosa",1,0,""
2024,4,30,"3_29","4_11","2","Coyote","C1","VIVI","Apis_mellifera",1,0,""
2024,4,30,"3_29","4_11","2","Coyote","C1","VIVI","Sphaerophoria_sp.",1,0,""
2024,5,10,"9_02","9_39","1","Aikawa","AI","VIVI","Apis_mellifera",1,0,""
2024,5,10,"9_02","9_39","1","Aikawa","AI","VIVI","Apis_mellifera",1,0,""
2024,5,10,"9_02","9_39","1","Aikawa","AI","VIVI","Apis_mellifera",1,0,""
2024,5,10,"9_02","9_39","1","Aikawa","AI","VIVI","Osmia_cara",2,0,""
2024,5,10,"9_02","9_39","1","Aikawa","AI","VIVI","Anthophora_crotchii",3,0,""
2024,5,10,"9_02","9_39","2","Aikawa","AI","WYAN","Brachysomida_californica",1,0,""
2024,5,10,"9_02","9_39","2","Aikawa","AI","WYAN","silver_moth_Lepidoptera",1,0,""
2024,5,10,"9_02","9_39","2","Aikawa","AI","WYAN","silver_moth_Lepidoptera",1,0,""
2024,5,10,"9_02","9_39","2","Aikawa","AI","Sidalcea_sp.","red_Braconidae",1,0,""
2024,5,10,"9_02","9_39","2","Aikawa","AI","Sidalcea_sp.","red_Braconidae",1,5,""
2024,5,10,"9_02","9_39","2","Aikawa","AI","Sidalcea_sp.","red_Braconidae",1,5,""
2024,5,10,"9_02","9_39","2","Aikawa","AI","RACA","Listrus_sp._1",1,10,""
2024,5,10,"9_02","9_39","2","Aikawa","AI","Sidalcea_sp.","Listrus_sp._1",1,20,""
2024,5,10,"9_02","9_39","2","Aikawa","AI","WYAN","Osmia_sp.",1,30,""
2024,5,10,"9_02","9_39","2","Aikawa","AI","WYAN","Osmia_sp.",1,30,""
2024,5,10,"9_02","9_39","2","Aikawa","AI","WYAN","silver_moth_Lepidoptera",1,30,""
2024,5,10,"9_02","9_39","2","Aikawa","AI","WYAN","silver_moth_Lepidoptera",1,30,""
2024,5,10,"9_02","9_39","2","Aikawa","AI","WYAN","Helithodes_dimutiva",2,30,""
2024,5,10,"9_02","9_39","2","Aikawa","AI","Sidalcea_sp.","Listrus_sp._1",1,30,""
2024,5,10,"9_02","9_39","2","Aikawa","AI","WYAN","Andrena_pensilis",1,30,""
2024,5,10,"9_02","9_39","2","Aikawa","AI","WYAN","Andrena_pensilis",1,30,""
2024,5,10,"9_02","9_39","2","Aikawa","AI","WYAN","Listrus_sp._1",1,30,""
2024,5,10,"9_02","9_39","2","Aikawa","AI","Sidalcea_sp.","silver_moth_Lepidoptera",1,35,""
2024,5,10,"9_02","9_39","2","Aikawa","AI","LACA","BF1_Diptera",1,40,""
2024,5,10,"9_02","9_39","2","Aikawa","AI","ALAM","Andrena_dissona",5,40,""
2024,5,10,"9_02","9_39","2","Aikawa","AI","ALAM","Adela_sp.",NA,40,""
2024,5,10,"9_02","9_39","2","Aikawa","AI","LACA","Andrena_pensilis",1,40,""
2024,5,10,"9_02","9_39","2","Aikawa","AI","LACA","Listrus_sp._1",1,10,""
2024,5,10,"9_02","9_39","2","Aikawa","AI","LACA","Listrus_sp._1",1,10,""
2024,5,10,"9_02","9_39","2","Aikawa","AI","WYAN","silver_moth_Lepidoptera",1,10,""
2024,5,10,"9_02","9_39","2","Aikawa","AI","WYAN","silver_moth_Lepidoptera",1,10,""
2024,5,10,"9_02","9_39","2","Aikawa","AI","WYAN","Osmia_sp.",2,10,""
2024,5,10,"9_02","9_39","2","Aikawa","AI","Sidalcea_sp.","Diadasia_bituberculata",1,5,""
2024,5,10,"9_02","9_39","2","Aikawa","AI","TRFU","Listrus_sp._1",1,15,""
2024,5,10,"9_02","9_39","2","Aikawa","AI","Sidalcea_sp.","Listrus_sp._1",1,5,""
2024,5,10,"9_02","9_39","2","Aikawa","AI","TRFU","Listrus_sp._1",1,20,""
2024,5,10,"9_02","9_39","2","Aikawa","AI","TRFU","Listrus_sp._1",1,20,""
2024,5,10,"9_02","9_39","2","Aikawa","AI","TRFU","Listrus_sp._1",1,20,""
2024,5,10,"9_02","9_39","2","Aikawa","AI","TRFU","Listrus_sp._1",1,20,""
2024,5,11,"8_32","8_56","1","Aikawa","AI","VIVI","Apis_mellifera",4,0,""
2024,5,11,"8_32","8_56","1","Aikawa","AI","VIVI","Hippodamia_convergens",1,0,""
2024,5,11,"8_32","8_56","1","Aikawa","AI","VIVI","Osmia_cara",3,0,""
2024,5,11,"8_32","8_56","1","Aikawa","AI","VIVI","Apis_mellifera",1,0,""
2024,5,11,"8_32","8_56","1","Aikawa","AI","VIVI","Bombus_vosnesenskii",3,0,""
2024,5,11,"8_32","8_56","1","Aikawa","AI","AGHE","Andrena_pensilis",1,0,""
2024,5,11,"8_32","8_56","1","Aikawa","AI","AGHE","Tachnidae",1,0,""
2024,5,11,"8_32","8_56","2","Aikawa","AI","WYAN","Brachysomida_californica",1,5,""
2024,5,11,"8_32","8_56","2","Aikawa","AI","WYAN","Brachysomida_californica",1,5,""
2024,5,11,"8_32","8_56","2","Aikawa","AI","WYAN","Andrena_subchalybea",1,5,""
2024,5,11,"8_32","8_56","2","Aikawa","AI","WYAN","Andrena_pensilis",1,5,""
2024,5,11,"8_32","8_56","2","Aikawa","AI","WYAN","Osmia_sp.",1,10,""
2024,5,11,"8_32","8_56","2","Aikawa","AI","WYAN","silver_moth_Lepidoptera",1,15,""
2024,5,11,"8_32","8_56","2","Aikawa","AI","WYAN","Andrena_sp.",2,15,""
2024,5,11,"8_32","8_56","2","Aikawa","AI","Sidalcea_sp.","red_Braconidae",1,15,""
2024,5,11,"8_32","8_56","2","Aikawa","AI","WYAN","Halictus_ligatus",2,15,""
2024,5,11,"8_32","8_56","2","Aikawa","AI","Sidalcea_sp.","red_Braconidae",1,15,""
2024,5,11,"8_32","8_56","2","Aikawa","AI","Sidalcea_sp.","red_Braconidae",1,15,""
2024,5,11,"8_32","8_56","2","Aikawa","AI","LACA","Listrus_sp._1",1,20,""
2024,5,11,"8_32","8_56","2","Aikawa","AI","LACA","Listrus_sp._1",1,20,""
2024,5,11,"8_32","8_56","2","Aikawa","AI","LACA","Listrus_sp._1",1,20,""
2024,5,11,"8_32","8_56","2","Aikawa","AI","WYAN","Osmia_sp.",1,25,""
2024,5,11,"8_32","8_56","2","Aikawa","AI","WYAN","Osmia_sp.",1,25,""
2024,5,11,"8_32","8_56","2","Aikawa","AI","WYAN","Andrena_sp.",1,25,""
2024,5,11,"8_32","8_56","2","Aikawa","AI","WYAN","silver_moth_Lepidoptera",1,25,""
2024,5,11,"8_32","8_56","2","Aikawa","AI","Sidalcea_sp.","red_Braconidae",1,30,""
2024,5,11,"8_32","8_56","2","Aikawa","AI","WYAN","Osmia_sp.",1,30,""
2024,5,11,"8_32","8_56","2","Aikawa","AI","WYAN","Halictus_ligatus",1,30,""
2024,5,11,"8_32","8_56","2","Aikawa","AI","WYAN","Brachysomida_californica",1,30,""
2024,5,11,"8_32","8_56","2","Aikawa","AI","Sidalcea_sp.","Listrus_sp._1",1,35,""
2024,5,11,"8_32","8_56","2","Aikawa","AI","TRFU","Listrus_sp._1",1,40,""
2024,5,11,"8_32","8_56","2","Aikawa","AI","TRFU","Listrus_sp._1",1,40,""
